ISO-10303-21;
HEADER;
FILE_DESCRIPTION(('KiCad electronic assembly'),'2;1');
FILE_NAME('yousnoozeyousolve.step','2026-09-05T21:06:13',('Pcbnew'),(
    'Kicad'),'Open CASCADE STEP processor 7.9','KiCad to STEP converter'
  ,'Unknown');
FILE_SCHEMA(('AUTOMOTIVE_DESIGN { 1 0 10303 214 1 1 1 1 }'));
ENDSEC;
DATA;
#1 = APPLICATION_PROTOCOL_DEFINITION('international standard',
  'automotive_design',2000,#2);
#2 = APPLICATION_CONTEXT(
  'core data for automotive mechanical design processes');
#3 = SHAPE_DEFINITION_REPRESENTATION(#4,#10);
#4 = PRODUCT_DEFINITION_SHAPE('','',#5);
#5 = PRODUCT_DEFINITION('design','',#6,#9);
#6 = PRODUCT_DEFINITION_FORMATION('','',#7);
#7 = PRODUCT('yousnoozeyousolve 1','yousnoozeyousolve 1','',(#8));
#8 = PRODUCT_CONTEXT('',#2,'mechanical');
#9 = PRODUCT_DEFINITION_CONTEXT('part definition',#2,'design');
#10 = SHAPE_REPRESENTATION('',(#11,#15,#19,#23,#27,#31,#35,#39,#43,#47,
    #51,#55,#59,#63,#67,#71,#75,#79,#83,#87,#91,#95),#99);
#11 = AXIS2_PLACEMENT_3D('',#12,#13,#14);
#12 = CARTESIAN_POINT('',(0.,0.,0.));
#13 = DIRECTION('',(0.,0.,1.));
#14 = DIRECTION('',(1.,0.,-0.));
#15 = AXIS2_PLACEMENT_3D('',#16,#17,#18);
#16 = CARTESIAN_POINT('',(137.,-105.,1.595));
#17 = DIRECTION('',(0.,0.,1.));
#18 = DIRECTION('',(1.,0.,0.));
#19 = AXIS2_PLACEMENT_3D('',#20,#21,#22);
#20 = CARTESIAN_POINT('',(117.92,-67.,1.595));
#21 = DIRECTION('',(0.,0.,1.));
#22 = DIRECTION('',(1.,0.,0.));
#23 = AXIS2_PLACEMENT_3D('',#24,#25,#26);
#24 = CARTESIAN_POINT('',(144.,-76.5,1.595));
#25 = DIRECTION('',(0.,0.,1.));
#26 = DIRECTION('',(-1.,1.224646799147E-16,0.));
#27 = AXIS2_PLACEMENT_3D('',#28,#29,#30);
#28 = CARTESIAN_POINT('',(118.,-105.,1.595));
#29 = DIRECTION('',(0.,0.,1.));
#30 = DIRECTION('',(1.,0.,0.));
#31 = AXIS2_PLACEMENT_3D('',#32,#33,#34);
#32 = CARTESIAN_POINT('',(117.92,-86.,1.595));
#33 = DIRECTION('',(0.,0.,1.));
#34 = DIRECTION('',(1.,0.,0.));
#35 = AXIS2_PLACEMENT_3D('',#36,#37,#38);
#36 = CARTESIAN_POINT('',(98.92,-86.,1.595));
#37 = DIRECTION('',(0.,0.,1.));
#38 = DIRECTION('',(1.,0.,0.));
#39 = AXIS2_PLACEMENT_3D('',#40,#41,#42);
#40 = CARTESIAN_POINT('',(124.5,-95.5,1.595));
#41 = DIRECTION('',(0.,0.,1.));
#42 = DIRECTION('',(-1.,1.224646799147E-16,0.));
#43 = AXIS2_PLACEMENT_3D('',#44,#45,#46);
#44 = CARTESIAN_POINT('',(106.,-76.5,1.595));
#45 = DIRECTION('',(0.,0.,1.));
#46 = DIRECTION('',(-1.,1.224646799147E-16,0.));
#47 = AXIS2_PLACEMENT_3D('',#48,#49,#50);
#48 = CARTESIAN_POINT('',(136.92,-86.,1.595));
#49 = DIRECTION('',(0.,0.,1.));
#50 = DIRECTION('',(1.,0.,0.));
#51 = AXIS2_PLACEMENT_3D('',#52,#53,#54);
#52 = CARTESIAN_POINT('',(137.,-67.,1.595));
#53 = DIRECTION('',(0.,0.,1.));
#54 = DIRECTION('',(1.,0.,0.));
#55 = AXIS2_PLACEMENT_3D('',#56,#57,#58);
#56 = CARTESIAN_POINT('',(111.5,-46.8,1.595));
#57 = DIRECTION('',(0.,-0.,1.));
#58 = DIRECTION('',(1.110223024625E-16,1.,0.));
#59 = AXIS2_PLACEMENT_3D('',#60,#61,#62);
#60 = CARTESIAN_POINT('',(125.,-114.5,1.595));
#61 = DIRECTION('',(0.,0.,1.));
#62 = DIRECTION('',(-1.,1.224646799147E-16,0.));
#63 = AXIS2_PLACEMENT_3D('',#64,#65,#66);
#64 = CARTESIAN_POINT('',(98.92,-105.,1.595));
#65 = DIRECTION('',(0.,0.,1.));
#66 = DIRECTION('',(1.,0.,0.));
#67 = AXIS2_PLACEMENT_3D('',#68,#69,#70);
#68 = CARTESIAN_POINT('',(105.81,-114.5,1.595));
#69 = DIRECTION('',(0.,0.,1.));
#70 = DIRECTION('',(-1.,1.224646799147E-16,0.));
#71 = AXIS2_PLACEMENT_3D('',#72,#73,#74);
#72 = CARTESIAN_POINT('',(144.5,-95.5,1.595));
#73 = DIRECTION('',(0.,0.,1.));
#74 = DIRECTION('',(-1.,1.224646799147E-16,0.));
#75 = AXIS2_PLACEMENT_3D('',#76,#77,#78);
#76 = CARTESIAN_POINT('',(125.,-76.5,1.595));
#77 = DIRECTION('',(0.,0.,1.));
#78 = DIRECTION('',(-1.,1.224646799147E-16,0.));
#79 = AXIS2_PLACEMENT_3D('',#80,#81,#82);
#80 = CARTESIAN_POINT('',(106.,-95.5,1.595));
#81 = DIRECTION('',(0.,0.,1.));
#82 = DIRECTION('',(-1.,1.224646799147E-16,0.));
#83 = AXIS2_PLACEMENT_3D('',#84,#85,#86);
#84 = CARTESIAN_POINT('',(94.5,-51.04,1.595));
#85 = DIRECTION('',(0.,0.,1.));
#86 = DIRECTION('',(-1.,1.224646799147E-16,0.));
#87 = AXIS2_PLACEMENT_3D('',#88,#89,#90);
#88 = CARTESIAN_POINT('',(144.,-114.5,1.595));
#89 = DIRECTION('',(0.,0.,1.));
#90 = DIRECTION('',(-1.,1.224646799147E-16,0.));
#91 = AXIS2_PLACEMENT_3D('',#92,#93,#94);
#92 = CARTESIAN_POINT('',(98.92,-67.,1.595));
#93 = DIRECTION('',(0.,0.,1.));
#94 = DIRECTION('',(1.,0.,0.));
#95 = AXIS2_PLACEMENT_3D('',#96,#97,#98);
#96 = CARTESIAN_POINT('',(0.,0.,0.));
#97 = DIRECTION('',(0.,0.,1.));
#98 = DIRECTION('',(1.,0.,-0.));
#99 = ( GEOMETRIC_REPRESENTATION_CONTEXT(3) 
GLOBAL_UNCERTAINTY_ASSIGNED_CONTEXT((#103)) GLOBAL_UNIT_ASSIGNED_CONTEXT
((#100,#101,#102)) REPRESENTATION_CONTEXT('Context #1',
  '3D Context with UNIT and UNCERTAINTY') );
#100 = ( LENGTH_UNIT() NAMED_UNIT(*) SI_UNIT(.MILLI.,.METRE.) );
#101 = ( NAMED_UNIT(*) PLANE_ANGLE_UNIT() SI_UNIT($,.RADIAN.) );
#102 = ( NAMED_UNIT(*) SI_UNIT($,.STERADIAN.) SOLID_ANGLE_UNIT() );
#103 = UNCERTAINTY_MEASURE_WITH_UNIT(LENGTH_MEASURE(2.E-07),#100,
  'distance_accuracy_value','confusion accuracy');
#104 = PRODUCT_RELATED_PRODUCT_CATEGORY('part',$,(#7));
#105 = SHAPE_DEFINITION_REPRESENTATION(#106,#112);
#106 = PRODUCT_DEFINITION_SHAPE('','',#107);
#107 = PRODUCT_DEFINITION('design','',#108,#111);
#108 = PRODUCT_DEFINITION_FORMATION('','',#109);
#109 = PRODUCT('REDragon-MX-ZT02','REDragon-MX-ZT02','',(#110));
#110 = PRODUCT_CONTEXT('',#2,'mechanical');
#111 = PRODUCT_DEFINITION_CONTEXT('part definition',#2,'design');
#112 = SHAPE_REPRESENTATION('',(#11,#113),#117);
#113 = AXIS2_PLACEMENT_3D('',#114,#115,#116);
#114 = CARTESIAN_POINT('',(0.,0.,0.));
#115 = DIRECTION('',(0.,0.,1.));
#116 = DIRECTION('',(1.,0.,-0.));
#117 = ( GEOMETRIC_REPRESENTATION_CONTEXT(3) 
GLOBAL_UNCERTAINTY_ASSIGNED_CONTEXT((#121)) GLOBAL_UNIT_ASSIGNED_CONTEXT
((#118,#119,#120)) REPRESENTATION_CONTEXT('Context #1',
  '3D Context with UNIT and UNCERTAINTY') );
#118 = ( LENGTH_UNIT() NAMED_UNIT(*) SI_UNIT(.MILLI.,.METRE.) );
#119 = ( NAMED_UNIT(*) PLANE_ANGLE_UNIT() SI_UNIT($,.RADIAN.) );
#120 = ( NAMED_UNIT(*) SI_UNIT($,.STERADIAN.) SOLID_ANGLE_UNIT() );
#121 = UNCERTAINTY_MEASURE_WITH_UNIT(LENGTH_MEASURE(2.E-07),#118,
  'distance_accuracy_value','confusion accuracy');
#122 = CONTEXT_DEPENDENT_SHAPE_REPRESENTATION(#123,#125);
#123 = ( REPRESENTATION_RELATIONSHIP('','',#112,#10) 
REPRESENTATION_RELATIONSHIP_WITH_TRANSFORMATION(#124) 
SHAPE_REPRESENTATION_RELATIONSHIP() );
#124 = ITEM_DEFINED_TRANSFORMATION('','',#11,#15);
#125 = PRODUCT_DEFINITION_SHAPE('Placement','Placement of an item',#126
  );
#126 = NEXT_ASSEMBLY_USAGE_OCCURRENCE('5','SW9','',#5,#107,$);
#127 = PRODUCT_RELATED_PRODUCT_CATEGORY('part',$,(#109));
#128 = SHAPE_DEFINITION_REPRESENTATION(#129,#135);
#129 = PRODUCT_DEFINITION_SHAPE('','',#130);
#130 = PRODUCT_DEFINITION('design','',#131,#134);
#131 = PRODUCT_DEFINITION_FORMATION('','',#132);
#132 = PRODUCT('REDragon-MX-ZT02','REDragon-MX-ZT02','',(#133));
#133 = PRODUCT_CONTEXT('',#2,'mechanical');
#134 = PRODUCT_DEFINITION_CONTEXT('part definition',#2,'design');
#135 = SHAPE_REPRESENTATION('',(#11,#136,#140,#144),#148);
#136 = AXIS2_PLACEMENT_3D('',#137,#138,#139);
#137 = CARTESIAN_POINT('',(0.,0.,0.));
#138 = DIRECTION('',(0.,0.,1.));
#139 = DIRECTION('',(1.,0.,0.));
#140 = AXIS2_PLACEMENT_3D('',#141,#142,#143);
#141 = CARTESIAN_POINT('',(-3.880729939564E-17,-9.313751854954E-16,11.1)
  );
#142 = DIRECTION('',(0.,0.,1.));
#143 = DIRECTION('',(1.,0.,0.));
#144 = AXIS2_PLACEMENT_3D('',#145,#146,#147);
#145 = CARTESIAN_POINT('',(2.4,4.95,2.));
#146 = DIRECTION('',(0.,0.,-1.));
#147 = DIRECTION('',(-1.,0.,0.));
#148 = ( GEOMETRIC_REPRESENTATION_CONTEXT(3) 
GLOBAL_UNCERTAINTY_ASSIGNED_CONTEXT((#152)) GLOBAL_UNIT_ASSIGNED_CONTEXT
((#149,#150,#151)) REPRESENTATION_CONTEXT('Context #1',
  '3D Context with UNIT and UNCERTAINTY') );
#149 = ( LENGTH_UNIT() NAMED_UNIT(*) SI_UNIT(.MILLI.,.METRE.) );
#150 = ( NAMED_UNIT(*) PLANE_ANGLE_UNIT() SI_UNIT($,.RADIAN.) );
#151 = ( NAMED_UNIT(*) SI_UNIT($,.STERADIAN.) SOLID_ANGLE_UNIT() );
#152 = UNCERTAINTY_MEASURE_WITH_UNIT(LENGTH_MEASURE(2.E-07),#149,
  'distance_accuracy_value','confusion accuracy');
#153 = CONTEXT_DEPENDENT_SHAPE_REPRESENTATION(#154,#156);
#154 = ( REPRESENTATION_RELATIONSHIP('','',#135,#112) 
REPRESENTATION_RELATIONSHIP_WITH_TRANSFORMATION(#155) 
SHAPE_REPRESENTATION_RELATIONSHIP() );
#155 = ITEM_DEFINED_TRANSFORMATION('','',#11,#113);
#156 = PRODUCT_DEFINITION_SHAPE('Placement','Placement of an item',#157
  );
#157 = NEXT_ASSEMBLY_USAGE_OCCURRENCE('4','=>[0:1:1:3]','',#107,#130,$);
#158 = PRODUCT_RELATED_PRODUCT_CATEGORY('part',$,(#132));
#159 = SHAPE_DEFINITION_REPRESENTATION(#160,#166);
#160 = PRODUCT_DEFINITION_SHAPE('','',#161);
#161 = PRODUCT_DEFINITION('design','',#162,#165);
#162 = PRODUCT_DEFINITION_FORMATION('','',#163);
#163 = PRODUCT('Body','Body','',(#164));
#164 = PRODUCT_CONTEXT('',#2,'mechanical');
#165 = PRODUCT_DEFINITION_CONTEXT('part definition',#2,'design');
#166 = ADVANCED_BREP_SHAPE_REPRESENTATION('',(#11,#167),#3570);
#167 = MANIFOLD_SOLID_BREP('',#168);
#168 = CLOSED_SHELL('',(#169,#209,#249,#289,#329,#383,#414,#445,#476,
    #507,#540,#573,#613,#653,#692,#831,#862,#894,#927,#968,#992,#1023,
    #1047,#1071,#1088,#1100,#1254,#1295,#1335,#1358,#1375,#1500,#1531,
    #1579,#1603,#1651,#1675,#1692,#1712,#1729,#1751,#1765,#1783,#1808,
    #1841,#1874,#1900,#1926,#1943,#1955,#1981,#1999,#2016,#2033,#2045,
    #2056,#2073,#2086,#2126,#2166,#2190,#2249,#2289,#2329,#2353,#2404,
    #2453,#2484,#2508,#2557,#2588,#2612,#2636,#2653,#2665,#2689,#2706,
    #2718,#2758,#2789,#2826,#2859,#2892,#2941,#2972,#3003,#3025,#3037,
    #3087,#3132,#3168,#3272,#3291,#3303,#3322,#3334,#3351,#3363,#3380,
    #3399,#3413,#3437,#3461,#3470,#3479,#3491,#3503,#3544,#3561));
#169 = ADVANCED_FACE('',(#170),#204,.F.);
#170 = FACE_BOUND('',#171,.T.);
#171 = EDGE_LOOP('',(#172,#182,#190,#198));
#172 = ORIENTED_EDGE('',*,*,#173,.F.);
#173 = EDGE_CURVE('',#174,#176,#178,.T.);
#174 = VERTEX_POINT('',#175);
#175 = CARTESIAN_POINT('',(-7.,5.2,5.));
#176 = VERTEX_POINT('',#177);
#177 = CARTESIAN_POINT('',(-7.8,5.2,5.));
#178 = LINE('',#179,#180);
#179 = CARTESIAN_POINT('',(-3.9,5.2,5.));
#180 = VECTOR('',#181,1.);
#181 = DIRECTION('',(-1.,0.,0.));
#182 = ORIENTED_EDGE('',*,*,#183,.F.);
#183 = EDGE_CURVE('',#184,#174,#186,.T.);
#184 = VERTEX_POINT('',#185);
#185 = CARTESIAN_POINT('',(-7.,5.2,6.));
#186 = LINE('',#187,#188);
#187 = CARTESIAN_POINT('',(-7.,5.2,6.));
#188 = VECTOR('',#189,1.);
#189 = DIRECTION('',(0.,0.,-1.));
#190 = ORIENTED_EDGE('',*,*,#191,.F.);
#191 = EDGE_CURVE('',#192,#184,#194,.T.);
#192 = VERTEX_POINT('',#193);
#193 = CARTESIAN_POINT('',(-7.8,5.2,6.));
#194 = LINE('',#195,#196);
#195 = CARTESIAN_POINT('',(-3.9,5.2,6.));
#196 = VECTOR('',#197,1.);
#197 = DIRECTION('',(1.,0.,0.));
#198 = ORIENTED_EDGE('',*,*,#199,.F.);
#199 = EDGE_CURVE('',#176,#192,#200,.T.);
#200 = LINE('',#201,#202);
#201 = CARTESIAN_POINT('',(-7.8,5.2,5.5));
#202 = VECTOR('',#203,1.);
#203 = DIRECTION('',(0.,0.,1.));
#204 = PLANE('',#205);
#205 = AXIS2_PLACEMENT_3D('',#206,#207,#208);
#206 = CARTESIAN_POINT('',(-7.8,5.2,6.));
#207 = DIRECTION('',(0.,1.,0.));
#208 = DIRECTION('',(1.,0.,0.));
#209 = ADVANCED_FACE('',(#210),#244,.F.);
#210 = FACE_BOUND('',#211,.T.);
#211 = EDGE_LOOP('',(#212,#222,#230,#238));
#212 = ORIENTED_EDGE('',*,*,#213,.F.);
#213 = EDGE_CURVE('',#214,#216,#218,.T.);
#214 = VERTEX_POINT('',#215);
#215 = CARTESIAN_POINT('',(-7.8,-5.2,5.));
#216 = VERTEX_POINT('',#217);
#217 = CARTESIAN_POINT('',(-7.,-5.2,5.));
#218 = LINE('',#219,#220);
#219 = CARTESIAN_POINT('',(-3.5,-5.2,5.));
#220 = VECTOR('',#221,1.);
#221 = DIRECTION('',(1.,0.,0.));
#222 = ORIENTED_EDGE('',*,*,#223,.F.);
#223 = EDGE_CURVE('',#224,#214,#226,.T.);
#224 = VERTEX_POINT('',#225);
#225 = CARTESIAN_POINT('',(-7.8,-5.2,6.));
#226 = LINE('',#227,#228);
#227 = CARTESIAN_POINT('',(-7.8,-5.2,5.5));
#228 = VECTOR('',#229,1.);
#229 = DIRECTION('',(0.,0.,-1.));
#230 = ORIENTED_EDGE('',*,*,#231,.F.);
#231 = EDGE_CURVE('',#232,#224,#234,.T.);
#232 = VERTEX_POINT('',#233);
#233 = CARTESIAN_POINT('',(-7.,-5.2,6.));
#234 = LINE('',#235,#236);
#235 = CARTESIAN_POINT('',(-3.5,-5.2,6.));
#236 = VECTOR('',#237,1.);
#237 = DIRECTION('',(-1.,0.,0.));
#238 = ORIENTED_EDGE('',*,*,#239,.T.);
#239 = EDGE_CURVE('',#232,#216,#240,.T.);
#240 = LINE('',#241,#242);
#241 = CARTESIAN_POINT('',(-7.,-5.2,6.));
#242 = VECTOR('',#243,1.);
#243 = DIRECTION('',(0.,0.,-1.));
#244 = PLANE('',#245);
#245 = AXIS2_PLACEMENT_3D('',#246,#247,#248);
#246 = CARTESIAN_POINT('',(-7.,-5.2,6.));
#247 = DIRECTION('',(0.,-1.,0.));
#248 = DIRECTION('',(-1.,0.,0.));
#249 = ADVANCED_FACE('',(#250),#284,.F.);
#250 = FACE_BOUND('',#251,.T.);
#251 = EDGE_LOOP('',(#252,#262,#270,#278));
#252 = ORIENTED_EDGE('',*,*,#253,.F.);
#253 = EDGE_CURVE('',#254,#256,#258,.T.);
#254 = VERTEX_POINT('',#255);
#255 = CARTESIAN_POINT('',(7.8,5.2,5.));
#256 = VERTEX_POINT('',#257);
#257 = CARTESIAN_POINT('',(7.,5.2,5.));
#258 = LINE('',#259,#260);
#259 = CARTESIAN_POINT('',(3.5,5.2,5.));
#260 = VECTOR('',#261,1.);
#261 = DIRECTION('',(-1.,0.,0.));
#262 = ORIENTED_EDGE('',*,*,#263,.F.);
#263 = EDGE_CURVE('',#264,#254,#266,.T.);
#264 = VERTEX_POINT('',#265);
#265 = CARTESIAN_POINT('',(7.8,5.2,6.));
#266 = LINE('',#267,#268);
#267 = CARTESIAN_POINT('',(7.8,5.2,5.5));
#268 = VECTOR('',#269,1.);
#269 = DIRECTION('',(0.,0.,-1.));
#270 = ORIENTED_EDGE('',*,*,#271,.F.);
#271 = EDGE_CURVE('',#272,#264,#274,.T.);
#272 = VERTEX_POINT('',#273);
#273 = CARTESIAN_POINT('',(7.,5.2,6.));
#274 = LINE('',#275,#276);
#275 = CARTESIAN_POINT('',(3.5,5.2,6.));
#276 = VECTOR('',#277,1.);
#277 = DIRECTION('',(1.,0.,0.));
#278 = ORIENTED_EDGE('',*,*,#279,.T.);
#279 = EDGE_CURVE('',#272,#256,#280,.T.);
#280 = LINE('',#281,#282);
#281 = CARTESIAN_POINT('',(7.,5.2,6.));
#282 = VECTOR('',#283,1.);
#283 = DIRECTION('',(0.,0.,-1.));
#284 = PLANE('',#285);
#285 = AXIS2_PLACEMENT_3D('',#286,#287,#288);
#286 = CARTESIAN_POINT('',(7.,5.2,6.));
#287 = DIRECTION('',(0.,1.,0.));
#288 = DIRECTION('',(1.,0.,0.));
#289 = ADVANCED_FACE('',(#290),#324,.F.);
#290 = FACE_BOUND('',#291,.T.);
#291 = EDGE_LOOP('',(#292,#302,#310,#318));
#292 = ORIENTED_EDGE('',*,*,#293,.F.);
#293 = EDGE_CURVE('',#294,#296,#298,.T.);
#294 = VERTEX_POINT('',#295);
#295 = CARTESIAN_POINT('',(7.,-5.2,5.));
#296 = VERTEX_POINT('',#297);
#297 = CARTESIAN_POINT('',(7.8,-5.2,5.));
#298 = LINE('',#299,#300);
#299 = CARTESIAN_POINT('',(3.9,-5.2,5.));
#300 = VECTOR('',#301,1.);
#301 = DIRECTION('',(1.,0.,0.));
#302 = ORIENTED_EDGE('',*,*,#303,.F.);
#303 = EDGE_CURVE('',#304,#294,#306,.T.);
#304 = VERTEX_POINT('',#305);
#305 = CARTESIAN_POINT('',(7.,-5.2,6.));
#306 = LINE('',#307,#308);
#307 = CARTESIAN_POINT('',(7.,-5.2,6.));
#308 = VECTOR('',#309,1.);
#309 = DIRECTION('',(0.,0.,-1.));
#310 = ORIENTED_EDGE('',*,*,#311,.F.);
#311 = EDGE_CURVE('',#312,#304,#314,.T.);
#312 = VERTEX_POINT('',#313);
#313 = CARTESIAN_POINT('',(7.8,-5.2,6.));
#314 = LINE('',#315,#316);
#315 = CARTESIAN_POINT('',(3.9,-5.2,6.));
#316 = VECTOR('',#317,1.);
#317 = DIRECTION('',(-1.,0.,0.));
#318 = ORIENTED_EDGE('',*,*,#319,.F.);
#319 = EDGE_CURVE('',#296,#312,#320,.T.);
#320 = LINE('',#321,#322);
#321 = CARTESIAN_POINT('',(7.8,-5.2,5.5));
#322 = VECTOR('',#323,1.);
#323 = DIRECTION('',(0.,0.,1.));
#324 = PLANE('',#325);
#325 = AXIS2_PLACEMENT_3D('',#326,#327,#328);
#326 = CARTESIAN_POINT('',(7.8,-5.2,6.));
#327 = DIRECTION('',(0.,-1.,0.));
#328 = DIRECTION('',(-1.,0.,0.));
#329 = ADVANCED_FACE('',(#330),#378,.T.);
#330 = FACE_BOUND('',#331,.T.);
#331 = EDGE_LOOP('',(#332,#340,#348,#356,#364,#370,#371,#377));
#332 = ORIENTED_EDGE('',*,*,#333,.F.);
#333 = EDGE_CURVE('',#334,#174,#336,.T.);
#334 = VERTEX_POINT('',#335);
#335 = CARTESIAN_POINT('',(-7.,7.,5.));
#336 = LINE('',#337,#338);
#337 = CARTESIAN_POINT('',(-7.,7.,5.));
#338 = VECTOR('',#339,1.);
#339 = DIRECTION('',(3.172065784643E-16,-1.,0.));
#340 = ORIENTED_EDGE('',*,*,#341,.F.);
#341 = EDGE_CURVE('',#342,#334,#344,.T.);
#342 = VERTEX_POINT('',#343);
#343 = CARTESIAN_POINT('',(-7.,7.,3.7));
#344 = LINE('',#345,#346);
#345 = CARTESIAN_POINT('',(-7.,7.,0.));
#346 = VECTOR('',#347,1.);
#347 = DIRECTION('',(0.,0.,1.));
#348 = ORIENTED_EDGE('',*,*,#349,.T.);
#349 = EDGE_CURVE('',#342,#350,#352,.T.);
#350 = VERTEX_POINT('',#351);
#351 = CARTESIAN_POINT('',(-7.,-7.,3.7));
#352 = LINE('',#353,#354);
#353 = CARTESIAN_POINT('',(-7.,-2.889019914629E-15,3.7));
#354 = VECTOR('',#355,1.);
#355 = DIRECTION('',(3.172065784643E-16,-1.,-1.561632386286E-15));
#356 = ORIENTED_EDGE('',*,*,#357,.T.);
#357 = EDGE_CURVE('',#350,#358,#360,.T.);
#358 = VERTEX_POINT('',#359);
#359 = CARTESIAN_POINT('',(-7.,-7.,5.));
#360 = LINE('',#361,#362);
#361 = CARTESIAN_POINT('',(-7.,-7.,0.));
#362 = VECTOR('',#363,1.);
#363 = DIRECTION('',(0.,0.,1.));
#364 = ORIENTED_EDGE('',*,*,#365,.F.);
#365 = EDGE_CURVE('',#216,#358,#366,.T.);
#366 = LINE('',#367,#368);
#367 = CARTESIAN_POINT('',(-7.,7.,5.));
#368 = VECTOR('',#369,1.);
#369 = DIRECTION('',(3.172065784643E-16,-1.,0.));
#370 = ORIENTED_EDGE('',*,*,#239,.F.);
#371 = ORIENTED_EDGE('',*,*,#372,.F.);
#372 = EDGE_CURVE('',#184,#232,#373,.T.);
#373 = LINE('',#374,#375);
#374 = CARTESIAN_POINT('',(-7.,2.6,6.));
#375 = VECTOR('',#376,1.);
#376 = DIRECTION('',(0.,-1.,0.));
#377 = ORIENTED_EDGE('',*,*,#183,.T.);
#378 = PLANE('',#379);
#379 = AXIS2_PLACEMENT_3D('',#380,#381,#382);
#380 = CARTESIAN_POINT('',(-7.,7.,0.));
#381 = DIRECTION('',(-1.,-3.172065784643E-16,0.));
#382 = DIRECTION('',(3.172065784643E-16,-1.,0.));
#383 = ADVANCED_FACE('',(#384),#409,.T.);
#384 = FACE_BOUND('',#385,.T.);
#385 = EDGE_LOOP('',(#386,#387,#395,#403));
#386 = ORIENTED_EDGE('',*,*,#199,.T.);
#387 = ORIENTED_EDGE('',*,*,#388,.F.);
#388 = EDGE_CURVE('',#389,#192,#391,.T.);
#389 = VERTEX_POINT('',#390);
#390 = CARTESIAN_POINT('',(-7.8,7.8,6.));
#391 = LINE('',#392,#393);
#392 = CARTESIAN_POINT('',(-7.8,-7.8,6.));
#393 = VECTOR('',#394,1.);
#394 = DIRECTION('',(0.,-1.,0.));
#395 = ORIENTED_EDGE('',*,*,#396,.F.);
#396 = EDGE_CURVE('',#397,#389,#399,.T.);
#397 = VERTEX_POINT('',#398);
#398 = CARTESIAN_POINT('',(-7.8,7.8,5.));
#399 = LINE('',#400,#401);
#400 = CARTESIAN_POINT('',(-7.8,7.8,5.));
#401 = VECTOR('',#402,1.);
#402 = DIRECTION('',(0.,0.,1.));
#403 = ORIENTED_EDGE('',*,*,#404,.F.);
#404 = EDGE_CURVE('',#176,#397,#405,.T.);
#405 = LINE('',#406,#407);
#406 = CARTESIAN_POINT('',(-7.8,-7.8,5.));
#407 = VECTOR('',#408,1.);
#408 = DIRECTION('',(0.,1.,0.));
#409 = PLANE('',#410);
#410 = AXIS2_PLACEMENT_3D('',#411,#412,#413);
#411 = CARTESIAN_POINT('',(-7.8,7.8,5.));
#412 = DIRECTION('',(-1.,0.,0.));
#413 = DIRECTION('',(0.,-1.,0.));
#414 = ADVANCED_FACE('',(#415),#440,.T.);
#415 = FACE_BOUND('',#416,.T.);
#416 = EDGE_LOOP('',(#417,#418,#426,#434));
#417 = ORIENTED_EDGE('',*,*,#223,.T.);
#418 = ORIENTED_EDGE('',*,*,#419,.F.);
#419 = EDGE_CURVE('',#420,#214,#422,.T.);
#420 = VERTEX_POINT('',#421);
#421 = CARTESIAN_POINT('',(-7.8,-7.8,5.));
#422 = LINE('',#423,#424);
#423 = CARTESIAN_POINT('',(-7.8,-7.8,5.));
#424 = VECTOR('',#425,1.);
#425 = DIRECTION('',(0.,1.,0.));
#426 = ORIENTED_EDGE('',*,*,#427,.T.);
#427 = EDGE_CURVE('',#420,#428,#430,.T.);
#428 = VERTEX_POINT('',#429);
#429 = CARTESIAN_POINT('',(-7.8,-7.8,6.));
#430 = LINE('',#431,#432);
#431 = CARTESIAN_POINT('',(-7.8,-7.8,5.));
#432 = VECTOR('',#433,1.);
#433 = DIRECTION('',(0.,0.,1.));
#434 = ORIENTED_EDGE('',*,*,#435,.F.);
#435 = EDGE_CURVE('',#224,#428,#436,.T.);
#436 = LINE('',#437,#438);
#437 = CARTESIAN_POINT('',(-7.8,-7.8,6.));
#438 = VECTOR('',#439,1.);
#439 = DIRECTION('',(0.,-1.,0.));
#440 = PLANE('',#441);
#441 = AXIS2_PLACEMENT_3D('',#442,#443,#444);
#442 = CARTESIAN_POINT('',(-7.8,7.8,5.));
#443 = DIRECTION('',(-1.,0.,0.));
#444 = DIRECTION('',(0.,-1.,0.));
#445 = ADVANCED_FACE('',(#446),#471,.T.);
#446 = FACE_BOUND('',#447,.T.);
#447 = EDGE_LOOP('',(#448,#449,#457,#465));
#448 = ORIENTED_EDGE('',*,*,#319,.T.);
#449 = ORIENTED_EDGE('',*,*,#450,.F.);
#450 = EDGE_CURVE('',#451,#312,#453,.T.);
#451 = VERTEX_POINT('',#452);
#452 = CARTESIAN_POINT('',(7.8,-7.8,6.));
#453 = LINE('',#454,#455);
#454 = CARTESIAN_POINT('',(7.8,7.8,6.));
#455 = VECTOR('',#456,1.);
#456 = DIRECTION('',(0.,1.,0.));
#457 = ORIENTED_EDGE('',*,*,#458,.F.);
#458 = EDGE_CURVE('',#459,#451,#461,.T.);
#459 = VERTEX_POINT('',#460);
#460 = CARTESIAN_POINT('',(7.8,-7.8,5.));
#461 = LINE('',#462,#463);
#462 = CARTESIAN_POINT('',(7.8,-7.8,5.));
#463 = VECTOR('',#464,1.);
#464 = DIRECTION('',(0.,0.,1.));
#465 = ORIENTED_EDGE('',*,*,#466,.F.);
#466 = EDGE_CURVE('',#296,#459,#467,.T.);
#467 = LINE('',#468,#469);
#468 = CARTESIAN_POINT('',(7.8,7.8,5.));
#469 = VECTOR('',#470,1.);
#470 = DIRECTION('',(0.,-1.,0.));
#471 = PLANE('',#472);
#472 = AXIS2_PLACEMENT_3D('',#473,#474,#475);
#473 = CARTESIAN_POINT('',(7.8,-7.8,5.));
#474 = DIRECTION('',(1.,0.,0.));
#475 = DIRECTION('',(-0.,1.,0.));
#476 = ADVANCED_FACE('',(#477),#502,.T.);
#477 = FACE_BOUND('',#478,.T.);
#478 = EDGE_LOOP('',(#479,#480,#488,#496));
#479 = ORIENTED_EDGE('',*,*,#263,.T.);
#480 = ORIENTED_EDGE('',*,*,#481,.F.);
#481 = EDGE_CURVE('',#482,#254,#484,.T.);
#482 = VERTEX_POINT('',#483);
#483 = CARTESIAN_POINT('',(7.8,7.8,5.));
#484 = LINE('',#485,#486);
#485 = CARTESIAN_POINT('',(7.8,7.8,5.));
#486 = VECTOR('',#487,1.);
#487 = DIRECTION('',(0.,-1.,0.));
#488 = ORIENTED_EDGE('',*,*,#489,.T.);
#489 = EDGE_CURVE('',#482,#490,#492,.T.);
#490 = VERTEX_POINT('',#491);
#491 = CARTESIAN_POINT('',(7.8,7.8,6.));
#492 = LINE('',#493,#494);
#493 = CARTESIAN_POINT('',(7.8,7.8,5.));
#494 = VECTOR('',#495,1.);
#495 = DIRECTION('',(0.,0.,1.));
#496 = ORIENTED_EDGE('',*,*,#497,.F.);
#497 = EDGE_CURVE('',#264,#490,#498,.T.);
#498 = LINE('',#499,#500);
#499 = CARTESIAN_POINT('',(7.8,7.8,6.));
#500 = VECTOR('',#501,1.);
#501 = DIRECTION('',(0.,1.,0.));
#502 = PLANE('',#503);
#503 = AXIS2_PLACEMENT_3D('',#504,#505,#506);
#504 = CARTESIAN_POINT('',(7.8,-7.8,5.));
#505 = DIRECTION('',(1.,0.,0.));
#506 = DIRECTION('',(-0.,1.,0.));
#507 = ADVANCED_FACE('',(#508),#535,.F.);
#508 = FACE_BOUND('',#509,.T.);
#509 = EDGE_LOOP('',(#510,#511,#512,#520,#526,#527,#528,#534));
#510 = ORIENTED_EDGE('',*,*,#213,.T.);
#511 = ORIENTED_EDGE('',*,*,#365,.T.);
#512 = ORIENTED_EDGE('',*,*,#513,.T.);
#513 = EDGE_CURVE('',#358,#514,#516,.T.);
#514 = VERTEX_POINT('',#515);
#515 = CARTESIAN_POINT('',(7.,-7.,5.));
#516 = LINE('',#517,#518);
#517 = CARTESIAN_POINT('',(-7.,-7.,5.));
#518 = VECTOR('',#519,1.);
#519 = DIRECTION('',(1.,0.,0.));
#520 = ORIENTED_EDGE('',*,*,#521,.T.);
#521 = EDGE_CURVE('',#514,#294,#522,.T.);
#522 = LINE('',#523,#524);
#523 = CARTESIAN_POINT('',(7.,-7.,5.));
#524 = VECTOR('',#525,1.);
#525 = DIRECTION('',(-1.586032892322E-16,1.,0.));
#526 = ORIENTED_EDGE('',*,*,#293,.T.);
#527 = ORIENTED_EDGE('',*,*,#466,.T.);
#528 = ORIENTED_EDGE('',*,*,#529,.T.);
#529 = EDGE_CURVE('',#459,#420,#530,.T.);
#530 = LINE('',#531,#532);
#531 = CARTESIAN_POINT('',(7.8,-7.8,5.));
#532 = VECTOR('',#533,1.);
#533 = DIRECTION('',(-1.,0.,0.));
#534 = ORIENTED_EDGE('',*,*,#419,.T.);
#535 = PLANE('',#536);
#536 = AXIS2_PLACEMENT_3D('',#537,#538,#539);
#537 = CARTESIAN_POINT('',(0.,0.,5.));
#538 = DIRECTION('',(0.,0.,1.));
#539 = DIRECTION('',(1.,0.,-0.));
#540 = ADVANCED_FACE('',(#541),#568,.F.);
#541 = FACE_BOUND('',#542,.T.);
#542 = EDGE_LOOP('',(#543,#544,#545,#551,#552,#553,#561,#567));
#543 = ORIENTED_EDGE('',*,*,#173,.T.);
#544 = ORIENTED_EDGE('',*,*,#404,.T.);
#545 = ORIENTED_EDGE('',*,*,#546,.T.);
#546 = EDGE_CURVE('',#397,#482,#547,.T.);
#547 = LINE('',#548,#549);
#548 = CARTESIAN_POINT('',(-7.8,7.8,5.));
#549 = VECTOR('',#550,1.);
#550 = DIRECTION('',(1.,0.,0.));
#551 = ORIENTED_EDGE('',*,*,#481,.T.);
#552 = ORIENTED_EDGE('',*,*,#253,.T.);
#553 = ORIENTED_EDGE('',*,*,#554,.T.);
#554 = EDGE_CURVE('',#256,#555,#557,.T.);
#555 = VERTEX_POINT('',#556);
#556 = CARTESIAN_POINT('',(7.,7.,5.));
#557 = LINE('',#558,#559);
#558 = CARTESIAN_POINT('',(7.,-7.,5.));
#559 = VECTOR('',#560,1.);
#560 = DIRECTION('',(-1.586032892322E-16,1.,0.));
#561 = ORIENTED_EDGE('',*,*,#562,.T.);
#562 = EDGE_CURVE('',#555,#334,#563,.T.);
#563 = LINE('',#564,#565);
#564 = CARTESIAN_POINT('',(7.,7.,5.));
#565 = VECTOR('',#566,1.);
#566 = DIRECTION('',(-1.,-1.586032892322E-16,0.));
#567 = ORIENTED_EDGE('',*,*,#333,.T.);
#568 = PLANE('',#569);
#569 = AXIS2_PLACEMENT_3D('',#570,#571,#572);
#570 = CARTESIAN_POINT('',(0.,0.,5.));
#571 = DIRECTION('',(0.,0.,1.));
#572 = DIRECTION('',(1.,0.,-0.));
#573 = ADVANCED_FACE('',(#574),#608,.T.);
#574 = FACE_BOUND('',#575,.T.);
#575 = EDGE_LOOP('',(#576,#577,#585,#593,#599,#600,#601,#607));
#576 = ORIENTED_EDGE('',*,*,#521,.F.);
#577 = ORIENTED_EDGE('',*,*,#578,.F.);
#578 = EDGE_CURVE('',#579,#514,#581,.T.);
#579 = VERTEX_POINT('',#580);
#580 = CARTESIAN_POINT('',(7.,-7.,3.7));
#581 = LINE('',#582,#583);
#582 = CARTESIAN_POINT('',(7.,-7.,0.));
#583 = VECTOR('',#584,1.);
#584 = DIRECTION('',(0.,0.,1.));
#585 = ORIENTED_EDGE('',*,*,#586,.T.);
#586 = EDGE_CURVE('',#579,#587,#589,.T.);
#587 = VERTEX_POINT('',#588);
#588 = CARTESIAN_POINT('',(7.,7.,3.7));
#589 = LINE('',#590,#591);
#590 = CARTESIAN_POINT('',(7.,-7.,3.7));
#591 = VECTOR('',#592,1.);
#592 = DIRECTION('',(-1.586032892322E-16,1.,-7.80816193143E-16));
#593 = ORIENTED_EDGE('',*,*,#594,.T.);
#594 = EDGE_CURVE('',#587,#555,#595,.T.);
#595 = LINE('',#596,#597);
#596 = CARTESIAN_POINT('',(7.,7.,0.));
#597 = VECTOR('',#598,1.);
#598 = DIRECTION('',(0.,0.,1.));
#599 = ORIENTED_EDGE('',*,*,#554,.F.);
#600 = ORIENTED_EDGE('',*,*,#279,.F.);
#601 = ORIENTED_EDGE('',*,*,#602,.F.);
#602 = EDGE_CURVE('',#304,#272,#603,.T.);
#603 = LINE('',#604,#605);
#604 = CARTESIAN_POINT('',(7.,-2.6,6.));
#605 = VECTOR('',#606,1.);
#606 = DIRECTION('',(0.,1.,0.));
#607 = ORIENTED_EDGE('',*,*,#303,.T.);
#608 = PLANE('',#609);
#609 = AXIS2_PLACEMENT_3D('',#610,#611,#612);
#610 = CARTESIAN_POINT('',(7.,-7.,0.));
#611 = DIRECTION('',(1.,1.586032892322E-16,0.));
#612 = DIRECTION('',(-1.586032892322E-16,1.,0.));
#613 = ADVANCED_FACE('',(#614),#648,.T.);
#614 = FACE_BOUND('',#615,.T.);
#615 = EDGE_LOOP('',(#616,#626,#634,#642));
#616 = ORIENTED_EDGE('',*,*,#617,.T.);
#617 = EDGE_CURVE('',#618,#620,#622,.T.);
#618 = VERTEX_POINT('',#619);
#619 = CARTESIAN_POINT('',(-6.9,-3.1,9.5));
#620 = VERTEX_POINT('',#621);
#621 = CARTESIAN_POINT('',(-6.1,-3.1,11.1));
#622 = LINE('',#623,#624);
#623 = CARTESIAN_POINT('',(-6.38,-3.1,10.54));
#624 = VECTOR('',#625,1.);
#625 = DIRECTION('',(0.4472135955,0.,0.894427191));
#626 = ORIENTED_EDGE('',*,*,#627,.T.);
#627 = EDGE_CURVE('',#620,#628,#630,.T.);
#628 = VERTEX_POINT('',#629);
#629 = CARTESIAN_POINT('',(-6.1,3.1,11.1));
#630 = LINE('',#631,#632);
#631 = CARTESIAN_POINT('',(-6.1,2.7,11.1));
#632 = VECTOR('',#633,1.);
#633 = DIRECTION('',(0.,1.,0.));
#634 = ORIENTED_EDGE('',*,*,#635,.T.);
#635 = EDGE_CURVE('',#628,#636,#638,.T.);
#636 = VERTEX_POINT('',#637);
#637 = CARTESIAN_POINT('',(-6.9,3.1,9.5));
#638 = LINE('',#639,#640);
#639 = CARTESIAN_POINT('',(-6.18,3.1,10.94));
#640 = VECTOR('',#641,1.);
#641 = DIRECTION('',(-0.4472135955,0.,-0.894427191));
#642 = ORIENTED_EDGE('',*,*,#643,.T.);
#643 = EDGE_CURVE('',#636,#618,#644,.T.);
#644 = LINE('',#645,#646);
#645 = CARTESIAN_POINT('',(-6.9,2.7,9.5));
#646 = VECTOR('',#647,1.);
#647 = DIRECTION('',(0.,-1.,0.));
#648 = PLANE('',#649);
#649 = AXIS2_PLACEMENT_3D('',#650,#651,#652);
#650 = CARTESIAN_POINT('',(-6.5,2.7,10.3));
#651 = DIRECTION('',(-0.894427191,0.,0.4472135955));
#652 = DIRECTION('',(0.4472135955,0.,0.894427191));
#653 = ADVANCED_FACE('',(#654),#687,.F.);
#654 = FACE_BOUND('',#655,.T.);
#655 = EDGE_LOOP('',(#656,#657,#665,#673,#681));
#656 = ORIENTED_EDGE('',*,*,#635,.F.);
#657 = ORIENTED_EDGE('',*,*,#658,.F.);
#658 = EDGE_CURVE('',#659,#628,#661,.T.);
#659 = VERTEX_POINT('',#660);
#660 = CARTESIAN_POINT('',(-4.9,3.1,11.1));
#661 = LINE('',#662,#663);
#662 = CARTESIAN_POINT('',(-2.45,3.1,11.1));
#663 = VECTOR('',#664,1.);
#664 = DIRECTION('',(-1.,0.,0.));
#665 = ORIENTED_EDGE('',*,*,#666,.T.);
#666 = EDGE_CURVE('',#659,#667,#669,.T.);
#667 = VERTEX_POINT('',#668);
#668 = CARTESIAN_POINT('',(-4.9,3.1,7.5));
#669 = LINE('',#670,#671);
#670 = CARTESIAN_POINT('',(-4.9,3.1,11.1));
#671 = VECTOR('',#672,1.);
#672 = DIRECTION('',(0.,0.,-1.));
#673 = ORIENTED_EDGE('',*,*,#674,.T.);
#674 = EDGE_CURVE('',#667,#675,#677,.T.);
#675 = VERTEX_POINT('',#676);
#676 = CARTESIAN_POINT('',(-6.9,3.1,7.5));
#677 = LINE('',#678,#679);
#678 = CARTESIAN_POINT('',(-4.9,3.1,7.5));
#679 = VECTOR('',#680,1.);
#680 = DIRECTION('',(-1.,0.,0.));
#681 = ORIENTED_EDGE('',*,*,#682,.F.);
#682 = EDGE_CURVE('',#636,#675,#683,.T.);
#683 = LINE('',#684,#685);
#684 = CARTESIAN_POINT('',(-6.9,3.1,8.55));
#685 = VECTOR('',#686,1.);
#686 = DIRECTION('',(0.,0.,-1.));
#687 = PLANE('',#688);
#688 = AXIS2_PLACEMENT_3D('',#689,#690,#691);
#689 = CARTESIAN_POINT('',(-4.9,3.1,11.1));
#690 = DIRECTION('',(0.,-1.,0.));
#691 = DIRECTION('',(-1.,0.,0.));
#692 = ADVANCED_FACE('',(#693,#792),#826,.T.);
#693 = FACE_BOUND('',#694,.T.);
#694 = EDGE_LOOP('',(#695,#696,#704,#712,#720,#729,#737,#745,#753,#761,
    #769,#777,#785,#791));
#695 = ORIENTED_EDGE('',*,*,#627,.F.);
#696 = ORIENTED_EDGE('',*,*,#697,.T.);
#697 = EDGE_CURVE('',#620,#698,#700,.T.);
#698 = VERTEX_POINT('',#699);
#699 = CARTESIAN_POINT('',(-4.9,-3.1,11.1));
#700 = LINE('',#701,#702);
#701 = CARTESIAN_POINT('',(-3.45,-3.1,11.1));
#702 = VECTOR('',#703,1.);
#703 = DIRECTION('',(1.,0.,0.));
#704 = ORIENTED_EDGE('',*,*,#705,.T.);
#705 = EDGE_CURVE('',#698,#706,#708,.T.);
#706 = VERTEX_POINT('',#707);
#707 = CARTESIAN_POINT('',(-4.9,-3.6,11.1));
#708 = LINE('',#709,#710);
#709 = CARTESIAN_POINT('',(-4.9,-1.55,11.1));
#710 = VECTOR('',#711,1.);
#711 = DIRECTION('',(0.,-1.,0.));
#712 = ORIENTED_EDGE('',*,*,#713,.T.);
#713 = EDGE_CURVE('',#706,#714,#716,.T.);
#714 = VERTEX_POINT('',#715);
#715 = CARTESIAN_POINT('',(-0.901387818866,-3.6,11.1));
#716 = LINE('',#717,#718);
#717 = CARTESIAN_POINT('',(3.9,-3.6,11.1));
#718 = VECTOR('',#719,1.);
#719 = DIRECTION('',(1.,0.,0.));
#720 = ORIENTED_EDGE('',*,*,#721,.T.);
#721 = EDGE_CURVE('',#714,#722,#724,.T.);
#722 = VERTEX_POINT('',#723);
#723 = CARTESIAN_POINT('',(0.901387818866,-3.6,11.1));
#724 = CIRCLE('',#725,1.75);
#725 = AXIS2_PLACEMENT_3D('',#726,#727,#728);
#726 = CARTESIAN_POINT('',(0.,-5.1,11.1));
#727 = DIRECTION('',(0.,0.,-1.));
#728 = DIRECTION('',(0.8,0.6,0.));
#729 = ORIENTED_EDGE('',*,*,#730,.T.);
#730 = EDGE_CURVE('',#722,#731,#733,.T.);
#731 = VERTEX_POINT('',#732);
#732 = CARTESIAN_POINT('',(4.9,-3.6,11.1));
#733 = LINE('',#734,#735);
#734 = CARTESIAN_POINT('',(3.9,-3.6,11.1));
#735 = VECTOR('',#736,1.);
#736 = DIRECTION('',(1.,0.,0.));
#737 = ORIENTED_EDGE('',*,*,#738,.T.);
#738 = EDGE_CURVE('',#731,#739,#741,.T.);
#739 = VERTEX_POINT('',#740);
#740 = CARTESIAN_POINT('',(4.9,-3.1,11.1));
#741 = LINE('',#742,#743);
#742 = CARTESIAN_POINT('',(4.9,-7.25,11.1));
#743 = VECTOR('',#744,1.);
#744 = DIRECTION('',(5.843279076974E-16,1.,0.));
#745 = ORIENTED_EDGE('',*,*,#746,.T.);
#746 = EDGE_CURVE('',#739,#747,#749,.T.);
#747 = VERTEX_POINT('',#748);
#748 = CARTESIAN_POINT('',(6.1,-3.1,11.1));
#749 = LINE('',#750,#751);
#750 = CARTESIAN_POINT('',(2.45,-3.1,11.1));
#751 = VECTOR('',#752,1.);
#752 = DIRECTION('',(1.,0.,0.));
#753 = ORIENTED_EDGE('',*,*,#754,.F.);
#754 = EDGE_CURVE('',#755,#747,#757,.T.);
#755 = VERTEX_POINT('',#756);
#756 = CARTESIAN_POINT('',(6.1,3.1,11.1));
#757 = LINE('',#758,#759);
#758 = CARTESIAN_POINT('',(6.1,-2.7,11.1));
#759 = VECTOR('',#760,1.);
#760 = DIRECTION('',(0.,-1.,0.));
#761 = ORIENTED_EDGE('',*,*,#762,.T.);
#762 = EDGE_CURVE('',#755,#763,#765,.T.);
#763 = VERTEX_POINT('',#764);
#764 = CARTESIAN_POINT('',(4.9,3.1,11.1));
#765 = LINE('',#766,#767);
#766 = CARTESIAN_POINT('',(3.45,3.1,11.1));
#767 = VECTOR('',#768,1.);
#768 = DIRECTION('',(-1.,0.,0.));
#769 = ORIENTED_EDGE('',*,*,#770,.T.);
#770 = EDGE_CURVE('',#763,#771,#773,.T.);
#771 = VERTEX_POINT('',#772);
#772 = CARTESIAN_POINT('',(4.9,5.044681918309,11.1));
#773 = LINE('',#774,#775);
#774 = CARTESIAN_POINT('',(4.9,1.55,11.1));
#775 = VECTOR('',#776,1.);
#776 = DIRECTION('',(0.,1.,0.));
#777 = ORIENTED_EDGE('',*,*,#778,.F.);
#778 = EDGE_CURVE('',#779,#771,#781,.T.);
#779 = VERTEX_POINT('',#780);
#780 = CARTESIAN_POINT('',(-4.9,5.044681918309,11.1));
#781 = LINE('',#782,#783);
#782 = CARTESIAN_POINT('',(3.9,5.044681918309,11.1));
#783 = VECTOR('',#784,1.);
#784 = DIRECTION('',(1.,0.,0.));
#785 = ORIENTED_EDGE('',*,*,#786,.T.);
#786 = EDGE_CURVE('',#779,#659,#787,.T.);
#787 = LINE('',#788,#789);
#788 = CARTESIAN_POINT('',(-4.9,7.25,11.1));
#789 = VECTOR('',#790,1.);
#790 = DIRECTION('',(-5.843279076974E-16,-1.,0.));
#791 = ORIENTED_EDGE('',*,*,#658,.T.);
#792 = FACE_BOUND('',#793,.T.);
#793 = EDGE_LOOP('',(#794,#804,#812,#820));
#794 = ORIENTED_EDGE('',*,*,#795,.T.);
#795 = EDGE_CURVE('',#796,#798,#800,.T.);
#796 = VERTEX_POINT('',#797);
#797 = CARTESIAN_POINT('',(3.55,2.75,11.1));
#798 = VERTEX_POINT('',#799);
#799 = CARTESIAN_POINT('',(3.55,-2.75,11.1));
#800 = LINE('',#801,#802);
#801 = CARTESIAN_POINT('',(3.55,1.375,11.1));
#802 = VECTOR('',#803,1.);
#803 = DIRECTION('',(0.,-1.,0.));
#804 = ORIENTED_EDGE('',*,*,#805,.T.);
#805 = EDGE_CURVE('',#798,#806,#808,.T.);
#806 = VERTEX_POINT('',#807);
#807 = CARTESIAN_POINT('',(-3.55,-2.75,11.1));
#808 = LINE('',#809,#810);
#809 = CARTESIAN_POINT('',(1.775,-2.75,11.1));
#810 = VECTOR('',#811,1.);
#811 = DIRECTION('',(-1.,0.,0.));
#812 = ORIENTED_EDGE('',*,*,#813,.T.);
#813 = EDGE_CURVE('',#806,#814,#816,.T.);
#814 = VERTEX_POINT('',#815);
#815 = CARTESIAN_POINT('',(-3.55,2.75,11.1));
#816 = LINE('',#817,#818);
#817 = CARTESIAN_POINT('',(-3.55,-1.375,11.1));
#818 = VECTOR('',#819,1.);
#819 = DIRECTION('',(0.,1.,0.));
#820 = ORIENTED_EDGE('',*,*,#821,.T.);
#821 = EDGE_CURVE('',#814,#796,#822,.T.);
#822 = LINE('',#823,#824);
#823 = CARTESIAN_POINT('',(-1.775,2.75,11.1));
#824 = VECTOR('',#825,1.);
#825 = DIRECTION('',(1.,0.,0.));
#826 = PLANE('',#827);
#827 = AXIS2_PLACEMENT_3D('',#828,#829,#830);
#828 = CARTESIAN_POINT('',(-3.880729939564E-17,-9.313751854954E-16,11.1)
  );
#829 = DIRECTION('',(0.,0.,1.));
#830 = DIRECTION('',(1.,0.,-0.));
#831 = ADVANCED_FACE('',(#832),#857,.T.);
#832 = FACE_BOUND('',#833,.T.);
#833 = EDGE_LOOP('',(#834,#842,#843,#851));
#834 = ORIENTED_EDGE('',*,*,#835,.T.);
#835 = EDGE_CURVE('',#836,#755,#838,.T.);
#836 = VERTEX_POINT('',#837);
#837 = CARTESIAN_POINT('',(6.9,3.1,9.5));
#838 = LINE('',#839,#840);
#839 = CARTESIAN_POINT('',(6.38,3.1,10.54));
#840 = VECTOR('',#841,1.);
#841 = DIRECTION('',(-0.4472135955,0.,0.894427191));
#842 = ORIENTED_EDGE('',*,*,#754,.T.);
#843 = ORIENTED_EDGE('',*,*,#844,.T.);
#844 = EDGE_CURVE('',#747,#845,#847,.T.);
#845 = VERTEX_POINT('',#846);
#846 = CARTESIAN_POINT('',(6.9,-3.1,9.5));
#847 = LINE('',#848,#849);
#848 = CARTESIAN_POINT('',(6.18,-3.1,10.94));
#849 = VECTOR('',#850,1.);
#850 = DIRECTION('',(0.4472135955,0.,-0.894427191));
#851 = ORIENTED_EDGE('',*,*,#852,.T.);
#852 = EDGE_CURVE('',#845,#836,#853,.T.);
#853 = LINE('',#854,#855);
#854 = CARTESIAN_POINT('',(6.9,-2.7,9.5));
#855 = VECTOR('',#856,1.);
#856 = DIRECTION('',(0.,1.,0.));
#857 = PLANE('',#858);
#858 = AXIS2_PLACEMENT_3D('',#859,#860,#861);
#859 = CARTESIAN_POINT('',(6.5,-2.7,10.3));
#860 = DIRECTION('',(0.894427191,0.,0.4472135955));
#861 = DIRECTION('',(0.4472135955,0.,-0.894427191));
#862 = ADVANCED_FACE('',(#863),#889,.F.);
#863 = FACE_BOUND('',#864,.T.);
#864 = EDGE_LOOP('',(#865,#866,#867,#875,#883));
#865 = ORIENTED_EDGE('',*,*,#844,.F.);
#866 = ORIENTED_EDGE('',*,*,#746,.F.);
#867 = ORIENTED_EDGE('',*,*,#868,.T.);
#868 = EDGE_CURVE('',#739,#869,#871,.T.);
#869 = VERTEX_POINT('',#870);
#870 = CARTESIAN_POINT('',(4.9,-3.1,7.5));
#871 = LINE('',#872,#873);
#872 = CARTESIAN_POINT('',(4.9,-3.1,11.1));
#873 = VECTOR('',#874,1.);
#874 = DIRECTION('',(0.,0.,-1.));
#875 = ORIENTED_EDGE('',*,*,#876,.T.);
#876 = EDGE_CURVE('',#869,#877,#879,.T.);
#877 = VERTEX_POINT('',#878);
#878 = CARTESIAN_POINT('',(6.9,-3.1,7.5));
#879 = LINE('',#880,#881);
#880 = CARTESIAN_POINT('',(4.9,-3.1,7.5));
#881 = VECTOR('',#882,1.);
#882 = DIRECTION('',(1.,0.,0.));
#883 = ORIENTED_EDGE('',*,*,#884,.F.);
#884 = EDGE_CURVE('',#845,#877,#885,.T.);
#885 = LINE('',#886,#887);
#886 = CARTESIAN_POINT('',(6.9,-3.1,8.55));
#887 = VECTOR('',#888,1.);
#888 = DIRECTION('',(0.,0.,-1.));
#889 = PLANE('',#890);
#890 = AXIS2_PLACEMENT_3D('',#891,#892,#893);
#891 = CARTESIAN_POINT('',(4.9,-3.1,11.1));
#892 = DIRECTION('',(0.,1.,0.));
#893 = DIRECTION('',(1.,0.,0.));
#894 = ADVANCED_FACE('',(#895),#922,.T.);
#895 = FACE_BOUND('',#896,.T.);
#896 = EDGE_LOOP('',(#897,#906,#907,#916));
#897 = ORIENTED_EDGE('',*,*,#898,.T.);
#898 = EDGE_CURVE('',#899,#779,#901,.T.);
#899 = VERTEX_POINT('',#900);
#900 = CARTESIAN_POINT('',(-4.9,6.006560915367,10.373475401124));
#901 = CIRCLE('',#902,1.);
#902 = AXIS2_PLACEMENT_3D('',#903,#904,#905);
#903 = CARTESIAN_POINT('',(-4.9,5.044681918309,10.1));
#904 = DIRECTION('',(1.,-5.843279076974E-16,0.));
#905 = DIRECTION('',(3.521817058469E-16,0.602712451703,0.797958457917));
#906 = ORIENTED_EDGE('',*,*,#778,.T.);
#907 = ORIENTED_EDGE('',*,*,#908,.T.);
#908 = EDGE_CURVE('',#771,#909,#911,.T.);
#909 = VERTEX_POINT('',#910);
#910 = CARTESIAN_POINT('',(4.9,6.006560915367,10.373475401124));
#911 = CIRCLE('',#912,1.);
#912 = AXIS2_PLACEMENT_3D('',#913,#914,#915);
#913 = CARTESIAN_POINT('',(4.9,5.044681918309,10.1));
#914 = DIRECTION('',(-1.,-8.180590707764E-15,0.));
#915 = DIRECTION('',(-4.930543881856E-15,0.602712451703,0.797958457917)
  );
#916 = ORIENTED_EDGE('',*,*,#917,.T.);
#917 = EDGE_CURVE('',#909,#899,#918,.T.);
#918 = LINE('',#919,#920);
#919 = CARTESIAN_POINT('',(3.9,6.006560915367,10.373475401124));
#920 = VECTOR('',#921,1.);
#921 = DIRECTION('',(-1.,0.,0.));
#922 = CYLINDRICAL_SURFACE('',#923,1.);
#923 = AXIS2_PLACEMENT_3D('',#924,#925,#926);
#924 = CARTESIAN_POINT('',(3.9,5.044681918309,10.1));
#925 = DIRECTION('',(-1.,0.,0.));
#926 = DIRECTION('',(0.,0.602712451703,0.797958457917));
#927 = ADVANCED_FACE('',(#928),#963,.T.);
#928 = FACE_BOUND('',#929,.T.);
#929 = EDGE_LOOP('',(#930,#931,#939,#947,#955,#961,#962));
#930 = ORIENTED_EDGE('',*,*,#898,.F.);
#931 = ORIENTED_EDGE('',*,*,#932,.T.);
#932 = EDGE_CURVE('',#899,#933,#935,.T.);
#933 = VERTEX_POINT('',#934);
#934 = CARTESIAN_POINT('',(-4.9,7.25,6.));
#935 = LINE('',#936,#937);
#936 = CARTESIAN_POINT('',(-4.9,7.25,6.));
#937 = VECTOR('',#938,1.);
#938 = DIRECTION('',(1.597993089456E-16,0.273475401124,-0.961878997057)
  );
#939 = ORIENTED_EDGE('',*,*,#940,.F.);
#940 = EDGE_CURVE('',#941,#933,#943,.T.);
#941 = VERTEX_POINT('',#942);
#942 = CARTESIAN_POINT('',(-4.9,6.3,6.));
#943 = LINE('',#944,#945);
#944 = CARTESIAN_POINT('',(-4.9,3.625,6.));
#945 = VECTOR('',#946,1.);
#946 = DIRECTION('',(5.843279076974E-16,1.,0.));
#947 = ORIENTED_EDGE('',*,*,#948,.T.);
#948 = EDGE_CURVE('',#941,#949,#951,.T.);
#949 = VERTEX_POINT('',#950);
#950 = CARTESIAN_POINT('',(-4.9,6.3,7.5));
#951 = LINE('',#952,#953);
#952 = CARTESIAN_POINT('',(-4.9,6.3,6.));
#953 = VECTOR('',#954,1.);
#954 = DIRECTION('',(0.,0.,1.));
#955 = ORIENTED_EDGE('',*,*,#956,.T.);
#956 = EDGE_CURVE('',#949,#667,#957,.T.);
#957 = LINE('',#958,#959);
#958 = CARTESIAN_POINT('',(-4.9,7.25,7.5));
#959 = VECTOR('',#960,1.);
#960 = DIRECTION('',(0.,-1.,0.));
#961 = ORIENTED_EDGE('',*,*,#666,.F.);
#962 = ORIENTED_EDGE('',*,*,#786,.F.);
#963 = PLANE('',#964);
#964 = AXIS2_PLACEMENT_3D('',#965,#966,#967);
#965 = CARTESIAN_POINT('',(-4.9,7.25,6.));
#966 = DIRECTION('',(-1.,5.843279076974E-16,0.));
#967 = DIRECTION('',(-5.843279076974E-16,-1.,0.));
#968 = ADVANCED_FACE('',(#969),#987,.F.);
#969 = FACE_BOUND('',#970,.T.);
#970 = EDGE_LOOP('',(#971,#972,#980,#986));
#971 = ORIENTED_EDGE('',*,*,#917,.F.);
#972 = ORIENTED_EDGE('',*,*,#973,.F.);
#973 = EDGE_CURVE('',#974,#909,#976,.T.);
#974 = VERTEX_POINT('',#975);
#975 = CARTESIAN_POINT('',(4.9,7.25,6.));
#976 = LINE('',#977,#978);
#977 = CARTESIAN_POINT('',(4.9,7.214475322365,6.124948866163));
#978 = VECTOR('',#979,1.);
#979 = DIRECTION('',(2.237190325238E-15,-0.273475401124,0.961878997057)
  );
#980 = ORIENTED_EDGE('',*,*,#981,.F.);
#981 = EDGE_CURVE('',#933,#974,#982,.T.);
#982 = LINE('',#983,#984);
#983 = CARTESIAN_POINT('',(0.,7.25,6.));
#984 = VECTOR('',#985,1.);
#985 = DIRECTION('',(1.,0.,0.));
#986 = ORIENTED_EDGE('',*,*,#932,.F.);
#987 = PLANE('',#988);
#988 = AXIS2_PLACEMENT_3D('',#989,#990,#991);
#989 = CARTESIAN_POINT('',(7.8,7.25,6.));
#990 = DIRECTION('',(0.,-0.961878997057,-0.273475401124));
#991 = DIRECTION('',(0.,-0.273475401124,0.961878997057));
#992 = ADVANCED_FACE('',(#993),#1018,.F.);
#993 = FACE_BOUND('',#994,.T.);
#994 = EDGE_LOOP('',(#995,#996,#1004,#1012));
#995 = ORIENTED_EDGE('',*,*,#795,.F.);
#996 = ORIENTED_EDGE('',*,*,#997,.T.);
#997 = EDGE_CURVE('',#796,#998,#1000,.T.);
#998 = VERTEX_POINT('',#999);
#999 = CARTESIAN_POINT('',(3.55,2.75,10.1));
#1000 = LINE('',#1001,#1002);
#1001 = CARTESIAN_POINT('',(3.55,2.75,11.1));
#1002 = VECTOR('',#1003,1.);
#1003 = DIRECTION('',(0.,0.,-1.));
#1004 = ORIENTED_EDGE('',*,*,#1005,.T.);
#1005 = EDGE_CURVE('',#998,#1006,#1008,.T.);
#1006 = VERTEX_POINT('',#1007);
#1007 = CARTESIAN_POINT('',(3.55,-2.75,10.1));
#1008 = LINE('',#1009,#1010);
#1009 = CARTESIAN_POINT('',(3.55,2.75,10.1));
#1010 = VECTOR('',#1011,1.);
#1011 = DIRECTION('',(0.,-1.,0.));
#1012 = ORIENTED_EDGE('',*,*,#1013,.F.);
#1013 = EDGE_CURVE('',#798,#1006,#1014,.T.);
#1014 = LINE('',#1015,#1016);
#1015 = CARTESIAN_POINT('',(3.55,-2.75,11.1));
#1016 = VECTOR('',#1017,1.);
#1017 = DIRECTION('',(0.,0.,-1.));
#1018 = PLANE('',#1019);
#1019 = AXIS2_PLACEMENT_3D('',#1020,#1021,#1022);
#1020 = CARTESIAN_POINT('',(3.55,2.75,11.1));
#1021 = DIRECTION('',(1.,0.,0.));
#1022 = DIRECTION('',(0.,-1.,0.));
#1023 = ADVANCED_FACE('',(#1024),#1042,.F.);
#1024 = FACE_BOUND('',#1025,.T.);
#1025 = EDGE_LOOP('',(#1026,#1027,#1035,#1041));
#1026 = ORIENTED_EDGE('',*,*,#821,.F.);
#1027 = ORIENTED_EDGE('',*,*,#1028,.T.);
#1028 = EDGE_CURVE('',#814,#1029,#1031,.T.);
#1029 = VERTEX_POINT('',#1030);
#1030 = CARTESIAN_POINT('',(-3.55,2.75,10.1));
#1031 = LINE('',#1032,#1033);
#1032 = CARTESIAN_POINT('',(-3.55,2.75,11.1));
#1033 = VECTOR('',#1034,1.);
#1034 = DIRECTION('',(0.,0.,-1.));
#1035 = ORIENTED_EDGE('',*,*,#1036,.T.);
#1036 = EDGE_CURVE('',#1029,#998,#1037,.T.);
#1037 = LINE('',#1038,#1039);
#1038 = CARTESIAN_POINT('',(-3.55,2.75,10.1));
#1039 = VECTOR('',#1040,1.);
#1040 = DIRECTION('',(1.,0.,0.));
#1041 = ORIENTED_EDGE('',*,*,#997,.F.);
#1042 = PLANE('',#1043);
#1043 = AXIS2_PLACEMENT_3D('',#1044,#1045,#1046);
#1044 = CARTESIAN_POINT('',(-3.55,2.75,11.1));
#1045 = DIRECTION('',(0.,1.,0.));
#1046 = DIRECTION('',(1.,0.,0.));
#1047 = ADVANCED_FACE('',(#1048),#1066,.F.);
#1048 = FACE_BOUND('',#1049,.T.);
#1049 = EDGE_LOOP('',(#1050,#1051,#1059,#1065));
#1050 = ORIENTED_EDGE('',*,*,#813,.F.);
#1051 = ORIENTED_EDGE('',*,*,#1052,.T.);
#1052 = EDGE_CURVE('',#806,#1053,#1055,.T.);
#1053 = VERTEX_POINT('',#1054);
#1054 = CARTESIAN_POINT('',(-3.55,-2.75,10.1));
#1055 = LINE('',#1056,#1057);
#1056 = CARTESIAN_POINT('',(-3.55,-2.75,11.1));
#1057 = VECTOR('',#1058,1.);
#1058 = DIRECTION('',(0.,0.,-1.));
#1059 = ORIENTED_EDGE('',*,*,#1060,.T.);
#1060 = EDGE_CURVE('',#1053,#1029,#1061,.T.);
#1061 = LINE('',#1062,#1063);
#1062 = CARTESIAN_POINT('',(-3.55,-2.75,10.1));
#1063 = VECTOR('',#1064,1.);
#1064 = DIRECTION('',(0.,1.,0.));
#1065 = ORIENTED_EDGE('',*,*,#1028,.F.);
#1066 = PLANE('',#1067);
#1067 = AXIS2_PLACEMENT_3D('',#1068,#1069,#1070);
#1068 = CARTESIAN_POINT('',(-3.55,-2.75,11.1));
#1069 = DIRECTION('',(-1.,0.,0.));
#1070 = DIRECTION('',(0.,1.,0.));
#1071 = ADVANCED_FACE('',(#1072),#1083,.F.);
#1072 = FACE_BOUND('',#1073,.T.);
#1073 = EDGE_LOOP('',(#1074,#1075,#1076,#1082));
#1074 = ORIENTED_EDGE('',*,*,#805,.F.);
#1075 = ORIENTED_EDGE('',*,*,#1013,.T.);
#1076 = ORIENTED_EDGE('',*,*,#1077,.T.);
#1077 = EDGE_CURVE('',#1006,#1053,#1078,.T.);
#1078 = LINE('',#1079,#1080);
#1079 = CARTESIAN_POINT('',(3.55,-2.75,10.1));
#1080 = VECTOR('',#1081,1.);
#1081 = DIRECTION('',(-1.,0.,0.));
#1082 = ORIENTED_EDGE('',*,*,#1052,.F.);
#1083 = PLANE('',#1084);
#1084 = AXIS2_PLACEMENT_3D('',#1085,#1086,#1087);
#1085 = CARTESIAN_POINT('',(3.55,-2.75,11.1));
#1086 = DIRECTION('',(0.,-1.,0.));
#1087 = DIRECTION('',(-1.,0.,0.));
#1088 = ADVANCED_FACE('',(#1089),#1095,.F.);
#1089 = FACE_BOUND('',#1090,.T.);
#1090 = EDGE_LOOP('',(#1091,#1092,#1093,#1094));
#1091 = ORIENTED_EDGE('',*,*,#1077,.F.);
#1092 = ORIENTED_EDGE('',*,*,#1005,.F.);
#1093 = ORIENTED_EDGE('',*,*,#1036,.F.);
#1094 = ORIENTED_EDGE('',*,*,#1060,.F.);
#1095 = PLANE('',#1096);
#1096 = AXIS2_PLACEMENT_3D('',#1097,#1098,#1099);
#1097 = CARTESIAN_POINT('',(0.,0.,10.1));
#1098 = DIRECTION('',(0.,0.,-1.));
#1099 = DIRECTION('',(-1.,0.,0.));
#1100 = ADVANCED_FACE('',(#1101),#1249,.F.);
#1101 = FACE_BOUND('',#1102,.T.);
#1102 = EDGE_LOOP('',(#1103,#1111,#1119,#1128,#1136,#1144,#1152,#1160,
    #1168,#1177,#1185,#1191,#1192,#1201,#1209,#1217,#1225,#1233,#1241,
    #1248));
#1103 = ORIENTED_EDGE('',*,*,#1104,.F.);
#1104 = EDGE_CURVE('',#1105,#706,#1107,.T.);
#1105 = VERTEX_POINT('',#1106);
#1106 = CARTESIAN_POINT('',(-4.9,-6.176470588235,7.5));
#1107 = LINE('',#1108,#1109);
#1108 = CARTESIAN_POINT('',(-4.9,-5.264110468442,8.774804550944));
#1109 = VECTOR('',#1110,1.);
#1110 = DIRECTION('',(0.,0.581992098984,0.813194439676));
#1111 = ORIENTED_EDGE('',*,*,#1112,.F.);
#1112 = EDGE_CURVE('',#1113,#1105,#1115,.T.);
#1113 = VERTEX_POINT('',#1114);
#1114 = CARTESIAN_POINT('',(-6.455075186761,-6.176470588235,7.5));
#1115 = LINE('',#1116,#1117);
#1116 = CARTESIAN_POINT('',(0.95,-6.176470588235,7.5));
#1117 = VECTOR('',#1118,1.);
#1118 = DIRECTION('',(1.,0.,0.));
#1119 = ORIENTED_EDGE('',*,*,#1120,.F.);
#1120 = EDGE_CURVE('',#1121,#1113,#1123,.T.);
#1121 = VERTEX_POINT('',#1122);
#1122 = CARTESIAN_POINT('',(-6.,-6.3,7.327397260274));
#1123 = ELLIPSE('',#1124,1.546412746103,0.9);
#1124 = AXIS2_PLACEMENT_3D('',#1125,#1126,#1127);
#1125 = CARTESIAN_POINT('',(-6.,-5.4,8.584931506849));
#1126 = DIRECTION('',(0.,0.813194439676,-0.581992098984));
#1127 = DIRECTION('',(0.,-0.581992098984,-0.813194439676));
#1128 = ORIENTED_EDGE('',*,*,#1129,.F.);
#1129 = EDGE_CURVE('',#1130,#1121,#1132,.T.);
#1130 = VERTEX_POINT('',#1131);
#1131 = CARTESIAN_POINT('',(-4.9,-6.3,7.327397260274));
#1132 = LINE('',#1133,#1134);
#1133 = CARTESIAN_POINT('',(0.9,-6.3,7.327397260274));
#1134 = VECTOR('',#1135,1.);
#1135 = DIRECTION('',(-1.,-1.00929365875E-15,-1.410245934144E-15));
#1136 = ORIENTED_EDGE('',*,*,#1137,.F.);
#1137 = EDGE_CURVE('',#1138,#1130,#1140,.T.);
#1138 = VERTEX_POINT('',#1139);
#1139 = CARTESIAN_POINT('',(-4.9,-7.25,6.));
#1140 = LINE('',#1141,#1142);
#1141 = CARTESIAN_POINT('',(-4.9,-5.264110468442,8.774804550944));
#1142 = VECTOR('',#1143,1.);
#1143 = DIRECTION('',(0.,0.581992098984,0.813194439676));
#1144 = ORIENTED_EDGE('',*,*,#1145,.F.);
#1145 = EDGE_CURVE('',#1146,#1138,#1148,.T.);
#1146 = VERTEX_POINT('',#1147);
#1147 = CARTESIAN_POINT('',(4.9,-7.25,6.));
#1148 = LINE('',#1149,#1150);
#1149 = CARTESIAN_POINT('',(-2.45,-7.25,6.));
#1150 = VECTOR('',#1151,1.);
#1151 = DIRECTION('',(-1.,-2.265761274745E-16,0.));
#1152 = ORIENTED_EDGE('',*,*,#1153,.F.);
#1153 = EDGE_CURVE('',#1154,#1146,#1156,.T.);
#1154 = VERTEX_POINT('',#1155);
#1155 = CARTESIAN_POINT('',(4.9,-6.3,7.327397260274));
#1156 = LINE('',#1157,#1158);
#1157 = CARTESIAN_POINT('',(4.9,-5.425,8.55));
#1158 = VECTOR('',#1159,1.);
#1159 = DIRECTION('',(-3.400742254957E-16,-0.581992098984,
    -0.813194439676));
#1160 = ORIENTED_EDGE('',*,*,#1161,.F.);
#1161 = EDGE_CURVE('',#1162,#1154,#1164,.T.);
#1162 = VERTEX_POINT('',#1163);
#1163 = CARTESIAN_POINT('',(6.,-6.3,7.327397260274));
#1164 = LINE('',#1165,#1166);
#1165 = CARTESIAN_POINT('',(6.35,-6.3,7.327397260274));
#1166 = VECTOR('',#1167,1.);
#1167 = DIRECTION('',(-1.,0.,0.));
#1168 = ORIENTED_EDGE('',*,*,#1169,.F.);
#1169 = EDGE_CURVE('',#1170,#1162,#1172,.T.);
#1170 = VERTEX_POINT('',#1171);
#1171 = CARTESIAN_POINT('',(6.455075186761,-6.176470588235,7.5));
#1172 = ELLIPSE('',#1173,1.546412746103,0.9);
#1173 = AXIS2_PLACEMENT_3D('',#1174,#1175,#1176);
#1174 = CARTESIAN_POINT('',(6.,-5.4,8.584931506849));
#1175 = DIRECTION('',(1.972152263053E-31,0.813194439676,-0.581992098984)
  );
#1176 = DIRECTION('',(-2.15380342814E-15,-0.581992098984,-0.813194439676
    ));
#1177 = ORIENTED_EDGE('',*,*,#1178,.F.);
#1178 = EDGE_CURVE('',#1179,#1170,#1181,.T.);
#1179 = VERTEX_POINT('',#1180);
#1180 = CARTESIAN_POINT('',(4.9,-6.176470588235,7.5));
#1181 = LINE('',#1182,#1183);
#1182 = CARTESIAN_POINT('',(6.85,-6.176470588235,7.5));
#1183 = VECTOR('',#1184,1.);
#1184 = DIRECTION('',(1.,0.,0.));
#1185 = ORIENTED_EDGE('',*,*,#1186,.F.);
#1186 = EDGE_CURVE('',#731,#1179,#1187,.T.);
#1187 = LINE('',#1188,#1189);
#1188 = CARTESIAN_POINT('',(4.9,-5.425,8.55));
#1189 = VECTOR('',#1190,1.);
#1190 = DIRECTION('',(-3.400742254957E-16,-0.581992098984,
    -0.813194439676));
#1191 = ORIENTED_EDGE('',*,*,#730,.F.);
#1192 = ORIENTED_EDGE('',*,*,#1193,.F.);
#1193 = EDGE_CURVE('',#1194,#722,#1196,.T.);
#1194 = VERTEX_POINT('',#1195);
#1195 = CARTESIAN_POINT('',(1.4,-4.05,10.471232876712));
#1196 = ELLIPSE('',#1197,3.006913672978,1.75);
#1197 = AXIS2_PLACEMENT_3D('',#1198,#1199,#1200);
#1198 = CARTESIAN_POINT('',(0.,-5.1,9.004109589041));
#1199 = DIRECTION('',(0.,-0.813194439676,0.581992098984));
#1200 = DIRECTION('',(-4.615293060299E-17,0.581992098984,0.813194439676)
  );
#1201 = ORIENTED_EDGE('',*,*,#1202,.F.);
#1202 = EDGE_CURVE('',#1203,#1194,#1205,.T.);
#1203 = VERTEX_POINT('',#1204);
#1204 = CARTESIAN_POINT('',(4.25,-4.05,10.471232876712));
#1205 = LINE('',#1206,#1207);
#1206 = CARTESIAN_POINT('',(4.6,-4.05,10.471232876712));
#1207 = VECTOR('',#1208,1.);
#1208 = DIRECTION('',(-1.,0.,0.));
#1209 = ORIENTED_EDGE('',*,*,#1210,.F.);
#1210 = EDGE_CURVE('',#1211,#1203,#1213,.T.);
#1211 = VERTEX_POINT('',#1212);
#1212 = CARTESIAN_POINT('',(4.25,-6.605882352941,6.9));
#1213 = LINE('',#1214,#1215);
#1214 = CARTESIAN_POINT('',(4.25,-3.676210830738,10.993513633763));
#1215 = VECTOR('',#1216,1.);
#1216 = DIRECTION('',(0.,0.581992098984,0.813194439676));
#1217 = ORIENTED_EDGE('',*,*,#1218,.F.);
#1218 = EDGE_CURVE('',#1219,#1211,#1221,.T.);
#1219 = VERTEX_POINT('',#1220);
#1220 = CARTESIAN_POINT('',(-4.25,-6.605882352941,6.9));
#1221 = LINE('',#1222,#1223);
#1222 = CARTESIAN_POINT('',(3.9,-6.605882352941,6.9));
#1223 = VECTOR('',#1224,1.);
#1224 = DIRECTION('',(1.,0.,0.));
#1225 = ORIENTED_EDGE('',*,*,#1226,.F.);
#1226 = EDGE_CURVE('',#1227,#1219,#1229,.T.);
#1227 = VERTEX_POINT('',#1228);
#1228 = CARTESIAN_POINT('',(-4.25,-4.05,10.471232876712));
#1229 = LINE('',#1230,#1231);
#1230 = CARTESIAN_POINT('',(-4.25,-4.218154515986,10.236277251637));
#1231 = VECTOR('',#1232,1.);
#1232 = DIRECTION('',(0.,-0.581992098984,-0.813194439676));
#1233 = ORIENTED_EDGE('',*,*,#1234,.F.);
#1234 = EDGE_CURVE('',#1235,#1227,#1237,.T.);
#1235 = VERTEX_POINT('',#1236);
#1236 = CARTESIAN_POINT('',(-1.4,-4.05,10.471232876712));
#1237 = LINE('',#1238,#1239);
#1238 = CARTESIAN_POINT('',(1.775,-4.05,10.471232876712));
#1239 = VECTOR('',#1240,1.);
#1240 = DIRECTION('',(-1.,0.,0.));
#1241 = ORIENTED_EDGE('',*,*,#1242,.F.);
#1242 = EDGE_CURVE('',#714,#1235,#1243,.T.);
#1243 = ELLIPSE('',#1244,3.006913672978,1.75);
#1244 = AXIS2_PLACEMENT_3D('',#1245,#1246,#1247);
#1245 = CARTESIAN_POINT('',(0.,-5.1,9.004109589041));
#1246 = DIRECTION('',(0.,-0.813194439676,0.581992098984));
#1247 = DIRECTION('',(-4.615293060299E-17,0.581992098984,0.813194439676)
  );
#1248 = ORIENTED_EDGE('',*,*,#713,.F.);
#1249 = PLANE('',#1250);
#1250 = AXIS2_PLACEMENT_3D('',#1251,#1252,#1253);
#1251 = CARTESIAN_POINT('',(7.8,-3.6,11.1));
#1252 = DIRECTION('',(0.,0.813194439676,-0.581992098984));
#1253 = DIRECTION('',(0.,-0.581992098984,-0.813194439676));
#1254 = ADVANCED_FACE('',(#1255),#1290,.T.);
#1255 = FACE_BOUND('',#1256,.T.);
#1256 = EDGE_LOOP('',(#1257,#1258,#1259,#1267,#1275,#1283,#1289));
#1257 = ORIENTED_EDGE('',*,*,#908,.F.);
#1258 = ORIENTED_EDGE('',*,*,#770,.F.);
#1259 = ORIENTED_EDGE('',*,*,#1260,.T.);
#1260 = EDGE_CURVE('',#763,#1261,#1263,.T.);
#1261 = VERTEX_POINT('',#1262);
#1262 = CARTESIAN_POINT('',(4.9,3.1,7.5));
#1263 = LINE('',#1264,#1265);
#1264 = CARTESIAN_POINT('',(4.9,3.1,11.1));
#1265 = VECTOR('',#1266,1.);
#1266 = DIRECTION('',(0.,0.,-1.));
#1267 = ORIENTED_EDGE('',*,*,#1268,.T.);
#1268 = EDGE_CURVE('',#1261,#1269,#1271,.T.);
#1269 = VERTEX_POINT('',#1270);
#1270 = CARTESIAN_POINT('',(4.9,6.3,7.5));
#1271 = LINE('',#1272,#1273);
#1272 = CARTESIAN_POINT('',(4.9,7.25,7.5));
#1273 = VECTOR('',#1274,1.);
#1274 = DIRECTION('',(0.,1.,0.));
#1275 = ORIENTED_EDGE('',*,*,#1276,.F.);
#1276 = EDGE_CURVE('',#1277,#1269,#1279,.T.);
#1277 = VERTEX_POINT('',#1278);
#1278 = CARTESIAN_POINT('',(4.9,6.3,6.));
#1279 = LINE('',#1280,#1281);
#1280 = CARTESIAN_POINT('',(4.9,6.3,6.));
#1281 = VECTOR('',#1282,1.);
#1282 = DIRECTION('',(0.,0.,1.));
#1283 = ORIENTED_EDGE('',*,*,#1284,.F.);
#1284 = EDGE_CURVE('',#974,#1277,#1285,.T.);
#1285 = LINE('',#1286,#1287);
#1286 = CARTESIAN_POINT('',(4.9,3.15,6.));
#1287 = VECTOR('',#1288,1.);
#1288 = DIRECTION('',(8.180590707764E-15,-1.,0.));
#1289 = ORIENTED_EDGE('',*,*,#973,.T.);
#1290 = PLANE('',#1291);
#1291 = AXIS2_PLACEMENT_3D('',#1292,#1293,#1294);
#1292 = CARTESIAN_POINT('',(4.9,6.3,6.));
#1293 = DIRECTION('',(1.,8.180590707764E-15,0.));
#1294 = DIRECTION('',(-8.180590707764E-15,1.,0.));
#1295 = ADVANCED_FACE('',(#1296),#1330,.F.);
#1296 = FACE_BOUND('',#1297,.T.);
#1297 = EDGE_LOOP('',(#1298,#1299,#1307,#1315,#1323));
#1298 = ORIENTED_EDGE('',*,*,#1112,.T.);
#1299 = ORIENTED_EDGE('',*,*,#1300,.F.);
#1300 = EDGE_CURVE('',#1301,#1105,#1303,.T.);
#1301 = VERTEX_POINT('',#1302);
#1302 = CARTESIAN_POINT('',(-4.9,-3.1,7.5));
#1303 = LINE('',#1304,#1305);
#1304 = CARTESIAN_POINT('',(-4.9,-7.25,7.5));
#1305 = VECTOR('',#1306,1.);
#1306 = DIRECTION('',(0.,-1.,0.));
#1307 = ORIENTED_EDGE('',*,*,#1308,.F.);
#1308 = EDGE_CURVE('',#1309,#1301,#1311,.T.);
#1309 = VERTEX_POINT('',#1310);
#1310 = CARTESIAN_POINT('',(-6.9,-3.1,7.5));
#1311 = LINE('',#1312,#1313);
#1312 = CARTESIAN_POINT('',(-4.9,-3.1,7.5));
#1313 = VECTOR('',#1314,1.);
#1314 = DIRECTION('',(1.,0.,0.));
#1315 = ORIENTED_EDGE('',*,*,#1316,.F.);
#1316 = EDGE_CURVE('',#1317,#1309,#1319,.T.);
#1317 = VERTEX_POINT('',#1318);
#1318 = CARTESIAN_POINT('',(-6.9,-5.4,7.5));
#1319 = LINE('',#1320,#1321);
#1320 = CARTESIAN_POINT('',(-6.9,0.1125,7.5));
#1321 = VECTOR('',#1322,1.);
#1322 = DIRECTION('',(0.,1.,0.));
#1323 = ORIENTED_EDGE('',*,*,#1324,.F.);
#1324 = EDGE_CURVE('',#1113,#1317,#1325,.T.);
#1325 = CIRCLE('',#1326,0.9);
#1326 = AXIS2_PLACEMENT_3D('',#1327,#1328,#1329);
#1327 = CARTESIAN_POINT('',(-6.,-5.4,7.5));
#1328 = DIRECTION('',(0.,0.,-1.));
#1329 = DIRECTION('',(-1.,0.,0.));
#1330 = PLANE('',#1331);
#1331 = AXIS2_PLACEMENT_3D('',#1332,#1333,#1334);
#1332 = CARTESIAN_POINT('',(-5.9,-5.175,7.5));
#1333 = DIRECTION('',(0.,0.,-1.));
#1334 = DIRECTION('',(-1.,0.,0.));
#1335 = ADVANCED_FACE('',(#1336),#1353,.T.);
#1336 = FACE_BOUND('',#1337,.T.);
#1337 = EDGE_LOOP('',(#1338,#1339,#1347));
#1338 = ORIENTED_EDGE('',*,*,#1137,.T.);
#1339 = ORIENTED_EDGE('',*,*,#1340,.F.);
#1340 = EDGE_CURVE('',#1341,#1130,#1343,.T.);
#1341 = VERTEX_POINT('',#1342);
#1342 = CARTESIAN_POINT('',(-4.9,-6.3,6.));
#1343 = LINE('',#1344,#1345);
#1344 = CARTESIAN_POINT('',(-4.9,-6.3,6.));
#1345 = VECTOR('',#1346,1.);
#1346 = DIRECTION('',(0.,0.,1.));
#1347 = ORIENTED_EDGE('',*,*,#1348,.F.);
#1348 = EDGE_CURVE('',#1138,#1341,#1349,.T.);
#1349 = LINE('',#1350,#1351);
#1350 = CARTESIAN_POINT('',(-4.9,-3.15,6.));
#1351 = VECTOR('',#1352,1.);
#1352 = DIRECTION('',(0.,1.,0.));
#1353 = PLANE('',#1354);
#1354 = AXIS2_PLACEMENT_3D('',#1355,#1356,#1357);
#1355 = CARTESIAN_POINT('',(-4.9,-6.3,6.));
#1356 = DIRECTION('',(-1.,0.,0.));
#1357 = DIRECTION('',(0.,-1.,0.));
#1358 = ADVANCED_FACE('',(#1359),#1370,.T.);
#1359 = FACE_BOUND('',#1360,.T.);
#1360 = EDGE_LOOP('',(#1361,#1362,#1363,#1369));
#1361 = ORIENTED_EDGE('',*,*,#1104,.T.);
#1362 = ORIENTED_EDGE('',*,*,#705,.F.);
#1363 = ORIENTED_EDGE('',*,*,#1364,.T.);
#1364 = EDGE_CURVE('',#698,#1301,#1365,.T.);
#1365 = LINE('',#1366,#1367);
#1366 = CARTESIAN_POINT('',(-4.9,-3.1,11.1));
#1367 = VECTOR('',#1368,1.);
#1368 = DIRECTION('',(0.,0.,-1.));
#1369 = ORIENTED_EDGE('',*,*,#1300,.T.);
#1370 = PLANE('',#1371);
#1371 = AXIS2_PLACEMENT_3D('',#1372,#1373,#1374);
#1372 = CARTESIAN_POINT('',(-4.9,-6.3,6.));
#1373 = DIRECTION('',(-1.,0.,0.));
#1374 = DIRECTION('',(0.,-1.,0.));
#1375 = ADVANCED_FACE('',(#1376,#1400),#1495,.T.);
#1376 = FACE_BOUND('',#1377,.T.);
#1377 = EDGE_LOOP('',(#1378,#1379,#1380,#1386,#1387,#1388,#1389,#1390,
    #1391,#1397,#1398,#1399));
#1378 = ORIENTED_EDGE('',*,*,#231,.T.);
#1379 = ORIENTED_EDGE('',*,*,#435,.T.);
#1380 = ORIENTED_EDGE('',*,*,#1381,.T.);
#1381 = EDGE_CURVE('',#428,#451,#1382,.T.);
#1382 = LINE('',#1383,#1384);
#1383 = CARTESIAN_POINT('',(7.8,-7.8,6.));
#1384 = VECTOR('',#1385,1.);
#1385 = DIRECTION('',(1.,0.,0.));
#1386 = ORIENTED_EDGE('',*,*,#450,.T.);
#1387 = ORIENTED_EDGE('',*,*,#311,.T.);
#1388 = ORIENTED_EDGE('',*,*,#602,.T.);
#1389 = ORIENTED_EDGE('',*,*,#271,.T.);
#1390 = ORIENTED_EDGE('',*,*,#497,.T.);
#1391 = ORIENTED_EDGE('',*,*,#1392,.T.);
#1392 = EDGE_CURVE('',#490,#389,#1393,.T.);
#1393 = LINE('',#1394,#1395);
#1394 = CARTESIAN_POINT('',(-7.8,7.8,6.));
#1395 = VECTOR('',#1396,1.);
#1396 = DIRECTION('',(-1.,0.,0.));
#1397 = ORIENTED_EDGE('',*,*,#388,.T.);
#1398 = ORIENTED_EDGE('',*,*,#191,.T.);
#1399 = ORIENTED_EDGE('',*,*,#372,.T.);
#1400 = FACE_BOUND('',#1401,.T.);
#1401 = EDGE_LOOP('',(#1402,#1403,#1411,#1420,#1428,#1437,#1445,#1451,
    #1452,#1453,#1461,#1470,#1478,#1487,#1493,#1494));
#1402 = ORIENTED_EDGE('',*,*,#1284,.T.);
#1403 = ORIENTED_EDGE('',*,*,#1404,.T.);
#1404 = EDGE_CURVE('',#1277,#1405,#1407,.T.);
#1405 = VERTEX_POINT('',#1406);
#1406 = CARTESIAN_POINT('',(6.,6.3,6.));
#1407 = LINE('',#1408,#1409);
#1408 = CARTESIAN_POINT('',(3.,6.3,6.));
#1409 = VECTOR('',#1410,1.);
#1410 = DIRECTION('',(1.,1.00929365875E-15,0.));
#1411 = ORIENTED_EDGE('',*,*,#1412,.T.);
#1412 = EDGE_CURVE('',#1405,#1413,#1415,.T.);
#1413 = VERTEX_POINT('',#1414);
#1414 = CARTESIAN_POINT('',(6.9,5.4,6.));
#1415 = CIRCLE('',#1416,0.9);
#1416 = AXIS2_PLACEMENT_3D('',#1417,#1418,#1419);
#1417 = CARTESIAN_POINT('',(6.,5.4,6.));
#1418 = DIRECTION('',(0.,0.,-1.));
#1419 = DIRECTION('',(1.,-4.93432455389E-15,0.));
#1420 = ORIENTED_EDGE('',*,*,#1421,.T.);
#1421 = EDGE_CURVE('',#1413,#1422,#1424,.T.);
#1422 = VERTEX_POINT('',#1423);
#1423 = CARTESIAN_POINT('',(6.9,-5.4,6.));
#1424 = LINE('',#1425,#1426);
#1425 = CARTESIAN_POINT('',(6.9,-2.7,6.));
#1426 = VECTOR('',#1427,1.);
#1427 = DIRECTION('',(0.,-1.,0.));
#1428 = ORIENTED_EDGE('',*,*,#1429,.T.);
#1429 = EDGE_CURVE('',#1422,#1430,#1432,.T.);
#1430 = VERTEX_POINT('',#1431);
#1431 = CARTESIAN_POINT('',(6.,-6.3,6.));
#1432 = CIRCLE('',#1433,0.9);
#1433 = AXIS2_PLACEMENT_3D('',#1434,#1435,#1436);
#1434 = CARTESIAN_POINT('',(6.,-5.4,6.));
#1435 = DIRECTION('',(0.,0.,-1.));
#1436 = DIRECTION('',(-3.700743415417E-15,-1.,-0.));
#1437 = ORIENTED_EDGE('',*,*,#1438,.T.);
#1438 = EDGE_CURVE('',#1430,#1439,#1441,.T.);
#1439 = VERTEX_POINT('',#1440);
#1440 = CARTESIAN_POINT('',(4.9,-6.3,6.));
#1441 = LINE('',#1442,#1443);
#1442 = CARTESIAN_POINT('',(2.45,-6.3,6.));
#1443 = VECTOR('',#1444,1.);
#1444 = DIRECTION('',(-1.,0.,0.));
#1445 = ORIENTED_EDGE('',*,*,#1446,.T.);
#1446 = EDGE_CURVE('',#1439,#1146,#1447,.T.);
#1447 = LINE('',#1448,#1449);
#1448 = CARTESIAN_POINT('',(4.9,-3.625,6.));
#1449 = VECTOR('',#1450,1.);
#1450 = DIRECTION('',(-5.843279076974E-16,-1.,0.));
#1451 = ORIENTED_EDGE('',*,*,#1145,.T.);
#1452 = ORIENTED_EDGE('',*,*,#1348,.T.);
#1453 = ORIENTED_EDGE('',*,*,#1454,.T.);
#1454 = EDGE_CURVE('',#1341,#1455,#1457,.T.);
#1455 = VERTEX_POINT('',#1456);
#1456 = CARTESIAN_POINT('',(-6.,-6.3,6.));
#1457 = LINE('',#1458,#1459);
#1458 = CARTESIAN_POINT('',(-3.,-6.3,6.));
#1459 = VECTOR('',#1460,1.);
#1460 = DIRECTION('',(-1.,-1.00929365875E-15,0.));
#1461 = ORIENTED_EDGE('',*,*,#1462,.T.);
#1462 = EDGE_CURVE('',#1455,#1463,#1465,.T.);
#1463 = VERTEX_POINT('',#1464);
#1464 = CARTESIAN_POINT('',(-6.9,-5.4,6.));
#1465 = CIRCLE('',#1466,0.9);
#1466 = AXIS2_PLACEMENT_3D('',#1467,#1468,#1469);
#1467 = CARTESIAN_POINT('',(-6.,-5.4,6.));
#1468 = DIRECTION('',(0.,0.,-1.));
#1469 = DIRECTION('',(-1.,0.,0.));
#1470 = ORIENTED_EDGE('',*,*,#1471,.T.);
#1471 = EDGE_CURVE('',#1463,#1472,#1474,.T.);
#1472 = VERTEX_POINT('',#1473);
#1473 = CARTESIAN_POINT('',(-6.9,5.4,6.));
#1474 = LINE('',#1475,#1476);
#1475 = CARTESIAN_POINT('',(-6.9,2.7,6.));
#1476 = VECTOR('',#1477,1.);
#1477 = DIRECTION('',(0.,1.,0.));
#1478 = ORIENTED_EDGE('',*,*,#1479,.T.);
#1479 = EDGE_CURVE('',#1472,#1480,#1482,.T.);
#1480 = VERTEX_POINT('',#1481);
#1481 = CARTESIAN_POINT('',(-6.,6.3,6.));
#1482 = CIRCLE('',#1483,0.9);
#1483 = AXIS2_PLACEMENT_3D('',#1484,#1485,#1486);
#1484 = CARTESIAN_POINT('',(-6.,5.4,6.));
#1485 = DIRECTION('',(0.,0.,-1.));
#1486 = DIRECTION('',(4.93432455389E-15,1.,0.));
#1487 = ORIENTED_EDGE('',*,*,#1488,.T.);
#1488 = EDGE_CURVE('',#1480,#941,#1489,.T.);
#1489 = LINE('',#1490,#1491);
#1490 = CARTESIAN_POINT('',(-2.45,6.3,6.));
#1491 = VECTOR('',#1492,1.);
#1492 = DIRECTION('',(1.,-3.02788097625E-15,0.));
#1493 = ORIENTED_EDGE('',*,*,#940,.T.);
#1494 = ORIENTED_EDGE('',*,*,#981,.T.);
#1495 = PLANE('',#1496);
#1496 = AXIS2_PLACEMENT_3D('',#1497,#1498,#1499);
#1497 = CARTESIAN_POINT('',(0.,0.,6.));
#1498 = DIRECTION('',(0.,0.,1.));
#1499 = DIRECTION('',(1.,0.,-0.));
#1500 = ADVANCED_FACE('',(#1501),#1526,.F.);
#1501 = FACE_BOUND('',#1502,.T.);
#1502 = EDGE_LOOP('',(#1503,#1504,#1512,#1520));
#1503 = ORIENTED_EDGE('',*,*,#1234,.T.);
#1504 = ORIENTED_EDGE('',*,*,#1505,.T.);
#1505 = EDGE_CURVE('',#1227,#1506,#1508,.T.);
#1506 = VERTEX_POINT('',#1507);
#1507 = CARTESIAN_POINT('',(-4.25,-4.05,6.9));
#1508 = LINE('',#1509,#1510);
#1509 = CARTESIAN_POINT('',(-4.25,-4.05,11.1));
#1510 = VECTOR('',#1511,1.);
#1511 = DIRECTION('',(0.,0.,-1.));
#1512 = ORIENTED_EDGE('',*,*,#1513,.T.);
#1513 = EDGE_CURVE('',#1506,#1514,#1516,.T.);
#1514 = VERTEX_POINT('',#1515);
#1515 = CARTESIAN_POINT('',(-1.4,-4.05,6.9));
#1516 = LINE('',#1517,#1518);
#1517 = CARTESIAN_POINT('',(-1.4,-4.05,6.9));
#1518 = VECTOR('',#1519,1.);
#1519 = DIRECTION('',(1.,0.,0.));
#1520 = ORIENTED_EDGE('',*,*,#1521,.F.);
#1521 = EDGE_CURVE('',#1235,#1514,#1522,.T.);
#1522 = LINE('',#1523,#1524);
#1523 = CARTESIAN_POINT('',(-1.4,-4.05,11.1));
#1524 = VECTOR('',#1525,1.);
#1525 = DIRECTION('',(0.,0.,-1.));
#1526 = PLANE('',#1527);
#1527 = AXIS2_PLACEMENT_3D('',#1528,#1529,#1530);
#1528 = CARTESIAN_POINT('',(-4.25,-4.05,11.1));
#1529 = DIRECTION('',(0.,1.,0.));
#1530 = DIRECTION('',(1.,0.,0.));
#1531 = ADVANCED_FACE('',(#1532),#1574,.F.);
#1532 = FACE_BOUND('',#1533,.T.);
#1533 = EDGE_LOOP('',(#1534,#1535,#1543,#1551,#1559,#1567,#1573));
#1534 = ORIENTED_EDGE('',*,*,#1226,.T.);
#1535 = ORIENTED_EDGE('',*,*,#1536,.T.);
#1536 = EDGE_CURVE('',#1219,#1537,#1539,.T.);
#1537 = VERTEX_POINT('',#1538);
#1538 = CARTESIAN_POINT('',(-4.25,-5.7,6.9));
#1539 = LINE('',#1540,#1541);
#1540 = CARTESIAN_POINT('',(-4.25,-4.05,6.9));
#1541 = VECTOR('',#1542,1.);
#1542 = DIRECTION('',(0.,1.,0.));
#1543 = ORIENTED_EDGE('',*,*,#1544,.T.);
#1544 = EDGE_CURVE('',#1537,#1545,#1547,.T.);
#1545 = VERTEX_POINT('',#1546);
#1546 = CARTESIAN_POINT('',(-4.25,-5.7,5.6));
#1547 = LINE('',#1548,#1549);
#1548 = CARTESIAN_POINT('',(-4.25,-5.7,6.9));
#1549 = VECTOR('',#1550,1.);
#1550 = DIRECTION('',(0.,0.,-1.));
#1551 = ORIENTED_EDGE('',*,*,#1552,.F.);
#1552 = EDGE_CURVE('',#1553,#1545,#1555,.T.);
#1553 = VERTEX_POINT('',#1554);
#1554 = CARTESIAN_POINT('',(-4.25,-4.5,5.6));
#1555 = LINE('',#1556,#1557);
#1556 = CARTESIAN_POINT('',(-4.25,-5.45,5.6));
#1557 = VECTOR('',#1558,1.);
#1558 = DIRECTION('',(0.,-1.,0.));
#1559 = ORIENTED_EDGE('',*,*,#1560,.F.);
#1560 = EDGE_CURVE('',#1561,#1553,#1563,.T.);
#1561 = VERTEX_POINT('',#1562);
#1562 = CARTESIAN_POINT('',(-4.25,-4.5,6.9));
#1563 = LINE('',#1564,#1565);
#1564 = CARTESIAN_POINT('',(-4.25,-4.5,6.9));
#1565 = VECTOR('',#1566,1.);
#1566 = DIRECTION('',(0.,0.,-1.));
#1567 = ORIENTED_EDGE('',*,*,#1568,.T.);
#1568 = EDGE_CURVE('',#1561,#1506,#1569,.T.);
#1569 = LINE('',#1570,#1571);
#1570 = CARTESIAN_POINT('',(-4.25,-4.05,6.9));
#1571 = VECTOR('',#1572,1.);
#1572 = DIRECTION('',(0.,1.,0.));
#1573 = ORIENTED_EDGE('',*,*,#1505,.F.);
#1574 = PLANE('',#1575);
#1575 = AXIS2_PLACEMENT_3D('',#1576,#1577,#1578);
#1576 = CARTESIAN_POINT('',(-4.25,-7.25,11.1));
#1577 = DIRECTION('',(-1.,0.,0.));
#1578 = DIRECTION('',(0.,1.,0.));
#1579 = ADVANCED_FACE('',(#1580),#1598,.T.);
#1580 = FACE_BOUND('',#1581,.T.);
#1581 = EDGE_LOOP('',(#1582,#1583,#1591,#1597));
#1582 = ORIENTED_EDGE('',*,*,#1218,.T.);
#1583 = ORIENTED_EDGE('',*,*,#1584,.F.);
#1584 = EDGE_CURVE('',#1585,#1211,#1587,.T.);
#1585 = VERTEX_POINT('',#1586);
#1586 = CARTESIAN_POINT('',(4.25,-5.7,6.9));
#1587 = LINE('',#1588,#1589);
#1588 = CARTESIAN_POINT('',(4.25,-7.25,6.9));
#1589 = VECTOR('',#1590,1.);
#1590 = DIRECTION('',(0.,-1.,0.));
#1591 = ORIENTED_EDGE('',*,*,#1592,.T.);
#1592 = EDGE_CURVE('',#1585,#1537,#1593,.T.);
#1593 = LINE('',#1594,#1595);
#1594 = CARTESIAN_POINT('',(2.125,-5.7,6.9));
#1595 = VECTOR('',#1596,1.);
#1596 = DIRECTION('',(-1.,0.,0.));
#1597 = ORIENTED_EDGE('',*,*,#1536,.F.);
#1598 = PLANE('',#1599);
#1599 = AXIS2_PLACEMENT_3D('',#1600,#1601,#1602);
#1600 = CARTESIAN_POINT('',(0.,-5.62682646407,6.9));
#1601 = DIRECTION('',(0.,0.,1.));
#1602 = DIRECTION('',(1.,0.,-0.));
#1603 = ADVANCED_FACE('',(#1604),#1646,.F.);
#1604 = FACE_BOUND('',#1605,.T.);
#1605 = EDGE_LOOP('',(#1606,#1607,#1615,#1623,#1631,#1639,#1645));
#1606 = ORIENTED_EDGE('',*,*,#1210,.T.);
#1607 = ORIENTED_EDGE('',*,*,#1608,.T.);
#1608 = EDGE_CURVE('',#1203,#1609,#1611,.T.);
#1609 = VERTEX_POINT('',#1610);
#1610 = CARTESIAN_POINT('',(4.25,-4.05,6.9));
#1611 = LINE('',#1612,#1613);
#1612 = CARTESIAN_POINT('',(4.25,-4.05,11.1));
#1613 = VECTOR('',#1614,1.);
#1614 = DIRECTION('',(0.,0.,-1.));
#1615 = ORIENTED_EDGE('',*,*,#1616,.T.);
#1616 = EDGE_CURVE('',#1609,#1617,#1619,.T.);
#1617 = VERTEX_POINT('',#1618);
#1618 = CARTESIAN_POINT('',(4.25,-4.5,6.9));
#1619 = LINE('',#1620,#1621);
#1620 = CARTESIAN_POINT('',(4.25,-7.25,6.9));
#1621 = VECTOR('',#1622,1.);
#1622 = DIRECTION('',(0.,-1.,0.));
#1623 = ORIENTED_EDGE('',*,*,#1624,.T.);
#1624 = EDGE_CURVE('',#1617,#1625,#1627,.T.);
#1625 = VERTEX_POINT('',#1626);
#1626 = CARTESIAN_POINT('',(4.25,-4.5,5.6));
#1627 = LINE('',#1628,#1629);
#1628 = CARTESIAN_POINT('',(4.25,-4.5,6.9));
#1629 = VECTOR('',#1630,1.);
#1630 = DIRECTION('',(0.,0.,-1.));
#1631 = ORIENTED_EDGE('',*,*,#1632,.F.);
#1632 = EDGE_CURVE('',#1633,#1625,#1635,.T.);
#1633 = VERTEX_POINT('',#1634);
#1634 = CARTESIAN_POINT('',(4.25,-5.7,5.6));
#1635 = LINE('',#1636,#1637);
#1636 = CARTESIAN_POINT('',(4.25,-4.85,5.6));
#1637 = VECTOR('',#1638,1.);
#1638 = DIRECTION('',(0.,1.,0.));
#1639 = ORIENTED_EDGE('',*,*,#1640,.F.);
#1640 = EDGE_CURVE('',#1585,#1633,#1641,.T.);
#1641 = LINE('',#1642,#1643);
#1642 = CARTESIAN_POINT('',(4.25,-5.7,6.9));
#1643 = VECTOR('',#1644,1.);
#1644 = DIRECTION('',(0.,0.,-1.));
#1645 = ORIENTED_EDGE('',*,*,#1584,.T.);
#1646 = PLANE('',#1647);
#1647 = AXIS2_PLACEMENT_3D('',#1648,#1649,#1650);
#1648 = CARTESIAN_POINT('',(4.25,-4.05,11.1));
#1649 = DIRECTION('',(1.,0.,0.));
#1650 = DIRECTION('',(0.,-1.,0.));
#1651 = ADVANCED_FACE('',(#1652),#1670,.F.);
#1652 = FACE_BOUND('',#1653,.T.);
#1653 = EDGE_LOOP('',(#1654,#1655,#1663,#1669));
#1654 = ORIENTED_EDGE('',*,*,#1202,.T.);
#1655 = ORIENTED_EDGE('',*,*,#1656,.T.);
#1656 = EDGE_CURVE('',#1194,#1657,#1659,.T.);
#1657 = VERTEX_POINT('',#1658);
#1658 = CARTESIAN_POINT('',(1.4,-4.05,6.9));
#1659 = LINE('',#1660,#1661);
#1660 = CARTESIAN_POINT('',(1.4,-4.05,11.1));
#1661 = VECTOR('',#1662,1.);
#1662 = DIRECTION('',(0.,0.,-1.));
#1663 = ORIENTED_EDGE('',*,*,#1664,.T.);
#1664 = EDGE_CURVE('',#1657,#1609,#1665,.T.);
#1665 = LINE('',#1666,#1667);
#1666 = CARTESIAN_POINT('',(4.25,-4.05,6.9));
#1667 = VECTOR('',#1668,1.);
#1668 = DIRECTION('',(1.,0.,0.));
#1669 = ORIENTED_EDGE('',*,*,#1608,.F.);
#1670 = PLANE('',#1671);
#1671 = AXIS2_PLACEMENT_3D('',#1672,#1673,#1674);
#1672 = CARTESIAN_POINT('',(1.4,-4.05,11.1));
#1673 = DIRECTION('',(0.,1.,0.));
#1674 = DIRECTION('',(1.,0.,0.));
#1675 = ADVANCED_FACE('',(#1676),#1687,.T.);
#1676 = FACE_BOUND('',#1677,.T.);
#1677 = EDGE_LOOP('',(#1678,#1679,#1685,#1686));
#1678 = ORIENTED_EDGE('',*,*,#1186,.T.);
#1679 = ORIENTED_EDGE('',*,*,#1680,.T.);
#1680 = EDGE_CURVE('',#1179,#869,#1681,.T.);
#1681 = LINE('',#1682,#1683);
#1682 = CARTESIAN_POINT('',(4.9,-7.25,7.5));
#1683 = VECTOR('',#1684,1.);
#1684 = DIRECTION('',(0.,1.,0.));
#1685 = ORIENTED_EDGE('',*,*,#868,.F.);
#1686 = ORIENTED_EDGE('',*,*,#738,.F.);
#1687 = PLANE('',#1688);
#1688 = AXIS2_PLACEMENT_3D('',#1689,#1690,#1691);
#1689 = CARTESIAN_POINT('',(4.9,-7.25,6.));
#1690 = DIRECTION('',(1.,-5.843279076974E-16,0.));
#1691 = DIRECTION('',(5.843279076974E-16,1.,0.));
#1692 = ADVANCED_FACE('',(#1693),#1707,.F.);
#1693 = FACE_BOUND('',#1694,.F.);
#1694 = EDGE_LOOP('',(#1695,#1696,#1697,#1698,#1705,#1706));
#1695 = ORIENTED_EDGE('',*,*,#721,.T.);
#1696 = ORIENTED_EDGE('',*,*,#1193,.F.);
#1697 = ORIENTED_EDGE('',*,*,#1656,.T.);
#1698 = ORIENTED_EDGE('',*,*,#1699,.F.);
#1699 = EDGE_CURVE('',#1514,#1657,#1700,.T.);
#1700 = CIRCLE('',#1701,1.75);
#1701 = AXIS2_PLACEMENT_3D('',#1702,#1703,#1704);
#1702 = CARTESIAN_POINT('',(0.,-5.1,6.9));
#1703 = DIRECTION('',(0.,0.,-1.));
#1704 = DIRECTION('',(0.8,0.6,0.));
#1705 = ORIENTED_EDGE('',*,*,#1521,.F.);
#1706 = ORIENTED_EDGE('',*,*,#1242,.F.);
#1707 = CYLINDRICAL_SURFACE('',#1708,1.75);
#1708 = AXIS2_PLACEMENT_3D('',#1709,#1710,#1711);
#1709 = CARTESIAN_POINT('',(0.,-5.1,11.1));
#1710 = DIRECTION('',(0.,0.,-1.));
#1711 = DIRECTION('',(0.8,0.6,0.));
#1712 = ADVANCED_FACE('',(#1713),#1724,.F.);
#1713 = FACE_BOUND('',#1714,.T.);
#1714 = EDGE_LOOP('',(#1715,#1721,#1722,#1723));
#1715 = ORIENTED_EDGE('',*,*,#1716,.F.);
#1716 = EDGE_CURVE('',#1545,#1633,#1717,.T.);
#1717 = LINE('',#1718,#1719);
#1718 = CARTESIAN_POINT('',(2.125,-5.7,5.6));
#1719 = VECTOR('',#1720,1.);
#1720 = DIRECTION('',(1.,0.,0.));
#1721 = ORIENTED_EDGE('',*,*,#1544,.F.);
#1722 = ORIENTED_EDGE('',*,*,#1592,.F.);
#1723 = ORIENTED_EDGE('',*,*,#1640,.T.);
#1724 = PLANE('',#1725);
#1725 = AXIS2_PLACEMENT_3D('',#1726,#1727,#1728);
#1726 = CARTESIAN_POINT('',(4.25,-5.7,6.9));
#1727 = DIRECTION('',(0.,-1.,0.));
#1728 = DIRECTION('',(-1.,0.,0.));
#1729 = ADVANCED_FACE('',(#1730),#1746,.F.);
#1730 = FACE_BOUND('',#1731,.T.);
#1731 = EDGE_LOOP('',(#1732,#1738,#1739,#1745));
#1732 = ORIENTED_EDGE('',*,*,#1733,.F.);
#1733 = EDGE_CURVE('',#1625,#1553,#1734,.T.);
#1734 = LINE('',#1735,#1736);
#1735 = CARTESIAN_POINT('',(-2.125,-4.5,5.6));
#1736 = VECTOR('',#1737,1.);
#1737 = DIRECTION('',(-1.,0.,0.));
#1738 = ORIENTED_EDGE('',*,*,#1624,.F.);
#1739 = ORIENTED_EDGE('',*,*,#1740,.F.);
#1740 = EDGE_CURVE('',#1561,#1617,#1741,.T.);
#1741 = LINE('',#1742,#1743);
#1742 = CARTESIAN_POINT('',(-2.125,-4.5,6.9));
#1743 = VECTOR('',#1744,1.);
#1744 = DIRECTION('',(1.,0.,0.));
#1745 = ORIENTED_EDGE('',*,*,#1560,.T.);
#1746 = PLANE('',#1747);
#1747 = AXIS2_PLACEMENT_3D('',#1748,#1749,#1750);
#1748 = CARTESIAN_POINT('',(-4.25,-4.5,6.9));
#1749 = DIRECTION('',(0.,1.,0.));
#1750 = DIRECTION('',(1.,0.,0.));
#1751 = ADVANCED_FACE('',(#1752),#1760,.T.);
#1752 = FACE_BOUND('',#1753,.T.);
#1753 = EDGE_LOOP('',(#1754,#1755,#1756,#1757,#1758,#1759));
#1754 = ORIENTED_EDGE('',*,*,#1740,.T.);
#1755 = ORIENTED_EDGE('',*,*,#1616,.F.);
#1756 = ORIENTED_EDGE('',*,*,#1664,.F.);
#1757 = ORIENTED_EDGE('',*,*,#1699,.F.);
#1758 = ORIENTED_EDGE('',*,*,#1513,.F.);
#1759 = ORIENTED_EDGE('',*,*,#1568,.F.);
#1760 = PLANE('',#1761);
#1761 = AXIS2_PLACEMENT_3D('',#1762,#1763,#1764);
#1762 = CARTESIAN_POINT('',(0.,-5.62682646407,6.9));
#1763 = DIRECTION('',(0.,0.,1.));
#1764 = DIRECTION('',(1.,0.,-0.));
#1765 = ADVANCED_FACE('',(#1766),#1778,.F.);
#1766 = FACE_BOUND('',#1767,.T.);
#1767 = EDGE_LOOP('',(#1768,#1769,#1775,#1776,#1777));
#1768 = ORIENTED_EDGE('',*,*,#617,.F.);
#1769 = ORIENTED_EDGE('',*,*,#1770,.F.);
#1770 = EDGE_CURVE('',#1309,#618,#1771,.T.);
#1771 = LINE('',#1772,#1773);
#1772 = CARTESIAN_POINT('',(-6.9,-3.1,8.55));
#1773 = VECTOR('',#1774,1.);
#1774 = DIRECTION('',(0.,0.,1.));
#1775 = ORIENTED_EDGE('',*,*,#1308,.T.);
#1776 = ORIENTED_EDGE('',*,*,#1364,.F.);
#1777 = ORIENTED_EDGE('',*,*,#697,.F.);
#1778 = PLANE('',#1779);
#1779 = AXIS2_PLACEMENT_3D('',#1780,#1781,#1782);
#1780 = CARTESIAN_POINT('',(-6.9,-3.1,11.1));
#1781 = DIRECTION('',(0.,1.,0.));
#1782 = DIRECTION('',(1.,0.,0.));
#1783 = ADVANCED_FACE('',(#1784),#1803,.F.);
#1784 = FACE_BOUND('',#1785,.T.);
#1785 = EDGE_LOOP('',(#1786,#1787,#1795,#1801,#1802));
#1786 = ORIENTED_EDGE('',*,*,#835,.F.);
#1787 = ORIENTED_EDGE('',*,*,#1788,.F.);
#1788 = EDGE_CURVE('',#1789,#836,#1791,.T.);
#1789 = VERTEX_POINT('',#1790);
#1790 = CARTESIAN_POINT('',(6.9,3.1,7.5));
#1791 = LINE('',#1792,#1793);
#1792 = CARTESIAN_POINT('',(6.9,3.1,8.55));
#1793 = VECTOR('',#1794,1.);
#1794 = DIRECTION('',(0.,0.,1.));
#1795 = ORIENTED_EDGE('',*,*,#1796,.T.);
#1796 = EDGE_CURVE('',#1789,#1261,#1797,.T.);
#1797 = LINE('',#1798,#1799);
#1798 = CARTESIAN_POINT('',(4.9,3.1,7.5));
#1799 = VECTOR('',#1800,1.);
#1800 = DIRECTION('',(-1.,0.,0.));
#1801 = ORIENTED_EDGE('',*,*,#1260,.F.);
#1802 = ORIENTED_EDGE('',*,*,#762,.F.);
#1803 = PLANE('',#1804);
#1804 = AXIS2_PLACEMENT_3D('',#1805,#1806,#1807);
#1805 = CARTESIAN_POINT('',(6.9,3.1,11.1));
#1806 = DIRECTION('',(0.,-1.,0.));
#1807 = DIRECTION('',(-1.,0.,0.));
#1808 = ADVANCED_FACE('',(#1809),#1836,.F.);
#1809 = FACE_BOUND('',#1810,.T.);
#1810 = EDGE_LOOP('',(#1811,#1822,#1828,#1829,#1830));
#1811 = ORIENTED_EDGE('',*,*,#1812,.F.);
#1812 = EDGE_CURVE('',#1813,#1815,#1817,.T.);
#1813 = VERTEX_POINT('',#1814);
#1814 = CARTESIAN_POINT('',(6.,6.3,7.5));
#1815 = VERTEX_POINT('',#1816);
#1816 = CARTESIAN_POINT('',(6.9,5.4,7.5));
#1817 = CIRCLE('',#1818,0.9);
#1818 = AXIS2_PLACEMENT_3D('',#1819,#1820,#1821);
#1819 = CARTESIAN_POINT('',(6.,5.4,7.5));
#1820 = DIRECTION('',(0.,0.,-1.));
#1821 = DIRECTION('',(1.,-4.93432455389E-15,0.));
#1822 = ORIENTED_EDGE('',*,*,#1823,.F.);
#1823 = EDGE_CURVE('',#1269,#1813,#1824,.T.);
#1824 = LINE('',#1825,#1826);
#1825 = CARTESIAN_POINT('',(5.95,6.3,7.5));
#1826 = VECTOR('',#1827,1.);
#1827 = DIRECTION('',(1.,1.00929365875E-15,0.));
#1828 = ORIENTED_EDGE('',*,*,#1268,.F.);
#1829 = ORIENTED_EDGE('',*,*,#1796,.F.);
#1830 = ORIENTED_EDGE('',*,*,#1831,.F.);
#1831 = EDGE_CURVE('',#1815,#1789,#1832,.T.);
#1832 = LINE('',#1833,#1834);
#1833 = CARTESIAN_POINT('',(6.9,-0.1125,7.5));
#1834 = VECTOR('',#1835,1.);
#1835 = DIRECTION('',(0.,-1.,0.));
#1836 = PLANE('',#1837);
#1837 = AXIS2_PLACEMENT_3D('',#1838,#1839,#1840);
#1838 = CARTESIAN_POINT('',(5.9,5.175,7.5));
#1839 = DIRECTION('',(0.,0.,-1.));
#1840 = DIRECTION('',(-1.,0.,0.));
#1841 = ADVANCED_FACE('',(#1842),#1869,.F.);
#1842 = FACE_BOUND('',#1843,.T.);
#1843 = EDGE_LOOP('',(#1844,#1855,#1861,#1862,#1863));
#1844 = ORIENTED_EDGE('',*,*,#1845,.F.);
#1845 = EDGE_CURVE('',#1846,#1848,#1850,.T.);
#1846 = VERTEX_POINT('',#1847);
#1847 = CARTESIAN_POINT('',(-6.9,5.4,7.5));
#1848 = VERTEX_POINT('',#1849);
#1849 = CARTESIAN_POINT('',(-6.,6.3,7.5));
#1850 = CIRCLE('',#1851,0.9);
#1851 = AXIS2_PLACEMENT_3D('',#1852,#1853,#1854);
#1852 = CARTESIAN_POINT('',(-6.,5.4,7.5));
#1853 = DIRECTION('',(0.,0.,-1.));
#1854 = DIRECTION('',(4.93432455389E-15,1.,0.));
#1855 = ORIENTED_EDGE('',*,*,#1856,.F.);
#1856 = EDGE_CURVE('',#675,#1846,#1857,.T.);
#1857 = LINE('',#1858,#1859);
#1858 = CARTESIAN_POINT('',(-6.9,5.2875,7.5));
#1859 = VECTOR('',#1860,1.);
#1860 = DIRECTION('',(0.,1.,0.));
#1861 = ORIENTED_EDGE('',*,*,#674,.F.);
#1862 = ORIENTED_EDGE('',*,*,#956,.F.);
#1863 = ORIENTED_EDGE('',*,*,#1864,.F.);
#1864 = EDGE_CURVE('',#1848,#949,#1865,.T.);
#1865 = LINE('',#1866,#1867);
#1866 = CARTESIAN_POINT('',(-5.4,6.3,7.5));
#1867 = VECTOR('',#1868,1.);
#1868 = DIRECTION('',(1.,-3.02788097625E-15,0.));
#1869 = PLANE('',#1870);
#1870 = AXIS2_PLACEMENT_3D('',#1871,#1872,#1873);
#1871 = CARTESIAN_POINT('',(-5.9,5.175,7.5));
#1872 = DIRECTION('',(0.,0.,-1.));
#1873 = DIRECTION('',(-1.,0.,0.));
#1874 = ADVANCED_FACE('',(#1875),#1895,.F.);
#1875 = FACE_BOUND('',#1876,.T.);
#1876 = EDGE_LOOP('',(#1877,#1878,#1887,#1893,#1894));
#1877 = ORIENTED_EDGE('',*,*,#1178,.T.);
#1878 = ORIENTED_EDGE('',*,*,#1879,.F.);
#1879 = EDGE_CURVE('',#1880,#1170,#1882,.T.);
#1880 = VERTEX_POINT('',#1881);
#1881 = CARTESIAN_POINT('',(6.9,-5.4,7.5));
#1882 = CIRCLE('',#1883,0.9);
#1883 = AXIS2_PLACEMENT_3D('',#1884,#1885,#1886);
#1884 = CARTESIAN_POINT('',(6.,-5.4,7.5));
#1885 = DIRECTION('',(0.,0.,-1.));
#1886 = DIRECTION('',(-3.700743415417E-15,-1.,-0.));
#1887 = ORIENTED_EDGE('',*,*,#1888,.F.);
#1888 = EDGE_CURVE('',#877,#1880,#1889,.T.);
#1889 = LINE('',#1890,#1891);
#1890 = CARTESIAN_POINT('',(6.9,-5.2875,7.5));
#1891 = VECTOR('',#1892,1.);
#1892 = DIRECTION('',(0.,-1.,0.));
#1893 = ORIENTED_EDGE('',*,*,#876,.F.);
#1894 = ORIENTED_EDGE('',*,*,#1680,.F.);
#1895 = PLANE('',#1896);
#1896 = AXIS2_PLACEMENT_3D('',#1897,#1898,#1899);
#1897 = CARTESIAN_POINT('',(5.9,-5.175,7.5));
#1898 = DIRECTION('',(0.,0.,-1.));
#1899 = DIRECTION('',(-1.,0.,0.));
#1900 = ADVANCED_FACE('',(#1901),#1921,.T.);
#1901 = FACE_BOUND('',#1902,.T.);
#1902 = EDGE_LOOP('',(#1903,#1904,#1905,#1906,#1912,#1913,#1919,#1920));
#1903 = ORIENTED_EDGE('',*,*,#643,.F.);
#1904 = ORIENTED_EDGE('',*,*,#682,.T.);
#1905 = ORIENTED_EDGE('',*,*,#1856,.T.);
#1906 = ORIENTED_EDGE('',*,*,#1907,.F.);
#1907 = EDGE_CURVE('',#1472,#1846,#1908,.T.);
#1908 = LINE('',#1909,#1910);
#1909 = CARTESIAN_POINT('',(-6.9,5.4,6.));
#1910 = VECTOR('',#1911,1.);
#1911 = DIRECTION('',(0.,0.,1.));
#1912 = ORIENTED_EDGE('',*,*,#1471,.F.);
#1913 = ORIENTED_EDGE('',*,*,#1914,.T.);
#1914 = EDGE_CURVE('',#1463,#1317,#1915,.T.);
#1915 = LINE('',#1916,#1917);
#1916 = CARTESIAN_POINT('',(-6.9,-5.4,6.));
#1917 = VECTOR('',#1918,1.);
#1918 = DIRECTION('',(0.,0.,1.));
#1919 = ORIENTED_EDGE('',*,*,#1316,.T.);
#1920 = ORIENTED_EDGE('',*,*,#1770,.T.);
#1921 = PLANE('',#1922);
#1922 = AXIS2_PLACEMENT_3D('',#1923,#1924,#1925);
#1923 = CARTESIAN_POINT('',(-6.9,5.4,6.));
#1924 = DIRECTION('',(-1.,0.,0.));
#1925 = DIRECTION('',(0.,-1.,0.));
#1926 = ADVANCED_FACE('',(#1927),#1938,.T.);
#1927 = FACE_BOUND('',#1928,.T.);
#1928 = EDGE_LOOP('',(#1929,#1930,#1936,#1937));
#1929 = ORIENTED_EDGE('',*,*,#1845,.T.);
#1930 = ORIENTED_EDGE('',*,*,#1931,.F.);
#1931 = EDGE_CURVE('',#1480,#1848,#1932,.T.);
#1932 = LINE('',#1933,#1934);
#1933 = CARTESIAN_POINT('',(-6.,6.3,6.));
#1934 = VECTOR('',#1935,1.);
#1935 = DIRECTION('',(0.,0.,1.));
#1936 = ORIENTED_EDGE('',*,*,#1479,.F.);
#1937 = ORIENTED_EDGE('',*,*,#1907,.T.);
#1938 = CYLINDRICAL_SURFACE('',#1939,0.9);
#1939 = AXIS2_PLACEMENT_3D('',#1940,#1941,#1942);
#1940 = CARTESIAN_POINT('',(-6.,5.4,6.));
#1941 = DIRECTION('',(0.,0.,1.));
#1942 = DIRECTION('',(4.93432455389E-15,1.,-0.));
#1943 = ADVANCED_FACE('',(#1944),#1950,.T.);
#1944 = FACE_BOUND('',#1945,.T.);
#1945 = EDGE_LOOP('',(#1946,#1947,#1948,#1949));
#1946 = ORIENTED_EDGE('',*,*,#1864,.T.);
#1947 = ORIENTED_EDGE('',*,*,#948,.F.);
#1948 = ORIENTED_EDGE('',*,*,#1488,.F.);
#1949 = ORIENTED_EDGE('',*,*,#1931,.T.);
#1950 = PLANE('',#1951);
#1951 = AXIS2_PLACEMENT_3D('',#1952,#1953,#1954);
#1952 = CARTESIAN_POINT('',(-4.9,6.3,6.));
#1953 = DIRECTION('',(3.02788097625E-15,1.,0.));
#1954 = DIRECTION('',(-1.,3.02788097625E-15,0.));
#1955 = ADVANCED_FACE('',(#1956),#1976,.T.);
#1956 = FACE_BOUND('',#1957,.T.);
#1957 = EDGE_LOOP('',(#1958,#1959,#1960,#1961,#1967,#1968,#1974,#1975));
#1958 = ORIENTED_EDGE('',*,*,#852,.F.);
#1959 = ORIENTED_EDGE('',*,*,#884,.T.);
#1960 = ORIENTED_EDGE('',*,*,#1888,.T.);
#1961 = ORIENTED_EDGE('',*,*,#1962,.F.);
#1962 = EDGE_CURVE('',#1422,#1880,#1963,.T.);
#1963 = LINE('',#1964,#1965);
#1964 = CARTESIAN_POINT('',(6.9,-5.4,6.));
#1965 = VECTOR('',#1966,1.);
#1966 = DIRECTION('',(0.,0.,1.));
#1967 = ORIENTED_EDGE('',*,*,#1421,.F.);
#1968 = ORIENTED_EDGE('',*,*,#1969,.T.);
#1969 = EDGE_CURVE('',#1413,#1815,#1970,.T.);
#1970 = LINE('',#1971,#1972);
#1971 = CARTESIAN_POINT('',(6.9,5.4,6.));
#1972 = VECTOR('',#1973,1.);
#1973 = DIRECTION('',(0.,0.,1.));
#1974 = ORIENTED_EDGE('',*,*,#1831,.T.);
#1975 = ORIENTED_EDGE('',*,*,#1788,.T.);
#1976 = PLANE('',#1977);
#1977 = AXIS2_PLACEMENT_3D('',#1978,#1979,#1980);
#1978 = CARTESIAN_POINT('',(6.9,-5.4,6.));
#1979 = DIRECTION('',(1.,0.,0.));
#1980 = DIRECTION('',(-0.,1.,0.));
#1981 = ADVANCED_FACE('',(#1982),#1994,.T.);
#1982 = FACE_BOUND('',#1983,.T.);
#1983 = EDGE_LOOP('',(#1984,#1985,#1991,#1992,#1993));
#1984 = ORIENTED_EDGE('',*,*,#1169,.T.);
#1985 = ORIENTED_EDGE('',*,*,#1986,.F.);
#1986 = EDGE_CURVE('',#1430,#1162,#1987,.T.);
#1987 = LINE('',#1988,#1989);
#1988 = CARTESIAN_POINT('',(6.,-6.3,6.));
#1989 = VECTOR('',#1990,1.);
#1990 = DIRECTION('',(0.,0.,1.));
#1991 = ORIENTED_EDGE('',*,*,#1429,.F.);
#1992 = ORIENTED_EDGE('',*,*,#1962,.T.);
#1993 = ORIENTED_EDGE('',*,*,#1879,.T.);
#1994 = CYLINDRICAL_SURFACE('',#1995,0.9);
#1995 = AXIS2_PLACEMENT_3D('',#1996,#1997,#1998);
#1996 = CARTESIAN_POINT('',(6.,-5.4,6.));
#1997 = DIRECTION('',(0.,0.,1.));
#1998 = DIRECTION('',(-3.700743415417E-15,-1.,0.));
#1999 = ADVANCED_FACE('',(#2000),#2011,.T.);
#2000 = FACE_BOUND('',#2001,.T.);
#2001 = EDGE_LOOP('',(#2002,#2003,#2009,#2010));
#2002 = ORIENTED_EDGE('',*,*,#1161,.T.);
#2003 = ORIENTED_EDGE('',*,*,#2004,.F.);
#2004 = EDGE_CURVE('',#1439,#1154,#2005,.T.);
#2005 = LINE('',#2006,#2007);
#2006 = CARTESIAN_POINT('',(4.9,-6.3,6.));
#2007 = VECTOR('',#2008,1.);
#2008 = DIRECTION('',(0.,0.,1.));
#2009 = ORIENTED_EDGE('',*,*,#1438,.F.);
#2010 = ORIENTED_EDGE('',*,*,#1986,.T.);
#2011 = PLANE('',#2012);
#2012 = AXIS2_PLACEMENT_3D('',#2013,#2014,#2015);
#2013 = CARTESIAN_POINT('',(4.9,-6.3,6.));
#2014 = DIRECTION('',(0.,-1.,0.));
#2015 = DIRECTION('',(1.,0.,0.));
#2016 = ADVANCED_FACE('',(#2017),#2028,.T.);
#2017 = FACE_BOUND('',#2018,.T.);
#2018 = EDGE_LOOP('',(#2019,#2020,#2026,#2027));
#2019 = ORIENTED_EDGE('',*,*,#1823,.T.);
#2020 = ORIENTED_EDGE('',*,*,#2021,.F.);
#2021 = EDGE_CURVE('',#1405,#1813,#2022,.T.);
#2022 = LINE('',#2023,#2024);
#2023 = CARTESIAN_POINT('',(6.,6.3,6.));
#2024 = VECTOR('',#2025,1.);
#2025 = DIRECTION('',(0.,0.,1.));
#2026 = ORIENTED_EDGE('',*,*,#1404,.F.);
#2027 = ORIENTED_EDGE('',*,*,#1276,.T.);
#2028 = PLANE('',#2029);
#2029 = AXIS2_PLACEMENT_3D('',#2030,#2031,#2032);
#2030 = CARTESIAN_POINT('',(6.,6.3,6.));
#2031 = DIRECTION('',(-1.00929365875E-15,1.,0.));
#2032 = DIRECTION('',(-1.,-1.00929365875E-15,0.));
#2033 = ADVANCED_FACE('',(#2034),#2040,.T.);
#2034 = FACE_BOUND('',#2035,.T.);
#2035 = EDGE_LOOP('',(#2036,#2037,#2038,#2039));
#2036 = ORIENTED_EDGE('',*,*,#1812,.T.);
#2037 = ORIENTED_EDGE('',*,*,#1969,.F.);
#2038 = ORIENTED_EDGE('',*,*,#1412,.F.);
#2039 = ORIENTED_EDGE('',*,*,#2021,.T.);
#2040 = CYLINDRICAL_SURFACE('',#2041,0.9);
#2041 = AXIS2_PLACEMENT_3D('',#2042,#2043,#2044);
#2042 = CARTESIAN_POINT('',(6.,5.4,6.));
#2043 = DIRECTION('',(0.,0.,1.));
#2044 = DIRECTION('',(1.,-4.93432455389E-15,0.));
#2045 = ADVANCED_FACE('',(#2046),#2051,.T.);
#2046 = FACE_BOUND('',#2047,.T.);
#2047 = EDGE_LOOP('',(#2048,#2049,#2050));
#2048 = ORIENTED_EDGE('',*,*,#1153,.T.);
#2049 = ORIENTED_EDGE('',*,*,#1446,.F.);
#2050 = ORIENTED_EDGE('',*,*,#2004,.T.);
#2051 = PLANE('',#2052);
#2052 = AXIS2_PLACEMENT_3D('',#2053,#2054,#2055);
#2053 = CARTESIAN_POINT('',(4.9,-7.25,6.));
#2054 = DIRECTION('',(1.,-5.843279076974E-16,0.));
#2055 = DIRECTION('',(5.843279076974E-16,1.,0.));
#2056 = ADVANCED_FACE('',(#2057),#2068,.T.);
#2057 = FACE_BOUND('',#2058,.T.);
#2058 = EDGE_LOOP('',(#2059,#2060,#2066,#2067));
#2059 = ORIENTED_EDGE('',*,*,#1129,.T.);
#2060 = ORIENTED_EDGE('',*,*,#2061,.F.);
#2061 = EDGE_CURVE('',#1455,#1121,#2062,.T.);
#2062 = LINE('',#2063,#2064);
#2063 = CARTESIAN_POINT('',(-6.,-6.3,6.));
#2064 = VECTOR('',#2065,1.);
#2065 = DIRECTION('',(0.,0.,1.));
#2066 = ORIENTED_EDGE('',*,*,#1454,.F.);
#2067 = ORIENTED_EDGE('',*,*,#1340,.T.);
#2068 = PLANE('',#2069);
#2069 = AXIS2_PLACEMENT_3D('',#2070,#2071,#2072);
#2070 = CARTESIAN_POINT('',(-6.,-6.3,6.));
#2071 = DIRECTION('',(1.00929365875E-15,-1.,0.));
#2072 = DIRECTION('',(1.,1.00929365875E-15,0.));
#2073 = ADVANCED_FACE('',(#2074),#2081,.T.);
#2074 = FACE_BOUND('',#2075,.T.);
#2075 = EDGE_LOOP('',(#2076,#2077,#2078,#2079,#2080));
#2076 = ORIENTED_EDGE('',*,*,#1120,.T.);
#2077 = ORIENTED_EDGE('',*,*,#1324,.T.);
#2078 = ORIENTED_EDGE('',*,*,#1914,.F.);
#2079 = ORIENTED_EDGE('',*,*,#1462,.F.);
#2080 = ORIENTED_EDGE('',*,*,#2061,.T.);
#2081 = CYLINDRICAL_SURFACE('',#2082,0.9);
#2082 = AXIS2_PLACEMENT_3D('',#2083,#2084,#2085);
#2083 = CARTESIAN_POINT('',(-6.,-5.4,6.));
#2084 = DIRECTION('',(0.,0.,1.));
#2085 = DIRECTION('',(-1.,0.,0.));
#2086 = ADVANCED_FACE('',(#2087),#2121,.F.);
#2087 = FACE_BOUND('',#2088,.T.);
#2088 = EDGE_LOOP('',(#2089,#2099,#2107,#2115));
#2089 = ORIENTED_EDGE('',*,*,#2090,.F.);
#2090 = EDGE_CURVE('',#2091,#2093,#2095,.T.);
#2091 = VERTEX_POINT('',#2092);
#2092 = CARTESIAN_POINT('',(-2.46,2.04,0.2));
#2093 = VERTEX_POINT('',#2094);
#2094 = CARTESIAN_POINT('',(-2.46,2.04,0.));
#2095 = LINE('',#2096,#2097);
#2096 = CARTESIAN_POINT('',(-2.46,2.04,0.));
#2097 = VECTOR('',#2098,1.);
#2098 = DIRECTION('',(0.,0.,-1.));
#2099 = ORIENTED_EDGE('',*,*,#2100,.T.);
#2100 = EDGE_CURVE('',#2091,#2101,#2103,.T.);
#2101 = VERTEX_POINT('',#2102);
#2102 = CARTESIAN_POINT('',(-2.46,2.54,0.2));
#2103 = LINE('',#2104,#2105);
#2104 = CARTESIAN_POINT('',(-2.46,2.54,0.2));
#2105 = VECTOR('',#2106,1.);
#2106 = DIRECTION('',(-1.02798428206E-15,1.,0.));
#2107 = ORIENTED_EDGE('',*,*,#2108,.F.);
#2108 = EDGE_CURVE('',#2109,#2101,#2111,.T.);
#2109 = VERTEX_POINT('',#2110);
#2110 = CARTESIAN_POINT('',(-2.46,2.54,0.));
#2111 = LINE('',#2112,#2113);
#2112 = CARTESIAN_POINT('',(-2.46,2.54,0.));
#2113 = VECTOR('',#2114,1.);
#2114 = DIRECTION('',(0.,0.,1.));
#2115 = ORIENTED_EDGE('',*,*,#2116,.F.);
#2116 = EDGE_CURVE('',#2093,#2109,#2117,.T.);
#2117 = LINE('',#2118,#2119);
#2118 = CARTESIAN_POINT('',(-2.46,1.,0.));
#2119 = VECTOR('',#2120,1.);
#2120 = DIRECTION('',(-1.02798428206E-15,1.,0.));
#2121 = PLANE('',#2122);
#2122 = AXIS2_PLACEMENT_3D('',#2123,#2124,#2125);
#2123 = CARTESIAN_POINT('',(-2.46,2.,0.));
#2124 = DIRECTION('',(1.,1.02798428206E-15,0.));
#2125 = DIRECTION('',(-1.02798428206E-15,1.,0.));
#2126 = ADVANCED_FACE('',(#2127),#2161,.F.);
#2127 = FACE_BOUND('',#2128,.T.);
#2128 = EDGE_LOOP('',(#2129,#2139,#2147,#2155));
#2129 = ORIENTED_EDGE('',*,*,#2130,.F.);
#2130 = EDGE_CURVE('',#2131,#2133,#2135,.T.);
#2131 = VERTEX_POINT('',#2132);
#2132 = CARTESIAN_POINT('',(-5.16,2.54,0.));
#2133 = VERTEX_POINT('',#2134);
#2134 = CARTESIAN_POINT('',(-5.16,2.,0.));
#2135 = LINE('',#2136,#2137);
#2136 = CARTESIAN_POINT('',(-5.16,1.27,0.));
#2137 = VECTOR('',#2138,1.);
#2138 = DIRECTION('',(2.055968564121E-15,-1.,0.));
#2139 = ORIENTED_EDGE('',*,*,#2140,.T.);
#2140 = EDGE_CURVE('',#2131,#2141,#2143,.T.);
#2141 = VERTEX_POINT('',#2142);
#2142 = CARTESIAN_POINT('',(-5.16,2.54,0.2));
#2143 = LINE('',#2144,#2145);
#2144 = CARTESIAN_POINT('',(-5.16,2.54,0.));
#2145 = VECTOR('',#2146,1.);
#2146 = DIRECTION('',(0.,0.,1.));
#2147 = ORIENTED_EDGE('',*,*,#2148,.T.);
#2148 = EDGE_CURVE('',#2141,#2149,#2151,.T.);
#2149 = VERTEX_POINT('',#2150);
#2150 = CARTESIAN_POINT('',(-5.16,2.,0.2));
#2151 = LINE('',#2152,#2153);
#2152 = CARTESIAN_POINT('',(-5.16,2.,0.2));
#2153 = VECTOR('',#2154,1.);
#2154 = DIRECTION('',(2.055968564121E-15,-1.,0.));
#2155 = ORIENTED_EDGE('',*,*,#2156,.F.);
#2156 = EDGE_CURVE('',#2133,#2149,#2157,.T.);
#2157 = LINE('',#2158,#2159);
#2158 = CARTESIAN_POINT('',(-5.16,2.,0.));
#2159 = VECTOR('',#2160,1.);
#2160 = DIRECTION('',(0.,0.,1.));
#2161 = PLANE('',#2162);
#2162 = AXIS2_PLACEMENT_3D('',#2163,#2164,#2165);
#2163 = CARTESIAN_POINT('',(-5.16,2.54,0.));
#2164 = DIRECTION('',(-1.,-2.055968564121E-15,0.));
#2165 = DIRECTION('',(2.055968564121E-15,-1.,0.));
#2166 = ADVANCED_FACE('',(#2167),#2185,.F.);
#2167 = FACE_BOUND('',#2168,.F.);
#2168 = EDGE_LOOP('',(#2169,#2170,#2177,#2178));
#2169 = ORIENTED_EDGE('',*,*,#2140,.T.);
#2170 = ORIENTED_EDGE('',*,*,#2171,.F.);
#2171 = EDGE_CURVE('',#2101,#2141,#2172,.T.);
#2172 = CIRCLE('',#2173,1.35);
#2173 = AXIS2_PLACEMENT_3D('',#2174,#2175,#2176);
#2174 = CARTESIAN_POINT('',(-3.81,2.54,0.2));
#2175 = DIRECTION('',(0.,0.,1.));
#2176 = DIRECTION('',(-1.,0.,0.));
#2177 = ORIENTED_EDGE('',*,*,#2108,.F.);
#2178 = ORIENTED_EDGE('',*,*,#2179,.T.);
#2179 = EDGE_CURVE('',#2109,#2131,#2180,.T.);
#2180 = CIRCLE('',#2181,1.35);
#2181 = AXIS2_PLACEMENT_3D('',#2182,#2183,#2184);
#2182 = CARTESIAN_POINT('',(-3.81,2.54,0.));
#2183 = DIRECTION('',(0.,0.,1.));
#2184 = DIRECTION('',(-1.,0.,0.));
#2185 = CYLINDRICAL_SURFACE('',#2186,1.35);
#2186 = AXIS2_PLACEMENT_3D('',#2187,#2188,#2189);
#2187 = CARTESIAN_POINT('',(-3.81,2.54,0.));
#2188 = DIRECTION('',(0.,0.,1.));
#2189 = DIRECTION('',(-1.,0.,0.));
#2190 = ADVANCED_FACE('',(#2191,#2210),#2244,.F.);
#2191 = FACE_BOUND('',#2192,.T.);
#2192 = EDGE_LOOP('',(#2193,#2201,#2207,#2208,#2209));
#2193 = ORIENTED_EDGE('',*,*,#2194,.F.);
#2194 = EDGE_CURVE('',#2195,#2091,#2197,.T.);
#2195 = VERTEX_POINT('',#2196);
#2196 = CARTESIAN_POINT('',(-2.5,2.,0.2));
#2197 = LINE('',#2198,#2199);
#2198 = CARTESIAN_POINT('',(-2.657153350459,1.842846649541,0.2));
#2199 = VECTOR('',#2200,1.);
#2200 = DIRECTION('',(0.707106781187,0.707106781187,0.));
#2201 = ORIENTED_EDGE('',*,*,#2202,.F.);
#2202 = EDGE_CURVE('',#2149,#2195,#2203,.T.);
#2203 = LINE('',#2204,#2205);
#2204 = CARTESIAN_POINT('',(-5.405,2.,0.2));
#2205 = VECTOR('',#2206,1.);
#2206 = DIRECTION('',(1.,0.,0.));
#2207 = ORIENTED_EDGE('',*,*,#2148,.F.);
#2208 = ORIENTED_EDGE('',*,*,#2171,.F.);
#2209 = ORIENTED_EDGE('',*,*,#2100,.F.);
#2210 = FACE_BOUND('',#2211,.T.);
#2211 = EDGE_LOOP('',(#2212,#2222,#2230,#2238));
#2212 = ORIENTED_EDGE('',*,*,#2213,.F.);
#2213 = EDGE_CURVE('',#2214,#2216,#2218,.T.);
#2214 = VERTEX_POINT('',#2215);
#2215 = CARTESIAN_POINT('',(-3.41,2.74,0.2));
#2216 = VERTEX_POINT('',#2217);
#2217 = CARTESIAN_POINT('',(-3.41,2.34,0.2));
#2218 = LINE('',#2219,#2220);
#2219 = CARTESIAN_POINT('',(-3.41,2.510693299082,0.2));
#2220 = VECTOR('',#2221,1.);
#2221 = DIRECTION('',(0.,-1.,0.));
#2222 = ORIENTED_EDGE('',*,*,#2223,.F.);
#2223 = EDGE_CURVE('',#2224,#2214,#2226,.T.);
#2224 = VERTEX_POINT('',#2225);
#2225 = CARTESIAN_POINT('',(-4.21,2.74,0.2));
#2226 = LINE('',#2227,#2228);
#2227 = CARTESIAN_POINT('',(-3.61,2.74,0.2));
#2228 = VECTOR('',#2229,1.);
#2229 = DIRECTION('',(1.,0.,0.));
#2230 = ORIENTED_EDGE('',*,*,#2231,.F.);
#2231 = EDGE_CURVE('',#2232,#2224,#2234,.T.);
#2232 = VERTEX_POINT('',#2233);
#2233 = CARTESIAN_POINT('',(-4.21,2.34,0.2));
#2234 = LINE('',#2235,#2236);
#2235 = CARTESIAN_POINT('',(-4.21,2.710693299082,0.2));
#2236 = VECTOR('',#2237,1.);
#2237 = DIRECTION('',(0.,1.,0.));
#2238 = ORIENTED_EDGE('',*,*,#2239,.F.);
#2239 = EDGE_CURVE('',#2216,#2232,#2240,.T.);
#2240 = LINE('',#2241,#2242);
#2241 = CARTESIAN_POINT('',(-4.01,2.34,0.2));
#2242 = VECTOR('',#2243,1.);
#2243 = DIRECTION('',(-1.,3.469446951954E-16,0.));
#2244 = PLANE('',#2245);
#2245 = AXIS2_PLACEMENT_3D('',#2246,#2247,#2248);
#2246 = CARTESIAN_POINT('',(-3.81,2.681386598163,0.2));
#2247 = DIRECTION('',(0.,0.,1.));
#2248 = DIRECTION('',(1.,0.,-0.));
#2249 = ADVANCED_FACE('',(#2250),#2284,.F.);
#2250 = FACE_BOUND('',#2251,.T.);
#2251 = EDGE_LOOP('',(#2252,#2262,#2270,#2278));
#2252 = ORIENTED_EDGE('',*,*,#2253,.F.);
#2253 = EDGE_CURVE('',#2254,#2256,#2258,.T.);
#2254 = VERTEX_POINT('',#2255);
#2255 = CARTESIAN_POINT('',(1.5,3.77,0.));
#2256 = VERTEX_POINT('',#2257);
#2257 = CARTESIAN_POINT('',(2.54,3.77,0.));
#2258 = LINE('',#2259,#2260);
#2259 = CARTESIAN_POINT('',(0.75,3.77,0.));
#2260 = VECTOR('',#2261,1.);
#2261 = DIRECTION('',(1.,0.,0.));
#2262 = ORIENTED_EDGE('',*,*,#2263,.F.);
#2263 = EDGE_CURVE('',#2264,#2254,#2266,.T.);
#2264 = VERTEX_POINT('',#2265);
#2265 = CARTESIAN_POINT('',(1.5,3.77,0.2));
#2266 = LINE('',#2267,#2268);
#2267 = CARTESIAN_POINT('',(1.5,3.77,0.));
#2268 = VECTOR('',#2269,1.);
#2269 = DIRECTION('',(0.,0.,-1.));
#2270 = ORIENTED_EDGE('',*,*,#2271,.T.);
#2271 = EDGE_CURVE('',#2264,#2272,#2274,.T.);
#2272 = VERTEX_POINT('',#2273);
#2273 = CARTESIAN_POINT('',(2.54,3.77,0.2));
#2274 = LINE('',#2275,#2276);
#2275 = CARTESIAN_POINT('',(2.54,3.77,0.2));
#2276 = VECTOR('',#2277,1.);
#2277 = DIRECTION('',(1.,0.,0.));
#2278 = ORIENTED_EDGE('',*,*,#2279,.F.);
#2279 = EDGE_CURVE('',#2256,#2272,#2280,.T.);
#2280 = LINE('',#2281,#2282);
#2281 = CARTESIAN_POINT('',(2.54,3.77,0.));
#2282 = VECTOR('',#2283,1.);
#2283 = DIRECTION('',(0.,0.,1.));
#2284 = PLANE('',#2285);
#2285 = AXIS2_PLACEMENT_3D('',#2286,#2287,#2288);
#2286 = CARTESIAN_POINT('',(1.5,3.77,0.));
#2287 = DIRECTION('',(0.,-1.,0.));
#2288 = DIRECTION('',(1.,0.,0.));
#2289 = ADVANCED_FACE('',(#2290),#2324,.F.);
#2290 = FACE_BOUND('',#2291,.T.);
#2291 = EDGE_LOOP('',(#2292,#2302,#2310,#2318));
#2292 = ORIENTED_EDGE('',*,*,#2293,.F.);
#2293 = EDGE_CURVE('',#2294,#2296,#2298,.T.);
#2294 = VERTEX_POINT('',#2295);
#2295 = CARTESIAN_POINT('',(2.54,6.47,0.));
#2296 = VERTEX_POINT('',#2297);
#2297 = CARTESIAN_POINT('',(1.5,6.47,0.));
#2298 = LINE('',#2299,#2300);
#2299 = CARTESIAN_POINT('',(1.27,6.47,0.));
#2300 = VECTOR('',#2301,1.);
#2301 = DIRECTION('',(-1.,0.,0.));
#2302 = ORIENTED_EDGE('',*,*,#2303,.T.);
#2303 = EDGE_CURVE('',#2294,#2304,#2306,.T.);
#2304 = VERTEX_POINT('',#2305);
#2305 = CARTESIAN_POINT('',(2.54,6.47,0.2));
#2306 = LINE('',#2307,#2308);
#2307 = CARTESIAN_POINT('',(2.54,6.47,0.));
#2308 = VECTOR('',#2309,1.);
#2309 = DIRECTION('',(0.,0.,1.));
#2310 = ORIENTED_EDGE('',*,*,#2311,.T.);
#2311 = EDGE_CURVE('',#2304,#2312,#2314,.T.);
#2312 = VERTEX_POINT('',#2313);
#2313 = CARTESIAN_POINT('',(1.5,6.47,0.2));
#2314 = LINE('',#2315,#2316);
#2315 = CARTESIAN_POINT('',(1.5,6.47,0.2));
#2316 = VECTOR('',#2317,1.);
#2317 = DIRECTION('',(-1.,0.,0.));
#2318 = ORIENTED_EDGE('',*,*,#2319,.F.);
#2319 = EDGE_CURVE('',#2296,#2312,#2320,.T.);
#2320 = LINE('',#2321,#2322);
#2321 = CARTESIAN_POINT('',(1.5,6.47,0.));
#2322 = VECTOR('',#2323,1.);
#2323 = DIRECTION('',(0.,0.,1.));
#2324 = PLANE('',#2325);
#2325 = AXIS2_PLACEMENT_3D('',#2326,#2327,#2328);
#2326 = CARTESIAN_POINT('',(2.54,6.47,0.));
#2327 = DIRECTION('',(0.,1.,0.));
#2328 = DIRECTION('',(-1.,0.,0.));
#2329 = ADVANCED_FACE('',(#2330),#2348,.F.);
#2330 = FACE_BOUND('',#2331,.F.);
#2331 = EDGE_LOOP('',(#2332,#2333,#2340,#2341));
#2332 = ORIENTED_EDGE('',*,*,#2303,.T.);
#2333 = ORIENTED_EDGE('',*,*,#2334,.F.);
#2334 = EDGE_CURVE('',#2272,#2304,#2335,.T.);
#2335 = CIRCLE('',#2336,1.35);
#2336 = AXIS2_PLACEMENT_3D('',#2337,#2338,#2339);
#2337 = CARTESIAN_POINT('',(2.54,5.12,0.2));
#2338 = DIRECTION('',(0.,-0.,1.));
#2339 = DIRECTION('',(0.,1.,0.));
#2340 = ORIENTED_EDGE('',*,*,#2279,.F.);
#2341 = ORIENTED_EDGE('',*,*,#2342,.T.);
#2342 = EDGE_CURVE('',#2256,#2294,#2343,.T.);
#2343 = CIRCLE('',#2344,1.35);
#2344 = AXIS2_PLACEMENT_3D('',#2345,#2346,#2347);
#2345 = CARTESIAN_POINT('',(2.54,5.12,0.));
#2346 = DIRECTION('',(0.,-0.,1.));
#2347 = DIRECTION('',(0.,1.,0.));
#2348 = CYLINDRICAL_SURFACE('',#2349,1.35);
#2349 = AXIS2_PLACEMENT_3D('',#2350,#2351,#2352);
#2350 = CARTESIAN_POINT('',(2.54,5.12,0.));
#2351 = DIRECTION('',(0.,0.,1.));
#2352 = DIRECTION('',(0.,1.,0.));
#2353 = ADVANCED_FACE('',(#2354,#2365),#2399,.F.);
#2354 = FACE_BOUND('',#2355,.T.);
#2355 = EDGE_LOOP('',(#2356,#2357,#2358,#2364));
#2356 = ORIENTED_EDGE('',*,*,#2334,.F.);
#2357 = ORIENTED_EDGE('',*,*,#2271,.F.);
#2358 = ORIENTED_EDGE('',*,*,#2359,.F.);
#2359 = EDGE_CURVE('',#2312,#2264,#2360,.T.);
#2360 = LINE('',#2361,#2362);
#2361 = CARTESIAN_POINT('',(1.5,6.06,0.2));
#2362 = VECTOR('',#2363,1.);
#2363 = DIRECTION('',(6.938893903907E-17,-1.,0.));
#2364 = ORIENTED_EDGE('',*,*,#2311,.F.);
#2365 = FACE_BOUND('',#2366,.T.);
#2366 = EDGE_LOOP('',(#2367,#2377,#2385,#2393));
#2367 = ORIENTED_EDGE('',*,*,#2368,.F.);
#2368 = EDGE_CURVE('',#2369,#2371,#2373,.T.);
#2369 = VERTEX_POINT('',#2370);
#2370 = CARTESIAN_POINT('',(2.94,5.27,0.2));
#2371 = VERTEX_POINT('',#2372);
#2372 = CARTESIAN_POINT('',(2.94,4.97,0.2));
#2373 = LINE('',#2374,#2375);
#2374 = CARTESIAN_POINT('',(2.94,5.045,0.2));
#2375 = VECTOR('',#2376,1.);
#2376 = DIRECTION('',(-1.850371707709E-15,-1.,0.));
#2377 = ORIENTED_EDGE('',*,*,#2378,.F.);
#2378 = EDGE_CURVE('',#2379,#2369,#2381,.T.);
#2379 = VERTEX_POINT('',#2380);
#2380 = CARTESIAN_POINT('',(2.14,5.27,0.2));
#2381 = LINE('',#2382,#2383);
#2382 = CARTESIAN_POINT('',(2.667405647746,5.27,0.2));
#2383 = VECTOR('',#2384,1.);
#2384 = DIRECTION('',(1.,0.,0.));
#2385 = ORIENTED_EDGE('',*,*,#2386,.F.);
#2386 = EDGE_CURVE('',#2387,#2379,#2389,.T.);
#2387 = VERTEX_POINT('',#2388);
#2388 = CARTESIAN_POINT('',(2.14,4.97,0.2));
#2389 = LINE('',#2390,#2391);
#2390 = CARTESIAN_POINT('',(2.14,5.195,0.2));
#2391 = VECTOR('',#2392,1.);
#2392 = DIRECTION('',(0.,1.,0.));
#2393 = ORIENTED_EDGE('',*,*,#2394,.F.);
#2394 = EDGE_CURVE('',#2371,#2387,#2395,.T.);
#2395 = LINE('',#2396,#2397);
#2396 = CARTESIAN_POINT('',(2.267405647746,4.97,0.2));
#2397 = VECTOR('',#2398,1.);
#2398 = DIRECTION('',(-1.,0.,0.));
#2399 = PLANE('',#2400);
#2400 = AXIS2_PLACEMENT_3D('',#2401,#2402,#2403);
#2401 = CARTESIAN_POINT('',(2.394811295492,5.12,0.2));
#2402 = DIRECTION('',(0.,0.,1.));
#2403 = DIRECTION('',(1.,0.,-0.));
#2404 = ADVANCED_FACE('',(#2405),#2448,.F.);
#2405 = FACE_BOUND('',#2406,.T.);
#2406 = EDGE_LOOP('',(#2407,#2408,#2409,#2410,#2418,#2426,#2434,#2442));
#2407 = ORIENTED_EDGE('',*,*,#2116,.T.);
#2408 = ORIENTED_EDGE('',*,*,#2179,.T.);
#2409 = ORIENTED_EDGE('',*,*,#2130,.T.);
#2410 = ORIENTED_EDGE('',*,*,#2411,.T.);
#2411 = EDGE_CURVE('',#2133,#2412,#2414,.T.);
#2412 = VERTEX_POINT('',#2413);
#2413 = CARTESIAN_POINT('',(-6.2484375,2.,0.));
#2414 = LINE('',#2415,#2416);
#2415 = CARTESIAN_POINT('',(-3.5,2.,0.));
#2416 = VECTOR('',#2417,1.);
#2417 = DIRECTION('',(-1.,0.,0.));
#2418 = ORIENTED_EDGE('',*,*,#2419,.T.);
#2419 = EDGE_CURVE('',#2412,#2420,#2422,.T.);
#2420 = VERTEX_POINT('',#2421);
#2421 = CARTESIAN_POINT('',(-6.2484375,6.75,1.387778780781E-16));
#2422 = LINE('',#2423,#2424);
#2423 = CARTESIAN_POINT('',(-6.2484375,-3.5,1.387778780781E-16));
#2424 = VECTOR('',#2425,1.);
#2425 = DIRECTION('',(0.,1.,0.));
#2426 = ORIENTED_EDGE('',*,*,#2427,.T.);
#2427 = EDGE_CURVE('',#2420,#2428,#2430,.T.);
#2428 = VERTEX_POINT('',#2429);
#2429 = CARTESIAN_POINT('',(-1.5,6.75,0.));
#2430 = LINE('',#2431,#2432);
#2431 = CARTESIAN_POINT('',(3.5,6.75,-6.938893903907E-17));
#2432 = VECTOR('',#2433,1.);
#2433 = DIRECTION('',(1.,1.500301384629E-16,0.));
#2434 = ORIENTED_EDGE('',*,*,#2435,.T.);
#2435 = EDGE_CURVE('',#2428,#2436,#2438,.T.);
#2436 = VERTEX_POINT('',#2437);
#2437 = CARTESIAN_POINT('',(-1.5,3.,0.));
#2438 = LINE('',#2439,#2440);
#2439 = CARTESIAN_POINT('',(-1.5,1.5,0.));
#2440 = VECTOR('',#2441,1.);
#2441 = DIRECTION('',(6.938893903907E-17,-1.,0.));
#2442 = ORIENTED_EDGE('',*,*,#2443,.T.);
#2443 = EDGE_CURVE('',#2436,#2093,#2444,.T.);
#2444 = LINE('',#2445,#2446);
#2445 = CARTESIAN_POINT('',(-2.375,2.125,0.));
#2446 = VECTOR('',#2447,1.);
#2447 = DIRECTION('',(-0.707106781187,-0.707106781187,0.));
#2448 = PLANE('',#2449);
#2449 = AXIS2_PLACEMENT_3D('',#2450,#2451,#2452);
#2450 = CARTESIAN_POINT('',(8.921435019309E-16,8.921435019309E-16,0.));
#2451 = DIRECTION('',(0.,0.,1.));
#2452 = DIRECTION('',(1.,0.,-0.));
#2453 = ADVANCED_FACE('',(#2454),#2479,.F.);
#2454 = FACE_BOUND('',#2455,.T.);
#2455 = EDGE_LOOP('',(#2456,#2457,#2465,#2473));
#2456 = ORIENTED_EDGE('',*,*,#2231,.T.);
#2457 = ORIENTED_EDGE('',*,*,#2458,.T.);
#2458 = EDGE_CURVE('',#2224,#2459,#2461,.T.);
#2459 = VERTEX_POINT('',#2460);
#2460 = CARTESIAN_POINT('',(-4.21,2.74,2.));
#2461 = LINE('',#2462,#2463);
#2462 = CARTESIAN_POINT('',(-4.21,2.74,0.));
#2463 = VECTOR('',#2464,1.);
#2464 = DIRECTION('',(0.,0.,1.));
#2465 = ORIENTED_EDGE('',*,*,#2466,.T.);
#2466 = EDGE_CURVE('',#2459,#2467,#2469,.T.);
#2467 = VERTEX_POINT('',#2468);
#2468 = CARTESIAN_POINT('',(-4.21,2.34,2.));
#2469 = LINE('',#2470,#2471);
#2470 = CARTESIAN_POINT('',(-4.21,2.34,2.));
#2471 = VECTOR('',#2472,1.);
#2472 = DIRECTION('',(0.,-1.,0.));
#2473 = ORIENTED_EDGE('',*,*,#2474,.F.);
#2474 = EDGE_CURVE('',#2232,#2467,#2475,.T.);
#2475 = LINE('',#2476,#2477);
#2476 = CARTESIAN_POINT('',(-4.21,2.34,0.));
#2477 = VECTOR('',#2478,1.);
#2478 = DIRECTION('',(0.,0.,1.));
#2479 = PLANE('',#2480);
#2480 = AXIS2_PLACEMENT_3D('',#2481,#2482,#2483);
#2481 = CARTESIAN_POINT('',(-4.21,2.74,0.));
#2482 = DIRECTION('',(-1.,0.,0.));
#2483 = DIRECTION('',(0.,-1.,0.));
#2484 = ADVANCED_FACE('',(#2485),#2503,.F.);
#2485 = FACE_BOUND('',#2486,.T.);
#2486 = EDGE_LOOP('',(#2487,#2488,#2496,#2502));
#2487 = ORIENTED_EDGE('',*,*,#2223,.T.);
#2488 = ORIENTED_EDGE('',*,*,#2489,.T.);
#2489 = EDGE_CURVE('',#2214,#2490,#2492,.T.);
#2490 = VERTEX_POINT('',#2491);
#2491 = CARTESIAN_POINT('',(-3.41,2.74,2.));
#2492 = LINE('',#2493,#2494);
#2493 = CARTESIAN_POINT('',(-3.41,2.74,0.));
#2494 = VECTOR('',#2495,1.);
#2495 = DIRECTION('',(0.,0.,1.));
#2496 = ORIENTED_EDGE('',*,*,#2497,.T.);
#2497 = EDGE_CURVE('',#2490,#2459,#2498,.T.);
#2498 = LINE('',#2499,#2500);
#2499 = CARTESIAN_POINT('',(-4.21,2.74,2.));
#2500 = VECTOR('',#2501,1.);
#2501 = DIRECTION('',(-1.,0.,0.));
#2502 = ORIENTED_EDGE('',*,*,#2458,.F.);
#2503 = PLANE('',#2504);
#2504 = AXIS2_PLACEMENT_3D('',#2505,#2506,#2507);
#2505 = CARTESIAN_POINT('',(-3.41,2.74,0.));
#2506 = DIRECTION('',(0.,1.,0.));
#2507 = DIRECTION('',(-1.,0.,0.));
#2508 = ADVANCED_FACE('',(#2509),#2552,.T.);
#2509 = FACE_BOUND('',#2510,.T.);
#2510 = EDGE_LOOP('',(#2511,#2512,#2513,#2514,#2522,#2530,#2538,#2546));
#2511 = ORIENTED_EDGE('',*,*,#2319,.T.);
#2512 = ORIENTED_EDGE('',*,*,#2359,.T.);
#2513 = ORIENTED_EDGE('',*,*,#2263,.T.);
#2514 = ORIENTED_EDGE('',*,*,#2515,.F.);
#2515 = EDGE_CURVE('',#2516,#2254,#2518,.T.);
#2516 = VERTEX_POINT('',#2517);
#2517 = CARTESIAN_POINT('',(1.5,3.,0.));
#2518 = LINE('',#2519,#2520);
#2519 = CARTESIAN_POINT('',(1.5,3.5,0.));
#2520 = VECTOR('',#2521,1.);
#2521 = DIRECTION('',(-6.938893903907E-17,1.,0.));
#2522 = ORIENTED_EDGE('',*,*,#2523,.T.);
#2523 = EDGE_CURVE('',#2516,#2524,#2526,.T.);
#2524 = VERTEX_POINT('',#2525);
#2525 = CARTESIAN_POINT('',(1.5,3.,0.5));
#2526 = LINE('',#2527,#2528);
#2527 = CARTESIAN_POINT('',(1.5,3.,0.));
#2528 = VECTOR('',#2529,1.);
#2529 = DIRECTION('',(0.,0.,1.));
#2530 = ORIENTED_EDGE('',*,*,#2531,.T.);
#2531 = EDGE_CURVE('',#2524,#2532,#2534,.T.);
#2532 = VERTEX_POINT('',#2533);
#2533 = CARTESIAN_POINT('',(1.5,6.783783783784,0.5));
#2534 = LINE('',#2535,#2536);
#2535 = CARTESIAN_POINT('',(1.5,3.5,0.5));
#2536 = VECTOR('',#2537,1.);
#2537 = DIRECTION('',(-6.938893903907E-17,1.,0.));
#2538 = ORIENTED_EDGE('',*,*,#2539,.T.);
#2539 = EDGE_CURVE('',#2532,#2540,#2542,.T.);
#2540 = VERTEX_POINT('',#2541);
#2541 = CARTESIAN_POINT('',(1.5,6.75,0.));
#2542 = LINE('',#2543,#2544);
#2543 = CARTESIAN_POINT('',(1.5,6.740432943396,-0.141592437739));
#2544 = VECTOR('',#2545,1.);
#2545 = DIRECTION('',(4.677776082618E-18,-6.741385799232E-02,
    -0.997725098286));
#2546 = ORIENTED_EDGE('',*,*,#2547,.F.);
#2547 = EDGE_CURVE('',#2296,#2540,#2548,.T.);
#2548 = LINE('',#2549,#2550);
#2549 = CARTESIAN_POINT('',(1.5,3.5,0.));
#2550 = VECTOR('',#2551,1.);
#2551 = DIRECTION('',(-6.938893903907E-17,1.,0.));
#2552 = PLANE('',#2553);
#2553 = AXIS2_PLACEMENT_3D('',#2554,#2555,#2556);
#2554 = CARTESIAN_POINT('',(1.5,7.,0.));
#2555 = DIRECTION('',(-1.,-6.938893903907E-17,0.));
#2556 = DIRECTION('',(6.938893903907E-17,-1.,0.));
#2557 = ADVANCED_FACE('',(#2558),#2583,.F.);
#2558 = FACE_BOUND('',#2559,.T.);
#2559 = EDGE_LOOP('',(#2560,#2561,#2569,#2577));
#2560 = ORIENTED_EDGE('',*,*,#2386,.T.);
#2561 = ORIENTED_EDGE('',*,*,#2562,.T.);
#2562 = EDGE_CURVE('',#2379,#2563,#2565,.T.);
#2563 = VERTEX_POINT('',#2564);
#2564 = CARTESIAN_POINT('',(2.14,5.27,2.));
#2565 = LINE('',#2566,#2567);
#2566 = CARTESIAN_POINT('',(2.14,5.27,0.));
#2567 = VECTOR('',#2568,1.);
#2568 = DIRECTION('',(0.,0.,1.));
#2569 = ORIENTED_EDGE('',*,*,#2570,.T.);
#2570 = EDGE_CURVE('',#2563,#2571,#2573,.T.);
#2571 = VERTEX_POINT('',#2572);
#2572 = CARTESIAN_POINT('',(2.14,4.97,2.));
#2573 = LINE('',#2574,#2575);
#2574 = CARTESIAN_POINT('',(2.14,5.27,2.));
#2575 = VECTOR('',#2576,1.);
#2576 = DIRECTION('',(0.,-1.,0.));
#2577 = ORIENTED_EDGE('',*,*,#2578,.F.);
#2578 = EDGE_CURVE('',#2387,#2571,#2579,.T.);
#2579 = LINE('',#2580,#2581);
#2580 = CARTESIAN_POINT('',(2.14,4.97,0.));
#2581 = VECTOR('',#2582,1.);
#2582 = DIRECTION('',(0.,0.,1.));
#2583 = PLANE('',#2584);
#2584 = AXIS2_PLACEMENT_3D('',#2585,#2586,#2587);
#2585 = CARTESIAN_POINT('',(2.14,5.27,0.));
#2586 = DIRECTION('',(-1.,0.,0.));
#2587 = DIRECTION('',(0.,-1.,0.));
#2588 = ADVANCED_FACE('',(#2589),#2607,.F.);
#2589 = FACE_BOUND('',#2590,.T.);
#2590 = EDGE_LOOP('',(#2591,#2592,#2600,#2606));
#2591 = ORIENTED_EDGE('',*,*,#2378,.T.);
#2592 = ORIENTED_EDGE('',*,*,#2593,.T.);
#2593 = EDGE_CURVE('',#2369,#2594,#2596,.T.);
#2594 = VERTEX_POINT('',#2595);
#2595 = CARTESIAN_POINT('',(2.94,5.27,2.));
#2596 = LINE('',#2597,#2598);
#2597 = CARTESIAN_POINT('',(2.94,5.27,0.));
#2598 = VECTOR('',#2599,1.);
#2599 = DIRECTION('',(0.,0.,1.));
#2600 = ORIENTED_EDGE('',*,*,#2601,.T.);
#2601 = EDGE_CURVE('',#2594,#2563,#2602,.T.);
#2602 = LINE('',#2603,#2604);
#2603 = CARTESIAN_POINT('',(2.94,5.27,2.));
#2604 = VECTOR('',#2605,1.);
#2605 = DIRECTION('',(-1.,0.,0.));
#2606 = ORIENTED_EDGE('',*,*,#2562,.F.);
#2607 = PLANE('',#2608);
#2608 = AXIS2_PLACEMENT_3D('',#2609,#2610,#2611);
#2609 = CARTESIAN_POINT('',(2.94,5.27,0.));
#2610 = DIRECTION('',(0.,1.,0.));
#2611 = DIRECTION('',(-1.,0.,0.));
#2612 = ADVANCED_FACE('',(#2613),#2631,.F.);
#2613 = FACE_BOUND('',#2614,.T.);
#2614 = EDGE_LOOP('',(#2615,#2616,#2624,#2630));
#2615 = ORIENTED_EDGE('',*,*,#2368,.T.);
#2616 = ORIENTED_EDGE('',*,*,#2617,.T.);
#2617 = EDGE_CURVE('',#2371,#2618,#2620,.T.);
#2618 = VERTEX_POINT('',#2619);
#2619 = CARTESIAN_POINT('',(2.94,4.97,2.));
#2620 = LINE('',#2621,#2622);
#2621 = CARTESIAN_POINT('',(2.94,4.97,0.));
#2622 = VECTOR('',#2623,1.);
#2623 = DIRECTION('',(0.,0.,1.));
#2624 = ORIENTED_EDGE('',*,*,#2625,.T.);
#2625 = EDGE_CURVE('',#2618,#2594,#2626,.T.);
#2626 = LINE('',#2627,#2628);
#2627 = CARTESIAN_POINT('',(2.94,4.97,2.));
#2628 = VECTOR('',#2629,1.);
#2629 = DIRECTION('',(1.850371707709E-15,1.,0.));
#2630 = ORIENTED_EDGE('',*,*,#2593,.F.);
#2631 = PLANE('',#2632);
#2632 = AXIS2_PLACEMENT_3D('',#2633,#2634,#2635);
#2633 = CARTESIAN_POINT('',(2.94,4.97,0.));
#2634 = DIRECTION('',(1.,-1.850371707709E-15,0.));
#2635 = DIRECTION('',(1.850371707709E-15,1.,0.));
#2636 = ADVANCED_FACE('',(#2637),#2648,.F.);
#2637 = FACE_BOUND('',#2638,.T.);
#2638 = EDGE_LOOP('',(#2639,#2640,#2641,#2647));
#2639 = ORIENTED_EDGE('',*,*,#2394,.T.);
#2640 = ORIENTED_EDGE('',*,*,#2578,.T.);
#2641 = ORIENTED_EDGE('',*,*,#2642,.T.);
#2642 = EDGE_CURVE('',#2571,#2618,#2643,.T.);
#2643 = LINE('',#2644,#2645);
#2644 = CARTESIAN_POINT('',(2.14,4.97,2.));
#2645 = VECTOR('',#2646,1.);
#2646 = DIRECTION('',(1.,0.,0.));
#2647 = ORIENTED_EDGE('',*,*,#2617,.F.);
#2648 = PLANE('',#2649);
#2649 = AXIS2_PLACEMENT_3D('',#2650,#2651,#2652);
#2650 = CARTESIAN_POINT('',(2.14,4.97,0.));
#2651 = DIRECTION('',(0.,-1.,0.));
#2652 = DIRECTION('',(1.,0.,0.));
#2653 = ADVANCED_FACE('',(#2654),#2660,.F.);
#2654 = FACE_BOUND('',#2655,.T.);
#2655 = EDGE_LOOP('',(#2656,#2657,#2658,#2659));
#2656 = ORIENTED_EDGE('',*,*,#2601,.F.);
#2657 = ORIENTED_EDGE('',*,*,#2625,.F.);
#2658 = ORIENTED_EDGE('',*,*,#2642,.F.);
#2659 = ORIENTED_EDGE('',*,*,#2570,.F.);
#2660 = PLANE('',#2661);
#2661 = AXIS2_PLACEMENT_3D('',#2662,#2663,#2664);
#2662 = CARTESIAN_POINT('',(2.54,5.12,2.));
#2663 = DIRECTION('',(0.,0.,1.));
#2664 = DIRECTION('',(1.,0.,-0.));
#2665 = ADVANCED_FACE('',(#2666),#2684,.F.);
#2666 = FACE_BOUND('',#2667,.T.);
#2667 = EDGE_LOOP('',(#2668,#2669,#2677,#2683));
#2668 = ORIENTED_EDGE('',*,*,#2213,.T.);
#2669 = ORIENTED_EDGE('',*,*,#2670,.T.);
#2670 = EDGE_CURVE('',#2216,#2671,#2673,.T.);
#2671 = VERTEX_POINT('',#2672);
#2672 = CARTESIAN_POINT('',(-3.41,2.34,2.));
#2673 = LINE('',#2674,#2675);
#2674 = CARTESIAN_POINT('',(-3.41,2.34,0.));
#2675 = VECTOR('',#2676,1.);
#2676 = DIRECTION('',(0.,0.,1.));
#2677 = ORIENTED_EDGE('',*,*,#2678,.T.);
#2678 = EDGE_CURVE('',#2671,#2490,#2679,.T.);
#2679 = LINE('',#2680,#2681);
#2680 = CARTESIAN_POINT('',(-3.41,2.74,2.));
#2681 = VECTOR('',#2682,1.);
#2682 = DIRECTION('',(0.,1.,0.));
#2683 = ORIENTED_EDGE('',*,*,#2489,.F.);
#2684 = PLANE('',#2685);
#2685 = AXIS2_PLACEMENT_3D('',#2686,#2687,#2688);
#2686 = CARTESIAN_POINT('',(-3.41,2.34,0.));
#2687 = DIRECTION('',(1.,0.,0.));
#2688 = DIRECTION('',(-0.,1.,0.));
#2689 = ADVANCED_FACE('',(#2690),#2701,.F.);
#2690 = FACE_BOUND('',#2691,.T.);
#2691 = EDGE_LOOP('',(#2692,#2693,#2694,#2700));
#2692 = ORIENTED_EDGE('',*,*,#2239,.T.);
#2693 = ORIENTED_EDGE('',*,*,#2474,.T.);
#2694 = ORIENTED_EDGE('',*,*,#2695,.T.);
#2695 = EDGE_CURVE('',#2467,#2671,#2696,.T.);
#2696 = LINE('',#2697,#2698);
#2697 = CARTESIAN_POINT('',(-3.41,2.34,2.));
#2698 = VECTOR('',#2699,1.);
#2699 = DIRECTION('',(1.,-3.469446951954E-16,0.));
#2700 = ORIENTED_EDGE('',*,*,#2670,.F.);
#2701 = PLANE('',#2702);
#2702 = AXIS2_PLACEMENT_3D('',#2703,#2704,#2705);
#2703 = CARTESIAN_POINT('',(-4.21,2.34,0.));
#2704 = DIRECTION('',(-3.469446951954E-16,-1.,0.));
#2705 = DIRECTION('',(1.,-3.469446951954E-16,0.));
#2706 = ADVANCED_FACE('',(#2707),#2713,.F.);
#2707 = FACE_BOUND('',#2708,.T.);
#2708 = EDGE_LOOP('',(#2709,#2710,#2711,#2712));
#2709 = ORIENTED_EDGE('',*,*,#2497,.F.);
#2710 = ORIENTED_EDGE('',*,*,#2678,.F.);
#2711 = ORIENTED_EDGE('',*,*,#2695,.F.);
#2712 = ORIENTED_EDGE('',*,*,#2466,.F.);
#2713 = PLANE('',#2714);
#2714 = AXIS2_PLACEMENT_3D('',#2715,#2716,#2717);
#2715 = CARTESIAN_POINT('',(-3.81,2.54,2.));
#2716 = DIRECTION('',(0.,0.,1.));
#2717 = DIRECTION('',(1.,0.,-0.));
#2718 = ADVANCED_FACE('',(#2719),#2753,.F.);
#2719 = FACE_BOUND('',#2720,.T.);
#2720 = EDGE_LOOP('',(#2721,#2731,#2739,#2747));
#2721 = ORIENTED_EDGE('',*,*,#2722,.F.);
#2722 = EDGE_CURVE('',#2723,#2725,#2727,.T.);
#2723 = VERTEX_POINT('',#2724);
#2724 = CARTESIAN_POINT('',(-4.7,-6.905405405405,2.3));
#2725 = VERTEX_POINT('',#2726);
#2726 = CARTESIAN_POINT('',(4.7,-6.905405405405,2.3));
#2727 = LINE('',#2728,#2729);
#2728 = CARTESIAN_POINT('',(3.5,-6.905405405405,2.3));
#2729 = VECTOR('',#2730,1.);
#2730 = DIRECTION('',(1.,1.500301384629E-16,0.));
#2731 = ORIENTED_EDGE('',*,*,#2732,.F.);
#2732 = EDGE_CURVE('',#2733,#2723,#2735,.T.);
#2733 = VERTEX_POINT('',#2734);
#2734 = CARTESIAN_POINT('',(-4.7,-6.5,2.3));
#2735 = LINE('',#2736,#2737);
#2736 = CARTESIAN_POINT('',(-4.7,-6.5,2.3));
#2737 = VECTOR('',#2738,1.);
#2738 = DIRECTION('',(0.,-1.,0.));
#2739 = ORIENTED_EDGE('',*,*,#2740,.F.);
#2740 = EDGE_CURVE('',#2741,#2733,#2743,.T.);
#2741 = VERTEX_POINT('',#2742);
#2742 = CARTESIAN_POINT('',(4.7,-6.5,2.3));
#2743 = LINE('',#2744,#2745);
#2744 = CARTESIAN_POINT('',(-2.35,-6.5,2.3));
#2745 = VECTOR('',#2746,1.);
#2746 = DIRECTION('',(-1.,-2.362176648139E-16,0.));
#2747 = ORIENTED_EDGE('',*,*,#2748,.F.);
#2748 = EDGE_CURVE('',#2725,#2741,#2749,.T.);
#2749 = LINE('',#2750,#2751);
#2750 = CARTESIAN_POINT('',(4.7,-7.1,2.3));
#2751 = VECTOR('',#2752,1.);
#2752 = DIRECTION('',(0.,1.,0.));
#2753 = PLANE('',#2754);
#2754 = AXIS2_PLACEMENT_3D('',#2755,#2756,#2757);
#2755 = CARTESIAN_POINT('',(0.,-6.8,2.3));
#2756 = DIRECTION('',(0.,0.,1.));
#2757 = DIRECTION('',(1.,0.,-0.));
#2758 = ADVANCED_FACE('',(#2759),#2784,.F.);
#2759 = FACE_BOUND('',#2760,.T.);
#2760 = EDGE_LOOP('',(#2761,#2762,#2770,#2778));
#2761 = ORIENTED_EDGE('',*,*,#2740,.T.);
#2762 = ORIENTED_EDGE('',*,*,#2763,.T.);
#2763 = EDGE_CURVE('',#2733,#2764,#2766,.T.);
#2764 = VERTEX_POINT('',#2765);
#2765 = CARTESIAN_POINT('',(-4.7,-6.5,5.6));
#2766 = LINE('',#2767,#2768);
#2767 = CARTESIAN_POINT('',(-4.7,-6.5,0.5));
#2768 = VECTOR('',#2769,1.);
#2769 = DIRECTION('',(0.,0.,1.));
#2770 = ORIENTED_EDGE('',*,*,#2771,.T.);
#2771 = EDGE_CURVE('',#2764,#2772,#2774,.T.);
#2772 = VERTEX_POINT('',#2773);
#2773 = CARTESIAN_POINT('',(4.7,-6.5,5.6));
#2774 = LINE('',#2775,#2776);
#2775 = CARTESIAN_POINT('',(-4.7,-6.5,5.6));
#2776 = VECTOR('',#2777,1.);
#2777 = DIRECTION('',(1.,0.,0.));
#2778 = ORIENTED_EDGE('',*,*,#2779,.F.);
#2779 = EDGE_CURVE('',#2741,#2772,#2780,.T.);
#2780 = LINE('',#2781,#2782);
#2781 = CARTESIAN_POINT('',(4.7,-6.5,0.5));
#2782 = VECTOR('',#2783,1.);
#2783 = DIRECTION('',(0.,0.,1.));
#2784 = PLANE('',#2785);
#2785 = AXIS2_PLACEMENT_3D('',#2786,#2787,#2788);
#2786 = CARTESIAN_POINT('',(-4.7,-6.5,0.5));
#2787 = DIRECTION('',(2.362176648139E-16,-1.,0.));
#2788 = DIRECTION('',(1.,2.362176648139E-16,0.));
#2789 = ADVANCED_FACE('',(#2790,#2815),#2821,.F.);
#2790 = FACE_BOUND('',#2791,.T.);
#2791 = EDGE_LOOP('',(#2792,#2802,#2808,#2809));
#2792 = ORIENTED_EDGE('',*,*,#2793,.F.);
#2793 = EDGE_CURVE('',#2794,#2796,#2798,.T.);
#2794 = VERTEX_POINT('',#2795);
#2795 = CARTESIAN_POINT('',(4.7,-3.9,5.6));
#2796 = VERTEX_POINT('',#2797);
#2797 = CARTESIAN_POINT('',(-4.7,-3.9,5.6));
#2798 = LINE('',#2799,#2800);
#2799 = CARTESIAN_POINT('',(4.7,-3.9,5.6));
#2800 = VECTOR('',#2801,1.);
#2801 = DIRECTION('',(-1.,0.,0.));
#2802 = ORIENTED_EDGE('',*,*,#2803,.F.);
#2803 = EDGE_CURVE('',#2772,#2794,#2804,.T.);
#2804 = LINE('',#2805,#2806);
#2805 = CARTESIAN_POINT('',(4.7,-6.5,5.6));
#2806 = VECTOR('',#2807,1.);
#2807 = DIRECTION('',(0.,1.,0.));
#2808 = ORIENTED_EDGE('',*,*,#2771,.F.);
#2809 = ORIENTED_EDGE('',*,*,#2810,.F.);
#2810 = EDGE_CURVE('',#2796,#2764,#2811,.T.);
#2811 = LINE('',#2812,#2813);
#2812 = CARTESIAN_POINT('',(-4.7,-3.9,5.6));
#2813 = VECTOR('',#2814,1.);
#2814 = DIRECTION('',(0.,-1.,0.));
#2815 = FACE_BOUND('',#2816,.T.);
#2816 = EDGE_LOOP('',(#2817,#2818,#2819,#2820));
#2817 = ORIENTED_EDGE('',*,*,#1716,.T.);
#2818 = ORIENTED_EDGE('',*,*,#1632,.T.);
#2819 = ORIENTED_EDGE('',*,*,#1733,.T.);
#2820 = ORIENTED_EDGE('',*,*,#1552,.T.);
#2821 = PLANE('',#2822);
#2822 = AXIS2_PLACEMENT_3D('',#2823,#2824,#2825);
#2823 = CARTESIAN_POINT('',(-5.551115123126E-16,-5.2,5.6));
#2824 = DIRECTION('',(0.,0.,1.));
#2825 = DIRECTION('',(1.,0.,-0.));
#2826 = ADVANCED_FACE('',(#2827),#2854,.F.);
#2827 = FACE_BOUND('',#2828,.T.);
#2828 = EDGE_LOOP('',(#2829,#2839,#2845,#2846,#2847,#2848));
#2829 = ORIENTED_EDGE('',*,*,#2830,.F.);
#2830 = EDGE_CURVE('',#2831,#2833,#2835,.T.);
#2831 = VERTEX_POINT('',#2832);
#2832 = CARTESIAN_POINT('',(4.7,-6.783783783784,0.5));
#2833 = VERTEX_POINT('',#2834);
#2834 = CARTESIAN_POINT('',(4.7,-3.9,0.5));
#2835 = LINE('',#2836,#2837);
#2836 = CARTESIAN_POINT('',(4.7,-3.25,0.5));
#2837 = VECTOR('',#2838,1.);
#2838 = DIRECTION('',(-2.135044278125E-16,1.,0.));
#2839 = ORIENTED_EDGE('',*,*,#2840,.F.);
#2840 = EDGE_CURVE('',#2725,#2831,#2841,.T.);
#2841 = LINE('',#2842,#2843);
#2842 = CARTESIAN_POINT('',(4.7,-6.892610434466,2.110634430104));
#2843 = VECTOR('',#2844,1.);
#2844 = DIRECTION('',(0.,6.741385799232E-02,-0.997725098286));
#2845 = ORIENTED_EDGE('',*,*,#2748,.T.);
#2846 = ORIENTED_EDGE('',*,*,#2779,.T.);
#2847 = ORIENTED_EDGE('',*,*,#2803,.T.);
#2848 = ORIENTED_EDGE('',*,*,#2849,.F.);
#2849 = EDGE_CURVE('',#2833,#2794,#2850,.T.);
#2850 = LINE('',#2851,#2852);
#2851 = CARTESIAN_POINT('',(4.7,-3.9,0.5));
#2852 = VECTOR('',#2853,1.);
#2853 = DIRECTION('',(0.,0.,1.));
#2854 = PLANE('',#2855);
#2855 = AXIS2_PLACEMENT_3D('',#2856,#2857,#2858);
#2856 = CARTESIAN_POINT('',(4.7,-6.5,0.5));
#2857 = DIRECTION('',(1.,2.135044278125E-16,0.));
#2858 = DIRECTION('',(-2.135044278125E-16,1.,0.));
#2859 = ADVANCED_FACE('',(#2860),#2887,.F.);
#2860 = FACE_BOUND('',#2861,.T.);
#2861 = EDGE_LOOP('',(#2862,#2872,#2878,#2879,#2880,#2881));
#2862 = ORIENTED_EDGE('',*,*,#2863,.F.);
#2863 = EDGE_CURVE('',#2864,#2866,#2868,.T.);
#2864 = VERTEX_POINT('',#2865);
#2865 = CARTESIAN_POINT('',(-4.7,-3.9,0.5));
#2866 = VERTEX_POINT('',#2867);
#2867 = CARTESIAN_POINT('',(-4.7,-6.783783783784,0.5));
#2868 = LINE('',#2869,#2870);
#2869 = CARTESIAN_POINT('',(-4.7,-3.25,0.5));
#2870 = VECTOR('',#2871,1.);
#2871 = DIRECTION('',(0.,-1.,0.));
#2872 = ORIENTED_EDGE('',*,*,#2873,.T.);
#2873 = EDGE_CURVE('',#2864,#2796,#2874,.T.);
#2874 = LINE('',#2875,#2876);
#2875 = CARTESIAN_POINT('',(-4.7,-3.9,0.5));
#2876 = VECTOR('',#2877,1.);
#2877 = DIRECTION('',(0.,0.,1.));
#2878 = ORIENTED_EDGE('',*,*,#2810,.T.);
#2879 = ORIENTED_EDGE('',*,*,#2763,.F.);
#2880 = ORIENTED_EDGE('',*,*,#2732,.T.);
#2881 = ORIENTED_EDGE('',*,*,#2882,.F.);
#2882 = EDGE_CURVE('',#2866,#2723,#2883,.T.);
#2883 = LINE('',#2884,#2885);
#2884 = CARTESIAN_POINT('',(-4.7,-6.891247045992,2.090456280676));
#2885 = VECTOR('',#2886,1.);
#2886 = DIRECTION('',(0.,-6.741385799232E-02,0.997725098286));
#2887 = PLANE('',#2888);
#2888 = AXIS2_PLACEMENT_3D('',#2889,#2890,#2891);
#2889 = CARTESIAN_POINT('',(-4.7,-3.9,0.5));
#2890 = DIRECTION('',(-1.,-2.135044278125E-16,0.));
#2891 = DIRECTION('',(2.135044278125E-16,-1.,0.));
#2892 = ADVANCED_FACE('',(#2893),#2936,.F.);
#2893 = FACE_BOUND('',#2894,.T.);
#2894 = EDGE_LOOP('',(#2895,#2903,#2911,#2919,#2927,#2933,#2934,#2935));
#2895 = ORIENTED_EDGE('',*,*,#2896,.F.);
#2896 = EDGE_CURVE('',#2897,#2864,#2899,.T.);
#2897 = VERTEX_POINT('',#2898);
#2898 = CARTESIAN_POINT('',(-2.15,-3.9,0.5));
#2899 = LINE('',#2900,#2901);
#2900 = CARTESIAN_POINT('',(-1.075,-3.9,0.5));
#2901 = VECTOR('',#2902,1.);
#2902 = DIRECTION('',(-1.,0.,0.));
#2903 = ORIENTED_EDGE('',*,*,#2904,.T.);
#2904 = EDGE_CURVE('',#2897,#2905,#2907,.T.);
#2905 = VERTEX_POINT('',#2906);
#2906 = CARTESIAN_POINT('',(-2.15,-3.9,2.5));
#2907 = LINE('',#2908,#2909);
#2908 = CARTESIAN_POINT('',(-2.15,-3.9,0.5));
#2909 = VECTOR('',#2910,1.);
#2910 = DIRECTION('',(0.,0.,1.));
#2911 = ORIENTED_EDGE('',*,*,#2912,.F.);
#2912 = EDGE_CURVE('',#2913,#2905,#2915,.T.);
#2913 = VERTEX_POINT('',#2914);
#2914 = CARTESIAN_POINT('',(2.15,-3.9,2.5));
#2915 = LINE('',#2916,#2917);
#2916 = CARTESIAN_POINT('',(2.35,-3.9,2.5));
#2917 = VECTOR('',#2918,1.);
#2918 = DIRECTION('',(-1.,0.,0.));
#2919 = ORIENTED_EDGE('',*,*,#2920,.F.);
#2920 = EDGE_CURVE('',#2921,#2913,#2923,.T.);
#2921 = VERTEX_POINT('',#2922);
#2922 = CARTESIAN_POINT('',(2.15,-3.9,0.5));
#2923 = LINE('',#2924,#2925);
#2924 = CARTESIAN_POINT('',(2.15,-3.9,0.5));
#2925 = VECTOR('',#2926,1.);
#2926 = DIRECTION('',(0.,0.,1.));
#2927 = ORIENTED_EDGE('',*,*,#2928,.F.);
#2928 = EDGE_CURVE('',#2833,#2921,#2929,.T.);
#2929 = LINE('',#2930,#2931);
#2930 = CARTESIAN_POINT('',(2.35,-3.9,0.5));
#2931 = VECTOR('',#2932,1.);
#2932 = DIRECTION('',(-1.,-2.176907891422E-16,0.));
#2933 = ORIENTED_EDGE('',*,*,#2849,.T.);
#2934 = ORIENTED_EDGE('',*,*,#2793,.T.);
#2935 = ORIENTED_EDGE('',*,*,#2873,.F.);
#2936 = PLANE('',#2937);
#2937 = AXIS2_PLACEMENT_3D('',#2938,#2939,#2940);
#2938 = CARTESIAN_POINT('',(-2.15,-3.9,0.5));
#2939 = DIRECTION('',(0.,1.,0.));
#2940 = DIRECTION('',(-1.,0.,0.));
#2941 = ADVANCED_FACE('',(#2942),#2967,.F.);
#2942 = FACE_BOUND('',#2943,.T.);
#2943 = EDGE_LOOP('',(#2944,#2952,#2960,#2966));
#2944 = ORIENTED_EDGE('',*,*,#2945,.F.);
#2945 = EDGE_CURVE('',#2946,#2897,#2948,.T.);
#2946 = VERTEX_POINT('',#2947);
#2947 = CARTESIAN_POINT('',(-2.15,-2.4,0.5));
#2948 = LINE('',#2949,#2950);
#2949 = CARTESIAN_POINT('',(-2.15,-1.2,0.5));
#2950 = VECTOR('',#2951,1.);
#2951 = DIRECTION('',(1.850371707709E-16,-1.,0.));
#2952 = ORIENTED_EDGE('',*,*,#2953,.T.);
#2953 = EDGE_CURVE('',#2946,#2954,#2956,.T.);
#2954 = VERTEX_POINT('',#2955);
#2955 = CARTESIAN_POINT('',(-2.15,-2.4,2.5));
#2956 = LINE('',#2957,#2958);
#2957 = CARTESIAN_POINT('',(-2.15,-2.4,0.5));
#2958 = VECTOR('',#2959,1.);
#2959 = DIRECTION('',(0.,0.,1.));
#2960 = ORIENTED_EDGE('',*,*,#2961,.T.);
#2961 = EDGE_CURVE('',#2954,#2905,#2962,.T.);
#2962 = LINE('',#2963,#2964);
#2963 = CARTESIAN_POINT('',(-2.15,-3.9,2.5));
#2964 = VECTOR('',#2965,1.);
#2965 = DIRECTION('',(1.850371707709E-16,-1.,0.));
#2966 = ORIENTED_EDGE('',*,*,#2904,.F.);
#2967 = PLANE('',#2968);
#2968 = AXIS2_PLACEMENT_3D('',#2969,#2970,#2971);
#2969 = CARTESIAN_POINT('',(-2.15,-2.4,0.5));
#2970 = DIRECTION('',(-1.,-1.850371707709E-16,0.));
#2971 = DIRECTION('',(1.850371707709E-16,-1.,0.));
#2972 = ADVANCED_FACE('',(#2973),#2998,.F.);
#2973 = FACE_BOUND('',#2974,.T.);
#2974 = EDGE_LOOP('',(#2975,#2983,#2991,#2997));
#2975 = ORIENTED_EDGE('',*,*,#2976,.F.);
#2976 = EDGE_CURVE('',#2977,#2946,#2979,.T.);
#2977 = VERTEX_POINT('',#2978);
#2978 = CARTESIAN_POINT('',(2.15,-2.4,0.5));
#2979 = LINE('',#2980,#2981);
#2980 = CARTESIAN_POINT('',(1.075,-2.4,0.5));
#2981 = VECTOR('',#2982,1.);
#2982 = DIRECTION('',(-1.,0.,0.));
#2983 = ORIENTED_EDGE('',*,*,#2984,.T.);
#2984 = EDGE_CURVE('',#2977,#2985,#2987,.T.);
#2985 = VERTEX_POINT('',#2986);
#2986 = CARTESIAN_POINT('',(2.15,-2.4,2.5));
#2987 = LINE('',#2988,#2989);
#2988 = CARTESIAN_POINT('',(2.15,-2.4,0.5));
#2989 = VECTOR('',#2990,1.);
#2990 = DIRECTION('',(0.,0.,1.));
#2991 = ORIENTED_EDGE('',*,*,#2992,.T.);
#2992 = EDGE_CURVE('',#2985,#2954,#2993,.T.);
#2993 = LINE('',#2994,#2995);
#2994 = CARTESIAN_POINT('',(-2.15,-2.4,2.5));
#2995 = VECTOR('',#2996,1.);
#2996 = DIRECTION('',(-1.,0.,0.));
#2997 = ORIENTED_EDGE('',*,*,#2953,.F.);
#2998 = PLANE('',#2999);
#2999 = AXIS2_PLACEMENT_3D('',#3000,#3001,#3002);
#3000 = CARTESIAN_POINT('',(2.15,-2.4,0.5));
#3001 = DIRECTION('',(0.,1.,0.));
#3002 = DIRECTION('',(-1.,0.,0.));
#3003 = ADVANCED_FACE('',(#3004),#3020,.F.);
#3004 = FACE_BOUND('',#3005,.T.);
#3005 = EDGE_LOOP('',(#3006,#3012,#3013,#3019));
#3006 = ORIENTED_EDGE('',*,*,#3007,.F.);
#3007 = EDGE_CURVE('',#2921,#2977,#3008,.T.);
#3008 = LINE('',#3009,#3010);
#3009 = CARTESIAN_POINT('',(2.15,-1.95,0.5));
#3010 = VECTOR('',#3011,1.);
#3011 = DIRECTION('',(0.,1.,0.));
#3012 = ORIENTED_EDGE('',*,*,#2920,.T.);
#3013 = ORIENTED_EDGE('',*,*,#3014,.T.);
#3014 = EDGE_CURVE('',#2913,#2985,#3015,.T.);
#3015 = LINE('',#3016,#3017);
#3016 = CARTESIAN_POINT('',(2.15,-2.4,2.5));
#3017 = VECTOR('',#3018,1.);
#3018 = DIRECTION('',(0.,1.,0.));
#3019 = ORIENTED_EDGE('',*,*,#2984,.F.);
#3020 = PLANE('',#3021);
#3021 = AXIS2_PLACEMENT_3D('',#3022,#3023,#3024);
#3022 = CARTESIAN_POINT('',(2.15,-3.9,0.5));
#3023 = DIRECTION('',(1.,0.,0.));
#3024 = DIRECTION('',(-0.,1.,0.));
#3025 = ADVANCED_FACE('',(#3026),#3032,.F.);
#3026 = FACE_BOUND('',#3027,.T.);
#3027 = EDGE_LOOP('',(#3028,#3029,#3030,#3031));
#3028 = ORIENTED_EDGE('',*,*,#2912,.T.);
#3029 = ORIENTED_EDGE('',*,*,#2961,.F.);
#3030 = ORIENTED_EDGE('',*,*,#2992,.F.);
#3031 = ORIENTED_EDGE('',*,*,#3014,.F.);
#3032 = PLANE('',#3033);
#3033 = AXIS2_PLACEMENT_3D('',#3034,#3035,#3036);
#3034 = CARTESIAN_POINT('',(-2.775557561563E-16,-4.733333333333,2.5));
#3035 = DIRECTION('',(0.,0.,1.));
#3036 = DIRECTION('',(1.,0.,-0.));
#3037 = ADVANCED_FACE('',(#3038),#3082,.F.);
#3038 = FACE_BOUND('',#3039,.T.);
#3039 = EDGE_LOOP('',(#3040,#3046,#3052,#3060,#3066,#3067,#3075,#3081));
#3040 = ORIENTED_EDGE('',*,*,#3041,.F.);
#3041 = EDGE_CURVE('',#342,#2420,#3042,.T.);
#3042 = LINE('',#3043,#3044);
#3043 = CARTESIAN_POINT('',(-6.24175118107,6.747775860647,
    -3.291726242393E-02));
#3044 = VECTOR('',#3045,1.);
#3045 = DIRECTION('',(0.198624967547,-6.607067527558E-02,-0.977845994079
    ));
#3046 = ORIENTED_EDGE('',*,*,#3047,.F.);
#3047 = EDGE_CURVE('',#587,#342,#3048,.T.);
#3048 = LINE('',#3049,#3050);
#3049 = CARTESIAN_POINT('',(7.,7.,3.7));
#3050 = VECTOR('',#3051,1.);
#3051 = DIRECTION('',(-1.,-1.586032892322E-16,-1.268826313857E-16));
#3052 = ORIENTED_EDGE('',*,*,#3053,.F.);
#3053 = EDGE_CURVE('',#3054,#587,#3056,.T.);
#3054 = VERTEX_POINT('',#3055);
#3055 = CARTESIAN_POINT('',(6.2484375,6.75,0.));
#3056 = LINE('',#3057,#3058);
#3057 = CARTESIAN_POINT('',(6.113437742193,6.705093635657,
    -0.664614192281));
#3058 = VECTOR('',#3059,1.);
#3059 = DIRECTION('',(0.198624967547,6.607067527558E-02,0.977845994079)
  );
#3060 = ORIENTED_EDGE('',*,*,#3061,.F.);
#3061 = EDGE_CURVE('',#2540,#3054,#3062,.T.);
#3062 = LINE('',#3063,#3064);
#3063 = CARTESIAN_POINT('',(3.5,6.75,-6.938893903907E-17));
#3064 = VECTOR('',#3065,1.);
#3065 = DIRECTION('',(1.,1.500301384629E-16,0.));
#3066 = ORIENTED_EDGE('',*,*,#2539,.F.);
#3067 = ORIENTED_EDGE('',*,*,#3068,.F.);
#3068 = EDGE_CURVE('',#3069,#2532,#3071,.T.);
#3069 = VERTEX_POINT('',#3070);
#3070 = CARTESIAN_POINT('',(-1.5,6.783783783784,0.5));
#3071 = LINE('',#3072,#3073);
#3072 = CARTESIAN_POINT('',(3.5,6.783783783784,0.5));
#3073 = VECTOR('',#3074,1.);
#3074 = DIRECTION('',(1.,1.500301384629E-16,0.));
#3075 = ORIENTED_EDGE('',*,*,#3076,.F.);
#3076 = EDGE_CURVE('',#2428,#3069,#3077,.T.);
#3077 = LINE('',#3078,#3079);
#3078 = CARTESIAN_POINT('',(-1.5,6.731343686897,-0.276113433921));
#3079 = VECTOR('',#3080,1.);
#3080 = DIRECTION('',(-4.677776082618E-18,6.741385799232E-02,
    0.997725098286));
#3081 = ORIENTED_EDGE('',*,*,#2427,.F.);
#3082 = PLANE('',#3083);
#3083 = AXIS2_PLACEMENT_3D('',#3084,#3085,#3086);
#3084 = CARTESIAN_POINT('',(7.,6.72972972973,-0.3));
#3085 = DIRECTION('',(1.496888346438E-16,-0.997725098286,
    6.741385799232E-02));
#3086 = DIRECTION('',(-1.069205961741E-17,6.741385799232E-02,
    0.997725098286));
#3087 = ADVANCED_FACE('',(#3088),#3127,.F.);
#3088 = FACE_BOUND('',#3089,.T.);
#3089 = EDGE_LOOP('',(#3090,#3091,#3099,#3105,#3111,#3119,#3125,#3126));
#3090 = ORIENTED_EDGE('',*,*,#2840,.T.);
#3091 = ORIENTED_EDGE('',*,*,#3092,.F.);
#3092 = EDGE_CURVE('',#3093,#2831,#3095,.T.);
#3093 = VERTEX_POINT('',#3094);
#3094 = CARTESIAN_POINT('',(6.35,-6.783783783784,0.5));
#3095 = LINE('',#3096,#3097);
#3096 = CARTESIAN_POINT('',(3.5,-6.783783783784,0.5));
#3097 = VECTOR('',#3098,1.);
#3098 = DIRECTION('',(-1.,-1.500301384629E-16,0.));
#3099 = ORIENTED_EDGE('',*,*,#3100,.F.);
#3100 = EDGE_CURVE('',#579,#3093,#3101,.T.);
#3101 = LINE('',#3102,#3103);
#3102 = CARTESIAN_POINT('',(6.595523416991,-6.865454774883,
    1.708730668263));
#3103 = VECTOR('',#3104,1.);
#3104 = DIRECTION('',(-0.198624967547,6.607067527558E-02,-0.977845994079
    ));
#3105 = ORIENTED_EDGE('',*,*,#3106,.F.);
#3106 = EDGE_CURVE('',#350,#579,#3107,.T.);
#3107 = LINE('',#3108,#3109);
#3108 = CARTESIAN_POINT('',(-1.887379141863E-15,-7.,3.7));
#3109 = VECTOR('',#3110,1.);
#3110 = DIRECTION('',(1.,0.,2.22044604925E-15));
#3111 = ORIENTED_EDGE('',*,*,#3112,.F.);
#3112 = EDGE_CURVE('',#3113,#350,#3115,.T.);
#3113 = VERTEX_POINT('',#3114);
#3114 = CARTESIAN_POINT('',(-6.35,-6.783783783784,0.5));
#3115 = LINE('',#3116,#3117);
#3116 = CARTESIAN_POINT('',(-6.723836855868,-6.908136999873,
    2.34042759812));
#3117 = VECTOR('',#3118,1.);
#3118 = DIRECTION('',(-0.198624967547,-6.607067527558E-02,0.977845994079
    ));
#3119 = ORIENTED_EDGE('',*,*,#3120,.F.);
#3120 = EDGE_CURVE('',#2866,#3113,#3121,.T.);
#3121 = LINE('',#3122,#3123);
#3122 = CARTESIAN_POINT('',(3.5,-6.783783783784,0.5));
#3123 = VECTOR('',#3124,1.);
#3124 = DIRECTION('',(-1.,-1.500301384629E-16,0.));
#3125 = ORIENTED_EDGE('',*,*,#2882,.T.);
#3126 = ORIENTED_EDGE('',*,*,#2722,.T.);
#3127 = PLANE('',#3128);
#3128 = AXIS2_PLACEMENT_3D('',#3129,#3130,#3131);
#3129 = CARTESIAN_POINT('',(7.,-7.,3.7));
#3130 = DIRECTION('',(-1.496888346438E-16,0.997725098286,
    6.741385799232E-02));
#3131 = DIRECTION('',(-1.069205961741E-17,6.741385799232E-02,
    -0.997725098286));
#3132 = ADVANCED_FACE('',(#3133),#3163,.F.);
#3133 = FACE_BOUND('',#3134,.T.);
#3134 = EDGE_LOOP('',(#3135,#3136,#3137,#3138,#3146,#3154,#3160,#3161,
    #3162));
#3135 = ORIENTED_EDGE('',*,*,#2293,.T.);
#3136 = ORIENTED_EDGE('',*,*,#2547,.T.);
#3137 = ORIENTED_EDGE('',*,*,#3061,.T.);
#3138 = ORIENTED_EDGE('',*,*,#3139,.T.);
#3139 = EDGE_CURVE('',#3054,#3140,#3142,.T.);
#3140 = VERTEX_POINT('',#3141);
#3141 = CARTESIAN_POINT('',(6.2484375,2.,0.));
#3142 = LINE('',#3143,#3144);
#3143 = CARTESIAN_POINT('',(6.2484375,-3.5,0.));
#3144 = VECTOR('',#3145,1.);
#3145 = DIRECTION('',(0.,-1.,0.));
#3146 = ORIENTED_EDGE('',*,*,#3147,.T.);
#3147 = EDGE_CURVE('',#3140,#3148,#3150,.T.);
#3148 = VERTEX_POINT('',#3149);
#3149 = CARTESIAN_POINT('',(2.5,2.,0.));
#3150 = LINE('',#3151,#3152);
#3151 = CARTESIAN_POINT('',(1.25,2.,0.));
#3152 = VECTOR('',#3153,1.);
#3153 = DIRECTION('',(-1.,1.233581138472E-16,0.));
#3154 = ORIENTED_EDGE('',*,*,#3155,.T.);
#3155 = EDGE_CURVE('',#3148,#2516,#3156,.T.);
#3156 = LINE('',#3157,#3158);
#3157 = CARTESIAN_POINT('',(1.875,2.625,0.));
#3158 = VECTOR('',#3159,1.);
#3159 = DIRECTION('',(-0.707106781187,0.707106781187,0.));
#3160 = ORIENTED_EDGE('',*,*,#2515,.T.);
#3161 = ORIENTED_EDGE('',*,*,#2253,.T.);
#3162 = ORIENTED_EDGE('',*,*,#2342,.T.);
#3163 = PLANE('',#3164);
#3164 = AXIS2_PLACEMENT_3D('',#3165,#3166,#3167);
#3165 = CARTESIAN_POINT('',(8.921435019309E-16,8.921435019309E-16,0.));
#3166 = DIRECTION('',(0.,0.,1.));
#3167 = DIRECTION('',(1.,0.,-0.));
#3168 = ADVANCED_FACE('',(#3169,#3234,#3245,#3256),#3267,.F.);
#3169 = FACE_BOUND('',#3170,.T.);
#3170 = EDGE_LOOP('',(#3171,#3172,#3173,#3174,#3175,#3176,#3177,#3178,
    #3179,#3187,#3195,#3203,#3209,#3210,#3211,#3219,#3227,#3233));
#3171 = ORIENTED_EDGE('',*,*,#2830,.T.);
#3172 = ORIENTED_EDGE('',*,*,#2928,.T.);
#3173 = ORIENTED_EDGE('',*,*,#3007,.T.);
#3174 = ORIENTED_EDGE('',*,*,#2976,.T.);
#3175 = ORIENTED_EDGE('',*,*,#2945,.T.);
#3176 = ORIENTED_EDGE('',*,*,#2896,.T.);
#3177 = ORIENTED_EDGE('',*,*,#2863,.T.);
#3178 = ORIENTED_EDGE('',*,*,#3120,.T.);
#3179 = ORIENTED_EDGE('',*,*,#3180,.T.);
#3180 = EDGE_CURVE('',#3113,#3181,#3183,.T.);
#3181 = VERTEX_POINT('',#3182);
#3182 = CARTESIAN_POINT('',(-6.35,2.,0.5));
#3183 = LINE('',#3184,#3185);
#3184 = CARTESIAN_POINT('',(-6.35,-3.5,0.5));
#3185 = VECTOR('',#3186,1.);
#3186 = DIRECTION('',(0.,1.,0.));
#3187 = ORIENTED_EDGE('',*,*,#3188,.F.);
#3188 = EDGE_CURVE('',#3189,#3181,#3191,.T.);
#3189 = VERTEX_POINT('',#3190);
#3190 = CARTESIAN_POINT('',(-2.5,2.,0.5));
#3191 = LINE('',#3192,#3193);
#3192 = CARTESIAN_POINT('',(-3.5,2.,0.5));
#3193 = VECTOR('',#3194,1.);
#3194 = DIRECTION('',(-1.,0.,0.));
#3195 = ORIENTED_EDGE('',*,*,#3196,.F.);
#3196 = EDGE_CURVE('',#3197,#3189,#3199,.T.);
#3197 = VERTEX_POINT('',#3198);
#3198 = CARTESIAN_POINT('',(-1.5,3.,0.5));
#3199 = LINE('',#3200,#3201);
#3200 = CARTESIAN_POINT('',(-2.375,2.125,0.5));
#3201 = VECTOR('',#3202,1.);
#3202 = DIRECTION('',(-0.707106781187,-0.707106781187,0.));
#3203 = ORIENTED_EDGE('',*,*,#3204,.F.);
#3204 = EDGE_CURVE('',#3069,#3197,#3205,.T.);
#3205 = LINE('',#3206,#3207);
#3206 = CARTESIAN_POINT('',(-1.5,1.5,0.5));
#3207 = VECTOR('',#3208,1.);
#3208 = DIRECTION('',(6.938893903907E-17,-1.,0.));
#3209 = ORIENTED_EDGE('',*,*,#3068,.T.);
#3210 = ORIENTED_EDGE('',*,*,#2531,.F.);
#3211 = ORIENTED_EDGE('',*,*,#3212,.F.);
#3212 = EDGE_CURVE('',#3213,#2524,#3215,.T.);
#3213 = VERTEX_POINT('',#3214);
#3214 = CARTESIAN_POINT('',(2.5,2.,0.5));
#3215 = LINE('',#3216,#3217);
#3216 = CARTESIAN_POINT('',(1.875,2.625,0.5));
#3217 = VECTOR('',#3218,1.);
#3218 = DIRECTION('',(-0.707106781187,0.707106781187,0.));
#3219 = ORIENTED_EDGE('',*,*,#3220,.F.);
#3220 = EDGE_CURVE('',#3221,#3213,#3223,.T.);
#3221 = VERTEX_POINT('',#3222);
#3222 = CARTESIAN_POINT('',(6.35,2.,0.5));
#3223 = LINE('',#3224,#3225);
#3224 = CARTESIAN_POINT('',(1.25,2.,0.5));
#3225 = VECTOR('',#3226,1.);
#3226 = DIRECTION('',(-1.,1.233581138472E-16,0.));
#3227 = ORIENTED_EDGE('',*,*,#3228,.T.);
#3228 = EDGE_CURVE('',#3221,#3093,#3229,.T.);
#3229 = LINE('',#3230,#3231);
#3230 = CARTESIAN_POINT('',(6.35,-3.5,0.5));
#3231 = VECTOR('',#3232,1.);
#3232 = DIRECTION('',(0.,-1.,0.));
#3233 = ORIENTED_EDGE('',*,*,#3092,.T.);
#3234 = FACE_BOUND('',#3235,.T.);
#3235 = EDGE_LOOP('',(#3236));
#3236 = ORIENTED_EDGE('',*,*,#3237,.F.);
#3237 = EDGE_CURVE('',#3238,#3238,#3240,.T.);
#3238 = VERTEX_POINT('',#3239);
#3239 = CARTESIAN_POINT('',(-1.9,2.32682891838E-16,0.5));
#3240 = CIRCLE('',#3241,1.9);
#3241 = AXIS2_PLACEMENT_3D('',#3242,#3243,#3244);
#3242 = CARTESIAN_POINT('',(0.,0.,0.5));
#3243 = DIRECTION('',(0.,0.,-1.));
#3244 = DIRECTION('',(1.,0.,0.));
#3245 = FACE_BOUND('',#3246,.T.);
#3246 = EDGE_LOOP('',(#3247));
#3247 = ORIENTED_EDGE('',*,*,#3248,.F.);
#3248 = EDGE_CURVE('',#3249,#3249,#3251,.T.);
#3249 = VERTEX_POINT('',#3250);
#3250 = CARTESIAN_POINT('',(-6.05,-5.8,0.5));
#3251 = CIRCLE('',#3252,0.5);
#3252 = AXIS2_PLACEMENT_3D('',#3253,#3254,#3255);
#3253 = CARTESIAN_POINT('',(-5.55,-5.8,0.5));
#3254 = DIRECTION('',(0.,0.,-1.));
#3255 = DIRECTION('',(1.,0.,0.));
#3256 = FACE_BOUND('',#3257,.T.);
#3257 = EDGE_LOOP('',(#3258));
#3258 = ORIENTED_EDGE('',*,*,#3259,.F.);
#3259 = EDGE_CURVE('',#3260,#3260,#3262,.T.);
#3260 = VERTEX_POINT('',#3261);
#3261 = CARTESIAN_POINT('',(5.05,-5.8,0.5));
#3262 = CIRCLE('',#3263,0.5);
#3263 = AXIS2_PLACEMENT_3D('',#3264,#3265,#3266);
#3264 = CARTESIAN_POINT('',(5.55,-5.8,0.5));
#3265 = DIRECTION('',(0.,0.,-1.));
#3266 = DIRECTION('',(1.,0.,0.));
#3267 = PLANE('',#3268);
#3268 = AXIS2_PLACEMENT_3D('',#3269,#3270,#3271);
#3269 = CARTESIAN_POINT('',(1.110223024625E-15,1.110223024625E-15,0.5));
#3270 = DIRECTION('',(0.,0.,1.));
#3271 = DIRECTION('',(1.,0.,-0.));
#3272 = ADVANCED_FACE('',(#3273),#3286,.F.);
#3273 = FACE_BOUND('',#3274,.T.);
#3274 = EDGE_LOOP('',(#3275,#3276,#3277,#3278,#3279,#3285));
#3275 = ORIENTED_EDGE('',*,*,#3053,.T.);
#3276 = ORIENTED_EDGE('',*,*,#586,.F.);
#3277 = ORIENTED_EDGE('',*,*,#3100,.T.);
#3278 = ORIENTED_EDGE('',*,*,#3228,.F.);
#3279 = ORIENTED_EDGE('',*,*,#3280,.F.);
#3280 = EDGE_CURVE('',#3140,#3221,#3281,.T.);
#3281 = LINE('',#3282,#3283);
#3282 = CARTESIAN_POINT('',(6.143703106682,2.,-0.515615474795));
#3283 = VECTOR('',#3284,1.);
#3284 = DIRECTION('',(0.19905992429,-2.4555656803E-17,0.979987319582));
#3285 = ORIENTED_EDGE('',*,*,#3139,.F.);
#3286 = PLANE('',#3287);
#3287 = AXIS2_PLACEMENT_3D('',#3288,#3289,#3290);
#3288 = CARTESIAN_POINT('',(6.1875,-7.,-0.3));
#3289 = DIRECTION('',(-0.979987319582,0.,0.19905992429));
#3290 = DIRECTION('',(0.19905992429,0.,0.979987319582));
#3291 = ADVANCED_FACE('',(#3292),#3298,.T.);
#3292 = FACE_BOUND('',#3293,.T.);
#3293 = EDGE_LOOP('',(#3294,#3295,#3296,#3297));
#3294 = ORIENTED_EDGE('',*,*,#3106,.T.);
#3295 = ORIENTED_EDGE('',*,*,#578,.T.);
#3296 = ORIENTED_EDGE('',*,*,#513,.F.);
#3297 = ORIENTED_EDGE('',*,*,#357,.F.);
#3298 = PLANE('',#3299);
#3299 = AXIS2_PLACEMENT_3D('',#3300,#3301,#3302);
#3300 = CARTESIAN_POINT('',(-7.,-7.,0.));
#3301 = DIRECTION('',(0.,-1.,0.));
#3302 = DIRECTION('',(1.,0.,0.));
#3303 = ADVANCED_FACE('',(#3304),#3317,.F.);
#3304 = FACE_BOUND('',#3305,.T.);
#3305 = EDGE_LOOP('',(#3306,#3307,#3308,#3314,#3315,#3316));
#3306 = ORIENTED_EDGE('',*,*,#3041,.T.);
#3307 = ORIENTED_EDGE('',*,*,#2419,.F.);
#3308 = ORIENTED_EDGE('',*,*,#3309,.F.);
#3309 = EDGE_CURVE('',#3181,#2412,#3310,.T.);
#3310 = LINE('',#3311,#3312);
#3311 = CARTESIAN_POINT('',(-6.639109026964,2.,1.923305978898));
#3312 = VECTOR('',#3313,1.);
#3313 = DIRECTION('',(0.19905992429,0.,-0.979987319582));
#3314 = ORIENTED_EDGE('',*,*,#3180,.F.);
#3315 = ORIENTED_EDGE('',*,*,#3112,.T.);
#3316 = ORIENTED_EDGE('',*,*,#349,.F.);
#3317 = PLANE('',#3318);
#3318 = AXIS2_PLACEMENT_3D('',#3319,#3320,#3321);
#3319 = CARTESIAN_POINT('',(-7.,-7.,3.7));
#3320 = DIRECTION('',(0.979987319582,0.,0.19905992429));
#3321 = DIRECTION('',(0.19905992429,0.,-0.979987319582));
#3322 = ADVANCED_FACE('',(#3323),#3329,.T.);
#3323 = FACE_BOUND('',#3324,.T.);
#3324 = EDGE_LOOP('',(#3325,#3326,#3327,#3328));
#3325 = ORIENTED_EDGE('',*,*,#3047,.T.);
#3326 = ORIENTED_EDGE('',*,*,#341,.T.);
#3327 = ORIENTED_EDGE('',*,*,#562,.F.);
#3328 = ORIENTED_EDGE('',*,*,#594,.F.);
#3329 = PLANE('',#3330);
#3330 = AXIS2_PLACEMENT_3D('',#3331,#3332,#3333);
#3331 = CARTESIAN_POINT('',(7.,7.,0.));
#3332 = DIRECTION('',(-1.586032892322E-16,1.,0.));
#3333 = DIRECTION('',(-1.,-1.586032892322E-16,0.));
#3334 = ADVANCED_FACE('',(#3335),#3346,.T.);
#3335 = FACE_BOUND('',#3336,.T.);
#3336 = EDGE_LOOP('',(#3337,#3338,#3339,#3345));
#3337 = ORIENTED_EDGE('',*,*,#3280,.T.);
#3338 = ORIENTED_EDGE('',*,*,#3220,.T.);
#3339 = ORIENTED_EDGE('',*,*,#3340,.F.);
#3340 = EDGE_CURVE('',#3148,#3213,#3341,.T.);
#3341 = LINE('',#3342,#3343);
#3342 = CARTESIAN_POINT('',(2.5,2.,0.));
#3343 = VECTOR('',#3344,1.);
#3344 = DIRECTION('',(0.,0.,1.));
#3345 = ORIENTED_EDGE('',*,*,#3147,.F.);
#3346 = PLANE('',#3347);
#3347 = AXIS2_PLACEMENT_3D('',#3348,#3349,#3350);
#3348 = CARTESIAN_POINT('',(2.5,2.,0.));
#3349 = DIRECTION('',(-1.233581138472E-16,-1.,0.));
#3350 = DIRECTION('',(1.,-1.233581138472E-16,0.));
#3351 = ADVANCED_FACE('',(#3352),#3358,.T.);
#3352 = FACE_BOUND('',#3353,.T.);
#3353 = EDGE_LOOP('',(#3354,#3355,#3356,#3357));
#3354 = ORIENTED_EDGE('',*,*,#3155,.F.);
#3355 = ORIENTED_EDGE('',*,*,#3340,.T.);
#3356 = ORIENTED_EDGE('',*,*,#3212,.T.);
#3357 = ORIENTED_EDGE('',*,*,#2523,.F.);
#3358 = PLANE('',#3359);
#3359 = AXIS2_PLACEMENT_3D('',#3360,#3361,#3362);
#3360 = CARTESIAN_POINT('',(1.5,3.,0.));
#3361 = DIRECTION('',(-0.707106781187,-0.707106781187,0.));
#3362 = DIRECTION('',(0.707106781187,-0.707106781187,0.));
#3363 = ADVANCED_FACE('',(#3364),#3375,.T.);
#3364 = FACE_BOUND('',#3365,.T.);
#3365 = EDGE_LOOP('',(#3366,#3367,#3368,#3374));
#3366 = ORIENTED_EDGE('',*,*,#3076,.T.);
#3367 = ORIENTED_EDGE('',*,*,#3204,.T.);
#3368 = ORIENTED_EDGE('',*,*,#3369,.F.);
#3369 = EDGE_CURVE('',#2436,#3197,#3370,.T.);
#3370 = LINE('',#3371,#3372);
#3371 = CARTESIAN_POINT('',(-1.5,3.,0.));
#3372 = VECTOR('',#3373,1.);
#3373 = DIRECTION('',(0.,0.,1.));
#3374 = ORIENTED_EDGE('',*,*,#2435,.F.);
#3375 = PLANE('',#3376);
#3376 = AXIS2_PLACEMENT_3D('',#3377,#3378,#3379);
#3377 = CARTESIAN_POINT('',(-1.5,3.,0.));
#3378 = DIRECTION('',(1.,6.938893903907E-17,0.));
#3379 = DIRECTION('',(-6.938893903907E-17,1.,0.));
#3380 = ADVANCED_FACE('',(#3381),#3394,.T.);
#3381 = FACE_BOUND('',#3382,.T.);
#3382 = EDGE_LOOP('',(#3383,#3384,#3385,#3386,#3387,#3393));
#3383 = ORIENTED_EDGE('',*,*,#2090,.T.);
#3384 = ORIENTED_EDGE('',*,*,#2443,.F.);
#3385 = ORIENTED_EDGE('',*,*,#3369,.T.);
#3386 = ORIENTED_EDGE('',*,*,#3196,.T.);
#3387 = ORIENTED_EDGE('',*,*,#3388,.F.);
#3388 = EDGE_CURVE('',#2195,#3189,#3389,.T.);
#3389 = LINE('',#3390,#3391);
#3390 = CARTESIAN_POINT('',(-2.5,2.,0.));
#3391 = VECTOR('',#3392,1.);
#3392 = DIRECTION('',(0.,0.,1.));
#3393 = ORIENTED_EDGE('',*,*,#2194,.T.);
#3394 = PLANE('',#3395);
#3395 = AXIS2_PLACEMENT_3D('',#3396,#3397,#3398);
#3396 = CARTESIAN_POINT('',(-2.5,2.,0.));
#3397 = DIRECTION('',(0.707106781187,-0.707106781187,0.));
#3398 = DIRECTION('',(0.707106781187,0.707106781187,0.));
#3399 = ADVANCED_FACE('',(#3400),#3408,.T.);
#3400 = FACE_BOUND('',#3401,.T.);
#3401 = EDGE_LOOP('',(#3402,#3403,#3404,#3405,#3406,#3407));
#3402 = ORIENTED_EDGE('',*,*,#2202,.T.);
#3403 = ORIENTED_EDGE('',*,*,#3388,.T.);
#3404 = ORIENTED_EDGE('',*,*,#3188,.T.);
#3405 = ORIENTED_EDGE('',*,*,#3309,.T.);
#3406 = ORIENTED_EDGE('',*,*,#2411,.F.);
#3407 = ORIENTED_EDGE('',*,*,#2156,.T.);
#3408 = PLANE('',#3409);
#3409 = AXIS2_PLACEMENT_3D('',#3410,#3411,#3412);
#3410 = CARTESIAN_POINT('',(-7.,2.,0.));
#3411 = DIRECTION('',(0.,-1.,0.));
#3412 = DIRECTION('',(1.,0.,0.));
#3413 = ADVANCED_FACE('',(#3414),#3432,.T.);
#3414 = FACE_BOUND('',#3415,.T.);
#3415 = EDGE_LOOP('',(#3416,#3417,#3424,#3431));
#3416 = ORIENTED_EDGE('',*,*,#3248,.T.);
#3417 = ORIENTED_EDGE('',*,*,#3418,.F.);
#3418 = EDGE_CURVE('',#3419,#3249,#3421,.T.);
#3419 = VERTEX_POINT('',#3420);
#3420 = CARTESIAN_POINT('',(-6.05,-5.8,0.));
#3421 = B_SPLINE_CURVE_WITH_KNOTS('',1,(#3422,#3423),.UNSPECIFIED.,.F.,
  .F.,(2,2),(0.,0.5),.PIECEWISE_BEZIER_KNOTS.);
#3422 = CARTESIAN_POINT('',(-6.05,-5.8,0.));
#3423 = CARTESIAN_POINT('',(-6.05,-5.8,0.5));
#3424 = ORIENTED_EDGE('',*,*,#3425,.F.);
#3425 = EDGE_CURVE('',#3419,#3419,#3426,.T.);
#3426 = CIRCLE('',#3427,0.5);
#3427 = AXIS2_PLACEMENT_3D('',#3428,#3429,#3430);
#3428 = CARTESIAN_POINT('',(-5.55,-5.8,0.));
#3429 = DIRECTION('',(0.,0.,-1.));
#3430 = DIRECTION('',(1.,0.,0.));
#3431 = ORIENTED_EDGE('',*,*,#3418,.T.);
#3432 = CYLINDRICAL_SURFACE('',#3433,0.5);
#3433 = AXIS2_PLACEMENT_3D('',#3434,#3435,#3436);
#3434 = CARTESIAN_POINT('',(-5.55,-5.8,0.));
#3435 = DIRECTION('',(0.,0.,1.));
#3436 = DIRECTION('',(1.,0.,-0.));
#3437 = ADVANCED_FACE('',(#3438),#3456,.T.);
#3438 = FACE_BOUND('',#3439,.T.);
#3439 = EDGE_LOOP('',(#3440,#3441,#3448,#3455));
#3440 = ORIENTED_EDGE('',*,*,#3259,.T.);
#3441 = ORIENTED_EDGE('',*,*,#3442,.F.);
#3442 = EDGE_CURVE('',#3443,#3260,#3445,.T.);
#3443 = VERTEX_POINT('',#3444);
#3444 = CARTESIAN_POINT('',(5.05,-5.8,0.));
#3445 = B_SPLINE_CURVE_WITH_KNOTS('',1,(#3446,#3447),.UNSPECIFIED.,.F.,
  .F.,(2,2),(0.,0.5),.PIECEWISE_BEZIER_KNOTS.);
#3446 = CARTESIAN_POINT('',(5.05,-5.8,0.));
#3447 = CARTESIAN_POINT('',(5.05,-5.8,0.5));
#3448 = ORIENTED_EDGE('',*,*,#3449,.F.);
#3449 = EDGE_CURVE('',#3443,#3443,#3450,.T.);
#3450 = CIRCLE('',#3451,0.5);
#3451 = AXIS2_PLACEMENT_3D('',#3452,#3453,#3454);
#3452 = CARTESIAN_POINT('',(5.55,-5.8,0.));
#3453 = DIRECTION('',(0.,0.,-1.));
#3454 = DIRECTION('',(1.,0.,0.));
#3455 = ORIENTED_EDGE('',*,*,#3442,.T.);
#3456 = CYLINDRICAL_SURFACE('',#3457,0.5);
#3457 = AXIS2_PLACEMENT_3D('',#3458,#3459,#3460);
#3458 = CARTESIAN_POINT('',(5.55,-5.8,0.));
#3459 = DIRECTION('',(0.,0.,1.));
#3460 = DIRECTION('',(1.,0.,-0.));
#3461 = ADVANCED_FACE('',(#3462),#3465,.F.);
#3462 = FACE_BOUND('',#3463,.T.);
#3463 = EDGE_LOOP('',(#3464));
#3464 = ORIENTED_EDGE('',*,*,#3449,.T.);
#3465 = PLANE('',#3466);
#3466 = AXIS2_PLACEMENT_3D('',#3467,#3468,#3469);
#3467 = CARTESIAN_POINT('',(8.921435019309E-16,8.921435019309E-16,0.));
#3468 = DIRECTION('',(0.,0.,1.));
#3469 = DIRECTION('',(1.,0.,-0.));
#3470 = ADVANCED_FACE('',(#3471),#3474,.F.);
#3471 = FACE_BOUND('',#3472,.T.);
#3472 = EDGE_LOOP('',(#3473));
#3473 = ORIENTED_EDGE('',*,*,#3425,.T.);
#3474 = PLANE('',#3475);
#3475 = AXIS2_PLACEMENT_3D('',#3476,#3477,#3478);
#3476 = CARTESIAN_POINT('',(8.921435019309E-16,8.921435019309E-16,0.));
#3477 = DIRECTION('',(0.,0.,1.));
#3478 = DIRECTION('',(1.,0.,-0.));
#3479 = ADVANCED_FACE('',(#3480),#3486,.T.);
#3480 = FACE_BOUND('',#3481,.T.);
#3481 = EDGE_LOOP('',(#3482,#3483,#3484,#3485));
#3482 = ORIENTED_EDGE('',*,*,#546,.F.);
#3483 = ORIENTED_EDGE('',*,*,#396,.T.);
#3484 = ORIENTED_EDGE('',*,*,#1392,.F.);
#3485 = ORIENTED_EDGE('',*,*,#489,.F.);
#3486 = PLANE('',#3487);
#3487 = AXIS2_PLACEMENT_3D('',#3488,#3489,#3490);
#3488 = CARTESIAN_POINT('',(7.8,7.8,5.));
#3489 = DIRECTION('',(0.,1.,0.));
#3490 = DIRECTION('',(-1.,0.,0.));
#3491 = ADVANCED_FACE('',(#3492),#3498,.T.);
#3492 = FACE_BOUND('',#3493,.T.);
#3493 = EDGE_LOOP('',(#3494,#3495,#3496,#3497));
#3494 = ORIENTED_EDGE('',*,*,#529,.F.);
#3495 = ORIENTED_EDGE('',*,*,#458,.T.);
#3496 = ORIENTED_EDGE('',*,*,#1381,.F.);
#3497 = ORIENTED_EDGE('',*,*,#427,.F.);
#3498 = PLANE('',#3499);
#3499 = AXIS2_PLACEMENT_3D('',#3500,#3501,#3502);
#3500 = CARTESIAN_POINT('',(-7.8,-7.8,5.));
#3501 = DIRECTION('',(0.,-1.,0.));
#3502 = DIRECTION('',(1.,0.,0.));
#3503 = ADVANCED_FACE('',(#3504),#3539,.T.);
#3504 = FACE_BOUND('',#3505,.T.);
#3505 = EDGE_LOOP('',(#3506,#3517,#3524,#3531,#3538));
#3506 = ORIENTED_EDGE('',*,*,#3507,.T.);
#3507 = EDGE_CURVE('',#3508,#3510,#3512,.T.);
#3508 = VERTEX_POINT('',#3509);
#3509 = CARTESIAN_POINT('',(1.9,-2.32682891838E-16,-1.7));
#3510 = VERTEX_POINT('',#3511);
#3511 = CARTESIAN_POINT('',(-1.9,0.,-1.7));
#3512 = CIRCLE('',#3513,1.9);
#3513 = AXIS2_PLACEMENT_3D('',#3514,#3515,#3516);
#3514 = CARTESIAN_POINT('',(0.,0.,-1.7));
#3515 = DIRECTION('',(0.,0.,-1.));
#3516 = DIRECTION('',(-1.,0.,0.));
#3517 = ORIENTED_EDGE('',*,*,#3518,.T.);
#3518 = EDGE_CURVE('',#3510,#3508,#3519,.T.);
#3519 = CIRCLE('',#3520,1.9);
#3520 = AXIS2_PLACEMENT_3D('',#3521,#3522,#3523);
#3521 = CARTESIAN_POINT('',(0.,0.,-1.7));
#3522 = DIRECTION('',(0.,0.,-1.));
#3523 = DIRECTION('',(-1.,0.,0.));
#3524 = ORIENTED_EDGE('',*,*,#3525,.F.);
#3525 = EDGE_CURVE('',#3526,#3508,#3528,.T.);
#3526 = VERTEX_POINT('',#3527);
#3527 = CARTESIAN_POINT('',(1.4,1.714505518806E-16,-3.));
#3528 = B_SPLINE_CURVE_WITH_KNOTS('',1,(#3529,#3530),.UNSPECIFIED.,.F.,
  .F.,(2,2),(-0.696419413859,0.696419413859),.PIECEWISE_BEZIER_KNOTS.);
#3529 = CARTESIAN_POINT('',(1.4,-5.143516556419E-16,-3.));
#3530 = CARTESIAN_POINT('',(1.9,-6.98048675514E-16,-1.7));
#3531 = ORIENTED_EDGE('',*,*,#3532,.T.);
#3532 = EDGE_CURVE('',#3526,#3526,#3533,.T.);
#3533 = CIRCLE('',#3534,1.4);
#3534 = AXIS2_PLACEMENT_3D('',#3535,#3536,#3537);
#3535 = CARTESIAN_POINT('',(0.,0.,-3.));
#3536 = DIRECTION('',(0.,0.,1.));
#3537 = DIRECTION('',(-1.,0.,0.));
#3538 = ORIENTED_EDGE('',*,*,#3525,.T.);
#3539 = CONICAL_SURFACE('',#3540,1.65,0.367173833818);
#3540 = AXIS2_PLACEMENT_3D('',#3541,#3542,#3543);
#3541 = CARTESIAN_POINT('',(0.,0.,-2.35));
#3542 = DIRECTION('',(0.,0.,1.));
#3543 = DIRECTION('',(-1.,0.,0.));
#3544 = ADVANCED_FACE('',(#3545),#3556,.T.);
#3545 = FACE_BOUND('',#3546,.T.);
#3546 = EDGE_LOOP('',(#3547,#3548,#3553,#3554,#3555));
#3547 = ORIENTED_EDGE('',*,*,#3237,.T.);
#3548 = ORIENTED_EDGE('',*,*,#3549,.T.);
#3549 = EDGE_CURVE('',#3238,#3510,#3550,.T.);
#3550 = B_SPLINE_CURVE_WITH_KNOTS('',1,(#3551,#3552),.UNSPECIFIED.,.F.,
  .F.,(2,2),(-0.5,1.7),.PIECEWISE_BEZIER_KNOTS.);
#3551 = CARTESIAN_POINT('',(-1.9,0.,0.5));
#3552 = CARTESIAN_POINT('',(-1.9,0.,-1.7));
#3553 = ORIENTED_EDGE('',*,*,#3507,.F.);
#3554 = ORIENTED_EDGE('',*,*,#3518,.F.);
#3555 = ORIENTED_EDGE('',*,*,#3549,.F.);
#3556 = CYLINDRICAL_SURFACE('',#3557,1.9);
#3557 = AXIS2_PLACEMENT_3D('',#3558,#3559,#3560);
#3558 = CARTESIAN_POINT('',(0.,0.,0.));
#3559 = DIRECTION('',(0.,0.,-1.));
#3560 = DIRECTION('',(-1.,0.,0.));
#3561 = ADVANCED_FACE('',(#3562),#3565,.F.);
#3562 = FACE_BOUND('',#3563,.T.);
#3563 = EDGE_LOOP('',(#3564));
#3564 = ORIENTED_EDGE('',*,*,#3532,.F.);
#3565 = PLANE('',#3566);
#3566 = AXIS2_PLACEMENT_3D('',#3567,#3568,#3569);
#3567 = CARTESIAN_POINT('',(-1.411252217568E-16,0.,-3.));
#3568 = DIRECTION('',(0.,0.,1.));
#3569 = DIRECTION('',(1.,0.,-0.));
#3570 = ( GEOMETRIC_REPRESENTATION_CONTEXT(3) 
GLOBAL_UNCERTAINTY_ASSIGNED_CONTEXT((#3574)) 
GLOBAL_UNIT_ASSIGNED_CONTEXT((#3571,#3572,#3573)) REPRESENTATION_CONTEXT
('Context #1','3D Context with UNIT and UNCERTAINTY') );
#3571 = ( LENGTH_UNIT() NAMED_UNIT(*) SI_UNIT(.MILLI.,.METRE.) );
#3572 = ( NAMED_UNIT(*) PLANE_ANGLE_UNIT() SI_UNIT($,.RADIAN.) );
#3573 = ( NAMED_UNIT(*) SI_UNIT($,.STERADIAN.) SOLID_ANGLE_UNIT() );
#3574 = UNCERTAINTY_MEASURE_WITH_UNIT(LENGTH_MEASURE(5.E-07),#3571,
  'distance_accuracy_value','confusion accuracy');
#3575 = CONTEXT_DEPENDENT_SHAPE_REPRESENTATION(#3576,#3578);
#3576 = ( REPRESENTATION_RELATIONSHIP('','',#166,#135) 
REPRESENTATION_RELATIONSHIP_WITH_TRANSFORMATION(#3577) 
SHAPE_REPRESENTATION_RELATIONSHIP() );
#3577 = ITEM_DEFINED_TRANSFORMATION('','',#11,#136);
#3578 = PRODUCT_DEFINITION_SHAPE('Placement','Placement of an item',
  #3579);
#3579 = NEXT_ASSEMBLY_USAGE_OCCURRENCE('1','Body:1','',#130,#161,$);
#3580 = PRODUCT_RELATED_PRODUCT_CATEGORY('part',$,(#163));
#3581 = SHAPE_DEFINITION_REPRESENTATION(#3582,#3588);
#3582 = PRODUCT_DEFINITION_SHAPE('','',#3583);
#3583 = PRODUCT_DEFINITION('design','',#3584,#3587);
#3584 = PRODUCT_DEFINITION_FORMATION('','',#3585);
#3585 = PRODUCT('Button','Button','',(#3586));
#3586 = PRODUCT_CONTEXT('',#2,'mechanical');
#3587 = PRODUCT_DEFINITION_CONTEXT('part definition',#2,'design');
#3588 = ADVANCED_BREP_SHAPE_REPRESENTATION('',(#11,#3589),#4895);
#3589 = MANIFOLD_SOLID_BREP('',#3590);
#3590 = CLOSED_SHELL('',(#3591,#3639,#3670,#3709,#3740,#3779,#3810,#3841
    ,#3872,#3918,#3950,#3967,#3998,#4022,#4046,#4063,#4094,#4118,#4142,
    #4173,#4197,#4214,#4238,#4262,#4279,#4319,#4350,#4381,#4412,#4443,
    #4478,#4518,#4549,#4580,#4611,#4642,#4677,#4694,#4718,#4735,#4775,
    #4799,#4832,#4849,#4883));
#3591 = ADVANCED_FACE('',(#3592),#3634,.T.);
#3592 = FACE_BOUND('',#3593,.T.);
#3593 = EDGE_LOOP('',(#3594,#3604,#3612,#3620,#3628));
#3594 = ORIENTED_EDGE('',*,*,#3595,.T.);
#3595 = EDGE_CURVE('',#3596,#3598,#3600,.T.);
#3596 = VERTEX_POINT('',#3597);
#3597 = CARTESIAN_POINT('',(0.4,-0.2,4.2));
#3598 = VERTEX_POINT('',#3599);
#3599 = CARTESIAN_POINT('',(0.4,-1.8,4.2));
#3600 = LINE('',#3601,#3602);
#3601 = CARTESIAN_POINT('',(0.4,-1.,4.2));
#3602 = VECTOR('',#3603,1.);
#3603 = DIRECTION('',(0.,-1.,0.));
#3604 = ORIENTED_EDGE('',*,*,#3605,.T.);
#3605 = EDGE_CURVE('',#3598,#3606,#3608,.T.);
#3606 = VERTEX_POINT('',#3607);
#3607 = CARTESIAN_POINT('',(0.6,-2.,4.));
#3608 = LINE('',#3609,#3610);
#3609 = CARTESIAN_POINT('',(0.4,-1.8,4.2));
#3610 = VECTOR('',#3611,1.);
#3611 = DIRECTION('',(0.57735026919,-0.57735026919,-0.57735026919));
#3612 = ORIENTED_EDGE('',*,*,#3613,.T.);
#3613 = EDGE_CURVE('',#3606,#3614,#3616,.T.);
#3614 = VERTEX_POINT('',#3615);
#3615 = CARTESIAN_POINT('',(0.6,-0.6,4.));
#3616 = LINE('',#3617,#3618);
#3617 = CARTESIAN_POINT('',(0.6,-1.,4.));
#3618 = VECTOR('',#3619,1.);
#3619 = DIRECTION('',(0.,1.,0.));
#3620 = ORIENTED_EDGE('',*,*,#3621,.T.);
#3621 = EDGE_CURVE('',#3614,#3622,#3624,.T.);
#3622 = VERTEX_POINT('',#3623);
#3623 = CARTESIAN_POINT('',(0.541421356237,-0.541421356237,
    4.058578643763));
#3624 = LINE('',#3625,#3626);
#3625 = CARTESIAN_POINT('',(0.55,-0.55,4.05));
#3626 = VECTOR('',#3627,1.);
#3627 = DIRECTION('',(-0.57735026919,0.57735026919,0.57735026919));
#3628 = ORIENTED_EDGE('',*,*,#3629,.T.);
#3629 = EDGE_CURVE('',#3622,#3596,#3630,.T.);
#3630 = LINE('',#3631,#3632);
#3631 = CARTESIAN_POINT('',(0.541421356237,-0.541421356237,
    4.058578643763));
#3632 = VECTOR('',#3633,1.);
#3633 = DIRECTION('',(-0.357406744337,0.862856209461,0.357406744337));
#3634 = PLANE('',#3635);
#3635 = AXIS2_PLACEMENT_3D('',#3636,#3637,#3638);
#3636 = CARTESIAN_POINT('',(0.5,-1.,4.1));
#3637 = DIRECTION('',(0.707106781187,0.,0.707106781187));
#3638 = DIRECTION('',(0.707106781187,0.,-0.707106781187));
#3639 = ADVANCED_FACE('',(#3640),#3665,.T.);
#3640 = FACE_BOUND('',#3641,.T.);
#3641 = EDGE_LOOP('',(#3642,#3650,#3658,#3664));
#3642 = ORIENTED_EDGE('',*,*,#3643,.T.);
#3643 = EDGE_CURVE('',#3598,#3644,#3646,.T.);
#3644 = VERTEX_POINT('',#3645);
#3645 = CARTESIAN_POINT('',(-0.4,-1.8,4.2));
#3646 = LINE('',#3647,#3648);
#3647 = CARTESIAN_POINT('',(-0.3,-1.8,4.2));
#3648 = VECTOR('',#3649,1.);
#3649 = DIRECTION('',(-1.,0.,0.));
#3650 = ORIENTED_EDGE('',*,*,#3651,.T.);
#3651 = EDGE_CURVE('',#3644,#3652,#3654,.T.);
#3652 = VERTEX_POINT('',#3653);
#3653 = CARTESIAN_POINT('',(-0.6,-2.,4.));
#3654 = LINE('',#3655,#3656);
#3655 = CARTESIAN_POINT('',(-0.4,-1.8,4.2));
#3656 = VECTOR('',#3657,1.);
#3657 = DIRECTION('',(-0.57735026919,-0.57735026919,-0.57735026919));
#3658 = ORIENTED_EDGE('',*,*,#3659,.T.);
#3659 = EDGE_CURVE('',#3652,#3606,#3660,.T.);
#3660 = LINE('',#3661,#3662);
#3661 = CARTESIAN_POINT('',(-0.3,-2.,4.));
#3662 = VECTOR('',#3663,1.);
#3663 = DIRECTION('',(1.,0.,0.));
#3664 = ORIENTED_EDGE('',*,*,#3605,.F.);
#3665 = PLANE('',#3666);
#3666 = AXIS2_PLACEMENT_3D('',#3667,#3668,#3669);
#3667 = CARTESIAN_POINT('',(-0.3,-1.9,4.1));
#3668 = DIRECTION('',(0.,-0.707106781187,0.707106781187));
#3669 = DIRECTION('',(1.,0.,0.));
#3670 = ADVANCED_FACE('',(#3671),#3704,.T.);
#3671 = FACE_BOUND('',#3672,.T.);
#3672 = EDGE_LOOP('',(#3673,#3681,#3689,#3697,#3703));
#3673 = ORIENTED_EDGE('',*,*,#3674,.T.);
#3674 = EDGE_CURVE('',#3644,#3675,#3677,.T.);
#3675 = VERTEX_POINT('',#3676);
#3676 = CARTESIAN_POINT('',(-0.4,-0.2,4.2));
#3677 = LINE('',#3678,#3679);
#3678 = CARTESIAN_POINT('',(-0.4,-0.3,4.2));
#3679 = VECTOR('',#3680,1.);
#3680 = DIRECTION('',(0.,1.,0.));
#3681 = ORIENTED_EDGE('',*,*,#3682,.T.);
#3682 = EDGE_CURVE('',#3675,#3683,#3685,.T.);
#3683 = VERTEX_POINT('',#3684);
#3684 = CARTESIAN_POINT('',(-0.541421356237,-0.541421356237,
    4.058578643763));
#3685 = LINE('',#3686,#3687);
#3686 = CARTESIAN_POINT('',(-0.4,-0.2,4.2));
#3687 = VECTOR('',#3688,1.);
#3688 = DIRECTION('',(-0.357406744337,-0.862856209461,-0.357406744337));
#3689 = ORIENTED_EDGE('',*,*,#3690,.T.);
#3690 = EDGE_CURVE('',#3683,#3691,#3693,.T.);
#3691 = VERTEX_POINT('',#3692);
#3692 = CARTESIAN_POINT('',(-0.6,-0.6,4.));
#3693 = LINE('',#3694,#3695);
#3694 = CARTESIAN_POINT('',(-0.55,-0.55,4.05));
#3695 = VECTOR('',#3696,1.);
#3696 = DIRECTION('',(-0.57735026919,-0.57735026919,-0.57735026919));
#3697 = ORIENTED_EDGE('',*,*,#3698,.T.);
#3698 = EDGE_CURVE('',#3691,#3652,#3699,.T.);
#3699 = LINE('',#3700,#3701);
#3700 = CARTESIAN_POINT('',(-0.6,-0.3,4.));
#3701 = VECTOR('',#3702,1.);
#3702 = DIRECTION('',(0.,-1.,0.));
#3703 = ORIENTED_EDGE('',*,*,#3651,.F.);
#3704 = PLANE('',#3705);
#3705 = AXIS2_PLACEMENT_3D('',#3706,#3707,#3708);
#3706 = CARTESIAN_POINT('',(-0.5,-0.3,4.1));
#3707 = DIRECTION('',(-0.707106781187,0.,0.707106781187));
#3708 = DIRECTION('',(0.707106781187,0.,0.707106781187));
#3709 = ADVANCED_FACE('',(#3710),#3735,.T.);
#3710 = FACE_BOUND('',#3711,.T.);
#3711 = EDGE_LOOP('',(#3712,#3720,#3728,#3734));
#3712 = ORIENTED_EDGE('',*,*,#3713,.T.);
#3713 = EDGE_CURVE('',#3675,#3714,#3716,.T.);
#3714 = VERTEX_POINT('',#3715);
#3715 = CARTESIAN_POINT('',(-1.8,-0.2,4.2));
#3716 = LINE('',#3717,#3718);
#3717 = CARTESIAN_POINT('',(-0.5,-0.2,4.2));
#3718 = VECTOR('',#3719,1.);
#3719 = DIRECTION('',(-1.,0.,0.));
#3720 = ORIENTED_EDGE('',*,*,#3721,.T.);
#3721 = EDGE_CURVE('',#3714,#3722,#3724,.T.);
#3722 = VERTEX_POINT('',#3723);
#3723 = CARTESIAN_POINT('',(-1.941421356237,-0.541421356237,
    4.058578643763));
#3724 = LINE('',#3725,#3726);
#3725 = CARTESIAN_POINT('',(-1.8,-0.2,4.2));
#3726 = VECTOR('',#3727,1.);
#3727 = DIRECTION('',(-0.357406744337,-0.862856209461,-0.357406744337));
#3728 = ORIENTED_EDGE('',*,*,#3729,.T.);
#3729 = EDGE_CURVE('',#3722,#3683,#3730,.T.);
#3730 = LINE('',#3731,#3732);
#3731 = CARTESIAN_POINT('',(-0.5,-0.541421356237,4.058578643763));
#3732 = VECTOR('',#3733,1.);
#3733 = DIRECTION('',(1.,0.,0.));
#3734 = ORIENTED_EDGE('',*,*,#3682,.F.);
#3735 = PLANE('',#3736);
#3736 = AXIS2_PLACEMENT_3D('',#3737,#3738,#3739);
#3737 = CARTESIAN_POINT('',(-0.5,-0.370710678119,4.129289321881));
#3738 = DIRECTION('',(0.,-0.382683432365,0.923879532511));
#3739 = DIRECTION('',(1.,0.,0.));
#3740 = ADVANCED_FACE('',(#3741),#3774,.T.);
#3741 = FACE_BOUND('',#3742,.T.);
#3742 = EDGE_LOOP('',(#3743,#3751,#3759,#3767,#3773));
#3743 = ORIENTED_EDGE('',*,*,#3744,.T.);
#3744 = EDGE_CURVE('',#3714,#3745,#3747,.T.);
#3745 = VERTEX_POINT('',#3746);
#3746 = CARTESIAN_POINT('',(-1.8,0.4,4.2));
#3747 = LINE('',#3748,#3749);
#3748 = CARTESIAN_POINT('',(-1.8,0.3,4.2));
#3749 = VECTOR('',#3750,1.);
#3750 = DIRECTION('',(0.,1.,0.));
#3751 = ORIENTED_EDGE('',*,*,#3752,.T.);
#3752 = EDGE_CURVE('',#3745,#3753,#3755,.T.);
#3753 = VERTEX_POINT('',#3754);
#3754 = CARTESIAN_POINT('',(-2.,0.6,4.));
#3755 = LINE('',#3756,#3757);
#3756 = CARTESIAN_POINT('',(-1.8,0.4,4.2));
#3757 = VECTOR('',#3758,1.);
#3758 = DIRECTION('',(-0.57735026919,0.57735026919,-0.57735026919));
#3759 = ORIENTED_EDGE('',*,*,#3760,.T.);
#3760 = EDGE_CURVE('',#3753,#3761,#3763,.T.);
#3761 = VERTEX_POINT('',#3762);
#3762 = CARTESIAN_POINT('',(-2.,-0.6,4.));
#3763 = LINE('',#3764,#3765);
#3764 = CARTESIAN_POINT('',(-2.,0.3,4.));
#3765 = VECTOR('',#3766,1.);
#3766 = DIRECTION('',(0.,-1.,0.));
#3767 = ORIENTED_EDGE('',*,*,#3768,.T.);
#3768 = EDGE_CURVE('',#3761,#3722,#3769,.T.);
#3769 = LINE('',#3770,#3771);
#3770 = CARTESIAN_POINT('',(-1.616666666667,-0.216666666667,
    4.383333333333));
#3771 = VECTOR('',#3772,1.);
#3772 = DIRECTION('',(0.57735026919,0.57735026919,0.57735026919));
#3773 = ORIENTED_EDGE('',*,*,#3721,.F.);
#3774 = PLANE('',#3775);
#3775 = AXIS2_PLACEMENT_3D('',#3776,#3777,#3778);
#3776 = CARTESIAN_POINT('',(-1.9,0.3,4.1));
#3777 = DIRECTION('',(-0.707106781187,0.,0.707106781187));
#3778 = DIRECTION('',(0.707106781187,0.,0.707106781187));
#3779 = ADVANCED_FACE('',(#3780),#3805,.T.);
#3780 = FACE_BOUND('',#3781,.T.);
#3781 = EDGE_LOOP('',(#3782,#3790,#3798,#3804));
#3782 = ORIENTED_EDGE('',*,*,#3783,.T.);
#3783 = EDGE_CURVE('',#3745,#3784,#3786,.T.);
#3784 = VERTEX_POINT('',#3785);
#3785 = CARTESIAN_POINT('',(-0.4,0.4,4.2));
#3786 = LINE('',#3787,#3788);
#3787 = CARTESIAN_POINT('',(-0.3,0.4,4.2));
#3788 = VECTOR('',#3789,1.);
#3789 = DIRECTION('',(1.,0.,0.));
#3790 = ORIENTED_EDGE('',*,*,#3791,.T.);
#3791 = EDGE_CURVE('',#3784,#3792,#3794,.T.);
#3792 = VERTEX_POINT('',#3793);
#3793 = CARTESIAN_POINT('',(-0.6,0.6,4.));
#3794 = LINE('',#3795,#3796);
#3795 = CARTESIAN_POINT('',(-0.4,0.4,4.2));
#3796 = VECTOR('',#3797,1.);
#3797 = DIRECTION('',(-0.57735026919,0.57735026919,-0.57735026919));
#3798 = ORIENTED_EDGE('',*,*,#3799,.T.);
#3799 = EDGE_CURVE('',#3792,#3753,#3800,.T.);
#3800 = LINE('',#3801,#3802);
#3801 = CARTESIAN_POINT('',(-0.3,0.6,4.));
#3802 = VECTOR('',#3803,1.);
#3803 = DIRECTION('',(-1.,0.,0.));
#3804 = ORIENTED_EDGE('',*,*,#3752,.F.);
#3805 = PLANE('',#3806);
#3806 = AXIS2_PLACEMENT_3D('',#3807,#3808,#3809);
#3807 = CARTESIAN_POINT('',(-0.3,0.5,4.1));
#3808 = DIRECTION('',(0.,0.707106781187,0.707106781187));
#3809 = DIRECTION('',(1.,0.,-0.));
#3810 = ADVANCED_FACE('',(#3811),#3836,.T.);
#3811 = FACE_BOUND('',#3812,.T.);
#3812 = EDGE_LOOP('',(#3813,#3821,#3829,#3835));
#3813 = ORIENTED_EDGE('',*,*,#3814,.T.);
#3814 = EDGE_CURVE('',#3784,#3815,#3817,.T.);
#3815 = VERTEX_POINT('',#3816);
#3816 = CARTESIAN_POINT('',(-0.4,1.8,4.2));
#3817 = LINE('',#3818,#3819);
#3818 = CARTESIAN_POINT('',(-0.4,1.,4.2));
#3819 = VECTOR('',#3820,1.);
#3820 = DIRECTION('',(0.,1.,0.));
#3821 = ORIENTED_EDGE('',*,*,#3822,.T.);
#3822 = EDGE_CURVE('',#3815,#3823,#3825,.T.);
#3823 = VERTEX_POINT('',#3824);
#3824 = CARTESIAN_POINT('',(-0.6,2.,4.));
#3825 = LINE('',#3826,#3827);
#3826 = CARTESIAN_POINT('',(-0.216666666667,1.616666666667,
    4.383333333333));
#3827 = VECTOR('',#3828,1.);
#3828 = DIRECTION('',(-0.57735026919,0.57735026919,-0.57735026919));
#3829 = ORIENTED_EDGE('',*,*,#3830,.T.);
#3830 = EDGE_CURVE('',#3823,#3792,#3831,.T.);
#3831 = LINE('',#3832,#3833);
#3832 = CARTESIAN_POINT('',(-0.6,1.,4.));
#3833 = VECTOR('',#3834,1.);
#3834 = DIRECTION('',(0.,-1.,0.));
#3835 = ORIENTED_EDGE('',*,*,#3791,.F.);
#3836 = PLANE('',#3837);
#3837 = AXIS2_PLACEMENT_3D('',#3838,#3839,#3840);
#3838 = CARTESIAN_POINT('',(-0.5,1.,4.1));
#3839 = DIRECTION('',(-0.707106781187,0.,0.707106781187));
#3840 = DIRECTION('',(0.707106781187,0.,0.707106781187));
#3841 = ADVANCED_FACE('',(#3842),#3867,.T.);
#3842 = FACE_BOUND('',#3843,.T.);
#3843 = EDGE_LOOP('',(#3844,#3852,#3860,#3866));
#3844 = ORIENTED_EDGE('',*,*,#3845,.F.);
#3845 = EDGE_CURVE('',#3846,#3622,#3848,.T.);
#3846 = VERTEX_POINT('',#3847);
#3847 = CARTESIAN_POINT('',(1.941421356237,-0.541421356237,
    4.058578643763));
#3848 = LINE('',#3849,#3850);
#3849 = CARTESIAN_POINT('',(0.15,-0.541421356237,4.058578643763));
#3850 = VECTOR('',#3851,1.);
#3851 = DIRECTION('',(-1.,0.,0.));
#3852 = ORIENTED_EDGE('',*,*,#3853,.T.);
#3853 = EDGE_CURVE('',#3846,#3854,#3856,.T.);
#3854 = VERTEX_POINT('',#3855);
#3855 = CARTESIAN_POINT('',(1.8,-0.2,4.2));
#3856 = LINE('',#3857,#3858);
#3857 = CARTESIAN_POINT('',(1.753647398148,-8.809491995661E-02,
    4.246352601852));
#3858 = VECTOR('',#3859,1.);
#3859 = DIRECTION('',(-0.357406744337,0.862856209461,0.357406744337));
#3860 = ORIENTED_EDGE('',*,*,#3861,.T.);
#3861 = EDGE_CURVE('',#3854,#3596,#3862,.T.);
#3862 = LINE('',#3863,#3864);
#3863 = CARTESIAN_POINT('',(0.15,-0.2,4.2));
#3864 = VECTOR('',#3865,1.);
#3865 = DIRECTION('',(-1.,0.,0.));
#3866 = ORIENTED_EDGE('',*,*,#3629,.F.);
#3867 = PLANE('',#3868);
#3868 = AXIS2_PLACEMENT_3D('',#3869,#3870,#3871);
#3869 = CARTESIAN_POINT('',(0.15,-0.370710678119,4.129289321881));
#3870 = DIRECTION('',(0.,-0.382683432365,0.923879532511));
#3871 = DIRECTION('',(1.,0.,0.));
#3872 = ADVANCED_FACE('',(#3873),#3913,.T.);
#3873 = FACE_BOUND('',#3874,.T.);
#3874 = EDGE_LOOP('',(#3875,#3876,#3877,#3878,#3879,#3880,#3881,#3882,
    #3883,#3891,#3899,#3907));
#3875 = ORIENTED_EDGE('',*,*,#3814,.F.);
#3876 = ORIENTED_EDGE('',*,*,#3783,.F.);
#3877 = ORIENTED_EDGE('',*,*,#3744,.F.);
#3878 = ORIENTED_EDGE('',*,*,#3713,.F.);
#3879 = ORIENTED_EDGE('',*,*,#3674,.F.);
#3880 = ORIENTED_EDGE('',*,*,#3643,.F.);
#3881 = ORIENTED_EDGE('',*,*,#3595,.F.);
#3882 = ORIENTED_EDGE('',*,*,#3861,.F.);
#3883 = ORIENTED_EDGE('',*,*,#3884,.F.);
#3884 = EDGE_CURVE('',#3885,#3854,#3887,.T.);
#3885 = VERTEX_POINT('',#3886);
#3886 = CARTESIAN_POINT('',(1.8,0.4,4.2));
#3887 = LINE('',#3888,#3889);
#3888 = CARTESIAN_POINT('',(1.8,-0.3,4.2));
#3889 = VECTOR('',#3890,1.);
#3890 = DIRECTION('',(0.,-1.,0.));
#3891 = ORIENTED_EDGE('',*,*,#3892,.F.);
#3892 = EDGE_CURVE('',#3893,#3885,#3895,.T.);
#3893 = VERTEX_POINT('',#3894);
#3894 = CARTESIAN_POINT('',(0.4,0.4,4.2));
#3895 = LINE('',#3896,#3897);
#3896 = CARTESIAN_POINT('',(1.,0.4,4.2));
#3897 = VECTOR('',#3898,1.);
#3898 = DIRECTION('',(1.,0.,0.));
#3899 = ORIENTED_EDGE('',*,*,#3900,.F.);
#3900 = EDGE_CURVE('',#3901,#3893,#3903,.T.);
#3901 = VERTEX_POINT('',#3902);
#3902 = CARTESIAN_POINT('',(0.4,1.8,4.2));
#3903 = LINE('',#3904,#3905);
#3904 = CARTESIAN_POINT('',(0.4,0.3,4.2));
#3905 = VECTOR('',#3906,1.);
#3906 = DIRECTION('',(0.,-1.,0.));
#3907 = ORIENTED_EDGE('',*,*,#3908,.F.);
#3908 = EDGE_CURVE('',#3815,#3901,#3909,.T.);
#3909 = LINE('',#3910,#3911);
#3910 = CARTESIAN_POINT('',(0.3,1.8,4.2));
#3911 = VECTOR('',#3912,1.);
#3912 = DIRECTION('',(1.,0.,0.));
#3913 = PLANE('',#3914);
#3914 = AXIS2_PLACEMENT_3D('',#3915,#3916,#3917);
#3915 = CARTESIAN_POINT('',(0.,0.,4.2));
#3916 = DIRECTION('',(0.,0.,1.));
#3917 = DIRECTION('',(1.,0.,-0.));
#3918 = ADVANCED_FACE('',(#3919),#3945,.T.);
#3919 = FACE_BOUND('',#3920,.T.);
#3920 = EDGE_LOOP('',(#3921,#3922,#3930,#3938,#3944));
#3921 = ORIENTED_EDGE('',*,*,#3853,.F.);
#3922 = ORIENTED_EDGE('',*,*,#3923,.T.);
#3923 = EDGE_CURVE('',#3846,#3924,#3926,.T.);
#3924 = VERTEX_POINT('',#3925);
#3925 = CARTESIAN_POINT('',(2.,-0.6,4.));
#3926 = LINE('',#3927,#3928);
#3927 = CARTESIAN_POINT('',(1.6,-0.2,4.4));
#3928 = VECTOR('',#3929,1.);
#3929 = DIRECTION('',(0.57735026919,-0.57735026919,-0.57735026919));
#3930 = ORIENTED_EDGE('',*,*,#3931,.T.);
#3931 = EDGE_CURVE('',#3924,#3932,#3934,.T.);
#3932 = VERTEX_POINT('',#3933);
#3933 = CARTESIAN_POINT('',(2.,0.6,4.));
#3934 = LINE('',#3935,#3936);
#3935 = CARTESIAN_POINT('',(2.,-0.3,4.));
#3936 = VECTOR('',#3937,1.);
#3937 = DIRECTION('',(0.,1.,0.));
#3938 = ORIENTED_EDGE('',*,*,#3939,.T.);
#3939 = EDGE_CURVE('',#3932,#3885,#3940,.T.);
#3940 = LINE('',#3941,#3942);
#3941 = CARTESIAN_POINT('',(1.616666666667,0.216666666667,4.383333333333
    ));
#3942 = VECTOR('',#3943,1.);
#3943 = DIRECTION('',(-0.57735026919,-0.57735026919,0.57735026919));
#3944 = ORIENTED_EDGE('',*,*,#3884,.T.);
#3945 = PLANE('',#3946);
#3946 = AXIS2_PLACEMENT_3D('',#3947,#3948,#3949);
#3947 = CARTESIAN_POINT('',(1.9,-0.3,4.1));
#3948 = DIRECTION('',(0.707106781187,0.,0.707106781187));
#3949 = DIRECTION('',(0.707106781187,0.,-0.707106781187));
#3950 = ADVANCED_FACE('',(#3951),#3962,.T.);
#3951 = FACE_BOUND('',#3952,.T.);
#3952 = EDGE_LOOP('',(#3953,#3954,#3955,#3961));
#3953 = ORIENTED_EDGE('',*,*,#3845,.T.);
#3954 = ORIENTED_EDGE('',*,*,#3621,.F.);
#3955 = ORIENTED_EDGE('',*,*,#3956,.T.);
#3956 = EDGE_CURVE('',#3614,#3924,#3957,.T.);
#3957 = LINE('',#3958,#3959);
#3958 = CARTESIAN_POINT('',(0.3,-0.6,4.));
#3959 = VECTOR('',#3960,1.);
#3960 = DIRECTION('',(1.,0.,0.));
#3961 = ORIENTED_EDGE('',*,*,#3923,.F.);
#3962 = PLANE('',#3963);
#3963 = AXIS2_PLACEMENT_3D('',#3964,#3965,#3966);
#3964 = CARTESIAN_POINT('',(0.3,-0.5,4.1));
#3965 = DIRECTION('',(0.,-0.707106781187,0.707106781187));
#3966 = DIRECTION('',(1.,0.,0.));
#3967 = ADVANCED_FACE('',(#3968),#3993,.T.);
#3968 = FACE_BOUND('',#3969,.T.);
#3969 = EDGE_LOOP('',(#3970,#3971,#3979,#3987));
#3970 = ORIENTED_EDGE('',*,*,#3613,.F.);
#3971 = ORIENTED_EDGE('',*,*,#3972,.F.);
#3972 = EDGE_CURVE('',#3973,#3606,#3975,.T.);
#3973 = VERTEX_POINT('',#3974);
#3974 = CARTESIAN_POINT('',(0.6,-2.,0.));
#3975 = LINE('',#3976,#3977);
#3976 = CARTESIAN_POINT('',(0.6,-2.,0.));
#3977 = VECTOR('',#3978,1.);
#3978 = DIRECTION('',(0.,0.,1.));
#3979 = ORIENTED_EDGE('',*,*,#3980,.F.);
#3980 = EDGE_CURVE('',#3981,#3973,#3983,.T.);
#3981 = VERTEX_POINT('',#3982);
#3982 = CARTESIAN_POINT('',(0.6,-0.6,0.));
#3983 = LINE('',#3984,#3985);
#3984 = CARTESIAN_POINT('',(0.6,-1.,0.));
#3985 = VECTOR('',#3986,1.);
#3986 = DIRECTION('',(0.,-1.,0.));
#3987 = ORIENTED_EDGE('',*,*,#3988,.T.);
#3988 = EDGE_CURVE('',#3981,#3614,#3989,.T.);
#3989 = LINE('',#3990,#3991);
#3990 = CARTESIAN_POINT('',(0.6,-0.6,0.));
#3991 = VECTOR('',#3992,1.);
#3992 = DIRECTION('',(0.,0.,1.));
#3993 = PLANE('',#3994);
#3994 = AXIS2_PLACEMENT_3D('',#3995,#3996,#3997);
#3995 = CARTESIAN_POINT('',(0.6,-2.,0.));
#3996 = DIRECTION('',(1.,0.,0.));
#3997 = DIRECTION('',(-0.,1.,0.));
#3998 = ADVANCED_FACE('',(#3999),#4017,.T.);
#3999 = FACE_BOUND('',#4000,.T.);
#4000 = EDGE_LOOP('',(#4001,#4002,#4010,#4016));
#4001 = ORIENTED_EDGE('',*,*,#3659,.F.);
#4002 = ORIENTED_EDGE('',*,*,#4003,.F.);
#4003 = EDGE_CURVE('',#4004,#3652,#4006,.T.);
#4004 = VERTEX_POINT('',#4005);
#4005 = CARTESIAN_POINT('',(-0.6,-2.,0.));
#4006 = LINE('',#4007,#4008);
#4007 = CARTESIAN_POINT('',(-0.6,-2.,0.));
#4008 = VECTOR('',#4009,1.);
#4009 = DIRECTION('',(0.,0.,1.));
#4010 = ORIENTED_EDGE('',*,*,#4011,.F.);
#4011 = EDGE_CURVE('',#3973,#4004,#4012,.T.);
#4012 = LINE('',#4013,#4014);
#4013 = CARTESIAN_POINT('',(-0.3,-2.,0.));
#4014 = VECTOR('',#4015,1.);
#4015 = DIRECTION('',(-1.,0.,0.));
#4016 = ORIENTED_EDGE('',*,*,#3972,.T.);
#4017 = PLANE('',#4018);
#4018 = AXIS2_PLACEMENT_3D('',#4019,#4020,#4021);
#4019 = CARTESIAN_POINT('',(-0.6,-2.,0.));
#4020 = DIRECTION('',(0.,-1.,0.));
#4021 = DIRECTION('',(1.,0.,0.));
#4022 = ADVANCED_FACE('',(#4023),#4041,.T.);
#4023 = FACE_BOUND('',#4024,.T.);
#4024 = EDGE_LOOP('',(#4025,#4026,#4034,#4040));
#4025 = ORIENTED_EDGE('',*,*,#3698,.F.);
#4026 = ORIENTED_EDGE('',*,*,#4027,.F.);
#4027 = EDGE_CURVE('',#4028,#3691,#4030,.T.);
#4028 = VERTEX_POINT('',#4029);
#4029 = CARTESIAN_POINT('',(-0.6,-0.6,0.));
#4030 = LINE('',#4031,#4032);
#4031 = CARTESIAN_POINT('',(-0.6,-0.6,0.));
#4032 = VECTOR('',#4033,1.);
#4033 = DIRECTION('',(0.,0.,1.));
#4034 = ORIENTED_EDGE('',*,*,#4035,.F.);
#4035 = EDGE_CURVE('',#4004,#4028,#4036,.T.);
#4036 = LINE('',#4037,#4038);
#4037 = CARTESIAN_POINT('',(-0.6,-0.3,0.));
#4038 = VECTOR('',#4039,1.);
#4039 = DIRECTION('',(0.,1.,0.));
#4040 = ORIENTED_EDGE('',*,*,#4003,.T.);
#4041 = PLANE('',#4042);
#4042 = AXIS2_PLACEMENT_3D('',#4043,#4044,#4045);
#4043 = CARTESIAN_POINT('',(-0.6,-0.6,0.));
#4044 = DIRECTION('',(-1.,0.,0.));
#4045 = DIRECTION('',(0.,-1.,0.));
#4046 = ADVANCED_FACE('',(#4047),#4058,.T.);
#4047 = FACE_BOUND('',#4048,.T.);
#4048 = EDGE_LOOP('',(#4049,#4050,#4056,#4057));
#4049 = ORIENTED_EDGE('',*,*,#3768,.F.);
#4050 = ORIENTED_EDGE('',*,*,#4051,.T.);
#4051 = EDGE_CURVE('',#3761,#3691,#4052,.T.);
#4052 = LINE('',#4053,#4054);
#4053 = CARTESIAN_POINT('',(-1.,-0.6,4.));
#4054 = VECTOR('',#4055,1.);
#4055 = DIRECTION('',(1.,0.,0.));
#4056 = ORIENTED_EDGE('',*,*,#3690,.F.);
#4057 = ORIENTED_EDGE('',*,*,#3729,.F.);
#4058 = PLANE('',#4059);
#4059 = AXIS2_PLACEMENT_3D('',#4060,#4061,#4062);
#4060 = CARTESIAN_POINT('',(-1.,-0.5,4.1));
#4061 = DIRECTION('',(0.,-0.707106781187,0.707106781187));
#4062 = DIRECTION('',(1.,0.,0.));
#4063 = ADVANCED_FACE('',(#4064),#4089,.T.);
#4064 = FACE_BOUND('',#4065,.T.);
#4065 = EDGE_LOOP('',(#4066,#4067,#4075,#4083));
#4066 = ORIENTED_EDGE('',*,*,#3760,.F.);
#4067 = ORIENTED_EDGE('',*,*,#4068,.F.);
#4068 = EDGE_CURVE('',#4069,#3753,#4071,.T.);
#4069 = VERTEX_POINT('',#4070);
#4070 = CARTESIAN_POINT('',(-2.,0.6,0.));
#4071 = LINE('',#4072,#4073);
#4072 = CARTESIAN_POINT('',(-2.,0.6,0.));
#4073 = VECTOR('',#4074,1.);
#4074 = DIRECTION('',(0.,0.,1.));
#4075 = ORIENTED_EDGE('',*,*,#4076,.F.);
#4076 = EDGE_CURVE('',#4077,#4069,#4079,.T.);
#4077 = VERTEX_POINT('',#4078);
#4078 = CARTESIAN_POINT('',(-2.,-0.6,0.));
#4079 = LINE('',#4080,#4081);
#4080 = CARTESIAN_POINT('',(-2.,0.3,0.));
#4081 = VECTOR('',#4082,1.);
#4082 = DIRECTION('',(0.,1.,0.));
#4083 = ORIENTED_EDGE('',*,*,#4084,.T.);
#4084 = EDGE_CURVE('',#4077,#3761,#4085,.T.);
#4085 = LINE('',#4086,#4087);
#4086 = CARTESIAN_POINT('',(-2.,-0.6,0.));
#4087 = VECTOR('',#4088,1.);
#4088 = DIRECTION('',(0.,0.,1.));
#4089 = PLANE('',#4090);
#4090 = AXIS2_PLACEMENT_3D('',#4091,#4092,#4093);
#4091 = CARTESIAN_POINT('',(-2.,0.6,0.));
#4092 = DIRECTION('',(-1.,0.,0.));
#4093 = DIRECTION('',(0.,-1.,0.));
#4094 = ADVANCED_FACE('',(#4095),#4113,.T.);
#4095 = FACE_BOUND('',#4096,.T.);
#4096 = EDGE_LOOP('',(#4097,#4098,#4099,#4107));
#4097 = ORIENTED_EDGE('',*,*,#3822,.F.);
#4098 = ORIENTED_EDGE('',*,*,#3908,.T.);
#4099 = ORIENTED_EDGE('',*,*,#4100,.T.);
#4100 = EDGE_CURVE('',#3901,#4101,#4103,.T.);
#4101 = VERTEX_POINT('',#4102);
#4102 = CARTESIAN_POINT('',(0.6,2.,4.));
#4103 = LINE('',#4104,#4105);
#4104 = CARTESIAN_POINT('',(0.4,1.8,4.2));
#4105 = VECTOR('',#4106,1.);
#4106 = DIRECTION('',(0.57735026919,0.57735026919,-0.57735026919));
#4107 = ORIENTED_EDGE('',*,*,#4108,.T.);
#4108 = EDGE_CURVE('',#4101,#3823,#4109,.T.);
#4109 = LINE('',#4110,#4111);
#4110 = CARTESIAN_POINT('',(0.3,2.,4.));
#4111 = VECTOR('',#4112,1.);
#4112 = DIRECTION('',(-1.,0.,0.));
#4113 = PLANE('',#4114);
#4114 = AXIS2_PLACEMENT_3D('',#4115,#4116,#4117);
#4115 = CARTESIAN_POINT('',(0.3,1.9,4.1));
#4116 = DIRECTION('',(0.,0.707106781187,0.707106781187));
#4117 = DIRECTION('',(1.,0.,-0.));
#4118 = ADVANCED_FACE('',(#4119),#4137,.T.);
#4119 = FACE_BOUND('',#4120,.T.);
#4120 = EDGE_LOOP('',(#4121,#4122,#4130,#4136));
#4121 = ORIENTED_EDGE('',*,*,#3900,.T.);
#4122 = ORIENTED_EDGE('',*,*,#4123,.F.);
#4123 = EDGE_CURVE('',#4124,#3893,#4126,.T.);
#4124 = VERTEX_POINT('',#4125);
#4125 = CARTESIAN_POINT('',(0.6,0.6,4.));
#4126 = LINE('',#4127,#4128);
#4127 = CARTESIAN_POINT('',(0.55,0.55,4.05));
#4128 = VECTOR('',#4129,1.);
#4129 = DIRECTION('',(-0.57735026919,-0.57735026919,0.57735026919));
#4130 = ORIENTED_EDGE('',*,*,#4131,.T.);
#4131 = EDGE_CURVE('',#4124,#4101,#4132,.T.);
#4132 = LINE('',#4133,#4134);
#4133 = CARTESIAN_POINT('',(0.6,0.3,4.));
#4134 = VECTOR('',#4135,1.);
#4135 = DIRECTION('',(0.,1.,0.));
#4136 = ORIENTED_EDGE('',*,*,#4100,.F.);
#4137 = PLANE('',#4138);
#4138 = AXIS2_PLACEMENT_3D('',#4139,#4140,#4141);
#4139 = CARTESIAN_POINT('',(0.5,0.3,4.1));
#4140 = DIRECTION('',(0.707106781187,0.,0.707106781187));
#4141 = DIRECTION('',(0.707106781187,0.,-0.707106781187));
#4142 = ADVANCED_FACE('',(#4143),#4168,.T.);
#4143 = FACE_BOUND('',#4144,.T.);
#4144 = EDGE_LOOP('',(#4145,#4146,#4154,#4162));
#4145 = ORIENTED_EDGE('',*,*,#4108,.F.);
#4146 = ORIENTED_EDGE('',*,*,#4147,.F.);
#4147 = EDGE_CURVE('',#4148,#4101,#4150,.T.);
#4148 = VERTEX_POINT('',#4149);
#4149 = CARTESIAN_POINT('',(0.6,2.,0.));
#4150 = LINE('',#4151,#4152);
#4151 = CARTESIAN_POINT('',(0.6,2.,0.));
#4152 = VECTOR('',#4153,1.);
#4153 = DIRECTION('',(0.,0.,1.));
#4154 = ORIENTED_EDGE('',*,*,#4155,.F.);
#4155 = EDGE_CURVE('',#4156,#4148,#4158,.T.);
#4156 = VERTEX_POINT('',#4157);
#4157 = CARTESIAN_POINT('',(-0.6,2.,0.));
#4158 = LINE('',#4159,#4160);
#4159 = CARTESIAN_POINT('',(0.3,2.,0.));
#4160 = VECTOR('',#4161,1.);
#4161 = DIRECTION('',(1.,0.,0.));
#4162 = ORIENTED_EDGE('',*,*,#4163,.T.);
#4163 = EDGE_CURVE('',#4156,#3823,#4164,.T.);
#4164 = LINE('',#4165,#4166);
#4165 = CARTESIAN_POINT('',(-0.6,2.,0.));
#4166 = VECTOR('',#4167,1.);
#4167 = DIRECTION('',(0.,0.,1.));
#4168 = PLANE('',#4169);
#4169 = AXIS2_PLACEMENT_3D('',#4170,#4171,#4172);
#4170 = CARTESIAN_POINT('',(0.6,2.,0.));
#4171 = DIRECTION('',(0.,1.,0.));
#4172 = DIRECTION('',(-1.,0.,0.));
#4173 = ADVANCED_FACE('',(#4174),#4192,.T.);
#4174 = FACE_BOUND('',#4175,.T.);
#4175 = EDGE_LOOP('',(#4176,#4177,#4185,#4191));
#4176 = ORIENTED_EDGE('',*,*,#4131,.F.);
#4177 = ORIENTED_EDGE('',*,*,#4178,.F.);
#4178 = EDGE_CURVE('',#4179,#4124,#4181,.T.);
#4179 = VERTEX_POINT('',#4180);
#4180 = CARTESIAN_POINT('',(0.6,0.6,0.));
#4181 = LINE('',#4182,#4183);
#4182 = CARTESIAN_POINT('',(0.6,0.6,0.));
#4183 = VECTOR('',#4184,1.);
#4184 = DIRECTION('',(0.,0.,1.));
#4185 = ORIENTED_EDGE('',*,*,#4186,.F.);
#4186 = EDGE_CURVE('',#4148,#4179,#4187,.T.);
#4187 = LINE('',#4188,#4189);
#4188 = CARTESIAN_POINT('',(0.6,0.3,0.));
#4189 = VECTOR('',#4190,1.);
#4190 = DIRECTION('',(0.,-1.,0.));
#4191 = ORIENTED_EDGE('',*,*,#4147,.T.);
#4192 = PLANE('',#4193);
#4193 = AXIS2_PLACEMENT_3D('',#4194,#4195,#4196);
#4194 = CARTESIAN_POINT('',(0.6,0.6,0.));
#4195 = DIRECTION('',(1.,0.,0.));
#4196 = DIRECTION('',(-0.,1.,0.));
#4197 = ADVANCED_FACE('',(#4198),#4209,.T.);
#4198 = FACE_BOUND('',#4199,.T.);
#4199 = EDGE_LOOP('',(#4200,#4201,#4207,#4208));
#4200 = ORIENTED_EDGE('',*,*,#3939,.F.);
#4201 = ORIENTED_EDGE('',*,*,#4202,.T.);
#4202 = EDGE_CURVE('',#3932,#4124,#4203,.T.);
#4203 = LINE('',#4204,#4205);
#4204 = CARTESIAN_POINT('',(1.,0.6,4.));
#4205 = VECTOR('',#4206,1.);
#4206 = DIRECTION('',(-1.,0.,0.));
#4207 = ORIENTED_EDGE('',*,*,#4123,.T.);
#4208 = ORIENTED_EDGE('',*,*,#3892,.T.);
#4209 = PLANE('',#4210);
#4210 = AXIS2_PLACEMENT_3D('',#4211,#4212,#4213);
#4211 = CARTESIAN_POINT('',(1.,0.5,4.1));
#4212 = DIRECTION('',(0.,0.707106781187,0.707106781187));
#4213 = DIRECTION('',(1.,0.,-0.));
#4214 = ADVANCED_FACE('',(#4215),#4233,.T.);
#4215 = FACE_BOUND('',#4216,.T.);
#4216 = EDGE_LOOP('',(#4217,#4218,#4226,#4232));
#4217 = ORIENTED_EDGE('',*,*,#4202,.F.);
#4218 = ORIENTED_EDGE('',*,*,#4219,.F.);
#4219 = EDGE_CURVE('',#4220,#3932,#4222,.T.);
#4220 = VERTEX_POINT('',#4221);
#4221 = CARTESIAN_POINT('',(2.,0.6,0.));
#4222 = LINE('',#4223,#4224);
#4223 = CARTESIAN_POINT('',(2.,0.6,0.));
#4224 = VECTOR('',#4225,1.);
#4225 = DIRECTION('',(0.,0.,1.));
#4226 = ORIENTED_EDGE('',*,*,#4227,.F.);
#4227 = EDGE_CURVE('',#4179,#4220,#4228,.T.);
#4228 = LINE('',#4229,#4230);
#4229 = CARTESIAN_POINT('',(1.,0.6,0.));
#4230 = VECTOR('',#4231,1.);
#4231 = DIRECTION('',(1.,0.,0.));
#4232 = ORIENTED_EDGE('',*,*,#4178,.T.);
#4233 = PLANE('',#4234);
#4234 = AXIS2_PLACEMENT_3D('',#4235,#4236,#4237);
#4235 = CARTESIAN_POINT('',(2.,0.6,0.));
#4236 = DIRECTION('',(0.,1.,0.));
#4237 = DIRECTION('',(-1.,0.,0.));
#4238 = ADVANCED_FACE('',(#4239),#4257,.T.);
#4239 = FACE_BOUND('',#4240,.T.);
#4240 = EDGE_LOOP('',(#4241,#4242,#4250,#4256));
#4241 = ORIENTED_EDGE('',*,*,#3931,.F.);
#4242 = ORIENTED_EDGE('',*,*,#4243,.F.);
#4243 = EDGE_CURVE('',#4244,#3924,#4246,.T.);
#4244 = VERTEX_POINT('',#4245);
#4245 = CARTESIAN_POINT('',(2.,-0.6,0.));
#4246 = LINE('',#4247,#4248);
#4247 = CARTESIAN_POINT('',(2.,-0.6,0.));
#4248 = VECTOR('',#4249,1.);
#4249 = DIRECTION('',(0.,0.,1.));
#4250 = ORIENTED_EDGE('',*,*,#4251,.F.);
#4251 = EDGE_CURVE('',#4220,#4244,#4252,.T.);
#4252 = LINE('',#4253,#4254);
#4253 = CARTESIAN_POINT('',(2.,-0.3,0.));
#4254 = VECTOR('',#4255,1.);
#4255 = DIRECTION('',(0.,-1.,0.));
#4256 = ORIENTED_EDGE('',*,*,#4219,.T.);
#4257 = PLANE('',#4258);
#4258 = AXIS2_PLACEMENT_3D('',#4259,#4260,#4261);
#4259 = CARTESIAN_POINT('',(2.,-0.6,0.));
#4260 = DIRECTION('',(1.,0.,0.));
#4261 = DIRECTION('',(-0.,1.,0.));
#4262 = ADVANCED_FACE('',(#4263),#4274,.T.);
#4263 = FACE_BOUND('',#4264,.T.);
#4264 = EDGE_LOOP('',(#4265,#4266,#4267,#4273));
#4265 = ORIENTED_EDGE('',*,*,#3956,.F.);
#4266 = ORIENTED_EDGE('',*,*,#3988,.F.);
#4267 = ORIENTED_EDGE('',*,*,#4268,.F.);
#4268 = EDGE_CURVE('',#4244,#3981,#4269,.T.);
#4269 = LINE('',#4270,#4271);
#4270 = CARTESIAN_POINT('',(0.3,-0.6,0.));
#4271 = VECTOR('',#4272,1.);
#4272 = DIRECTION('',(-1.,0.,0.));
#4273 = ORIENTED_EDGE('',*,*,#4243,.T.);
#4274 = PLANE('',#4275);
#4275 = AXIS2_PLACEMENT_3D('',#4276,#4277,#4278);
#4276 = CARTESIAN_POINT('',(0.6,-0.6,0.));
#4277 = DIRECTION('',(0.,-1.,0.));
#4278 = DIRECTION('',(1.,0.,0.));
#4279 = ADVANCED_FACE('',(#4280),#4314,.T.);
#4280 = FACE_BOUND('',#4281,.T.);
#4281 = EDGE_LOOP('',(#4282,#4292,#4300,#4308));
#4282 = ORIENTED_EDGE('',*,*,#4283,.F.);
#4283 = EDGE_CURVE('',#4284,#4286,#4288,.T.);
#4284 = VERTEX_POINT('',#4285);
#4285 = CARTESIAN_POINT('',(-1.65,2.75,0.));
#4286 = VERTEX_POINT('',#4287);
#4287 = CARTESIAN_POINT('',(-1.65,2.35,0.));
#4288 = LINE('',#4289,#4290);
#4289 = CARTESIAN_POINT('',(-1.65,1.175,0.));
#4290 = VECTOR('',#4291,1.);
#4291 = DIRECTION('',(0.,-1.,0.));
#4292 = ORIENTED_EDGE('',*,*,#4293,.T.);
#4293 = EDGE_CURVE('',#4284,#4294,#4296,.T.);
#4294 = VERTEX_POINT('',#4295);
#4295 = CARTESIAN_POINT('',(-1.65,2.75,4.2));
#4296 = LINE('',#4297,#4298);
#4297 = CARTESIAN_POINT('',(-1.65,2.75,0.));
#4298 = VECTOR('',#4299,1.);
#4299 = DIRECTION('',(0.,0.,1.));
#4300 = ORIENTED_EDGE('',*,*,#4301,.F.);
#4301 = EDGE_CURVE('',#4302,#4294,#4304,.T.);
#4302 = VERTEX_POINT('',#4303);
#4303 = CARTESIAN_POINT('',(-1.65,2.35,4.2));
#4304 = LINE('',#4305,#4306);
#4305 = CARTESIAN_POINT('',(-1.65,2.35,4.2));
#4306 = VECTOR('',#4307,1.);
#4307 = DIRECTION('',(0.,1.,0.));
#4308 = ORIENTED_EDGE('',*,*,#4309,.F.);
#4309 = EDGE_CURVE('',#4286,#4302,#4310,.T.);
#4310 = LINE('',#4311,#4312);
#4311 = CARTESIAN_POINT('',(-1.65,2.35,0.));
#4312 = VECTOR('',#4313,1.);
#4313 = DIRECTION('',(0.,0.,1.));
#4314 = PLANE('',#4315);
#4315 = AXIS2_PLACEMENT_3D('',#4316,#4317,#4318);
#4316 = CARTESIAN_POINT('',(-1.65,2.35,0.));
#4317 = DIRECTION('',(1.,0.,0.));
#4318 = DIRECTION('',(-0.,1.,0.));
#4319 = ADVANCED_FACE('',(#4320),#4345,.T.);
#4320 = FACE_BOUND('',#4321,.T.);
#4321 = EDGE_LOOP('',(#4322,#4330,#4331,#4339));
#4322 = ORIENTED_EDGE('',*,*,#4323,.F.);
#4323 = EDGE_CURVE('',#4286,#4324,#4326,.T.);
#4324 = VERTEX_POINT('',#4325);
#4325 = CARTESIAN_POINT('',(-3.15,2.35,0.));
#4326 = LINE('',#4327,#4328);
#4327 = CARTESIAN_POINT('',(-1.575,2.35,0.));
#4328 = VECTOR('',#4329,1.);
#4329 = DIRECTION('',(-1.,1.850371707709E-16,0.));
#4330 = ORIENTED_EDGE('',*,*,#4309,.T.);
#4331 = ORIENTED_EDGE('',*,*,#4332,.F.);
#4332 = EDGE_CURVE('',#4333,#4302,#4335,.T.);
#4333 = VERTEX_POINT('',#4334);
#4334 = CARTESIAN_POINT('',(-3.15,2.35,4.2));
#4335 = LINE('',#4336,#4337);
#4336 = CARTESIAN_POINT('',(-3.15,2.35,4.2));
#4337 = VECTOR('',#4338,1.);
#4338 = DIRECTION('',(1.,-1.850371707709E-16,0.));
#4339 = ORIENTED_EDGE('',*,*,#4340,.F.);
#4340 = EDGE_CURVE('',#4324,#4333,#4341,.T.);
#4341 = LINE('',#4342,#4343);
#4342 = CARTESIAN_POINT('',(-3.15,2.35,0.));
#4343 = VECTOR('',#4344,1.);
#4344 = DIRECTION('',(0.,0.,1.));
#4345 = PLANE('',#4346);
#4346 = AXIS2_PLACEMENT_3D('',#4347,#4348,#4349);
#4347 = CARTESIAN_POINT('',(-3.15,2.35,0.));
#4348 = DIRECTION('',(-1.850371707709E-16,-1.,0.));
#4349 = DIRECTION('',(1.,-1.850371707709E-16,0.));
#4350 = ADVANCED_FACE('',(#4351),#4376,.T.);
#4351 = FACE_BOUND('',#4352,.T.);
#4352 = EDGE_LOOP('',(#4353,#4361,#4362,#4370));
#4353 = ORIENTED_EDGE('',*,*,#4354,.F.);
#4354 = EDGE_CURVE('',#4324,#4355,#4357,.T.);
#4355 = VERTEX_POINT('',#4356);
#4356 = CARTESIAN_POINT('',(-3.15,-2.35,0.));
#4357 = LINE('',#4358,#4359);
#4358 = CARTESIAN_POINT('',(-3.15,-1.175,0.));
#4359 = VECTOR('',#4360,1.);
#4360 = DIRECTION('',(-2.362176648139E-16,-1.,0.));
#4361 = ORIENTED_EDGE('',*,*,#4340,.T.);
#4362 = ORIENTED_EDGE('',*,*,#4363,.F.);
#4363 = EDGE_CURVE('',#4364,#4333,#4366,.T.);
#4364 = VERTEX_POINT('',#4365);
#4365 = CARTESIAN_POINT('',(-3.15,-2.35,4.2));
#4366 = LINE('',#4367,#4368);
#4367 = CARTESIAN_POINT('',(-3.15,-2.35,4.2));
#4368 = VECTOR('',#4369,1.);
#4369 = DIRECTION('',(2.362176648139E-16,1.,0.));
#4370 = ORIENTED_EDGE('',*,*,#4371,.F.);
#4371 = EDGE_CURVE('',#4355,#4364,#4372,.T.);
#4372 = LINE('',#4373,#4374);
#4373 = CARTESIAN_POINT('',(-3.15,-2.35,0.));
#4374 = VECTOR('',#4375,1.);
#4375 = DIRECTION('',(0.,0.,1.));
#4376 = PLANE('',#4377);
#4377 = AXIS2_PLACEMENT_3D('',#4378,#4379,#4380);
#4378 = CARTESIAN_POINT('',(-3.15,-2.35,0.));
#4379 = DIRECTION('',(1.,-2.362176648139E-16,0.));
#4380 = DIRECTION('',(2.362176648139E-16,1.,0.));
#4381 = ADVANCED_FACE('',(#4382),#4407,.T.);
#4382 = FACE_BOUND('',#4383,.T.);
#4383 = EDGE_LOOP('',(#4384,#4392,#4393,#4401));
#4384 = ORIENTED_EDGE('',*,*,#4385,.F.);
#4385 = EDGE_CURVE('',#4355,#4386,#4388,.T.);
#4386 = VERTEX_POINT('',#4387);
#4387 = CARTESIAN_POINT('',(-1.65,-2.35,0.));
#4388 = LINE('',#4389,#4390);
#4389 = CARTESIAN_POINT('',(-0.825,-2.35,0.));
#4390 = VECTOR('',#4391,1.);
#4391 = DIRECTION('',(1.,1.850371707709E-16,0.));
#4392 = ORIENTED_EDGE('',*,*,#4371,.T.);
#4393 = ORIENTED_EDGE('',*,*,#4394,.F.);
#4394 = EDGE_CURVE('',#4395,#4364,#4397,.T.);
#4395 = VERTEX_POINT('',#4396);
#4396 = CARTESIAN_POINT('',(-1.65,-2.35,4.2));
#4397 = LINE('',#4398,#4399);
#4398 = CARTESIAN_POINT('',(-1.65,-2.35,4.2));
#4399 = VECTOR('',#4400,1.);
#4400 = DIRECTION('',(-1.,-1.850371707709E-16,0.));
#4401 = ORIENTED_EDGE('',*,*,#4402,.F.);
#4402 = EDGE_CURVE('',#4386,#4395,#4403,.T.);
#4403 = LINE('',#4404,#4405);
#4404 = CARTESIAN_POINT('',(-1.65,-2.35,0.));
#4405 = VECTOR('',#4406,1.);
#4406 = DIRECTION('',(0.,0.,1.));
#4407 = PLANE('',#4408);
#4408 = AXIS2_PLACEMENT_3D('',#4409,#4410,#4411);
#4409 = CARTESIAN_POINT('',(-1.65,-2.35,0.));
#4410 = DIRECTION('',(-1.850371707709E-16,1.,0.));
#4411 = DIRECTION('',(-1.,-1.850371707709E-16,0.));
#4412 = ADVANCED_FACE('',(#4413),#4438,.T.);
#4413 = FACE_BOUND('',#4414,.T.);
#4414 = EDGE_LOOP('',(#4415,#4423,#4424,#4432));
#4415 = ORIENTED_EDGE('',*,*,#4416,.F.);
#4416 = EDGE_CURVE('',#4386,#4417,#4419,.T.);
#4417 = VERTEX_POINT('',#4418);
#4418 = CARTESIAN_POINT('',(-1.65,-2.75,0.));
#4419 = LINE('',#4420,#4421);
#4420 = CARTESIAN_POINT('',(-1.65,-1.375,0.));
#4421 = VECTOR('',#4422,1.);
#4422 = DIRECTION('',(0.,-1.,0.));
#4423 = ORIENTED_EDGE('',*,*,#4402,.T.);
#4424 = ORIENTED_EDGE('',*,*,#4425,.F.);
#4425 = EDGE_CURVE('',#4426,#4395,#4428,.T.);
#4426 = VERTEX_POINT('',#4427);
#4427 = CARTESIAN_POINT('',(-1.65,-2.75,4.2));
#4428 = LINE('',#4429,#4430);
#4429 = CARTESIAN_POINT('',(-1.65,-2.75,4.2));
#4430 = VECTOR('',#4431,1.);
#4431 = DIRECTION('',(0.,1.,0.));
#4432 = ORIENTED_EDGE('',*,*,#4433,.F.);
#4433 = EDGE_CURVE('',#4417,#4426,#4434,.T.);
#4434 = LINE('',#4435,#4436);
#4435 = CARTESIAN_POINT('',(-1.65,-2.75,0.));
#4436 = VECTOR('',#4437,1.);
#4437 = DIRECTION('',(0.,0.,1.));
#4438 = PLANE('',#4439);
#4439 = AXIS2_PLACEMENT_3D('',#4440,#4441,#4442);
#4440 = CARTESIAN_POINT('',(-1.65,-2.75,0.));
#4441 = DIRECTION('',(1.,0.,0.));
#4442 = DIRECTION('',(-0.,1.,0.));
#4443 = ADVANCED_FACE('',(#4444),#4473,.T.);
#4444 = FACE_BOUND('',#4445,.T.);
#4445 = EDGE_LOOP('',(#4446,#4456,#4462,#4463,#4464,#4465,#4466,#4467));
#4446 = ORIENTED_EDGE('',*,*,#4447,.T.);
#4447 = EDGE_CURVE('',#4448,#4450,#4452,.T.);
#4448 = VERTEX_POINT('',#4449);
#4449 = CARTESIAN_POINT('',(-3.55,2.75,4.2));
#4450 = VERTEX_POINT('',#4451);
#4451 = CARTESIAN_POINT('',(-3.55,-2.75,4.2));
#4452 = LINE('',#4453,#4454);
#4453 = CARTESIAN_POINT('',(-3.55,2.75,4.2));
#4454 = VECTOR('',#4455,1.);
#4455 = DIRECTION('',(0.,-1.,0.));
#4456 = ORIENTED_EDGE('',*,*,#4457,.T.);
#4457 = EDGE_CURVE('',#4450,#4426,#4458,.T.);
#4458 = LINE('',#4459,#4460);
#4459 = CARTESIAN_POINT('',(-3.55,-2.75,4.2));
#4460 = VECTOR('',#4461,1.);
#4461 = DIRECTION('',(1.,0.,0.));
#4462 = ORIENTED_EDGE('',*,*,#4425,.T.);
#4463 = ORIENTED_EDGE('',*,*,#4394,.T.);
#4464 = ORIENTED_EDGE('',*,*,#4363,.T.);
#4465 = ORIENTED_EDGE('',*,*,#4332,.T.);
#4466 = ORIENTED_EDGE('',*,*,#4301,.T.);
#4467 = ORIENTED_EDGE('',*,*,#4468,.T.);
#4468 = EDGE_CURVE('',#4294,#4448,#4469,.T.);
#4469 = LINE('',#4470,#4471);
#4470 = CARTESIAN_POINT('',(3.55,2.75,4.2));
#4471 = VECTOR('',#4472,1.);
#4472 = DIRECTION('',(-1.,0.,0.));
#4473 = PLANE('',#4474);
#4474 = AXIS2_PLACEMENT_3D('',#4475,#4476,#4477);
#4475 = CARTESIAN_POINT('',(-2.962359550562,1.110223024625E-15,4.2));
#4476 = DIRECTION('',(0.,0.,1.));
#4477 = DIRECTION('',(1.,0.,-0.));
#4478 = ADVANCED_FACE('',(#4479),#4513,.T.);
#4479 = FACE_BOUND('',#4480,.T.);
#4480 = EDGE_LOOP('',(#4481,#4491,#4499,#4507));
#4481 = ORIENTED_EDGE('',*,*,#4482,.F.);
#4482 = EDGE_CURVE('',#4483,#4485,#4487,.T.);
#4483 = VERTEX_POINT('',#4484);
#4484 = CARTESIAN_POINT('',(1.65,-2.75,0.));
#4485 = VERTEX_POINT('',#4486);
#4486 = CARTESIAN_POINT('',(1.65,-2.35,0.));
#4487 = LINE('',#4488,#4489);
#4488 = CARTESIAN_POINT('',(1.65,-1.175,0.));
#4489 = VECTOR('',#4490,1.);
#4490 = DIRECTION('',(0.,1.,0.));
#4491 = ORIENTED_EDGE('',*,*,#4492,.T.);
#4492 = EDGE_CURVE('',#4483,#4493,#4495,.T.);
#4493 = VERTEX_POINT('',#4494);
#4494 = CARTESIAN_POINT('',(1.65,-2.75,4.2));
#4495 = LINE('',#4496,#4497);
#4496 = CARTESIAN_POINT('',(1.65,-2.75,0.));
#4497 = VECTOR('',#4498,1.);
#4498 = DIRECTION('',(0.,0.,1.));
#4499 = ORIENTED_EDGE('',*,*,#4500,.F.);
#4500 = EDGE_CURVE('',#4501,#4493,#4503,.T.);
#4501 = VERTEX_POINT('',#4502);
#4502 = CARTESIAN_POINT('',(1.65,-2.35,4.2));
#4503 = LINE('',#4504,#4505);
#4504 = CARTESIAN_POINT('',(1.65,-2.35,4.2));
#4505 = VECTOR('',#4506,1.);
#4506 = DIRECTION('',(0.,-1.,0.));
#4507 = ORIENTED_EDGE('',*,*,#4508,.F.);
#4508 = EDGE_CURVE('',#4485,#4501,#4509,.T.);
#4509 = LINE('',#4510,#4511);
#4510 = CARTESIAN_POINT('',(1.65,-2.35,0.));
#4511 = VECTOR('',#4512,1.);
#4512 = DIRECTION('',(0.,0.,1.));
#4513 = PLANE('',#4514);
#4514 = AXIS2_PLACEMENT_3D('',#4515,#4516,#4517);
#4515 = CARTESIAN_POINT('',(1.65,-2.35,0.));
#4516 = DIRECTION('',(-1.,0.,0.));
#4517 = DIRECTION('',(0.,-1.,0.));
#4518 = ADVANCED_FACE('',(#4519),#4544,.T.);
#4519 = FACE_BOUND('',#4520,.T.);
#4520 = EDGE_LOOP('',(#4521,#4529,#4530,#4538));
#4521 = ORIENTED_EDGE('',*,*,#4522,.F.);
#4522 = EDGE_CURVE('',#4485,#4523,#4525,.T.);
#4523 = VERTEX_POINT('',#4524);
#4524 = CARTESIAN_POINT('',(3.15,-2.35,0.));
#4525 = LINE('',#4526,#4527);
#4526 = CARTESIAN_POINT('',(1.575,-2.35,0.));
#4527 = VECTOR('',#4528,1.);
#4528 = DIRECTION('',(1.,0.,0.));
#4529 = ORIENTED_EDGE('',*,*,#4508,.T.);
#4530 = ORIENTED_EDGE('',*,*,#4531,.F.);
#4531 = EDGE_CURVE('',#4532,#4501,#4534,.T.);
#4532 = VERTEX_POINT('',#4533);
#4533 = CARTESIAN_POINT('',(3.15,-2.35,4.2));
#4534 = LINE('',#4535,#4536);
#4535 = CARTESIAN_POINT('',(3.15,-2.35,4.2));
#4536 = VECTOR('',#4537,1.);
#4537 = DIRECTION('',(-1.,0.,0.));
#4538 = ORIENTED_EDGE('',*,*,#4539,.F.);
#4539 = EDGE_CURVE('',#4523,#4532,#4540,.T.);
#4540 = LINE('',#4541,#4542);
#4541 = CARTESIAN_POINT('',(3.15,-2.35,0.));
#4542 = VECTOR('',#4543,1.);
#4543 = DIRECTION('',(0.,0.,1.));
#4544 = PLANE('',#4545);
#4545 = AXIS2_PLACEMENT_3D('',#4546,#4547,#4548);
#4546 = CARTESIAN_POINT('',(3.15,-2.35,0.));
#4547 = DIRECTION('',(0.,1.,0.));
#4548 = DIRECTION('',(-1.,0.,0.));
#4549 = ADVANCED_FACE('',(#4550),#4575,.T.);
#4550 = FACE_BOUND('',#4551,.T.);
#4551 = EDGE_LOOP('',(#4552,#4560,#4561,#4569));
#4552 = ORIENTED_EDGE('',*,*,#4553,.F.);
#4553 = EDGE_CURVE('',#4523,#4554,#4556,.T.);
#4554 = VERTEX_POINT('',#4555);
#4555 = CARTESIAN_POINT('',(3.15,2.35,0.));
#4556 = LINE('',#4557,#4558);
#4557 = CARTESIAN_POINT('',(3.15,1.175,0.));
#4558 = VECTOR('',#4559,1.);
#4559 = DIRECTION('',(0.,1.,0.));
#4560 = ORIENTED_EDGE('',*,*,#4539,.T.);
#4561 = ORIENTED_EDGE('',*,*,#4562,.F.);
#4562 = EDGE_CURVE('',#4563,#4532,#4565,.T.);
#4563 = VERTEX_POINT('',#4564);
#4564 = CARTESIAN_POINT('',(3.15,2.35,4.2));
#4565 = LINE('',#4566,#4567);
#4566 = CARTESIAN_POINT('',(3.15,2.35,4.2));
#4567 = VECTOR('',#4568,1.);
#4568 = DIRECTION('',(0.,-1.,0.));
#4569 = ORIENTED_EDGE('',*,*,#4570,.F.);
#4570 = EDGE_CURVE('',#4554,#4563,#4571,.T.);
#4571 = LINE('',#4572,#4573);
#4572 = CARTESIAN_POINT('',(3.15,2.35,0.));
#4573 = VECTOR('',#4574,1.);
#4574 = DIRECTION('',(0.,0.,1.));
#4575 = PLANE('',#4576);
#4576 = AXIS2_PLACEMENT_3D('',#4577,#4578,#4579);
#4577 = CARTESIAN_POINT('',(3.15,2.35,0.));
#4578 = DIRECTION('',(-1.,0.,0.));
#4579 = DIRECTION('',(0.,-1.,0.));
#4580 = ADVANCED_FACE('',(#4581),#4606,.T.);
#4581 = FACE_BOUND('',#4582,.T.);
#4582 = EDGE_LOOP('',(#4583,#4591,#4592,#4600));
#4583 = ORIENTED_EDGE('',*,*,#4584,.F.);
#4584 = EDGE_CURVE('',#4554,#4585,#4587,.T.);
#4585 = VERTEX_POINT('',#4586);
#4586 = CARTESIAN_POINT('',(1.65,2.35,0.));
#4587 = LINE('',#4588,#4589);
#4588 = CARTESIAN_POINT('',(0.825,2.35,0.));
#4589 = VECTOR('',#4590,1.);
#4590 = DIRECTION('',(-1.,1.850371707709E-16,0.));
#4591 = ORIENTED_EDGE('',*,*,#4570,.T.);
#4592 = ORIENTED_EDGE('',*,*,#4593,.F.);
#4593 = EDGE_CURVE('',#4594,#4563,#4596,.T.);
#4594 = VERTEX_POINT('',#4595);
#4595 = CARTESIAN_POINT('',(1.65,2.35,4.2));
#4596 = LINE('',#4597,#4598);
#4597 = CARTESIAN_POINT('',(1.65,2.35,4.2));
#4598 = VECTOR('',#4599,1.);
#4599 = DIRECTION('',(1.,-1.850371707709E-16,0.));
#4600 = ORIENTED_EDGE('',*,*,#4601,.F.);
#4601 = EDGE_CURVE('',#4585,#4594,#4602,.T.);
#4602 = LINE('',#4603,#4604);
#4603 = CARTESIAN_POINT('',(1.65,2.35,0.));
#4604 = VECTOR('',#4605,1.);
#4605 = DIRECTION('',(0.,0.,1.));
#4606 = PLANE('',#4607);
#4607 = AXIS2_PLACEMENT_3D('',#4608,#4609,#4610);
#4608 = CARTESIAN_POINT('',(1.65,2.35,0.));
#4609 = DIRECTION('',(-1.850371707709E-16,-1.,0.));
#4610 = DIRECTION('',(1.,-1.850371707709E-16,0.));
#4611 = ADVANCED_FACE('',(#4612),#4637,.T.);
#4612 = FACE_BOUND('',#4613,.T.);
#4613 = EDGE_LOOP('',(#4614,#4622,#4623,#4631));
#4614 = ORIENTED_EDGE('',*,*,#4615,.F.);
#4615 = EDGE_CURVE('',#4585,#4616,#4618,.T.);
#4616 = VERTEX_POINT('',#4617);
#4617 = CARTESIAN_POINT('',(1.65,2.75,0.));
#4618 = LINE('',#4619,#4620);
#4619 = CARTESIAN_POINT('',(1.65,1.375,0.));
#4620 = VECTOR('',#4621,1.);
#4621 = DIRECTION('',(0.,1.,0.));
#4622 = ORIENTED_EDGE('',*,*,#4601,.T.);
#4623 = ORIENTED_EDGE('',*,*,#4624,.F.);
#4624 = EDGE_CURVE('',#4625,#4594,#4627,.T.);
#4625 = VERTEX_POINT('',#4626);
#4626 = CARTESIAN_POINT('',(1.65,2.75,4.2));
#4627 = LINE('',#4628,#4629);
#4628 = CARTESIAN_POINT('',(1.65,2.75,4.2));
#4629 = VECTOR('',#4630,1.);
#4630 = DIRECTION('',(0.,-1.,0.));
#4631 = ORIENTED_EDGE('',*,*,#4632,.F.);
#4632 = EDGE_CURVE('',#4616,#4625,#4633,.T.);
#4633 = LINE('',#4634,#4635);
#4634 = CARTESIAN_POINT('',(1.65,2.75,0.));
#4635 = VECTOR('',#4636,1.);
#4636 = DIRECTION('',(0.,0.,1.));
#4637 = PLANE('',#4638);
#4638 = AXIS2_PLACEMENT_3D('',#4639,#4640,#4641);
#4639 = CARTESIAN_POINT('',(1.65,2.75,0.));
#4640 = DIRECTION('',(-1.,0.,0.));
#4641 = DIRECTION('',(0.,-1.,0.));
#4642 = ADVANCED_FACE('',(#4643),#4672,.T.);
#4643 = FACE_BOUND('',#4644,.T.);
#4644 = EDGE_LOOP('',(#4645,#4655,#4661,#4662,#4663,#4664,#4665,#4666));
#4645 = ORIENTED_EDGE('',*,*,#4646,.T.);
#4646 = EDGE_CURVE('',#4647,#4649,#4651,.T.);
#4647 = VERTEX_POINT('',#4648);
#4648 = CARTESIAN_POINT('',(3.55,-2.75,4.2));
#4649 = VERTEX_POINT('',#4650);
#4650 = CARTESIAN_POINT('',(3.55,2.75,4.2));
#4651 = LINE('',#4652,#4653);
#4652 = CARTESIAN_POINT('',(3.55,-2.75,4.2));
#4653 = VECTOR('',#4654,1.);
#4654 = DIRECTION('',(0.,1.,0.));
#4655 = ORIENTED_EDGE('',*,*,#4656,.T.);
#4656 = EDGE_CURVE('',#4649,#4625,#4657,.T.);
#4657 = LINE('',#4658,#4659);
#4658 = CARTESIAN_POINT('',(3.55,2.75,4.2));
#4659 = VECTOR('',#4660,1.);
#4660 = DIRECTION('',(-1.,0.,0.));
#4661 = ORIENTED_EDGE('',*,*,#4624,.T.);
#4662 = ORIENTED_EDGE('',*,*,#4593,.T.);
#4663 = ORIENTED_EDGE('',*,*,#4562,.T.);
#4664 = ORIENTED_EDGE('',*,*,#4531,.T.);
#4665 = ORIENTED_EDGE('',*,*,#4500,.T.);
#4666 = ORIENTED_EDGE('',*,*,#4667,.T.);
#4667 = EDGE_CURVE('',#4493,#4647,#4668,.T.);
#4668 = LINE('',#4669,#4670);
#4669 = CARTESIAN_POINT('',(-3.55,-2.75,4.2));
#4670 = VECTOR('',#4671,1.);
#4671 = DIRECTION('',(1.,0.,0.));
#4672 = PLANE('',#4673);
#4673 = AXIS2_PLACEMENT_3D('',#4674,#4675,#4676);
#4674 = CARTESIAN_POINT('',(2.962359550562,1.110223024625E-15,4.2));
#4675 = DIRECTION('',(0.,0.,1.));
#4676 = DIRECTION('',(1.,0.,-0.));
#4677 = ADVANCED_FACE('',(#4678),#4689,.T.);
#4678 = FACE_BOUND('',#4679,.T.);
#4679 = EDGE_LOOP('',(#4680,#4681,#4682,#4688));
#4680 = ORIENTED_EDGE('',*,*,#4051,.F.);
#4681 = ORIENTED_EDGE('',*,*,#4084,.F.);
#4682 = ORIENTED_EDGE('',*,*,#4683,.F.);
#4683 = EDGE_CURVE('',#4028,#4077,#4684,.T.);
#4684 = LINE('',#4685,#4686);
#4685 = CARTESIAN_POINT('',(-1.,-0.6,0.));
#4686 = VECTOR('',#4687,1.);
#4687 = DIRECTION('',(-1.,0.,0.));
#4688 = ORIENTED_EDGE('',*,*,#4027,.T.);
#4689 = PLANE('',#4690);
#4690 = AXIS2_PLACEMENT_3D('',#4691,#4692,#4693);
#4691 = CARTESIAN_POINT('',(-2.,-0.6,0.));
#4692 = DIRECTION('',(0.,-1.,0.));
#4693 = DIRECTION('',(1.,0.,0.));
#4694 = ADVANCED_FACE('',(#4695),#4713,.T.);
#4695 = FACE_BOUND('',#4696,.T.);
#4696 = EDGE_LOOP('',(#4697,#4698,#4706,#4712));
#4697 = ORIENTED_EDGE('',*,*,#3799,.F.);
#4698 = ORIENTED_EDGE('',*,*,#4699,.F.);
#4699 = EDGE_CURVE('',#4700,#3792,#4702,.T.);
#4700 = VERTEX_POINT('',#4701);
#4701 = CARTESIAN_POINT('',(-0.6,0.6,0.));
#4702 = LINE('',#4703,#4704);
#4703 = CARTESIAN_POINT('',(-0.6,0.6,0.));
#4704 = VECTOR('',#4705,1.);
#4705 = DIRECTION('',(0.,0.,1.));
#4706 = ORIENTED_EDGE('',*,*,#4707,.F.);
#4707 = EDGE_CURVE('',#4069,#4700,#4708,.T.);
#4708 = LINE('',#4709,#4710);
#4709 = CARTESIAN_POINT('',(-0.3,0.6,0.));
#4710 = VECTOR('',#4711,1.);
#4711 = DIRECTION('',(1.,0.,0.));
#4712 = ORIENTED_EDGE('',*,*,#4068,.T.);
#4713 = PLANE('',#4714);
#4714 = AXIS2_PLACEMENT_3D('',#4715,#4716,#4717);
#4715 = CARTESIAN_POINT('',(-0.6,0.6,0.));
#4716 = DIRECTION('',(0.,1.,0.));
#4717 = DIRECTION('',(-1.,0.,0.));
#4718 = ADVANCED_FACE('',(#4719),#4730,.T.);
#4719 = FACE_BOUND('',#4720,.T.);
#4720 = EDGE_LOOP('',(#4721,#4722,#4723,#4729));
#4721 = ORIENTED_EDGE('',*,*,#3830,.F.);
#4722 = ORIENTED_EDGE('',*,*,#4163,.F.);
#4723 = ORIENTED_EDGE('',*,*,#4724,.F.);
#4724 = EDGE_CURVE('',#4700,#4156,#4725,.T.);
#4725 = LINE('',#4726,#4727);
#4726 = CARTESIAN_POINT('',(-0.6,1.,0.));
#4727 = VECTOR('',#4728,1.);
#4728 = DIRECTION('',(0.,1.,0.));
#4729 = ORIENTED_EDGE('',*,*,#4699,.T.);
#4730 = PLANE('',#4731);
#4731 = AXIS2_PLACEMENT_3D('',#4732,#4733,#4734);
#4732 = CARTESIAN_POINT('',(-0.6,2.,0.));
#4733 = DIRECTION('',(-1.,0.,0.));
#4734 = DIRECTION('',(0.,-1.,0.));
#4735 = ADVANCED_FACE('',(#4736),#4770,.T.);
#4736 = FACE_BOUND('',#4737,.T.);
#4737 = EDGE_LOOP('',(#4738,#4746,#4754,#4760,#4761,#4762,#4768,#4769));
#4738 = ORIENTED_EDGE('',*,*,#4739,.F.);
#4739 = EDGE_CURVE('',#4740,#4649,#4742,.T.);
#4740 = VERTEX_POINT('',#4741);
#4741 = CARTESIAN_POINT('',(3.55,2.75,-1.));
#4742 = LINE('',#4743,#4744);
#4743 = CARTESIAN_POINT('',(3.55,2.75,0.));
#4744 = VECTOR('',#4745,1.);
#4745 = DIRECTION('',(0.,0.,1.));
#4746 = ORIENTED_EDGE('',*,*,#4747,.F.);
#4747 = EDGE_CURVE('',#4748,#4740,#4750,.T.);
#4748 = VERTEX_POINT('',#4749);
#4749 = CARTESIAN_POINT('',(-3.55,2.75,-1.));
#4750 = LINE('',#4751,#4752);
#4751 = CARTESIAN_POINT('',(3.55,2.75,-1.));
#4752 = VECTOR('',#4753,1.);
#4753 = DIRECTION('',(1.,0.,0.));
#4754 = ORIENTED_EDGE('',*,*,#4755,.T.);
#4755 = EDGE_CURVE('',#4748,#4448,#4756,.T.);
#4756 = LINE('',#4757,#4758);
#4757 = CARTESIAN_POINT('',(-3.55,2.75,0.));
#4758 = VECTOR('',#4759,1.);
#4759 = DIRECTION('',(0.,0.,1.));
#4760 = ORIENTED_EDGE('',*,*,#4468,.F.);
#4761 = ORIENTED_EDGE('',*,*,#4293,.F.);
#4762 = ORIENTED_EDGE('',*,*,#4763,.F.);
#4763 = EDGE_CURVE('',#4616,#4284,#4764,.T.);
#4764 = LINE('',#4765,#4766);
#4765 = CARTESIAN_POINT('',(3.55,2.75,0.));
#4766 = VECTOR('',#4767,1.);
#4767 = DIRECTION('',(-1.,0.,0.));
#4768 = ORIENTED_EDGE('',*,*,#4632,.T.);
#4769 = ORIENTED_EDGE('',*,*,#4656,.F.);
#4770 = PLANE('',#4771);
#4771 = AXIS2_PLACEMENT_3D('',#4772,#4773,#4774);
#4772 = CARTESIAN_POINT('',(-3.55,2.75,0.));
#4773 = DIRECTION('',(0.,1.,0.));
#4774 = DIRECTION('',(1.,0.,0.));
#4775 = ADVANCED_FACE('',(#4776),#4794,.T.);
#4776 = FACE_BOUND('',#4777,.T.);
#4777 = EDGE_LOOP('',(#4778,#4779,#4787,#4793));
#4778 = ORIENTED_EDGE('',*,*,#4755,.F.);
#4779 = ORIENTED_EDGE('',*,*,#4780,.F.);
#4780 = EDGE_CURVE('',#4781,#4748,#4783,.T.);
#4781 = VERTEX_POINT('',#4782);
#4782 = CARTESIAN_POINT('',(-3.55,-2.75,-1.));
#4783 = LINE('',#4784,#4785);
#4784 = CARTESIAN_POINT('',(-3.55,2.75,-1.));
#4785 = VECTOR('',#4786,1.);
#4786 = DIRECTION('',(0.,1.,0.));
#4787 = ORIENTED_EDGE('',*,*,#4788,.T.);
#4788 = EDGE_CURVE('',#4781,#4450,#4789,.T.);
#4789 = LINE('',#4790,#4791);
#4790 = CARTESIAN_POINT('',(-3.55,-2.75,0.));
#4791 = VECTOR('',#4792,1.);
#4792 = DIRECTION('',(0.,0.,1.));
#4793 = ORIENTED_EDGE('',*,*,#4447,.F.);
#4794 = PLANE('',#4795);
#4795 = AXIS2_PLACEMENT_3D('',#4796,#4797,#4798);
#4796 = CARTESIAN_POINT('',(-3.55,-2.75,0.));
#4797 = DIRECTION('',(-1.,0.,0.));
#4798 = DIRECTION('',(0.,1.,0.));
#4799 = ADVANCED_FACE('',(#4800),#4827,.T.);
#4800 = FACE_BOUND('',#4801,.T.);
#4801 = EDGE_LOOP('',(#4802,#4803,#4811,#4817,#4818,#4819,#4825,#4826));
#4802 = ORIENTED_EDGE('',*,*,#4788,.F.);
#4803 = ORIENTED_EDGE('',*,*,#4804,.F.);
#4804 = EDGE_CURVE('',#4805,#4781,#4807,.T.);
#4805 = VERTEX_POINT('',#4806);
#4806 = CARTESIAN_POINT('',(3.55,-2.75,-1.));
#4807 = LINE('',#4808,#4809);
#4808 = CARTESIAN_POINT('',(-3.55,-2.75,-1.));
#4809 = VECTOR('',#4810,1.);
#4810 = DIRECTION('',(-1.,0.,0.));
#4811 = ORIENTED_EDGE('',*,*,#4812,.F.);
#4812 = EDGE_CURVE('',#4647,#4805,#4813,.T.);
#4813 = LINE('',#4814,#4815);
#4814 = CARTESIAN_POINT('',(3.55,-2.75,0.));
#4815 = VECTOR('',#4816,1.);
#4816 = DIRECTION('',(0.,0.,-1.));
#4817 = ORIENTED_EDGE('',*,*,#4667,.F.);
#4818 = ORIENTED_EDGE('',*,*,#4492,.F.);
#4819 = ORIENTED_EDGE('',*,*,#4820,.F.);
#4820 = EDGE_CURVE('',#4417,#4483,#4821,.T.);
#4821 = LINE('',#4822,#4823);
#4822 = CARTESIAN_POINT('',(-3.55,-2.75,0.));
#4823 = VECTOR('',#4824,1.);
#4824 = DIRECTION('',(1.,0.,0.));
#4825 = ORIENTED_EDGE('',*,*,#4433,.T.);
#4826 = ORIENTED_EDGE('',*,*,#4457,.F.);
#4827 = PLANE('',#4828);
#4828 = AXIS2_PLACEMENT_3D('',#4829,#4830,#4831);
#4829 = CARTESIAN_POINT('',(3.55,-2.75,0.));
#4830 = DIRECTION('',(0.,-1.,0.));
#4831 = DIRECTION('',(-1.,0.,0.));
#4832 = ADVANCED_FACE('',(#4833),#4844,.T.);
#4833 = FACE_BOUND('',#4834,.T.);
#4834 = EDGE_LOOP('',(#4835,#4836,#4842,#4843));
#4835 = ORIENTED_EDGE('',*,*,#4812,.T.);
#4836 = ORIENTED_EDGE('',*,*,#4837,.F.);
#4837 = EDGE_CURVE('',#4740,#4805,#4838,.T.);
#4838 = LINE('',#4839,#4840);
#4839 = CARTESIAN_POINT('',(3.55,-2.75,-1.));
#4840 = VECTOR('',#4841,1.);
#4841 = DIRECTION('',(0.,-1.,0.));
#4842 = ORIENTED_EDGE('',*,*,#4739,.T.);
#4843 = ORIENTED_EDGE('',*,*,#4646,.F.);
#4844 = PLANE('',#4845);
#4845 = AXIS2_PLACEMENT_3D('',#4846,#4847,#4848);
#4846 = CARTESIAN_POINT('',(3.55,2.75,0.));
#4847 = DIRECTION('',(1.,0.,0.));
#4848 = DIRECTION('',(0.,-1.,0.));
#4849 = ADVANCED_FACE('',(#4850,#4864),#4878,.T.);
#4850 = FACE_BOUND('',#4851,.T.);
#4851 = EDGE_LOOP('',(#4852,#4853,#4854,#4855,#4856,#4857,#4858,#4859,
    #4860,#4861,#4862,#4863));
#4852 = ORIENTED_EDGE('',*,*,#4416,.T.);
#4853 = ORIENTED_EDGE('',*,*,#4820,.T.);
#4854 = ORIENTED_EDGE('',*,*,#4482,.T.);
#4855 = ORIENTED_EDGE('',*,*,#4522,.T.);
#4856 = ORIENTED_EDGE('',*,*,#4553,.T.);
#4857 = ORIENTED_EDGE('',*,*,#4584,.T.);
#4858 = ORIENTED_EDGE('',*,*,#4615,.T.);
#4859 = ORIENTED_EDGE('',*,*,#4763,.T.);
#4860 = ORIENTED_EDGE('',*,*,#4283,.T.);
#4861 = ORIENTED_EDGE('',*,*,#4323,.T.);
#4862 = ORIENTED_EDGE('',*,*,#4354,.T.);
#4863 = ORIENTED_EDGE('',*,*,#4385,.T.);
#4864 = FACE_BOUND('',#4865,.T.);
#4865 = EDGE_LOOP('',(#4866,#4867,#4868,#4869,#4870,#4871,#4872,#4873,
    #4874,#4875,#4876,#4877));
#4866 = ORIENTED_EDGE('',*,*,#4268,.T.);
#4867 = ORIENTED_EDGE('',*,*,#3980,.T.);
#4868 = ORIENTED_EDGE('',*,*,#4011,.T.);
#4869 = ORIENTED_EDGE('',*,*,#4035,.T.);
#4870 = ORIENTED_EDGE('',*,*,#4683,.T.);
#4871 = ORIENTED_EDGE('',*,*,#4076,.T.);
#4872 = ORIENTED_EDGE('',*,*,#4707,.T.);
#4873 = ORIENTED_EDGE('',*,*,#4724,.T.);
#4874 = ORIENTED_EDGE('',*,*,#4155,.T.);
#4875 = ORIENTED_EDGE('',*,*,#4186,.T.);
#4876 = ORIENTED_EDGE('',*,*,#4227,.T.);
#4877 = ORIENTED_EDGE('',*,*,#4251,.T.);
#4878 = PLANE('',#4879);
#4879 = AXIS2_PLACEMENT_3D('',#4880,#4881,#4882);
#4880 = CARTESIAN_POINT('',(0.,9.91270557701E-16,0.));
#4881 = DIRECTION('',(0.,0.,1.));
#4882 = DIRECTION('',(1.,0.,-0.));
#4883 = ADVANCED_FACE('',(#4884),#4890,.T.);
#4884 = FACE_BOUND('',#4885,.T.);
#4885 = EDGE_LOOP('',(#4886,#4887,#4888,#4889));
#4886 = ORIENTED_EDGE('',*,*,#4837,.T.);
#4887 = ORIENTED_EDGE('',*,*,#4804,.T.);
#4888 = ORIENTED_EDGE('',*,*,#4780,.T.);
#4889 = ORIENTED_EDGE('',*,*,#4747,.T.);
#4890 = PLANE('',#4891);
#4891 = AXIS2_PLACEMENT_3D('',#4892,#4893,#4894);
#4892 = CARTESIAN_POINT('',(0.,1.110223024625E-15,-1.));
#4893 = DIRECTION('',(0.,0.,-1.));
#4894 = DIRECTION('',(-1.,0.,0.));
#4895 = ( GEOMETRIC_REPRESENTATION_CONTEXT(3) 
GLOBAL_UNCERTAINTY_ASSIGNED_CONTEXT((#4899)) 
GLOBAL_UNIT_ASSIGNED_CONTEXT((#4896,#4897,#4898)) REPRESENTATION_CONTEXT
('Context #1','3D Context with UNIT and UNCERTAINTY') );
#4896 = ( LENGTH_UNIT() NAMED_UNIT(*) SI_UNIT(.MILLI.,.METRE.) );
#4897 = ( NAMED_UNIT(*) PLANE_ANGLE_UNIT() SI_UNIT($,.RADIAN.) );
#4898 = ( NAMED_UNIT(*) SI_UNIT($,.STERADIAN.) SOLID_ANGLE_UNIT() );
#4899 = UNCERTAINTY_MEASURE_WITH_UNIT(LENGTH_MEASURE(1.E-07),#4896,
  'distance_accuracy_value','confusion accuracy');
#4900 = CONTEXT_DEPENDENT_SHAPE_REPRESENTATION(#4901,#4903);
#4901 = ( REPRESENTATION_RELATIONSHIP('','',#3588,#135) 
REPRESENTATION_RELATIONSHIP_WITH_TRANSFORMATION(#4902) 
SHAPE_REPRESENTATION_RELATIONSHIP() );
#4902 = ITEM_DEFINED_TRANSFORMATION('','',#11,#140);
#4903 = PRODUCT_DEFINITION_SHAPE('Placement','Placement of an item',
  #4904);
#4904 = NEXT_ASSEMBLY_USAGE_OCCURRENCE('2','Button:1','',#130,#3583,$);
#4905 = PRODUCT_RELATED_PRODUCT_CATEGORY('part',$,(#3585));
#4906 = SHAPE_DEFINITION_REPRESENTATION(#4907,#4913);
#4907 = PRODUCT_DEFINITION_SHAPE('','',#4908);
#4908 = PRODUCT_DEFINITION('design','',#4909,#4912);
#4909 = PRODUCT_DEFINITION_FORMATION('','',#4910);
#4910 = PRODUCT('Pins','Pins','',(#4911));
#4911 = PRODUCT_CONTEXT('',#2,'mechanical');
#4912 = PRODUCT_DEFINITION_CONTEXT('part definition',#2,'design');
#4913 = SHAPE_REPRESENTATION('',(#11,#4914,#5130),#5346);
#4914 = MANIFOLD_SOLID_BREP('',#4915);
#4915 = CLOSED_SHELL('',(#4916,#4956,#5003,#5027,#5051,#5075,#5101,#5118
    ));
#4916 = ADVANCED_FACE('',(#4917),#4951,.T.);
#4917 = FACE_BOUND('',#4918,.T.);
#4918 = EDGE_LOOP('',(#4919,#4929,#4937,#4945));
#4919 = ORIENTED_EDGE('',*,*,#4920,.T.);
#4920 = EDGE_CURVE('',#4921,#4923,#4925,.T.);
#4921 = VERTEX_POINT('',#4922);
#4922 = CARTESIAN_POINT('',(0.26,0.32,5.2));
#4923 = VERTEX_POINT('',#4924);
#4924 = CARTESIAN_POINT('',(6.E-02,0.32,5.4));
#4925 = LINE('',#4926,#4927);
#4926 = CARTESIAN_POINT('',(1.51,0.32,3.95));
#4927 = VECTOR('',#4928,1.);
#4928 = DIRECTION('',(-0.707106781187,-6.133173666733E-17,0.707106781187
    ));
#4929 = ORIENTED_EDGE('',*,*,#4930,.T.);
#4930 = EDGE_CURVE('',#4923,#4931,#4933,.T.);
#4931 = VERTEX_POINT('',#4932);
#4932 = CARTESIAN_POINT('',(6.E-02,2.E-02,5.4));
#4933 = LINE('',#4934,#4935);
#4934 = CARTESIAN_POINT('',(6.E-02,9.5E-02,5.4));
#4935 = VECTOR('',#4936,1.);
#4936 = DIRECTION('',(2.312964634636E-16,-1.,0.));
#4937 = ORIENTED_EDGE('',*,*,#4938,.T.);
#4938 = EDGE_CURVE('',#4931,#4939,#4941,.T.);
#4939 = VERTEX_POINT('',#4940);
#4940 = CARTESIAN_POINT('',(0.26,2.E-02,5.2));
#4941 = LINE('',#4942,#4943);
#4942 = CARTESIAN_POINT('',(1.31,2.E-02,4.15));
#4943 = VECTOR('',#4944,1.);
#4944 = DIRECTION('',(0.707106781187,0.,-0.707106781187));
#4945 = ORIENTED_EDGE('',*,*,#4946,.T.);
#4946 = EDGE_CURVE('',#4939,#4921,#4947,.T.);
#4947 = LINE('',#4948,#4949);
#4948 = CARTESIAN_POINT('',(0.26,9.5E-02,5.2));
#4949 = VECTOR('',#4950,1.);
#4950 = DIRECTION('',(-2.312964634636E-16,1.,0.));
#4951 = PLANE('',#4952);
#4952 = AXIS2_PLACEMENT_3D('',#4953,#4954,#4955);
#4953 = CARTESIAN_POINT('',(0.16,9.5E-02,5.3));
#4954 = DIRECTION('',(0.707106781187,1.635512977796E-16,0.707106781187)
  );
#4955 = DIRECTION('',(0.707106781187,1.232595164408E-32,-0.707106781187)
  );
#4956 = ADVANCED_FACE('',(#4957),#4998,.T.);
#4957 = FACE_BOUND('',#4958,.T.);
#4958 = EDGE_LOOP('',(#4959,#4960,#4968,#4976,#4984,#4992));
#4959 = ORIENTED_EDGE('',*,*,#4938,.F.);
#4960 = ORIENTED_EDGE('',*,*,#4961,.F.);
#4961 = EDGE_CURVE('',#4962,#4931,#4964,.T.);
#4962 = VERTEX_POINT('',#4963);
#4963 = CARTESIAN_POINT('',(-0.34,2.E-02,5.4));
#4964 = LINE('',#4965,#4966);
#4965 = CARTESIAN_POINT('',(0.26,2.E-02,5.4));
#4966 = VECTOR('',#4967,1.);
#4967 = DIRECTION('',(1.,0.,0.));
#4968 = ORIENTED_EDGE('',*,*,#4969,.F.);
#4969 = EDGE_CURVE('',#4970,#4962,#4972,.T.);
#4970 = VERTEX_POINT('',#4971);
#4971 = CARTESIAN_POINT('',(-0.54,2.E-02,5.2));
#4972 = LINE('',#4973,#4974);
#4973 = CARTESIAN_POINT('',(-1.79,2.E-02,3.95));
#4974 = VECTOR('',#4975,1.);
#4975 = DIRECTION('',(0.707106781187,0.,0.707106781187));
#4976 = ORIENTED_EDGE('',*,*,#4977,.F.);
#4977 = EDGE_CURVE('',#4978,#4970,#4980,.T.);
#4978 = VERTEX_POINT('',#4979);
#4979 = CARTESIAN_POINT('',(-0.54,2.E-02,0.));
#4980 = LINE('',#4981,#4982);
#4981 = CARTESIAN_POINT('',(-0.54,2.E-02,0.));
#4982 = VECTOR('',#4983,1.);
#4983 = DIRECTION('',(0.,0.,1.));
#4984 = ORIENTED_EDGE('',*,*,#4985,.F.);
#4985 = EDGE_CURVE('',#4986,#4978,#4988,.T.);
#4986 = VERTEX_POINT('',#4987);
#4987 = CARTESIAN_POINT('',(0.26,2.E-02,0.));
#4988 = LINE('',#4989,#4990);
#4989 = CARTESIAN_POINT('',(0.26,2.E-02,0.));
#4990 = VECTOR('',#4991,1.);
#4991 = DIRECTION('',(-1.,0.,0.));
#4992 = ORIENTED_EDGE('',*,*,#4993,.T.);
#4993 = EDGE_CURVE('',#4986,#4939,#4994,.T.);
#4994 = LINE('',#4995,#4996);
#4995 = CARTESIAN_POINT('',(0.26,2.E-02,0.));
#4996 = VECTOR('',#4997,1.);
#4997 = DIRECTION('',(0.,0.,1.));
#4998 = PLANE('',#4999);
#4999 = AXIS2_PLACEMENT_3D('',#5000,#5001,#5002);
#5000 = CARTESIAN_POINT('',(-0.54,2.E-02,0.));
#5001 = DIRECTION('',(0.,-1.,0.));
#5002 = DIRECTION('',(1.,0.,0.));
#5003 = ADVANCED_FACE('',(#5004),#5022,.T.);
#5004 = FACE_BOUND('',#5005,.T.);
#5005 = EDGE_LOOP('',(#5006,#5007,#5015,#5021));
#5006 = ORIENTED_EDGE('',*,*,#4930,.F.);
#5007 = ORIENTED_EDGE('',*,*,#5008,.T.);
#5008 = EDGE_CURVE('',#4923,#5009,#5011,.T.);
#5009 = VERTEX_POINT('',#5010);
#5010 = CARTESIAN_POINT('',(-0.34,0.32,5.4));
#5011 = LINE('',#5012,#5013);
#5012 = CARTESIAN_POINT('',(-0.54,0.32,5.4));
#5013 = VECTOR('',#5014,1.);
#5014 = DIRECTION('',(-1.,-8.673617379884E-17,0.));
#5015 = ORIENTED_EDGE('',*,*,#5016,.F.);
#5016 = EDGE_CURVE('',#4962,#5009,#5017,.T.);
#5017 = LINE('',#5018,#5019);
#5018 = CARTESIAN_POINT('',(-0.34,0.245,5.4));
#5019 = VECTOR('',#5020,1.);
#5020 = DIRECTION('',(-4.625929269271E-16,1.,0.));
#5021 = ORIENTED_EDGE('',*,*,#4961,.T.);
#5022 = PLANE('',#5023);
#5023 = AXIS2_PLACEMENT_3D('',#5024,#5025,#5026);
#5024 = CARTESIAN_POINT('',(-0.14,0.17,5.4));
#5025 = DIRECTION('',(0.,0.,1.));
#5026 = DIRECTION('',(1.,0.,-0.));
#5027 = ADVANCED_FACE('',(#5028),#5046,.T.);
#5028 = FACE_BOUND('',#5029,.T.);
#5029 = EDGE_LOOP('',(#5030,#5031,#5032,#5040));
#5030 = ORIENTED_EDGE('',*,*,#4969,.T.);
#5031 = ORIENTED_EDGE('',*,*,#5016,.T.);
#5032 = ORIENTED_EDGE('',*,*,#5033,.T.);
#5033 = EDGE_CURVE('',#5009,#5034,#5036,.T.);
#5034 = VERTEX_POINT('',#5035);
#5035 = CARTESIAN_POINT('',(-0.54,0.32,5.2));
#5036 = LINE('',#5037,#5038);
#5037 = CARTESIAN_POINT('',(-1.59,0.32,4.15));
#5038 = VECTOR('',#5039,1.);
#5039 = DIRECTION('',(-0.707106781187,-6.133173666733E-17,
    -0.707106781187));
#5040 = ORIENTED_EDGE('',*,*,#5041,.T.);
#5041 = EDGE_CURVE('',#5034,#4970,#5042,.T.);
#5042 = LINE('',#5043,#5044);
#5043 = CARTESIAN_POINT('',(-0.54,0.245,5.2));
#5044 = VECTOR('',#5045,1.);
#5045 = DIRECTION('',(4.625929269271E-16,-1.,0.));
#5046 = PLANE('',#5047);
#5047 = AXIS2_PLACEMENT_3D('',#5048,#5049,#5050);
#5048 = CARTESIAN_POINT('',(-0.44,0.245,5.3));
#5049 = DIRECTION('',(-0.707106781187,-3.271025955591E-16,0.707106781187
    ));
#5050 = DIRECTION('',(0.707106781187,2.465190328816E-32,0.707106781187)
  );
#5051 = ADVANCED_FACE('',(#5052),#5070,.T.);
#5052 = FACE_BOUND('',#5053,.T.);
#5053 = EDGE_LOOP('',(#5054,#5055,#5063,#5069));
#5054 = ORIENTED_EDGE('',*,*,#5041,.F.);
#5055 = ORIENTED_EDGE('',*,*,#5056,.F.);
#5056 = EDGE_CURVE('',#5057,#5034,#5059,.T.);
#5057 = VERTEX_POINT('',#5058);
#5058 = CARTESIAN_POINT('',(-0.54,0.32,0.));
#5059 = LINE('',#5060,#5061);
#5060 = CARTESIAN_POINT('',(-0.54,0.32,0.));
#5061 = VECTOR('',#5062,1.);
#5062 = DIRECTION('',(0.,0.,1.));
#5063 = ORIENTED_EDGE('',*,*,#5064,.F.);
#5064 = EDGE_CURVE('',#4978,#5057,#5065,.T.);
#5065 = LINE('',#5066,#5067);
#5066 = CARTESIAN_POINT('',(-0.54,2.E-02,0.));
#5067 = VECTOR('',#5068,1.);
#5068 = DIRECTION('',(-4.625929269271E-16,1.,0.));
#5069 = ORIENTED_EDGE('',*,*,#4977,.T.);
#5070 = PLANE('',#5071);
#5071 = AXIS2_PLACEMENT_3D('',#5072,#5073,#5074);
#5072 = CARTESIAN_POINT('',(-0.54,0.32,0.));
#5073 = DIRECTION('',(-1.,-4.625929269271E-16,0.));
#5074 = DIRECTION('',(4.625929269271E-16,-1.,0.));
#5075 = ADVANCED_FACE('',(#5076),#5096,.T.);
#5076 = FACE_BOUND('',#5077,.T.);
#5077 = EDGE_LOOP('',(#5078,#5079,#5087,#5093,#5094,#5095));
#5078 = ORIENTED_EDGE('',*,*,#4920,.F.);
#5079 = ORIENTED_EDGE('',*,*,#5080,.F.);
#5080 = EDGE_CURVE('',#5081,#4921,#5083,.T.);
#5081 = VERTEX_POINT('',#5082);
#5082 = CARTESIAN_POINT('',(0.26,0.32,0.));
#5083 = LINE('',#5084,#5085);
#5084 = CARTESIAN_POINT('',(0.26,0.32,0.));
#5085 = VECTOR('',#5086,1.);
#5086 = DIRECTION('',(0.,0.,1.));
#5087 = ORIENTED_EDGE('',*,*,#5088,.F.);
#5088 = EDGE_CURVE('',#5057,#5081,#5089,.T.);
#5089 = LINE('',#5090,#5091);
#5090 = CARTESIAN_POINT('',(-0.54,0.32,0.));
#5091 = VECTOR('',#5092,1.);
#5092 = DIRECTION('',(1.,8.673617379884E-17,0.));
#5093 = ORIENTED_EDGE('',*,*,#5056,.T.);
#5094 = ORIENTED_EDGE('',*,*,#5033,.F.);
#5095 = ORIENTED_EDGE('',*,*,#5008,.F.);
#5096 = PLANE('',#5097);
#5097 = AXIS2_PLACEMENT_3D('',#5098,#5099,#5100);
#5098 = CARTESIAN_POINT('',(0.26,0.32,0.));
#5099 = DIRECTION('',(-8.673617379884E-17,1.,0.));
#5100 = DIRECTION('',(-1.,-8.673617379884E-17,0.));
#5101 = ADVANCED_FACE('',(#5102),#5113,.T.);
#5102 = FACE_BOUND('',#5103,.T.);
#5103 = EDGE_LOOP('',(#5104,#5105,#5106,#5112));
#5104 = ORIENTED_EDGE('',*,*,#4946,.F.);
#5105 = ORIENTED_EDGE('',*,*,#4993,.F.);
#5106 = ORIENTED_EDGE('',*,*,#5107,.F.);
#5107 = EDGE_CURVE('',#5081,#4986,#5108,.T.);
#5108 = LINE('',#5109,#5110);
#5109 = CARTESIAN_POINT('',(0.26,0.32,0.));
#5110 = VECTOR('',#5111,1.);
#5111 = DIRECTION('',(2.312964634636E-16,-1.,0.));
#5112 = ORIENTED_EDGE('',*,*,#5080,.T.);
#5113 = PLANE('',#5114);
#5114 = AXIS2_PLACEMENT_3D('',#5115,#5116,#5117);
#5115 = CARTESIAN_POINT('',(0.26,2.E-02,0.));
#5116 = DIRECTION('',(1.,2.312964634636E-16,0.));
#5117 = DIRECTION('',(-2.312964634636E-16,1.,0.));
#5118 = ADVANCED_FACE('',(#5119),#5125,.F.);
#5119 = FACE_BOUND('',#5120,.T.);
#5120 = EDGE_LOOP('',(#5121,#5122,#5123,#5124));
#5121 = ORIENTED_EDGE('',*,*,#5107,.T.);
#5122 = ORIENTED_EDGE('',*,*,#4985,.T.);
#5123 = ORIENTED_EDGE('',*,*,#5064,.T.);
#5124 = ORIENTED_EDGE('',*,*,#5088,.T.);
#5125 = PLANE('',#5126);
#5126 = AXIS2_PLACEMENT_3D('',#5127,#5128,#5129);
#5127 = CARTESIAN_POINT('',(-0.14,0.17,0.));
#5128 = DIRECTION('',(0.,0.,1.));
#5129 = DIRECTION('',(1.,0.,-0.));
#5130 = MANIFOLD_SOLID_BREP('',#5131);
#5131 = CLOSED_SHELL('',(#5132,#5172,#5203,#5243,#5267,#5300,#5317,#5334
    ));
#5132 = ADVANCED_FACE('',(#5133),#5167,.T.);
#5133 = FACE_BOUND('',#5134,.T.);
#5134 = EDGE_LOOP('',(#5135,#5145,#5153,#5161));
#5135 = ORIENTED_EDGE('',*,*,#5136,.T.);
#5136 = EDGE_CURVE('',#5137,#5139,#5141,.T.);
#5137 = VERTEX_POINT('',#5138);
#5138 = CARTESIAN_POINT('',(5.81,-2.61,5.2));
#5139 = VERTEX_POINT('',#5140);
#5140 = CARTESIAN_POINT('',(6.01,-2.61,5.4));
#5141 = LINE('',#5142,#5143);
#5142 = CARTESIAN_POINT('',(4.56,-2.61,3.95));
#5143 = VECTOR('',#5144,1.);
#5144 = DIRECTION('',(0.707106781187,0.,0.707106781187));
#5145 = ORIENTED_EDGE('',*,*,#5146,.T.);
#5146 = EDGE_CURVE('',#5139,#5147,#5149,.T.);
#5147 = VERTEX_POINT('',#5148);
#5148 = CARTESIAN_POINT('',(6.01,-2.21,5.4));
#5149 = LINE('',#5150,#5151);
#5150 = CARTESIAN_POINT('',(6.01,-2.31,5.4));
#5151 = VECTOR('',#5152,1.);
#5152 = DIRECTION('',(0.,1.,0.));
#5153 = ORIENTED_EDGE('',*,*,#5154,.T.);
#5154 = EDGE_CURVE('',#5147,#5155,#5157,.T.);
#5155 = VERTEX_POINT('',#5156);
#5156 = CARTESIAN_POINT('',(5.81,-2.21,5.2));
#5157 = LINE('',#5158,#5159);
#5158 = CARTESIAN_POINT('',(4.76,-2.21,4.15));
#5159 = VECTOR('',#5160,1.);
#5160 = DIRECTION('',(-0.707106781187,0.,-0.707106781187));
#5161 = ORIENTED_EDGE('',*,*,#5162,.T.);
#5162 = EDGE_CURVE('',#5155,#5137,#5163,.T.);
#5163 = LINE('',#5164,#5165);
#5164 = CARTESIAN_POINT('',(5.81,-2.31,5.2));
#5165 = VECTOR('',#5166,1.);
#5166 = DIRECTION('',(0.,-1.,0.));
#5167 = PLANE('',#5168);
#5168 = AXIS2_PLACEMENT_3D('',#5169,#5170,#5171);
#5169 = CARTESIAN_POINT('',(5.91,-2.31,5.3));
#5170 = DIRECTION('',(-0.707106781187,0.,0.707106781187));
#5171 = DIRECTION('',(0.707106781187,0.,0.707106781187));
#5172 = ADVANCED_FACE('',(#5173),#5198,.T.);
#5173 = FACE_BOUND('',#5174,.T.);
#5174 = EDGE_LOOP('',(#5175,#5176,#5184,#5192));
#5175 = ORIENTED_EDGE('',*,*,#5146,.F.);
#5176 = ORIENTED_EDGE('',*,*,#5177,.T.);
#5177 = EDGE_CURVE('',#5139,#5178,#5180,.T.);
#5178 = VERTEX_POINT('',#5179);
#5179 = CARTESIAN_POINT('',(6.41,-2.61,5.4));
#5180 = LINE('',#5181,#5182);
#5181 = CARTESIAN_POINT('',(6.61,-2.61,5.4));
#5182 = VECTOR('',#5183,1.);
#5183 = DIRECTION('',(1.,0.,0.));
#5184 = ORIENTED_EDGE('',*,*,#5185,.F.);
#5185 = EDGE_CURVE('',#5186,#5178,#5188,.T.);
#5186 = VERTEX_POINT('',#5187);
#5187 = CARTESIAN_POINT('',(6.41,-2.21,5.4));
#5188 = LINE('',#5189,#5190);
#5189 = CARTESIAN_POINT('',(6.41,-2.51,5.4));
#5190 = VECTOR('',#5191,1.);
#5191 = DIRECTION('',(0.,-1.,0.));
#5192 = ORIENTED_EDGE('',*,*,#5193,.T.);
#5193 = EDGE_CURVE('',#5186,#5147,#5194,.T.);
#5194 = LINE('',#5195,#5196);
#5195 = CARTESIAN_POINT('',(5.81,-2.21,5.4));
#5196 = VECTOR('',#5197,1.);
#5197 = DIRECTION('',(-1.,0.,0.));
#5198 = PLANE('',#5199);
#5199 = AXIS2_PLACEMENT_3D('',#5200,#5201,#5202);
#5200 = CARTESIAN_POINT('',(6.21,-2.41,5.4));
#5201 = DIRECTION('',(0.,0.,1.));
#5202 = DIRECTION('',(1.,0.,-0.));
#5203 = ADVANCED_FACE('',(#5204),#5238,.T.);
#5204 = FACE_BOUND('',#5205,.T.);
#5205 = EDGE_LOOP('',(#5206,#5207,#5215,#5223,#5231,#5237));
#5206 = ORIENTED_EDGE('',*,*,#5136,.F.);
#5207 = ORIENTED_EDGE('',*,*,#5208,.F.);
#5208 = EDGE_CURVE('',#5209,#5137,#5211,.T.);
#5209 = VERTEX_POINT('',#5210);
#5210 = CARTESIAN_POINT('',(5.81,-2.61,0.));
#5211 = LINE('',#5212,#5213);
#5212 = CARTESIAN_POINT('',(5.81,-2.61,0.));
#5213 = VECTOR('',#5214,1.);
#5214 = DIRECTION('',(0.,0.,1.));
#5215 = ORIENTED_EDGE('',*,*,#5216,.F.);
#5216 = EDGE_CURVE('',#5217,#5209,#5219,.T.);
#5217 = VERTEX_POINT('',#5218);
#5218 = CARTESIAN_POINT('',(6.61,-2.61,0.));
#5219 = LINE('',#5220,#5221);
#5220 = CARTESIAN_POINT('',(6.61,-2.61,0.));
#5221 = VECTOR('',#5222,1.);
#5222 = DIRECTION('',(-1.,0.,0.));
#5223 = ORIENTED_EDGE('',*,*,#5224,.T.);
#5224 = EDGE_CURVE('',#5217,#5225,#5227,.T.);
#5225 = VERTEX_POINT('',#5226);
#5226 = CARTESIAN_POINT('',(6.61,-2.61,5.2));
#5227 = LINE('',#5228,#5229);
#5228 = CARTESIAN_POINT('',(6.61,-2.61,0.));
#5229 = VECTOR('',#5230,1.);
#5230 = DIRECTION('',(0.,0.,1.));
#5231 = ORIENTED_EDGE('',*,*,#5232,.F.);
#5232 = EDGE_CURVE('',#5178,#5225,#5233,.T.);
#5233 = LINE('',#5234,#5235);
#5234 = CARTESIAN_POINT('',(7.66,-2.61,4.15));
#5235 = VECTOR('',#5236,1.);
#5236 = DIRECTION('',(0.707106781187,0.,-0.707106781187));
#5237 = ORIENTED_EDGE('',*,*,#5177,.F.);
#5238 = PLANE('',#5239);
#5239 = AXIS2_PLACEMENT_3D('',#5240,#5241,#5242);
#5240 = CARTESIAN_POINT('',(5.81,-2.61,0.));
#5241 = DIRECTION('',(0.,-1.,0.));
#5242 = DIRECTION('',(1.,0.,0.));
#5243 = ADVANCED_FACE('',(#5244),#5262,.T.);
#5244 = FACE_BOUND('',#5245,.T.);
#5245 = EDGE_LOOP('',(#5246,#5254,#5255,#5256));
#5246 = ORIENTED_EDGE('',*,*,#5247,.T.);
#5247 = EDGE_CURVE('',#5248,#5186,#5250,.T.);
#5248 = VERTEX_POINT('',#5249);
#5249 = CARTESIAN_POINT('',(6.61,-2.21,5.2));
#5250 = LINE('',#5251,#5252);
#5251 = CARTESIAN_POINT('',(7.86,-2.21,3.95));
#5252 = VECTOR('',#5253,1.);
#5253 = DIRECTION('',(-0.707106781187,0.,0.707106781187));
#5254 = ORIENTED_EDGE('',*,*,#5185,.T.);
#5255 = ORIENTED_EDGE('',*,*,#5232,.T.);
#5256 = ORIENTED_EDGE('',*,*,#5257,.T.);
#5257 = EDGE_CURVE('',#5225,#5248,#5258,.T.);
#5258 = LINE('',#5259,#5260);
#5259 = CARTESIAN_POINT('',(6.61,-2.51,5.2));
#5260 = VECTOR('',#5261,1.);
#5261 = DIRECTION('',(0.,1.,0.));
#5262 = PLANE('',#5263);
#5263 = AXIS2_PLACEMENT_3D('',#5264,#5265,#5266);
#5264 = CARTESIAN_POINT('',(6.51,-2.51,5.3));
#5265 = DIRECTION('',(0.707106781187,0.,0.707106781187));
#5266 = DIRECTION('',(0.707106781187,0.,-0.707106781187));
#5267 = ADVANCED_FACE('',(#5268),#5295,.T.);
#5268 = FACE_BOUND('',#5269,.T.);
#5269 = EDGE_LOOP('',(#5270,#5271,#5272,#5273,#5281,#5289));
#5270 = ORIENTED_EDGE('',*,*,#5154,.F.);
#5271 = ORIENTED_EDGE('',*,*,#5193,.F.);
#5272 = ORIENTED_EDGE('',*,*,#5247,.F.);
#5273 = ORIENTED_EDGE('',*,*,#5274,.F.);
#5274 = EDGE_CURVE('',#5275,#5248,#5277,.T.);
#5275 = VERTEX_POINT('',#5276);
#5276 = CARTESIAN_POINT('',(6.61,-2.21,0.));
#5277 = LINE('',#5278,#5279);
#5278 = CARTESIAN_POINT('',(6.61,-2.21,0.));
#5279 = VECTOR('',#5280,1.);
#5280 = DIRECTION('',(0.,0.,1.));
#5281 = ORIENTED_EDGE('',*,*,#5282,.F.);
#5282 = EDGE_CURVE('',#5283,#5275,#5285,.T.);
#5283 = VERTEX_POINT('',#5284);
#5284 = CARTESIAN_POINT('',(5.81,-2.21,0.));
#5285 = LINE('',#5286,#5287);
#5286 = CARTESIAN_POINT('',(5.81,-2.21,0.));
#5287 = VECTOR('',#5288,1.);
#5288 = DIRECTION('',(1.,0.,0.));
#5289 = ORIENTED_EDGE('',*,*,#5290,.T.);
#5290 = EDGE_CURVE('',#5283,#5155,#5291,.T.);
#5291 = LINE('',#5292,#5293);
#5292 = CARTESIAN_POINT('',(5.81,-2.21,0.));
#5293 = VECTOR('',#5294,1.);
#5294 = DIRECTION('',(0.,0.,1.));
#5295 = PLANE('',#5296);
#5296 = AXIS2_PLACEMENT_3D('',#5297,#5298,#5299);
#5297 = CARTESIAN_POINT('',(6.61,-2.21,0.));
#5298 = DIRECTION('',(0.,1.,0.));
#5299 = DIRECTION('',(-1.,0.,0.));
#5300 = ADVANCED_FACE('',(#5301),#5312,.T.);
#5301 = FACE_BOUND('',#5302,.T.);
#5302 = EDGE_LOOP('',(#5303,#5304,#5305,#5311));
#5303 = ORIENTED_EDGE('',*,*,#5257,.F.);
#5304 = ORIENTED_EDGE('',*,*,#5224,.F.);
#5305 = ORIENTED_EDGE('',*,*,#5306,.F.);
#5306 = EDGE_CURVE('',#5275,#5217,#5307,.T.);
#5307 = LINE('',#5308,#5309);
#5308 = CARTESIAN_POINT('',(6.61,-2.21,0.));
#5309 = VECTOR('',#5310,1.);
#5310 = DIRECTION('',(0.,-1.,0.));
#5311 = ORIENTED_EDGE('',*,*,#5274,.T.);
#5312 = PLANE('',#5313);
#5313 = AXIS2_PLACEMENT_3D('',#5314,#5315,#5316);
#5314 = CARTESIAN_POINT('',(6.61,-2.61,0.));
#5315 = DIRECTION('',(1.,0.,0.));
#5316 = DIRECTION('',(-0.,1.,0.));
#5317 = ADVANCED_FACE('',(#5318),#5329,.T.);
#5318 = FACE_BOUND('',#5319,.T.);
#5319 = EDGE_LOOP('',(#5320,#5321,#5322,#5328));
#5320 = ORIENTED_EDGE('',*,*,#5162,.F.);
#5321 = ORIENTED_EDGE('',*,*,#5290,.F.);
#5322 = ORIENTED_EDGE('',*,*,#5323,.F.);
#5323 = EDGE_CURVE('',#5209,#5283,#5324,.T.);
#5324 = LINE('',#5325,#5326);
#5325 = CARTESIAN_POINT('',(5.81,-2.61,0.));
#5326 = VECTOR('',#5327,1.);
#5327 = DIRECTION('',(0.,1.,0.));
#5328 = ORIENTED_EDGE('',*,*,#5208,.T.);
#5329 = PLANE('',#5330);
#5330 = AXIS2_PLACEMENT_3D('',#5331,#5332,#5333);
#5331 = CARTESIAN_POINT('',(5.81,-2.21,0.));
#5332 = DIRECTION('',(-1.,0.,0.));
#5333 = DIRECTION('',(0.,-1.,0.));
#5334 = ADVANCED_FACE('',(#5335),#5341,.F.);
#5335 = FACE_BOUND('',#5336,.T.);
#5336 = EDGE_LOOP('',(#5337,#5338,#5339,#5340));
#5337 = ORIENTED_EDGE('',*,*,#5282,.T.);
#5338 = ORIENTED_EDGE('',*,*,#5306,.T.);
#5339 = ORIENTED_EDGE('',*,*,#5216,.T.);
#5340 = ORIENTED_EDGE('',*,*,#5323,.T.);
#5341 = PLANE('',#5342);
#5342 = AXIS2_PLACEMENT_3D('',#5343,#5344,#5345);
#5343 = CARTESIAN_POINT('',(6.21,-2.41,0.));
#5344 = DIRECTION('',(0.,0.,1.));
#5345 = DIRECTION('',(1.,0.,-0.));
#5346 = ( GEOMETRIC_REPRESENTATION_CONTEXT(3) 
GLOBAL_UNCERTAINTY_ASSIGNED_CONTEXT((#5350)) 
GLOBAL_UNIT_ASSIGNED_CONTEXT((#5347,#5348,#5349)) REPRESENTATION_CONTEXT
('Context #1','3D Context with UNIT and UNCERTAINTY') );
#5347 = ( LENGTH_UNIT() NAMED_UNIT(*) SI_UNIT(.MILLI.,.METRE.) );
#5348 = ( NAMED_UNIT(*) PLANE_ANGLE_UNIT() SI_UNIT($,.RADIAN.) );
#5349 = ( NAMED_UNIT(*) SI_UNIT($,.STERADIAN.) SOLID_ANGLE_UNIT() );
#5350 = UNCERTAINTY_MEASURE_WITH_UNIT(LENGTH_MEASURE(1.E-07),#5347,
  'distance_accuracy_value','confusion accuracy');
#5351 = CONTEXT_DEPENDENT_SHAPE_REPRESENTATION(#5352,#5354);
#5352 = ( REPRESENTATION_RELATIONSHIP('','',#4913,#135) 
REPRESENTATION_RELATIONSHIP_WITH_TRANSFORMATION(#5353) 
SHAPE_REPRESENTATION_RELATIONSHIP() );
#5353 = ITEM_DEFINED_TRANSFORMATION('','',#11,#144);
#5354 = PRODUCT_DEFINITION_SHAPE('Placement','Placement of an item',
  #5355);
#5355 = NEXT_ASSEMBLY_USAGE_OCCURRENCE('3','Pins:1','',#130,#4908,$);
#5356 = PRODUCT_RELATED_PRODUCT_CATEGORY('part',$,(#4910));
#5357 = CONTEXT_DEPENDENT_SHAPE_REPRESENTATION(#5358,#5360);
#5358 = ( REPRESENTATION_RELATIONSHIP('','',#112,#10) 
REPRESENTATION_RELATIONSHIP_WITH_TRANSFORMATION(#5359) 
SHAPE_REPRESENTATION_RELATIONSHIP() );
#5359 = ITEM_DEFINED_TRANSFORMATION('','',#11,#19);
#5360 = PRODUCT_DEFINITION_SHAPE('Placement','Placement of an item',
  #5361);
#5361 = NEXT_ASSEMBLY_USAGE_OCCURRENCE('6','SW2','',#5,#107,$);
#5362 = SHAPE_DEFINITION_REPRESENTATION(#5363,#5369);
#5363 = PRODUCT_DEFINITION_SHAPE('','',#5364);
#5364 = PRODUCT_DEFINITION('design','',#5365,#5368);
#5365 = PRODUCT_DEFINITION_FORMATION('','',#5366);
#5366 = PRODUCT('D_DO-35_SOD27_P7.62mm_Horizontal',
  'D_DO-35_SOD27_P7.62mm_Horizontal','',(#5367));
#5367 = PRODUCT_CONTEXT('',#2,'mechanical');
#5368 = PRODUCT_DEFINITION_CONTEXT('part definition',#2,'design');
#5369 = SHAPE_REPRESENTATION('',(#11,#5370),#5374);
#5370 = AXIS2_PLACEMENT_3D('',#5371,#5372,#5373);
#5371 = CARTESIAN_POINT('',(0.,0.,0.));
#5372 = DIRECTION('',(0.,0.,1.));
#5373 = DIRECTION('',(1.,0.,-0.));
#5374 = ( GEOMETRIC_REPRESENTATION_CONTEXT(3) 
GLOBAL_UNCERTAINTY_ASSIGNED_CONTEXT((#5378)) 
GLOBAL_UNIT_ASSIGNED_CONTEXT((#5375,#5376,#5377)) REPRESENTATION_CONTEXT
('Context #1','3D Context with UNIT and UNCERTAINTY') );
#5375 = ( LENGTH_UNIT() NAMED_UNIT(*) SI_UNIT(.MILLI.,.METRE.) );
#5376 = ( NAMED_UNIT(*) PLANE_ANGLE_UNIT() SI_UNIT($,.RADIAN.) );
#5377 = ( NAMED_UNIT(*) SI_UNIT($,.STERADIAN.) SOLID_ANGLE_UNIT() );
#5378 = UNCERTAINTY_MEASURE_WITH_UNIT(LENGTH_MEASURE(1.E-07),#5375,
  'distance_accuracy_value','confusion accuracy');
#5379 = CONTEXT_DEPENDENT_SHAPE_REPRESENTATION(#5380,#5382);
#5380 = ( REPRESENTATION_RELATIONSHIP('','',#5369,#10) 
REPRESENTATION_RELATIONSHIP_WITH_TRANSFORMATION(#5381) 
SHAPE_REPRESENTATION_RELATIONSHIP() );
#5381 = ITEM_DEFINED_TRANSFORMATION('','',#11,#23);
#5382 = PRODUCT_DEFINITION_SHAPE('Placement','Placement of an item',
  #5383);
#5383 = NEXT_ASSEMBLY_USAGE_OCCURRENCE('8','D3','',#5,#5364,$);
#5384 = PRODUCT_RELATED_PRODUCT_CATEGORY('part',$,(#5366));
#5385 = SHAPE_DEFINITION_REPRESENTATION(#5386,#5392);
#5386 = PRODUCT_DEFINITION_SHAPE('','',#5387);
#5387 = PRODUCT_DEFINITION('design','',#5388,#5391);
#5388 = PRODUCT_DEFINITION_FORMATION('','',#5389);
#5389 = PRODUCT('D_DO-35_SOD27_P7.62mm_Horizontal',
  'D_DO-35_SOD27_P7.62mm_Horizontal','',(#5390));
#5390 = PRODUCT_CONTEXT('',#2,'mechanical');
#5391 = PRODUCT_DEFINITION_CONTEXT('part definition',#2,'design');
#5392 = SHAPE_REPRESENTATION('',(#11,#5393,#5548),#5743);
#5393 = MANIFOLD_SOLID_BREP('',#5394);
#5394 = CLOSED_SHELL('',(#5395,#5428,#5454,#5479,#5505,#5530,#5539));
#5395 = ADVANCED_FACE('',(#5396),#5423,.T.);
#5396 = FACE_BOUND('',#5397,.T.);
#5397 = EDGE_LOOP('',(#5398,#5408,#5415,#5416));
#5398 = ORIENTED_EDGE('',*,*,#5399,.T.);
#5399 = EDGE_CURVE('',#5400,#5402,#5404,.T.);
#5400 = VERTEX_POINT('',#5401);
#5401 = CARTESIAN_POINT('',(0.25,0.,-2.5));
#5402 = VERTEX_POINT('',#5403);
#5403 = CARTESIAN_POINT('',(0.25,1.E-15,1.));
#5404 = LINE('',#5405,#5406);
#5405 = CARTESIAN_POINT('',(0.25,6.7E-16,1.));
#5406 = VECTOR('',#5407,1.);
#5407 = DIRECTION('',(0.,2.2E-16,1.));
#5408 = ORIENTED_EDGE('',*,*,#5409,.F.);
#5409 = EDGE_CURVE('',#5402,#5402,#5410,.T.);
#5410 = CIRCLE('',#5411,0.25);
#5411 = AXIS2_PLACEMENT_3D('',#5412,#5413,#5414);
#5412 = CARTESIAN_POINT('',(0.,6.7E-16,1.));
#5413 = DIRECTION('',(-0.,2.2E-16,1.));
#5414 = DIRECTION('',(1.,0.,0.));
#5415 = ORIENTED_EDGE('',*,*,#5399,.F.);
#5416 = ORIENTED_EDGE('',*,*,#5417,.T.);
#5417 = EDGE_CURVE('',#5400,#5400,#5418,.T.);
#5418 = CIRCLE('',#5419,0.25);
#5419 = AXIS2_PLACEMENT_3D('',#5420,#5421,#5422);
#5420 = CARTESIAN_POINT('',(0.,-1.1E-16,-2.5));
#5421 = DIRECTION('',(-0.,2.2E-16,1.));
#5422 = DIRECTION('',(1.,0.,0.));
#5423 = CYLINDRICAL_SURFACE('',#5424,0.25);
#5424 = AXIS2_PLACEMENT_3D('',#5425,#5426,#5427);
#5425 = CARTESIAN_POINT('',(0.,6.7E-16,1.));
#5426 = DIRECTION('',(0.,2.2E-16,1.));
#5427 = DIRECTION('',(1.,0.,-0.));
#5428 = ADVANCED_FACE('',(#5429),#5449,.T.);
#5429 = FACE_BOUND('',#5430,.T.);
#5430 = EDGE_LOOP('',(#5431,#5440,#5447,#5448));
#5431 = ORIENTED_EDGE('',*,*,#5432,.T.);
#5432 = EDGE_CURVE('',#5402,#5433,#5435,.T.);
#5433 = VERTEX_POINT('',#5434);
#5434 = CARTESIAN_POINT('',(0.5,1.E-15,1.25));
#5435 = CIRCLE('',#5436,0.25);
#5436 = AXIS2_PLACEMENT_3D('',#5437,#5438,#5439);
#5437 = CARTESIAN_POINT('',(0.5,7.6E-16,1.));
#5438 = DIRECTION('',(0.,1.,-2.2E-16));
#5439 = DIRECTION('',(1.,0.,0.));
#5440 = ORIENTED_EDGE('',*,*,#5441,.T.);
#5441 = EDGE_CURVE('',#5433,#5433,#5442,.T.);
#5442 = CIRCLE('',#5443,0.25);
#5443 = AXIS2_PLACEMENT_3D('',#5444,#5445,#5446);
#5444 = CARTESIAN_POINT('',(0.5,7.8E-16,1.5));
#5445 = DIRECTION('',(-1.,0.,-1.8E-16));
#5446 = DIRECTION('',(-1.8E-16,2.2E-16,1.));
#5447 = ORIENTED_EDGE('',*,*,#5432,.F.);
#5448 = ORIENTED_EDGE('',*,*,#5409,.T.);
#5449 = TOROIDAL_SURFACE('',#5450,0.5,0.25);
#5450 = AXIS2_PLACEMENT_3D('',#5451,#5452,#5453);
#5451 = CARTESIAN_POINT('',(0.5,6.7E-16,1.));
#5452 = DIRECTION('',(0.,1.,-2.2E-16));
#5453 = DIRECTION('',(1.,0.,0.));
#5454 = ADVANCED_FACE('',(#5455),#5474,.T.);
#5455 = FACE_BOUND('',#5456,.T.);
#5456 = EDGE_LOOP('',(#5457,#5465,#5472,#5473));
#5457 = ORIENTED_EDGE('',*,*,#5458,.T.);
#5458 = EDGE_CURVE('',#5433,#5459,#5461,.T.);
#5459 = VERTEX_POINT('',#5460);
#5460 = CARTESIAN_POINT('',(7.12,1.E-15,1.25));
#5461 = LINE('',#5462,#5463);
#5462 = CARTESIAN_POINT('',(0.5,7.2E-16,1.25));
#5463 = VECTOR('',#5464,1.);
#5464 = DIRECTION('',(1.,0.,0.));
#5465 = ORIENTED_EDGE('',*,*,#5466,.F.);
#5466 = EDGE_CURVE('',#5459,#5459,#5467,.T.);
#5467 = CIRCLE('',#5468,0.25);
#5468 = AXIS2_PLACEMENT_3D('',#5469,#5470,#5471);
#5469 = CARTESIAN_POINT('',(7.12,7.8E-16,1.5));
#5470 = DIRECTION('',(1.,0.,0.));
#5471 = DIRECTION('',(0.,-2.2E-16,-1.));
#5472 = ORIENTED_EDGE('',*,*,#5458,.F.);
#5473 = ORIENTED_EDGE('',*,*,#5441,.F.);
#5474 = CYLINDRICAL_SURFACE('',#5475,0.25);
#5475 = AXIS2_PLACEMENT_3D('',#5476,#5477,#5478);
#5476 = CARTESIAN_POINT('',(0.5,7.8E-16,1.5));
#5477 = DIRECTION('',(1.,0.,0.));
#5478 = DIRECTION('',(0.,-2.2E-16,-1.));
#5479 = ADVANCED_FACE('',(#5480),#5500,.T.);
#5480 = FACE_BOUND('',#5481,.T.);
#5481 = EDGE_LOOP('',(#5482,#5491,#5498,#5499));
#5482 = ORIENTED_EDGE('',*,*,#5483,.T.);
#5483 = EDGE_CURVE('',#5459,#5484,#5486,.T.);
#5484 = VERTEX_POINT('',#5485);
#5485 = CARTESIAN_POINT('',(7.37,1.E-15,1.));
#5486 = CIRCLE('',#5487,0.25);
#5487 = AXIS2_PLACEMENT_3D('',#5488,#5489,#5490);
#5488 = CARTESIAN_POINT('',(7.12,7.6E-16,1.));
#5489 = DIRECTION('',(0.,1.,-2.2E-16));
#5490 = DIRECTION('',(1.,0.,0.));
#5491 = ORIENTED_EDGE('',*,*,#5492,.T.);
#5492 = EDGE_CURVE('',#5484,#5484,#5493,.T.);
#5493 = CIRCLE('',#5494,0.25);
#5494 = AXIS2_PLACEMENT_3D('',#5495,#5496,#5497);
#5495 = CARTESIAN_POINT('',(7.62,6.7E-16,1.));
#5496 = DIRECTION('',(-2.4E-16,2.2E-16,1.));
#5497 = DIRECTION('',(1.,0.,2.4E-16));
#5498 = ORIENTED_EDGE('',*,*,#5483,.F.);
#5499 = ORIENTED_EDGE('',*,*,#5466,.T.);
#5500 = TOROIDAL_SURFACE('',#5501,0.5,0.25);
#5501 = AXIS2_PLACEMENT_3D('',#5502,#5503,#5504);
#5502 = CARTESIAN_POINT('',(7.12,6.7E-16,1.));
#5503 = DIRECTION('',(0.,1.,-2.2E-16));
#5504 = DIRECTION('',(1.,0.,0.));
#5505 = ADVANCED_FACE('',(#5506),#5525,.T.);
#5506 = FACE_BOUND('',#5507,.T.);
#5507 = EDGE_LOOP('',(#5508,#5516,#5523,#5524));
#5508 = ORIENTED_EDGE('',*,*,#5509,.T.);
#5509 = EDGE_CURVE('',#5484,#5510,#5512,.T.);
#5510 = VERTEX_POINT('',#5511);
#5511 = CARTESIAN_POINT('',(7.37,0.,-2.5));
#5512 = LINE('',#5513,#5514);
#5513 = CARTESIAN_POINT('',(7.37,6.7E-16,1.));
#5514 = VECTOR('',#5515,1.);
#5515 = DIRECTION('',(0.,-2.2E-16,-1.));
#5516 = ORIENTED_EDGE('',*,*,#5517,.F.);
#5517 = EDGE_CURVE('',#5510,#5510,#5518,.T.);
#5518 = CIRCLE('',#5519,0.25);
#5519 = AXIS2_PLACEMENT_3D('',#5520,#5521,#5522);
#5520 = CARTESIAN_POINT('',(7.62,-1.1E-16,-2.5));
#5521 = DIRECTION('',(-0.,-2.2E-16,-1.));
#5522 = DIRECTION('',(-1.,0.,0.));
#5523 = ORIENTED_EDGE('',*,*,#5509,.F.);
#5524 = ORIENTED_EDGE('',*,*,#5492,.F.);
#5525 = CYLINDRICAL_SURFACE('',#5526,0.25);
#5526 = AXIS2_PLACEMENT_3D('',#5527,#5528,#5529);
#5527 = CARTESIAN_POINT('',(7.62,6.7E-16,1.));
#5528 = DIRECTION('',(0.,-2.2E-16,-1.));
#5529 = DIRECTION('',(-1.,-0.,0.));
#5530 = ADVANCED_FACE('',(#5531),#5534,.T.);
#5531 = FACE_BOUND('',#5532,.F.);
#5532 = EDGE_LOOP('',(#5533));
#5533 = ORIENTED_EDGE('',*,*,#5417,.T.);
#5534 = PLANE('',#5535);
#5535 = AXIS2_PLACEMENT_3D('',#5536,#5537,#5538);
#5536 = CARTESIAN_POINT('',(0.25,-1.1E-16,-2.5));
#5537 = DIRECTION('',(0.,0.,-1.));
#5538 = DIRECTION('',(-1.,0.,0.));
#5539 = ADVANCED_FACE('',(#5540),#5543,.F.);
#5540 = FACE_BOUND('',#5541,.T.);
#5541 = EDGE_LOOP('',(#5542));
#5542 = ORIENTED_EDGE('',*,*,#5517,.T.);
#5543 = PLANE('',#5544);
#5544 = AXIS2_PLACEMENT_3D('',#5545,#5546,#5547);
#5545 = CARTESIAN_POINT('',(7.37,-1.1E-16,-2.5));
#5546 = DIRECTION('',(0.,0.,1.));
#5547 = DIRECTION('',(1.,0.,-0.));
#5548 = MANIFOLD_SOLID_BREP('',#5549);
#5549 = CLOSED_SHELL('',(#5550,#5583,#5603,#5623,#5648,#5673,#5699,#5725
    ,#5734));
#5550 = ADVANCED_FACE('',(#5551),#5578,.T.);
#5551 = FACE_BOUND('',#5552,.T.);
#5552 = EDGE_LOOP('',(#5553,#5562,#5570,#5577));
#5553 = ORIENTED_EDGE('',*,*,#5554,.T.);
#5554 = EDGE_CURVE('',#5555,#5555,#5557,.T.);
#5555 = VERTEX_POINT('',#5556);
#5556 = CARTESIAN_POINT('',(2.41,3.557331958362E-15,2.51));
#5557 = CIRCLE('',#5558,1.01);
#5558 = AXIS2_PLACEMENT_3D('',#5559,#5560,#5561);
#5559 = CARTESIAN_POINT('',(2.41,6.630669073875E-16,1.5));
#5560 = DIRECTION('',(1.,0.,-0.));
#5561 = DIRECTION('',(0.,9.92044604925E-16,1.));
#5562 = ORIENTED_EDGE('',*,*,#5563,.T.);
#5563 = EDGE_CURVE('',#5555,#5564,#5566,.T.);
#5564 = VERTEX_POINT('',#5565);
#5565 = CARTESIAN_POINT('',(3.41,3.557331958362E-15,2.51));
#5566 = LINE('',#5567,#5568);
#5567 = CARTESIAN_POINT('',(2.41,5.573319583618E-16,2.51));
#5568 = VECTOR('',#5569,1.);
#5569 = DIRECTION('',(1.,0.,0.));
#5570 = ORIENTED_EDGE('',*,*,#5571,.F.);
#5571 = EDGE_CURVE('',#5564,#5564,#5572,.T.);
#5572 = CIRCLE('',#5573,1.01);
#5573 = AXIS2_PLACEMENT_3D('',#5574,#5575,#5576);
#5574 = CARTESIAN_POINT('',(3.41,6.630669073875E-16,1.5));
#5575 = DIRECTION('',(1.,0.,-0.));
#5576 = DIRECTION('',(0.,9.92044604925E-16,1.));
#5577 = ORIENTED_EDGE('',*,*,#5563,.F.);
#5578 = CYLINDRICAL_SURFACE('',#5579,1.01);
#5579 = AXIS2_PLACEMENT_3D('',#5580,#5581,#5582);
#5580 = CARTESIAN_POINT('',(2.41,6.630669073875E-16,1.5));
#5581 = DIRECTION('',(1.,0.,0.));
#5582 = DIRECTION('',(-0.,9.92044604925E-16,1.));
#5583 = ADVANCED_FACE('',(#5584,#5587),#5598,.F.);
#5584 = FACE_BOUND('',#5585,.T.);
#5585 = EDGE_LOOP('',(#5586));
#5586 = ORIENTED_EDGE('',*,*,#5554,.F.);
#5587 = FACE_BOUND('',#5588,.T.);
#5588 = EDGE_LOOP('',(#5589));
#5589 = ORIENTED_EDGE('',*,*,#5590,.T.);
#5590 = EDGE_CURVE('',#5591,#5591,#5593,.T.);
#5591 = VERTEX_POINT('',#5592);
#5592 = CARTESIAN_POINT('',(2.41,5.551115123126E-16,2.5));
#5593 = CIRCLE('',#5594,1.);
#5594 = AXIS2_PLACEMENT_3D('',#5595,#5596,#5597);
#5595 = CARTESIAN_POINT('',(2.41,6.630669073875E-16,1.5));
#5596 = DIRECTION('',(1.,0.,-0.));
#5597 = DIRECTION('',(0.,1.002044604925E-15,1.));
#5598 = PLANE('',#5599);
#5599 = AXIS2_PLACEMENT_3D('',#5600,#5601,#5602);
#5600 = CARTESIAN_POINT('',(2.41,6.630669073875E-16,1.5));
#5601 = DIRECTION('',(1.,0.,0.));
#5602 = DIRECTION('',(-0.,1.002044604925E-15,1.));
#5603 = ADVANCED_FACE('',(#5604,#5607),#5618,.T.);
#5604 = FACE_BOUND('',#5605,.T.);
#5605 = EDGE_LOOP('',(#5606));
#5606 = ORIENTED_EDGE('',*,*,#5571,.T.);
#5607 = FACE_BOUND('',#5608,.T.);
#5608 = EDGE_LOOP('',(#5609));
#5609 = ORIENTED_EDGE('',*,*,#5610,.F.);
#5610 = EDGE_CURVE('',#5611,#5611,#5613,.T.);
#5611 = VERTEX_POINT('',#5612);
#5612 = CARTESIAN_POINT('',(3.41,5.551115123126E-16,2.5));
#5613 = CIRCLE('',#5614,1.);
#5614 = AXIS2_PLACEMENT_3D('',#5615,#5616,#5617);
#5615 = CARTESIAN_POINT('',(3.41,6.630669073875E-16,1.5));
#5616 = DIRECTION('',(1.,0.,-0.));
#5617 = DIRECTION('',(0.,1.002044604925E-15,1.));
#5618 = PLANE('',#5619);
#5619 = AXIS2_PLACEMENT_3D('',#5620,#5621,#5622);
#5620 = CARTESIAN_POINT('',(3.41,6.630669073875E-16,1.5));
#5621 = DIRECTION('',(1.,0.,0.));
#5622 = DIRECTION('',(-0.,9.92044604925E-16,1.));
#5623 = ADVANCED_FACE('',(#5624),#5643,.T.);
#5624 = FACE_BOUND('',#5625,.T.);
#5625 = EDGE_LOOP('',(#5626,#5635,#5641,#5642));
#5626 = ORIENTED_EDGE('',*,*,#5627,.T.);
#5627 = EDGE_CURVE('',#5628,#5628,#5630,.T.);
#5628 = VERTEX_POINT('',#5629);
#5629 = CARTESIAN_POINT('',(2.21,3.555111512313E-15,2.5));
#5630 = CIRCLE('',#5631,1.);
#5631 = AXIS2_PLACEMENT_3D('',#5632,#5633,#5634);
#5632 = CARTESIAN_POINT('',(2.21,6.630669073875E-16,1.5));
#5633 = DIRECTION('',(1.,0.,-0.));
#5634 = DIRECTION('',(0.,1.002044604925E-15,1.));
#5635 = ORIENTED_EDGE('',*,*,#5636,.T.);
#5636 = EDGE_CURVE('',#5628,#5591,#5637,.T.);
#5637 = LINE('',#5638,#5639);
#5638 = CARTESIAN_POINT('',(1.81,5.551115123126E-16,2.5));
#5639 = VECTOR('',#5640,1.);
#5640 = DIRECTION('',(1.,0.,0.));
#5641 = ORIENTED_EDGE('',*,*,#5590,.F.);
#5642 = ORIENTED_EDGE('',*,*,#5636,.F.);
#5643 = CYLINDRICAL_SURFACE('',#5644,1.);
#5644 = AXIS2_PLACEMENT_3D('',#5645,#5646,#5647);
#5645 = CARTESIAN_POINT('',(1.81,6.630669073875E-16,1.5));
#5646 = DIRECTION('',(1.,0.,0.));
#5647 = DIRECTION('',(-0.,1.002044604925E-15,1.));
#5648 = ADVANCED_FACE('',(#5649),#5668,.T.);
#5649 = FACE_BOUND('',#5650,.T.);
#5650 = EDGE_LOOP('',(#5651,#5652,#5660,#5667));
#5651 = ORIENTED_EDGE('',*,*,#5610,.T.);
#5652 = ORIENTED_EDGE('',*,*,#5653,.T.);
#5653 = EDGE_CURVE('',#5611,#5654,#5656,.T.);
#5654 = VERTEX_POINT('',#5655);
#5655 = CARTESIAN_POINT('',(5.41,3.555111512313E-15,2.5));
#5656 = LINE('',#5657,#5658);
#5657 = CARTESIAN_POINT('',(1.81,5.551115123126E-16,2.5));
#5658 = VECTOR('',#5659,1.);
#5659 = DIRECTION('',(1.,0.,0.));
#5660 = ORIENTED_EDGE('',*,*,#5661,.F.);
#5661 = EDGE_CURVE('',#5654,#5654,#5662,.T.);
#5662 = CIRCLE('',#5663,1.);
#5663 = AXIS2_PLACEMENT_3D('',#5664,#5665,#5666);
#5664 = CARTESIAN_POINT('',(5.41,6.630669073875E-16,1.5));
#5665 = DIRECTION('',(1.,0.,-0.));
#5666 = DIRECTION('',(0.,1.002044604925E-15,1.));
#5667 = ORIENTED_EDGE('',*,*,#5653,.F.);
#5668 = CYLINDRICAL_SURFACE('',#5669,1.);
#5669 = AXIS2_PLACEMENT_3D('',#5670,#5671,#5672);
#5670 = CARTESIAN_POINT('',(1.81,6.630669073875E-16,1.5));
#5671 = DIRECTION('',(1.,0.,0.));
#5672 = DIRECTION('',(-0.,1.002044604925E-15,1.));
#5673 = ADVANCED_FACE('',(#5674),#5694,.T.);
#5674 = FACE_BOUND('',#5675,.T.);
#5675 = EDGE_LOOP('',(#5676,#5685,#5692,#5693));
#5676 = ORIENTED_EDGE('',*,*,#5677,.T.);
#5677 = EDGE_CURVE('',#5678,#5678,#5680,.T.);
#5678 = VERTEX_POINT('',#5679);
#5679 = CARTESIAN_POINT('',(1.81,1.466293670343E-15,2.1));
#5680 = CIRCLE('',#5681,0.6);
#5681 = AXIS2_PLACEMENT_3D('',#5682,#5683,#5684);
#5682 = CARTESIAN_POINT('',(1.81,6.630669073875E-16,1.5));
#5683 = DIRECTION('',(1.,0.,-0.));
#5684 = DIRECTION('',(0.,1.002044604925E-15,1.));
#5685 = ORIENTED_EDGE('',*,*,#5686,.F.);
#5686 = EDGE_CURVE('',#5628,#5678,#5687,.T.);
#5687 = CIRCLE('',#5688,0.4);
#5688 = AXIS2_PLACEMENT_3D('',#5689,#5690,#5691);
#5689 = CARTESIAN_POINT('',(2.21,1.266293670343E-15,2.1));
#5690 = DIRECTION('',(0.,-1.,1.002044604925E-15));
#5691 = DIRECTION('',(0.,1.002044604925E-15,1.));
#5692 = ORIENTED_EDGE('',*,*,#5627,.F.);
#5693 = ORIENTED_EDGE('',*,*,#5686,.T.);
#5694 = TOROIDAL_SURFACE('',#5695,0.6,0.4);
#5695 = AXIS2_PLACEMENT_3D('',#5696,#5697,#5698);
#5696 = CARTESIAN_POINT('',(2.21,6.630669073875E-16,1.5));
#5697 = DIRECTION('',(-1.,0.,0.));
#5698 = DIRECTION('',(0.,1.002044604925E-15,1.));
#5699 = ADVANCED_FACE('',(#5700),#5720,.T.);
#5700 = FACE_BOUND('',#5701,.T.);
#5701 = EDGE_LOOP('',(#5702,#5703,#5712,#5719));
#5702 = ORIENTED_EDGE('',*,*,#5661,.T.);
#5703 = ORIENTED_EDGE('',*,*,#5704,.F.);
#5704 = EDGE_CURVE('',#5705,#5654,#5707,.T.);
#5705 = VERTEX_POINT('',#5706);
#5706 = CARTESIAN_POINT('',(5.81,1.466293670343E-15,2.1));
#5707 = CIRCLE('',#5708,0.4);
#5708 = AXIS2_PLACEMENT_3D('',#5709,#5710,#5711);
#5709 = CARTESIAN_POINT('',(5.41,1.266293670343E-15,2.1));
#5710 = DIRECTION('',(0.,-1.,1.002044604925E-15));
#5711 = DIRECTION('',(0.,1.002044604925E-15,1.));
#5712 = ORIENTED_EDGE('',*,*,#5713,.F.);
#5713 = EDGE_CURVE('',#5705,#5705,#5714,.T.);
#5714 = CIRCLE('',#5715,0.6);
#5715 = AXIS2_PLACEMENT_3D('',#5716,#5717,#5718);
#5716 = CARTESIAN_POINT('',(5.81,6.630669073875E-16,1.5));
#5717 = DIRECTION('',(1.,0.,-0.));
#5718 = DIRECTION('',(0.,1.002044604925E-15,1.));
#5719 = ORIENTED_EDGE('',*,*,#5704,.T.);
#5720 = TOROIDAL_SURFACE('',#5721,0.6,0.4);
#5721 = AXIS2_PLACEMENT_3D('',#5722,#5723,#5724);
#5722 = CARTESIAN_POINT('',(5.41,6.630669073875E-16,1.5));
#5723 = DIRECTION('',(-1.,0.,0.));
#5724 = DIRECTION('',(0.,1.002044604925E-15,1.));
#5725 = ADVANCED_FACE('',(#5726),#5729,.F.);
#5726 = FACE_BOUND('',#5727,.T.);
#5727 = EDGE_LOOP('',(#5728));
#5728 = ORIENTED_EDGE('',*,*,#5677,.F.);
#5729 = PLANE('',#5730);
#5730 = AXIS2_PLACEMENT_3D('',#5731,#5732,#5733);
#5731 = CARTESIAN_POINT('',(1.81,6.630669073875E-16,1.5));
#5732 = DIRECTION('',(1.,0.,0.));
#5733 = DIRECTION('',(-0.,1.002044604925E-15,1.));
#5734 = ADVANCED_FACE('',(#5735),#5738,.T.);
#5735 = FACE_BOUND('',#5736,.F.);
#5736 = EDGE_LOOP('',(#5737));
#5737 = ORIENTED_EDGE('',*,*,#5713,.F.);
#5738 = PLANE('',#5739);
#5739 = AXIS2_PLACEMENT_3D('',#5740,#5741,#5742);
#5740 = CARTESIAN_POINT('',(5.81,6.630669073875E-16,1.5));
#5741 = DIRECTION('',(1.,0.,0.));
#5742 = DIRECTION('',(-0.,1.002044604925E-15,1.));
#5743 = ( GEOMETRIC_REPRESENTATION_CONTEXT(3) 
GLOBAL_UNCERTAINTY_ASSIGNED_CONTEXT((#5747)) 
GLOBAL_UNIT_ASSIGNED_CONTEXT((#5744,#5745,#5746)) REPRESENTATION_CONTEXT
('Context #1','3D Context with UNIT and UNCERTAINTY') );
#5744 = ( LENGTH_UNIT() NAMED_UNIT(*) SI_UNIT(.MILLI.,.METRE.) );
#5745 = ( NAMED_UNIT(*) PLANE_ANGLE_UNIT() SI_UNIT($,.RADIAN.) );
#5746 = ( NAMED_UNIT(*) SI_UNIT($,.STERADIAN.) SOLID_ANGLE_UNIT() );
#5747 = UNCERTAINTY_MEASURE_WITH_UNIT(LENGTH_MEASURE(1.E-07),#5744,
  'distance_accuracy_value','confusion accuracy');
#5748 = CONTEXT_DEPENDENT_SHAPE_REPRESENTATION(#5749,#5751);
#5749 = ( REPRESENTATION_RELATIONSHIP('','',#5392,#5369) 
REPRESENTATION_RELATIONSHIP_WITH_TRANSFORMATION(#5750) 
SHAPE_REPRESENTATION_RELATIONSHIP() );
#5750 = ITEM_DEFINED_TRANSFORMATION('','',#11,#5370);
#5751 = PRODUCT_DEFINITION_SHAPE('Placement','Placement of an item',
  #5752);
#5752 = NEXT_ASSEMBLY_USAGE_OCCURRENCE('7','=>[0:1:1:8]','',#5364,#5387,
  $);
#5753 = PRODUCT_RELATED_PRODUCT_CATEGORY('part',$,(#5389));
#5754 = CONTEXT_DEPENDENT_SHAPE_REPRESENTATION(#5755,#5757);
#5755 = ( REPRESENTATION_RELATIONSHIP('','',#112,#10) 
REPRESENTATION_RELATIONSHIP_WITH_TRANSFORMATION(#5756) 
SHAPE_REPRESENTATION_RELATIONSHIP() );
#5756 = ITEM_DEFINED_TRANSFORMATION('','',#11,#27);
#5757 = PRODUCT_DEFINITION_SHAPE('Placement','Placement of an item',
  #5758);
#5758 = NEXT_ASSEMBLY_USAGE_OCCURRENCE('9','SW8','',#5,#107,$);
#5759 = CONTEXT_DEPENDENT_SHAPE_REPRESENTATION(#5760,#5762);
#5760 = ( REPRESENTATION_RELATIONSHIP('','',#112,#10) 
REPRESENTATION_RELATIONSHIP_WITH_TRANSFORMATION(#5761) 
SHAPE_REPRESENTATION_RELATIONSHIP() );
#5761 = ITEM_DEFINED_TRANSFORMATION('','',#11,#31);
#5762 = PRODUCT_DEFINITION_SHAPE('Placement','Placement of an item',
  #5763);
#5763 = NEXT_ASSEMBLY_USAGE_OCCURRENCE('10','SW5','',#5,#107,$);
#5764 = CONTEXT_DEPENDENT_SHAPE_REPRESENTATION(#5765,#5767);
#5765 = ( REPRESENTATION_RELATIONSHIP('','',#112,#10) 
REPRESENTATION_RELATIONSHIP_WITH_TRANSFORMATION(#5766) 
SHAPE_REPRESENTATION_RELATIONSHIP() );
#5766 = ITEM_DEFINED_TRANSFORMATION('','',#11,#35);
#5767 = PRODUCT_DEFINITION_SHAPE('Placement','Placement of an item',
  #5768);
#5768 = NEXT_ASSEMBLY_USAGE_OCCURRENCE('11','SW4','',#5,#107,$);
#5769 = CONTEXT_DEPENDENT_SHAPE_REPRESENTATION(#5770,#5772);
#5770 = ( REPRESENTATION_RELATIONSHIP('','',#5369,#10) 
REPRESENTATION_RELATIONSHIP_WITH_TRANSFORMATION(#5771) 
SHAPE_REPRESENTATION_RELATIONSHIP() );
#5771 = ITEM_DEFINED_TRANSFORMATION('','',#11,#39);
#5772 = PRODUCT_DEFINITION_SHAPE('Placement','Placement of an item',
  #5773);
#5773 = NEXT_ASSEMBLY_USAGE_OCCURRENCE('12','D5','',#5,#5364,$);
#5774 = CONTEXT_DEPENDENT_SHAPE_REPRESENTATION(#5775,#5777);
#5775 = ( REPRESENTATION_RELATIONSHIP('','',#5369,#10) 
REPRESENTATION_RELATIONSHIP_WITH_TRANSFORMATION(#5776) 
SHAPE_REPRESENTATION_RELATIONSHIP() );
#5776 = ITEM_DEFINED_TRANSFORMATION('','',#11,#43);
#5777 = PRODUCT_DEFINITION_SHAPE('Placement','Placement of an item',
  #5778);
#5778 = NEXT_ASSEMBLY_USAGE_OCCURRENCE('13','D1','',#5,#5364,$);
#5779 = CONTEXT_DEPENDENT_SHAPE_REPRESENTATION(#5780,#5782);
#5780 = ( REPRESENTATION_RELATIONSHIP('','',#112,#10) 
REPRESENTATION_RELATIONSHIP_WITH_TRANSFORMATION(#5781) 
SHAPE_REPRESENTATION_RELATIONSHIP() );
#5781 = ITEM_DEFINED_TRANSFORMATION('','',#11,#47);
#5782 = PRODUCT_DEFINITION_SHAPE('Placement','Placement of an item',
  #5783);
#5783 = NEXT_ASSEMBLY_USAGE_OCCURRENCE('14','SW6','',#5,#107,$);
#5784 = CONTEXT_DEPENDENT_SHAPE_REPRESENTATION(#5785,#5787);
#5785 = ( REPRESENTATION_RELATIONSHIP('','',#112,#10) 
REPRESENTATION_RELATIONSHIP_WITH_TRANSFORMATION(#5786) 
SHAPE_REPRESENTATION_RELATIONSHIP() );
#5786 = ITEM_DEFINED_TRANSFORMATION('','',#11,#51);
#5787 = PRODUCT_DEFINITION_SHAPE('Placement','Placement of an item',
  #5788);
#5788 = NEXT_ASSEMBLY_USAGE_OCCURRENCE('15','SW3','',#5,#107,$);
#5789 = SHAPE_DEFINITION_REPRESENTATION(#5790,#5796);
#5790 = PRODUCT_DEFINITION_SHAPE('','',#5791);
#5791 = PRODUCT_DEFINITION('design','',#5792,#5795);
#5792 = PRODUCT_DEFINITION_FORMATION('','',#5793);
#5793 = PRODUCT('Buzzer_12x9.5RM7.6','Buzzer_12x9.5RM7.6','',(#5794));
#5794 = PRODUCT_CONTEXT('',#2,'mechanical');
#5795 = PRODUCT_DEFINITION_CONTEXT('part definition',#2,'design');
#5796 = SHAPE_REPRESENTATION('',(#11,#5797),#5801);
#5797 = AXIS2_PLACEMENT_3D('',#5798,#5799,#5800);
#5798 = CARTESIAN_POINT('',(0.,0.,0.));
#5799 = DIRECTION('',(0.,0.,1.));
#5800 = DIRECTION('',(1.,0.,-0.));
#5801 = ( GEOMETRIC_REPRESENTATION_CONTEXT(3) 
GLOBAL_UNCERTAINTY_ASSIGNED_CONTEXT((#5805)) 
GLOBAL_UNIT_ASSIGNED_CONTEXT((#5802,#5803,#5804)) REPRESENTATION_CONTEXT
('Context #1','3D Context with UNIT and UNCERTAINTY') );
#5802 = ( LENGTH_UNIT() NAMED_UNIT(*) SI_UNIT(.MILLI.,.METRE.) );
#5803 = ( NAMED_UNIT(*) PLANE_ANGLE_UNIT() SI_UNIT($,.RADIAN.) );
#5804 = ( NAMED_UNIT(*) SI_UNIT($,.STERADIAN.) SOLID_ANGLE_UNIT() );
#5805 = UNCERTAINTY_MEASURE_WITH_UNIT(LENGTH_MEASURE(1.E-07),#5802,
  'distance_accuracy_value','confusion accuracy');
#5806 = CONTEXT_DEPENDENT_SHAPE_REPRESENTATION(#5807,#5809);
#5807 = ( REPRESENTATION_RELATIONSHIP('','',#5796,#10) 
REPRESENTATION_RELATIONSHIP_WITH_TRANSFORMATION(#5808) 
SHAPE_REPRESENTATION_RELATIONSHIP() );
#5808 = ITEM_DEFINED_TRANSFORMATION('','',#11,#55);
#5809 = PRODUCT_DEFINITION_SHAPE('Placement','Placement of an item',
  #5810);
#5810 = NEXT_ASSEMBLY_USAGE_OCCURRENCE('17','BZ1','',#5,#5791,$);
#5811 = PRODUCT_RELATED_PRODUCT_CATEGORY('part',$,(#5793));
#5812 = SHAPE_DEFINITION_REPRESENTATION(#5813,#5819);
#5813 = PRODUCT_DEFINITION_SHAPE('','',#5814);
#5814 = PRODUCT_DEFINITION('design','',#5815,#5818);
#5815 = PRODUCT_DEFINITION_FORMATION('','',#5816);
#5816 = PRODUCT('Buzzer_12x95RM76','Buzzer_12x95RM76','',(#5817));
#5817 = PRODUCT_CONTEXT('',#2,'mechanical');
#5818 = PRODUCT_DEFINITION_CONTEXT('part definition',#2,'design');
#5819 = ADVANCED_BREP_SHAPE_REPRESENTATION('',(#11,#5820),#6112);
#5820 = MANIFOLD_SOLID_BREP('',#5821);
#5821 = CLOSED_SHELL('',(#5822,#5855,#5881,#5907,#5938,#5958,#5983,#6008
    ,#6033,#6059,#6085,#6094,#6103));
#5822 = ADVANCED_FACE('',(#5823),#5850,.T.);
#5823 = FACE_BOUND('',#5824,.T.);
#5824 = EDGE_LOOP('',(#5825,#5834,#5842,#5849));
#5825 = ORIENTED_EDGE('',*,*,#5826,.T.);
#5826 = EDGE_CURVE('',#5827,#5827,#5829,.T.);
#5827 = VERTEX_POINT('',#5828);
#5828 = CARTESIAN_POINT('',(9.8,1.804356723968E-35,0.33));
#5829 = CIRCLE('',#5830,6.);
#5830 = AXIS2_PLACEMENT_3D('',#5831,#5832,#5833);
#5831 = CARTESIAN_POINT('',(3.8,1.804356723968E-35,0.33));
#5832 = DIRECTION('',(-8.559688641721E-35,6.014522413226E-35,1.));
#5833 = DIRECTION('',(1.,6.690258951221E-52,8.559688641721E-35));
#5834 = ORIENTED_EDGE('',*,*,#5835,.T.);
#5835 = EDGE_CURVE('',#5827,#5836,#5838,.T.);
#5836 = VERTEX_POINT('',#5837);
#5837 = CARTESIAN_POINT('',(9.8,-8.91040357515E-35,8.048518518519));
#5838 = LINE('',#5839,#5840);
#5839 = CARTESIAN_POINT('',(9.8,0.,3.E-02));
#5840 = VECTOR('',#5841,1.);
#5841 = DIRECTION('',(0.,0.,1.));
#5842 = ORIENTED_EDGE('',*,*,#5843,.F.);
#5843 = EDGE_CURVE('',#5836,#5836,#5844,.T.);
#5844 = CIRCLE('',#5845,6.);
#5845 = AXIS2_PLACEMENT_3D('',#5846,#5847,#5848);
#5846 = CARTESIAN_POINT('',(3.8,-8.91040357515E-35,8.048518518519));
#5847 = DIRECTION('',(-8.559688641721E-35,6.014522413226E-35,1.));
#5848 = DIRECTION('',(1.,8.259101077374E-51,8.559688641721E-35));
#5849 = ORIENTED_EDGE('',*,*,#5835,.F.);
#5850 = CYLINDRICAL_SURFACE('',#5851,6.);
#5851 = AXIS2_PLACEMENT_3D('',#5852,#5853,#5854);
#5852 = CARTESIAN_POINT('',(3.8,0.,3.E-02));
#5853 = DIRECTION('',(-0.,-0.,-1.));
#5854 = DIRECTION('',(1.,0.,0.));
#5855 = ADVANCED_FACE('',(#5856),#5876,.T.);
#5856 = FACE_BOUND('',#5857,.T.);
#5857 = EDGE_LOOP('',(#5858,#5867,#5874,#5875));
#5858 = ORIENTED_EDGE('',*,*,#5859,.T.);
#5859 = EDGE_CURVE('',#5860,#5860,#5862,.T.);
#5860 = VERTEX_POINT('',#5861);
#5861 = CARTESIAN_POINT('',(9.5,2.672764710092E-51,3.E-02));
#5862 = CIRCLE('',#5863,5.7);
#5863 = AXIS2_PLACEMENT_3D('',#5864,#5865,#5866);
#5864 = CARTESIAN_POINT('',(3.8,0.,3.E-02));
#5865 = DIRECTION('',(-8.559688641721E-35,6.014522413226E-35,1.));
#5866 = DIRECTION('',(1.,6.690258951221E-52,8.559688641721E-35));
#5867 = ORIENTED_EDGE('',*,*,#5868,.F.);
#5868 = EDGE_CURVE('',#5827,#5860,#5869,.T.);
#5869 = CIRCLE('',#5870,0.3);
#5870 = AXIS2_PLACEMENT_3D('',#5871,#5872,#5873);
#5871 = CARTESIAN_POINT('',(9.5,9.021783619839E-37,0.33));
#5872 = DIRECTION('',(3.007261206613E-36,1.,-6.014522413226E-35));
#5873 = DIRECTION('',(1.,-3.007261206613E-36,8.559688641721E-35));
#5874 = ORIENTED_EDGE('',*,*,#5826,.F.);
#5875 = ORIENTED_EDGE('',*,*,#5868,.T.);
#5876 = TOROIDAL_SURFACE('',#5877,5.7,0.3);
#5877 = AXIS2_PLACEMENT_3D('',#5878,#5879,#5880);
#5878 = CARTESIAN_POINT('',(3.8,1.804356723968E-35,0.33));
#5879 = DIRECTION('',(8.559688641721E-35,-6.014522413226E-35,-1.));
#5880 = DIRECTION('',(1.,6.690258951221E-52,8.559688641721E-35));
#5881 = ADVANCED_FACE('',(#5882),#5902,.T.);
#5882 = FACE_BOUND('',#5883,.T.);
#5883 = EDGE_LOOP('',(#5884,#5893,#5894,#5895));
#5884 = ORIENTED_EDGE('',*,*,#5885,.F.);
#5885 = EDGE_CURVE('',#5836,#5886,#5888,.T.);
#5886 = VERTEX_POINT('',#5887);
#5887 = CARTESIAN_POINT('',(8.318518518519,3.207317652111E-50,9.53));
#5888 = CIRCLE('',#5889,1.481481481481);
#5889 = AXIS2_PLACEMENT_3D('',#5890,#5891,#5892);
#5890 = CARTESIAN_POINT('',(8.318518518519,-8.91040357515E-35,
    8.048518518519));
#5891 = DIRECTION('',(8.259101077374E-51,-1.,6.014522413226E-35));
#5892 = DIRECTION('',(1.,8.259101077374E-51,8.559688641721E-35));
#5893 = ORIENTED_EDGE('',*,*,#5843,.T.);
#5894 = ORIENTED_EDGE('',*,*,#5885,.T.);
#5895 = ORIENTED_EDGE('',*,*,#5896,.F.);
#5896 = EDGE_CURVE('',#5886,#5886,#5897,.T.);
#5897 = CIRCLE('',#5898,4.518518518519);
#5898 = AXIS2_PLACEMENT_3D('',#5899,#5900,#5901);
#5899 = CARTESIAN_POINT('',(3.8,0.,9.53));
#5900 = DIRECTION('',(-8.559688641721E-35,6.014522413226E-35,1.));
#5901 = DIRECTION('',(1.,8.259101077374E-51,8.559688641721E-35));
#5902 = TOROIDAL_SURFACE('',#5903,4.518518518519,1.481481481481);
#5903 = AXIS2_PLACEMENT_3D('',#5904,#5905,#5906);
#5904 = CARTESIAN_POINT('',(3.8,-8.91040357515E-35,8.048518518519));
#5905 = DIRECTION('',(-8.559688641721E-35,6.014522413226E-35,1.));
#5906 = DIRECTION('',(1.,8.259101077374E-51,8.559688641721E-35));
#5907 = ADVANCED_FACE('',(#5908,#5911,#5922),#5933,.F.);
#5908 = FACE_BOUND('',#5909,.F.);
#5909 = EDGE_LOOP('',(#5910));
#5910 = ORIENTED_EDGE('',*,*,#5859,.T.);
#5911 = FACE_BOUND('',#5912,.F.);
#5912 = EDGE_LOOP('',(#5913));
#5913 = ORIENTED_EDGE('',*,*,#5914,.F.);
#5914 = EDGE_CURVE('',#5915,#5915,#5917,.T.);
#5915 = VERTEX_POINT('',#5916);
#5916 = CARTESIAN_POINT('',(0.45,0.,3.E-02));
#5917 = CIRCLE('',#5918,0.45);
#5918 = AXIS2_PLACEMENT_3D('',#5919,#5920,#5921);
#5919 = CARTESIAN_POINT('',(0.,0.,3.E-02));
#5920 = DIRECTION('',(0.,0.,1.));
#5921 = DIRECTION('',(1.,0.,-0.));
#5922 = FACE_BOUND('',#5923,.F.);
#5923 = EDGE_LOOP('',(#5924));
#5924 = ORIENTED_EDGE('',*,*,#5925,.F.);
#5925 = EDGE_CURVE('',#5926,#5926,#5928,.T.);
#5926 = VERTEX_POINT('',#5927);
#5927 = CARTESIAN_POINT('',(8.05,0.,3.E-02));
#5928 = CIRCLE('',#5929,0.45);
#5929 = AXIS2_PLACEMENT_3D('',#5930,#5931,#5932);
#5930 = CARTESIAN_POINT('',(7.6,0.,3.E-02));
#5931 = DIRECTION('',(0.,0.,1.));
#5932 = DIRECTION('',(1.,0.,-0.));
#5933 = PLANE('',#5934);
#5934 = AXIS2_PLACEMENT_3D('',#5935,#5936,#5937);
#5935 = CARTESIAN_POINT('',(3.8,2.108840176837E-16,3.E-02));
#5936 = DIRECTION('',(-8.559688641721E-35,6.014522413226E-35,1.));
#5937 = DIRECTION('',(1.,0.,8.559688641721E-35));
#5938 = ADVANCED_FACE('',(#5939,#5942),#5953,.T.);
#5939 = FACE_BOUND('',#5940,.T.);
#5940 = EDGE_LOOP('',(#5941));
#5941 = ORIENTED_EDGE('',*,*,#5896,.T.);
#5942 = FACE_BOUND('',#5943,.T.);
#5943 = EDGE_LOOP('',(#5944));
#5944 = ORIENTED_EDGE('',*,*,#5945,.T.);
#5945 = EDGE_CURVE('',#5946,#5946,#5948,.T.);
#5946 = VERTEX_POINT('',#5947);
#5947 = CARTESIAN_POINT('',(4.8,0.,9.53));
#5948 = CIRCLE('',#5949,1.);
#5949 = AXIS2_PLACEMENT_3D('',#5950,#5951,#5952);
#5950 = CARTESIAN_POINT('',(3.8,0.,9.53));
#5951 = DIRECTION('',(0.,0.,-1.));
#5952 = DIRECTION('',(1.,0.,0.));
#5953 = PLANE('',#5954);
#5954 = AXIS2_PLACEMENT_3D('',#5955,#5956,#5957);
#5955 = CARTESIAN_POINT('',(3.8,2.108840176837E-16,9.53));
#5956 = DIRECTION('',(-8.559688641721E-35,6.014522413226E-35,1.));
#5957 = DIRECTION('',(1.,0.,8.559688641721E-35));
#5958 = ADVANCED_FACE('',(#5959),#5978,.T.);
#5959 = FACE_BOUND('',#5960,.T.);
#5960 = EDGE_LOOP('',(#5961,#5962,#5970,#5977));
#5961 = ORIENTED_EDGE('',*,*,#5914,.F.);
#5962 = ORIENTED_EDGE('',*,*,#5963,.T.);
#5963 = EDGE_CURVE('',#5915,#5964,#5966,.T.);
#5964 = VERTEX_POINT('',#5965);
#5965 = CARTESIAN_POINT('',(0.45,0.,-2.82));
#5966 = LINE('',#5967,#5968);
#5967 = CARTESIAN_POINT('',(0.45,0.,1.03));
#5968 = VECTOR('',#5969,1.);
#5969 = DIRECTION('',(-0.,-0.,-1.));
#5970 = ORIENTED_EDGE('',*,*,#5971,.T.);
#5971 = EDGE_CURVE('',#5964,#5964,#5972,.T.);
#5972 = CIRCLE('',#5973,0.45);
#5973 = AXIS2_PLACEMENT_3D('',#5974,#5975,#5976);
#5974 = CARTESIAN_POINT('',(0.,0.,-2.82));
#5975 = DIRECTION('',(0.,0.,1.));
#5976 = DIRECTION('',(1.,0.,-0.));
#5977 = ORIENTED_EDGE('',*,*,#5963,.F.);
#5978 = CYLINDRICAL_SURFACE('',#5979,0.45);
#5979 = AXIS2_PLACEMENT_3D('',#5980,#5981,#5982);
#5980 = CARTESIAN_POINT('',(0.,0.,1.03));
#5981 = DIRECTION('',(0.,0.,1.));
#5982 = DIRECTION('',(1.,0.,-0.));
#5983 = ADVANCED_FACE('',(#5984),#6003,.T.);
#5984 = FACE_BOUND('',#5985,.T.);
#5985 = EDGE_LOOP('',(#5986,#5987,#5995,#6002));
#5986 = ORIENTED_EDGE('',*,*,#5925,.F.);
#5987 = ORIENTED_EDGE('',*,*,#5988,.T.);
#5988 = EDGE_CURVE('',#5926,#5989,#5991,.T.);
#5989 = VERTEX_POINT('',#5990);
#5990 = CARTESIAN_POINT('',(8.05,6.042804770876E-33,-2.82));
#5991 = LINE('',#5992,#5993);
#5992 = CARTESIAN_POINT('',(8.05,0.,1.03));
#5993 = VECTOR('',#5994,1.);
#5994 = DIRECTION('',(-0.,-0.,-1.));
#5995 = ORIENTED_EDGE('',*,*,#5996,.T.);
#5996 = EDGE_CURVE('',#5989,#5989,#5997,.T.);
#5997 = CIRCLE('',#5998,0.45);
#5998 = AXIS2_PLACEMENT_3D('',#5999,#6000,#6001);
#5999 = CARTESIAN_POINT('',(7.6,-1.29542663314E-31,-2.82));
#6000 = DIRECTION('',(-1.19708830782E-30,3.357113761597E-32,1.));
#6001 = DIRECTION('',(1.,3.013010401886E-31,1.19708830782E-30));
#6002 = ORIENTED_EDGE('',*,*,#5988,.F.);
#6003 = CYLINDRICAL_SURFACE('',#6004,0.45);
#6004 = AXIS2_PLACEMENT_3D('',#6005,#6006,#6007);
#6005 = CARTESIAN_POINT('',(7.6,0.,1.03));
#6006 = DIRECTION('',(0.,0.,1.));
#6007 = DIRECTION('',(1.,0.,-0.));
#6008 = ADVANCED_FACE('',(#6009),#6028,.F.);
#6009 = FACE_BOUND('',#6010,.F.);
#6010 = EDGE_LOOP('',(#6011,#6019,#6020,#6021));
#6011 = ORIENTED_EDGE('',*,*,#6012,.T.);
#6012 = EDGE_CURVE('',#6013,#5946,#6015,.T.);
#6013 = VERTEX_POINT('',#6014);
#6014 = CARTESIAN_POINT('',(4.8,0.,9.33));
#6015 = LINE('',#6016,#6017);
#6016 = CARTESIAN_POINT('',(4.8,0.,1.93));
#6017 = VECTOR('',#6018,1.);
#6018 = DIRECTION('',(0.,0.,1.));
#6019 = ORIENTED_EDGE('',*,*,#5945,.T.);
#6020 = ORIENTED_EDGE('',*,*,#6012,.F.);
#6021 = ORIENTED_EDGE('',*,*,#6022,.T.);
#6022 = EDGE_CURVE('',#6013,#6013,#6023,.T.);
#6023 = CIRCLE('',#6024,1.);
#6024 = AXIS2_PLACEMENT_3D('',#6025,#6026,#6027);
#6025 = CARTESIAN_POINT('',(3.8,0.,9.33));
#6026 = DIRECTION('',(0.,0.,1.));
#6027 = DIRECTION('',(1.,0.,-0.));
#6028 = CYLINDRICAL_SURFACE('',#6029,1.);
#6029 = AXIS2_PLACEMENT_3D('',#6030,#6031,#6032);
#6030 = CARTESIAN_POINT('',(3.8,0.,1.93));
#6031 = DIRECTION('',(-0.,-0.,-1.));
#6032 = DIRECTION('',(1.,0.,0.));
#6033 = ADVANCED_FACE('',(#6034),#6054,.T.);
#6034 = FACE_BOUND('',#6035,.T.);
#6035 = EDGE_LOOP('',(#6036,#6045,#6052,#6053));
#6036 = ORIENTED_EDGE('',*,*,#6037,.T.);
#6037 = EDGE_CURVE('',#6038,#6038,#6040,.T.);
#6038 = VERTEX_POINT('',#6039);
#6039 = CARTESIAN_POINT('',(0.27,0.,-3.));
#6040 = CIRCLE('',#6041,0.27);
#6041 = AXIS2_PLACEMENT_3D('',#6042,#6043,#6044);
#6042 = CARTESIAN_POINT('',(0.,0.,-3.));
#6043 = DIRECTION('',(0.,0.,1.));
#6044 = DIRECTION('',(1.,0.,-0.));
#6045 = ORIENTED_EDGE('',*,*,#6046,.F.);
#6046 = EDGE_CURVE('',#5964,#6038,#6047,.T.);
#6047 = CIRCLE('',#6048,0.18);
#6048 = AXIS2_PLACEMENT_3D('',#6049,#6050,#6051);
#6049 = CARTESIAN_POINT('',(0.27,0.,-2.82));
#6050 = DIRECTION('',(-0.,1.,0.));
#6051 = DIRECTION('',(1.,0.,0.));
#6052 = ORIENTED_EDGE('',*,*,#5971,.F.);
#6053 = ORIENTED_EDGE('',*,*,#6046,.T.);
#6054 = TOROIDAL_SURFACE('',#6055,0.27,0.18);
#6055 = AXIS2_PLACEMENT_3D('',#6056,#6057,#6058);
#6056 = CARTESIAN_POINT('',(0.,0.,-2.82));
#6057 = DIRECTION('',(-0.,-0.,-1.));
#6058 = DIRECTION('',(1.,0.,0.));
#6059 = ADVANCED_FACE('',(#6060),#6080,.T.);
#6060 = FACE_BOUND('',#6061,.T.);
#6061 = EDGE_LOOP('',(#6062,#6071,#6078,#6079));
#6062 = ORIENTED_EDGE('',*,*,#6063,.T.);
#6063 = EDGE_CURVE('',#6064,#6064,#6066,.T.);
#6064 = VERTEX_POINT('',#6065);
#6065 = CARTESIAN_POINT('',(7.87,-5.423418723394E-32,-3.));
#6066 = CIRCLE('',#6067,0.27);
#6067 = AXIS2_PLACEMENT_3D('',#6068,#6069,#6070);
#6068 = CARTESIAN_POINT('',(7.6,-1.355854680849E-31,-3.));
#6069 = DIRECTION('',(-1.19708830782E-30,3.357113761597E-32,1.));
#6070 = DIRECTION('',(1.,3.013010401886E-31,1.19708830782E-30));
#6071 = ORIENTED_EDGE('',*,*,#6072,.F.);
#6072 = EDGE_CURVE('',#5989,#6064,#6073,.T.);
#6073 = CIRCLE('',#6074,0.18);
#6074 = AXIS2_PLACEMENT_3D('',#6075,#6076,#6077);
#6075 = CARTESIAN_POINT('',(7.87,-5.181706532559E-32,-2.82));
#6076 = DIRECTION('',(-2.878725851422E-31,1.,-3.357113761597E-32));
#6077 = DIRECTION('',(1.,2.878725851422E-31,1.19708830782E-30));
#6078 = ORIENTED_EDGE('',*,*,#5996,.F.);
#6079 = ORIENTED_EDGE('',*,*,#6072,.T.);
#6080 = TOROIDAL_SURFACE('',#6081,0.27,0.18);
#6081 = AXIS2_PLACEMENT_3D('',#6082,#6083,#6084);
#6082 = CARTESIAN_POINT('',(7.6,-1.29542663314E-31,-2.82));
#6083 = DIRECTION('',(1.19708830782E-30,-3.357113761597E-32,-1.));
#6084 = DIRECTION('',(1.,3.013010401886E-31,1.19708830782E-30));
#6085 = ADVANCED_FACE('',(#6086),#6089,.T.);
#6086 = FACE_BOUND('',#6087,.T.);
#6087 = EDGE_LOOP('',(#6088));
#6088 = ORIENTED_EDGE('',*,*,#6022,.T.);
#6089 = PLANE('',#6090);
#6090 = AXIS2_PLACEMENT_3D('',#6091,#6092,#6093);
#6091 = CARTESIAN_POINT('',(3.8,8.737595245399E-17,9.33));
#6092 = DIRECTION('',(-4.930380657631E-31,-1.632186346944E-32,1.));
#6093 = DIRECTION('',(1.,0.,4.930380657631E-31));
#6094 = ADVANCED_FACE('',(#6095),#6098,.F.);
#6095 = FACE_BOUND('',#6096,.F.);
#6096 = EDGE_LOOP('',(#6097));
#6097 = ORIENTED_EDGE('',*,*,#6037,.T.);
#6098 = PLANE('',#6099);
#6099 = AXIS2_PLACEMENT_3D('',#6100,#6101,#6102);
#6100 = CARTESIAN_POINT('',(-1.18701400394E-17,2.911085817041E-17,-3.));
#6101 = DIRECTION('',(0.,0.,1.));
#6102 = DIRECTION('',(1.,0.,-0.));
#6103 = ADVANCED_FACE('',(#6104),#6107,.F.);
#6104 = FACE_BOUND('',#6105,.F.);
#6105 = EDGE_LOOP('',(#6106));
#6106 = ORIENTED_EDGE('',*,*,#6063,.T.);
#6107 = PLANE('',#6108);
#6108 = AXIS2_PLACEMENT_3D('',#6109,#6110,#6111);
#6109 = CARTESIAN_POINT('',(7.6,-1.836970198721E-17,-3.));
#6110 = DIRECTION('',(-1.19708830782E-30,3.357113761597E-32,1.));
#6111 = DIRECTION('',(1.,0.,1.19708830782E-30));
#6112 = ( GEOMETRIC_REPRESENTATION_CONTEXT(3) 
GLOBAL_UNCERTAINTY_ASSIGNED_CONTEXT((#6116)) 
GLOBAL_UNIT_ASSIGNED_CONTEXT((#6113,#6114,#6115)) REPRESENTATION_CONTEXT
('Context #1','3D Context with UNIT and UNCERTAINTY') );
#6113 = ( LENGTH_UNIT() NAMED_UNIT(*) SI_UNIT(.MILLI.,.METRE.) );
#6114 = ( NAMED_UNIT(*) PLANE_ANGLE_UNIT() SI_UNIT($,.RADIAN.) );
#6115 = ( NAMED_UNIT(*) SI_UNIT($,.STERADIAN.) SOLID_ANGLE_UNIT() );
#6116 = UNCERTAINTY_MEASURE_WITH_UNIT(LENGTH_MEASURE(1.E-07),#6113,
  'distance_accuracy_value','confusion accuracy');
#6117 = CONTEXT_DEPENDENT_SHAPE_REPRESENTATION(#6118,#6120);
#6118 = ( REPRESENTATION_RELATIONSHIP('','',#5819,#5796) 
REPRESENTATION_RELATIONSHIP_WITH_TRANSFORMATION(#6119) 
SHAPE_REPRESENTATION_RELATIONSHIP() );
#6119 = ITEM_DEFINED_TRANSFORMATION('','',#11,#5797);
#6120 = PRODUCT_DEFINITION_SHAPE('Placement','Placement of an item',
  #6121);
#6121 = NEXT_ASSEMBLY_USAGE_OCCURRENCE('16','=>[0:1:1:10]','',#5791,
  #5814,$);
#6122 = PRODUCT_RELATED_PRODUCT_CATEGORY('part',$,(#5816));
#6123 = CONTEXT_DEPENDENT_SHAPE_REPRESENTATION(#6124,#6126);
#6124 = ( REPRESENTATION_RELATIONSHIP('','',#5369,#10) 
REPRESENTATION_RELATIONSHIP_WITH_TRANSFORMATION(#6125) 
SHAPE_REPRESENTATION_RELATIONSHIP() );
#6125 = ITEM_DEFINED_TRANSFORMATION('','',#11,#59);
#6126 = PRODUCT_DEFINITION_SHAPE('Placement','Placement of an item',
  #6127);
#6127 = NEXT_ASSEMBLY_USAGE_OCCURRENCE('18','D8','',#5,#5364,$);
#6128 = CONTEXT_DEPENDENT_SHAPE_REPRESENTATION(#6129,#6131);
#6129 = ( REPRESENTATION_RELATIONSHIP('','',#112,#10) 
REPRESENTATION_RELATIONSHIP_WITH_TRANSFORMATION(#6130) 
SHAPE_REPRESENTATION_RELATIONSHIP() );
#6130 = ITEM_DEFINED_TRANSFORMATION('','',#11,#63);
#6131 = PRODUCT_DEFINITION_SHAPE('Placement','Placement of an item',
  #6132);
#6132 = NEXT_ASSEMBLY_USAGE_OCCURRENCE('19','SW7','',#5,#107,$);
#6133 = CONTEXT_DEPENDENT_SHAPE_REPRESENTATION(#6134,#6136);
#6134 = ( REPRESENTATION_RELATIONSHIP('','',#5369,#10) 
REPRESENTATION_RELATIONSHIP_WITH_TRANSFORMATION(#6135) 
SHAPE_REPRESENTATION_RELATIONSHIP() );
#6135 = ITEM_DEFINED_TRANSFORMATION('','',#11,#67);
#6136 = PRODUCT_DEFINITION_SHAPE('Placement','Placement of an item',
  #6137);
#6137 = NEXT_ASSEMBLY_USAGE_OCCURRENCE('20','D7','',#5,#5364,$);
#6138 = CONTEXT_DEPENDENT_SHAPE_REPRESENTATION(#6139,#6141);
#6139 = ( REPRESENTATION_RELATIONSHIP('','',#5369,#10) 
REPRESENTATION_RELATIONSHIP_WITH_TRANSFORMATION(#6140) 
SHAPE_REPRESENTATION_RELATIONSHIP() );
#6140 = ITEM_DEFINED_TRANSFORMATION('','',#11,#71);
#6141 = PRODUCT_DEFINITION_SHAPE('Placement','Placement of an item',
  #6142);
#6142 = NEXT_ASSEMBLY_USAGE_OCCURRENCE('21','D6','',#5,#5364,$);
#6143 = CONTEXT_DEPENDENT_SHAPE_REPRESENTATION(#6144,#6146);
#6144 = ( REPRESENTATION_RELATIONSHIP('','',#5369,#10) 
REPRESENTATION_RELATIONSHIP_WITH_TRANSFORMATION(#6145) 
SHAPE_REPRESENTATION_RELATIONSHIP() );
#6145 = ITEM_DEFINED_TRANSFORMATION('','',#11,#75);
#6146 = PRODUCT_DEFINITION_SHAPE('Placement','Placement of an item',
  #6147);
#6147 = NEXT_ASSEMBLY_USAGE_OCCURRENCE('22','D2','',#5,#5364,$);
#6148 = CONTEXT_DEPENDENT_SHAPE_REPRESENTATION(#6149,#6151);
#6149 = ( REPRESENTATION_RELATIONSHIP('','',#5369,#10) 
REPRESENTATION_RELATIONSHIP_WITH_TRANSFORMATION(#6150) 
SHAPE_REPRESENTATION_RELATIONSHIP() );
#6150 = ITEM_DEFINED_TRANSFORMATION('','',#11,#79);
#6151 = PRODUCT_DEFINITION_SHAPE('Placement','Placement of an item',
  #6152);
#6152 = NEXT_ASSEMBLY_USAGE_OCCURRENCE('23','D4','',#5,#5364,$);
#6153 = SHAPE_DEFINITION_REPRESENTATION(#6154,#6160);
#6154 = PRODUCT_DEFINITION_SHAPE('','',#6155);
#6155 = PRODUCT_DEFINITION('design','',#6156,#6159);
#6156 = PRODUCT_DEFINITION_FORMATION('','',#6157);
#6157 = PRODUCT('PinSocket_1x08_P2.54mm_Vertical',
  'PinSocket_1x08_P2.54mm_Vertical','',(#6158));
#6158 = PRODUCT_CONTEXT('',#2,'mechanical');
#6159 = PRODUCT_DEFINITION_CONTEXT('part definition',#2,'design');
#6160 = SHAPE_REPRESENTATION('',(#11,#6161),#6165);
#6161 = AXIS2_PLACEMENT_3D('',#6162,#6163,#6164);
#6162 = CARTESIAN_POINT('',(0.,0.,0.));
#6163 = DIRECTION('',(0.,0.,1.));
#6164 = DIRECTION('',(1.,0.,-0.));
#6165 = ( GEOMETRIC_REPRESENTATION_CONTEXT(3) 
GLOBAL_UNCERTAINTY_ASSIGNED_CONTEXT((#6169)) 
GLOBAL_UNIT_ASSIGNED_CONTEXT((#6166,#6167,#6168)) REPRESENTATION_CONTEXT
('Context #1','3D Context with UNIT and UNCERTAINTY') );
#6166 = ( LENGTH_UNIT() NAMED_UNIT(*) SI_UNIT(.MILLI.,.METRE.) );
#6167 = ( NAMED_UNIT(*) PLANE_ANGLE_UNIT() SI_UNIT($,.RADIAN.) );
#6168 = ( NAMED_UNIT(*) SI_UNIT($,.STERADIAN.) SOLID_ANGLE_UNIT() );
#6169 = UNCERTAINTY_MEASURE_WITH_UNIT(LENGTH_MEASURE(1.E-07),#6166,
  'distance_accuracy_value','confusion accuracy');
#6170 = CONTEXT_DEPENDENT_SHAPE_REPRESENTATION(#6171,#6173);
#6171 = ( REPRESENTATION_RELATIONSHIP('','',#6160,#10) 
REPRESENTATION_RELATIONSHIP_WITH_TRANSFORMATION(#6172) 
SHAPE_REPRESENTATION_RELATIONSHIP() );
#6172 = ITEM_DEFINED_TRANSFORMATION('','',#11,#83);
#6173 = PRODUCT_DEFINITION_SHAPE('Placement','Placement of an item',
  #6174);
#6174 = NEXT_ASSEMBLY_USAGE_OCCURRENCE('25','J1','',#5,#6155,$);
#6175 = PRODUCT_RELATED_PRODUCT_CATEGORY('part',$,(#6157));
#6176 = SHAPE_DEFINITION_REPRESENTATION(#6177,#6183);
#6177 = PRODUCT_DEFINITION_SHAPE('','',#6178);
#6178 = PRODUCT_DEFINITION('design','',#6179,#6182);
#6179 = PRODUCT_DEFINITION_FORMATION('','',#6180);
#6180 = PRODUCT('PinSocket_1x08_P2.54mm_Vertical',
  'PinSocket_1x08_P2.54mm_Vertical','',(#6181));
#6181 = PRODUCT_CONTEXT('',#2,'mechanical');
#6182 = PRODUCT_DEFINITION_CONTEXT('part definition',#2,'design');
#6183 = ADVANCED_BREP_SHAPE_REPRESENTATION('',(#11,#6184),#12674);
#6184 = MANIFOLD_SOLID_BREP('',#6185);
#6185 = CLOSED_SHELL('',(#6186,#6226,#6289,#6352,#6369,#6658,#6680,#6697
    ,#7242,#7254,#7266,#7297,#7321,#7345,#7362,#7393,#7417,#7441,#7458,
    #7489,#7513,#7537,#7554,#7585,#7609,#7633,#7650,#7681,#7705,#7729,
    #7746,#7777,#7801,#7825,#7842,#7873,#7897,#7921,#7938,#7969,#7993,
    #8017,#8034,#8051,#8098,#8115,#8162,#8179,#8226,#8243,#8290,#8307,
    #8354,#8371,#8418,#8435,#8482,#8499,#8546,#8563,#8610,#8627,#8674,
    #8691,#8738,#8755,#8802,#8819,#8866,#8883,#8930,#8947,#8994,#9011,
    #9058,#9089,#9145,#9169,#9218,#9249,#9305,#9329,#9378,#9409,#9465,
    #9489,#9538,#9569,#9625,#9649,#9698,#9729,#9785,#9809,#9858,#9889,
    #9945,#9969,#10018,#10049,#10105,#10129,#10178,#10209,#10265,#10289,
    #10338,#10355,#10372,#10389,#10406,#10418,#10435,#10452,#10469,
    #10486,#10498,#10515,#10532,#10549,#10566,#10578,#10595,#10612,
    #10629,#10646,#10658,#10675,#10692,#10709,#10726,#10738,#10755,
    #10772,#10789,#10806,#10818,#10835,#10852,#10869,#10886,#10898,
    #10915,#10932,#10949,#10966,#10978,#10995,#11012,#11061,#11085,
    #11127,#11144,#11161,#11178,#11227,#11251,#11293,#11310,#11327,
    #11344,#11393,#11417,#11459,#11476,#11493,#11510,#11559,#11583,
    #11625,#11642,#11659,#11676,#11725,#11749,#11791,#11808,#11825,
    #11842,#11891,#11915,#11957,#11974,#11991,#12008,#12057,#12081,
    #12123,#12140,#12157,#12174,#12223,#12247,#12289,#12306,#12323,
    #12340,#12352,#12369,#12386,#12398,#12415,#12432,#12444,#12461,
    #12478,#12490,#12507,#12524,#12536,#12553,#12570,#12582,#12599,
    #12616,#12628,#12645,#12662));
#6186 = ADVANCED_FACE('',(#6187),#6221,.F.);
#6187 = FACE_BOUND('',#6188,.F.);
#6188 = EDGE_LOOP('',(#6189,#6199,#6207,#6215));
#6189 = ORIENTED_EDGE('',*,*,#6190,.T.);
#6190 = EDGE_CURVE('',#6191,#6193,#6195,.T.);
#6191 = VERTEX_POINT('',#6192);
#6192 = CARTESIAN_POINT('',(1.27,-19.05,0.));
#6193 = VERTEX_POINT('',#6194);
#6194 = CARTESIAN_POINT('',(1.27,-19.05,8.5));
#6195 = LINE('',#6196,#6197);
#6196 = CARTESIAN_POINT('',(1.27,-19.05,0.));
#6197 = VECTOR('',#6198,1.);
#6198 = DIRECTION('',(0.,0.,1.));
#6199 = ORIENTED_EDGE('',*,*,#6200,.T.);
#6200 = EDGE_CURVE('',#6193,#6201,#6203,.T.);
#6201 = VERTEX_POINT('',#6202);
#6202 = CARTESIAN_POINT('',(1.27,1.27,8.5));
#6203 = LINE('',#6204,#6205);
#6204 = CARTESIAN_POINT('',(1.27,-19.05,8.5));
#6205 = VECTOR('',#6206,1.);
#6206 = DIRECTION('',(1.110223024625E-16,1.,0.));
#6207 = ORIENTED_EDGE('',*,*,#6208,.F.);
#6208 = EDGE_CURVE('',#6209,#6201,#6211,.T.);
#6209 = VERTEX_POINT('',#6210);
#6210 = CARTESIAN_POINT('',(1.27,1.27,0.));
#6211 = LINE('',#6212,#6213);
#6212 = CARTESIAN_POINT('',(1.27,1.27,0.));
#6213 = VECTOR('',#6214,1.);
#6214 = DIRECTION('',(0.,0.,1.));
#6215 = ORIENTED_EDGE('',*,*,#6216,.F.);
#6216 = EDGE_CURVE('',#6191,#6209,#6217,.T.);
#6217 = LINE('',#6218,#6219);
#6218 = CARTESIAN_POINT('',(1.27,-19.05,0.));
#6219 = VECTOR('',#6220,1.);
#6220 = DIRECTION('',(1.110223024625E-16,1.,0.));
#6221 = PLANE('',#6222);
#6222 = AXIS2_PLACEMENT_3D('',#6223,#6224,#6225);
#6223 = CARTESIAN_POINT('',(1.27,-19.05,0.));
#6224 = DIRECTION('',(-1.,1.110223024625E-16,0.));
#6225 = DIRECTION('',(1.110223024625E-16,1.,0.));
#6226 = ADVANCED_FACE('',(#6227),#6284,.F.);
#6227 = FACE_BOUND('',#6228,.F.);
#6228 = EDGE_LOOP('',(#6229,#6239,#6247,#6253,#6254,#6262,#6270,#6278));
#6229 = ORIENTED_EDGE('',*,*,#6230,.F.);
#6230 = EDGE_CURVE('',#6231,#6233,#6235,.T.);
#6231 = VERTEX_POINT('',#6232);
#6232 = CARTESIAN_POINT('',(-1.27,-19.05,0.));
#6233 = VERTEX_POINT('',#6234);
#6234 = CARTESIAN_POINT('',(-0.846666666667,-19.05,0.));
#6235 = LINE('',#6236,#6237);
#6236 = CARTESIAN_POINT('',(-1.27,-19.05,0.));
#6237 = VECTOR('',#6238,1.);
#6238 = DIRECTION('',(1.,-1.110223024625E-16,0.));
#6239 = ORIENTED_EDGE('',*,*,#6240,.T.);
#6240 = EDGE_CURVE('',#6231,#6241,#6243,.T.);
#6241 = VERTEX_POINT('',#6242);
#6242 = CARTESIAN_POINT('',(-1.27,-19.05,8.5));
#6243 = LINE('',#6244,#6245);
#6244 = CARTESIAN_POINT('',(-1.27,-19.05,0.));
#6245 = VECTOR('',#6246,1.);
#6246 = DIRECTION('',(0.,0.,1.));
#6247 = ORIENTED_EDGE('',*,*,#6248,.T.);
#6248 = EDGE_CURVE('',#6241,#6193,#6249,.T.);
#6249 = LINE('',#6250,#6251);
#6250 = CARTESIAN_POINT('',(-1.27,-19.05,8.5));
#6251 = VECTOR('',#6252,1.);
#6252 = DIRECTION('',(1.,-1.110223024625E-16,0.));
#6253 = ORIENTED_EDGE('',*,*,#6190,.F.);
#6254 = ORIENTED_EDGE('',*,*,#6255,.F.);
#6255 = EDGE_CURVE('',#6256,#6191,#6258,.T.);
#6256 = VERTEX_POINT('',#6257);
#6257 = CARTESIAN_POINT('',(0.846666666667,-19.05,0.));
#6258 = LINE('',#6259,#6260);
#6259 = CARTESIAN_POINT('',(-1.27,-19.05,0.));
#6260 = VECTOR('',#6261,1.);
#6261 = DIRECTION('',(1.,-1.110223024625E-16,0.));
#6262 = ORIENTED_EDGE('',*,*,#6263,.T.);
#6263 = EDGE_CURVE('',#6256,#6264,#6266,.T.);
#6264 = VERTEX_POINT('',#6265);
#6265 = CARTESIAN_POINT('',(0.846666666667,-19.05,0.2));
#6266 = LINE('',#6267,#6268);
#6267 = CARTESIAN_POINT('',(0.846666666667,-19.05,0.));
#6268 = VECTOR('',#6269,1.);
#6269 = DIRECTION('',(0.,0.,1.));
#6270 = ORIENTED_EDGE('',*,*,#6271,.F.);
#6271 = EDGE_CURVE('',#6272,#6264,#6274,.T.);
#6272 = VERTEX_POINT('',#6273);
#6273 = CARTESIAN_POINT('',(-0.846666666667,-19.05,0.2));
#6274 = LINE('',#6275,#6276);
#6275 = CARTESIAN_POINT('',(-0.846666666667,-19.05,0.2));
#6276 = VECTOR('',#6277,1.);
#6277 = DIRECTION('',(1.,-1.110223024625E-16,0.));
#6278 = ORIENTED_EDGE('',*,*,#6279,.F.);
#6279 = EDGE_CURVE('',#6233,#6272,#6280,.T.);
#6280 = LINE('',#6281,#6282);
#6281 = CARTESIAN_POINT('',(-0.846666666667,-19.05,0.));
#6282 = VECTOR('',#6283,1.);
#6283 = DIRECTION('',(0.,0.,1.));
#6284 = PLANE('',#6285);
#6285 = AXIS2_PLACEMENT_3D('',#6286,#6287,#6288);
#6286 = CARTESIAN_POINT('',(-1.27,-19.05,0.));
#6287 = DIRECTION('',(1.110223024625E-16,1.,0.));
#6288 = DIRECTION('',(1.,-1.110223024625E-16,0.));
#6289 = ADVANCED_FACE('',(#6290),#6347,.F.);
#6290 = FACE_BOUND('',#6291,.F.);
#6291 = EDGE_LOOP('',(#6292,#6300,#6301,#6309,#6317,#6325,#6333,#6341));
#6292 = ORIENTED_EDGE('',*,*,#6293,.F.);
#6293 = EDGE_CURVE('',#6209,#6294,#6296,.T.);
#6294 = VERTEX_POINT('',#6295);
#6295 = CARTESIAN_POINT('',(0.846666666667,1.27,0.));
#6296 = LINE('',#6297,#6298);
#6297 = CARTESIAN_POINT('',(1.27,1.27,0.));
#6298 = VECTOR('',#6299,1.);
#6299 = DIRECTION('',(-1.,1.110223024625E-16,0.));
#6300 = ORIENTED_EDGE('',*,*,#6208,.T.);
#6301 = ORIENTED_EDGE('',*,*,#6302,.T.);
#6302 = EDGE_CURVE('',#6201,#6303,#6305,.T.);
#6303 = VERTEX_POINT('',#6304);
#6304 = CARTESIAN_POINT('',(-1.27,1.27,8.5));
#6305 = LINE('',#6306,#6307);
#6306 = CARTESIAN_POINT('',(1.27,1.27,8.5));
#6307 = VECTOR('',#6308,1.);
#6308 = DIRECTION('',(-1.,1.110223024625E-16,0.));
#6309 = ORIENTED_EDGE('',*,*,#6310,.F.);
#6310 = EDGE_CURVE('',#6311,#6303,#6313,.T.);
#6311 = VERTEX_POINT('',#6312);
#6312 = CARTESIAN_POINT('',(-1.27,1.27,0.));
#6313 = LINE('',#6314,#6315);
#6314 = CARTESIAN_POINT('',(-1.27,1.27,0.));
#6315 = VECTOR('',#6316,1.);
#6316 = DIRECTION('',(0.,0.,1.));
#6317 = ORIENTED_EDGE('',*,*,#6318,.F.);
#6318 = EDGE_CURVE('',#6319,#6311,#6321,.T.);
#6319 = VERTEX_POINT('',#6320);
#6320 = CARTESIAN_POINT('',(-0.846666666667,1.27,0.));
#6321 = LINE('',#6322,#6323);
#6322 = CARTESIAN_POINT('',(1.27,1.27,0.));
#6323 = VECTOR('',#6324,1.);
#6324 = DIRECTION('',(-1.,1.110223024625E-16,0.));
#6325 = ORIENTED_EDGE('',*,*,#6326,.T.);
#6326 = EDGE_CURVE('',#6319,#6327,#6329,.T.);
#6327 = VERTEX_POINT('',#6328);
#6328 = CARTESIAN_POINT('',(-0.846666666667,1.27,0.2));
#6329 = LINE('',#6330,#6331);
#6330 = CARTESIAN_POINT('',(-0.846666666667,1.27,0.));
#6331 = VECTOR('',#6332,1.);
#6332 = DIRECTION('',(0.,0.,1.));
#6333 = ORIENTED_EDGE('',*,*,#6334,.F.);
#6334 = EDGE_CURVE('',#6335,#6327,#6337,.T.);
#6335 = VERTEX_POINT('',#6336);
#6336 = CARTESIAN_POINT('',(0.846666666667,1.27,0.2));
#6337 = LINE('',#6338,#6339);
#6338 = CARTESIAN_POINT('',(0.846666666667,1.27,0.2));
#6339 = VECTOR('',#6340,1.);
#6340 = DIRECTION('',(-1.,1.110223024625E-16,0.));
#6341 = ORIENTED_EDGE('',*,*,#6342,.F.);
#6342 = EDGE_CURVE('',#6294,#6335,#6343,.T.);
#6343 = LINE('',#6344,#6345);
#6344 = CARTESIAN_POINT('',(0.846666666667,1.27,0.));
#6345 = VECTOR('',#6346,1.);
#6346 = DIRECTION('',(0.,0.,1.));
#6347 = PLANE('',#6348);
#6348 = AXIS2_PLACEMENT_3D('',#6349,#6350,#6351);
#6349 = CARTESIAN_POINT('',(1.27,1.27,0.));
#6350 = DIRECTION('',(-1.110223024625E-16,-1.,0.));
#6351 = DIRECTION('',(-1.,1.110223024625E-16,0.));
#6352 = ADVANCED_FACE('',(#6353),#6364,.F.);
#6353 = FACE_BOUND('',#6354,.F.);
#6354 = EDGE_LOOP('',(#6355,#6356,#6357,#6358));
#6355 = ORIENTED_EDGE('',*,*,#6255,.T.);
#6356 = ORIENTED_EDGE('',*,*,#6216,.T.);
#6357 = ORIENTED_EDGE('',*,*,#6293,.T.);
#6358 = ORIENTED_EDGE('',*,*,#6359,.F.);
#6359 = EDGE_CURVE('',#6256,#6294,#6360,.T.);
#6360 = LINE('',#6361,#6362);
#6361 = CARTESIAN_POINT('',(0.846666666667,-19.05,0.));
#6362 = VECTOR('',#6363,1.);
#6363 = DIRECTION('',(1.110223024625E-16,1.,0.));
#6364 = PLANE('',#6365);
#6365 = AXIS2_PLACEMENT_3D('',#6366,#6367,#6368);
#6366 = CARTESIAN_POINT('',(-9.592326932761E-16,-8.89,0.));
#6367 = DIRECTION('',(0.,0.,1.));
#6368 = DIRECTION('',(1.110223024625E-16,1.,-0.));
#6369 = ADVANCED_FACE('',(#6370,#6381,#6415,#6449,#6483,#6517,#6551,
    #6585,#6619),#6653,.T.);
#6370 = FACE_BOUND('',#6371,.T.);
#6371 = EDGE_LOOP('',(#6372,#6373,#6374,#6380));
#6372 = ORIENTED_EDGE('',*,*,#6200,.T.);
#6373 = ORIENTED_EDGE('',*,*,#6302,.T.);
#6374 = ORIENTED_EDGE('',*,*,#6375,.T.);
#6375 = EDGE_CURVE('',#6303,#6241,#6376,.T.);
#6376 = LINE('',#6377,#6378);
#6377 = CARTESIAN_POINT('',(-1.27,1.27,8.5));
#6378 = VECTOR('',#6379,1.);
#6379 = DIRECTION('',(-1.110223024625E-16,-1.,0.));
#6380 = ORIENTED_EDGE('',*,*,#6248,.T.);
#6381 = FACE_BOUND('',#6382,.T.);
#6382 = EDGE_LOOP('',(#6383,#6393,#6401,#6409));
#6383 = ORIENTED_EDGE('',*,*,#6384,.F.);
#6384 = EDGE_CURVE('',#6385,#6387,#6389,.T.);
#6385 = VERTEX_POINT('',#6386);
#6386 = CARTESIAN_POINT('',(0.6,-18.38,8.5));
#6387 = VERTEX_POINT('',#6388);
#6388 = CARTESIAN_POINT('',(0.6,-17.18,8.5));
#6389 = LINE('',#6390,#6391);
#6390 = CARTESIAN_POINT('',(0.6,-18.38,8.5));
#6391 = VECTOR('',#6392,1.);
#6392 = DIRECTION('',(1.110223024625E-16,1.,0.));
#6393 = ORIENTED_EDGE('',*,*,#6394,.F.);
#6394 = EDGE_CURVE('',#6395,#6385,#6397,.T.);
#6395 = VERTEX_POINT('',#6396);
#6396 = CARTESIAN_POINT('',(-0.6,-18.38,8.5));
#6397 = LINE('',#6398,#6399);
#6398 = CARTESIAN_POINT('',(-0.6,-18.38,8.5));
#6399 = VECTOR('',#6400,1.);
#6400 = DIRECTION('',(1.,-1.110223024625E-16,0.));
#6401 = ORIENTED_EDGE('',*,*,#6402,.F.);
#6402 = EDGE_CURVE('',#6403,#6395,#6405,.T.);
#6403 = VERTEX_POINT('',#6404);
#6404 = CARTESIAN_POINT('',(-0.6,-17.18,8.5));
#6405 = LINE('',#6406,#6407);
#6406 = CARTESIAN_POINT('',(-0.6,-17.18,8.5));
#6407 = VECTOR('',#6408,1.);
#6408 = DIRECTION('',(-1.110223024625E-16,-1.,0.));
#6409 = ORIENTED_EDGE('',*,*,#6410,.F.);
#6410 = EDGE_CURVE('',#6387,#6403,#6411,.T.);
#6411 = LINE('',#6412,#6413);
#6412 = CARTESIAN_POINT('',(0.6,-17.18,8.5));
#6413 = VECTOR('',#6414,1.);
#6414 = DIRECTION('',(-1.,1.110223024625E-16,0.));
#6415 = FACE_BOUND('',#6416,.T.);
#6416 = EDGE_LOOP('',(#6417,#6427,#6435,#6443));
#6417 = ORIENTED_EDGE('',*,*,#6418,.F.);
#6418 = EDGE_CURVE('',#6419,#6421,#6423,.T.);
#6419 = VERTEX_POINT('',#6420);
#6420 = CARTESIAN_POINT('',(0.6,-15.84,8.5));
#6421 = VERTEX_POINT('',#6422);
#6422 = CARTESIAN_POINT('',(0.6,-14.64,8.5));
#6423 = LINE('',#6424,#6425);
#6424 = CARTESIAN_POINT('',(0.6,-15.84,8.5));
#6425 = VECTOR('',#6426,1.);
#6426 = DIRECTION('',(1.110223024625E-16,1.,0.));
#6427 = ORIENTED_EDGE('',*,*,#6428,.F.);
#6428 = EDGE_CURVE('',#6429,#6419,#6431,.T.);
#6429 = VERTEX_POINT('',#6430);
#6430 = CARTESIAN_POINT('',(-0.6,-15.84,8.5));
#6431 = LINE('',#6432,#6433);
#6432 = CARTESIAN_POINT('',(-0.6,-15.84,8.5));
#6433 = VECTOR('',#6434,1.);
#6434 = DIRECTION('',(1.,-1.110223024625E-16,0.));
#6435 = ORIENTED_EDGE('',*,*,#6436,.F.);
#6436 = EDGE_CURVE('',#6437,#6429,#6439,.T.);
#6437 = VERTEX_POINT('',#6438);
#6438 = CARTESIAN_POINT('',(-0.6,-14.64,8.5));
#6439 = LINE('',#6440,#6441);
#6440 = CARTESIAN_POINT('',(-0.6,-14.64,8.5));
#6441 = VECTOR('',#6442,1.);
#6442 = DIRECTION('',(-1.110223024625E-16,-1.,0.));
#6443 = ORIENTED_EDGE('',*,*,#6444,.F.);
#6444 = EDGE_CURVE('',#6421,#6437,#6445,.T.);
#6445 = LINE('',#6446,#6447);
#6446 = CARTESIAN_POINT('',(0.6,-14.64,8.5));
#6447 = VECTOR('',#6448,1.);
#6448 = DIRECTION('',(-1.,1.110223024625E-16,0.));
#6449 = FACE_BOUND('',#6450,.T.);
#6450 = EDGE_LOOP('',(#6451,#6461,#6469,#6477));
#6451 = ORIENTED_EDGE('',*,*,#6452,.F.);
#6452 = EDGE_CURVE('',#6453,#6455,#6457,.T.);
#6453 = VERTEX_POINT('',#6454);
#6454 = CARTESIAN_POINT('',(0.6,-13.3,8.5));
#6455 = VERTEX_POINT('',#6456);
#6456 = CARTESIAN_POINT('',(0.6,-12.1,8.5));
#6457 = LINE('',#6458,#6459);
#6458 = CARTESIAN_POINT('',(0.6,-13.3,8.5));
#6459 = VECTOR('',#6460,1.);
#6460 = DIRECTION('',(1.110223024625E-16,1.,0.));
#6461 = ORIENTED_EDGE('',*,*,#6462,.F.);
#6462 = EDGE_CURVE('',#6463,#6453,#6465,.T.);
#6463 = VERTEX_POINT('',#6464);
#6464 = CARTESIAN_POINT('',(-0.6,-13.3,8.5));
#6465 = LINE('',#6466,#6467);
#6466 = CARTESIAN_POINT('',(-0.6,-13.3,8.5));
#6467 = VECTOR('',#6468,1.);
#6468 = DIRECTION('',(1.,-1.110223024625E-16,0.));
#6469 = ORIENTED_EDGE('',*,*,#6470,.F.);
#6470 = EDGE_CURVE('',#6471,#6463,#6473,.T.);
#6471 = VERTEX_POINT('',#6472);
#6472 = CARTESIAN_POINT('',(-0.6,-12.1,8.5));
#6473 = LINE('',#6474,#6475);
#6474 = CARTESIAN_POINT('',(-0.6,-12.1,8.5));
#6475 = VECTOR('',#6476,1.);
#6476 = DIRECTION('',(-1.110223024625E-16,-1.,0.));
#6477 = ORIENTED_EDGE('',*,*,#6478,.F.);
#6478 = EDGE_CURVE('',#6455,#6471,#6479,.T.);
#6479 = LINE('',#6480,#6481);
#6480 = CARTESIAN_POINT('',(0.6,-12.1,8.5));
#6481 = VECTOR('',#6482,1.);
#6482 = DIRECTION('',(-1.,1.110223024625E-16,0.));
#6483 = FACE_BOUND('',#6484,.T.);
#6484 = EDGE_LOOP('',(#6485,#6495,#6503,#6511));
#6485 = ORIENTED_EDGE('',*,*,#6486,.F.);
#6486 = EDGE_CURVE('',#6487,#6489,#6491,.T.);
#6487 = VERTEX_POINT('',#6488);
#6488 = CARTESIAN_POINT('',(0.6,-10.76,8.5));
#6489 = VERTEX_POINT('',#6490);
#6490 = CARTESIAN_POINT('',(0.6,-9.56,8.5));
#6491 = LINE('',#6492,#6493);
#6492 = CARTESIAN_POINT('',(0.6,-10.76,8.5));
#6493 = VECTOR('',#6494,1.);
#6494 = DIRECTION('',(1.110223024625E-16,1.,0.));
#6495 = ORIENTED_EDGE('',*,*,#6496,.F.);
#6496 = EDGE_CURVE('',#6497,#6487,#6499,.T.);
#6497 = VERTEX_POINT('',#6498);
#6498 = CARTESIAN_POINT('',(-0.6,-10.76,8.5));
#6499 = LINE('',#6500,#6501);
#6500 = CARTESIAN_POINT('',(-0.6,-10.76,8.5));
#6501 = VECTOR('',#6502,1.);
#6502 = DIRECTION('',(1.,-1.110223024625E-16,0.));
#6503 = ORIENTED_EDGE('',*,*,#6504,.F.);
#6504 = EDGE_CURVE('',#6505,#6497,#6507,.T.);
#6505 = VERTEX_POINT('',#6506);
#6506 = CARTESIAN_POINT('',(-0.6,-9.56,8.5));
#6507 = LINE('',#6508,#6509);
#6508 = CARTESIAN_POINT('',(-0.6,-9.56,8.5));
#6509 = VECTOR('',#6510,1.);
#6510 = DIRECTION('',(-1.110223024625E-16,-1.,0.));
#6511 = ORIENTED_EDGE('',*,*,#6512,.F.);
#6512 = EDGE_CURVE('',#6489,#6505,#6513,.T.);
#6513 = LINE('',#6514,#6515);
#6514 = CARTESIAN_POINT('',(0.6,-9.56,8.5));
#6515 = VECTOR('',#6516,1.);
#6516 = DIRECTION('',(-1.,1.110223024625E-16,0.));
#6517 = FACE_BOUND('',#6518,.T.);
#6518 = EDGE_LOOP('',(#6519,#6529,#6537,#6545));
#6519 = ORIENTED_EDGE('',*,*,#6520,.F.);
#6520 = EDGE_CURVE('',#6521,#6523,#6525,.T.);
#6521 = VERTEX_POINT('',#6522);
#6522 = CARTESIAN_POINT('',(0.6,-8.22,8.5));
#6523 = VERTEX_POINT('',#6524);
#6524 = CARTESIAN_POINT('',(0.6,-7.02,8.5));
#6525 = LINE('',#6526,#6527);
#6526 = CARTESIAN_POINT('',(0.6,-8.22,8.5));
#6527 = VECTOR('',#6528,1.);
#6528 = DIRECTION('',(1.110223024625E-16,1.,0.));
#6529 = ORIENTED_EDGE('',*,*,#6530,.F.);
#6530 = EDGE_CURVE('',#6531,#6521,#6533,.T.);
#6531 = VERTEX_POINT('',#6532);
#6532 = CARTESIAN_POINT('',(-0.6,-8.22,8.5));
#6533 = LINE('',#6534,#6535);
#6534 = CARTESIAN_POINT('',(-0.6,-8.22,8.5));
#6535 = VECTOR('',#6536,1.);
#6536 = DIRECTION('',(1.,-1.110223024625E-16,0.));
#6537 = ORIENTED_EDGE('',*,*,#6538,.F.);
#6538 = EDGE_CURVE('',#6539,#6531,#6541,.T.);
#6539 = VERTEX_POINT('',#6540);
#6540 = CARTESIAN_POINT('',(-0.6,-7.02,8.5));
#6541 = LINE('',#6542,#6543);
#6542 = CARTESIAN_POINT('',(-0.6,-7.02,8.5));
#6543 = VECTOR('',#6544,1.);
#6544 = DIRECTION('',(-1.110223024625E-16,-1.,0.));
#6545 = ORIENTED_EDGE('',*,*,#6546,.F.);
#6546 = EDGE_CURVE('',#6523,#6539,#6547,.T.);
#6547 = LINE('',#6548,#6549);
#6548 = CARTESIAN_POINT('',(0.6,-7.02,8.5));
#6549 = VECTOR('',#6550,1.);
#6550 = DIRECTION('',(-1.,1.110223024625E-16,0.));
#6551 = FACE_BOUND('',#6552,.T.);
#6552 = EDGE_LOOP('',(#6553,#6563,#6571,#6579));
#6553 = ORIENTED_EDGE('',*,*,#6554,.F.);
#6554 = EDGE_CURVE('',#6555,#6557,#6559,.T.);
#6555 = VERTEX_POINT('',#6556);
#6556 = CARTESIAN_POINT('',(0.6,-5.68,8.5));
#6557 = VERTEX_POINT('',#6558);
#6558 = CARTESIAN_POINT('',(0.6,-4.48,8.5));
#6559 = LINE('',#6560,#6561);
#6560 = CARTESIAN_POINT('',(0.6,-5.68,8.5));
#6561 = VECTOR('',#6562,1.);
#6562 = DIRECTION('',(1.110223024625E-16,1.,0.));
#6563 = ORIENTED_EDGE('',*,*,#6564,.F.);
#6564 = EDGE_CURVE('',#6565,#6555,#6567,.T.);
#6565 = VERTEX_POINT('',#6566);
#6566 = CARTESIAN_POINT('',(-0.6,-5.68,8.5));
#6567 = LINE('',#6568,#6569);
#6568 = CARTESIAN_POINT('',(-0.6,-5.68,8.5));
#6569 = VECTOR('',#6570,1.);
#6570 = DIRECTION('',(1.,-1.110223024625E-16,0.));
#6571 = ORIENTED_EDGE('',*,*,#6572,.F.);
#6572 = EDGE_CURVE('',#6573,#6565,#6575,.T.);
#6573 = VERTEX_POINT('',#6574);
#6574 = CARTESIAN_POINT('',(-0.6,-4.48,8.5));
#6575 = LINE('',#6576,#6577);
#6576 = CARTESIAN_POINT('',(-0.6,-4.48,8.5));
#6577 = VECTOR('',#6578,1.);
#6578 = DIRECTION('',(-1.110223024625E-16,-1.,0.));
#6579 = ORIENTED_EDGE('',*,*,#6580,.F.);
#6580 = EDGE_CURVE('',#6557,#6573,#6581,.T.);
#6581 = LINE('',#6582,#6583);
#6582 = CARTESIAN_POINT('',(0.6,-4.48,8.5));
#6583 = VECTOR('',#6584,1.);
#6584 = DIRECTION('',(-1.,1.110223024625E-16,0.));
#6585 = FACE_BOUND('',#6586,.T.);
#6586 = EDGE_LOOP('',(#6587,#6597,#6605,#6613));
#6587 = ORIENTED_EDGE('',*,*,#6588,.F.);
#6588 = EDGE_CURVE('',#6589,#6591,#6593,.T.);
#6589 = VERTEX_POINT('',#6590);
#6590 = CARTESIAN_POINT('',(0.6,-3.14,8.5));
#6591 = VERTEX_POINT('',#6592);
#6592 = CARTESIAN_POINT('',(0.6,-1.94,8.5));
#6593 = LINE('',#6594,#6595);
#6594 = CARTESIAN_POINT('',(0.6,-3.14,8.5));
#6595 = VECTOR('',#6596,1.);
#6596 = DIRECTION('',(1.110223024625E-16,1.,0.));
#6597 = ORIENTED_EDGE('',*,*,#6598,.F.);
#6598 = EDGE_CURVE('',#6599,#6589,#6601,.T.);
#6599 = VERTEX_POINT('',#6600);
#6600 = CARTESIAN_POINT('',(-0.6,-3.14,8.5));
#6601 = LINE('',#6602,#6603);
#6602 = CARTESIAN_POINT('',(-0.6,-3.14,8.5));
#6603 = VECTOR('',#6604,1.);
#6604 = DIRECTION('',(1.,-1.110223024625E-16,0.));
#6605 = ORIENTED_EDGE('',*,*,#6606,.F.);
#6606 = EDGE_CURVE('',#6607,#6599,#6609,.T.);
#6607 = VERTEX_POINT('',#6608);
#6608 = CARTESIAN_POINT('',(-0.6,-1.94,8.5));
#6609 = LINE('',#6610,#6611);
#6610 = CARTESIAN_POINT('',(-0.6,-1.94,8.5));
#6611 = VECTOR('',#6612,1.);
#6612 = DIRECTION('',(-1.110223024625E-16,-1.,0.));
#6613 = ORIENTED_EDGE('',*,*,#6614,.F.);
#6614 = EDGE_CURVE('',#6591,#6607,#6615,.T.);
#6615 = LINE('',#6616,#6617);
#6616 = CARTESIAN_POINT('',(0.6,-1.94,8.5));
#6617 = VECTOR('',#6618,1.);
#6618 = DIRECTION('',(-1.,1.110223024625E-16,0.));
#6619 = FACE_BOUND('',#6620,.T.);
#6620 = EDGE_LOOP('',(#6621,#6631,#6639,#6647));
#6621 = ORIENTED_EDGE('',*,*,#6622,.F.);
#6622 = EDGE_CURVE('',#6623,#6625,#6627,.T.);
#6623 = VERTEX_POINT('',#6624);
#6624 = CARTESIAN_POINT('',(0.6,-0.6,8.5));
#6625 = VERTEX_POINT('',#6626);
#6626 = CARTESIAN_POINT('',(0.6,0.6,8.5));
#6627 = LINE('',#6628,#6629);
#6628 = CARTESIAN_POINT('',(0.6,-0.6,8.5));
#6629 = VECTOR('',#6630,1.);
#6630 = DIRECTION('',(1.110223024625E-16,1.,0.));
#6631 = ORIENTED_EDGE('',*,*,#6632,.F.);
#6632 = EDGE_CURVE('',#6633,#6623,#6635,.T.);
#6633 = VERTEX_POINT('',#6634);
#6634 = CARTESIAN_POINT('',(-0.6,-0.6,8.5));
#6635 = LINE('',#6636,#6637);
#6636 = CARTESIAN_POINT('',(-0.6,-0.6,8.5));
#6637 = VECTOR('',#6638,1.);
#6638 = DIRECTION('',(1.,-1.110223024625E-16,0.));
#6639 = ORIENTED_EDGE('',*,*,#6640,.F.);
#6640 = EDGE_CURVE('',#6641,#6633,#6643,.T.);
#6641 = VERTEX_POINT('',#6642);
#6642 = CARTESIAN_POINT('',(-0.6,0.6,8.5));
#6643 = LINE('',#6644,#6645);
#6644 = CARTESIAN_POINT('',(-0.6,0.6,8.5));
#6645 = VECTOR('',#6646,1.);
#6646 = DIRECTION('',(-1.110223024625E-16,-1.,0.));
#6647 = ORIENTED_EDGE('',*,*,#6648,.F.);
#6648 = EDGE_CURVE('',#6625,#6641,#6649,.T.);
#6649 = LINE('',#6650,#6651);
#6650 = CARTESIAN_POINT('',(0.6,0.6,8.5));
#6651 = VECTOR('',#6652,1.);
#6652 = DIRECTION('',(-1.,1.110223024625E-16,0.));
#6653 = PLANE('',#6654);
#6654 = AXIS2_PLACEMENT_3D('',#6655,#6656,#6657);
#6655 = CARTESIAN_POINT('',(-9.592326932761E-16,-8.89,8.5));
#6656 = DIRECTION('',(0.,0.,1.));
#6657 = DIRECTION('',(1.110223024625E-16,1.,-0.));
#6658 = ADVANCED_FACE('',(#6659),#6675,.F.);
#6659 = FACE_BOUND('',#6660,.F.);
#6660 = EDGE_LOOP('',(#6661,#6662,#6668,#6669));
#6661 = ORIENTED_EDGE('',*,*,#6230,.T.);
#6662 = ORIENTED_EDGE('',*,*,#6663,.F.);
#6663 = EDGE_CURVE('',#6319,#6233,#6664,.T.);
#6664 = LINE('',#6665,#6666);
#6665 = CARTESIAN_POINT('',(-0.846666666667,1.27,0.));
#6666 = VECTOR('',#6667,1.);
#6667 = DIRECTION('',(-1.110223024625E-16,-1.,0.));
#6668 = ORIENTED_EDGE('',*,*,#6318,.T.);
#6669 = ORIENTED_EDGE('',*,*,#6670,.T.);
#6670 = EDGE_CURVE('',#6311,#6231,#6671,.T.);
#6671 = LINE('',#6672,#6673);
#6672 = CARTESIAN_POINT('',(-1.27,1.27,0.));
#6673 = VECTOR('',#6674,1.);
#6674 = DIRECTION('',(-1.110223024625E-16,-1.,0.));
#6675 = PLANE('',#6676);
#6676 = AXIS2_PLACEMENT_3D('',#6677,#6678,#6679);
#6677 = CARTESIAN_POINT('',(-9.592326932761E-16,-8.89,0.));
#6678 = DIRECTION('',(0.,0.,1.));
#6679 = DIRECTION('',(1.110223024625E-16,1.,-0.));
#6680 = ADVANCED_FACE('',(#6681),#6692,.T.);
#6681 = FACE_BOUND('',#6682,.T.);
#6682 = EDGE_LOOP('',(#6683,#6684,#6690,#6691));
#6683 = ORIENTED_EDGE('',*,*,#6326,.T.);
#6684 = ORIENTED_EDGE('',*,*,#6685,.T.);
#6685 = EDGE_CURVE('',#6327,#6272,#6686,.T.);
#6686 = LINE('',#6687,#6688);
#6687 = CARTESIAN_POINT('',(-0.846666666667,1.27,0.2));
#6688 = VECTOR('',#6689,1.);
#6689 = DIRECTION('',(-1.110223024625E-16,-1.,0.));
#6690 = ORIENTED_EDGE('',*,*,#6279,.F.);
#6691 = ORIENTED_EDGE('',*,*,#6663,.F.);
#6692 = PLANE('',#6693);
#6693 = AXIS2_PLACEMENT_3D('',#6694,#6695,#6696);
#6694 = CARTESIAN_POINT('',(-0.846666666667,1.27,0.));
#6695 = DIRECTION('',(1.,-1.110223024625E-16,0.));
#6696 = DIRECTION('',(-1.110223024625E-16,-1.,0.));
#6697 = ADVANCED_FACE('',(#6698,#6709,#6775,#6841,#6907,#6973,#7039,
    #7105,#7171),#7237,.F.);
#6698 = FACE_BOUND('',#6699,.F.);
#6699 = EDGE_LOOP('',(#6700,#6706,#6707,#6708));
#6700 = ORIENTED_EDGE('',*,*,#6701,.T.);
#6701 = EDGE_CURVE('',#6264,#6335,#6702,.T.);
#6702 = LINE('',#6703,#6704);
#6703 = CARTESIAN_POINT('',(0.846666666667,-19.05,0.2));
#6704 = VECTOR('',#6705,1.);
#6705 = DIRECTION('',(1.110223024625E-16,1.,0.));
#6706 = ORIENTED_EDGE('',*,*,#6334,.T.);
#6707 = ORIENTED_EDGE('',*,*,#6685,.T.);
#6708 = ORIENTED_EDGE('',*,*,#6271,.T.);
#6709 = FACE_BOUND('',#6710,.F.);
#6710 = EDGE_LOOP('',(#6711,#6721,#6729,#6737,#6745,#6753,#6761,#6769));
#6711 = ORIENTED_EDGE('',*,*,#6712,.F.);
#6712 = EDGE_CURVE('',#6713,#6715,#6717,.T.);
#6713 = VERTEX_POINT('',#6714);
#6714 = CARTESIAN_POINT('',(-0.1,-18.23,0.2));
#6715 = VERTEX_POINT('',#6716);
#6716 = CARTESIAN_POINT('',(0.1,-18.23,0.2));
#6717 = LINE('',#6718,#6719);
#6718 = CARTESIAN_POINT('',(-0.1,-18.23,0.2));
#6719 = VECTOR('',#6720,1.);
#6720 = DIRECTION('',(1.,-1.110223024625E-16,0.));
#6721 = ORIENTED_EDGE('',*,*,#6722,.T.);
#6722 = EDGE_CURVE('',#6713,#6723,#6725,.T.);
#6723 = VERTEX_POINT('',#6724);
#6724 = CARTESIAN_POINT('',(-0.1,-18.08,0.2));
#6725 = LINE('',#6726,#6727);
#6726 = CARTESIAN_POINT('',(-0.1,-18.23,0.2));
#6727 = VECTOR('',#6728,1.);
#6728 = DIRECTION('',(1.110223024625E-16,1.,0.));
#6729 = ORIENTED_EDGE('',*,*,#6730,.F.);
#6730 = EDGE_CURVE('',#6731,#6723,#6733,.T.);
#6731 = VERTEX_POINT('',#6732);
#6732 = CARTESIAN_POINT('',(-0.1,-17.48,0.2));
#6733 = LINE('',#6734,#6735);
#6734 = CARTESIAN_POINT('',(-0.1,-13.335,0.2));
#6735 = VECTOR('',#6736,1.);
#6736 = DIRECTION('',(-1.110223024625E-16,-1.,0.));
#6737 = ORIENTED_EDGE('',*,*,#6738,.T.);
#6738 = EDGE_CURVE('',#6731,#6739,#6741,.T.);
#6739 = VERTEX_POINT('',#6740);
#6740 = CARTESIAN_POINT('',(-0.1,-17.33,0.2));
#6741 = LINE('',#6742,#6743);
#6742 = CARTESIAN_POINT('',(-0.1,-18.23,0.2));
#6743 = VECTOR('',#6744,1.);
#6744 = DIRECTION('',(1.110223024625E-16,1.,0.));
#6745 = ORIENTED_EDGE('',*,*,#6746,.T.);
#6746 = EDGE_CURVE('',#6739,#6747,#6749,.T.);
#6747 = VERTEX_POINT('',#6748);
#6748 = CARTESIAN_POINT('',(0.1,-17.33,0.2));
#6749 = LINE('',#6750,#6751);
#6750 = CARTESIAN_POINT('',(-0.1,-17.33,0.2));
#6751 = VECTOR('',#6752,1.);
#6752 = DIRECTION('',(1.,-1.110223024625E-16,0.));
#6753 = ORIENTED_EDGE('',*,*,#6754,.T.);
#6754 = EDGE_CURVE('',#6747,#6755,#6757,.T.);
#6755 = VERTEX_POINT('',#6756);
#6756 = CARTESIAN_POINT('',(0.1,-17.48,0.2));
#6757 = LINE('',#6758,#6759);
#6758 = CARTESIAN_POINT('',(0.1,-17.33,0.2));
#6759 = VECTOR('',#6760,1.);
#6760 = DIRECTION('',(-1.110223024625E-16,-1.,0.));
#6761 = ORIENTED_EDGE('',*,*,#6762,.T.);
#6762 = EDGE_CURVE('',#6755,#6763,#6765,.T.);
#6763 = VERTEX_POINT('',#6764);
#6764 = CARTESIAN_POINT('',(0.1,-18.08,0.2));
#6765 = LINE('',#6766,#6767);
#6766 = CARTESIAN_POINT('',(0.1,-13.335,0.2));
#6767 = VECTOR('',#6768,1.);
#6768 = DIRECTION('',(-1.110223024625E-16,-1.,0.));
#6769 = ORIENTED_EDGE('',*,*,#6770,.T.);
#6770 = EDGE_CURVE('',#6763,#6715,#6771,.T.);
#6771 = LINE('',#6772,#6773);
#6772 = CARTESIAN_POINT('',(0.1,-17.33,0.2));
#6773 = VECTOR('',#6774,1.);
#6774 = DIRECTION('',(-1.110223024625E-16,-1.,0.));
#6775 = FACE_BOUND('',#6776,.F.);
#6776 = EDGE_LOOP('',(#6777,#6787,#6795,#6803,#6811,#6819,#6827,#6835));
#6777 = ORIENTED_EDGE('',*,*,#6778,.F.);
#6778 = EDGE_CURVE('',#6779,#6781,#6783,.T.);
#6779 = VERTEX_POINT('',#6780);
#6780 = CARTESIAN_POINT('',(-0.1,-15.69,0.2));
#6781 = VERTEX_POINT('',#6782);
#6782 = CARTESIAN_POINT('',(0.1,-15.69,0.2));
#6783 = LINE('',#6784,#6785);
#6784 = CARTESIAN_POINT('',(-0.1,-15.69,0.2));
#6785 = VECTOR('',#6786,1.);
#6786 = DIRECTION('',(1.,-1.110223024625E-16,0.));
#6787 = ORIENTED_EDGE('',*,*,#6788,.T.);
#6788 = EDGE_CURVE('',#6779,#6789,#6791,.T.);
#6789 = VERTEX_POINT('',#6790);
#6790 = CARTESIAN_POINT('',(-0.1,-15.54,0.2));
#6791 = LINE('',#6792,#6793);
#6792 = CARTESIAN_POINT('',(-0.1,-15.69,0.2));
#6793 = VECTOR('',#6794,1.);
#6794 = DIRECTION('',(1.110223024625E-16,1.,0.));
#6795 = ORIENTED_EDGE('',*,*,#6796,.F.);
#6796 = EDGE_CURVE('',#6797,#6789,#6799,.T.);
#6797 = VERTEX_POINT('',#6798);
#6798 = CARTESIAN_POINT('',(-0.1,-14.94,0.2));
#6799 = LINE('',#6800,#6801);
#6800 = CARTESIAN_POINT('',(-0.1,-12.065,0.2));
#6801 = VECTOR('',#6802,1.);
#6802 = DIRECTION('',(-1.110223024625E-16,-1.,0.));
#6803 = ORIENTED_EDGE('',*,*,#6804,.T.);
#6804 = EDGE_CURVE('',#6797,#6805,#6807,.T.);
#6805 = VERTEX_POINT('',#6806);
#6806 = CARTESIAN_POINT('',(-0.1,-14.79,0.2));
#6807 = LINE('',#6808,#6809);
#6808 = CARTESIAN_POINT('',(-0.1,-15.69,0.2));
#6809 = VECTOR('',#6810,1.);
#6810 = DIRECTION('',(1.110223024625E-16,1.,0.));
#6811 = ORIENTED_EDGE('',*,*,#6812,.T.);
#6812 = EDGE_CURVE('',#6805,#6813,#6815,.T.);
#6813 = VERTEX_POINT('',#6814);
#6814 = CARTESIAN_POINT('',(0.1,-14.79,0.2));
#6815 = LINE('',#6816,#6817);
#6816 = CARTESIAN_POINT('',(-0.1,-14.79,0.2));
#6817 = VECTOR('',#6818,1.);
#6818 = DIRECTION('',(1.,-1.110223024625E-16,0.));
#6819 = ORIENTED_EDGE('',*,*,#6820,.T.);
#6820 = EDGE_CURVE('',#6813,#6821,#6823,.T.);
#6821 = VERTEX_POINT('',#6822);
#6822 = CARTESIAN_POINT('',(0.1,-14.94,0.2));
#6823 = LINE('',#6824,#6825);
#6824 = CARTESIAN_POINT('',(0.1,-14.79,0.2));
#6825 = VECTOR('',#6826,1.);
#6826 = DIRECTION('',(-1.110223024625E-16,-1.,0.));
#6827 = ORIENTED_EDGE('',*,*,#6828,.T.);
#6828 = EDGE_CURVE('',#6821,#6829,#6831,.T.);
#6829 = VERTEX_POINT('',#6830);
#6830 = CARTESIAN_POINT('',(0.1,-15.54,0.2));
#6831 = LINE('',#6832,#6833);
#6832 = CARTESIAN_POINT('',(0.1,-12.065,0.2));
#6833 = VECTOR('',#6834,1.);
#6834 = DIRECTION('',(-1.110223024625E-16,-1.,0.));
#6835 = ORIENTED_EDGE('',*,*,#6836,.T.);
#6836 = EDGE_CURVE('',#6829,#6781,#6837,.T.);
#6837 = LINE('',#6838,#6839);
#6838 = CARTESIAN_POINT('',(0.1,-14.79,0.2));
#6839 = VECTOR('',#6840,1.);
#6840 = DIRECTION('',(-1.110223024625E-16,-1.,0.));
#6841 = FACE_BOUND('',#6842,.F.);
#6842 = EDGE_LOOP('',(#6843,#6853,#6861,#6869,#6877,#6885,#6893,#6901));
#6843 = ORIENTED_EDGE('',*,*,#6844,.F.);
#6844 = EDGE_CURVE('',#6845,#6847,#6849,.T.);
#6845 = VERTEX_POINT('',#6846);
#6846 = CARTESIAN_POINT('',(-0.1,-13.15,0.2));
#6847 = VERTEX_POINT('',#6848);
#6848 = CARTESIAN_POINT('',(0.1,-13.15,0.2));
#6849 = LINE('',#6850,#6851);
#6850 = CARTESIAN_POINT('',(-0.1,-13.15,0.2));
#6851 = VECTOR('',#6852,1.);
#6852 = DIRECTION('',(1.,-1.110223024625E-16,0.));
#6853 = ORIENTED_EDGE('',*,*,#6854,.T.);
#6854 = EDGE_CURVE('',#6845,#6855,#6857,.T.);
#6855 = VERTEX_POINT('',#6856);
#6856 = CARTESIAN_POINT('',(-0.1,-13.,0.2));
#6857 = LINE('',#6858,#6859);
#6858 = CARTESIAN_POINT('',(-0.1,-13.15,0.2));
#6859 = VECTOR('',#6860,1.);
#6860 = DIRECTION('',(1.110223024625E-16,1.,0.));
#6861 = ORIENTED_EDGE('',*,*,#6862,.F.);
#6862 = EDGE_CURVE('',#6863,#6855,#6865,.T.);
#6863 = VERTEX_POINT('',#6864);
#6864 = CARTESIAN_POINT('',(-0.1,-12.4,0.2));
#6865 = LINE('',#6866,#6867);
#6866 = CARTESIAN_POINT('',(-0.1,-10.795,0.2));
#6867 = VECTOR('',#6868,1.);
#6868 = DIRECTION('',(-1.110223024625E-16,-1.,0.));
#6869 = ORIENTED_EDGE('',*,*,#6870,.T.);
#6870 = EDGE_CURVE('',#6863,#6871,#6873,.T.);
#6871 = VERTEX_POINT('',#6872);
#6872 = CARTESIAN_POINT('',(-0.1,-12.25,0.2));
#6873 = LINE('',#6874,#6875);
#6874 = CARTESIAN_POINT('',(-0.1,-13.15,0.2));
#6875 = VECTOR('',#6876,1.);
#6876 = DIRECTION('',(1.110223024625E-16,1.,0.));
#6877 = ORIENTED_EDGE('',*,*,#6878,.T.);
#6878 = EDGE_CURVE('',#6871,#6879,#6881,.T.);
#6879 = VERTEX_POINT('',#6880);
#6880 = CARTESIAN_POINT('',(0.1,-12.25,0.2));
#6881 = LINE('',#6882,#6883);
#6882 = CARTESIAN_POINT('',(-0.1,-12.25,0.2));
#6883 = VECTOR('',#6884,1.);
#6884 = DIRECTION('',(1.,-1.110223024625E-16,0.));
#6885 = ORIENTED_EDGE('',*,*,#6886,.T.);
#6886 = EDGE_CURVE('',#6879,#6887,#6889,.T.);
#6887 = VERTEX_POINT('',#6888);
#6888 = CARTESIAN_POINT('',(0.1,-12.4,0.2));
#6889 = LINE('',#6890,#6891);
#6890 = CARTESIAN_POINT('',(0.1,-12.25,0.2));
#6891 = VECTOR('',#6892,1.);
#6892 = DIRECTION('',(-1.110223024625E-16,-1.,0.));
#6893 = ORIENTED_EDGE('',*,*,#6894,.T.);
#6894 = EDGE_CURVE('',#6887,#6895,#6897,.T.);
#6895 = VERTEX_POINT('',#6896);
#6896 = CARTESIAN_POINT('',(0.1,-13.,0.2));
#6897 = LINE('',#6898,#6899);
#6898 = CARTESIAN_POINT('',(0.1,-10.795,0.2));
#6899 = VECTOR('',#6900,1.);
#6900 = DIRECTION('',(-1.110223024625E-16,-1.,0.));
#6901 = ORIENTED_EDGE('',*,*,#6902,.T.);
#6902 = EDGE_CURVE('',#6895,#6847,#6903,.T.);
#6903 = LINE('',#6904,#6905);
#6904 = CARTESIAN_POINT('',(0.1,-12.25,0.2));
#6905 = VECTOR('',#6906,1.);
#6906 = DIRECTION('',(-1.110223024625E-16,-1.,0.));
#6907 = FACE_BOUND('',#6908,.F.);
#6908 = EDGE_LOOP('',(#6909,#6919,#6927,#6935,#6943,#6951,#6959,#6967));
#6909 = ORIENTED_EDGE('',*,*,#6910,.F.);
#6910 = EDGE_CURVE('',#6911,#6913,#6915,.T.);
#6911 = VERTEX_POINT('',#6912);
#6912 = CARTESIAN_POINT('',(-0.1,-10.61,0.2));
#6913 = VERTEX_POINT('',#6914);
#6914 = CARTESIAN_POINT('',(0.1,-10.61,0.2));
#6915 = LINE('',#6916,#6917);
#6916 = CARTESIAN_POINT('',(-0.1,-10.61,0.2));
#6917 = VECTOR('',#6918,1.);
#6918 = DIRECTION('',(1.,-1.110223024625E-16,0.));
#6919 = ORIENTED_EDGE('',*,*,#6920,.T.);
#6920 = EDGE_CURVE('',#6911,#6921,#6923,.T.);
#6921 = VERTEX_POINT('',#6922);
#6922 = CARTESIAN_POINT('',(-0.1,-10.46,0.2));
#6923 = LINE('',#6924,#6925);
#6924 = CARTESIAN_POINT('',(-0.1,-10.61,0.2));
#6925 = VECTOR('',#6926,1.);
#6926 = DIRECTION('',(1.110223024625E-16,1.,0.));
#6927 = ORIENTED_EDGE('',*,*,#6928,.F.);
#6928 = EDGE_CURVE('',#6929,#6921,#6931,.T.);
#6929 = VERTEX_POINT('',#6930);
#6930 = CARTESIAN_POINT('',(-0.1,-9.86,0.2));
#6931 = LINE('',#6932,#6933);
#6932 = CARTESIAN_POINT('',(-0.1,-9.525,0.2));
#6933 = VECTOR('',#6934,1.);
#6934 = DIRECTION('',(-1.110223024625E-16,-1.,0.));
#6935 = ORIENTED_EDGE('',*,*,#6936,.T.);
#6936 = EDGE_CURVE('',#6929,#6937,#6939,.T.);
#6937 = VERTEX_POINT('',#6938);
#6938 = CARTESIAN_POINT('',(-0.1,-9.71,0.2));
#6939 = LINE('',#6940,#6941);
#6940 = CARTESIAN_POINT('',(-0.1,-10.61,0.2));
#6941 = VECTOR('',#6942,1.);
#6942 = DIRECTION('',(1.110223024625E-16,1.,0.));
#6943 = ORIENTED_EDGE('',*,*,#6944,.T.);
#6944 = EDGE_CURVE('',#6937,#6945,#6947,.T.);
#6945 = VERTEX_POINT('',#6946);
#6946 = CARTESIAN_POINT('',(0.1,-9.71,0.2));
#6947 = LINE('',#6948,#6949);
#6948 = CARTESIAN_POINT('',(-0.1,-9.71,0.2));
#6949 = VECTOR('',#6950,1.);
#6950 = DIRECTION('',(1.,-1.110223024625E-16,0.));
#6951 = ORIENTED_EDGE('',*,*,#6952,.T.);
#6952 = EDGE_CURVE('',#6945,#6953,#6955,.T.);
#6953 = VERTEX_POINT('',#6954);
#6954 = CARTESIAN_POINT('',(0.1,-9.86,0.2));
#6955 = LINE('',#6956,#6957);
#6956 = CARTESIAN_POINT('',(0.1,-9.71,0.2));
#6957 = VECTOR('',#6958,1.);
#6958 = DIRECTION('',(-1.110223024625E-16,-1.,0.));
#6959 = ORIENTED_EDGE('',*,*,#6960,.T.);
#6960 = EDGE_CURVE('',#6953,#6961,#6963,.T.);
#6961 = VERTEX_POINT('',#6962);
#6962 = CARTESIAN_POINT('',(0.1,-10.46,0.2));
#6963 = LINE('',#6964,#6965);
#6964 = CARTESIAN_POINT('',(0.1,-9.525,0.2));
#6965 = VECTOR('',#6966,1.);
#6966 = DIRECTION('',(-1.110223024625E-16,-1.,0.));
#6967 = ORIENTED_EDGE('',*,*,#6968,.T.);
#6968 = EDGE_CURVE('',#6961,#6913,#6969,.T.);
#6969 = LINE('',#6970,#6971);
#6970 = CARTESIAN_POINT('',(0.1,-9.71,0.2));
#6971 = VECTOR('',#6972,1.);
#6972 = DIRECTION('',(-1.110223024625E-16,-1.,0.));
#6973 = FACE_BOUND('',#6974,.F.);
#6974 = EDGE_LOOP('',(#6975,#6985,#6993,#7001,#7009,#7017,#7025,#7033));
#6975 = ORIENTED_EDGE('',*,*,#6976,.F.);
#6976 = EDGE_CURVE('',#6977,#6979,#6981,.T.);
#6977 = VERTEX_POINT('',#6978);
#6978 = CARTESIAN_POINT('',(-0.1,-8.07,0.2));
#6979 = VERTEX_POINT('',#6980);
#6980 = CARTESIAN_POINT('',(0.1,-8.07,0.2));
#6981 = LINE('',#6982,#6983);
#6982 = CARTESIAN_POINT('',(-0.1,-8.07,0.2));
#6983 = VECTOR('',#6984,1.);
#6984 = DIRECTION('',(1.,-1.110223024625E-16,0.));
#6985 = ORIENTED_EDGE('',*,*,#6986,.T.);
#6986 = EDGE_CURVE('',#6977,#6987,#6989,.T.);
#6987 = VERTEX_POINT('',#6988);
#6988 = CARTESIAN_POINT('',(-0.1,-7.92,0.2));
#6989 = LINE('',#6990,#6991);
#6990 = CARTESIAN_POINT('',(-0.1,-8.07,0.2));
#6991 = VECTOR('',#6992,1.);
#6992 = DIRECTION('',(1.110223024625E-16,1.,0.));
#6993 = ORIENTED_EDGE('',*,*,#6994,.F.);
#6994 = EDGE_CURVE('',#6995,#6987,#6997,.T.);
#6995 = VERTEX_POINT('',#6996);
#6996 = CARTESIAN_POINT('',(-0.1,-7.32,0.2));
#6997 = LINE('',#6998,#6999);
#6998 = CARTESIAN_POINT('',(-0.1,-8.255,0.2));
#6999 = VECTOR('',#7000,1.);
#7000 = DIRECTION('',(-1.110223024625E-16,-1.,0.));
#7001 = ORIENTED_EDGE('',*,*,#7002,.T.);
#7002 = EDGE_CURVE('',#6995,#7003,#7005,.T.);
#7003 = VERTEX_POINT('',#7004);
#7004 = CARTESIAN_POINT('',(-0.1,-7.17,0.2));
#7005 = LINE('',#7006,#7007);
#7006 = CARTESIAN_POINT('',(-0.1,-8.07,0.2));
#7007 = VECTOR('',#7008,1.);
#7008 = DIRECTION('',(1.110223024625E-16,1.,0.));
#7009 = ORIENTED_EDGE('',*,*,#7010,.T.);
#7010 = EDGE_CURVE('',#7003,#7011,#7013,.T.);
#7011 = VERTEX_POINT('',#7012);
#7012 = CARTESIAN_POINT('',(0.1,-7.17,0.2));
#7013 = LINE('',#7014,#7015);
#7014 = CARTESIAN_POINT('',(-0.1,-7.17,0.2));
#7015 = VECTOR('',#7016,1.);
#7016 = DIRECTION('',(1.,-1.110223024625E-16,0.));
#7017 = ORIENTED_EDGE('',*,*,#7018,.T.);
#7018 = EDGE_CURVE('',#7011,#7019,#7021,.T.);
#7019 = VERTEX_POINT('',#7020);
#7020 = CARTESIAN_POINT('',(0.1,-7.32,0.2));
#7021 = LINE('',#7022,#7023);
#7022 = CARTESIAN_POINT('',(0.1,-7.17,0.2));
#7023 = VECTOR('',#7024,1.);
#7024 = DIRECTION('',(-1.110223024625E-16,-1.,0.));
#7025 = ORIENTED_EDGE('',*,*,#7026,.T.);
#7026 = EDGE_CURVE('',#7019,#7027,#7029,.T.);
#7027 = VERTEX_POINT('',#7028);
#7028 = CARTESIAN_POINT('',(0.1,-7.92,0.2));
#7029 = LINE('',#7030,#7031);
#7030 = CARTESIAN_POINT('',(0.1,-8.255,0.2));
#7031 = VECTOR('',#7032,1.);
#7032 = DIRECTION('',(-1.110223024625E-16,-1.,0.));
#7033 = ORIENTED_EDGE('',*,*,#7034,.T.);
#7034 = EDGE_CURVE('',#7027,#6979,#7035,.T.);
#7035 = LINE('',#7036,#7037);
#7036 = CARTESIAN_POINT('',(0.1,-7.17,0.2));
#7037 = VECTOR('',#7038,1.);
#7038 = DIRECTION('',(-1.110223024625E-16,-1.,0.));
#7039 = FACE_BOUND('',#7040,.F.);
#7040 = EDGE_LOOP('',(#7041,#7051,#7059,#7067,#7075,#7083,#7091,#7099));
#7041 = ORIENTED_EDGE('',*,*,#7042,.F.);
#7042 = EDGE_CURVE('',#7043,#7045,#7047,.T.);
#7043 = VERTEX_POINT('',#7044);
#7044 = CARTESIAN_POINT('',(-0.1,-5.53,0.2));
#7045 = VERTEX_POINT('',#7046);
#7046 = CARTESIAN_POINT('',(0.1,-5.53,0.2));
#7047 = LINE('',#7048,#7049);
#7048 = CARTESIAN_POINT('',(-0.1,-5.53,0.2));
#7049 = VECTOR('',#7050,1.);
#7050 = DIRECTION('',(1.,-1.110223024625E-16,0.));
#7051 = ORIENTED_EDGE('',*,*,#7052,.T.);
#7052 = EDGE_CURVE('',#7043,#7053,#7055,.T.);
#7053 = VERTEX_POINT('',#7054);
#7054 = CARTESIAN_POINT('',(-0.1,-5.38,0.2));
#7055 = LINE('',#7056,#7057);
#7056 = CARTESIAN_POINT('',(-0.1,-5.53,0.2));
#7057 = VECTOR('',#7058,1.);
#7058 = DIRECTION('',(1.110223024625E-16,1.,0.));
#7059 = ORIENTED_EDGE('',*,*,#7060,.F.);
#7060 = EDGE_CURVE('',#7061,#7053,#7063,.T.);
#7061 = VERTEX_POINT('',#7062);
#7062 = CARTESIAN_POINT('',(-0.1,-4.78,0.2));
#7063 = LINE('',#7064,#7065);
#7064 = CARTESIAN_POINT('',(-0.1,-6.985,0.2));
#7065 = VECTOR('',#7066,1.);
#7066 = DIRECTION('',(-1.110223024625E-16,-1.,0.));
#7067 = ORIENTED_EDGE('',*,*,#7068,.T.);
#7068 = EDGE_CURVE('',#7061,#7069,#7071,.T.);
#7069 = VERTEX_POINT('',#7070);
#7070 = CARTESIAN_POINT('',(-0.1,-4.63,0.2));
#7071 = LINE('',#7072,#7073);
#7072 = CARTESIAN_POINT('',(-0.1,-5.53,0.2));
#7073 = VECTOR('',#7074,1.);
#7074 = DIRECTION('',(1.110223024625E-16,1.,0.));
#7075 = ORIENTED_EDGE('',*,*,#7076,.T.);
#7076 = EDGE_CURVE('',#7069,#7077,#7079,.T.);
#7077 = VERTEX_POINT('',#7078);
#7078 = CARTESIAN_POINT('',(0.1,-4.63,0.2));
#7079 = LINE('',#7080,#7081);
#7080 = CARTESIAN_POINT('',(-0.1,-4.63,0.2));
#7081 = VECTOR('',#7082,1.);
#7082 = DIRECTION('',(1.,-1.110223024625E-16,0.));
#7083 = ORIENTED_EDGE('',*,*,#7084,.T.);
#7084 = EDGE_CURVE('',#7077,#7085,#7087,.T.);
#7085 = VERTEX_POINT('',#7086);
#7086 = CARTESIAN_POINT('',(0.1,-4.78,0.2));
#7087 = LINE('',#7088,#7089);
#7088 = CARTESIAN_POINT('',(0.1,-4.63,0.2));
#7089 = VECTOR('',#7090,1.);
#7090 = DIRECTION('',(-1.110223024625E-16,-1.,0.));
#7091 = ORIENTED_EDGE('',*,*,#7092,.T.);
#7092 = EDGE_CURVE('',#7085,#7093,#7095,.T.);
#7093 = VERTEX_POINT('',#7094);
#7094 = CARTESIAN_POINT('',(0.1,-5.38,0.2));
#7095 = LINE('',#7096,#7097);
#7096 = CARTESIAN_POINT('',(0.1,-6.985,0.2));
#7097 = VECTOR('',#7098,1.);
#7098 = DIRECTION('',(-1.110223024625E-16,-1.,0.));
#7099 = ORIENTED_EDGE('',*,*,#7100,.T.);
#7100 = EDGE_CURVE('',#7093,#7045,#7101,.T.);
#7101 = LINE('',#7102,#7103);
#7102 = CARTESIAN_POINT('',(0.1,-4.63,0.2));
#7103 = VECTOR('',#7104,1.);
#7104 = DIRECTION('',(-1.110223024625E-16,-1.,0.));
#7105 = FACE_BOUND('',#7106,.F.);
#7106 = EDGE_LOOP('',(#7107,#7117,#7125,#7133,#7141,#7149,#7157,#7165));
#7107 = ORIENTED_EDGE('',*,*,#7108,.F.);
#7108 = EDGE_CURVE('',#7109,#7111,#7113,.T.);
#7109 = VERTEX_POINT('',#7110);
#7110 = CARTESIAN_POINT('',(-0.1,-2.99,0.2));
#7111 = VERTEX_POINT('',#7112);
#7112 = CARTESIAN_POINT('',(0.1,-2.99,0.2));
#7113 = LINE('',#7114,#7115);
#7114 = CARTESIAN_POINT('',(-0.1,-2.99,0.2));
#7115 = VECTOR('',#7116,1.);
#7116 = DIRECTION('',(1.,-1.110223024625E-16,0.));
#7117 = ORIENTED_EDGE('',*,*,#7118,.T.);
#7118 = EDGE_CURVE('',#7109,#7119,#7121,.T.);
#7119 = VERTEX_POINT('',#7120);
#7120 = CARTESIAN_POINT('',(-0.1,-2.84,0.2));
#7121 = LINE('',#7122,#7123);
#7122 = CARTESIAN_POINT('',(-0.1,-2.99,0.2));
#7123 = VECTOR('',#7124,1.);
#7124 = DIRECTION('',(1.110223024625E-16,1.,0.));
#7125 = ORIENTED_EDGE('',*,*,#7126,.F.);
#7126 = EDGE_CURVE('',#7127,#7119,#7129,.T.);
#7127 = VERTEX_POINT('',#7128);
#7128 = CARTESIAN_POINT('',(-0.1,-2.24,0.2));
#7129 = LINE('',#7130,#7131);
#7130 = CARTESIAN_POINT('',(-0.1,-5.715,0.2));
#7131 = VECTOR('',#7132,1.);
#7132 = DIRECTION('',(-1.110223024625E-16,-1.,0.));
#7133 = ORIENTED_EDGE('',*,*,#7134,.T.);
#7134 = EDGE_CURVE('',#7127,#7135,#7137,.T.);
#7135 = VERTEX_POINT('',#7136);
#7136 = CARTESIAN_POINT('',(-0.1,-2.09,0.2));
#7137 = LINE('',#7138,#7139);
#7138 = CARTESIAN_POINT('',(-0.1,-2.99,0.2));
#7139 = VECTOR('',#7140,1.);
#7140 = DIRECTION('',(1.110223024625E-16,1.,0.));
#7141 = ORIENTED_EDGE('',*,*,#7142,.T.);
#7142 = EDGE_CURVE('',#7135,#7143,#7145,.T.);
#7143 = VERTEX_POINT('',#7144);
#7144 = CARTESIAN_POINT('',(0.1,-2.09,0.2));
#7145 = LINE('',#7146,#7147);
#7146 = CARTESIAN_POINT('',(-0.1,-2.09,0.2));
#7147 = VECTOR('',#7148,1.);
#7148 = DIRECTION('',(1.,-1.110223024625E-16,0.));
#7149 = ORIENTED_EDGE('',*,*,#7150,.T.);
#7150 = EDGE_CURVE('',#7143,#7151,#7153,.T.);
#7151 = VERTEX_POINT('',#7152);
#7152 = CARTESIAN_POINT('',(0.1,-2.24,0.2));
#7153 = LINE('',#7154,#7155);
#7154 = CARTESIAN_POINT('',(0.1,-2.09,0.2));
#7155 = VECTOR('',#7156,1.);
#7156 = DIRECTION('',(-1.110223024625E-16,-1.,0.));
#7157 = ORIENTED_EDGE('',*,*,#7158,.T.);
#7158 = EDGE_CURVE('',#7151,#7159,#7161,.T.);
#7159 = VERTEX_POINT('',#7160);
#7160 = CARTESIAN_POINT('',(0.1,-2.84,0.2));
#7161 = LINE('',#7162,#7163);
#7162 = CARTESIAN_POINT('',(0.1,-5.715,0.2));
#7163 = VECTOR('',#7164,1.);
#7164 = DIRECTION('',(-1.110223024625E-16,-1.,0.));
#7165 = ORIENTED_EDGE('',*,*,#7166,.T.);
#7166 = EDGE_CURVE('',#7159,#7111,#7167,.T.);
#7167 = LINE('',#7168,#7169);
#7168 = CARTESIAN_POINT('',(0.1,-2.09,0.2));
#7169 = VECTOR('',#7170,1.);
#7170 = DIRECTION('',(-1.110223024625E-16,-1.,0.));
#7171 = FACE_BOUND('',#7172,.F.);
#7172 = EDGE_LOOP('',(#7173,#7183,#7191,#7199,#7207,#7215,#7223,#7231));
#7173 = ORIENTED_EDGE('',*,*,#7174,.F.);
#7174 = EDGE_CURVE('',#7175,#7177,#7179,.T.);
#7175 = VERTEX_POINT('',#7176);
#7176 = CARTESIAN_POINT('',(-0.1,-0.45,0.2));
#7177 = VERTEX_POINT('',#7178);
#7178 = CARTESIAN_POINT('',(0.1,-0.45,0.2));
#7179 = LINE('',#7180,#7181);
#7180 = CARTESIAN_POINT('',(-0.1,-0.45,0.2));
#7181 = VECTOR('',#7182,1.);
#7182 = DIRECTION('',(1.,-1.110223024625E-16,0.));
#7183 = ORIENTED_EDGE('',*,*,#7184,.T.);
#7184 = EDGE_CURVE('',#7175,#7185,#7187,.T.);
#7185 = VERTEX_POINT('',#7186);
#7186 = CARTESIAN_POINT('',(-0.1,-0.3,0.2));
#7187 = LINE('',#7188,#7189);
#7188 = CARTESIAN_POINT('',(-0.1,-0.45,0.2));
#7189 = VECTOR('',#7190,1.);
#7190 = DIRECTION('',(1.110223024625E-16,1.,0.));
#7191 = ORIENTED_EDGE('',*,*,#7192,.F.);
#7192 = EDGE_CURVE('',#7193,#7185,#7195,.T.);
#7193 = VERTEX_POINT('',#7194);
#7194 = CARTESIAN_POINT('',(-0.1,0.3,0.2));
#7195 = LINE('',#7196,#7197);
#7196 = CARTESIAN_POINT('',(-0.1,-4.445,0.2));
#7197 = VECTOR('',#7198,1.);
#7198 = DIRECTION('',(-1.110223024625E-16,-1.,0.));
#7199 = ORIENTED_EDGE('',*,*,#7200,.T.);
#7200 = EDGE_CURVE('',#7193,#7201,#7203,.T.);
#7201 = VERTEX_POINT('',#7202);
#7202 = CARTESIAN_POINT('',(-0.1,0.45,0.2));
#7203 = LINE('',#7204,#7205);
#7204 = CARTESIAN_POINT('',(-0.1,-0.45,0.2));
#7205 = VECTOR('',#7206,1.);
#7206 = DIRECTION('',(1.110223024625E-16,1.,0.));
#7207 = ORIENTED_EDGE('',*,*,#7208,.T.);
#7208 = EDGE_CURVE('',#7201,#7209,#7211,.T.);
#7209 = VERTEX_POINT('',#7210);
#7210 = CARTESIAN_POINT('',(0.1,0.45,0.2));
#7211 = LINE('',#7212,#7213);
#7212 = CARTESIAN_POINT('',(-0.1,0.45,0.2));
#7213 = VECTOR('',#7214,1.);
#7214 = DIRECTION('',(1.,-1.110223024625E-16,0.));
#7215 = ORIENTED_EDGE('',*,*,#7216,.T.);
#7216 = EDGE_CURVE('',#7209,#7217,#7219,.T.);
#7217 = VERTEX_POINT('',#7218);
#7218 = CARTESIAN_POINT('',(0.1,0.3,0.2));
#7219 = LINE('',#7220,#7221);
#7220 = CARTESIAN_POINT('',(0.1,0.45,0.2));
#7221 = VECTOR('',#7222,1.);
#7222 = DIRECTION('',(-1.110223024625E-16,-1.,0.));
#7223 = ORIENTED_EDGE('',*,*,#7224,.T.);
#7224 = EDGE_CURVE('',#7217,#7225,#7227,.T.);
#7225 = VERTEX_POINT('',#7226);
#7226 = CARTESIAN_POINT('',(0.1,-0.3,0.2));
#7227 = LINE('',#7228,#7229);
#7228 = CARTESIAN_POINT('',(0.1,-4.445,0.2));
#7229 = VECTOR('',#7230,1.);
#7230 = DIRECTION('',(-1.110223024625E-16,-1.,0.));
#7231 = ORIENTED_EDGE('',*,*,#7232,.T.);
#7232 = EDGE_CURVE('',#7225,#7177,#7233,.T.);
#7233 = LINE('',#7234,#7235);
#7234 = CARTESIAN_POINT('',(0.1,0.45,0.2));
#7235 = VECTOR('',#7236,1.);
#7236 = DIRECTION('',(-1.110223024625E-16,-1.,0.));
#7237 = PLANE('',#7238);
#7238 = AXIS2_PLACEMENT_3D('',#7239,#7240,#7241);
#7239 = CARTESIAN_POINT('',(-9.592326932761E-16,-8.89,0.2));
#7240 = DIRECTION('',(0.,0.,1.));
#7241 = DIRECTION('',(1.110223024625E-16,1.,-0.));
#7242 = ADVANCED_FACE('',(#7243),#7249,.T.);
#7243 = FACE_BOUND('',#7244,.T.);
#7244 = EDGE_LOOP('',(#7245,#7246,#7247,#7248));
#7245 = ORIENTED_EDGE('',*,*,#6263,.T.);
#7246 = ORIENTED_EDGE('',*,*,#6701,.T.);
#7247 = ORIENTED_EDGE('',*,*,#6342,.F.);
#7248 = ORIENTED_EDGE('',*,*,#6359,.F.);
#7249 = PLANE('',#7250);
#7250 = AXIS2_PLACEMENT_3D('',#7251,#7252,#7253);
#7251 = CARTESIAN_POINT('',(0.846666666667,-19.05,0.));
#7252 = DIRECTION('',(-1.,1.110223024625E-16,0.));
#7253 = DIRECTION('',(1.110223024625E-16,1.,0.));
#7254 = ADVANCED_FACE('',(#7255),#7261,.F.);
#7255 = FACE_BOUND('',#7256,.F.);
#7256 = EDGE_LOOP('',(#7257,#7258,#7259,#7260));
#7257 = ORIENTED_EDGE('',*,*,#6310,.T.);
#7258 = ORIENTED_EDGE('',*,*,#6375,.T.);
#7259 = ORIENTED_EDGE('',*,*,#6240,.F.);
#7260 = ORIENTED_EDGE('',*,*,#6670,.F.);
#7261 = PLANE('',#7262);
#7262 = AXIS2_PLACEMENT_3D('',#7263,#7264,#7265);
#7263 = CARTESIAN_POINT('',(-1.27,1.27,0.));
#7264 = DIRECTION('',(1.,-1.110223024625E-16,0.));
#7265 = DIRECTION('',(-1.110223024625E-16,-1.,0.));
#7266 = ADVANCED_FACE('',(#7267),#7292,.T.);
#7267 = FACE_BOUND('',#7268,.T.);
#7268 = EDGE_LOOP('',(#7269,#7277,#7278,#7286));
#7269 = ORIENTED_EDGE('',*,*,#7270,.F.);
#7270 = EDGE_CURVE('',#6385,#7271,#7273,.T.);
#7271 = VERTEX_POINT('',#7272);
#7272 = CARTESIAN_POINT('',(0.3,-18.08,8.2));
#7273 = LINE('',#7274,#7275);
#7274 = CARTESIAN_POINT('',(0.3,-18.08,8.2));
#7275 = VECTOR('',#7276,1.);
#7276 = DIRECTION('',(-0.57735026919,0.57735026919,-0.57735026919));
#7277 = ORIENTED_EDGE('',*,*,#6384,.T.);
#7278 = ORIENTED_EDGE('',*,*,#7279,.T.);
#7279 = EDGE_CURVE('',#6387,#7280,#7282,.T.);
#7280 = VERTEX_POINT('',#7281);
#7281 = CARTESIAN_POINT('',(0.3,-17.48,8.2));
#7282 = LINE('',#7283,#7284);
#7283 = CARTESIAN_POINT('',(0.3,-17.48,8.2));
#7284 = VECTOR('',#7285,1.);
#7285 = DIRECTION('',(-0.57735026919,-0.57735026919,-0.57735026919));
#7286 = ORIENTED_EDGE('',*,*,#7287,.F.);
#7287 = EDGE_CURVE('',#7271,#7280,#7288,.T.);
#7288 = LINE('',#7289,#7290);
#7289 = CARTESIAN_POINT('',(0.3,-18.38,8.2));
#7290 = VECTOR('',#7291,1.);
#7291 = DIRECTION('',(1.110223024625E-16,1.,0.));
#7292 = PLANE('',#7293);
#7293 = AXIS2_PLACEMENT_3D('',#7294,#7295,#7296);
#7294 = CARTESIAN_POINT('',(0.45,-18.38,8.35));
#7295 = DIRECTION('',(-0.707106781187,7.850462293414E-17,0.707106781187)
  );
#7296 = DIRECTION('',(1.110223024625E-16,1.,2.680278185005E-29));
#7297 = ADVANCED_FACE('',(#7298),#7316,.T.);
#7298 = FACE_BOUND('',#7299,.T.);
#7299 = EDGE_LOOP('',(#7300,#7301,#7302,#7310));
#7300 = ORIENTED_EDGE('',*,*,#7279,.F.);
#7301 = ORIENTED_EDGE('',*,*,#6410,.T.);
#7302 = ORIENTED_EDGE('',*,*,#7303,.T.);
#7303 = EDGE_CURVE('',#6403,#7304,#7306,.T.);
#7304 = VERTEX_POINT('',#7305);
#7305 = CARTESIAN_POINT('',(-0.3,-17.48,8.2));
#7306 = LINE('',#7307,#7308);
#7307 = CARTESIAN_POINT('',(-0.3,-17.48,8.2));
#7308 = VECTOR('',#7309,1.);
#7309 = DIRECTION('',(0.57735026919,-0.57735026919,-0.57735026919));
#7310 = ORIENTED_EDGE('',*,*,#7311,.F.);
#7311 = EDGE_CURVE('',#7280,#7304,#7312,.T.);
#7312 = LINE('',#7313,#7314);
#7313 = CARTESIAN_POINT('',(0.6,-17.48,8.2));
#7314 = VECTOR('',#7315,1.);
#7315 = DIRECTION('',(-1.,1.110223024625E-16,0.));
#7316 = PLANE('',#7317);
#7317 = AXIS2_PLACEMENT_3D('',#7318,#7319,#7320);
#7318 = CARTESIAN_POINT('',(0.6,-17.33,8.35));
#7319 = DIRECTION('',(-7.850462293414E-17,-0.707106781187,0.707106781187
    ));
#7320 = DIRECTION('',(-1.,1.110223024625E-16,2.680278185005E-29));
#7321 = ADVANCED_FACE('',(#7322),#7340,.T.);
#7322 = FACE_BOUND('',#7323,.T.);
#7323 = EDGE_LOOP('',(#7324,#7325,#7326,#7334));
#7324 = ORIENTED_EDGE('',*,*,#7303,.F.);
#7325 = ORIENTED_EDGE('',*,*,#6402,.T.);
#7326 = ORIENTED_EDGE('',*,*,#7327,.T.);
#7327 = EDGE_CURVE('',#6395,#7328,#7330,.T.);
#7328 = VERTEX_POINT('',#7329);
#7329 = CARTESIAN_POINT('',(-0.3,-18.08,8.2));
#7330 = LINE('',#7331,#7332);
#7331 = CARTESIAN_POINT('',(-0.3,-18.08,8.2));
#7332 = VECTOR('',#7333,1.);
#7333 = DIRECTION('',(0.57735026919,0.57735026919,-0.57735026919));
#7334 = ORIENTED_EDGE('',*,*,#7335,.F.);
#7335 = EDGE_CURVE('',#7304,#7328,#7336,.T.);
#7336 = LINE('',#7337,#7338);
#7337 = CARTESIAN_POINT('',(-0.3,-17.18,8.2));
#7338 = VECTOR('',#7339,1.);
#7339 = DIRECTION('',(-1.110223024625E-16,-1.,0.));
#7340 = PLANE('',#7341);
#7341 = AXIS2_PLACEMENT_3D('',#7342,#7343,#7344);
#7342 = CARTESIAN_POINT('',(-0.45,-17.18,8.35));
#7343 = DIRECTION('',(0.707106781187,-7.850462293414E-17,0.707106781187)
  );
#7344 = DIRECTION('',(-1.110223024625E-16,-1.,2.680278185005E-29));
#7345 = ADVANCED_FACE('',(#7346),#7357,.T.);
#7346 = FACE_BOUND('',#7347,.T.);
#7347 = EDGE_LOOP('',(#7348,#7349,#7350,#7351));
#7348 = ORIENTED_EDGE('',*,*,#7327,.F.);
#7349 = ORIENTED_EDGE('',*,*,#6394,.T.);
#7350 = ORIENTED_EDGE('',*,*,#7270,.T.);
#7351 = ORIENTED_EDGE('',*,*,#7352,.F.);
#7352 = EDGE_CURVE('',#7328,#7271,#7353,.T.);
#7353 = LINE('',#7354,#7355);
#7354 = CARTESIAN_POINT('',(-0.6,-18.08,8.2));
#7355 = VECTOR('',#7356,1.);
#7356 = DIRECTION('',(1.,-1.110223024625E-16,0.));
#7357 = PLANE('',#7358);
#7358 = AXIS2_PLACEMENT_3D('',#7359,#7360,#7361);
#7359 = CARTESIAN_POINT('',(-0.6,-18.23,8.35));
#7360 = DIRECTION('',(7.850462293414E-17,0.707106781187,0.707106781187)
  );
#7361 = DIRECTION('',(1.,-1.110223024625E-16,2.680278185005E-29));
#7362 = ADVANCED_FACE('',(#7363),#7388,.T.);
#7363 = FACE_BOUND('',#7364,.T.);
#7364 = EDGE_LOOP('',(#7365,#7373,#7374,#7382));
#7365 = ORIENTED_EDGE('',*,*,#7366,.F.);
#7366 = EDGE_CURVE('',#6419,#7367,#7369,.T.);
#7367 = VERTEX_POINT('',#7368);
#7368 = CARTESIAN_POINT('',(0.3,-15.54,8.2));
#7369 = LINE('',#7370,#7371);
#7370 = CARTESIAN_POINT('',(0.3,-15.54,8.2));
#7371 = VECTOR('',#7372,1.);
#7372 = DIRECTION('',(-0.57735026919,0.57735026919,-0.57735026919));
#7373 = ORIENTED_EDGE('',*,*,#6418,.T.);
#7374 = ORIENTED_EDGE('',*,*,#7375,.T.);
#7375 = EDGE_CURVE('',#6421,#7376,#7378,.T.);
#7376 = VERTEX_POINT('',#7377);
#7377 = CARTESIAN_POINT('',(0.3,-14.94,8.2));
#7378 = LINE('',#7379,#7380);
#7379 = CARTESIAN_POINT('',(0.3,-14.94,8.2));
#7380 = VECTOR('',#7381,1.);
#7381 = DIRECTION('',(-0.57735026919,-0.57735026919,-0.57735026919));
#7382 = ORIENTED_EDGE('',*,*,#7383,.F.);
#7383 = EDGE_CURVE('',#7367,#7376,#7384,.T.);
#7384 = LINE('',#7385,#7386);
#7385 = CARTESIAN_POINT('',(0.3,-15.84,8.2));
#7386 = VECTOR('',#7387,1.);
#7387 = DIRECTION('',(1.110223024625E-16,1.,0.));
#7388 = PLANE('',#7389);
#7389 = AXIS2_PLACEMENT_3D('',#7390,#7391,#7392);
#7390 = CARTESIAN_POINT('',(0.45,-15.84,8.35));
#7391 = DIRECTION('',(-0.707106781187,7.850462293414E-17,0.707106781187)
  );
#7392 = DIRECTION('',(1.110223024625E-16,1.,2.680278185005E-29));
#7393 = ADVANCED_FACE('',(#7394),#7412,.T.);
#7394 = FACE_BOUND('',#7395,.T.);
#7395 = EDGE_LOOP('',(#7396,#7397,#7398,#7406));
#7396 = ORIENTED_EDGE('',*,*,#7375,.F.);
#7397 = ORIENTED_EDGE('',*,*,#6444,.T.);
#7398 = ORIENTED_EDGE('',*,*,#7399,.T.);
#7399 = EDGE_CURVE('',#6437,#7400,#7402,.T.);
#7400 = VERTEX_POINT('',#7401);
#7401 = CARTESIAN_POINT('',(-0.3,-14.94,8.2));
#7402 = LINE('',#7403,#7404);
#7403 = CARTESIAN_POINT('',(-0.3,-14.94,8.2));
#7404 = VECTOR('',#7405,1.);
#7405 = DIRECTION('',(0.57735026919,-0.57735026919,-0.57735026919));
#7406 = ORIENTED_EDGE('',*,*,#7407,.F.);
#7407 = EDGE_CURVE('',#7376,#7400,#7408,.T.);
#7408 = LINE('',#7409,#7410);
#7409 = CARTESIAN_POINT('',(0.6,-14.94,8.2));
#7410 = VECTOR('',#7411,1.);
#7411 = DIRECTION('',(-1.,1.110223024625E-16,0.));
#7412 = PLANE('',#7413);
#7413 = AXIS2_PLACEMENT_3D('',#7414,#7415,#7416);
#7414 = CARTESIAN_POINT('',(0.6,-14.79,8.35));
#7415 = DIRECTION('',(-7.850462293414E-17,-0.707106781187,0.707106781187
    ));
#7416 = DIRECTION('',(-1.,1.110223024625E-16,2.680278185005E-29));
#7417 = ADVANCED_FACE('',(#7418),#7436,.T.);
#7418 = FACE_BOUND('',#7419,.T.);
#7419 = EDGE_LOOP('',(#7420,#7421,#7422,#7430));
#7420 = ORIENTED_EDGE('',*,*,#7399,.F.);
#7421 = ORIENTED_EDGE('',*,*,#6436,.T.);
#7422 = ORIENTED_EDGE('',*,*,#7423,.T.);
#7423 = EDGE_CURVE('',#6429,#7424,#7426,.T.);
#7424 = VERTEX_POINT('',#7425);
#7425 = CARTESIAN_POINT('',(-0.3,-15.54,8.2));
#7426 = LINE('',#7427,#7428);
#7427 = CARTESIAN_POINT('',(-0.3,-15.54,8.2));
#7428 = VECTOR('',#7429,1.);
#7429 = DIRECTION('',(0.57735026919,0.57735026919,-0.57735026919));
#7430 = ORIENTED_EDGE('',*,*,#7431,.F.);
#7431 = EDGE_CURVE('',#7400,#7424,#7432,.T.);
#7432 = LINE('',#7433,#7434);
#7433 = CARTESIAN_POINT('',(-0.3,-14.64,8.2));
#7434 = VECTOR('',#7435,1.);
#7435 = DIRECTION('',(-1.110223024625E-16,-1.,0.));
#7436 = PLANE('',#7437);
#7437 = AXIS2_PLACEMENT_3D('',#7438,#7439,#7440);
#7438 = CARTESIAN_POINT('',(-0.45,-14.64,8.35));
#7439 = DIRECTION('',(0.707106781187,-7.850462293414E-17,0.707106781187)
  );
#7440 = DIRECTION('',(-1.110223024625E-16,-1.,2.680278185005E-29));
#7441 = ADVANCED_FACE('',(#7442),#7453,.T.);
#7442 = FACE_BOUND('',#7443,.T.);
#7443 = EDGE_LOOP('',(#7444,#7445,#7446,#7447));
#7444 = ORIENTED_EDGE('',*,*,#7423,.F.);
#7445 = ORIENTED_EDGE('',*,*,#6428,.T.);
#7446 = ORIENTED_EDGE('',*,*,#7366,.T.);
#7447 = ORIENTED_EDGE('',*,*,#7448,.F.);
#7448 = EDGE_CURVE('',#7424,#7367,#7449,.T.);
#7449 = LINE('',#7450,#7451);
#7450 = CARTESIAN_POINT('',(-0.6,-15.54,8.2));
#7451 = VECTOR('',#7452,1.);
#7452 = DIRECTION('',(1.,-1.110223024625E-16,0.));
#7453 = PLANE('',#7454);
#7454 = AXIS2_PLACEMENT_3D('',#7455,#7456,#7457);
#7455 = CARTESIAN_POINT('',(-0.6,-15.69,8.35));
#7456 = DIRECTION('',(7.850462293414E-17,0.707106781187,0.707106781187)
  );
#7457 = DIRECTION('',(1.,-1.110223024625E-16,2.680278185005E-29));
#7458 = ADVANCED_FACE('',(#7459),#7484,.T.);
#7459 = FACE_BOUND('',#7460,.T.);
#7460 = EDGE_LOOP('',(#7461,#7469,#7470,#7478));
#7461 = ORIENTED_EDGE('',*,*,#7462,.F.);
#7462 = EDGE_CURVE('',#6453,#7463,#7465,.T.);
#7463 = VERTEX_POINT('',#7464);
#7464 = CARTESIAN_POINT('',(0.3,-13.,8.2));
#7465 = LINE('',#7466,#7467);
#7466 = CARTESIAN_POINT('',(0.3,-13.,8.2));
#7467 = VECTOR('',#7468,1.);
#7468 = DIRECTION('',(-0.57735026919,0.57735026919,-0.57735026919));
#7469 = ORIENTED_EDGE('',*,*,#6452,.T.);
#7470 = ORIENTED_EDGE('',*,*,#7471,.T.);
#7471 = EDGE_CURVE('',#6455,#7472,#7474,.T.);
#7472 = VERTEX_POINT('',#7473);
#7473 = CARTESIAN_POINT('',(0.3,-12.4,8.2));
#7474 = LINE('',#7475,#7476);
#7475 = CARTESIAN_POINT('',(0.3,-12.4,8.2));
#7476 = VECTOR('',#7477,1.);
#7477 = DIRECTION('',(-0.57735026919,-0.57735026919,-0.57735026919));
#7478 = ORIENTED_EDGE('',*,*,#7479,.F.);
#7479 = EDGE_CURVE('',#7463,#7472,#7480,.T.);
#7480 = LINE('',#7481,#7482);
#7481 = CARTESIAN_POINT('',(0.3,-13.3,8.2));
#7482 = VECTOR('',#7483,1.);
#7483 = DIRECTION('',(1.110223024625E-16,1.,0.));
#7484 = PLANE('',#7485);
#7485 = AXIS2_PLACEMENT_3D('',#7486,#7487,#7488);
#7486 = CARTESIAN_POINT('',(0.45,-13.3,8.35));
#7487 = DIRECTION('',(-0.707106781187,7.850462293414E-17,0.707106781187)
  );
#7488 = DIRECTION('',(1.110223024625E-16,1.,2.680278185005E-29));
#7489 = ADVANCED_FACE('',(#7490),#7508,.T.);
#7490 = FACE_BOUND('',#7491,.T.);
#7491 = EDGE_LOOP('',(#7492,#7493,#7494,#7502));
#7492 = ORIENTED_EDGE('',*,*,#7471,.F.);
#7493 = ORIENTED_EDGE('',*,*,#6478,.T.);
#7494 = ORIENTED_EDGE('',*,*,#7495,.T.);
#7495 = EDGE_CURVE('',#6471,#7496,#7498,.T.);
#7496 = VERTEX_POINT('',#7497);
#7497 = CARTESIAN_POINT('',(-0.3,-12.4,8.2));
#7498 = LINE('',#7499,#7500);
#7499 = CARTESIAN_POINT('',(-0.3,-12.4,8.2));
#7500 = VECTOR('',#7501,1.);
#7501 = DIRECTION('',(0.57735026919,-0.57735026919,-0.57735026919));
#7502 = ORIENTED_EDGE('',*,*,#7503,.F.);
#7503 = EDGE_CURVE('',#7472,#7496,#7504,.T.);
#7504 = LINE('',#7505,#7506);
#7505 = CARTESIAN_POINT('',(0.6,-12.4,8.2));
#7506 = VECTOR('',#7507,1.);
#7507 = DIRECTION('',(-1.,1.110223024625E-16,0.));
#7508 = PLANE('',#7509);
#7509 = AXIS2_PLACEMENT_3D('',#7510,#7511,#7512);
#7510 = CARTESIAN_POINT('',(0.6,-12.25,8.35));
#7511 = DIRECTION('',(-7.850462293414E-17,-0.707106781187,0.707106781187
    ));
#7512 = DIRECTION('',(-1.,1.110223024625E-16,2.680278185005E-29));
#7513 = ADVANCED_FACE('',(#7514),#7532,.T.);
#7514 = FACE_BOUND('',#7515,.T.);
#7515 = EDGE_LOOP('',(#7516,#7517,#7518,#7526));
#7516 = ORIENTED_EDGE('',*,*,#7495,.F.);
#7517 = ORIENTED_EDGE('',*,*,#6470,.T.);
#7518 = ORIENTED_EDGE('',*,*,#7519,.T.);
#7519 = EDGE_CURVE('',#6463,#7520,#7522,.T.);
#7520 = VERTEX_POINT('',#7521);
#7521 = CARTESIAN_POINT('',(-0.3,-13.,8.2));
#7522 = LINE('',#7523,#7524);
#7523 = CARTESIAN_POINT('',(-0.3,-13.,8.2));
#7524 = VECTOR('',#7525,1.);
#7525 = DIRECTION('',(0.57735026919,0.57735026919,-0.57735026919));
#7526 = ORIENTED_EDGE('',*,*,#7527,.F.);
#7527 = EDGE_CURVE('',#7496,#7520,#7528,.T.);
#7528 = LINE('',#7529,#7530);
#7529 = CARTESIAN_POINT('',(-0.3,-12.1,8.2));
#7530 = VECTOR('',#7531,1.);
#7531 = DIRECTION('',(-1.110223024625E-16,-1.,0.));
#7532 = PLANE('',#7533);
#7533 = AXIS2_PLACEMENT_3D('',#7534,#7535,#7536);
#7534 = CARTESIAN_POINT('',(-0.45,-12.1,8.35));
#7535 = DIRECTION('',(0.707106781187,-7.850462293414E-17,0.707106781187)
  );
#7536 = DIRECTION('',(-1.110223024625E-16,-1.,2.680278185005E-29));
#7537 = ADVANCED_FACE('',(#7538),#7549,.T.);
#7538 = FACE_BOUND('',#7539,.T.);
#7539 = EDGE_LOOP('',(#7540,#7541,#7542,#7543));
#7540 = ORIENTED_EDGE('',*,*,#7519,.F.);
#7541 = ORIENTED_EDGE('',*,*,#6462,.T.);
#7542 = ORIENTED_EDGE('',*,*,#7462,.T.);
#7543 = ORIENTED_EDGE('',*,*,#7544,.F.);
#7544 = EDGE_CURVE('',#7520,#7463,#7545,.T.);
#7545 = LINE('',#7546,#7547);
#7546 = CARTESIAN_POINT('',(-0.6,-13.,8.2));
#7547 = VECTOR('',#7548,1.);
#7548 = DIRECTION('',(1.,-1.110223024625E-16,0.));
#7549 = PLANE('',#7550);
#7550 = AXIS2_PLACEMENT_3D('',#7551,#7552,#7553);
#7551 = CARTESIAN_POINT('',(-0.6,-13.15,8.35));
#7552 = DIRECTION('',(7.850462293414E-17,0.707106781187,0.707106781187)
  );
#7553 = DIRECTION('',(1.,-1.110223024625E-16,2.680278185005E-29));
#7554 = ADVANCED_FACE('',(#7555),#7580,.T.);
#7555 = FACE_BOUND('',#7556,.T.);
#7556 = EDGE_LOOP('',(#7557,#7565,#7566,#7574));
#7557 = ORIENTED_EDGE('',*,*,#7558,.F.);
#7558 = EDGE_CURVE('',#6487,#7559,#7561,.T.);
#7559 = VERTEX_POINT('',#7560);
#7560 = CARTESIAN_POINT('',(0.3,-10.46,8.2));
#7561 = LINE('',#7562,#7563);
#7562 = CARTESIAN_POINT('',(0.3,-10.46,8.2));
#7563 = VECTOR('',#7564,1.);
#7564 = DIRECTION('',(-0.57735026919,0.57735026919,-0.57735026919));
#7565 = ORIENTED_EDGE('',*,*,#6486,.T.);
#7566 = ORIENTED_EDGE('',*,*,#7567,.T.);
#7567 = EDGE_CURVE('',#6489,#7568,#7570,.T.);
#7568 = VERTEX_POINT('',#7569);
#7569 = CARTESIAN_POINT('',(0.3,-9.86,8.2));
#7570 = LINE('',#7571,#7572);
#7571 = CARTESIAN_POINT('',(0.3,-9.86,8.2));
#7572 = VECTOR('',#7573,1.);
#7573 = DIRECTION('',(-0.57735026919,-0.57735026919,-0.57735026919));
#7574 = ORIENTED_EDGE('',*,*,#7575,.F.);
#7575 = EDGE_CURVE('',#7559,#7568,#7576,.T.);
#7576 = LINE('',#7577,#7578);
#7577 = CARTESIAN_POINT('',(0.3,-10.76,8.2));
#7578 = VECTOR('',#7579,1.);
#7579 = DIRECTION('',(1.110223024625E-16,1.,0.));
#7580 = PLANE('',#7581);
#7581 = AXIS2_PLACEMENT_3D('',#7582,#7583,#7584);
#7582 = CARTESIAN_POINT('',(0.45,-10.76,8.35));
#7583 = DIRECTION('',(-0.707106781187,7.850462293414E-17,0.707106781187)
  );
#7584 = DIRECTION('',(1.110223024625E-16,1.,2.680278185005E-29));
#7585 = ADVANCED_FACE('',(#7586),#7604,.T.);
#7586 = FACE_BOUND('',#7587,.T.);
#7587 = EDGE_LOOP('',(#7588,#7589,#7590,#7598));
#7588 = ORIENTED_EDGE('',*,*,#7567,.F.);
#7589 = ORIENTED_EDGE('',*,*,#6512,.T.);
#7590 = ORIENTED_EDGE('',*,*,#7591,.T.);
#7591 = EDGE_CURVE('',#6505,#7592,#7594,.T.);
#7592 = VERTEX_POINT('',#7593);
#7593 = CARTESIAN_POINT('',(-0.3,-9.86,8.2));
#7594 = LINE('',#7595,#7596);
#7595 = CARTESIAN_POINT('',(-0.3,-9.86,8.2));
#7596 = VECTOR('',#7597,1.);
#7597 = DIRECTION('',(0.57735026919,-0.57735026919,-0.57735026919));
#7598 = ORIENTED_EDGE('',*,*,#7599,.F.);
#7599 = EDGE_CURVE('',#7568,#7592,#7600,.T.);
#7600 = LINE('',#7601,#7602);
#7601 = CARTESIAN_POINT('',(0.6,-9.86,8.2));
#7602 = VECTOR('',#7603,1.);
#7603 = DIRECTION('',(-1.,1.110223024625E-16,0.));
#7604 = PLANE('',#7605);
#7605 = AXIS2_PLACEMENT_3D('',#7606,#7607,#7608);
#7606 = CARTESIAN_POINT('',(0.6,-9.71,8.35));
#7607 = DIRECTION('',(-7.850462293414E-17,-0.707106781187,0.707106781187
    ));
#7608 = DIRECTION('',(-1.,1.110223024625E-16,2.680278185005E-29));
#7609 = ADVANCED_FACE('',(#7610),#7628,.T.);
#7610 = FACE_BOUND('',#7611,.T.);
#7611 = EDGE_LOOP('',(#7612,#7613,#7614,#7622));
#7612 = ORIENTED_EDGE('',*,*,#7591,.F.);
#7613 = ORIENTED_EDGE('',*,*,#6504,.T.);
#7614 = ORIENTED_EDGE('',*,*,#7615,.T.);
#7615 = EDGE_CURVE('',#6497,#7616,#7618,.T.);
#7616 = VERTEX_POINT('',#7617);
#7617 = CARTESIAN_POINT('',(-0.3,-10.46,8.2));
#7618 = LINE('',#7619,#7620);
#7619 = CARTESIAN_POINT('',(-0.3,-10.46,8.2));
#7620 = VECTOR('',#7621,1.);
#7621 = DIRECTION('',(0.57735026919,0.57735026919,-0.57735026919));
#7622 = ORIENTED_EDGE('',*,*,#7623,.F.);
#7623 = EDGE_CURVE('',#7592,#7616,#7624,.T.);
#7624 = LINE('',#7625,#7626);
#7625 = CARTESIAN_POINT('',(-0.3,-9.56,8.2));
#7626 = VECTOR('',#7627,1.);
#7627 = DIRECTION('',(-1.110223024625E-16,-1.,0.));
#7628 = PLANE('',#7629);
#7629 = AXIS2_PLACEMENT_3D('',#7630,#7631,#7632);
#7630 = CARTESIAN_POINT('',(-0.45,-9.56,8.35));
#7631 = DIRECTION('',(0.707106781187,-7.850462293414E-17,0.707106781187)
  );
#7632 = DIRECTION('',(-1.110223024625E-16,-1.,2.680278185005E-29));
#7633 = ADVANCED_FACE('',(#7634),#7645,.T.);
#7634 = FACE_BOUND('',#7635,.T.);
#7635 = EDGE_LOOP('',(#7636,#7637,#7638,#7639));
#7636 = ORIENTED_EDGE('',*,*,#7615,.F.);
#7637 = ORIENTED_EDGE('',*,*,#6496,.T.);
#7638 = ORIENTED_EDGE('',*,*,#7558,.T.);
#7639 = ORIENTED_EDGE('',*,*,#7640,.F.);
#7640 = EDGE_CURVE('',#7616,#7559,#7641,.T.);
#7641 = LINE('',#7642,#7643);
#7642 = CARTESIAN_POINT('',(-0.6,-10.46,8.2));
#7643 = VECTOR('',#7644,1.);
#7644 = DIRECTION('',(1.,-1.110223024625E-16,0.));
#7645 = PLANE('',#7646);
#7646 = AXIS2_PLACEMENT_3D('',#7647,#7648,#7649);
#7647 = CARTESIAN_POINT('',(-0.6,-10.61,8.35));
#7648 = DIRECTION('',(7.850462293414E-17,0.707106781187,0.707106781187)
  );
#7649 = DIRECTION('',(1.,-1.110223024625E-16,2.680278185005E-29));
#7650 = ADVANCED_FACE('',(#7651),#7676,.T.);
#7651 = FACE_BOUND('',#7652,.T.);
#7652 = EDGE_LOOP('',(#7653,#7661,#7662,#7670));
#7653 = ORIENTED_EDGE('',*,*,#7654,.F.);
#7654 = EDGE_CURVE('',#6521,#7655,#7657,.T.);
#7655 = VERTEX_POINT('',#7656);
#7656 = CARTESIAN_POINT('',(0.3,-7.92,8.2));
#7657 = LINE('',#7658,#7659);
#7658 = CARTESIAN_POINT('',(0.3,-7.92,8.2));
#7659 = VECTOR('',#7660,1.);
#7660 = DIRECTION('',(-0.57735026919,0.57735026919,-0.57735026919));
#7661 = ORIENTED_EDGE('',*,*,#6520,.T.);
#7662 = ORIENTED_EDGE('',*,*,#7663,.T.);
#7663 = EDGE_CURVE('',#6523,#7664,#7666,.T.);
#7664 = VERTEX_POINT('',#7665);
#7665 = CARTESIAN_POINT('',(0.3,-7.32,8.2));
#7666 = LINE('',#7667,#7668);
#7667 = CARTESIAN_POINT('',(0.3,-7.32,8.2));
#7668 = VECTOR('',#7669,1.);
#7669 = DIRECTION('',(-0.57735026919,-0.57735026919,-0.57735026919));
#7670 = ORIENTED_EDGE('',*,*,#7671,.F.);
#7671 = EDGE_CURVE('',#7655,#7664,#7672,.T.);
#7672 = LINE('',#7673,#7674);
#7673 = CARTESIAN_POINT('',(0.3,-8.22,8.2));
#7674 = VECTOR('',#7675,1.);
#7675 = DIRECTION('',(1.110223024625E-16,1.,0.));
#7676 = PLANE('',#7677);
#7677 = AXIS2_PLACEMENT_3D('',#7678,#7679,#7680);
#7678 = CARTESIAN_POINT('',(0.45,-8.22,8.35));
#7679 = DIRECTION('',(-0.707106781187,7.850462293414E-17,0.707106781187)
  );
#7680 = DIRECTION('',(1.110223024625E-16,1.,2.680278185005E-29));
#7681 = ADVANCED_FACE('',(#7682),#7700,.T.);
#7682 = FACE_BOUND('',#7683,.T.);
#7683 = EDGE_LOOP('',(#7684,#7685,#7686,#7694));
#7684 = ORIENTED_EDGE('',*,*,#7663,.F.);
#7685 = ORIENTED_EDGE('',*,*,#6546,.T.);
#7686 = ORIENTED_EDGE('',*,*,#7687,.T.);
#7687 = EDGE_CURVE('',#6539,#7688,#7690,.T.);
#7688 = VERTEX_POINT('',#7689);
#7689 = CARTESIAN_POINT('',(-0.3,-7.32,8.2));
#7690 = LINE('',#7691,#7692);
#7691 = CARTESIAN_POINT('',(-0.3,-7.32,8.2));
#7692 = VECTOR('',#7693,1.);
#7693 = DIRECTION('',(0.57735026919,-0.57735026919,-0.57735026919));
#7694 = ORIENTED_EDGE('',*,*,#7695,.F.);
#7695 = EDGE_CURVE('',#7664,#7688,#7696,.T.);
#7696 = LINE('',#7697,#7698);
#7697 = CARTESIAN_POINT('',(0.6,-7.32,8.2));
#7698 = VECTOR('',#7699,1.);
#7699 = DIRECTION('',(-1.,1.110223024625E-16,0.));
#7700 = PLANE('',#7701);
#7701 = AXIS2_PLACEMENT_3D('',#7702,#7703,#7704);
#7702 = CARTESIAN_POINT('',(0.6,-7.17,8.35));
#7703 = DIRECTION('',(-7.850462293414E-17,-0.707106781187,0.707106781187
    ));
#7704 = DIRECTION('',(-1.,1.110223024625E-16,2.680278185005E-29));
#7705 = ADVANCED_FACE('',(#7706),#7724,.T.);
#7706 = FACE_BOUND('',#7707,.T.);
#7707 = EDGE_LOOP('',(#7708,#7709,#7710,#7718));
#7708 = ORIENTED_EDGE('',*,*,#7687,.F.);
#7709 = ORIENTED_EDGE('',*,*,#6538,.T.);
#7710 = ORIENTED_EDGE('',*,*,#7711,.T.);
#7711 = EDGE_CURVE('',#6531,#7712,#7714,.T.);
#7712 = VERTEX_POINT('',#7713);
#7713 = CARTESIAN_POINT('',(-0.3,-7.92,8.2));
#7714 = LINE('',#7715,#7716);
#7715 = CARTESIAN_POINT('',(-0.3,-7.92,8.2));
#7716 = VECTOR('',#7717,1.);
#7717 = DIRECTION('',(0.57735026919,0.57735026919,-0.57735026919));
#7718 = ORIENTED_EDGE('',*,*,#7719,.F.);
#7719 = EDGE_CURVE('',#7688,#7712,#7720,.T.);
#7720 = LINE('',#7721,#7722);
#7721 = CARTESIAN_POINT('',(-0.3,-7.02,8.2));
#7722 = VECTOR('',#7723,1.);
#7723 = DIRECTION('',(-1.110223024625E-16,-1.,0.));
#7724 = PLANE('',#7725);
#7725 = AXIS2_PLACEMENT_3D('',#7726,#7727,#7728);
#7726 = CARTESIAN_POINT('',(-0.45,-7.02,8.35));
#7727 = DIRECTION('',(0.707106781187,-7.850462293414E-17,0.707106781187)
  );
#7728 = DIRECTION('',(-1.110223024625E-16,-1.,2.680278185005E-29));
#7729 = ADVANCED_FACE('',(#7730),#7741,.T.);
#7730 = FACE_BOUND('',#7731,.T.);
#7731 = EDGE_LOOP('',(#7732,#7733,#7734,#7735));
#7732 = ORIENTED_EDGE('',*,*,#7711,.F.);
#7733 = ORIENTED_EDGE('',*,*,#6530,.T.);
#7734 = ORIENTED_EDGE('',*,*,#7654,.T.);
#7735 = ORIENTED_EDGE('',*,*,#7736,.F.);
#7736 = EDGE_CURVE('',#7712,#7655,#7737,.T.);
#7737 = LINE('',#7738,#7739);
#7738 = CARTESIAN_POINT('',(-0.6,-7.92,8.2));
#7739 = VECTOR('',#7740,1.);
#7740 = DIRECTION('',(1.,-1.110223024625E-16,0.));
#7741 = PLANE('',#7742);
#7742 = AXIS2_PLACEMENT_3D('',#7743,#7744,#7745);
#7743 = CARTESIAN_POINT('',(-0.6,-8.07,8.35));
#7744 = DIRECTION('',(7.850462293414E-17,0.707106781187,0.707106781187)
  );
#7745 = DIRECTION('',(1.,-1.110223024625E-16,2.680278185005E-29));
#7746 = ADVANCED_FACE('',(#7747),#7772,.T.);
#7747 = FACE_BOUND('',#7748,.T.);
#7748 = EDGE_LOOP('',(#7749,#7757,#7758,#7766));
#7749 = ORIENTED_EDGE('',*,*,#7750,.F.);
#7750 = EDGE_CURVE('',#6555,#7751,#7753,.T.);
#7751 = VERTEX_POINT('',#7752);
#7752 = CARTESIAN_POINT('',(0.3,-5.38,8.2));
#7753 = LINE('',#7754,#7755);
#7754 = CARTESIAN_POINT('',(0.3,-5.38,8.2));
#7755 = VECTOR('',#7756,1.);
#7756 = DIRECTION('',(-0.57735026919,0.57735026919,-0.57735026919));
#7757 = ORIENTED_EDGE('',*,*,#6554,.T.);
#7758 = ORIENTED_EDGE('',*,*,#7759,.T.);
#7759 = EDGE_CURVE('',#6557,#7760,#7762,.T.);
#7760 = VERTEX_POINT('',#7761);
#7761 = CARTESIAN_POINT('',(0.3,-4.78,8.2));
#7762 = LINE('',#7763,#7764);
#7763 = CARTESIAN_POINT('',(0.3,-4.78,8.2));
#7764 = VECTOR('',#7765,1.);
#7765 = DIRECTION('',(-0.57735026919,-0.57735026919,-0.57735026919));
#7766 = ORIENTED_EDGE('',*,*,#7767,.F.);
#7767 = EDGE_CURVE('',#7751,#7760,#7768,.T.);
#7768 = LINE('',#7769,#7770);
#7769 = CARTESIAN_POINT('',(0.3,-5.68,8.2));
#7770 = VECTOR('',#7771,1.);
#7771 = DIRECTION('',(1.110223024625E-16,1.,0.));
#7772 = PLANE('',#7773);
#7773 = AXIS2_PLACEMENT_3D('',#7774,#7775,#7776);
#7774 = CARTESIAN_POINT('',(0.45,-5.68,8.35));
#7775 = DIRECTION('',(-0.707106781187,7.850462293414E-17,0.707106781187)
  );
#7776 = DIRECTION('',(1.110223024625E-16,1.,2.680278185005E-29));
#7777 = ADVANCED_FACE('',(#7778),#7796,.T.);
#7778 = FACE_BOUND('',#7779,.T.);
#7779 = EDGE_LOOP('',(#7780,#7781,#7782,#7790));
#7780 = ORIENTED_EDGE('',*,*,#7759,.F.);
#7781 = ORIENTED_EDGE('',*,*,#6580,.T.);
#7782 = ORIENTED_EDGE('',*,*,#7783,.T.);
#7783 = EDGE_CURVE('',#6573,#7784,#7786,.T.);
#7784 = VERTEX_POINT('',#7785);
#7785 = CARTESIAN_POINT('',(-0.3,-4.78,8.2));
#7786 = LINE('',#7787,#7788);
#7787 = CARTESIAN_POINT('',(-0.3,-4.78,8.2));
#7788 = VECTOR('',#7789,1.);
#7789 = DIRECTION('',(0.57735026919,-0.57735026919,-0.57735026919));
#7790 = ORIENTED_EDGE('',*,*,#7791,.F.);
#7791 = EDGE_CURVE('',#7760,#7784,#7792,.T.);
#7792 = LINE('',#7793,#7794);
#7793 = CARTESIAN_POINT('',(0.6,-4.78,8.2));
#7794 = VECTOR('',#7795,1.);
#7795 = DIRECTION('',(-1.,1.110223024625E-16,0.));
#7796 = PLANE('',#7797);
#7797 = AXIS2_PLACEMENT_3D('',#7798,#7799,#7800);
#7798 = CARTESIAN_POINT('',(0.6,-4.63,8.35));
#7799 = DIRECTION('',(-7.850462293414E-17,-0.707106781187,0.707106781187
    ));
#7800 = DIRECTION('',(-1.,1.110223024625E-16,2.680278185005E-29));
#7801 = ADVANCED_FACE('',(#7802),#7820,.T.);
#7802 = FACE_BOUND('',#7803,.T.);
#7803 = EDGE_LOOP('',(#7804,#7805,#7806,#7814));
#7804 = ORIENTED_EDGE('',*,*,#7783,.F.);
#7805 = ORIENTED_EDGE('',*,*,#6572,.T.);
#7806 = ORIENTED_EDGE('',*,*,#7807,.T.);
#7807 = EDGE_CURVE('',#6565,#7808,#7810,.T.);
#7808 = VERTEX_POINT('',#7809);
#7809 = CARTESIAN_POINT('',(-0.3,-5.38,8.2));
#7810 = LINE('',#7811,#7812);
#7811 = CARTESIAN_POINT('',(-0.3,-5.38,8.2));
#7812 = VECTOR('',#7813,1.);
#7813 = DIRECTION('',(0.57735026919,0.57735026919,-0.57735026919));
#7814 = ORIENTED_EDGE('',*,*,#7815,.F.);
#7815 = EDGE_CURVE('',#7784,#7808,#7816,.T.);
#7816 = LINE('',#7817,#7818);
#7817 = CARTESIAN_POINT('',(-0.3,-4.48,8.2));
#7818 = VECTOR('',#7819,1.);
#7819 = DIRECTION('',(-1.110223024625E-16,-1.,0.));
#7820 = PLANE('',#7821);
#7821 = AXIS2_PLACEMENT_3D('',#7822,#7823,#7824);
#7822 = CARTESIAN_POINT('',(-0.45,-4.48,8.35));
#7823 = DIRECTION('',(0.707106781187,-7.850462293414E-17,0.707106781187)
  );
#7824 = DIRECTION('',(-1.110223024625E-16,-1.,2.680278185005E-29));
#7825 = ADVANCED_FACE('',(#7826),#7837,.T.);
#7826 = FACE_BOUND('',#7827,.T.);
#7827 = EDGE_LOOP('',(#7828,#7829,#7830,#7831));
#7828 = ORIENTED_EDGE('',*,*,#7807,.F.);
#7829 = ORIENTED_EDGE('',*,*,#6564,.T.);
#7830 = ORIENTED_EDGE('',*,*,#7750,.T.);
#7831 = ORIENTED_EDGE('',*,*,#7832,.F.);
#7832 = EDGE_CURVE('',#7808,#7751,#7833,.T.);
#7833 = LINE('',#7834,#7835);
#7834 = CARTESIAN_POINT('',(-0.6,-5.38,8.2));
#7835 = VECTOR('',#7836,1.);
#7836 = DIRECTION('',(1.,-1.110223024625E-16,0.));
#7837 = PLANE('',#7838);
#7838 = AXIS2_PLACEMENT_3D('',#7839,#7840,#7841);
#7839 = CARTESIAN_POINT('',(-0.6,-5.53,8.35));
#7840 = DIRECTION('',(7.850462293414E-17,0.707106781187,0.707106781187)
  );
#7841 = DIRECTION('',(1.,-1.110223024625E-16,2.680278185005E-29));
#7842 = ADVANCED_FACE('',(#7843),#7868,.T.);
#7843 = FACE_BOUND('',#7844,.T.);
#7844 = EDGE_LOOP('',(#7845,#7853,#7854,#7862));
#7845 = ORIENTED_EDGE('',*,*,#7846,.F.);
#7846 = EDGE_CURVE('',#6589,#7847,#7849,.T.);
#7847 = VERTEX_POINT('',#7848);
#7848 = CARTESIAN_POINT('',(0.3,-2.84,8.2));
#7849 = LINE('',#7850,#7851);
#7850 = CARTESIAN_POINT('',(0.3,-2.84,8.2));
#7851 = VECTOR('',#7852,1.);
#7852 = DIRECTION('',(-0.57735026919,0.57735026919,-0.57735026919));
#7853 = ORIENTED_EDGE('',*,*,#6588,.T.);
#7854 = ORIENTED_EDGE('',*,*,#7855,.T.);
#7855 = EDGE_CURVE('',#6591,#7856,#7858,.T.);
#7856 = VERTEX_POINT('',#7857);
#7857 = CARTESIAN_POINT('',(0.3,-2.24,8.2));
#7858 = LINE('',#7859,#7860);
#7859 = CARTESIAN_POINT('',(0.3,-2.24,8.2));
#7860 = VECTOR('',#7861,1.);
#7861 = DIRECTION('',(-0.57735026919,-0.57735026919,-0.57735026919));
#7862 = ORIENTED_EDGE('',*,*,#7863,.F.);
#7863 = EDGE_CURVE('',#7847,#7856,#7864,.T.);
#7864 = LINE('',#7865,#7866);
#7865 = CARTESIAN_POINT('',(0.3,-3.14,8.2));
#7866 = VECTOR('',#7867,1.);
#7867 = DIRECTION('',(1.110223024625E-16,1.,0.));
#7868 = PLANE('',#7869);
#7869 = AXIS2_PLACEMENT_3D('',#7870,#7871,#7872);
#7870 = CARTESIAN_POINT('',(0.45,-3.14,8.35));
#7871 = DIRECTION('',(-0.707106781187,7.850462293414E-17,0.707106781187)
  );
#7872 = DIRECTION('',(1.110223024625E-16,1.,2.680278185005E-29));
#7873 = ADVANCED_FACE('',(#7874),#7892,.T.);
#7874 = FACE_BOUND('',#7875,.T.);
#7875 = EDGE_LOOP('',(#7876,#7877,#7878,#7886));
#7876 = ORIENTED_EDGE('',*,*,#7855,.F.);
#7877 = ORIENTED_EDGE('',*,*,#6614,.T.);
#7878 = ORIENTED_EDGE('',*,*,#7879,.T.);
#7879 = EDGE_CURVE('',#6607,#7880,#7882,.T.);
#7880 = VERTEX_POINT('',#7881);
#7881 = CARTESIAN_POINT('',(-0.3,-2.24,8.2));
#7882 = LINE('',#7883,#7884);
#7883 = CARTESIAN_POINT('',(-0.3,-2.24,8.2));
#7884 = VECTOR('',#7885,1.);
#7885 = DIRECTION('',(0.57735026919,-0.57735026919,-0.57735026919));
#7886 = ORIENTED_EDGE('',*,*,#7887,.F.);
#7887 = EDGE_CURVE('',#7856,#7880,#7888,.T.);
#7888 = LINE('',#7889,#7890);
#7889 = CARTESIAN_POINT('',(0.6,-2.24,8.2));
#7890 = VECTOR('',#7891,1.);
#7891 = DIRECTION('',(-1.,1.110223024625E-16,0.));
#7892 = PLANE('',#7893);
#7893 = AXIS2_PLACEMENT_3D('',#7894,#7895,#7896);
#7894 = CARTESIAN_POINT('',(0.6,-2.09,8.35));
#7895 = DIRECTION('',(-7.850462293414E-17,-0.707106781187,0.707106781187
    ));
#7896 = DIRECTION('',(-1.,1.110223024625E-16,2.680278185005E-29));
#7897 = ADVANCED_FACE('',(#7898),#7916,.T.);
#7898 = FACE_BOUND('',#7899,.T.);
#7899 = EDGE_LOOP('',(#7900,#7901,#7902,#7910));
#7900 = ORIENTED_EDGE('',*,*,#7879,.F.);
#7901 = ORIENTED_EDGE('',*,*,#6606,.T.);
#7902 = ORIENTED_EDGE('',*,*,#7903,.T.);
#7903 = EDGE_CURVE('',#6599,#7904,#7906,.T.);
#7904 = VERTEX_POINT('',#7905);
#7905 = CARTESIAN_POINT('',(-0.3,-2.84,8.2));
#7906 = LINE('',#7907,#7908);
#7907 = CARTESIAN_POINT('',(-0.3,-2.84,8.2));
#7908 = VECTOR('',#7909,1.);
#7909 = DIRECTION('',(0.57735026919,0.57735026919,-0.57735026919));
#7910 = ORIENTED_EDGE('',*,*,#7911,.F.);
#7911 = EDGE_CURVE('',#7880,#7904,#7912,.T.);
#7912 = LINE('',#7913,#7914);
#7913 = CARTESIAN_POINT('',(-0.3,-1.94,8.2));
#7914 = VECTOR('',#7915,1.);
#7915 = DIRECTION('',(-1.110223024625E-16,-1.,0.));
#7916 = PLANE('',#7917);
#7917 = AXIS2_PLACEMENT_3D('',#7918,#7919,#7920);
#7918 = CARTESIAN_POINT('',(-0.45,-1.94,8.35));
#7919 = DIRECTION('',(0.707106781187,-7.850462293414E-17,0.707106781187)
  );
#7920 = DIRECTION('',(-1.110223024625E-16,-1.,2.680278185005E-29));
#7921 = ADVANCED_FACE('',(#7922),#7933,.T.);
#7922 = FACE_BOUND('',#7923,.T.);
#7923 = EDGE_LOOP('',(#7924,#7925,#7926,#7927));
#7924 = ORIENTED_EDGE('',*,*,#7903,.F.);
#7925 = ORIENTED_EDGE('',*,*,#6598,.T.);
#7926 = ORIENTED_EDGE('',*,*,#7846,.T.);
#7927 = ORIENTED_EDGE('',*,*,#7928,.F.);
#7928 = EDGE_CURVE('',#7904,#7847,#7929,.T.);
#7929 = LINE('',#7930,#7931);
#7930 = CARTESIAN_POINT('',(-0.6,-2.84,8.2));
#7931 = VECTOR('',#7932,1.);
#7932 = DIRECTION('',(1.,-1.110223024625E-16,0.));
#7933 = PLANE('',#7934);
#7934 = AXIS2_PLACEMENT_3D('',#7935,#7936,#7937);
#7935 = CARTESIAN_POINT('',(-0.6,-2.99,8.35));
#7936 = DIRECTION('',(7.850462293414E-17,0.707106781187,0.707106781187)
  );
#7937 = DIRECTION('',(1.,-1.110223024625E-16,2.680278185005E-29));
#7938 = ADVANCED_FACE('',(#7939),#7964,.T.);
#7939 = FACE_BOUND('',#7940,.T.);
#7940 = EDGE_LOOP('',(#7941,#7949,#7950,#7958));
#7941 = ORIENTED_EDGE('',*,*,#7942,.F.);
#7942 = EDGE_CURVE('',#6623,#7943,#7945,.T.);
#7943 = VERTEX_POINT('',#7944);
#7944 = CARTESIAN_POINT('',(0.3,-0.3,8.2));
#7945 = LINE('',#7946,#7947);
#7946 = CARTESIAN_POINT('',(0.3,-0.3,8.2));
#7947 = VECTOR('',#7948,1.);
#7948 = DIRECTION('',(-0.57735026919,0.57735026919,-0.57735026919));
#7949 = ORIENTED_EDGE('',*,*,#6622,.T.);
#7950 = ORIENTED_EDGE('',*,*,#7951,.T.);
#7951 = EDGE_CURVE('',#6625,#7952,#7954,.T.);
#7952 = VERTEX_POINT('',#7953);
#7953 = CARTESIAN_POINT('',(0.3,0.3,8.2));
#7954 = LINE('',#7955,#7956);
#7955 = CARTESIAN_POINT('',(0.3,0.3,8.2));
#7956 = VECTOR('',#7957,1.);
#7957 = DIRECTION('',(-0.57735026919,-0.57735026919,-0.57735026919));
#7958 = ORIENTED_EDGE('',*,*,#7959,.F.);
#7959 = EDGE_CURVE('',#7943,#7952,#7960,.T.);
#7960 = LINE('',#7961,#7962);
#7961 = CARTESIAN_POINT('',(0.3,-0.6,8.2));
#7962 = VECTOR('',#7963,1.);
#7963 = DIRECTION('',(1.110223024625E-16,1.,0.));
#7964 = PLANE('',#7965);
#7965 = AXIS2_PLACEMENT_3D('',#7966,#7967,#7968);
#7966 = CARTESIAN_POINT('',(0.45,-0.6,8.35));
#7967 = DIRECTION('',(-0.707106781187,7.850462293414E-17,0.707106781187)
  );
#7968 = DIRECTION('',(1.110223024625E-16,1.,2.680278185005E-29));
#7969 = ADVANCED_FACE('',(#7970),#7988,.T.);
#7970 = FACE_BOUND('',#7971,.T.);
#7971 = EDGE_LOOP('',(#7972,#7973,#7974,#7982));
#7972 = ORIENTED_EDGE('',*,*,#7951,.F.);
#7973 = ORIENTED_EDGE('',*,*,#6648,.T.);
#7974 = ORIENTED_EDGE('',*,*,#7975,.T.);
#7975 = EDGE_CURVE('',#6641,#7976,#7978,.T.);
#7976 = VERTEX_POINT('',#7977);
#7977 = CARTESIAN_POINT('',(-0.3,0.3,8.2));
#7978 = LINE('',#7979,#7980);
#7979 = CARTESIAN_POINT('',(-0.3,0.3,8.2));
#7980 = VECTOR('',#7981,1.);
#7981 = DIRECTION('',(0.57735026919,-0.57735026919,-0.57735026919));
#7982 = ORIENTED_EDGE('',*,*,#7983,.F.);
#7983 = EDGE_CURVE('',#7952,#7976,#7984,.T.);
#7984 = LINE('',#7985,#7986);
#7985 = CARTESIAN_POINT('',(0.6,0.3,8.2));
#7986 = VECTOR('',#7987,1.);
#7987 = DIRECTION('',(-1.,1.110223024625E-16,0.));
#7988 = PLANE('',#7989);
#7989 = AXIS2_PLACEMENT_3D('',#7990,#7991,#7992);
#7990 = CARTESIAN_POINT('',(0.6,0.45,8.35));
#7991 = DIRECTION('',(-7.850462293414E-17,-0.707106781187,0.707106781187
    ));
#7992 = DIRECTION('',(-1.,1.110223024625E-16,2.680278185005E-29));
#7993 = ADVANCED_FACE('',(#7994),#8012,.T.);
#7994 = FACE_BOUND('',#7995,.T.);
#7995 = EDGE_LOOP('',(#7996,#7997,#7998,#8006));
#7996 = ORIENTED_EDGE('',*,*,#7975,.F.);
#7997 = ORIENTED_EDGE('',*,*,#6640,.T.);
#7998 = ORIENTED_EDGE('',*,*,#7999,.T.);
#7999 = EDGE_CURVE('',#6633,#8000,#8002,.T.);
#8000 = VERTEX_POINT('',#8001);
#8001 = CARTESIAN_POINT('',(-0.3,-0.3,8.2));
#8002 = LINE('',#8003,#8004);
#8003 = CARTESIAN_POINT('',(-0.3,-0.3,8.2));
#8004 = VECTOR('',#8005,1.);
#8005 = DIRECTION('',(0.57735026919,0.57735026919,-0.57735026919));
#8006 = ORIENTED_EDGE('',*,*,#8007,.F.);
#8007 = EDGE_CURVE('',#7976,#8000,#8008,.T.);
#8008 = LINE('',#8009,#8010);
#8009 = CARTESIAN_POINT('',(-0.3,0.6,8.2));
#8010 = VECTOR('',#8011,1.);
#8011 = DIRECTION('',(-1.110223024625E-16,-1.,0.));
#8012 = PLANE('',#8013);
#8013 = AXIS2_PLACEMENT_3D('',#8014,#8015,#8016);
#8014 = CARTESIAN_POINT('',(-0.45,0.6,8.35));
#8015 = DIRECTION('',(0.707106781187,-7.850462293414E-17,0.707106781187)
  );
#8016 = DIRECTION('',(-1.110223024625E-16,-1.,2.680278185005E-29));
#8017 = ADVANCED_FACE('',(#8018),#8029,.T.);
#8018 = FACE_BOUND('',#8019,.T.);
#8019 = EDGE_LOOP('',(#8020,#8021,#8022,#8023));
#8020 = ORIENTED_EDGE('',*,*,#7999,.F.);
#8021 = ORIENTED_EDGE('',*,*,#6632,.T.);
#8022 = ORIENTED_EDGE('',*,*,#7942,.T.);
#8023 = ORIENTED_EDGE('',*,*,#8024,.F.);
#8024 = EDGE_CURVE('',#8000,#7943,#8025,.T.);
#8025 = LINE('',#8026,#8027);
#8026 = CARTESIAN_POINT('',(-0.6,-0.3,8.2));
#8027 = VECTOR('',#8028,1.);
#8028 = DIRECTION('',(1.,-1.110223024625E-16,0.));
#8029 = PLANE('',#8030);
#8030 = AXIS2_PLACEMENT_3D('',#8031,#8032,#8033);
#8031 = CARTESIAN_POINT('',(-0.6,-0.45,8.35));
#8032 = DIRECTION('',(7.850462293414E-17,0.707106781187,0.707106781187)
  );
#8033 = DIRECTION('',(1.,-1.110223024625E-16,2.680278185005E-29));
#8034 = ADVANCED_FACE('',(#8035),#8046,.T.);
#8035 = FACE_BOUND('',#8036,.T.);
#8036 = EDGE_LOOP('',(#8037,#8038,#8039,#8045));
#8037 = ORIENTED_EDGE('',*,*,#6712,.F.);
#8038 = ORIENTED_EDGE('',*,*,#6722,.T.);
#8039 = ORIENTED_EDGE('',*,*,#8040,.T.);
#8040 = EDGE_CURVE('',#6723,#6763,#8041,.T.);
#8041 = LINE('',#8042,#8043);
#8042 = CARTESIAN_POINT('',(-0.1,-18.08,0.2));
#8043 = VECTOR('',#8044,1.);
#8044 = DIRECTION('',(1.,-1.110223024625E-16,0.));
#8045 = ORIENTED_EDGE('',*,*,#6770,.T.);
#8046 = PLANE('',#8047);
#8047 = AXIS2_PLACEMENT_3D('',#8048,#8049,#8050);
#8048 = CARTESIAN_POINT('',(-0.1,-18.08,0.2));
#8049 = DIRECTION('',(0.,-0.,-1.));
#8050 = DIRECTION('',(-1.110223024625E-16,-1.,0.));
#8051 = ADVANCED_FACE('',(#8052),#8093,.F.);
#8052 = FACE_BOUND('',#8053,.F.);
#8053 = EDGE_LOOP('',(#8054,#8062,#8063,#8071,#8079,#8087));
#8054 = ORIENTED_EDGE('',*,*,#8055,.T.);
#8055 = EDGE_CURVE('',#8056,#6763,#8058,.T.);
#8056 = VERTEX_POINT('',#8057);
#8057 = CARTESIAN_POINT('',(0.1,-18.08,-2.5));
#8058 = LINE('',#8059,#8060);
#8059 = CARTESIAN_POINT('',(0.1,-18.08,-2.5));
#8060 = VECTOR('',#8061,1.);
#8061 = DIRECTION('',(0.,0.,1.));
#8062 = ORIENTED_EDGE('',*,*,#6762,.F.);
#8063 = ORIENTED_EDGE('',*,*,#8064,.T.);
#8064 = EDGE_CURVE('',#6755,#8065,#8067,.T.);
#8065 = VERTEX_POINT('',#8066);
#8066 = CARTESIAN_POINT('',(0.1,-17.48,-2.5));
#8067 = LINE('',#8068,#8069);
#8068 = CARTESIAN_POINT('',(0.1,-17.48,0.2));
#8069 = VECTOR('',#8070,1.);
#8070 = DIRECTION('',(0.,0.,-1.));
#8071 = ORIENTED_EDGE('',*,*,#8072,.T.);
#8072 = EDGE_CURVE('',#8065,#8073,#8075,.T.);
#8073 = VERTEX_POINT('',#8074);
#8074 = CARTESIAN_POINT('',(0.1,-17.63,-3.1));
#8075 = LINE('',#8076,#8077);
#8076 = CARTESIAN_POINT('',(0.1,-17.48,-2.5));
#8077 = VECTOR('',#8078,1.);
#8078 = DIRECTION('',(-2.692686352073E-17,-0.242535625036,
    -0.970142500145));
#8079 = ORIENTED_EDGE('',*,*,#8080,.T.);
#8080 = EDGE_CURVE('',#8073,#8081,#8083,.T.);
#8081 = VERTEX_POINT('',#8082);
#8082 = CARTESIAN_POINT('',(0.1,-17.93,-3.1));
#8083 = LINE('',#8084,#8085);
#8084 = CARTESIAN_POINT('',(0.1,-17.63,-3.1));
#8085 = VECTOR('',#8086,1.);
#8086 = DIRECTION('',(-1.110223024625E-16,-1.,0.));
#8087 = ORIENTED_EDGE('',*,*,#8088,.T.);
#8088 = EDGE_CURVE('',#8081,#8056,#8089,.T.);
#8089 = LINE('',#8090,#8091);
#8090 = CARTESIAN_POINT('',(0.1,-17.93,-3.1));
#8091 = VECTOR('',#8092,1.);
#8092 = DIRECTION('',(-2.692686352073E-17,-0.242535625036,0.970142500145
    ));
#8093 = PLANE('',#8094);
#8094 = AXIS2_PLACEMENT_3D('',#8095,#8096,#8097);
#8095 = CARTESIAN_POINT('',(0.1,-17.78,3.911477598424));
#8096 = DIRECTION('',(-1.,1.110223024625E-16,0.));
#8097 = DIRECTION('',(0.,0.,1.));
#8098 = ADVANCED_FACE('',(#8099),#8110,.T.);
#8099 = FACE_BOUND('',#8100,.T.);
#8100 = EDGE_LOOP('',(#8101,#8107,#8108,#8109));
#8101 = ORIENTED_EDGE('',*,*,#8102,.F.);
#8102 = EDGE_CURVE('',#6731,#6755,#8103,.T.);
#8103 = LINE('',#8104,#8105);
#8104 = CARTESIAN_POINT('',(-0.1,-17.48,0.2));
#8105 = VECTOR('',#8106,1.);
#8106 = DIRECTION('',(1.,-1.110223024625E-16,0.));
#8107 = ORIENTED_EDGE('',*,*,#6738,.T.);
#8108 = ORIENTED_EDGE('',*,*,#6746,.T.);
#8109 = ORIENTED_EDGE('',*,*,#6754,.T.);
#8110 = PLANE('',#8111);
#8111 = AXIS2_PLACEMENT_3D('',#8112,#8113,#8114);
#8112 = CARTESIAN_POINT('',(-0.1,-18.08,0.2));
#8113 = DIRECTION('',(0.,-0.,-1.));
#8114 = DIRECTION('',(-1.110223024625E-16,-1.,0.));
#8115 = ADVANCED_FACE('',(#8116),#8157,.T.);
#8116 = FACE_BOUND('',#8117,.T.);
#8117 = EDGE_LOOP('',(#8118,#8126,#8127,#8135,#8143,#8151));
#8118 = ORIENTED_EDGE('',*,*,#8119,.T.);
#8119 = EDGE_CURVE('',#8120,#6723,#8122,.T.);
#8120 = VERTEX_POINT('',#8121);
#8121 = CARTESIAN_POINT('',(-0.1,-18.08,-2.5));
#8122 = LINE('',#8123,#8124);
#8123 = CARTESIAN_POINT('',(-0.1,-18.08,-2.5));
#8124 = VECTOR('',#8125,1.);
#8125 = DIRECTION('',(0.,0.,1.));
#8126 = ORIENTED_EDGE('',*,*,#6730,.F.);
#8127 = ORIENTED_EDGE('',*,*,#8128,.T.);
#8128 = EDGE_CURVE('',#6731,#8129,#8131,.T.);
#8129 = VERTEX_POINT('',#8130);
#8130 = CARTESIAN_POINT('',(-0.1,-17.48,-2.5));
#8131 = LINE('',#8132,#8133);
#8132 = CARTESIAN_POINT('',(-0.1,-17.48,0.2));
#8133 = VECTOR('',#8134,1.);
#8134 = DIRECTION('',(0.,0.,-1.));
#8135 = ORIENTED_EDGE('',*,*,#8136,.T.);
#8136 = EDGE_CURVE('',#8129,#8137,#8139,.T.);
#8137 = VERTEX_POINT('',#8138);
#8138 = CARTESIAN_POINT('',(-0.1,-17.63,-3.1));
#8139 = LINE('',#8140,#8141);
#8140 = CARTESIAN_POINT('',(-0.1,-17.48,-2.5));
#8141 = VECTOR('',#8142,1.);
#8142 = DIRECTION('',(-2.692686352073E-17,-0.242535625036,
    -0.970142500145));
#8143 = ORIENTED_EDGE('',*,*,#8144,.F.);
#8144 = EDGE_CURVE('',#8145,#8137,#8147,.T.);
#8145 = VERTEX_POINT('',#8146);
#8146 = CARTESIAN_POINT('',(-0.1,-17.93,-3.1));
#8147 = LINE('',#8148,#8149);
#8148 = CARTESIAN_POINT('',(-0.1,-17.93,-3.1));
#8149 = VECTOR('',#8150,1.);
#8150 = DIRECTION('',(1.110223024625E-16,1.,0.));
#8151 = ORIENTED_EDGE('',*,*,#8152,.T.);
#8152 = EDGE_CURVE('',#8145,#8120,#8153,.T.);
#8153 = LINE('',#8154,#8155);
#8154 = CARTESIAN_POINT('',(-0.1,-17.93,-3.1));
#8155 = VECTOR('',#8156,1.);
#8156 = DIRECTION('',(-2.692686352073E-17,-0.242535625036,0.970142500145
    ));
#8157 = PLANE('',#8158);
#8158 = AXIS2_PLACEMENT_3D('',#8159,#8160,#8161);
#8159 = CARTESIAN_POINT('',(-0.1,-17.78,3.911477598424));
#8160 = DIRECTION('',(-1.,1.110223024625E-16,0.));
#8161 = DIRECTION('',(0.,0.,1.));
#8162 = ADVANCED_FACE('',(#8163),#8174,.T.);
#8163 = FACE_BOUND('',#8164,.T.);
#8164 = EDGE_LOOP('',(#8165,#8166,#8167,#8173));
#8165 = ORIENTED_EDGE('',*,*,#6778,.F.);
#8166 = ORIENTED_EDGE('',*,*,#6788,.T.);
#8167 = ORIENTED_EDGE('',*,*,#8168,.T.);
#8168 = EDGE_CURVE('',#6789,#6829,#8169,.T.);
#8169 = LINE('',#8170,#8171);
#8170 = CARTESIAN_POINT('',(-0.1,-15.54,0.2));
#8171 = VECTOR('',#8172,1.);
#8172 = DIRECTION('',(1.,-1.110223024625E-16,0.));
#8173 = ORIENTED_EDGE('',*,*,#6836,.T.);
#8174 = PLANE('',#8175);
#8175 = AXIS2_PLACEMENT_3D('',#8176,#8177,#8178);
#8176 = CARTESIAN_POINT('',(-0.1,-15.54,0.2));
#8177 = DIRECTION('',(0.,-0.,-1.));
#8178 = DIRECTION('',(-1.110223024625E-16,-1.,0.));
#8179 = ADVANCED_FACE('',(#8180),#8221,.F.);
#8180 = FACE_BOUND('',#8181,.F.);
#8181 = EDGE_LOOP('',(#8182,#8190,#8191,#8199,#8207,#8215));
#8182 = ORIENTED_EDGE('',*,*,#8183,.T.);
#8183 = EDGE_CURVE('',#8184,#6829,#8186,.T.);
#8184 = VERTEX_POINT('',#8185);
#8185 = CARTESIAN_POINT('',(0.1,-15.54,-2.5));
#8186 = LINE('',#8187,#8188);
#8187 = CARTESIAN_POINT('',(0.1,-15.54,-2.5));
#8188 = VECTOR('',#8189,1.);
#8189 = DIRECTION('',(0.,0.,1.));
#8190 = ORIENTED_EDGE('',*,*,#6828,.F.);
#8191 = ORIENTED_EDGE('',*,*,#8192,.T.);
#8192 = EDGE_CURVE('',#6821,#8193,#8195,.T.);
#8193 = VERTEX_POINT('',#8194);
#8194 = CARTESIAN_POINT('',(0.1,-14.94,-2.5));
#8195 = LINE('',#8196,#8197);
#8196 = CARTESIAN_POINT('',(0.1,-14.94,0.2));
#8197 = VECTOR('',#8198,1.);
#8198 = DIRECTION('',(0.,0.,-1.));
#8199 = ORIENTED_EDGE('',*,*,#8200,.T.);
#8200 = EDGE_CURVE('',#8193,#8201,#8203,.T.);
#8201 = VERTEX_POINT('',#8202);
#8202 = CARTESIAN_POINT('',(0.1,-15.09,-3.1));
#8203 = LINE('',#8204,#8205);
#8204 = CARTESIAN_POINT('',(0.1,-14.94,-2.5));
#8205 = VECTOR('',#8206,1.);
#8206 = DIRECTION('',(-2.692686352073E-17,-0.242535625036,
    -0.970142500145));
#8207 = ORIENTED_EDGE('',*,*,#8208,.T.);
#8208 = EDGE_CURVE('',#8201,#8209,#8211,.T.);
#8209 = VERTEX_POINT('',#8210);
#8210 = CARTESIAN_POINT('',(0.1,-15.39,-3.1));
#8211 = LINE('',#8212,#8213);
#8212 = CARTESIAN_POINT('',(0.1,-15.09,-3.1));
#8213 = VECTOR('',#8214,1.);
#8214 = DIRECTION('',(-1.110223024625E-16,-1.,0.));
#8215 = ORIENTED_EDGE('',*,*,#8216,.T.);
#8216 = EDGE_CURVE('',#8209,#8184,#8217,.T.);
#8217 = LINE('',#8218,#8219);
#8218 = CARTESIAN_POINT('',(0.1,-15.39,-3.1));
#8219 = VECTOR('',#8220,1.);
#8220 = DIRECTION('',(-2.692686352073E-17,-0.242535625036,0.970142500145
    ));
#8221 = PLANE('',#8222);
#8222 = AXIS2_PLACEMENT_3D('',#8223,#8224,#8225);
#8223 = CARTESIAN_POINT('',(0.1,-15.24,3.911477598424));
#8224 = DIRECTION('',(-1.,1.110223024625E-16,0.));
#8225 = DIRECTION('',(0.,0.,1.));
#8226 = ADVANCED_FACE('',(#8227),#8238,.T.);
#8227 = FACE_BOUND('',#8228,.T.);
#8228 = EDGE_LOOP('',(#8229,#8235,#8236,#8237));
#8229 = ORIENTED_EDGE('',*,*,#8230,.F.);
#8230 = EDGE_CURVE('',#6797,#6821,#8231,.T.);
#8231 = LINE('',#8232,#8233);
#8232 = CARTESIAN_POINT('',(-0.1,-14.94,0.2));
#8233 = VECTOR('',#8234,1.);
#8234 = DIRECTION('',(1.,-1.110223024625E-16,0.));
#8235 = ORIENTED_EDGE('',*,*,#6804,.T.);
#8236 = ORIENTED_EDGE('',*,*,#6812,.T.);
#8237 = ORIENTED_EDGE('',*,*,#6820,.T.);
#8238 = PLANE('',#8239);
#8239 = AXIS2_PLACEMENT_3D('',#8240,#8241,#8242);
#8240 = CARTESIAN_POINT('',(-0.1,-15.54,0.2));
#8241 = DIRECTION('',(0.,-0.,-1.));
#8242 = DIRECTION('',(-1.110223024625E-16,-1.,0.));
#8243 = ADVANCED_FACE('',(#8244),#8285,.T.);
#8244 = FACE_BOUND('',#8245,.T.);
#8245 = EDGE_LOOP('',(#8246,#8254,#8255,#8263,#8271,#8279));
#8246 = ORIENTED_EDGE('',*,*,#8247,.T.);
#8247 = EDGE_CURVE('',#8248,#6789,#8250,.T.);
#8248 = VERTEX_POINT('',#8249);
#8249 = CARTESIAN_POINT('',(-0.1,-15.54,-2.5));
#8250 = LINE('',#8251,#8252);
#8251 = CARTESIAN_POINT('',(-0.1,-15.54,-2.5));
#8252 = VECTOR('',#8253,1.);
#8253 = DIRECTION('',(0.,0.,1.));
#8254 = ORIENTED_EDGE('',*,*,#6796,.F.);
#8255 = ORIENTED_EDGE('',*,*,#8256,.T.);
#8256 = EDGE_CURVE('',#6797,#8257,#8259,.T.);
#8257 = VERTEX_POINT('',#8258);
#8258 = CARTESIAN_POINT('',(-0.1,-14.94,-2.5));
#8259 = LINE('',#8260,#8261);
#8260 = CARTESIAN_POINT('',(-0.1,-14.94,0.2));
#8261 = VECTOR('',#8262,1.);
#8262 = DIRECTION('',(0.,0.,-1.));
#8263 = ORIENTED_EDGE('',*,*,#8264,.T.);
#8264 = EDGE_CURVE('',#8257,#8265,#8267,.T.);
#8265 = VERTEX_POINT('',#8266);
#8266 = CARTESIAN_POINT('',(-0.1,-15.09,-3.1));
#8267 = LINE('',#8268,#8269);
#8268 = CARTESIAN_POINT('',(-0.1,-14.94,-2.5));
#8269 = VECTOR('',#8270,1.);
#8270 = DIRECTION('',(-2.692686352073E-17,-0.242535625036,
    -0.970142500145));
#8271 = ORIENTED_EDGE('',*,*,#8272,.F.);
#8272 = EDGE_CURVE('',#8273,#8265,#8275,.T.);
#8273 = VERTEX_POINT('',#8274);
#8274 = CARTESIAN_POINT('',(-0.1,-15.39,-3.1));
#8275 = LINE('',#8276,#8277);
#8276 = CARTESIAN_POINT('',(-0.1,-15.39,-3.1));
#8277 = VECTOR('',#8278,1.);
#8278 = DIRECTION('',(1.110223024625E-16,1.,0.));
#8279 = ORIENTED_EDGE('',*,*,#8280,.T.);
#8280 = EDGE_CURVE('',#8273,#8248,#8281,.T.);
#8281 = LINE('',#8282,#8283);
#8282 = CARTESIAN_POINT('',(-0.1,-15.39,-3.1));
#8283 = VECTOR('',#8284,1.);
#8284 = DIRECTION('',(-2.692686352073E-17,-0.242535625036,0.970142500145
    ));
#8285 = PLANE('',#8286);
#8286 = AXIS2_PLACEMENT_3D('',#8287,#8288,#8289);
#8287 = CARTESIAN_POINT('',(-0.1,-15.24,3.911477598424));
#8288 = DIRECTION('',(-1.,1.110223024625E-16,0.));
#8289 = DIRECTION('',(0.,0.,1.));
#8290 = ADVANCED_FACE('',(#8291),#8302,.T.);
#8291 = FACE_BOUND('',#8292,.T.);
#8292 = EDGE_LOOP('',(#8293,#8294,#8295,#8301));
#8293 = ORIENTED_EDGE('',*,*,#6844,.F.);
#8294 = ORIENTED_EDGE('',*,*,#6854,.T.);
#8295 = ORIENTED_EDGE('',*,*,#8296,.T.);
#8296 = EDGE_CURVE('',#6855,#6895,#8297,.T.);
#8297 = LINE('',#8298,#8299);
#8298 = CARTESIAN_POINT('',(-0.1,-13.,0.2));
#8299 = VECTOR('',#8300,1.);
#8300 = DIRECTION('',(1.,-1.110223024625E-16,0.));
#8301 = ORIENTED_EDGE('',*,*,#6902,.T.);
#8302 = PLANE('',#8303);
#8303 = AXIS2_PLACEMENT_3D('',#8304,#8305,#8306);
#8304 = CARTESIAN_POINT('',(-0.1,-13.,0.2));
#8305 = DIRECTION('',(0.,-0.,-1.));
#8306 = DIRECTION('',(-1.110223024625E-16,-1.,0.));
#8307 = ADVANCED_FACE('',(#8308),#8349,.F.);
#8308 = FACE_BOUND('',#8309,.F.);
#8309 = EDGE_LOOP('',(#8310,#8318,#8319,#8327,#8335,#8343));
#8310 = ORIENTED_EDGE('',*,*,#8311,.T.);
#8311 = EDGE_CURVE('',#8312,#6895,#8314,.T.);
#8312 = VERTEX_POINT('',#8313);
#8313 = CARTESIAN_POINT('',(0.1,-13.,-2.5));
#8314 = LINE('',#8315,#8316);
#8315 = CARTESIAN_POINT('',(0.1,-13.,-2.5));
#8316 = VECTOR('',#8317,1.);
#8317 = DIRECTION('',(0.,0.,1.));
#8318 = ORIENTED_EDGE('',*,*,#6894,.F.);
#8319 = ORIENTED_EDGE('',*,*,#8320,.T.);
#8320 = EDGE_CURVE('',#6887,#8321,#8323,.T.);
#8321 = VERTEX_POINT('',#8322);
#8322 = CARTESIAN_POINT('',(0.1,-12.4,-2.5));
#8323 = LINE('',#8324,#8325);
#8324 = CARTESIAN_POINT('',(0.1,-12.4,0.2));
#8325 = VECTOR('',#8326,1.);
#8326 = DIRECTION('',(0.,0.,-1.));
#8327 = ORIENTED_EDGE('',*,*,#8328,.T.);
#8328 = EDGE_CURVE('',#8321,#8329,#8331,.T.);
#8329 = VERTEX_POINT('',#8330);
#8330 = CARTESIAN_POINT('',(0.1,-12.55,-3.1));
#8331 = LINE('',#8332,#8333);
#8332 = CARTESIAN_POINT('',(0.1,-12.4,-2.5));
#8333 = VECTOR('',#8334,1.);
#8334 = DIRECTION('',(-2.692686352073E-17,-0.242535625036,
    -0.970142500145));
#8335 = ORIENTED_EDGE('',*,*,#8336,.T.);
#8336 = EDGE_CURVE('',#8329,#8337,#8339,.T.);
#8337 = VERTEX_POINT('',#8338);
#8338 = CARTESIAN_POINT('',(0.1,-12.85,-3.1));
#8339 = LINE('',#8340,#8341);
#8340 = CARTESIAN_POINT('',(0.1,-12.55,-3.1));
#8341 = VECTOR('',#8342,1.);
#8342 = DIRECTION('',(-1.110223024625E-16,-1.,0.));
#8343 = ORIENTED_EDGE('',*,*,#8344,.T.);
#8344 = EDGE_CURVE('',#8337,#8312,#8345,.T.);
#8345 = LINE('',#8346,#8347);
#8346 = CARTESIAN_POINT('',(0.1,-12.85,-3.1));
#8347 = VECTOR('',#8348,1.);
#8348 = DIRECTION('',(-2.692686352073E-17,-0.242535625036,0.970142500145
    ));
#8349 = PLANE('',#8350);
#8350 = AXIS2_PLACEMENT_3D('',#8351,#8352,#8353);
#8351 = CARTESIAN_POINT('',(0.1,-12.7,3.911477598424));
#8352 = DIRECTION('',(-1.,1.110223024625E-16,0.));
#8353 = DIRECTION('',(0.,0.,1.));
#8354 = ADVANCED_FACE('',(#8355),#8366,.T.);
#8355 = FACE_BOUND('',#8356,.T.);
#8356 = EDGE_LOOP('',(#8357,#8363,#8364,#8365));
#8357 = ORIENTED_EDGE('',*,*,#8358,.F.);
#8358 = EDGE_CURVE('',#6863,#6887,#8359,.T.);
#8359 = LINE('',#8360,#8361);
#8360 = CARTESIAN_POINT('',(-0.1,-12.4,0.2));
#8361 = VECTOR('',#8362,1.);
#8362 = DIRECTION('',(1.,-1.110223024625E-16,0.));
#8363 = ORIENTED_EDGE('',*,*,#6870,.T.);
#8364 = ORIENTED_EDGE('',*,*,#6878,.T.);
#8365 = ORIENTED_EDGE('',*,*,#6886,.T.);
#8366 = PLANE('',#8367);
#8367 = AXIS2_PLACEMENT_3D('',#8368,#8369,#8370);
#8368 = CARTESIAN_POINT('',(-0.1,-13.,0.2));
#8369 = DIRECTION('',(0.,-0.,-1.));
#8370 = DIRECTION('',(-1.110223024625E-16,-1.,0.));
#8371 = ADVANCED_FACE('',(#8372),#8413,.T.);
#8372 = FACE_BOUND('',#8373,.T.);
#8373 = EDGE_LOOP('',(#8374,#8382,#8383,#8391,#8399,#8407));
#8374 = ORIENTED_EDGE('',*,*,#8375,.T.);
#8375 = EDGE_CURVE('',#8376,#6855,#8378,.T.);
#8376 = VERTEX_POINT('',#8377);
#8377 = CARTESIAN_POINT('',(-0.1,-13.,-2.5));
#8378 = LINE('',#8379,#8380);
#8379 = CARTESIAN_POINT('',(-0.1,-13.,-2.5));
#8380 = VECTOR('',#8381,1.);
#8381 = DIRECTION('',(0.,0.,1.));
#8382 = ORIENTED_EDGE('',*,*,#6862,.F.);
#8383 = ORIENTED_EDGE('',*,*,#8384,.T.);
#8384 = EDGE_CURVE('',#6863,#8385,#8387,.T.);
#8385 = VERTEX_POINT('',#8386);
#8386 = CARTESIAN_POINT('',(-0.1,-12.4,-2.5));
#8387 = LINE('',#8388,#8389);
#8388 = CARTESIAN_POINT('',(-0.1,-12.4,0.2));
#8389 = VECTOR('',#8390,1.);
#8390 = DIRECTION('',(0.,0.,-1.));
#8391 = ORIENTED_EDGE('',*,*,#8392,.T.);
#8392 = EDGE_CURVE('',#8385,#8393,#8395,.T.);
#8393 = VERTEX_POINT('',#8394);
#8394 = CARTESIAN_POINT('',(-0.1,-12.55,-3.1));
#8395 = LINE('',#8396,#8397);
#8396 = CARTESIAN_POINT('',(-0.1,-12.4,-2.5));
#8397 = VECTOR('',#8398,1.);
#8398 = DIRECTION('',(-2.692686352073E-17,-0.242535625036,
    -0.970142500145));
#8399 = ORIENTED_EDGE('',*,*,#8400,.F.);
#8400 = EDGE_CURVE('',#8401,#8393,#8403,.T.);
#8401 = VERTEX_POINT('',#8402);
#8402 = CARTESIAN_POINT('',(-0.1,-12.85,-3.1));
#8403 = LINE('',#8404,#8405);
#8404 = CARTESIAN_POINT('',(-0.1,-12.85,-3.1));
#8405 = VECTOR('',#8406,1.);
#8406 = DIRECTION('',(1.110223024625E-16,1.,0.));
#8407 = ORIENTED_EDGE('',*,*,#8408,.T.);
#8408 = EDGE_CURVE('',#8401,#8376,#8409,.T.);
#8409 = LINE('',#8410,#8411);
#8410 = CARTESIAN_POINT('',(-0.1,-12.85,-3.1));
#8411 = VECTOR('',#8412,1.);
#8412 = DIRECTION('',(-2.692686352073E-17,-0.242535625036,0.970142500145
    ));
#8413 = PLANE('',#8414);
#8414 = AXIS2_PLACEMENT_3D('',#8415,#8416,#8417);
#8415 = CARTESIAN_POINT('',(-0.1,-12.7,3.911477598424));
#8416 = DIRECTION('',(-1.,1.110223024625E-16,0.));
#8417 = DIRECTION('',(0.,0.,1.));
#8418 = ADVANCED_FACE('',(#8419),#8430,.T.);
#8419 = FACE_BOUND('',#8420,.T.);
#8420 = EDGE_LOOP('',(#8421,#8422,#8423,#8429));
#8421 = ORIENTED_EDGE('',*,*,#6910,.F.);
#8422 = ORIENTED_EDGE('',*,*,#6920,.T.);
#8423 = ORIENTED_EDGE('',*,*,#8424,.T.);
#8424 = EDGE_CURVE('',#6921,#6961,#8425,.T.);
#8425 = LINE('',#8426,#8427);
#8426 = CARTESIAN_POINT('',(-0.1,-10.46,0.2));
#8427 = VECTOR('',#8428,1.);
#8428 = DIRECTION('',(1.,-1.110223024625E-16,0.));
#8429 = ORIENTED_EDGE('',*,*,#6968,.T.);
#8430 = PLANE('',#8431);
#8431 = AXIS2_PLACEMENT_3D('',#8432,#8433,#8434);
#8432 = CARTESIAN_POINT('',(-0.1,-10.46,0.2));
#8433 = DIRECTION('',(0.,-0.,-1.));
#8434 = DIRECTION('',(-1.110223024625E-16,-1.,0.));
#8435 = ADVANCED_FACE('',(#8436),#8477,.F.);
#8436 = FACE_BOUND('',#8437,.F.);
#8437 = EDGE_LOOP('',(#8438,#8446,#8447,#8455,#8463,#8471));
#8438 = ORIENTED_EDGE('',*,*,#8439,.T.);
#8439 = EDGE_CURVE('',#8440,#6961,#8442,.T.);
#8440 = VERTEX_POINT('',#8441);
#8441 = CARTESIAN_POINT('',(0.1,-10.46,-2.5));
#8442 = LINE('',#8443,#8444);
#8443 = CARTESIAN_POINT('',(0.1,-10.46,-2.5));
#8444 = VECTOR('',#8445,1.);
#8445 = DIRECTION('',(0.,0.,1.));
#8446 = ORIENTED_EDGE('',*,*,#6960,.F.);
#8447 = ORIENTED_EDGE('',*,*,#8448,.T.);
#8448 = EDGE_CURVE('',#6953,#8449,#8451,.T.);
#8449 = VERTEX_POINT('',#8450);
#8450 = CARTESIAN_POINT('',(0.1,-9.86,-2.5));
#8451 = LINE('',#8452,#8453);
#8452 = CARTESIAN_POINT('',(0.1,-9.86,0.2));
#8453 = VECTOR('',#8454,1.);
#8454 = DIRECTION('',(0.,0.,-1.));
#8455 = ORIENTED_EDGE('',*,*,#8456,.T.);
#8456 = EDGE_CURVE('',#8449,#8457,#8459,.T.);
#8457 = VERTEX_POINT('',#8458);
#8458 = CARTESIAN_POINT('',(0.1,-10.01,-3.1));
#8459 = LINE('',#8460,#8461);
#8460 = CARTESIAN_POINT('',(0.1,-9.86,-2.5));
#8461 = VECTOR('',#8462,1.);
#8462 = DIRECTION('',(-2.692686352073E-17,-0.242535625036,
    -0.970142500145));
#8463 = ORIENTED_EDGE('',*,*,#8464,.T.);
#8464 = EDGE_CURVE('',#8457,#8465,#8467,.T.);
#8465 = VERTEX_POINT('',#8466);
#8466 = CARTESIAN_POINT('',(0.1,-10.31,-3.1));
#8467 = LINE('',#8468,#8469);
#8468 = CARTESIAN_POINT('',(0.1,-10.01,-3.1));
#8469 = VECTOR('',#8470,1.);
#8470 = DIRECTION('',(-1.110223024625E-16,-1.,0.));
#8471 = ORIENTED_EDGE('',*,*,#8472,.T.);
#8472 = EDGE_CURVE('',#8465,#8440,#8473,.T.);
#8473 = LINE('',#8474,#8475);
#8474 = CARTESIAN_POINT('',(0.1,-10.31,-3.1));
#8475 = VECTOR('',#8476,1.);
#8476 = DIRECTION('',(-2.692686352073E-17,-0.242535625036,0.970142500145
    ));
#8477 = PLANE('',#8478);
#8478 = AXIS2_PLACEMENT_3D('',#8479,#8480,#8481);
#8479 = CARTESIAN_POINT('',(0.1,-10.16,3.911477598424));
#8480 = DIRECTION('',(-1.,1.110223024625E-16,0.));
#8481 = DIRECTION('',(0.,0.,1.));
#8482 = ADVANCED_FACE('',(#8483),#8494,.T.);
#8483 = FACE_BOUND('',#8484,.T.);
#8484 = EDGE_LOOP('',(#8485,#8491,#8492,#8493));
#8485 = ORIENTED_EDGE('',*,*,#8486,.F.);
#8486 = EDGE_CURVE('',#6929,#6953,#8487,.T.);
#8487 = LINE('',#8488,#8489);
#8488 = CARTESIAN_POINT('',(-0.1,-9.86,0.2));
#8489 = VECTOR('',#8490,1.);
#8490 = DIRECTION('',(1.,-1.110223024625E-16,0.));
#8491 = ORIENTED_EDGE('',*,*,#6936,.T.);
#8492 = ORIENTED_EDGE('',*,*,#6944,.T.);
#8493 = ORIENTED_EDGE('',*,*,#6952,.T.);
#8494 = PLANE('',#8495);
#8495 = AXIS2_PLACEMENT_3D('',#8496,#8497,#8498);
#8496 = CARTESIAN_POINT('',(-0.1,-10.46,0.2));
#8497 = DIRECTION('',(0.,-0.,-1.));
#8498 = DIRECTION('',(-1.110223024625E-16,-1.,0.));
#8499 = ADVANCED_FACE('',(#8500),#8541,.T.);
#8500 = FACE_BOUND('',#8501,.T.);
#8501 = EDGE_LOOP('',(#8502,#8510,#8511,#8519,#8527,#8535));
#8502 = ORIENTED_EDGE('',*,*,#8503,.T.);
#8503 = EDGE_CURVE('',#8504,#6921,#8506,.T.);
#8504 = VERTEX_POINT('',#8505);
#8505 = CARTESIAN_POINT('',(-0.1,-10.46,-2.5));
#8506 = LINE('',#8507,#8508);
#8507 = CARTESIAN_POINT('',(-0.1,-10.46,-2.5));
#8508 = VECTOR('',#8509,1.);
#8509 = DIRECTION('',(0.,0.,1.));
#8510 = ORIENTED_EDGE('',*,*,#6928,.F.);
#8511 = ORIENTED_EDGE('',*,*,#8512,.T.);
#8512 = EDGE_CURVE('',#6929,#8513,#8515,.T.);
#8513 = VERTEX_POINT('',#8514);
#8514 = CARTESIAN_POINT('',(-0.1,-9.86,-2.5));
#8515 = LINE('',#8516,#8517);
#8516 = CARTESIAN_POINT('',(-0.1,-9.86,0.2));
#8517 = VECTOR('',#8518,1.);
#8518 = DIRECTION('',(0.,0.,-1.));
#8519 = ORIENTED_EDGE('',*,*,#8520,.T.);
#8520 = EDGE_CURVE('',#8513,#8521,#8523,.T.);
#8521 = VERTEX_POINT('',#8522);
#8522 = CARTESIAN_POINT('',(-0.1,-10.01,-3.1));
#8523 = LINE('',#8524,#8525);
#8524 = CARTESIAN_POINT('',(-0.1,-9.86,-2.5));
#8525 = VECTOR('',#8526,1.);
#8526 = DIRECTION('',(-2.692686352073E-17,-0.242535625036,
    -0.970142500145));
#8527 = ORIENTED_EDGE('',*,*,#8528,.F.);
#8528 = EDGE_CURVE('',#8529,#8521,#8531,.T.);
#8529 = VERTEX_POINT('',#8530);
#8530 = CARTESIAN_POINT('',(-0.1,-10.31,-3.1));
#8531 = LINE('',#8532,#8533);
#8532 = CARTESIAN_POINT('',(-0.1,-10.31,-3.1));
#8533 = VECTOR('',#8534,1.);
#8534 = DIRECTION('',(1.110223024625E-16,1.,0.));
#8535 = ORIENTED_EDGE('',*,*,#8536,.T.);
#8536 = EDGE_CURVE('',#8529,#8504,#8537,.T.);
#8537 = LINE('',#8538,#8539);
#8538 = CARTESIAN_POINT('',(-0.1,-10.31,-3.1));
#8539 = VECTOR('',#8540,1.);
#8540 = DIRECTION('',(-2.692686352073E-17,-0.242535625036,0.970142500145
    ));
#8541 = PLANE('',#8542);
#8542 = AXIS2_PLACEMENT_3D('',#8543,#8544,#8545);
#8543 = CARTESIAN_POINT('',(-0.1,-10.16,3.911477598424));
#8544 = DIRECTION('',(-1.,1.110223024625E-16,0.));
#8545 = DIRECTION('',(0.,0.,1.));
#8546 = ADVANCED_FACE('',(#8547),#8558,.T.);
#8547 = FACE_BOUND('',#8548,.T.);
#8548 = EDGE_LOOP('',(#8549,#8550,#8551,#8557));
#8549 = ORIENTED_EDGE('',*,*,#6976,.F.);
#8550 = ORIENTED_EDGE('',*,*,#6986,.T.);
#8551 = ORIENTED_EDGE('',*,*,#8552,.T.);
#8552 = EDGE_CURVE('',#6987,#7027,#8553,.T.);
#8553 = LINE('',#8554,#8555);
#8554 = CARTESIAN_POINT('',(-0.1,-7.92,0.2));
#8555 = VECTOR('',#8556,1.);
#8556 = DIRECTION('',(1.,-1.110223024625E-16,0.));
#8557 = ORIENTED_EDGE('',*,*,#7034,.T.);
#8558 = PLANE('',#8559);
#8559 = AXIS2_PLACEMENT_3D('',#8560,#8561,#8562);
#8560 = CARTESIAN_POINT('',(-0.1,-7.92,0.2));
#8561 = DIRECTION('',(0.,-0.,-1.));
#8562 = DIRECTION('',(-1.110223024625E-16,-1.,0.));
#8563 = ADVANCED_FACE('',(#8564),#8605,.F.);
#8564 = FACE_BOUND('',#8565,.F.);
#8565 = EDGE_LOOP('',(#8566,#8574,#8575,#8583,#8591,#8599));
#8566 = ORIENTED_EDGE('',*,*,#8567,.T.);
#8567 = EDGE_CURVE('',#8568,#7027,#8570,.T.);
#8568 = VERTEX_POINT('',#8569);
#8569 = CARTESIAN_POINT('',(0.1,-7.92,-2.5));
#8570 = LINE('',#8571,#8572);
#8571 = CARTESIAN_POINT('',(0.1,-7.92,-2.5));
#8572 = VECTOR('',#8573,1.);
#8573 = DIRECTION('',(0.,0.,1.));
#8574 = ORIENTED_EDGE('',*,*,#7026,.F.);
#8575 = ORIENTED_EDGE('',*,*,#8576,.T.);
#8576 = EDGE_CURVE('',#7019,#8577,#8579,.T.);
#8577 = VERTEX_POINT('',#8578);
#8578 = CARTESIAN_POINT('',(0.1,-7.32,-2.5));
#8579 = LINE('',#8580,#8581);
#8580 = CARTESIAN_POINT('',(0.1,-7.32,0.2));
#8581 = VECTOR('',#8582,1.);
#8582 = DIRECTION('',(0.,0.,-1.));
#8583 = ORIENTED_EDGE('',*,*,#8584,.T.);
#8584 = EDGE_CURVE('',#8577,#8585,#8587,.T.);
#8585 = VERTEX_POINT('',#8586);
#8586 = CARTESIAN_POINT('',(0.1,-7.47,-3.1));
#8587 = LINE('',#8588,#8589);
#8588 = CARTESIAN_POINT('',(0.1,-7.32,-2.5));
#8589 = VECTOR('',#8590,1.);
#8590 = DIRECTION('',(-2.692686352073E-17,-0.242535625036,
    -0.970142500145));
#8591 = ORIENTED_EDGE('',*,*,#8592,.T.);
#8592 = EDGE_CURVE('',#8585,#8593,#8595,.T.);
#8593 = VERTEX_POINT('',#8594);
#8594 = CARTESIAN_POINT('',(0.1,-7.77,-3.1));
#8595 = LINE('',#8596,#8597);
#8596 = CARTESIAN_POINT('',(0.1,-7.47,-3.1));
#8597 = VECTOR('',#8598,1.);
#8598 = DIRECTION('',(-1.110223024625E-16,-1.,0.));
#8599 = ORIENTED_EDGE('',*,*,#8600,.T.);
#8600 = EDGE_CURVE('',#8593,#8568,#8601,.T.);
#8601 = LINE('',#8602,#8603);
#8602 = CARTESIAN_POINT('',(0.1,-7.77,-3.1));
#8603 = VECTOR('',#8604,1.);
#8604 = DIRECTION('',(-2.692686352073E-17,-0.242535625036,0.970142500145
    ));
#8605 = PLANE('',#8606);
#8606 = AXIS2_PLACEMENT_3D('',#8607,#8608,#8609);
#8607 = CARTESIAN_POINT('',(0.1,-7.62,3.911477598424));
#8608 = DIRECTION('',(-1.,1.110223024625E-16,0.));
#8609 = DIRECTION('',(0.,0.,1.));
#8610 = ADVANCED_FACE('',(#8611),#8622,.T.);
#8611 = FACE_BOUND('',#8612,.T.);
#8612 = EDGE_LOOP('',(#8613,#8619,#8620,#8621));
#8613 = ORIENTED_EDGE('',*,*,#8614,.F.);
#8614 = EDGE_CURVE('',#6995,#7019,#8615,.T.);
#8615 = LINE('',#8616,#8617);
#8616 = CARTESIAN_POINT('',(-0.1,-7.32,0.2));
#8617 = VECTOR('',#8618,1.);
#8618 = DIRECTION('',(1.,-1.110223024625E-16,0.));
#8619 = ORIENTED_EDGE('',*,*,#7002,.T.);
#8620 = ORIENTED_EDGE('',*,*,#7010,.T.);
#8621 = ORIENTED_EDGE('',*,*,#7018,.T.);
#8622 = PLANE('',#8623);
#8623 = AXIS2_PLACEMENT_3D('',#8624,#8625,#8626);
#8624 = CARTESIAN_POINT('',(-0.1,-7.92,0.2));
#8625 = DIRECTION('',(0.,-0.,-1.));
#8626 = DIRECTION('',(-1.110223024625E-16,-1.,0.));
#8627 = ADVANCED_FACE('',(#8628),#8669,.T.);
#8628 = FACE_BOUND('',#8629,.T.);
#8629 = EDGE_LOOP('',(#8630,#8638,#8639,#8647,#8655,#8663));
#8630 = ORIENTED_EDGE('',*,*,#8631,.T.);
#8631 = EDGE_CURVE('',#8632,#6987,#8634,.T.);
#8632 = VERTEX_POINT('',#8633);
#8633 = CARTESIAN_POINT('',(-0.1,-7.92,-2.5));
#8634 = LINE('',#8635,#8636);
#8635 = CARTESIAN_POINT('',(-0.1,-7.92,-2.5));
#8636 = VECTOR('',#8637,1.);
#8637 = DIRECTION('',(0.,0.,1.));
#8638 = ORIENTED_EDGE('',*,*,#6994,.F.);
#8639 = ORIENTED_EDGE('',*,*,#8640,.T.);
#8640 = EDGE_CURVE('',#6995,#8641,#8643,.T.);
#8641 = VERTEX_POINT('',#8642);
#8642 = CARTESIAN_POINT('',(-0.1,-7.32,-2.5));
#8643 = LINE('',#8644,#8645);
#8644 = CARTESIAN_POINT('',(-0.1,-7.32,0.2));
#8645 = VECTOR('',#8646,1.);
#8646 = DIRECTION('',(0.,0.,-1.));
#8647 = ORIENTED_EDGE('',*,*,#8648,.T.);
#8648 = EDGE_CURVE('',#8641,#8649,#8651,.T.);
#8649 = VERTEX_POINT('',#8650);
#8650 = CARTESIAN_POINT('',(-0.1,-7.47,-3.1));
#8651 = LINE('',#8652,#8653);
#8652 = CARTESIAN_POINT('',(-0.1,-7.32,-2.5));
#8653 = VECTOR('',#8654,1.);
#8654 = DIRECTION('',(-2.692686352073E-17,-0.242535625036,
    -0.970142500145));
#8655 = ORIENTED_EDGE('',*,*,#8656,.F.);
#8656 = EDGE_CURVE('',#8657,#8649,#8659,.T.);
#8657 = VERTEX_POINT('',#8658);
#8658 = CARTESIAN_POINT('',(-0.1,-7.77,-3.1));
#8659 = LINE('',#8660,#8661);
#8660 = CARTESIAN_POINT('',(-0.1,-7.77,-3.1));
#8661 = VECTOR('',#8662,1.);
#8662 = DIRECTION('',(1.110223024625E-16,1.,0.));
#8663 = ORIENTED_EDGE('',*,*,#8664,.T.);
#8664 = EDGE_CURVE('',#8657,#8632,#8665,.T.);
#8665 = LINE('',#8666,#8667);
#8666 = CARTESIAN_POINT('',(-0.1,-7.77,-3.1));
#8667 = VECTOR('',#8668,1.);
#8668 = DIRECTION('',(-2.692686352073E-17,-0.242535625036,0.970142500145
    ));
#8669 = PLANE('',#8670);
#8670 = AXIS2_PLACEMENT_3D('',#8671,#8672,#8673);
#8671 = CARTESIAN_POINT('',(-0.1,-7.62,3.911477598424));
#8672 = DIRECTION('',(-1.,1.110223024625E-16,0.));
#8673 = DIRECTION('',(0.,0.,1.));
#8674 = ADVANCED_FACE('',(#8675),#8686,.T.);
#8675 = FACE_BOUND('',#8676,.T.);
#8676 = EDGE_LOOP('',(#8677,#8678,#8679,#8685));
#8677 = ORIENTED_EDGE('',*,*,#7042,.F.);
#8678 = ORIENTED_EDGE('',*,*,#7052,.T.);
#8679 = ORIENTED_EDGE('',*,*,#8680,.T.);
#8680 = EDGE_CURVE('',#7053,#7093,#8681,.T.);
#8681 = LINE('',#8682,#8683);
#8682 = CARTESIAN_POINT('',(-0.1,-5.38,0.2));
#8683 = VECTOR('',#8684,1.);
#8684 = DIRECTION('',(1.,-1.110223024625E-16,0.));
#8685 = ORIENTED_EDGE('',*,*,#7100,.T.);
#8686 = PLANE('',#8687);
#8687 = AXIS2_PLACEMENT_3D('',#8688,#8689,#8690);
#8688 = CARTESIAN_POINT('',(-0.1,-5.38,0.2));
#8689 = DIRECTION('',(0.,-0.,-1.));
#8690 = DIRECTION('',(-1.110223024625E-16,-1.,0.));
#8691 = ADVANCED_FACE('',(#8692),#8733,.F.);
#8692 = FACE_BOUND('',#8693,.F.);
#8693 = EDGE_LOOP('',(#8694,#8702,#8703,#8711,#8719,#8727));
#8694 = ORIENTED_EDGE('',*,*,#8695,.T.);
#8695 = EDGE_CURVE('',#8696,#7093,#8698,.T.);
#8696 = VERTEX_POINT('',#8697);
#8697 = CARTESIAN_POINT('',(0.1,-5.38,-2.5));
#8698 = LINE('',#8699,#8700);
#8699 = CARTESIAN_POINT('',(0.1,-5.38,-2.5));
#8700 = VECTOR('',#8701,1.);
#8701 = DIRECTION('',(0.,0.,1.));
#8702 = ORIENTED_EDGE('',*,*,#7092,.F.);
#8703 = ORIENTED_EDGE('',*,*,#8704,.T.);
#8704 = EDGE_CURVE('',#7085,#8705,#8707,.T.);
#8705 = VERTEX_POINT('',#8706);
#8706 = CARTESIAN_POINT('',(0.1,-4.78,-2.5));
#8707 = LINE('',#8708,#8709);
#8708 = CARTESIAN_POINT('',(0.1,-4.78,0.2));
#8709 = VECTOR('',#8710,1.);
#8710 = DIRECTION('',(0.,0.,-1.));
#8711 = ORIENTED_EDGE('',*,*,#8712,.T.);
#8712 = EDGE_CURVE('',#8705,#8713,#8715,.T.);
#8713 = VERTEX_POINT('',#8714);
#8714 = CARTESIAN_POINT('',(0.1,-4.93,-3.1));
#8715 = LINE('',#8716,#8717);
#8716 = CARTESIAN_POINT('',(0.1,-4.78,-2.5));
#8717 = VECTOR('',#8718,1.);
#8718 = DIRECTION('',(-2.692686352073E-17,-0.242535625036,
    -0.970142500145));
#8719 = ORIENTED_EDGE('',*,*,#8720,.T.);
#8720 = EDGE_CURVE('',#8713,#8721,#8723,.T.);
#8721 = VERTEX_POINT('',#8722);
#8722 = CARTESIAN_POINT('',(0.1,-5.23,-3.1));
#8723 = LINE('',#8724,#8725);
#8724 = CARTESIAN_POINT('',(0.1,-4.93,-3.1));
#8725 = VECTOR('',#8726,1.);
#8726 = DIRECTION('',(-1.110223024625E-16,-1.,0.));
#8727 = ORIENTED_EDGE('',*,*,#8728,.T.);
#8728 = EDGE_CURVE('',#8721,#8696,#8729,.T.);
#8729 = LINE('',#8730,#8731);
#8730 = CARTESIAN_POINT('',(0.1,-5.23,-3.1));
#8731 = VECTOR('',#8732,1.);
#8732 = DIRECTION('',(-2.692686352073E-17,-0.242535625036,0.970142500145
    ));
#8733 = PLANE('',#8734);
#8734 = AXIS2_PLACEMENT_3D('',#8735,#8736,#8737);
#8735 = CARTESIAN_POINT('',(0.1,-5.08,3.911477598424));
#8736 = DIRECTION('',(-1.,1.110223024625E-16,0.));
#8737 = DIRECTION('',(0.,0.,1.));
#8738 = ADVANCED_FACE('',(#8739),#8750,.T.);
#8739 = FACE_BOUND('',#8740,.T.);
#8740 = EDGE_LOOP('',(#8741,#8747,#8748,#8749));
#8741 = ORIENTED_EDGE('',*,*,#8742,.F.);
#8742 = EDGE_CURVE('',#7061,#7085,#8743,.T.);
#8743 = LINE('',#8744,#8745);
#8744 = CARTESIAN_POINT('',(-0.1,-4.78,0.2));
#8745 = VECTOR('',#8746,1.);
#8746 = DIRECTION('',(1.,-1.110223024625E-16,0.));
#8747 = ORIENTED_EDGE('',*,*,#7068,.T.);
#8748 = ORIENTED_EDGE('',*,*,#7076,.T.);
#8749 = ORIENTED_EDGE('',*,*,#7084,.T.);
#8750 = PLANE('',#8751);
#8751 = AXIS2_PLACEMENT_3D('',#8752,#8753,#8754);
#8752 = CARTESIAN_POINT('',(-0.1,-5.38,0.2));
#8753 = DIRECTION('',(0.,-0.,-1.));
#8754 = DIRECTION('',(-1.110223024625E-16,-1.,0.));
#8755 = ADVANCED_FACE('',(#8756),#8797,.T.);
#8756 = FACE_BOUND('',#8757,.T.);
#8757 = EDGE_LOOP('',(#8758,#8766,#8767,#8775,#8783,#8791));
#8758 = ORIENTED_EDGE('',*,*,#8759,.T.);
#8759 = EDGE_CURVE('',#8760,#7053,#8762,.T.);
#8760 = VERTEX_POINT('',#8761);
#8761 = CARTESIAN_POINT('',(-0.1,-5.38,-2.5));
#8762 = LINE('',#8763,#8764);
#8763 = CARTESIAN_POINT('',(-0.1,-5.38,-2.5));
#8764 = VECTOR('',#8765,1.);
#8765 = DIRECTION('',(0.,0.,1.));
#8766 = ORIENTED_EDGE('',*,*,#7060,.F.);
#8767 = ORIENTED_EDGE('',*,*,#8768,.T.);
#8768 = EDGE_CURVE('',#7061,#8769,#8771,.T.);
#8769 = VERTEX_POINT('',#8770);
#8770 = CARTESIAN_POINT('',(-0.1,-4.78,-2.5));
#8771 = LINE('',#8772,#8773);
#8772 = CARTESIAN_POINT('',(-0.1,-4.78,0.2));
#8773 = VECTOR('',#8774,1.);
#8774 = DIRECTION('',(0.,0.,-1.));
#8775 = ORIENTED_EDGE('',*,*,#8776,.T.);
#8776 = EDGE_CURVE('',#8769,#8777,#8779,.T.);
#8777 = VERTEX_POINT('',#8778);
#8778 = CARTESIAN_POINT('',(-0.1,-4.93,-3.1));
#8779 = LINE('',#8780,#8781);
#8780 = CARTESIAN_POINT('',(-0.1,-4.78,-2.5));
#8781 = VECTOR('',#8782,1.);
#8782 = DIRECTION('',(-2.692686352073E-17,-0.242535625036,
    -0.970142500145));
#8783 = ORIENTED_EDGE('',*,*,#8784,.F.);
#8784 = EDGE_CURVE('',#8785,#8777,#8787,.T.);
#8785 = VERTEX_POINT('',#8786);
#8786 = CARTESIAN_POINT('',(-0.1,-5.23,-3.1));
#8787 = LINE('',#8788,#8789);
#8788 = CARTESIAN_POINT('',(-0.1,-5.23,-3.1));
#8789 = VECTOR('',#8790,1.);
#8790 = DIRECTION('',(1.110223024625E-16,1.,0.));
#8791 = ORIENTED_EDGE('',*,*,#8792,.T.);
#8792 = EDGE_CURVE('',#8785,#8760,#8793,.T.);
#8793 = LINE('',#8794,#8795);
#8794 = CARTESIAN_POINT('',(-0.1,-5.23,-3.1));
#8795 = VECTOR('',#8796,1.);
#8796 = DIRECTION('',(-2.692686352073E-17,-0.242535625036,0.970142500145
    ));
#8797 = PLANE('',#8798);
#8798 = AXIS2_PLACEMENT_3D('',#8799,#8800,#8801);
#8799 = CARTESIAN_POINT('',(-0.1,-5.08,3.911477598424));
#8800 = DIRECTION('',(-1.,1.110223024625E-16,0.));
#8801 = DIRECTION('',(0.,0.,1.));
#8802 = ADVANCED_FACE('',(#8803),#8814,.T.);
#8803 = FACE_BOUND('',#8804,.T.);
#8804 = EDGE_LOOP('',(#8805,#8806,#8807,#8813));
#8805 = ORIENTED_EDGE('',*,*,#7108,.F.);
#8806 = ORIENTED_EDGE('',*,*,#7118,.T.);
#8807 = ORIENTED_EDGE('',*,*,#8808,.T.);
#8808 = EDGE_CURVE('',#7119,#7159,#8809,.T.);
#8809 = LINE('',#8810,#8811);
#8810 = CARTESIAN_POINT('',(-0.1,-2.84,0.2));
#8811 = VECTOR('',#8812,1.);
#8812 = DIRECTION('',(1.,-1.110223024625E-16,0.));
#8813 = ORIENTED_EDGE('',*,*,#7166,.T.);
#8814 = PLANE('',#8815);
#8815 = AXIS2_PLACEMENT_3D('',#8816,#8817,#8818);
#8816 = CARTESIAN_POINT('',(-0.1,-2.84,0.2));
#8817 = DIRECTION('',(0.,-0.,-1.));
#8818 = DIRECTION('',(-1.110223024625E-16,-1.,0.));
#8819 = ADVANCED_FACE('',(#8820),#8861,.F.);
#8820 = FACE_BOUND('',#8821,.F.);
#8821 = EDGE_LOOP('',(#8822,#8830,#8831,#8839,#8847,#8855));
#8822 = ORIENTED_EDGE('',*,*,#8823,.T.);
#8823 = EDGE_CURVE('',#8824,#7159,#8826,.T.);
#8824 = VERTEX_POINT('',#8825);
#8825 = CARTESIAN_POINT('',(0.1,-2.84,-2.5));
#8826 = LINE('',#8827,#8828);
#8827 = CARTESIAN_POINT('',(0.1,-2.84,-2.5));
#8828 = VECTOR('',#8829,1.);
#8829 = DIRECTION('',(0.,0.,1.));
#8830 = ORIENTED_EDGE('',*,*,#7158,.F.);
#8831 = ORIENTED_EDGE('',*,*,#8832,.T.);
#8832 = EDGE_CURVE('',#7151,#8833,#8835,.T.);
#8833 = VERTEX_POINT('',#8834);
#8834 = CARTESIAN_POINT('',(0.1,-2.24,-2.5));
#8835 = LINE('',#8836,#8837);
#8836 = CARTESIAN_POINT('',(0.1,-2.24,0.2));
#8837 = VECTOR('',#8838,1.);
#8838 = DIRECTION('',(0.,0.,-1.));
#8839 = ORIENTED_EDGE('',*,*,#8840,.T.);
#8840 = EDGE_CURVE('',#8833,#8841,#8843,.T.);
#8841 = VERTEX_POINT('',#8842);
#8842 = CARTESIAN_POINT('',(0.1,-2.39,-3.1));
#8843 = LINE('',#8844,#8845);
#8844 = CARTESIAN_POINT('',(0.1,-2.24,-2.5));
#8845 = VECTOR('',#8846,1.);
#8846 = DIRECTION('',(-2.692686352073E-17,-0.242535625036,
    -0.970142500145));
#8847 = ORIENTED_EDGE('',*,*,#8848,.T.);
#8848 = EDGE_CURVE('',#8841,#8849,#8851,.T.);
#8849 = VERTEX_POINT('',#8850);
#8850 = CARTESIAN_POINT('',(0.1,-2.69,-3.1));
#8851 = LINE('',#8852,#8853);
#8852 = CARTESIAN_POINT('',(0.1,-2.39,-3.1));
#8853 = VECTOR('',#8854,1.);
#8854 = DIRECTION('',(-1.110223024625E-16,-1.,0.));
#8855 = ORIENTED_EDGE('',*,*,#8856,.T.);
#8856 = EDGE_CURVE('',#8849,#8824,#8857,.T.);
#8857 = LINE('',#8858,#8859);
#8858 = CARTESIAN_POINT('',(0.1,-2.69,-3.1));
#8859 = VECTOR('',#8860,1.);
#8860 = DIRECTION('',(-2.692686352073E-17,-0.242535625036,0.970142500145
    ));
#8861 = PLANE('',#8862);
#8862 = AXIS2_PLACEMENT_3D('',#8863,#8864,#8865);
#8863 = CARTESIAN_POINT('',(0.1,-2.54,3.911477598424));
#8864 = DIRECTION('',(-1.,1.110223024625E-16,0.));
#8865 = DIRECTION('',(0.,0.,1.));
#8866 = ADVANCED_FACE('',(#8867),#8878,.T.);
#8867 = FACE_BOUND('',#8868,.T.);
#8868 = EDGE_LOOP('',(#8869,#8875,#8876,#8877));
#8869 = ORIENTED_EDGE('',*,*,#8870,.F.);
#8870 = EDGE_CURVE('',#7127,#7151,#8871,.T.);
#8871 = LINE('',#8872,#8873);
#8872 = CARTESIAN_POINT('',(-0.1,-2.24,0.2));
#8873 = VECTOR('',#8874,1.);
#8874 = DIRECTION('',(1.,-1.110223024625E-16,0.));
#8875 = ORIENTED_EDGE('',*,*,#7134,.T.);
#8876 = ORIENTED_EDGE('',*,*,#7142,.T.);
#8877 = ORIENTED_EDGE('',*,*,#7150,.T.);
#8878 = PLANE('',#8879);
#8879 = AXIS2_PLACEMENT_3D('',#8880,#8881,#8882);
#8880 = CARTESIAN_POINT('',(-0.1,-2.84,0.2));
#8881 = DIRECTION('',(0.,-0.,-1.));
#8882 = DIRECTION('',(-1.110223024625E-16,-1.,0.));
#8883 = ADVANCED_FACE('',(#8884),#8925,.T.);
#8884 = FACE_BOUND('',#8885,.T.);
#8885 = EDGE_LOOP('',(#8886,#8894,#8895,#8903,#8911,#8919));
#8886 = ORIENTED_EDGE('',*,*,#8887,.T.);
#8887 = EDGE_CURVE('',#8888,#7119,#8890,.T.);
#8888 = VERTEX_POINT('',#8889);
#8889 = CARTESIAN_POINT('',(-0.1,-2.84,-2.5));
#8890 = LINE('',#8891,#8892);
#8891 = CARTESIAN_POINT('',(-0.1,-2.84,-2.5));
#8892 = VECTOR('',#8893,1.);
#8893 = DIRECTION('',(0.,0.,1.));
#8894 = ORIENTED_EDGE('',*,*,#7126,.F.);
#8895 = ORIENTED_EDGE('',*,*,#8896,.T.);
#8896 = EDGE_CURVE('',#7127,#8897,#8899,.T.);
#8897 = VERTEX_POINT('',#8898);
#8898 = CARTESIAN_POINT('',(-0.1,-2.24,-2.5));
#8899 = LINE('',#8900,#8901);
#8900 = CARTESIAN_POINT('',(-0.1,-2.24,0.2));
#8901 = VECTOR('',#8902,1.);
#8902 = DIRECTION('',(0.,0.,-1.));
#8903 = ORIENTED_EDGE('',*,*,#8904,.T.);
#8904 = EDGE_CURVE('',#8897,#8905,#8907,.T.);
#8905 = VERTEX_POINT('',#8906);
#8906 = CARTESIAN_POINT('',(-0.1,-2.39,-3.1));
#8907 = LINE('',#8908,#8909);
#8908 = CARTESIAN_POINT('',(-0.1,-2.24,-2.5));
#8909 = VECTOR('',#8910,1.);
#8910 = DIRECTION('',(-2.692686352073E-17,-0.242535625036,
    -0.970142500145));
#8911 = ORIENTED_EDGE('',*,*,#8912,.F.);
#8912 = EDGE_CURVE('',#8913,#8905,#8915,.T.);
#8913 = VERTEX_POINT('',#8914);
#8914 = CARTESIAN_POINT('',(-0.1,-2.69,-3.1));
#8915 = LINE('',#8916,#8917);
#8916 = CARTESIAN_POINT('',(-0.1,-2.69,-3.1));
#8917 = VECTOR('',#8918,1.);
#8918 = DIRECTION('',(1.110223024625E-16,1.,0.));
#8919 = ORIENTED_EDGE('',*,*,#8920,.T.);
#8920 = EDGE_CURVE('',#8913,#8888,#8921,.T.);
#8921 = LINE('',#8922,#8923);
#8922 = CARTESIAN_POINT('',(-0.1,-2.69,-3.1));
#8923 = VECTOR('',#8924,1.);
#8924 = DIRECTION('',(-2.692686352073E-17,-0.242535625036,0.970142500145
    ));
#8925 = PLANE('',#8926);
#8926 = AXIS2_PLACEMENT_3D('',#8927,#8928,#8929);
#8927 = CARTESIAN_POINT('',(-0.1,-2.54,3.911477598424));
#8928 = DIRECTION('',(-1.,1.110223024625E-16,0.));
#8929 = DIRECTION('',(0.,0.,1.));
#8930 = ADVANCED_FACE('',(#8931),#8942,.T.);
#8931 = FACE_BOUND('',#8932,.T.);
#8932 = EDGE_LOOP('',(#8933,#8934,#8935,#8941));
#8933 = ORIENTED_EDGE('',*,*,#7174,.F.);
#8934 = ORIENTED_EDGE('',*,*,#7184,.T.);
#8935 = ORIENTED_EDGE('',*,*,#8936,.T.);
#8936 = EDGE_CURVE('',#7185,#7225,#8937,.T.);
#8937 = LINE('',#8938,#8939);
#8938 = CARTESIAN_POINT('',(-0.1,-0.3,0.2));
#8939 = VECTOR('',#8940,1.);
#8940 = DIRECTION('',(1.,-1.110223024625E-16,0.));
#8941 = ORIENTED_EDGE('',*,*,#7232,.T.);
#8942 = PLANE('',#8943);
#8943 = AXIS2_PLACEMENT_3D('',#8944,#8945,#8946);
#8944 = CARTESIAN_POINT('',(-0.1,-0.3,0.2));
#8945 = DIRECTION('',(0.,-0.,-1.));
#8946 = DIRECTION('',(-1.110223024625E-16,-1.,0.));
#8947 = ADVANCED_FACE('',(#8948),#8989,.F.);
#8948 = FACE_BOUND('',#8949,.F.);
#8949 = EDGE_LOOP('',(#8950,#8958,#8959,#8967,#8975,#8983));
#8950 = ORIENTED_EDGE('',*,*,#8951,.T.);
#8951 = EDGE_CURVE('',#8952,#7225,#8954,.T.);
#8952 = VERTEX_POINT('',#8953);
#8953 = CARTESIAN_POINT('',(0.1,-0.3,-2.5));
#8954 = LINE('',#8955,#8956);
#8955 = CARTESIAN_POINT('',(0.1,-0.3,-2.5));
#8956 = VECTOR('',#8957,1.);
#8957 = DIRECTION('',(0.,0.,1.));
#8958 = ORIENTED_EDGE('',*,*,#7224,.F.);
#8959 = ORIENTED_EDGE('',*,*,#8960,.T.);
#8960 = EDGE_CURVE('',#7217,#8961,#8963,.T.);
#8961 = VERTEX_POINT('',#8962);
#8962 = CARTESIAN_POINT('',(0.1,0.3,-2.5));
#8963 = LINE('',#8964,#8965);
#8964 = CARTESIAN_POINT('',(0.1,0.3,0.2));
#8965 = VECTOR('',#8966,1.);
#8966 = DIRECTION('',(0.,0.,-1.));
#8967 = ORIENTED_EDGE('',*,*,#8968,.T.);
#8968 = EDGE_CURVE('',#8961,#8969,#8971,.T.);
#8969 = VERTEX_POINT('',#8970);
#8970 = CARTESIAN_POINT('',(0.1,0.15,-3.1));
#8971 = LINE('',#8972,#8973);
#8972 = CARTESIAN_POINT('',(0.1,0.3,-2.5));
#8973 = VECTOR('',#8974,1.);
#8974 = DIRECTION('',(-2.692686352073E-17,-0.242535625036,
    -0.970142500145));
#8975 = ORIENTED_EDGE('',*,*,#8976,.T.);
#8976 = EDGE_CURVE('',#8969,#8977,#8979,.T.);
#8977 = VERTEX_POINT('',#8978);
#8978 = CARTESIAN_POINT('',(0.1,-0.15,-3.1));
#8979 = LINE('',#8980,#8981);
#8980 = CARTESIAN_POINT('',(0.1,0.15,-3.1));
#8981 = VECTOR('',#8982,1.);
#8982 = DIRECTION('',(-1.110223024625E-16,-1.,0.));
#8983 = ORIENTED_EDGE('',*,*,#8984,.T.);
#8984 = EDGE_CURVE('',#8977,#8952,#8985,.T.);
#8985 = LINE('',#8986,#8987);
#8986 = CARTESIAN_POINT('',(0.1,-0.15,-3.1));
#8987 = VECTOR('',#8988,1.);
#8988 = DIRECTION('',(-2.692686352073E-17,-0.242535625036,0.970142500145
    ));
#8989 = PLANE('',#8990);
#8990 = AXIS2_PLACEMENT_3D('',#8991,#8992,#8993);
#8991 = CARTESIAN_POINT('',(0.1,-1.110223024625E-17,3.911477598424));
#8992 = DIRECTION('',(-1.,1.110223024625E-16,0.));
#8993 = DIRECTION('',(0.,0.,1.));
#8994 = ADVANCED_FACE('',(#8995),#9006,.T.);
#8995 = FACE_BOUND('',#8996,.T.);
#8996 = EDGE_LOOP('',(#8997,#9003,#9004,#9005));
#8997 = ORIENTED_EDGE('',*,*,#8998,.F.);
#8998 = EDGE_CURVE('',#7193,#7217,#8999,.T.);
#8999 = LINE('',#9000,#9001);
#9000 = CARTESIAN_POINT('',(-0.1,0.3,0.2));
#9001 = VECTOR('',#9002,1.);
#9002 = DIRECTION('',(1.,-1.110223024625E-16,0.));
#9003 = ORIENTED_EDGE('',*,*,#7200,.T.);
#9004 = ORIENTED_EDGE('',*,*,#7208,.T.);
#9005 = ORIENTED_EDGE('',*,*,#7216,.T.);
#9006 = PLANE('',#9007);
#9007 = AXIS2_PLACEMENT_3D('',#9008,#9009,#9010);
#9008 = CARTESIAN_POINT('',(-0.1,-0.3,0.2));
#9009 = DIRECTION('',(0.,-0.,-1.));
#9010 = DIRECTION('',(-1.110223024625E-16,-1.,0.));
#9011 = ADVANCED_FACE('',(#9012),#9053,.T.);
#9012 = FACE_BOUND('',#9013,.T.);
#9013 = EDGE_LOOP('',(#9014,#9022,#9023,#9031,#9039,#9047));
#9014 = ORIENTED_EDGE('',*,*,#9015,.T.);
#9015 = EDGE_CURVE('',#9016,#7185,#9018,.T.);
#9016 = VERTEX_POINT('',#9017);
#9017 = CARTESIAN_POINT('',(-0.1,-0.3,-2.5));
#9018 = LINE('',#9019,#9020);
#9019 = CARTESIAN_POINT('',(-0.1,-0.3,-2.5));
#9020 = VECTOR('',#9021,1.);
#9021 = DIRECTION('',(0.,0.,1.));
#9022 = ORIENTED_EDGE('',*,*,#7192,.F.);
#9023 = ORIENTED_EDGE('',*,*,#9024,.T.);
#9024 = EDGE_CURVE('',#7193,#9025,#9027,.T.);
#9025 = VERTEX_POINT('',#9026);
#9026 = CARTESIAN_POINT('',(-0.1,0.3,-2.5));
#9027 = LINE('',#9028,#9029);
#9028 = CARTESIAN_POINT('',(-0.1,0.3,0.2));
#9029 = VECTOR('',#9030,1.);
#9030 = DIRECTION('',(0.,0.,-1.));
#9031 = ORIENTED_EDGE('',*,*,#9032,.T.);
#9032 = EDGE_CURVE('',#9025,#9033,#9035,.T.);
#9033 = VERTEX_POINT('',#9034);
#9034 = CARTESIAN_POINT('',(-0.1,0.15,-3.1));
#9035 = LINE('',#9036,#9037);
#9036 = CARTESIAN_POINT('',(-0.1,0.3,-2.5));
#9037 = VECTOR('',#9038,1.);
#9038 = DIRECTION('',(-2.692686352073E-17,-0.242535625036,
    -0.970142500145));
#9039 = ORIENTED_EDGE('',*,*,#9040,.F.);
#9040 = EDGE_CURVE('',#9041,#9033,#9043,.T.);
#9041 = VERTEX_POINT('',#9042);
#9042 = CARTESIAN_POINT('',(-0.1,-0.15,-3.1));
#9043 = LINE('',#9044,#9045);
#9044 = CARTESIAN_POINT('',(-0.1,-0.15,-3.1));
#9045 = VECTOR('',#9046,1.);
#9046 = DIRECTION('',(1.110223024625E-16,1.,0.));
#9047 = ORIENTED_EDGE('',*,*,#9048,.T.);
#9048 = EDGE_CURVE('',#9041,#9016,#9049,.T.);
#9049 = LINE('',#9050,#9051);
#9050 = CARTESIAN_POINT('',(-0.1,-0.15,-3.1));
#9051 = VECTOR('',#9052,1.);
#9052 = DIRECTION('',(-2.692686352073E-17,-0.242535625036,0.970142500145
    ));
#9053 = PLANE('',#9054);
#9054 = AXIS2_PLACEMENT_3D('',#9055,#9056,#9057);
#9055 = CARTESIAN_POINT('',(-0.1,1.110223024625E-17,3.911477598424));
#9056 = DIRECTION('',(-1.,1.110223024625E-16,0.));
#9057 = DIRECTION('',(0.,0.,1.));
#9058 = ADVANCED_FACE('',(#9059),#9084,.F.);
#9059 = FACE_BOUND('',#9060,.F.);
#9060 = EDGE_LOOP('',(#9061,#9069,#9077,#9083));
#9061 = ORIENTED_EDGE('',*,*,#9062,.T.);
#9062 = EDGE_CURVE('',#7271,#9063,#9065,.T.);
#9063 = VERTEX_POINT('',#9064);
#9064 = CARTESIAN_POINT('',(0.3,-18.08,0.9));
#9065 = LINE('',#9066,#9067);
#9066 = CARTESIAN_POINT('',(0.3,-18.08,8.2));
#9067 = VECTOR('',#9068,1.);
#9068 = DIRECTION('',(0.,-0.,-1.));
#9069 = ORIENTED_EDGE('',*,*,#9070,.T.);
#9070 = EDGE_CURVE('',#9063,#9071,#9073,.T.);
#9071 = VERTEX_POINT('',#9072);
#9072 = CARTESIAN_POINT('',(0.3,-17.48,0.9));
#9073 = LINE('',#9074,#9075);
#9074 = CARTESIAN_POINT('',(0.3,-18.08,0.9));
#9075 = VECTOR('',#9076,1.);
#9076 = DIRECTION('',(1.110223024625E-16,1.,0.));
#9077 = ORIENTED_EDGE('',*,*,#9078,.F.);
#9078 = EDGE_CURVE('',#7280,#9071,#9079,.T.);
#9079 = LINE('',#9080,#9081);
#9080 = CARTESIAN_POINT('',(0.3,-17.48,8.2));
#9081 = VECTOR('',#9082,1.);
#9082 = DIRECTION('',(0.,-0.,-1.));
#9083 = ORIENTED_EDGE('',*,*,#7287,.F.);
#9084 = PLANE('',#9085);
#9085 = AXIS2_PLACEMENT_3D('',#9086,#9087,#9088);
#9086 = CARTESIAN_POINT('',(0.3,-18.08,8.2));
#9087 = DIRECTION('',(1.,-1.110223024625E-16,0.));
#9088 = DIRECTION('',(1.110223024625E-16,1.,0.));
#9089 = ADVANCED_FACE('',(#9090),#9140,.F.);
#9090 = FACE_BOUND('',#9091,.F.);
#9091 = EDGE_LOOP('',(#9092,#9093,#9094,#9102,#9110,#9118,#9126,#9134));
#9092 = ORIENTED_EDGE('',*,*,#7311,.F.);
#9093 = ORIENTED_EDGE('',*,*,#9078,.T.);
#9094 = ORIENTED_EDGE('',*,*,#9095,.T.);
#9095 = EDGE_CURVE('',#9071,#9096,#9098,.T.);
#9096 = VERTEX_POINT('',#9097);
#9097 = CARTESIAN_POINT('',(0.1,-17.48,0.9));
#9098 = LINE('',#9099,#9100);
#9099 = CARTESIAN_POINT('',(0.3,-17.48,0.9));
#9100 = VECTOR('',#9101,1.);
#9101 = DIRECTION('',(-1.,1.110223024625E-16,0.));
#9102 = ORIENTED_EDGE('',*,*,#9103,.T.);
#9103 = EDGE_CURVE('',#9096,#9104,#9106,.T.);
#9104 = VERTEX_POINT('',#9105);
#9105 = CARTESIAN_POINT('',(0.1,-17.48,7.4));
#9106 = LINE('',#9107,#9108);
#9107 = CARTESIAN_POINT('',(0.1,-17.48,6.055738799212));
#9108 = VECTOR('',#9109,1.);
#9109 = DIRECTION('',(0.,-0.,1.));
#9110 = ORIENTED_EDGE('',*,*,#9111,.F.);
#9111 = EDGE_CURVE('',#9112,#9104,#9114,.T.);
#9112 = VERTEX_POINT('',#9113);
#9113 = CARTESIAN_POINT('',(-0.1,-17.48,7.4));
#9114 = LINE('',#9115,#9116);
#9115 = CARTESIAN_POINT('',(-0.1,-17.48,7.4));
#9116 = VECTOR('',#9117,1.);
#9117 = DIRECTION('',(1.,-1.110223024625E-16,0.));
#9118 = ORIENTED_EDGE('',*,*,#9119,.F.);
#9119 = EDGE_CURVE('',#9120,#9112,#9122,.T.);
#9120 = VERTEX_POINT('',#9121);
#9121 = CARTESIAN_POINT('',(-0.1,-17.48,0.9));
#9122 = LINE('',#9123,#9124);
#9123 = CARTESIAN_POINT('',(-0.1,-17.48,6.055738799212));
#9124 = VECTOR('',#9125,1.);
#9125 = DIRECTION('',(0.,-0.,1.));
#9126 = ORIENTED_EDGE('',*,*,#9127,.T.);
#9127 = EDGE_CURVE('',#9120,#9128,#9130,.T.);
#9128 = VERTEX_POINT('',#9129);
#9129 = CARTESIAN_POINT('',(-0.3,-17.48,0.9));
#9130 = LINE('',#9131,#9132);
#9131 = CARTESIAN_POINT('',(0.3,-17.48,0.9));
#9132 = VECTOR('',#9133,1.);
#9133 = DIRECTION('',(-1.,1.110223024625E-16,0.));
#9134 = ORIENTED_EDGE('',*,*,#9135,.F.);
#9135 = EDGE_CURVE('',#7304,#9128,#9136,.T.);
#9136 = LINE('',#9137,#9138);
#9137 = CARTESIAN_POINT('',(-0.3,-17.48,8.2));
#9138 = VECTOR('',#9139,1.);
#9139 = DIRECTION('',(0.,-0.,-1.));
#9140 = PLANE('',#9141);
#9141 = AXIS2_PLACEMENT_3D('',#9142,#9143,#9144);
#9142 = CARTESIAN_POINT('',(0.3,-17.48,8.2));
#9143 = DIRECTION('',(1.110223024625E-16,1.,0.));
#9144 = DIRECTION('',(-1.,1.110223024625E-16,0.));
#9145 = ADVANCED_FACE('',(#9146),#9164,.F.);
#9146 = FACE_BOUND('',#9147,.F.);
#9147 = EDGE_LOOP('',(#9148,#9149,#9157,#9163));
#9148 = ORIENTED_EDGE('',*,*,#9135,.T.);
#9149 = ORIENTED_EDGE('',*,*,#9150,.T.);
#9150 = EDGE_CURVE('',#9128,#9151,#9153,.T.);
#9151 = VERTEX_POINT('',#9152);
#9152 = CARTESIAN_POINT('',(-0.3,-18.08,0.9));
#9153 = LINE('',#9154,#9155);
#9154 = CARTESIAN_POINT('',(-0.3,-17.48,0.9));
#9155 = VECTOR('',#9156,1.);
#9156 = DIRECTION('',(-1.110223024625E-16,-1.,0.));
#9157 = ORIENTED_EDGE('',*,*,#9158,.F.);
#9158 = EDGE_CURVE('',#7328,#9151,#9159,.T.);
#9159 = LINE('',#9160,#9161);
#9160 = CARTESIAN_POINT('',(-0.3,-18.08,8.2));
#9161 = VECTOR('',#9162,1.);
#9162 = DIRECTION('',(0.,-0.,-1.));
#9163 = ORIENTED_EDGE('',*,*,#7335,.F.);
#9164 = PLANE('',#9165);
#9165 = AXIS2_PLACEMENT_3D('',#9166,#9167,#9168);
#9166 = CARTESIAN_POINT('',(-0.3,-17.48,8.2));
#9167 = DIRECTION('',(-1.,1.110223024625E-16,0.));
#9168 = DIRECTION('',(-1.110223024625E-16,-1.,0.));
#9169 = ADVANCED_FACE('',(#9170),#9213,.F.);
#9170 = FACE_BOUND('',#9171,.F.);
#9171 = EDGE_LOOP('',(#9172,#9173,#9174,#9182,#9190,#9198,#9206,#9212));
#9172 = ORIENTED_EDGE('',*,*,#7352,.F.);
#9173 = ORIENTED_EDGE('',*,*,#9158,.T.);
#9174 = ORIENTED_EDGE('',*,*,#9175,.T.);
#9175 = EDGE_CURVE('',#9151,#9176,#9178,.T.);
#9176 = VERTEX_POINT('',#9177);
#9177 = CARTESIAN_POINT('',(-0.1,-18.08,0.9));
#9178 = LINE('',#9179,#9180);
#9179 = CARTESIAN_POINT('',(-0.3,-18.08,0.9));
#9180 = VECTOR('',#9181,1.);
#9181 = DIRECTION('',(1.,-1.110223024625E-16,0.));
#9182 = ORIENTED_EDGE('',*,*,#9183,.F.);
#9183 = EDGE_CURVE('',#9184,#9176,#9186,.T.);
#9184 = VERTEX_POINT('',#9185);
#9185 = CARTESIAN_POINT('',(-0.1,-18.08,7.4));
#9186 = LINE('',#9187,#9188);
#9187 = CARTESIAN_POINT('',(-0.1,-18.08,6.055738799212));
#9188 = VECTOR('',#9189,1.);
#9189 = DIRECTION('',(-0.,0.,-1.));
#9190 = ORIENTED_EDGE('',*,*,#9191,.T.);
#9191 = EDGE_CURVE('',#9184,#9192,#9194,.T.);
#9192 = VERTEX_POINT('',#9193);
#9193 = CARTESIAN_POINT('',(0.1,-18.08,7.4));
#9194 = LINE('',#9195,#9196);
#9195 = CARTESIAN_POINT('',(-0.1,-18.08,7.4));
#9196 = VECTOR('',#9197,1.);
#9197 = DIRECTION('',(1.,-1.110223024625E-16,0.));
#9198 = ORIENTED_EDGE('',*,*,#9199,.T.);
#9199 = EDGE_CURVE('',#9192,#9200,#9202,.T.);
#9200 = VERTEX_POINT('',#9201);
#9201 = CARTESIAN_POINT('',(0.1,-18.08,0.9));
#9202 = LINE('',#9203,#9204);
#9203 = CARTESIAN_POINT('',(0.1,-18.08,6.055738799212));
#9204 = VECTOR('',#9205,1.);
#9205 = DIRECTION('',(-0.,0.,-1.));
#9206 = ORIENTED_EDGE('',*,*,#9207,.T.);
#9207 = EDGE_CURVE('',#9200,#9063,#9208,.T.);
#9208 = LINE('',#9209,#9210);
#9209 = CARTESIAN_POINT('',(-0.3,-18.08,0.9));
#9210 = VECTOR('',#9211,1.);
#9211 = DIRECTION('',(1.,-1.110223024625E-16,0.));
#9212 = ORIENTED_EDGE('',*,*,#9062,.F.);
#9213 = PLANE('',#9214);
#9214 = AXIS2_PLACEMENT_3D('',#9215,#9216,#9217);
#9215 = CARTESIAN_POINT('',(-0.3,-18.08,8.2));
#9216 = DIRECTION('',(-1.110223024625E-16,-1.,0.));
#9217 = DIRECTION('',(1.,-1.110223024625E-16,0.));
#9218 = ADVANCED_FACE('',(#9219),#9244,.F.);
#9219 = FACE_BOUND('',#9220,.F.);
#9220 = EDGE_LOOP('',(#9221,#9229,#9237,#9243));
#9221 = ORIENTED_EDGE('',*,*,#9222,.T.);
#9222 = EDGE_CURVE('',#7367,#9223,#9225,.T.);
#9223 = VERTEX_POINT('',#9224);
#9224 = CARTESIAN_POINT('',(0.3,-15.54,0.9));
#9225 = LINE('',#9226,#9227);
#9226 = CARTESIAN_POINT('',(0.3,-15.54,8.2));
#9227 = VECTOR('',#9228,1.);
#9228 = DIRECTION('',(0.,-0.,-1.));
#9229 = ORIENTED_EDGE('',*,*,#9230,.T.);
#9230 = EDGE_CURVE('',#9223,#9231,#9233,.T.);
#9231 = VERTEX_POINT('',#9232);
#9232 = CARTESIAN_POINT('',(0.3,-14.94,0.9));
#9233 = LINE('',#9234,#9235);
#9234 = CARTESIAN_POINT('',(0.3,-15.54,0.9));
#9235 = VECTOR('',#9236,1.);
#9236 = DIRECTION('',(1.110223024625E-16,1.,0.));
#9237 = ORIENTED_EDGE('',*,*,#9238,.F.);
#9238 = EDGE_CURVE('',#7376,#9231,#9239,.T.);
#9239 = LINE('',#9240,#9241);
#9240 = CARTESIAN_POINT('',(0.3,-14.94,8.2));
#9241 = VECTOR('',#9242,1.);
#9242 = DIRECTION('',(0.,-0.,-1.));
#9243 = ORIENTED_EDGE('',*,*,#7383,.F.);
#9244 = PLANE('',#9245);
#9245 = AXIS2_PLACEMENT_3D('',#9246,#9247,#9248);
#9246 = CARTESIAN_POINT('',(0.3,-15.54,8.2));
#9247 = DIRECTION('',(1.,-1.110223024625E-16,0.));
#9248 = DIRECTION('',(1.110223024625E-16,1.,0.));
#9249 = ADVANCED_FACE('',(#9250),#9300,.F.);
#9250 = FACE_BOUND('',#9251,.F.);
#9251 = EDGE_LOOP('',(#9252,#9253,#9254,#9262,#9270,#9278,#9286,#9294));
#9252 = ORIENTED_EDGE('',*,*,#7407,.F.);
#9253 = ORIENTED_EDGE('',*,*,#9238,.T.);
#9254 = ORIENTED_EDGE('',*,*,#9255,.T.);
#9255 = EDGE_CURVE('',#9231,#9256,#9258,.T.);
#9256 = VERTEX_POINT('',#9257);
#9257 = CARTESIAN_POINT('',(0.1,-14.94,0.9));
#9258 = LINE('',#9259,#9260);
#9259 = CARTESIAN_POINT('',(0.3,-14.94,0.9));
#9260 = VECTOR('',#9261,1.);
#9261 = DIRECTION('',(-1.,1.110223024625E-16,0.));
#9262 = ORIENTED_EDGE('',*,*,#9263,.T.);
#9263 = EDGE_CURVE('',#9256,#9264,#9266,.T.);
#9264 = VERTEX_POINT('',#9265);
#9265 = CARTESIAN_POINT('',(0.1,-14.94,7.4));
#9266 = LINE('',#9267,#9268);
#9267 = CARTESIAN_POINT('',(0.1,-14.94,6.055738799212));
#9268 = VECTOR('',#9269,1.);
#9269 = DIRECTION('',(0.,-0.,1.));
#9270 = ORIENTED_EDGE('',*,*,#9271,.F.);
#9271 = EDGE_CURVE('',#9272,#9264,#9274,.T.);
#9272 = VERTEX_POINT('',#9273);
#9273 = CARTESIAN_POINT('',(-0.1,-14.94,7.4));
#9274 = LINE('',#9275,#9276);
#9275 = CARTESIAN_POINT('',(-0.1,-14.94,7.4));
#9276 = VECTOR('',#9277,1.);
#9277 = DIRECTION('',(1.,-1.110223024625E-16,0.));
#9278 = ORIENTED_EDGE('',*,*,#9279,.F.);
#9279 = EDGE_CURVE('',#9280,#9272,#9282,.T.);
#9280 = VERTEX_POINT('',#9281);
#9281 = CARTESIAN_POINT('',(-0.1,-14.94,0.9));
#9282 = LINE('',#9283,#9284);
#9283 = CARTESIAN_POINT('',(-0.1,-14.94,6.055738799212));
#9284 = VECTOR('',#9285,1.);
#9285 = DIRECTION('',(0.,-0.,1.));
#9286 = ORIENTED_EDGE('',*,*,#9287,.T.);
#9287 = EDGE_CURVE('',#9280,#9288,#9290,.T.);
#9288 = VERTEX_POINT('',#9289);
#9289 = CARTESIAN_POINT('',(-0.3,-14.94,0.9));
#9290 = LINE('',#9291,#9292);
#9291 = CARTESIAN_POINT('',(0.3,-14.94,0.9));
#9292 = VECTOR('',#9293,1.);
#9293 = DIRECTION('',(-1.,1.110223024625E-16,0.));
#9294 = ORIENTED_EDGE('',*,*,#9295,.F.);
#9295 = EDGE_CURVE('',#7400,#9288,#9296,.T.);
#9296 = LINE('',#9297,#9298);
#9297 = CARTESIAN_POINT('',(-0.3,-14.94,8.2));
#9298 = VECTOR('',#9299,1.);
#9299 = DIRECTION('',(0.,-0.,-1.));
#9300 = PLANE('',#9301);
#9301 = AXIS2_PLACEMENT_3D('',#9302,#9303,#9304);
#9302 = CARTESIAN_POINT('',(0.3,-14.94,8.2));
#9303 = DIRECTION('',(1.110223024625E-16,1.,0.));
#9304 = DIRECTION('',(-1.,1.110223024625E-16,0.));
#9305 = ADVANCED_FACE('',(#9306),#9324,.F.);
#9306 = FACE_BOUND('',#9307,.F.);
#9307 = EDGE_LOOP('',(#9308,#9309,#9317,#9323));
#9308 = ORIENTED_EDGE('',*,*,#9295,.T.);
#9309 = ORIENTED_EDGE('',*,*,#9310,.T.);
#9310 = EDGE_CURVE('',#9288,#9311,#9313,.T.);
#9311 = VERTEX_POINT('',#9312);
#9312 = CARTESIAN_POINT('',(-0.3,-15.54,0.9));
#9313 = LINE('',#9314,#9315);
#9314 = CARTESIAN_POINT('',(-0.3,-14.94,0.9));
#9315 = VECTOR('',#9316,1.);
#9316 = DIRECTION('',(-1.110223024625E-16,-1.,0.));
#9317 = ORIENTED_EDGE('',*,*,#9318,.F.);
#9318 = EDGE_CURVE('',#7424,#9311,#9319,.T.);
#9319 = LINE('',#9320,#9321);
#9320 = CARTESIAN_POINT('',(-0.3,-15.54,8.2));
#9321 = VECTOR('',#9322,1.);
#9322 = DIRECTION('',(0.,-0.,-1.));
#9323 = ORIENTED_EDGE('',*,*,#7431,.F.);
#9324 = PLANE('',#9325);
#9325 = AXIS2_PLACEMENT_3D('',#9326,#9327,#9328);
#9326 = CARTESIAN_POINT('',(-0.3,-14.94,8.2));
#9327 = DIRECTION('',(-1.,1.110223024625E-16,0.));
#9328 = DIRECTION('',(-1.110223024625E-16,-1.,0.));
#9329 = ADVANCED_FACE('',(#9330),#9373,.F.);
#9330 = FACE_BOUND('',#9331,.F.);
#9331 = EDGE_LOOP('',(#9332,#9333,#9334,#9342,#9350,#9358,#9366,#9372));
#9332 = ORIENTED_EDGE('',*,*,#7448,.F.);
#9333 = ORIENTED_EDGE('',*,*,#9318,.T.);
#9334 = ORIENTED_EDGE('',*,*,#9335,.T.);
#9335 = EDGE_CURVE('',#9311,#9336,#9338,.T.);
#9336 = VERTEX_POINT('',#9337);
#9337 = CARTESIAN_POINT('',(-0.1,-15.54,0.9));
#9338 = LINE('',#9339,#9340);
#9339 = CARTESIAN_POINT('',(-0.3,-15.54,0.9));
#9340 = VECTOR('',#9341,1.);
#9341 = DIRECTION('',(1.,-1.110223024625E-16,0.));
#9342 = ORIENTED_EDGE('',*,*,#9343,.F.);
#9343 = EDGE_CURVE('',#9344,#9336,#9346,.T.);
#9344 = VERTEX_POINT('',#9345);
#9345 = CARTESIAN_POINT('',(-0.1,-15.54,7.4));
#9346 = LINE('',#9347,#9348);
#9347 = CARTESIAN_POINT('',(-0.1,-15.54,6.055738799212));
#9348 = VECTOR('',#9349,1.);
#9349 = DIRECTION('',(-0.,0.,-1.));
#9350 = ORIENTED_EDGE('',*,*,#9351,.T.);
#9351 = EDGE_CURVE('',#9344,#9352,#9354,.T.);
#9352 = VERTEX_POINT('',#9353);
#9353 = CARTESIAN_POINT('',(0.1,-15.54,7.4));
#9354 = LINE('',#9355,#9356);
#9355 = CARTESIAN_POINT('',(-0.1,-15.54,7.4));
#9356 = VECTOR('',#9357,1.);
#9357 = DIRECTION('',(1.,-1.110223024625E-16,0.));
#9358 = ORIENTED_EDGE('',*,*,#9359,.T.);
#9359 = EDGE_CURVE('',#9352,#9360,#9362,.T.);
#9360 = VERTEX_POINT('',#9361);
#9361 = CARTESIAN_POINT('',(0.1,-15.54,0.9));
#9362 = LINE('',#9363,#9364);
#9363 = CARTESIAN_POINT('',(0.1,-15.54,6.055738799212));
#9364 = VECTOR('',#9365,1.);
#9365 = DIRECTION('',(-0.,0.,-1.));
#9366 = ORIENTED_EDGE('',*,*,#9367,.T.);
#9367 = EDGE_CURVE('',#9360,#9223,#9368,.T.);
#9368 = LINE('',#9369,#9370);
#9369 = CARTESIAN_POINT('',(-0.3,-15.54,0.9));
#9370 = VECTOR('',#9371,1.);
#9371 = DIRECTION('',(1.,-1.110223024625E-16,0.));
#9372 = ORIENTED_EDGE('',*,*,#9222,.F.);
#9373 = PLANE('',#9374);
#9374 = AXIS2_PLACEMENT_3D('',#9375,#9376,#9377);
#9375 = CARTESIAN_POINT('',(-0.3,-15.54,8.2));
#9376 = DIRECTION('',(-1.110223024625E-16,-1.,0.));
#9377 = DIRECTION('',(1.,-1.110223024625E-16,0.));
#9378 = ADVANCED_FACE('',(#9379),#9404,.F.);
#9379 = FACE_BOUND('',#9380,.F.);
#9380 = EDGE_LOOP('',(#9381,#9389,#9397,#9403));
#9381 = ORIENTED_EDGE('',*,*,#9382,.T.);
#9382 = EDGE_CURVE('',#7463,#9383,#9385,.T.);
#9383 = VERTEX_POINT('',#9384);
#9384 = CARTESIAN_POINT('',(0.3,-13.,0.9));
#9385 = LINE('',#9386,#9387);
#9386 = CARTESIAN_POINT('',(0.3,-13.,8.2));
#9387 = VECTOR('',#9388,1.);
#9388 = DIRECTION('',(0.,-0.,-1.));
#9389 = ORIENTED_EDGE('',*,*,#9390,.T.);
#9390 = EDGE_CURVE('',#9383,#9391,#9393,.T.);
#9391 = VERTEX_POINT('',#9392);
#9392 = CARTESIAN_POINT('',(0.3,-12.4,0.9));
#9393 = LINE('',#9394,#9395);
#9394 = CARTESIAN_POINT('',(0.3,-13.,0.9));
#9395 = VECTOR('',#9396,1.);
#9396 = DIRECTION('',(1.110223024625E-16,1.,0.));
#9397 = ORIENTED_EDGE('',*,*,#9398,.F.);
#9398 = EDGE_CURVE('',#7472,#9391,#9399,.T.);
#9399 = LINE('',#9400,#9401);
#9400 = CARTESIAN_POINT('',(0.3,-12.4,8.2));
#9401 = VECTOR('',#9402,1.);
#9402 = DIRECTION('',(0.,-0.,-1.));
#9403 = ORIENTED_EDGE('',*,*,#7479,.F.);
#9404 = PLANE('',#9405);
#9405 = AXIS2_PLACEMENT_3D('',#9406,#9407,#9408);
#9406 = CARTESIAN_POINT('',(0.3,-13.,8.2));
#9407 = DIRECTION('',(1.,-1.110223024625E-16,0.));
#9408 = DIRECTION('',(1.110223024625E-16,1.,0.));
#9409 = ADVANCED_FACE('',(#9410),#9460,.F.);
#9410 = FACE_BOUND('',#9411,.F.);
#9411 = EDGE_LOOP('',(#9412,#9413,#9414,#9422,#9430,#9438,#9446,#9454));
#9412 = ORIENTED_EDGE('',*,*,#7503,.F.);
#9413 = ORIENTED_EDGE('',*,*,#9398,.T.);
#9414 = ORIENTED_EDGE('',*,*,#9415,.T.);
#9415 = EDGE_CURVE('',#9391,#9416,#9418,.T.);
#9416 = VERTEX_POINT('',#9417);
#9417 = CARTESIAN_POINT('',(0.1,-12.4,0.9));
#9418 = LINE('',#9419,#9420);
#9419 = CARTESIAN_POINT('',(0.3,-12.4,0.9));
#9420 = VECTOR('',#9421,1.);
#9421 = DIRECTION('',(-1.,1.110223024625E-16,0.));
#9422 = ORIENTED_EDGE('',*,*,#9423,.T.);
#9423 = EDGE_CURVE('',#9416,#9424,#9426,.T.);
#9424 = VERTEX_POINT('',#9425);
#9425 = CARTESIAN_POINT('',(0.1,-12.4,7.4));
#9426 = LINE('',#9427,#9428);
#9427 = CARTESIAN_POINT('',(0.1,-12.4,6.055738799212));
#9428 = VECTOR('',#9429,1.);
#9429 = DIRECTION('',(0.,-0.,1.));
#9430 = ORIENTED_EDGE('',*,*,#9431,.F.);
#9431 = EDGE_CURVE('',#9432,#9424,#9434,.T.);
#9432 = VERTEX_POINT('',#9433);
#9433 = CARTESIAN_POINT('',(-0.1,-12.4,7.4));
#9434 = LINE('',#9435,#9436);
#9435 = CARTESIAN_POINT('',(-0.1,-12.4,7.4));
#9436 = VECTOR('',#9437,1.);
#9437 = DIRECTION('',(1.,-1.110223024625E-16,0.));
#9438 = ORIENTED_EDGE('',*,*,#9439,.F.);
#9439 = EDGE_CURVE('',#9440,#9432,#9442,.T.);
#9440 = VERTEX_POINT('',#9441);
#9441 = CARTESIAN_POINT('',(-0.1,-12.4,0.9));
#9442 = LINE('',#9443,#9444);
#9443 = CARTESIAN_POINT('',(-0.1,-12.4,6.055738799212));
#9444 = VECTOR('',#9445,1.);
#9445 = DIRECTION('',(0.,-0.,1.));
#9446 = ORIENTED_EDGE('',*,*,#9447,.T.);
#9447 = EDGE_CURVE('',#9440,#9448,#9450,.T.);
#9448 = VERTEX_POINT('',#9449);
#9449 = CARTESIAN_POINT('',(-0.3,-12.4,0.9));
#9450 = LINE('',#9451,#9452);
#9451 = CARTESIAN_POINT('',(0.3,-12.4,0.9));
#9452 = VECTOR('',#9453,1.);
#9453 = DIRECTION('',(-1.,1.110223024625E-16,0.));
#9454 = ORIENTED_EDGE('',*,*,#9455,.F.);
#9455 = EDGE_CURVE('',#7496,#9448,#9456,.T.);
#9456 = LINE('',#9457,#9458);
#9457 = CARTESIAN_POINT('',(-0.3,-12.4,8.2));
#9458 = VECTOR('',#9459,1.);
#9459 = DIRECTION('',(0.,-0.,-1.));
#9460 = PLANE('',#9461);
#9461 = AXIS2_PLACEMENT_3D('',#9462,#9463,#9464);
#9462 = CARTESIAN_POINT('',(0.3,-12.4,8.2));
#9463 = DIRECTION('',(1.110223024625E-16,1.,0.));
#9464 = DIRECTION('',(-1.,1.110223024625E-16,0.));
#9465 = ADVANCED_FACE('',(#9466),#9484,.F.);
#9466 = FACE_BOUND('',#9467,.F.);
#9467 = EDGE_LOOP('',(#9468,#9469,#9477,#9483));
#9468 = ORIENTED_EDGE('',*,*,#9455,.T.);
#9469 = ORIENTED_EDGE('',*,*,#9470,.T.);
#9470 = EDGE_CURVE('',#9448,#9471,#9473,.T.);
#9471 = VERTEX_POINT('',#9472);
#9472 = CARTESIAN_POINT('',(-0.3,-13.,0.9));
#9473 = LINE('',#9474,#9475);
#9474 = CARTESIAN_POINT('',(-0.3,-12.4,0.9));
#9475 = VECTOR('',#9476,1.);
#9476 = DIRECTION('',(-1.110223024625E-16,-1.,0.));
#9477 = ORIENTED_EDGE('',*,*,#9478,.F.);
#9478 = EDGE_CURVE('',#7520,#9471,#9479,.T.);
#9479 = LINE('',#9480,#9481);
#9480 = CARTESIAN_POINT('',(-0.3,-13.,8.2));
#9481 = VECTOR('',#9482,1.);
#9482 = DIRECTION('',(0.,-0.,-1.));
#9483 = ORIENTED_EDGE('',*,*,#7527,.F.);
#9484 = PLANE('',#9485);
#9485 = AXIS2_PLACEMENT_3D('',#9486,#9487,#9488);
#9486 = CARTESIAN_POINT('',(-0.3,-12.4,8.2));
#9487 = DIRECTION('',(-1.,1.110223024625E-16,0.));
#9488 = DIRECTION('',(-1.110223024625E-16,-1.,0.));
#9489 = ADVANCED_FACE('',(#9490),#9533,.F.);
#9490 = FACE_BOUND('',#9491,.F.);
#9491 = EDGE_LOOP('',(#9492,#9493,#9494,#9502,#9510,#9518,#9526,#9532));
#9492 = ORIENTED_EDGE('',*,*,#7544,.F.);
#9493 = ORIENTED_EDGE('',*,*,#9478,.T.);
#9494 = ORIENTED_EDGE('',*,*,#9495,.T.);
#9495 = EDGE_CURVE('',#9471,#9496,#9498,.T.);
#9496 = VERTEX_POINT('',#9497);
#9497 = CARTESIAN_POINT('',(-0.1,-13.,0.9));
#9498 = LINE('',#9499,#9500);
#9499 = CARTESIAN_POINT('',(-0.3,-13.,0.9));
#9500 = VECTOR('',#9501,1.);
#9501 = DIRECTION('',(1.,-1.110223024625E-16,0.));
#9502 = ORIENTED_EDGE('',*,*,#9503,.F.);
#9503 = EDGE_CURVE('',#9504,#9496,#9506,.T.);
#9504 = VERTEX_POINT('',#9505);
#9505 = CARTESIAN_POINT('',(-0.1,-13.,7.4));
#9506 = LINE('',#9507,#9508);
#9507 = CARTESIAN_POINT('',(-0.1,-13.,6.055738799212));
#9508 = VECTOR('',#9509,1.);
#9509 = DIRECTION('',(-0.,0.,-1.));
#9510 = ORIENTED_EDGE('',*,*,#9511,.T.);
#9511 = EDGE_CURVE('',#9504,#9512,#9514,.T.);
#9512 = VERTEX_POINT('',#9513);
#9513 = CARTESIAN_POINT('',(0.1,-13.,7.4));
#9514 = LINE('',#9515,#9516);
#9515 = CARTESIAN_POINT('',(-0.1,-13.,7.4));
#9516 = VECTOR('',#9517,1.);
#9517 = DIRECTION('',(1.,-1.110223024625E-16,0.));
#9518 = ORIENTED_EDGE('',*,*,#9519,.T.);
#9519 = EDGE_CURVE('',#9512,#9520,#9522,.T.);
#9520 = VERTEX_POINT('',#9521);
#9521 = CARTESIAN_POINT('',(0.1,-13.,0.9));
#9522 = LINE('',#9523,#9524);
#9523 = CARTESIAN_POINT('',(0.1,-13.,6.055738799212));
#9524 = VECTOR('',#9525,1.);
#9525 = DIRECTION('',(-0.,0.,-1.));
#9526 = ORIENTED_EDGE('',*,*,#9527,.T.);
#9527 = EDGE_CURVE('',#9520,#9383,#9528,.T.);
#9528 = LINE('',#9529,#9530);
#9529 = CARTESIAN_POINT('',(-0.3,-13.,0.9));
#9530 = VECTOR('',#9531,1.);
#9531 = DIRECTION('',(1.,-1.110223024625E-16,0.));
#9532 = ORIENTED_EDGE('',*,*,#9382,.F.);
#9533 = PLANE('',#9534);
#9534 = AXIS2_PLACEMENT_3D('',#9535,#9536,#9537);
#9535 = CARTESIAN_POINT('',(-0.3,-13.,8.2));
#9536 = DIRECTION('',(-1.110223024625E-16,-1.,0.));
#9537 = DIRECTION('',(1.,-1.110223024625E-16,0.));
#9538 = ADVANCED_FACE('',(#9539),#9564,.F.);
#9539 = FACE_BOUND('',#9540,.F.);
#9540 = EDGE_LOOP('',(#9541,#9549,#9557,#9563));
#9541 = ORIENTED_EDGE('',*,*,#9542,.T.);
#9542 = EDGE_CURVE('',#7559,#9543,#9545,.T.);
#9543 = VERTEX_POINT('',#9544);
#9544 = CARTESIAN_POINT('',(0.3,-10.46,0.9));
#9545 = LINE('',#9546,#9547);
#9546 = CARTESIAN_POINT('',(0.3,-10.46,8.2));
#9547 = VECTOR('',#9548,1.);
#9548 = DIRECTION('',(0.,-0.,-1.));
#9549 = ORIENTED_EDGE('',*,*,#9550,.T.);
#9550 = EDGE_CURVE('',#9543,#9551,#9553,.T.);
#9551 = VERTEX_POINT('',#9552);
#9552 = CARTESIAN_POINT('',(0.3,-9.86,0.9));
#9553 = LINE('',#9554,#9555);
#9554 = CARTESIAN_POINT('',(0.3,-10.46,0.9));
#9555 = VECTOR('',#9556,1.);
#9556 = DIRECTION('',(1.110223024625E-16,1.,0.));
#9557 = ORIENTED_EDGE('',*,*,#9558,.F.);
#9558 = EDGE_CURVE('',#7568,#9551,#9559,.T.);
#9559 = LINE('',#9560,#9561);
#9560 = CARTESIAN_POINT('',(0.3,-9.86,8.2));
#9561 = VECTOR('',#9562,1.);
#9562 = DIRECTION('',(0.,-0.,-1.));
#9563 = ORIENTED_EDGE('',*,*,#7575,.F.);
#9564 = PLANE('',#9565);
#9565 = AXIS2_PLACEMENT_3D('',#9566,#9567,#9568);
#9566 = CARTESIAN_POINT('',(0.3,-10.46,8.2));
#9567 = DIRECTION('',(1.,-1.110223024625E-16,0.));
#9568 = DIRECTION('',(1.110223024625E-16,1.,0.));
#9569 = ADVANCED_FACE('',(#9570),#9620,.F.);
#9570 = FACE_BOUND('',#9571,.F.);
#9571 = EDGE_LOOP('',(#9572,#9573,#9574,#9582,#9590,#9598,#9606,#9614));
#9572 = ORIENTED_EDGE('',*,*,#7599,.F.);
#9573 = ORIENTED_EDGE('',*,*,#9558,.T.);
#9574 = ORIENTED_EDGE('',*,*,#9575,.T.);
#9575 = EDGE_CURVE('',#9551,#9576,#9578,.T.);
#9576 = VERTEX_POINT('',#9577);
#9577 = CARTESIAN_POINT('',(0.1,-9.86,0.9));
#9578 = LINE('',#9579,#9580);
#9579 = CARTESIAN_POINT('',(0.3,-9.86,0.9));
#9580 = VECTOR('',#9581,1.);
#9581 = DIRECTION('',(-1.,1.110223024625E-16,0.));
#9582 = ORIENTED_EDGE('',*,*,#9583,.T.);
#9583 = EDGE_CURVE('',#9576,#9584,#9586,.T.);
#9584 = VERTEX_POINT('',#9585);
#9585 = CARTESIAN_POINT('',(0.1,-9.86,7.4));
#9586 = LINE('',#9587,#9588);
#9587 = CARTESIAN_POINT('',(0.1,-9.86,6.055738799212));
#9588 = VECTOR('',#9589,1.);
#9589 = DIRECTION('',(0.,-0.,1.));
#9590 = ORIENTED_EDGE('',*,*,#9591,.F.);
#9591 = EDGE_CURVE('',#9592,#9584,#9594,.T.);
#9592 = VERTEX_POINT('',#9593);
#9593 = CARTESIAN_POINT('',(-0.1,-9.86,7.4));
#9594 = LINE('',#9595,#9596);
#9595 = CARTESIAN_POINT('',(-0.1,-9.86,7.4));
#9596 = VECTOR('',#9597,1.);
#9597 = DIRECTION('',(1.,-1.110223024625E-16,0.));
#9598 = ORIENTED_EDGE('',*,*,#9599,.F.);
#9599 = EDGE_CURVE('',#9600,#9592,#9602,.T.);
#9600 = VERTEX_POINT('',#9601);
#9601 = CARTESIAN_POINT('',(-0.1,-9.86,0.9));
#9602 = LINE('',#9603,#9604);
#9603 = CARTESIAN_POINT('',(-0.1,-9.86,6.055738799212));
#9604 = VECTOR('',#9605,1.);
#9605 = DIRECTION('',(0.,-0.,1.));
#9606 = ORIENTED_EDGE('',*,*,#9607,.T.);
#9607 = EDGE_CURVE('',#9600,#9608,#9610,.T.);
#9608 = VERTEX_POINT('',#9609);
#9609 = CARTESIAN_POINT('',(-0.3,-9.86,0.9));
#9610 = LINE('',#9611,#9612);
#9611 = CARTESIAN_POINT('',(0.3,-9.86,0.9));
#9612 = VECTOR('',#9613,1.);
#9613 = DIRECTION('',(-1.,1.110223024625E-16,0.));
#9614 = ORIENTED_EDGE('',*,*,#9615,.F.);
#9615 = EDGE_CURVE('',#7592,#9608,#9616,.T.);
#9616 = LINE('',#9617,#9618);
#9617 = CARTESIAN_POINT('',(-0.3,-9.86,8.2));
#9618 = VECTOR('',#9619,1.);
#9619 = DIRECTION('',(0.,-0.,-1.));
#9620 = PLANE('',#9621);
#9621 = AXIS2_PLACEMENT_3D('',#9622,#9623,#9624);
#9622 = CARTESIAN_POINT('',(0.3,-9.86,8.2));
#9623 = DIRECTION('',(1.110223024625E-16,1.,0.));
#9624 = DIRECTION('',(-1.,1.110223024625E-16,0.));
#9625 = ADVANCED_FACE('',(#9626),#9644,.F.);
#9626 = FACE_BOUND('',#9627,.F.);
#9627 = EDGE_LOOP('',(#9628,#9629,#9637,#9643));
#9628 = ORIENTED_EDGE('',*,*,#9615,.T.);
#9629 = ORIENTED_EDGE('',*,*,#9630,.T.);
#9630 = EDGE_CURVE('',#9608,#9631,#9633,.T.);
#9631 = VERTEX_POINT('',#9632);
#9632 = CARTESIAN_POINT('',(-0.3,-10.46,0.9));
#9633 = LINE('',#9634,#9635);
#9634 = CARTESIAN_POINT('',(-0.3,-9.86,0.9));
#9635 = VECTOR('',#9636,1.);
#9636 = DIRECTION('',(-1.110223024625E-16,-1.,0.));
#9637 = ORIENTED_EDGE('',*,*,#9638,.F.);
#9638 = EDGE_CURVE('',#7616,#9631,#9639,.T.);
#9639 = LINE('',#9640,#9641);
#9640 = CARTESIAN_POINT('',(-0.3,-10.46,8.2));
#9641 = VECTOR('',#9642,1.);
#9642 = DIRECTION('',(0.,-0.,-1.));
#9643 = ORIENTED_EDGE('',*,*,#7623,.F.);
#9644 = PLANE('',#9645);
#9645 = AXIS2_PLACEMENT_3D('',#9646,#9647,#9648);
#9646 = CARTESIAN_POINT('',(-0.3,-9.86,8.2));
#9647 = DIRECTION('',(-1.,1.110223024625E-16,0.));
#9648 = DIRECTION('',(-1.110223024625E-16,-1.,0.));
#9649 = ADVANCED_FACE('',(#9650),#9693,.F.);
#9650 = FACE_BOUND('',#9651,.F.);
#9651 = EDGE_LOOP('',(#9652,#9653,#9654,#9662,#9670,#9678,#9686,#9692));
#9652 = ORIENTED_EDGE('',*,*,#7640,.F.);
#9653 = ORIENTED_EDGE('',*,*,#9638,.T.);
#9654 = ORIENTED_EDGE('',*,*,#9655,.T.);
#9655 = EDGE_CURVE('',#9631,#9656,#9658,.T.);
#9656 = VERTEX_POINT('',#9657);
#9657 = CARTESIAN_POINT('',(-0.1,-10.46,0.9));
#9658 = LINE('',#9659,#9660);
#9659 = CARTESIAN_POINT('',(-0.3,-10.46,0.9));
#9660 = VECTOR('',#9661,1.);
#9661 = DIRECTION('',(1.,-1.110223024625E-16,0.));
#9662 = ORIENTED_EDGE('',*,*,#9663,.F.);
#9663 = EDGE_CURVE('',#9664,#9656,#9666,.T.);
#9664 = VERTEX_POINT('',#9665);
#9665 = CARTESIAN_POINT('',(-0.1,-10.46,7.4));
#9666 = LINE('',#9667,#9668);
#9667 = CARTESIAN_POINT('',(-0.1,-10.46,6.055738799212));
#9668 = VECTOR('',#9669,1.);
#9669 = DIRECTION('',(-0.,0.,-1.));
#9670 = ORIENTED_EDGE('',*,*,#9671,.T.);
#9671 = EDGE_CURVE('',#9664,#9672,#9674,.T.);
#9672 = VERTEX_POINT('',#9673);
#9673 = CARTESIAN_POINT('',(0.1,-10.46,7.4));
#9674 = LINE('',#9675,#9676);
#9675 = CARTESIAN_POINT('',(-0.1,-10.46,7.4));
#9676 = VECTOR('',#9677,1.);
#9677 = DIRECTION('',(1.,-1.110223024625E-16,0.));
#9678 = ORIENTED_EDGE('',*,*,#9679,.T.);
#9679 = EDGE_CURVE('',#9672,#9680,#9682,.T.);
#9680 = VERTEX_POINT('',#9681);
#9681 = CARTESIAN_POINT('',(0.1,-10.46,0.9));
#9682 = LINE('',#9683,#9684);
#9683 = CARTESIAN_POINT('',(0.1,-10.46,6.055738799212));
#9684 = VECTOR('',#9685,1.);
#9685 = DIRECTION('',(-0.,0.,-1.));
#9686 = ORIENTED_EDGE('',*,*,#9687,.T.);
#9687 = EDGE_CURVE('',#9680,#9543,#9688,.T.);
#9688 = LINE('',#9689,#9690);
#9689 = CARTESIAN_POINT('',(-0.3,-10.46,0.9));
#9690 = VECTOR('',#9691,1.);
#9691 = DIRECTION('',(1.,-1.110223024625E-16,0.));
#9692 = ORIENTED_EDGE('',*,*,#9542,.F.);
#9693 = PLANE('',#9694);
#9694 = AXIS2_PLACEMENT_3D('',#9695,#9696,#9697);
#9695 = CARTESIAN_POINT('',(-0.3,-10.46,8.2));
#9696 = DIRECTION('',(-1.110223024625E-16,-1.,0.));
#9697 = DIRECTION('',(1.,-1.110223024625E-16,0.));
#9698 = ADVANCED_FACE('',(#9699),#9724,.F.);
#9699 = FACE_BOUND('',#9700,.F.);
#9700 = EDGE_LOOP('',(#9701,#9709,#9717,#9723));
#9701 = ORIENTED_EDGE('',*,*,#9702,.T.);
#9702 = EDGE_CURVE('',#7655,#9703,#9705,.T.);
#9703 = VERTEX_POINT('',#9704);
#9704 = CARTESIAN_POINT('',(0.3,-7.92,0.9));
#9705 = LINE('',#9706,#9707);
#9706 = CARTESIAN_POINT('',(0.3,-7.92,8.2));
#9707 = VECTOR('',#9708,1.);
#9708 = DIRECTION('',(0.,-0.,-1.));
#9709 = ORIENTED_EDGE('',*,*,#9710,.T.);
#9710 = EDGE_CURVE('',#9703,#9711,#9713,.T.);
#9711 = VERTEX_POINT('',#9712);
#9712 = CARTESIAN_POINT('',(0.3,-7.32,0.9));
#9713 = LINE('',#9714,#9715);
#9714 = CARTESIAN_POINT('',(0.3,-7.92,0.9));
#9715 = VECTOR('',#9716,1.);
#9716 = DIRECTION('',(1.110223024625E-16,1.,0.));
#9717 = ORIENTED_EDGE('',*,*,#9718,.F.);
#9718 = EDGE_CURVE('',#7664,#9711,#9719,.T.);
#9719 = LINE('',#9720,#9721);
#9720 = CARTESIAN_POINT('',(0.3,-7.32,8.2));
#9721 = VECTOR('',#9722,1.);
#9722 = DIRECTION('',(0.,-0.,-1.));
#9723 = ORIENTED_EDGE('',*,*,#7671,.F.);
#9724 = PLANE('',#9725);
#9725 = AXIS2_PLACEMENT_3D('',#9726,#9727,#9728);
#9726 = CARTESIAN_POINT('',(0.3,-7.92,8.2));
#9727 = DIRECTION('',(1.,-1.110223024625E-16,0.));
#9728 = DIRECTION('',(1.110223024625E-16,1.,0.));
#9729 = ADVANCED_FACE('',(#9730),#9780,.F.);
#9730 = FACE_BOUND('',#9731,.F.);
#9731 = EDGE_LOOP('',(#9732,#9733,#9734,#9742,#9750,#9758,#9766,#9774));
#9732 = ORIENTED_EDGE('',*,*,#7695,.F.);
#9733 = ORIENTED_EDGE('',*,*,#9718,.T.);
#9734 = ORIENTED_EDGE('',*,*,#9735,.T.);
#9735 = EDGE_CURVE('',#9711,#9736,#9738,.T.);
#9736 = VERTEX_POINT('',#9737);
#9737 = CARTESIAN_POINT('',(0.1,-7.32,0.9));
#9738 = LINE('',#9739,#9740);
#9739 = CARTESIAN_POINT('',(0.3,-7.32,0.9));
#9740 = VECTOR('',#9741,1.);
#9741 = DIRECTION('',(-1.,1.110223024625E-16,0.));
#9742 = ORIENTED_EDGE('',*,*,#9743,.T.);
#9743 = EDGE_CURVE('',#9736,#9744,#9746,.T.);
#9744 = VERTEX_POINT('',#9745);
#9745 = CARTESIAN_POINT('',(0.1,-7.32,7.4));
#9746 = LINE('',#9747,#9748);
#9747 = CARTESIAN_POINT('',(0.1,-7.32,6.055738799212));
#9748 = VECTOR('',#9749,1.);
#9749 = DIRECTION('',(0.,-0.,1.));
#9750 = ORIENTED_EDGE('',*,*,#9751,.F.);
#9751 = EDGE_CURVE('',#9752,#9744,#9754,.T.);
#9752 = VERTEX_POINT('',#9753);
#9753 = CARTESIAN_POINT('',(-0.1,-7.32,7.4));
#9754 = LINE('',#9755,#9756);
#9755 = CARTESIAN_POINT('',(-0.1,-7.32,7.4));
#9756 = VECTOR('',#9757,1.);
#9757 = DIRECTION('',(1.,-1.110223024625E-16,0.));
#9758 = ORIENTED_EDGE('',*,*,#9759,.F.);
#9759 = EDGE_CURVE('',#9760,#9752,#9762,.T.);
#9760 = VERTEX_POINT('',#9761);
#9761 = CARTESIAN_POINT('',(-0.1,-7.32,0.9));
#9762 = LINE('',#9763,#9764);
#9763 = CARTESIAN_POINT('',(-0.1,-7.32,6.055738799212));
#9764 = VECTOR('',#9765,1.);
#9765 = DIRECTION('',(0.,-0.,1.));
#9766 = ORIENTED_EDGE('',*,*,#9767,.T.);
#9767 = EDGE_CURVE('',#9760,#9768,#9770,.T.);
#9768 = VERTEX_POINT('',#9769);
#9769 = CARTESIAN_POINT('',(-0.3,-7.32,0.9));
#9770 = LINE('',#9771,#9772);
#9771 = CARTESIAN_POINT('',(0.3,-7.32,0.9));
#9772 = VECTOR('',#9773,1.);
#9773 = DIRECTION('',(-1.,1.110223024625E-16,0.));
#9774 = ORIENTED_EDGE('',*,*,#9775,.F.);
#9775 = EDGE_CURVE('',#7688,#9768,#9776,.T.);
#9776 = LINE('',#9777,#9778);
#9777 = CARTESIAN_POINT('',(-0.3,-7.32,8.2));
#9778 = VECTOR('',#9779,1.);
#9779 = DIRECTION('',(0.,-0.,-1.));
#9780 = PLANE('',#9781);
#9781 = AXIS2_PLACEMENT_3D('',#9782,#9783,#9784);
#9782 = CARTESIAN_POINT('',(0.3,-7.32,8.2));
#9783 = DIRECTION('',(1.110223024625E-16,1.,0.));
#9784 = DIRECTION('',(-1.,1.110223024625E-16,0.));
#9785 = ADVANCED_FACE('',(#9786),#9804,.F.);
#9786 = FACE_BOUND('',#9787,.F.);
#9787 = EDGE_LOOP('',(#9788,#9789,#9797,#9803));
#9788 = ORIENTED_EDGE('',*,*,#9775,.T.);
#9789 = ORIENTED_EDGE('',*,*,#9790,.T.);
#9790 = EDGE_CURVE('',#9768,#9791,#9793,.T.);
#9791 = VERTEX_POINT('',#9792);
#9792 = CARTESIAN_POINT('',(-0.3,-7.92,0.9));
#9793 = LINE('',#9794,#9795);
#9794 = CARTESIAN_POINT('',(-0.3,-7.32,0.9));
#9795 = VECTOR('',#9796,1.);
#9796 = DIRECTION('',(-1.110223024625E-16,-1.,0.));
#9797 = ORIENTED_EDGE('',*,*,#9798,.F.);
#9798 = EDGE_CURVE('',#7712,#9791,#9799,.T.);
#9799 = LINE('',#9800,#9801);
#9800 = CARTESIAN_POINT('',(-0.3,-7.92,8.2));
#9801 = VECTOR('',#9802,1.);
#9802 = DIRECTION('',(0.,-0.,-1.));
#9803 = ORIENTED_EDGE('',*,*,#7719,.F.);
#9804 = PLANE('',#9805);
#9805 = AXIS2_PLACEMENT_3D('',#9806,#9807,#9808);
#9806 = CARTESIAN_POINT('',(-0.3,-7.32,8.2));
#9807 = DIRECTION('',(-1.,1.110223024625E-16,0.));
#9808 = DIRECTION('',(-1.110223024625E-16,-1.,0.));
#9809 = ADVANCED_FACE('',(#9810),#9853,.F.);
#9810 = FACE_BOUND('',#9811,.F.);
#9811 = EDGE_LOOP('',(#9812,#9813,#9814,#9822,#9830,#9838,#9846,#9852));
#9812 = ORIENTED_EDGE('',*,*,#7736,.F.);
#9813 = ORIENTED_EDGE('',*,*,#9798,.T.);
#9814 = ORIENTED_EDGE('',*,*,#9815,.T.);
#9815 = EDGE_CURVE('',#9791,#9816,#9818,.T.);
#9816 = VERTEX_POINT('',#9817);
#9817 = CARTESIAN_POINT('',(-0.1,-7.92,0.9));
#9818 = LINE('',#9819,#9820);
#9819 = CARTESIAN_POINT('',(-0.3,-7.92,0.9));
#9820 = VECTOR('',#9821,1.);
#9821 = DIRECTION('',(1.,-1.110223024625E-16,0.));
#9822 = ORIENTED_EDGE('',*,*,#9823,.F.);
#9823 = EDGE_CURVE('',#9824,#9816,#9826,.T.);
#9824 = VERTEX_POINT('',#9825);
#9825 = CARTESIAN_POINT('',(-0.1,-7.92,7.4));
#9826 = LINE('',#9827,#9828);
#9827 = CARTESIAN_POINT('',(-0.1,-7.92,6.055738799212));
#9828 = VECTOR('',#9829,1.);
#9829 = DIRECTION('',(-0.,0.,-1.));
#9830 = ORIENTED_EDGE('',*,*,#9831,.T.);
#9831 = EDGE_CURVE('',#9824,#9832,#9834,.T.);
#9832 = VERTEX_POINT('',#9833);
#9833 = CARTESIAN_POINT('',(0.1,-7.92,7.4));
#9834 = LINE('',#9835,#9836);
#9835 = CARTESIAN_POINT('',(-0.1,-7.92,7.4));
#9836 = VECTOR('',#9837,1.);
#9837 = DIRECTION('',(1.,-1.110223024625E-16,0.));
#9838 = ORIENTED_EDGE('',*,*,#9839,.T.);
#9839 = EDGE_CURVE('',#9832,#9840,#9842,.T.);
#9840 = VERTEX_POINT('',#9841);
#9841 = CARTESIAN_POINT('',(0.1,-7.92,0.9));
#9842 = LINE('',#9843,#9844);
#9843 = CARTESIAN_POINT('',(0.1,-7.92,6.055738799212));
#9844 = VECTOR('',#9845,1.);
#9845 = DIRECTION('',(-0.,0.,-1.));
#9846 = ORIENTED_EDGE('',*,*,#9847,.T.);
#9847 = EDGE_CURVE('',#9840,#9703,#9848,.T.);
#9848 = LINE('',#9849,#9850);
#9849 = CARTESIAN_POINT('',(-0.3,-7.92,0.9));
#9850 = VECTOR('',#9851,1.);
#9851 = DIRECTION('',(1.,-1.110223024625E-16,0.));
#9852 = ORIENTED_EDGE('',*,*,#9702,.F.);
#9853 = PLANE('',#9854);
#9854 = AXIS2_PLACEMENT_3D('',#9855,#9856,#9857);
#9855 = CARTESIAN_POINT('',(-0.3,-7.92,8.2));
#9856 = DIRECTION('',(-1.110223024625E-16,-1.,0.));
#9857 = DIRECTION('',(1.,-1.110223024625E-16,0.));
#9858 = ADVANCED_FACE('',(#9859),#9884,.F.);
#9859 = FACE_BOUND('',#9860,.F.);
#9860 = EDGE_LOOP('',(#9861,#9869,#9877,#9883));
#9861 = ORIENTED_EDGE('',*,*,#9862,.T.);
#9862 = EDGE_CURVE('',#7751,#9863,#9865,.T.);
#9863 = VERTEX_POINT('',#9864);
#9864 = CARTESIAN_POINT('',(0.3,-5.38,0.9));
#9865 = LINE('',#9866,#9867);
#9866 = CARTESIAN_POINT('',(0.3,-5.38,8.2));
#9867 = VECTOR('',#9868,1.);
#9868 = DIRECTION('',(0.,-0.,-1.));
#9869 = ORIENTED_EDGE('',*,*,#9870,.T.);
#9870 = EDGE_CURVE('',#9863,#9871,#9873,.T.);
#9871 = VERTEX_POINT('',#9872);
#9872 = CARTESIAN_POINT('',(0.3,-4.78,0.9));
#9873 = LINE('',#9874,#9875);
#9874 = CARTESIAN_POINT('',(0.3,-5.38,0.9));
#9875 = VECTOR('',#9876,1.);
#9876 = DIRECTION('',(1.110223024625E-16,1.,0.));
#9877 = ORIENTED_EDGE('',*,*,#9878,.F.);
#9878 = EDGE_CURVE('',#7760,#9871,#9879,.T.);
#9879 = LINE('',#9880,#9881);
#9880 = CARTESIAN_POINT('',(0.3,-4.78,8.2));
#9881 = VECTOR('',#9882,1.);
#9882 = DIRECTION('',(0.,-0.,-1.));
#9883 = ORIENTED_EDGE('',*,*,#7767,.F.);
#9884 = PLANE('',#9885);
#9885 = AXIS2_PLACEMENT_3D('',#9886,#9887,#9888);
#9886 = CARTESIAN_POINT('',(0.3,-5.38,8.2));
#9887 = DIRECTION('',(1.,-1.110223024625E-16,0.));
#9888 = DIRECTION('',(1.110223024625E-16,1.,0.));
#9889 = ADVANCED_FACE('',(#9890),#9940,.F.);
#9890 = FACE_BOUND('',#9891,.F.);
#9891 = EDGE_LOOP('',(#9892,#9893,#9894,#9902,#9910,#9918,#9926,#9934));
#9892 = ORIENTED_EDGE('',*,*,#7791,.F.);
#9893 = ORIENTED_EDGE('',*,*,#9878,.T.);
#9894 = ORIENTED_EDGE('',*,*,#9895,.T.);
#9895 = EDGE_CURVE('',#9871,#9896,#9898,.T.);
#9896 = VERTEX_POINT('',#9897);
#9897 = CARTESIAN_POINT('',(0.1,-4.78,0.9));
#9898 = LINE('',#9899,#9900);
#9899 = CARTESIAN_POINT('',(0.3,-4.78,0.9));
#9900 = VECTOR('',#9901,1.);
#9901 = DIRECTION('',(-1.,1.110223024625E-16,0.));
#9902 = ORIENTED_EDGE('',*,*,#9903,.T.);
#9903 = EDGE_CURVE('',#9896,#9904,#9906,.T.);
#9904 = VERTEX_POINT('',#9905);
#9905 = CARTESIAN_POINT('',(0.1,-4.78,7.4));
#9906 = LINE('',#9907,#9908);
#9907 = CARTESIAN_POINT('',(0.1,-4.78,6.055738799212));
#9908 = VECTOR('',#9909,1.);
#9909 = DIRECTION('',(0.,-0.,1.));
#9910 = ORIENTED_EDGE('',*,*,#9911,.F.);
#9911 = EDGE_CURVE('',#9912,#9904,#9914,.T.);
#9912 = VERTEX_POINT('',#9913);
#9913 = CARTESIAN_POINT('',(-0.1,-4.78,7.4));
#9914 = LINE('',#9915,#9916);
#9915 = CARTESIAN_POINT('',(-0.1,-4.78,7.4));
#9916 = VECTOR('',#9917,1.);
#9917 = DIRECTION('',(1.,-1.110223024625E-16,0.));
#9918 = ORIENTED_EDGE('',*,*,#9919,.F.);
#9919 = EDGE_CURVE('',#9920,#9912,#9922,.T.);
#9920 = VERTEX_POINT('',#9921);
#9921 = CARTESIAN_POINT('',(-0.1,-4.78,0.9));
#9922 = LINE('',#9923,#9924);
#9923 = CARTESIAN_POINT('',(-0.1,-4.78,6.055738799212));
#9924 = VECTOR('',#9925,1.);
#9925 = DIRECTION('',(0.,-0.,1.));
#9926 = ORIENTED_EDGE('',*,*,#9927,.T.);
#9927 = EDGE_CURVE('',#9920,#9928,#9930,.T.);
#9928 = VERTEX_POINT('',#9929);
#9929 = CARTESIAN_POINT('',(-0.3,-4.78,0.9));
#9930 = LINE('',#9931,#9932);
#9931 = CARTESIAN_POINT('',(0.3,-4.78,0.9));
#9932 = VECTOR('',#9933,1.);
#9933 = DIRECTION('',(-1.,1.110223024625E-16,0.));
#9934 = ORIENTED_EDGE('',*,*,#9935,.F.);
#9935 = EDGE_CURVE('',#7784,#9928,#9936,.T.);
#9936 = LINE('',#9937,#9938);
#9937 = CARTESIAN_POINT('',(-0.3,-4.78,8.2));
#9938 = VECTOR('',#9939,1.);
#9939 = DIRECTION('',(0.,-0.,-1.));
#9940 = PLANE('',#9941);
#9941 = AXIS2_PLACEMENT_3D('',#9942,#9943,#9944);
#9942 = CARTESIAN_POINT('',(0.3,-4.78,8.2));
#9943 = DIRECTION('',(1.110223024625E-16,1.,0.));
#9944 = DIRECTION('',(-1.,1.110223024625E-16,0.));
#9945 = ADVANCED_FACE('',(#9946),#9964,.F.);
#9946 = FACE_BOUND('',#9947,.F.);
#9947 = EDGE_LOOP('',(#9948,#9949,#9957,#9963));
#9948 = ORIENTED_EDGE('',*,*,#9935,.T.);
#9949 = ORIENTED_EDGE('',*,*,#9950,.T.);
#9950 = EDGE_CURVE('',#9928,#9951,#9953,.T.);
#9951 = VERTEX_POINT('',#9952);
#9952 = CARTESIAN_POINT('',(-0.3,-5.38,0.9));
#9953 = LINE('',#9954,#9955);
#9954 = CARTESIAN_POINT('',(-0.3,-4.78,0.9));
#9955 = VECTOR('',#9956,1.);
#9956 = DIRECTION('',(-1.110223024625E-16,-1.,0.));
#9957 = ORIENTED_EDGE('',*,*,#9958,.F.);
#9958 = EDGE_CURVE('',#7808,#9951,#9959,.T.);
#9959 = LINE('',#9960,#9961);
#9960 = CARTESIAN_POINT('',(-0.3,-5.38,8.2));
#9961 = VECTOR('',#9962,1.);
#9962 = DIRECTION('',(0.,-0.,-1.));
#9963 = ORIENTED_EDGE('',*,*,#7815,.F.);
#9964 = PLANE('',#9965);
#9965 = AXIS2_PLACEMENT_3D('',#9966,#9967,#9968);
#9966 = CARTESIAN_POINT('',(-0.3,-4.78,8.2));
#9967 = DIRECTION('',(-1.,1.110223024625E-16,0.));
#9968 = DIRECTION('',(-1.110223024625E-16,-1.,0.));
#9969 = ADVANCED_FACE('',(#9970),#10013,.F.);
#9970 = FACE_BOUND('',#9971,.F.);
#9971 = EDGE_LOOP('',(#9972,#9973,#9974,#9982,#9990,#9998,#10006,#10012)
  );
#9972 = ORIENTED_EDGE('',*,*,#7832,.F.);
#9973 = ORIENTED_EDGE('',*,*,#9958,.T.);
#9974 = ORIENTED_EDGE('',*,*,#9975,.T.);
#9975 = EDGE_CURVE('',#9951,#9976,#9978,.T.);
#9976 = VERTEX_POINT('',#9977);
#9977 = CARTESIAN_POINT('',(-0.1,-5.38,0.9));
#9978 = LINE('',#9979,#9980);
#9979 = CARTESIAN_POINT('',(-0.3,-5.38,0.9));
#9980 = VECTOR('',#9981,1.);
#9981 = DIRECTION('',(1.,-1.110223024625E-16,0.));
#9982 = ORIENTED_EDGE('',*,*,#9983,.F.);
#9983 = EDGE_CURVE('',#9984,#9976,#9986,.T.);
#9984 = VERTEX_POINT('',#9985);
#9985 = CARTESIAN_POINT('',(-0.1,-5.38,7.4));
#9986 = LINE('',#9987,#9988);
#9987 = CARTESIAN_POINT('',(-0.1,-5.38,6.055738799212));
#9988 = VECTOR('',#9989,1.);
#9989 = DIRECTION('',(-0.,0.,-1.));
#9990 = ORIENTED_EDGE('',*,*,#9991,.T.);
#9991 = EDGE_CURVE('',#9984,#9992,#9994,.T.);
#9992 = VERTEX_POINT('',#9993);
#9993 = CARTESIAN_POINT('',(0.1,-5.38,7.4));
#9994 = LINE('',#9995,#9996);
#9995 = CARTESIAN_POINT('',(-0.1,-5.38,7.4));
#9996 = VECTOR('',#9997,1.);
#9997 = DIRECTION('',(1.,-1.110223024625E-16,0.));
#9998 = ORIENTED_EDGE('',*,*,#9999,.T.);
#9999 = EDGE_CURVE('',#9992,#10000,#10002,.T.);
#10000 = VERTEX_POINT('',#10001);
#10001 = CARTESIAN_POINT('',(0.1,-5.38,0.9));
#10002 = LINE('',#10003,#10004);
#10003 = CARTESIAN_POINT('',(0.1,-5.38,6.055738799212));
#10004 = VECTOR('',#10005,1.);
#10005 = DIRECTION('',(-0.,0.,-1.));
#10006 = ORIENTED_EDGE('',*,*,#10007,.T.);
#10007 = EDGE_CURVE('',#10000,#9863,#10008,.T.);
#10008 = LINE('',#10009,#10010);
#10009 = CARTESIAN_POINT('',(-0.3,-5.38,0.9));
#10010 = VECTOR('',#10011,1.);
#10011 = DIRECTION('',(1.,-1.110223024625E-16,0.));
#10012 = ORIENTED_EDGE('',*,*,#9862,.F.);
#10013 = PLANE('',#10014);
#10014 = AXIS2_PLACEMENT_3D('',#10015,#10016,#10017);
#10015 = CARTESIAN_POINT('',(-0.3,-5.38,8.2));
#10016 = DIRECTION('',(-1.110223024625E-16,-1.,0.));
#10017 = DIRECTION('',(1.,-1.110223024625E-16,0.));
#10018 = ADVANCED_FACE('',(#10019),#10044,.F.);
#10019 = FACE_BOUND('',#10020,.F.);
#10020 = EDGE_LOOP('',(#10021,#10029,#10037,#10043));
#10021 = ORIENTED_EDGE('',*,*,#10022,.T.);
#10022 = EDGE_CURVE('',#7847,#10023,#10025,.T.);
#10023 = VERTEX_POINT('',#10024);
#10024 = CARTESIAN_POINT('',(0.3,-2.84,0.9));
#10025 = LINE('',#10026,#10027);
#10026 = CARTESIAN_POINT('',(0.3,-2.84,8.2));
#10027 = VECTOR('',#10028,1.);
#10028 = DIRECTION('',(0.,-0.,-1.));
#10029 = ORIENTED_EDGE('',*,*,#10030,.T.);
#10030 = EDGE_CURVE('',#10023,#10031,#10033,.T.);
#10031 = VERTEX_POINT('',#10032);
#10032 = CARTESIAN_POINT('',(0.3,-2.24,0.9));
#10033 = LINE('',#10034,#10035);
#10034 = CARTESIAN_POINT('',(0.3,-2.84,0.9));
#10035 = VECTOR('',#10036,1.);
#10036 = DIRECTION('',(1.110223024625E-16,1.,0.));
#10037 = ORIENTED_EDGE('',*,*,#10038,.F.);
#10038 = EDGE_CURVE('',#7856,#10031,#10039,.T.);
#10039 = LINE('',#10040,#10041);
#10040 = CARTESIAN_POINT('',(0.3,-2.24,8.2));
#10041 = VECTOR('',#10042,1.);
#10042 = DIRECTION('',(0.,-0.,-1.));
#10043 = ORIENTED_EDGE('',*,*,#7863,.F.);
#10044 = PLANE('',#10045);
#10045 = AXIS2_PLACEMENT_3D('',#10046,#10047,#10048);
#10046 = CARTESIAN_POINT('',(0.3,-2.84,8.2));
#10047 = DIRECTION('',(1.,-1.110223024625E-16,0.));
#10048 = DIRECTION('',(1.110223024625E-16,1.,0.));
#10049 = ADVANCED_FACE('',(#10050),#10100,.F.);
#10050 = FACE_BOUND('',#10051,.F.);
#10051 = EDGE_LOOP('',(#10052,#10053,#10054,#10062,#10070,#10078,#10086,
    #10094));
#10052 = ORIENTED_EDGE('',*,*,#7887,.F.);
#10053 = ORIENTED_EDGE('',*,*,#10038,.T.);
#10054 = ORIENTED_EDGE('',*,*,#10055,.T.);
#10055 = EDGE_CURVE('',#10031,#10056,#10058,.T.);
#10056 = VERTEX_POINT('',#10057);
#10057 = CARTESIAN_POINT('',(0.1,-2.24,0.9));
#10058 = LINE('',#10059,#10060);
#10059 = CARTESIAN_POINT('',(0.3,-2.24,0.9));
#10060 = VECTOR('',#10061,1.);
#10061 = DIRECTION('',(-1.,1.110223024625E-16,0.));
#10062 = ORIENTED_EDGE('',*,*,#10063,.T.);
#10063 = EDGE_CURVE('',#10056,#10064,#10066,.T.);
#10064 = VERTEX_POINT('',#10065);
#10065 = CARTESIAN_POINT('',(0.1,-2.24,7.4));
#10066 = LINE('',#10067,#10068);
#10067 = CARTESIAN_POINT('',(0.1,-2.24,6.055738799212));
#10068 = VECTOR('',#10069,1.);
#10069 = DIRECTION('',(0.,-0.,1.));
#10070 = ORIENTED_EDGE('',*,*,#10071,.F.);
#10071 = EDGE_CURVE('',#10072,#10064,#10074,.T.);
#10072 = VERTEX_POINT('',#10073);
#10073 = CARTESIAN_POINT('',(-0.1,-2.24,7.4));
#10074 = LINE('',#10075,#10076);
#10075 = CARTESIAN_POINT('',(-0.1,-2.24,7.4));
#10076 = VECTOR('',#10077,1.);
#10077 = DIRECTION('',(1.,-1.110223024625E-16,0.));
#10078 = ORIENTED_EDGE('',*,*,#10079,.F.);
#10079 = EDGE_CURVE('',#10080,#10072,#10082,.T.);
#10080 = VERTEX_POINT('',#10081);
#10081 = CARTESIAN_POINT('',(-0.1,-2.24,0.9));
#10082 = LINE('',#10083,#10084);
#10083 = CARTESIAN_POINT('',(-0.1,-2.24,6.055738799212));
#10084 = VECTOR('',#10085,1.);
#10085 = DIRECTION('',(0.,-0.,1.));
#10086 = ORIENTED_EDGE('',*,*,#10087,.T.);
#10087 = EDGE_CURVE('',#10080,#10088,#10090,.T.);
#10088 = VERTEX_POINT('',#10089);
#10089 = CARTESIAN_POINT('',(-0.3,-2.24,0.9));
#10090 = LINE('',#10091,#10092);
#10091 = CARTESIAN_POINT('',(0.3,-2.24,0.9));
#10092 = VECTOR('',#10093,1.);
#10093 = DIRECTION('',(-1.,1.110223024625E-16,0.));
#10094 = ORIENTED_EDGE('',*,*,#10095,.F.);
#10095 = EDGE_CURVE('',#7880,#10088,#10096,.T.);
#10096 = LINE('',#10097,#10098);
#10097 = CARTESIAN_POINT('',(-0.3,-2.24,8.2));
#10098 = VECTOR('',#10099,1.);
#10099 = DIRECTION('',(0.,-0.,-1.));
#10100 = PLANE('',#10101);
#10101 = AXIS2_PLACEMENT_3D('',#10102,#10103,#10104);
#10102 = CARTESIAN_POINT('',(0.3,-2.24,8.2));
#10103 = DIRECTION('',(1.110223024625E-16,1.,0.));
#10104 = DIRECTION('',(-1.,1.110223024625E-16,0.));
#10105 = ADVANCED_FACE('',(#10106),#10124,.F.);
#10106 = FACE_BOUND('',#10107,.F.);
#10107 = EDGE_LOOP('',(#10108,#10109,#10117,#10123));
#10108 = ORIENTED_EDGE('',*,*,#10095,.T.);
#10109 = ORIENTED_EDGE('',*,*,#10110,.T.);
#10110 = EDGE_CURVE('',#10088,#10111,#10113,.T.);
#10111 = VERTEX_POINT('',#10112);
#10112 = CARTESIAN_POINT('',(-0.3,-2.84,0.9));
#10113 = LINE('',#10114,#10115);
#10114 = CARTESIAN_POINT('',(-0.3,-2.24,0.9));
#10115 = VECTOR('',#10116,1.);
#10116 = DIRECTION('',(-1.110223024625E-16,-1.,0.));
#10117 = ORIENTED_EDGE('',*,*,#10118,.F.);
#10118 = EDGE_CURVE('',#7904,#10111,#10119,.T.);
#10119 = LINE('',#10120,#10121);
#10120 = CARTESIAN_POINT('',(-0.3,-2.84,8.2));
#10121 = VECTOR('',#10122,1.);
#10122 = DIRECTION('',(0.,-0.,-1.));
#10123 = ORIENTED_EDGE('',*,*,#7911,.F.);
#10124 = PLANE('',#10125);
#10125 = AXIS2_PLACEMENT_3D('',#10126,#10127,#10128);
#10126 = CARTESIAN_POINT('',(-0.3,-2.24,8.2));
#10127 = DIRECTION('',(-1.,1.110223024625E-16,0.));
#10128 = DIRECTION('',(-1.110223024625E-16,-1.,0.));
#10129 = ADVANCED_FACE('',(#10130),#10173,.F.);
#10130 = FACE_BOUND('',#10131,.F.);
#10131 = EDGE_LOOP('',(#10132,#10133,#10134,#10142,#10150,#10158,#10166,
    #10172));
#10132 = ORIENTED_EDGE('',*,*,#7928,.F.);
#10133 = ORIENTED_EDGE('',*,*,#10118,.T.);
#10134 = ORIENTED_EDGE('',*,*,#10135,.T.);
#10135 = EDGE_CURVE('',#10111,#10136,#10138,.T.);
#10136 = VERTEX_POINT('',#10137);
#10137 = CARTESIAN_POINT('',(-0.1,-2.84,0.9));
#10138 = LINE('',#10139,#10140);
#10139 = CARTESIAN_POINT('',(-0.3,-2.84,0.9));
#10140 = VECTOR('',#10141,1.);
#10141 = DIRECTION('',(1.,-1.110223024625E-16,0.));
#10142 = ORIENTED_EDGE('',*,*,#10143,.F.);
#10143 = EDGE_CURVE('',#10144,#10136,#10146,.T.);
#10144 = VERTEX_POINT('',#10145);
#10145 = CARTESIAN_POINT('',(-0.1,-2.84,7.4));
#10146 = LINE('',#10147,#10148);
#10147 = CARTESIAN_POINT('',(-0.1,-2.84,6.055738799212));
#10148 = VECTOR('',#10149,1.);
#10149 = DIRECTION('',(-0.,0.,-1.));
#10150 = ORIENTED_EDGE('',*,*,#10151,.T.);
#10151 = EDGE_CURVE('',#10144,#10152,#10154,.T.);
#10152 = VERTEX_POINT('',#10153);
#10153 = CARTESIAN_POINT('',(0.1,-2.84,7.4));
#10154 = LINE('',#10155,#10156);
#10155 = CARTESIAN_POINT('',(-0.1,-2.84,7.4));
#10156 = VECTOR('',#10157,1.);
#10157 = DIRECTION('',(1.,-1.110223024625E-16,0.));
#10158 = ORIENTED_EDGE('',*,*,#10159,.T.);
#10159 = EDGE_CURVE('',#10152,#10160,#10162,.T.);
#10160 = VERTEX_POINT('',#10161);
#10161 = CARTESIAN_POINT('',(0.1,-2.84,0.9));
#10162 = LINE('',#10163,#10164);
#10163 = CARTESIAN_POINT('',(0.1,-2.84,6.055738799212));
#10164 = VECTOR('',#10165,1.);
#10165 = DIRECTION('',(-0.,0.,-1.));
#10166 = ORIENTED_EDGE('',*,*,#10167,.T.);
#10167 = EDGE_CURVE('',#10160,#10023,#10168,.T.);
#10168 = LINE('',#10169,#10170);
#10169 = CARTESIAN_POINT('',(-0.3,-2.84,0.9));
#10170 = VECTOR('',#10171,1.);
#10171 = DIRECTION('',(1.,-1.110223024625E-16,0.));
#10172 = ORIENTED_EDGE('',*,*,#10022,.F.);
#10173 = PLANE('',#10174);
#10174 = AXIS2_PLACEMENT_3D('',#10175,#10176,#10177);
#10175 = CARTESIAN_POINT('',(-0.3,-2.84,8.2));
#10176 = DIRECTION('',(-1.110223024625E-16,-1.,0.));
#10177 = DIRECTION('',(1.,-1.110223024625E-16,0.));
#10178 = ADVANCED_FACE('',(#10179),#10204,.F.);
#10179 = FACE_BOUND('',#10180,.F.);
#10180 = EDGE_LOOP('',(#10181,#10189,#10197,#10203));
#10181 = ORIENTED_EDGE('',*,*,#10182,.T.);
#10182 = EDGE_CURVE('',#7943,#10183,#10185,.T.);
#10183 = VERTEX_POINT('',#10184);
#10184 = CARTESIAN_POINT('',(0.3,-0.3,0.9));
#10185 = LINE('',#10186,#10187);
#10186 = CARTESIAN_POINT('',(0.3,-0.3,8.2));
#10187 = VECTOR('',#10188,1.);
#10188 = DIRECTION('',(0.,-0.,-1.));
#10189 = ORIENTED_EDGE('',*,*,#10190,.T.);
#10190 = EDGE_CURVE('',#10183,#10191,#10193,.T.);
#10191 = VERTEX_POINT('',#10192);
#10192 = CARTESIAN_POINT('',(0.3,0.3,0.9));
#10193 = LINE('',#10194,#10195);
#10194 = CARTESIAN_POINT('',(0.3,-0.3,0.9));
#10195 = VECTOR('',#10196,1.);
#10196 = DIRECTION('',(1.110223024625E-16,1.,0.));
#10197 = ORIENTED_EDGE('',*,*,#10198,.F.);
#10198 = EDGE_CURVE('',#7952,#10191,#10199,.T.);
#10199 = LINE('',#10200,#10201);
#10200 = CARTESIAN_POINT('',(0.3,0.3,8.2));
#10201 = VECTOR('',#10202,1.);
#10202 = DIRECTION('',(0.,-0.,-1.));
#10203 = ORIENTED_EDGE('',*,*,#7959,.F.);
#10204 = PLANE('',#10205);
#10205 = AXIS2_PLACEMENT_3D('',#10206,#10207,#10208);
#10206 = CARTESIAN_POINT('',(0.3,-0.3,8.2));
#10207 = DIRECTION('',(1.,-1.110223024625E-16,0.));
#10208 = DIRECTION('',(1.110223024625E-16,1.,0.));
#10209 = ADVANCED_FACE('',(#10210),#10260,.F.);
#10210 = FACE_BOUND('',#10211,.F.);
#10211 = EDGE_LOOP('',(#10212,#10213,#10214,#10222,#10230,#10238,#10246,
    #10254));
#10212 = ORIENTED_EDGE('',*,*,#7983,.F.);
#10213 = ORIENTED_EDGE('',*,*,#10198,.T.);
#10214 = ORIENTED_EDGE('',*,*,#10215,.T.);
#10215 = EDGE_CURVE('',#10191,#10216,#10218,.T.);
#10216 = VERTEX_POINT('',#10217);
#10217 = CARTESIAN_POINT('',(0.1,0.3,0.9));
#10218 = LINE('',#10219,#10220);
#10219 = CARTESIAN_POINT('',(0.3,0.3,0.9));
#10220 = VECTOR('',#10221,1.);
#10221 = DIRECTION('',(-1.,1.110223024625E-16,0.));
#10222 = ORIENTED_EDGE('',*,*,#10223,.T.);
#10223 = EDGE_CURVE('',#10216,#10224,#10226,.T.);
#10224 = VERTEX_POINT('',#10225);
#10225 = CARTESIAN_POINT('',(0.1,0.3,7.4));
#10226 = LINE('',#10227,#10228);
#10227 = CARTESIAN_POINT('',(0.1,0.3,6.055738799212));
#10228 = VECTOR('',#10229,1.);
#10229 = DIRECTION('',(0.,-0.,1.));
#10230 = ORIENTED_EDGE('',*,*,#10231,.F.);
#10231 = EDGE_CURVE('',#10232,#10224,#10234,.T.);
#10232 = VERTEX_POINT('',#10233);
#10233 = CARTESIAN_POINT('',(-0.1,0.3,7.4));
#10234 = LINE('',#10235,#10236);
#10235 = CARTESIAN_POINT('',(-0.1,0.3,7.4));
#10236 = VECTOR('',#10237,1.);
#10237 = DIRECTION('',(1.,-1.110223024625E-16,0.));
#10238 = ORIENTED_EDGE('',*,*,#10239,.F.);
#10239 = EDGE_CURVE('',#10240,#10232,#10242,.T.);
#10240 = VERTEX_POINT('',#10241);
#10241 = CARTESIAN_POINT('',(-0.1,0.3,0.9));
#10242 = LINE('',#10243,#10244);
#10243 = CARTESIAN_POINT('',(-0.1,0.3,6.055738799212));
#10244 = VECTOR('',#10245,1.);
#10245 = DIRECTION('',(0.,-0.,1.));
#10246 = ORIENTED_EDGE('',*,*,#10247,.T.);
#10247 = EDGE_CURVE('',#10240,#10248,#10250,.T.);
#10248 = VERTEX_POINT('',#10249);
#10249 = CARTESIAN_POINT('',(-0.3,0.3,0.9));
#10250 = LINE('',#10251,#10252);
#10251 = CARTESIAN_POINT('',(0.3,0.3,0.9));
#10252 = VECTOR('',#10253,1.);
#10253 = DIRECTION('',(-1.,1.110223024625E-16,0.));
#10254 = ORIENTED_EDGE('',*,*,#10255,.F.);
#10255 = EDGE_CURVE('',#7976,#10248,#10256,.T.);
#10256 = LINE('',#10257,#10258);
#10257 = CARTESIAN_POINT('',(-0.3,0.3,8.2));
#10258 = VECTOR('',#10259,1.);
#10259 = DIRECTION('',(0.,-0.,-1.));
#10260 = PLANE('',#10261);
#10261 = AXIS2_PLACEMENT_3D('',#10262,#10263,#10264);
#10262 = CARTESIAN_POINT('',(0.3,0.3,8.2));
#10263 = DIRECTION('',(1.110223024625E-16,1.,0.));
#10264 = DIRECTION('',(-1.,1.110223024625E-16,0.));
#10265 = ADVANCED_FACE('',(#10266),#10284,.F.);
#10266 = FACE_BOUND('',#10267,.F.);
#10267 = EDGE_LOOP('',(#10268,#10269,#10277,#10283));
#10268 = ORIENTED_EDGE('',*,*,#10255,.T.);
#10269 = ORIENTED_EDGE('',*,*,#10270,.T.);
#10270 = EDGE_CURVE('',#10248,#10271,#10273,.T.);
#10271 = VERTEX_POINT('',#10272);
#10272 = CARTESIAN_POINT('',(-0.3,-0.3,0.9));
#10273 = LINE('',#10274,#10275);
#10274 = CARTESIAN_POINT('',(-0.3,0.3,0.9));
#10275 = VECTOR('',#10276,1.);
#10276 = DIRECTION('',(-1.110223024625E-16,-1.,0.));
#10277 = ORIENTED_EDGE('',*,*,#10278,.F.);
#10278 = EDGE_CURVE('',#8000,#10271,#10279,.T.);
#10279 = LINE('',#10280,#10281);
#10280 = CARTESIAN_POINT('',(-0.3,-0.3,8.2));
#10281 = VECTOR('',#10282,1.);
#10282 = DIRECTION('',(0.,-0.,-1.));
#10283 = ORIENTED_EDGE('',*,*,#8007,.F.);
#10284 = PLANE('',#10285);
#10285 = AXIS2_PLACEMENT_3D('',#10286,#10287,#10288);
#10286 = CARTESIAN_POINT('',(-0.3,0.3,8.2));
#10287 = DIRECTION('',(-1.,1.110223024625E-16,0.));
#10288 = DIRECTION('',(-1.110223024625E-16,-1.,0.));
#10289 = ADVANCED_FACE('',(#10290),#10333,.F.);
#10290 = FACE_BOUND('',#10291,.F.);
#10291 = EDGE_LOOP('',(#10292,#10293,#10294,#10302,#10310,#10318,#10326,
    #10332));
#10292 = ORIENTED_EDGE('',*,*,#8024,.F.);
#10293 = ORIENTED_EDGE('',*,*,#10278,.T.);
#10294 = ORIENTED_EDGE('',*,*,#10295,.T.);
#10295 = EDGE_CURVE('',#10271,#10296,#10298,.T.);
#10296 = VERTEX_POINT('',#10297);
#10297 = CARTESIAN_POINT('',(-0.1,-0.3,0.9));
#10298 = LINE('',#10299,#10300);
#10299 = CARTESIAN_POINT('',(-0.3,-0.3,0.9));
#10300 = VECTOR('',#10301,1.);
#10301 = DIRECTION('',(1.,-1.110223024625E-16,0.));
#10302 = ORIENTED_EDGE('',*,*,#10303,.F.);
#10303 = EDGE_CURVE('',#10304,#10296,#10306,.T.);
#10304 = VERTEX_POINT('',#10305);
#10305 = CARTESIAN_POINT('',(-0.1,-0.3,7.4));
#10306 = LINE('',#10307,#10308);
#10307 = CARTESIAN_POINT('',(-0.1,-0.3,6.055738799212));
#10308 = VECTOR('',#10309,1.);
#10309 = DIRECTION('',(-0.,0.,-1.));
#10310 = ORIENTED_EDGE('',*,*,#10311,.T.);
#10311 = EDGE_CURVE('',#10304,#10312,#10314,.T.);
#10312 = VERTEX_POINT('',#10313);
#10313 = CARTESIAN_POINT('',(0.1,-0.3,7.4));
#10314 = LINE('',#10315,#10316);
#10315 = CARTESIAN_POINT('',(-0.1,-0.3,7.4));
#10316 = VECTOR('',#10317,1.);
#10317 = DIRECTION('',(1.,-1.110223024625E-16,0.));
#10318 = ORIENTED_EDGE('',*,*,#10319,.T.);
#10319 = EDGE_CURVE('',#10312,#10320,#10322,.T.);
#10320 = VERTEX_POINT('',#10321);
#10321 = CARTESIAN_POINT('',(0.1,-0.3,0.9));
#10322 = LINE('',#10323,#10324);
#10323 = CARTESIAN_POINT('',(0.1,-0.3,6.055738799212));
#10324 = VECTOR('',#10325,1.);
#10325 = DIRECTION('',(-0.,0.,-1.));
#10326 = ORIENTED_EDGE('',*,*,#10327,.T.);
#10327 = EDGE_CURVE('',#10320,#10183,#10328,.T.);
#10328 = LINE('',#10329,#10330);
#10329 = CARTESIAN_POINT('',(-0.3,-0.3,0.9));
#10330 = VECTOR('',#10331,1.);
#10331 = DIRECTION('',(1.,-1.110223024625E-16,0.));
#10332 = ORIENTED_EDGE('',*,*,#10182,.F.);
#10333 = PLANE('',#10334);
#10334 = AXIS2_PLACEMENT_3D('',#10335,#10336,#10337);
#10335 = CARTESIAN_POINT('',(-0.3,-0.3,8.2));
#10336 = DIRECTION('',(-1.110223024625E-16,-1.,0.));
#10337 = DIRECTION('',(1.,-1.110223024625E-16,0.));
#10338 = ADVANCED_FACE('',(#10339),#10350,.T.);
#10339 = FACE_BOUND('',#10340,.T.);
#10340 = EDGE_LOOP('',(#10341,#10347,#10348,#10349));
#10341 = ORIENTED_EDGE('',*,*,#10342,.T.);
#10342 = EDGE_CURVE('',#8120,#8056,#10343,.T.);
#10343 = LINE('',#10344,#10345);
#10344 = CARTESIAN_POINT('',(-0.1,-18.08,-2.5));
#10345 = VECTOR('',#10346,1.);
#10346 = DIRECTION('',(1.,-1.110223024625E-16,0.));
#10347 = ORIENTED_EDGE('',*,*,#8055,.T.);
#10348 = ORIENTED_EDGE('',*,*,#8040,.F.);
#10349 = ORIENTED_EDGE('',*,*,#8119,.F.);
#10350 = PLANE('',#10351);
#10351 = AXIS2_PLACEMENT_3D('',#10352,#10353,#10354);
#10352 = CARTESIAN_POINT('',(-0.1,-18.08,-2.5));
#10353 = DIRECTION('',(-1.110223024625E-16,-1.,0.));
#10354 = DIRECTION('',(0.,0.,1.));
#10355 = ADVANCED_FACE('',(#10356),#10367,.T.);
#10356 = FACE_BOUND('',#10357,.T.);
#10357 = EDGE_LOOP('',(#10358,#10364,#10365,#10366));
#10358 = ORIENTED_EDGE('',*,*,#10359,.T.);
#10359 = EDGE_CURVE('',#8145,#8081,#10360,.T.);
#10360 = LINE('',#10361,#10362);
#10361 = CARTESIAN_POINT('',(-0.1,-17.93,-3.1));
#10362 = VECTOR('',#10363,1.);
#10363 = DIRECTION('',(1.,-1.110223024625E-16,0.));
#10364 = ORIENTED_EDGE('',*,*,#8088,.T.);
#10365 = ORIENTED_EDGE('',*,*,#10342,.F.);
#10366 = ORIENTED_EDGE('',*,*,#8152,.F.);
#10367 = PLANE('',#10368);
#10368 = AXIS2_PLACEMENT_3D('',#10369,#10370,#10371);
#10369 = CARTESIAN_POINT('',(-0.1,-17.93,-3.1));
#10370 = DIRECTION('',(-1.077074540829E-16,-0.970142500145,
    -0.242535625036));
#10371 = DIRECTION('',(-2.692686352073E-17,-0.242535625036,
    0.970142500145));
#10372 = ADVANCED_FACE('',(#10373),#10384,.T.);
#10373 = FACE_BOUND('',#10374,.T.);
#10374 = EDGE_LOOP('',(#10375,#10381,#10382,#10383));
#10375 = ORIENTED_EDGE('',*,*,#10376,.T.);
#10376 = EDGE_CURVE('',#8137,#8073,#10377,.T.);
#10377 = LINE('',#10378,#10379);
#10378 = CARTESIAN_POINT('',(-0.1,-17.63,-3.1));
#10379 = VECTOR('',#10380,1.);
#10380 = DIRECTION('',(1.,-1.110223024625E-16,0.));
#10381 = ORIENTED_EDGE('',*,*,#8080,.T.);
#10382 = ORIENTED_EDGE('',*,*,#10359,.F.);
#10383 = ORIENTED_EDGE('',*,*,#8144,.T.);
#10384 = PLANE('',#10385);
#10385 = AXIS2_PLACEMENT_3D('',#10386,#10387,#10388);
#10386 = CARTESIAN_POINT('',(-0.1,-17.63,-3.1));
#10387 = DIRECTION('',(0.,-0.,-1.));
#10388 = DIRECTION('',(-1.110223024625E-16,-1.,0.));
#10389 = ADVANCED_FACE('',(#10390),#10401,.T.);
#10390 = FACE_BOUND('',#10391,.T.);
#10391 = EDGE_LOOP('',(#10392,#10398,#10399,#10400));
#10392 = ORIENTED_EDGE('',*,*,#10393,.T.);
#10393 = EDGE_CURVE('',#8129,#8065,#10394,.T.);
#10394 = LINE('',#10395,#10396);
#10395 = CARTESIAN_POINT('',(-0.1,-17.48,-2.5));
#10396 = VECTOR('',#10397,1.);
#10397 = DIRECTION('',(1.,-1.110223024625E-16,0.));
#10398 = ORIENTED_EDGE('',*,*,#8072,.T.);
#10399 = ORIENTED_EDGE('',*,*,#10376,.F.);
#10400 = ORIENTED_EDGE('',*,*,#8136,.F.);
#10401 = PLANE('',#10402);
#10402 = AXIS2_PLACEMENT_3D('',#10403,#10404,#10405);
#10403 = CARTESIAN_POINT('',(-0.1,-17.48,-2.5));
#10404 = DIRECTION('',(1.077074540829E-16,0.970142500145,-0.242535625036
    ));
#10405 = DIRECTION('',(-2.692686352073E-17,-0.242535625036,
    -0.970142500145));
#10406 = ADVANCED_FACE('',(#10407),#10413,.T.);
#10407 = FACE_BOUND('',#10408,.T.);
#10408 = EDGE_LOOP('',(#10409,#10410,#10411,#10412));
#10409 = ORIENTED_EDGE('',*,*,#8102,.T.);
#10410 = ORIENTED_EDGE('',*,*,#8064,.T.);
#10411 = ORIENTED_EDGE('',*,*,#10393,.F.);
#10412 = ORIENTED_EDGE('',*,*,#8128,.F.);
#10413 = PLANE('',#10414);
#10414 = AXIS2_PLACEMENT_3D('',#10415,#10416,#10417);
#10415 = CARTESIAN_POINT('',(-0.1,-17.48,0.2));
#10416 = DIRECTION('',(1.110223024625E-16,1.,0.));
#10417 = DIRECTION('',(0.,0.,-1.));
#10418 = ADVANCED_FACE('',(#10419),#10430,.T.);
#10419 = FACE_BOUND('',#10420,.T.);
#10420 = EDGE_LOOP('',(#10421,#10427,#10428,#10429));
#10421 = ORIENTED_EDGE('',*,*,#10422,.T.);
#10422 = EDGE_CURVE('',#8248,#8184,#10423,.T.);
#10423 = LINE('',#10424,#10425);
#10424 = CARTESIAN_POINT('',(-0.1,-15.54,-2.5));
#10425 = VECTOR('',#10426,1.);
#10426 = DIRECTION('',(1.,-1.110223024625E-16,0.));
#10427 = ORIENTED_EDGE('',*,*,#8183,.T.);
#10428 = ORIENTED_EDGE('',*,*,#8168,.F.);
#10429 = ORIENTED_EDGE('',*,*,#8247,.F.);
#10430 = PLANE('',#10431);
#10431 = AXIS2_PLACEMENT_3D('',#10432,#10433,#10434);
#10432 = CARTESIAN_POINT('',(-0.1,-15.54,-2.5));
#10433 = DIRECTION('',(-1.110223024625E-16,-1.,0.));
#10434 = DIRECTION('',(0.,0.,1.));
#10435 = ADVANCED_FACE('',(#10436),#10447,.T.);
#10436 = FACE_BOUND('',#10437,.T.);
#10437 = EDGE_LOOP('',(#10438,#10444,#10445,#10446));
#10438 = ORIENTED_EDGE('',*,*,#10439,.T.);
#10439 = EDGE_CURVE('',#8273,#8209,#10440,.T.);
#10440 = LINE('',#10441,#10442);
#10441 = CARTESIAN_POINT('',(-0.1,-15.39,-3.1));
#10442 = VECTOR('',#10443,1.);
#10443 = DIRECTION('',(1.,-1.110223024625E-16,0.));
#10444 = ORIENTED_EDGE('',*,*,#8216,.T.);
#10445 = ORIENTED_EDGE('',*,*,#10422,.F.);
#10446 = ORIENTED_EDGE('',*,*,#8280,.F.);
#10447 = PLANE('',#10448);
#10448 = AXIS2_PLACEMENT_3D('',#10449,#10450,#10451);
#10449 = CARTESIAN_POINT('',(-0.1,-15.39,-3.1));
#10450 = DIRECTION('',(-1.077074540829E-16,-0.970142500145,
    -0.242535625036));
#10451 = DIRECTION('',(-2.692686352073E-17,-0.242535625036,
    0.970142500145));
#10452 = ADVANCED_FACE('',(#10453),#10464,.T.);
#10453 = FACE_BOUND('',#10454,.T.);
#10454 = EDGE_LOOP('',(#10455,#10461,#10462,#10463));
#10455 = ORIENTED_EDGE('',*,*,#10456,.T.);
#10456 = EDGE_CURVE('',#8265,#8201,#10457,.T.);
#10457 = LINE('',#10458,#10459);
#10458 = CARTESIAN_POINT('',(-0.1,-15.09,-3.1));
#10459 = VECTOR('',#10460,1.);
#10460 = DIRECTION('',(1.,-1.110223024625E-16,0.));
#10461 = ORIENTED_EDGE('',*,*,#8208,.T.);
#10462 = ORIENTED_EDGE('',*,*,#10439,.F.);
#10463 = ORIENTED_EDGE('',*,*,#8272,.T.);
#10464 = PLANE('',#10465);
#10465 = AXIS2_PLACEMENT_3D('',#10466,#10467,#10468);
#10466 = CARTESIAN_POINT('',(-0.1,-15.09,-3.1));
#10467 = DIRECTION('',(0.,-0.,-1.));
#10468 = DIRECTION('',(-1.110223024625E-16,-1.,0.));
#10469 = ADVANCED_FACE('',(#10470),#10481,.T.);
#10470 = FACE_BOUND('',#10471,.T.);
#10471 = EDGE_LOOP('',(#10472,#10478,#10479,#10480));
#10472 = ORIENTED_EDGE('',*,*,#10473,.T.);
#10473 = EDGE_CURVE('',#8257,#8193,#10474,.T.);
#10474 = LINE('',#10475,#10476);
#10475 = CARTESIAN_POINT('',(-0.1,-14.94,-2.5));
#10476 = VECTOR('',#10477,1.);
#10477 = DIRECTION('',(1.,-1.110223024625E-16,0.));
#10478 = ORIENTED_EDGE('',*,*,#8200,.T.);
#10479 = ORIENTED_EDGE('',*,*,#10456,.F.);
#10480 = ORIENTED_EDGE('',*,*,#8264,.F.);
#10481 = PLANE('',#10482);
#10482 = AXIS2_PLACEMENT_3D('',#10483,#10484,#10485);
#10483 = CARTESIAN_POINT('',(-0.1,-14.94,-2.5));
#10484 = DIRECTION('',(1.077074540829E-16,0.970142500145,-0.242535625036
    ));
#10485 = DIRECTION('',(-2.692686352073E-17,-0.242535625036,
    -0.970142500145));
#10486 = ADVANCED_FACE('',(#10487),#10493,.T.);
#10487 = FACE_BOUND('',#10488,.T.);
#10488 = EDGE_LOOP('',(#10489,#10490,#10491,#10492));
#10489 = ORIENTED_EDGE('',*,*,#8230,.T.);
#10490 = ORIENTED_EDGE('',*,*,#8192,.T.);
#10491 = ORIENTED_EDGE('',*,*,#10473,.F.);
#10492 = ORIENTED_EDGE('',*,*,#8256,.F.);
#10493 = PLANE('',#10494);
#10494 = AXIS2_PLACEMENT_3D('',#10495,#10496,#10497);
#10495 = CARTESIAN_POINT('',(-0.1,-14.94,0.2));
#10496 = DIRECTION('',(1.110223024625E-16,1.,0.));
#10497 = DIRECTION('',(0.,0.,-1.));
#10498 = ADVANCED_FACE('',(#10499),#10510,.T.);
#10499 = FACE_BOUND('',#10500,.T.);
#10500 = EDGE_LOOP('',(#10501,#10507,#10508,#10509));
#10501 = ORIENTED_EDGE('',*,*,#10502,.T.);
#10502 = EDGE_CURVE('',#8376,#8312,#10503,.T.);
#10503 = LINE('',#10504,#10505);
#10504 = CARTESIAN_POINT('',(-0.1,-13.,-2.5));
#10505 = VECTOR('',#10506,1.);
#10506 = DIRECTION('',(1.,-1.110223024625E-16,0.));
#10507 = ORIENTED_EDGE('',*,*,#8311,.T.);
#10508 = ORIENTED_EDGE('',*,*,#8296,.F.);
#10509 = ORIENTED_EDGE('',*,*,#8375,.F.);
#10510 = PLANE('',#10511);
#10511 = AXIS2_PLACEMENT_3D('',#10512,#10513,#10514);
#10512 = CARTESIAN_POINT('',(-0.1,-13.,-2.5));
#10513 = DIRECTION('',(-1.110223024625E-16,-1.,0.));
#10514 = DIRECTION('',(0.,0.,1.));
#10515 = ADVANCED_FACE('',(#10516),#10527,.T.);
#10516 = FACE_BOUND('',#10517,.T.);
#10517 = EDGE_LOOP('',(#10518,#10524,#10525,#10526));
#10518 = ORIENTED_EDGE('',*,*,#10519,.T.);
#10519 = EDGE_CURVE('',#8401,#8337,#10520,.T.);
#10520 = LINE('',#10521,#10522);
#10521 = CARTESIAN_POINT('',(-0.1,-12.85,-3.1));
#10522 = VECTOR('',#10523,1.);
#10523 = DIRECTION('',(1.,-1.110223024625E-16,0.));
#10524 = ORIENTED_EDGE('',*,*,#8344,.T.);
#10525 = ORIENTED_EDGE('',*,*,#10502,.F.);
#10526 = ORIENTED_EDGE('',*,*,#8408,.F.);
#10527 = PLANE('',#10528);
#10528 = AXIS2_PLACEMENT_3D('',#10529,#10530,#10531);
#10529 = CARTESIAN_POINT('',(-0.1,-12.85,-3.1));
#10530 = DIRECTION('',(-1.077074540829E-16,-0.970142500145,
    -0.242535625036));
#10531 = DIRECTION('',(-2.692686352073E-17,-0.242535625036,
    0.970142500145));
#10532 = ADVANCED_FACE('',(#10533),#10544,.T.);
#10533 = FACE_BOUND('',#10534,.T.);
#10534 = EDGE_LOOP('',(#10535,#10541,#10542,#10543));
#10535 = ORIENTED_EDGE('',*,*,#10536,.T.);
#10536 = EDGE_CURVE('',#8393,#8329,#10537,.T.);
#10537 = LINE('',#10538,#10539);
#10538 = CARTESIAN_POINT('',(-0.1,-12.55,-3.1));
#10539 = VECTOR('',#10540,1.);
#10540 = DIRECTION('',(1.,-1.110223024625E-16,0.));
#10541 = ORIENTED_EDGE('',*,*,#8336,.T.);
#10542 = ORIENTED_EDGE('',*,*,#10519,.F.);
#10543 = ORIENTED_EDGE('',*,*,#8400,.T.);
#10544 = PLANE('',#10545);
#10545 = AXIS2_PLACEMENT_3D('',#10546,#10547,#10548);
#10546 = CARTESIAN_POINT('',(-0.1,-12.55,-3.1));
#10547 = DIRECTION('',(0.,-0.,-1.));
#10548 = DIRECTION('',(-1.110223024625E-16,-1.,0.));
#10549 = ADVANCED_FACE('',(#10550),#10561,.T.);
#10550 = FACE_BOUND('',#10551,.T.);
#10551 = EDGE_LOOP('',(#10552,#10558,#10559,#10560));
#10552 = ORIENTED_EDGE('',*,*,#10553,.T.);
#10553 = EDGE_CURVE('',#8385,#8321,#10554,.T.);
#10554 = LINE('',#10555,#10556);
#10555 = CARTESIAN_POINT('',(-0.1,-12.4,-2.5));
#10556 = VECTOR('',#10557,1.);
#10557 = DIRECTION('',(1.,-1.110223024625E-16,0.));
#10558 = ORIENTED_EDGE('',*,*,#8328,.T.);
#10559 = ORIENTED_EDGE('',*,*,#10536,.F.);
#10560 = ORIENTED_EDGE('',*,*,#8392,.F.);
#10561 = PLANE('',#10562);
#10562 = AXIS2_PLACEMENT_3D('',#10563,#10564,#10565);
#10563 = CARTESIAN_POINT('',(-0.1,-12.4,-2.5));
#10564 = DIRECTION('',(1.077074540829E-16,0.970142500145,-0.242535625036
    ));
#10565 = DIRECTION('',(-2.692686352073E-17,-0.242535625036,
    -0.970142500145));
#10566 = ADVANCED_FACE('',(#10567),#10573,.T.);
#10567 = FACE_BOUND('',#10568,.T.);
#10568 = EDGE_LOOP('',(#10569,#10570,#10571,#10572));
#10569 = ORIENTED_EDGE('',*,*,#8358,.T.);
#10570 = ORIENTED_EDGE('',*,*,#8320,.T.);
#10571 = ORIENTED_EDGE('',*,*,#10553,.F.);
#10572 = ORIENTED_EDGE('',*,*,#8384,.F.);
#10573 = PLANE('',#10574);
#10574 = AXIS2_PLACEMENT_3D('',#10575,#10576,#10577);
#10575 = CARTESIAN_POINT('',(-0.1,-12.4,0.2));
#10576 = DIRECTION('',(1.110223024625E-16,1.,0.));
#10577 = DIRECTION('',(0.,0.,-1.));
#10578 = ADVANCED_FACE('',(#10579),#10590,.T.);
#10579 = FACE_BOUND('',#10580,.T.);
#10580 = EDGE_LOOP('',(#10581,#10587,#10588,#10589));
#10581 = ORIENTED_EDGE('',*,*,#10582,.T.);
#10582 = EDGE_CURVE('',#8504,#8440,#10583,.T.);
#10583 = LINE('',#10584,#10585);
#10584 = CARTESIAN_POINT('',(-0.1,-10.46,-2.5));
#10585 = VECTOR('',#10586,1.);
#10586 = DIRECTION('',(1.,-1.110223024625E-16,0.));
#10587 = ORIENTED_EDGE('',*,*,#8439,.T.);
#10588 = ORIENTED_EDGE('',*,*,#8424,.F.);
#10589 = ORIENTED_EDGE('',*,*,#8503,.F.);
#10590 = PLANE('',#10591);
#10591 = AXIS2_PLACEMENT_3D('',#10592,#10593,#10594);
#10592 = CARTESIAN_POINT('',(-0.1,-10.46,-2.5));
#10593 = DIRECTION('',(-1.110223024625E-16,-1.,0.));
#10594 = DIRECTION('',(0.,0.,1.));
#10595 = ADVANCED_FACE('',(#10596),#10607,.T.);
#10596 = FACE_BOUND('',#10597,.T.);
#10597 = EDGE_LOOP('',(#10598,#10604,#10605,#10606));
#10598 = ORIENTED_EDGE('',*,*,#10599,.T.);
#10599 = EDGE_CURVE('',#8529,#8465,#10600,.T.);
#10600 = LINE('',#10601,#10602);
#10601 = CARTESIAN_POINT('',(-0.1,-10.31,-3.1));
#10602 = VECTOR('',#10603,1.);
#10603 = DIRECTION('',(1.,-1.110223024625E-16,0.));
#10604 = ORIENTED_EDGE('',*,*,#8472,.T.);
#10605 = ORIENTED_EDGE('',*,*,#10582,.F.);
#10606 = ORIENTED_EDGE('',*,*,#8536,.F.);
#10607 = PLANE('',#10608);
#10608 = AXIS2_PLACEMENT_3D('',#10609,#10610,#10611);
#10609 = CARTESIAN_POINT('',(-0.1,-10.31,-3.1));
#10610 = DIRECTION('',(-1.077074540829E-16,-0.970142500145,
    -0.242535625036));
#10611 = DIRECTION('',(-2.692686352073E-17,-0.242535625036,
    0.970142500145));
#10612 = ADVANCED_FACE('',(#10613),#10624,.T.);
#10613 = FACE_BOUND('',#10614,.T.);
#10614 = EDGE_LOOP('',(#10615,#10621,#10622,#10623));
#10615 = ORIENTED_EDGE('',*,*,#10616,.T.);
#10616 = EDGE_CURVE('',#8521,#8457,#10617,.T.);
#10617 = LINE('',#10618,#10619);
#10618 = CARTESIAN_POINT('',(-0.1,-10.01,-3.1));
#10619 = VECTOR('',#10620,1.);
#10620 = DIRECTION('',(1.,-1.110223024625E-16,0.));
#10621 = ORIENTED_EDGE('',*,*,#8464,.T.);
#10622 = ORIENTED_EDGE('',*,*,#10599,.F.);
#10623 = ORIENTED_EDGE('',*,*,#8528,.T.);
#10624 = PLANE('',#10625);
#10625 = AXIS2_PLACEMENT_3D('',#10626,#10627,#10628);
#10626 = CARTESIAN_POINT('',(-0.1,-10.01,-3.1));
#10627 = DIRECTION('',(0.,-0.,-1.));
#10628 = DIRECTION('',(-1.110223024625E-16,-1.,0.));
#10629 = ADVANCED_FACE('',(#10630),#10641,.T.);
#10630 = FACE_BOUND('',#10631,.T.);
#10631 = EDGE_LOOP('',(#10632,#10638,#10639,#10640));
#10632 = ORIENTED_EDGE('',*,*,#10633,.T.);
#10633 = EDGE_CURVE('',#8513,#8449,#10634,.T.);
#10634 = LINE('',#10635,#10636);
#10635 = CARTESIAN_POINT('',(-0.1,-9.86,-2.5));
#10636 = VECTOR('',#10637,1.);
#10637 = DIRECTION('',(1.,-1.110223024625E-16,0.));
#10638 = ORIENTED_EDGE('',*,*,#8456,.T.);
#10639 = ORIENTED_EDGE('',*,*,#10616,.F.);
#10640 = ORIENTED_EDGE('',*,*,#8520,.F.);
#10641 = PLANE('',#10642);
#10642 = AXIS2_PLACEMENT_3D('',#10643,#10644,#10645);
#10643 = CARTESIAN_POINT('',(-0.1,-9.86,-2.5));
#10644 = DIRECTION('',(1.077074540829E-16,0.970142500145,-0.242535625036
    ));
#10645 = DIRECTION('',(-2.692686352073E-17,-0.242535625036,
    -0.970142500145));
#10646 = ADVANCED_FACE('',(#10647),#10653,.T.);
#10647 = FACE_BOUND('',#10648,.T.);
#10648 = EDGE_LOOP('',(#10649,#10650,#10651,#10652));
#10649 = ORIENTED_EDGE('',*,*,#8486,.T.);
#10650 = ORIENTED_EDGE('',*,*,#8448,.T.);
#10651 = ORIENTED_EDGE('',*,*,#10633,.F.);
#10652 = ORIENTED_EDGE('',*,*,#8512,.F.);
#10653 = PLANE('',#10654);
#10654 = AXIS2_PLACEMENT_3D('',#10655,#10656,#10657);
#10655 = CARTESIAN_POINT('',(-0.1,-9.86,0.2));
#10656 = DIRECTION('',(1.110223024625E-16,1.,0.));
#10657 = DIRECTION('',(0.,0.,-1.));
#10658 = ADVANCED_FACE('',(#10659),#10670,.T.);
#10659 = FACE_BOUND('',#10660,.T.);
#10660 = EDGE_LOOP('',(#10661,#10667,#10668,#10669));
#10661 = ORIENTED_EDGE('',*,*,#10662,.T.);
#10662 = EDGE_CURVE('',#8632,#8568,#10663,.T.);
#10663 = LINE('',#10664,#10665);
#10664 = CARTESIAN_POINT('',(-0.1,-7.92,-2.5));
#10665 = VECTOR('',#10666,1.);
#10666 = DIRECTION('',(1.,-1.110223024625E-16,0.));
#10667 = ORIENTED_EDGE('',*,*,#8567,.T.);
#10668 = ORIENTED_EDGE('',*,*,#8552,.F.);
#10669 = ORIENTED_EDGE('',*,*,#8631,.F.);
#10670 = PLANE('',#10671);
#10671 = AXIS2_PLACEMENT_3D('',#10672,#10673,#10674);
#10672 = CARTESIAN_POINT('',(-0.1,-7.92,-2.5));
#10673 = DIRECTION('',(-1.110223024625E-16,-1.,0.));
#10674 = DIRECTION('',(0.,0.,1.));
#10675 = ADVANCED_FACE('',(#10676),#10687,.T.);
#10676 = FACE_BOUND('',#10677,.T.);
#10677 = EDGE_LOOP('',(#10678,#10684,#10685,#10686));
#10678 = ORIENTED_EDGE('',*,*,#10679,.T.);
#10679 = EDGE_CURVE('',#8657,#8593,#10680,.T.);
#10680 = LINE('',#10681,#10682);
#10681 = CARTESIAN_POINT('',(-0.1,-7.77,-3.1));
#10682 = VECTOR('',#10683,1.);
#10683 = DIRECTION('',(1.,-1.110223024625E-16,0.));
#10684 = ORIENTED_EDGE('',*,*,#8600,.T.);
#10685 = ORIENTED_EDGE('',*,*,#10662,.F.);
#10686 = ORIENTED_EDGE('',*,*,#8664,.F.);
#10687 = PLANE('',#10688);
#10688 = AXIS2_PLACEMENT_3D('',#10689,#10690,#10691);
#10689 = CARTESIAN_POINT('',(-0.1,-7.77,-3.1));
#10690 = DIRECTION('',(-1.077074540829E-16,-0.970142500145,
    -0.242535625036));
#10691 = DIRECTION('',(-2.692686352073E-17,-0.242535625036,
    0.970142500145));
#10692 = ADVANCED_FACE('',(#10693),#10704,.T.);
#10693 = FACE_BOUND('',#10694,.T.);
#10694 = EDGE_LOOP('',(#10695,#10701,#10702,#10703));
#10695 = ORIENTED_EDGE('',*,*,#10696,.T.);
#10696 = EDGE_CURVE('',#8649,#8585,#10697,.T.);
#10697 = LINE('',#10698,#10699);
#10698 = CARTESIAN_POINT('',(-0.1,-7.47,-3.1));
#10699 = VECTOR('',#10700,1.);
#10700 = DIRECTION('',(1.,-1.110223024625E-16,0.));
#10701 = ORIENTED_EDGE('',*,*,#8592,.T.);
#10702 = ORIENTED_EDGE('',*,*,#10679,.F.);
#10703 = ORIENTED_EDGE('',*,*,#8656,.T.);
#10704 = PLANE('',#10705);
#10705 = AXIS2_PLACEMENT_3D('',#10706,#10707,#10708);
#10706 = CARTESIAN_POINT('',(-0.1,-7.47,-3.1));
#10707 = DIRECTION('',(0.,-0.,-1.));
#10708 = DIRECTION('',(-1.110223024625E-16,-1.,0.));
#10709 = ADVANCED_FACE('',(#10710),#10721,.T.);
#10710 = FACE_BOUND('',#10711,.T.);
#10711 = EDGE_LOOP('',(#10712,#10718,#10719,#10720));
#10712 = ORIENTED_EDGE('',*,*,#10713,.T.);
#10713 = EDGE_CURVE('',#8641,#8577,#10714,.T.);
#10714 = LINE('',#10715,#10716);
#10715 = CARTESIAN_POINT('',(-0.1,-7.32,-2.5));
#10716 = VECTOR('',#10717,1.);
#10717 = DIRECTION('',(1.,-1.110223024625E-16,0.));
#10718 = ORIENTED_EDGE('',*,*,#8584,.T.);
#10719 = ORIENTED_EDGE('',*,*,#10696,.F.);
#10720 = ORIENTED_EDGE('',*,*,#8648,.F.);
#10721 = PLANE('',#10722);
#10722 = AXIS2_PLACEMENT_3D('',#10723,#10724,#10725);
#10723 = CARTESIAN_POINT('',(-0.1,-7.32,-2.5));
#10724 = DIRECTION('',(1.077074540829E-16,0.970142500145,-0.242535625036
    ));
#10725 = DIRECTION('',(-2.692686352073E-17,-0.242535625036,
    -0.970142500145));
#10726 = ADVANCED_FACE('',(#10727),#10733,.T.);
#10727 = FACE_BOUND('',#10728,.T.);
#10728 = EDGE_LOOP('',(#10729,#10730,#10731,#10732));
#10729 = ORIENTED_EDGE('',*,*,#8614,.T.);
#10730 = ORIENTED_EDGE('',*,*,#8576,.T.);
#10731 = ORIENTED_EDGE('',*,*,#10713,.F.);
#10732 = ORIENTED_EDGE('',*,*,#8640,.F.);
#10733 = PLANE('',#10734);
#10734 = AXIS2_PLACEMENT_3D('',#10735,#10736,#10737);
#10735 = CARTESIAN_POINT('',(-0.1,-7.32,0.2));
#10736 = DIRECTION('',(1.110223024625E-16,1.,0.));
#10737 = DIRECTION('',(0.,0.,-1.));
#10738 = ADVANCED_FACE('',(#10739),#10750,.T.);
#10739 = FACE_BOUND('',#10740,.T.);
#10740 = EDGE_LOOP('',(#10741,#10747,#10748,#10749));
#10741 = ORIENTED_EDGE('',*,*,#10742,.T.);
#10742 = EDGE_CURVE('',#8760,#8696,#10743,.T.);
#10743 = LINE('',#10744,#10745);
#10744 = CARTESIAN_POINT('',(-0.1,-5.38,-2.5));
#10745 = VECTOR('',#10746,1.);
#10746 = DIRECTION('',(1.,-1.110223024625E-16,0.));
#10747 = ORIENTED_EDGE('',*,*,#8695,.T.);
#10748 = ORIENTED_EDGE('',*,*,#8680,.F.);
#10749 = ORIENTED_EDGE('',*,*,#8759,.F.);
#10750 = PLANE('',#10751);
#10751 = AXIS2_PLACEMENT_3D('',#10752,#10753,#10754);
#10752 = CARTESIAN_POINT('',(-0.1,-5.38,-2.5));
#10753 = DIRECTION('',(-1.110223024625E-16,-1.,0.));
#10754 = DIRECTION('',(0.,0.,1.));
#10755 = ADVANCED_FACE('',(#10756),#10767,.T.);
#10756 = FACE_BOUND('',#10757,.T.);
#10757 = EDGE_LOOP('',(#10758,#10764,#10765,#10766));
#10758 = ORIENTED_EDGE('',*,*,#10759,.T.);
#10759 = EDGE_CURVE('',#8785,#8721,#10760,.T.);
#10760 = LINE('',#10761,#10762);
#10761 = CARTESIAN_POINT('',(-0.1,-5.23,-3.1));
#10762 = VECTOR('',#10763,1.);
#10763 = DIRECTION('',(1.,-1.110223024625E-16,0.));
#10764 = ORIENTED_EDGE('',*,*,#8728,.T.);
#10765 = ORIENTED_EDGE('',*,*,#10742,.F.);
#10766 = ORIENTED_EDGE('',*,*,#8792,.F.);
#10767 = PLANE('',#10768);
#10768 = AXIS2_PLACEMENT_3D('',#10769,#10770,#10771);
#10769 = CARTESIAN_POINT('',(-0.1,-5.23,-3.1));
#10770 = DIRECTION('',(-1.077074540829E-16,-0.970142500145,
    -0.242535625036));
#10771 = DIRECTION('',(-2.692686352073E-17,-0.242535625036,
    0.970142500145));
#10772 = ADVANCED_FACE('',(#10773),#10784,.T.);
#10773 = FACE_BOUND('',#10774,.T.);
#10774 = EDGE_LOOP('',(#10775,#10781,#10782,#10783));
#10775 = ORIENTED_EDGE('',*,*,#10776,.T.);
#10776 = EDGE_CURVE('',#8777,#8713,#10777,.T.);
#10777 = LINE('',#10778,#10779);
#10778 = CARTESIAN_POINT('',(-0.1,-4.93,-3.1));
#10779 = VECTOR('',#10780,1.);
#10780 = DIRECTION('',(1.,-1.110223024625E-16,0.));
#10781 = ORIENTED_EDGE('',*,*,#8720,.T.);
#10782 = ORIENTED_EDGE('',*,*,#10759,.F.);
#10783 = ORIENTED_EDGE('',*,*,#8784,.T.);
#10784 = PLANE('',#10785);
#10785 = AXIS2_PLACEMENT_3D('',#10786,#10787,#10788);
#10786 = CARTESIAN_POINT('',(-0.1,-4.93,-3.1));
#10787 = DIRECTION('',(0.,-0.,-1.));
#10788 = DIRECTION('',(-1.110223024625E-16,-1.,0.));
#10789 = ADVANCED_FACE('',(#10790),#10801,.T.);
#10790 = FACE_BOUND('',#10791,.T.);
#10791 = EDGE_LOOP('',(#10792,#10798,#10799,#10800));
#10792 = ORIENTED_EDGE('',*,*,#10793,.T.);
#10793 = EDGE_CURVE('',#8769,#8705,#10794,.T.);
#10794 = LINE('',#10795,#10796);
#10795 = CARTESIAN_POINT('',(-0.1,-4.78,-2.5));
#10796 = VECTOR('',#10797,1.);
#10797 = DIRECTION('',(1.,-1.110223024625E-16,0.));
#10798 = ORIENTED_EDGE('',*,*,#8712,.T.);
#10799 = ORIENTED_EDGE('',*,*,#10776,.F.);
#10800 = ORIENTED_EDGE('',*,*,#8776,.F.);
#10801 = PLANE('',#10802);
#10802 = AXIS2_PLACEMENT_3D('',#10803,#10804,#10805);
#10803 = CARTESIAN_POINT('',(-0.1,-4.78,-2.5));
#10804 = DIRECTION('',(1.077074540829E-16,0.970142500145,-0.242535625036
    ));
#10805 = DIRECTION('',(-2.692686352073E-17,-0.242535625036,
    -0.970142500145));
#10806 = ADVANCED_FACE('',(#10807),#10813,.T.);
#10807 = FACE_BOUND('',#10808,.T.);
#10808 = EDGE_LOOP('',(#10809,#10810,#10811,#10812));
#10809 = ORIENTED_EDGE('',*,*,#8742,.T.);
#10810 = ORIENTED_EDGE('',*,*,#8704,.T.);
#10811 = ORIENTED_EDGE('',*,*,#10793,.F.);
#10812 = ORIENTED_EDGE('',*,*,#8768,.F.);
#10813 = PLANE('',#10814);
#10814 = AXIS2_PLACEMENT_3D('',#10815,#10816,#10817);
#10815 = CARTESIAN_POINT('',(-0.1,-4.78,0.2));
#10816 = DIRECTION('',(1.110223024625E-16,1.,0.));
#10817 = DIRECTION('',(0.,0.,-1.));
#10818 = ADVANCED_FACE('',(#10819),#10830,.T.);
#10819 = FACE_BOUND('',#10820,.T.);
#10820 = EDGE_LOOP('',(#10821,#10827,#10828,#10829));
#10821 = ORIENTED_EDGE('',*,*,#10822,.T.);
#10822 = EDGE_CURVE('',#8888,#8824,#10823,.T.);
#10823 = LINE('',#10824,#10825);
#10824 = CARTESIAN_POINT('',(-0.1,-2.84,-2.5));
#10825 = VECTOR('',#10826,1.);
#10826 = DIRECTION('',(1.,-1.110223024625E-16,0.));
#10827 = ORIENTED_EDGE('',*,*,#8823,.T.);
#10828 = ORIENTED_EDGE('',*,*,#8808,.F.);
#10829 = ORIENTED_EDGE('',*,*,#8887,.F.);
#10830 = PLANE('',#10831);
#10831 = AXIS2_PLACEMENT_3D('',#10832,#10833,#10834);
#10832 = CARTESIAN_POINT('',(-0.1,-2.84,-2.5));
#10833 = DIRECTION('',(-1.110223024625E-16,-1.,0.));
#10834 = DIRECTION('',(0.,0.,1.));
#10835 = ADVANCED_FACE('',(#10836),#10847,.T.);
#10836 = FACE_BOUND('',#10837,.T.);
#10837 = EDGE_LOOP('',(#10838,#10844,#10845,#10846));
#10838 = ORIENTED_EDGE('',*,*,#10839,.T.);
#10839 = EDGE_CURVE('',#8913,#8849,#10840,.T.);
#10840 = LINE('',#10841,#10842);
#10841 = CARTESIAN_POINT('',(-0.1,-2.69,-3.1));
#10842 = VECTOR('',#10843,1.);
#10843 = DIRECTION('',(1.,-1.110223024625E-16,0.));
#10844 = ORIENTED_EDGE('',*,*,#8856,.T.);
#10845 = ORIENTED_EDGE('',*,*,#10822,.F.);
#10846 = ORIENTED_EDGE('',*,*,#8920,.F.);
#10847 = PLANE('',#10848);
#10848 = AXIS2_PLACEMENT_3D('',#10849,#10850,#10851);
#10849 = CARTESIAN_POINT('',(-0.1,-2.69,-3.1));
#10850 = DIRECTION('',(-1.077074540829E-16,-0.970142500145,
    -0.242535625036));
#10851 = DIRECTION('',(-2.692686352073E-17,-0.242535625036,
    0.970142500145));
#10852 = ADVANCED_FACE('',(#10853),#10864,.T.);
#10853 = FACE_BOUND('',#10854,.T.);
#10854 = EDGE_LOOP('',(#10855,#10861,#10862,#10863));
#10855 = ORIENTED_EDGE('',*,*,#10856,.T.);
#10856 = EDGE_CURVE('',#8905,#8841,#10857,.T.);
#10857 = LINE('',#10858,#10859);
#10858 = CARTESIAN_POINT('',(-0.1,-2.39,-3.1));
#10859 = VECTOR('',#10860,1.);
#10860 = DIRECTION('',(1.,-1.110223024625E-16,0.));
#10861 = ORIENTED_EDGE('',*,*,#8848,.T.);
#10862 = ORIENTED_EDGE('',*,*,#10839,.F.);
#10863 = ORIENTED_EDGE('',*,*,#8912,.T.);
#10864 = PLANE('',#10865);
#10865 = AXIS2_PLACEMENT_3D('',#10866,#10867,#10868);
#10866 = CARTESIAN_POINT('',(-0.1,-2.39,-3.1));
#10867 = DIRECTION('',(0.,-0.,-1.));
#10868 = DIRECTION('',(-1.110223024625E-16,-1.,0.));
#10869 = ADVANCED_FACE('',(#10870),#10881,.T.);
#10870 = FACE_BOUND('',#10871,.T.);
#10871 = EDGE_LOOP('',(#10872,#10878,#10879,#10880));
#10872 = ORIENTED_EDGE('',*,*,#10873,.T.);
#10873 = EDGE_CURVE('',#8897,#8833,#10874,.T.);
#10874 = LINE('',#10875,#10876);
#10875 = CARTESIAN_POINT('',(-0.1,-2.24,-2.5));
#10876 = VECTOR('',#10877,1.);
#10877 = DIRECTION('',(1.,-1.110223024625E-16,0.));
#10878 = ORIENTED_EDGE('',*,*,#8840,.T.);
#10879 = ORIENTED_EDGE('',*,*,#10856,.F.);
#10880 = ORIENTED_EDGE('',*,*,#8904,.F.);
#10881 = PLANE('',#10882);
#10882 = AXIS2_PLACEMENT_3D('',#10883,#10884,#10885);
#10883 = CARTESIAN_POINT('',(-0.1,-2.24,-2.5));
#10884 = DIRECTION('',(1.077074540829E-16,0.970142500145,-0.242535625036
    ));
#10885 = DIRECTION('',(-2.692686352073E-17,-0.242535625036,
    -0.970142500145));
#10886 = ADVANCED_FACE('',(#10887),#10893,.T.);
#10887 = FACE_BOUND('',#10888,.T.);
#10888 = EDGE_LOOP('',(#10889,#10890,#10891,#10892));
#10889 = ORIENTED_EDGE('',*,*,#8870,.T.);
#10890 = ORIENTED_EDGE('',*,*,#8832,.T.);
#10891 = ORIENTED_EDGE('',*,*,#10873,.F.);
#10892 = ORIENTED_EDGE('',*,*,#8896,.F.);
#10893 = PLANE('',#10894);
#10894 = AXIS2_PLACEMENT_3D('',#10895,#10896,#10897);
#10895 = CARTESIAN_POINT('',(-0.1,-2.24,0.2));
#10896 = DIRECTION('',(1.110223024625E-16,1.,0.));
#10897 = DIRECTION('',(0.,0.,-1.));
#10898 = ADVANCED_FACE('',(#10899),#10910,.T.);
#10899 = FACE_BOUND('',#10900,.T.);
#10900 = EDGE_LOOP('',(#10901,#10907,#10908,#10909));
#10901 = ORIENTED_EDGE('',*,*,#10902,.T.);
#10902 = EDGE_CURVE('',#9016,#8952,#10903,.T.);
#10903 = LINE('',#10904,#10905);
#10904 = CARTESIAN_POINT('',(-0.1,-0.3,-2.5));
#10905 = VECTOR('',#10906,1.);
#10906 = DIRECTION('',(1.,-1.110223024625E-16,0.));
#10907 = ORIENTED_EDGE('',*,*,#8951,.T.);
#10908 = ORIENTED_EDGE('',*,*,#8936,.F.);
#10909 = ORIENTED_EDGE('',*,*,#9015,.F.);
#10910 = PLANE('',#10911);
#10911 = AXIS2_PLACEMENT_3D('',#10912,#10913,#10914);
#10912 = CARTESIAN_POINT('',(-0.1,-0.3,-2.5));
#10913 = DIRECTION('',(-1.110223024625E-16,-1.,0.));
#10914 = DIRECTION('',(0.,0.,1.));
#10915 = ADVANCED_FACE('',(#10916),#10927,.T.);
#10916 = FACE_BOUND('',#10917,.T.);
#10917 = EDGE_LOOP('',(#10918,#10924,#10925,#10926));
#10918 = ORIENTED_EDGE('',*,*,#10919,.T.);
#10919 = EDGE_CURVE('',#9041,#8977,#10920,.T.);
#10920 = LINE('',#10921,#10922);
#10921 = CARTESIAN_POINT('',(-0.1,-0.15,-3.1));
#10922 = VECTOR('',#10923,1.);
#10923 = DIRECTION('',(1.,-1.110223024625E-16,0.));
#10924 = ORIENTED_EDGE('',*,*,#8984,.T.);
#10925 = ORIENTED_EDGE('',*,*,#10902,.F.);
#10926 = ORIENTED_EDGE('',*,*,#9048,.F.);
#10927 = PLANE('',#10928);
#10928 = AXIS2_PLACEMENT_3D('',#10929,#10930,#10931);
#10929 = CARTESIAN_POINT('',(-0.1,-0.15,-3.1));
#10930 = DIRECTION('',(-1.077074540829E-16,-0.970142500145,
    -0.242535625036));
#10931 = DIRECTION('',(-2.692686352073E-17,-0.242535625036,
    0.970142500145));
#10932 = ADVANCED_FACE('',(#10933),#10944,.T.);
#10933 = FACE_BOUND('',#10934,.T.);
#10934 = EDGE_LOOP('',(#10935,#10941,#10942,#10943));
#10935 = ORIENTED_EDGE('',*,*,#10936,.T.);
#10936 = EDGE_CURVE('',#9033,#8969,#10937,.T.);
#10937 = LINE('',#10938,#10939);
#10938 = CARTESIAN_POINT('',(-0.1,0.15,-3.1));
#10939 = VECTOR('',#10940,1.);
#10940 = DIRECTION('',(1.,-1.110223024625E-16,0.));
#10941 = ORIENTED_EDGE('',*,*,#8976,.T.);
#10942 = ORIENTED_EDGE('',*,*,#10919,.F.);
#10943 = ORIENTED_EDGE('',*,*,#9040,.T.);
#10944 = PLANE('',#10945);
#10945 = AXIS2_PLACEMENT_3D('',#10946,#10947,#10948);
#10946 = CARTESIAN_POINT('',(-0.1,0.15,-3.1));
#10947 = DIRECTION('',(0.,-0.,-1.));
#10948 = DIRECTION('',(-1.110223024625E-16,-1.,0.));
#10949 = ADVANCED_FACE('',(#10950),#10961,.T.);
#10950 = FACE_BOUND('',#10951,.T.);
#10951 = EDGE_LOOP('',(#10952,#10958,#10959,#10960));
#10952 = ORIENTED_EDGE('',*,*,#10953,.T.);
#10953 = EDGE_CURVE('',#9025,#8961,#10954,.T.);
#10954 = LINE('',#10955,#10956);
#10955 = CARTESIAN_POINT('',(-0.1,0.3,-2.5));
#10956 = VECTOR('',#10957,1.);
#10957 = DIRECTION('',(1.,-1.110223024625E-16,0.));
#10958 = ORIENTED_EDGE('',*,*,#8968,.T.);
#10959 = ORIENTED_EDGE('',*,*,#10936,.F.);
#10960 = ORIENTED_EDGE('',*,*,#9032,.F.);
#10961 = PLANE('',#10962);
#10962 = AXIS2_PLACEMENT_3D('',#10963,#10964,#10965);
#10963 = CARTESIAN_POINT('',(-0.1,0.3,-2.5));
#10964 = DIRECTION('',(1.077074540829E-16,0.970142500145,-0.242535625036
    ));
#10965 = DIRECTION('',(-2.692686352073E-17,-0.242535625036,
    -0.970142500145));
#10966 = ADVANCED_FACE('',(#10967),#10973,.T.);
#10967 = FACE_BOUND('',#10968,.T.);
#10968 = EDGE_LOOP('',(#10969,#10970,#10971,#10972));
#10969 = ORIENTED_EDGE('',*,*,#8998,.T.);
#10970 = ORIENTED_EDGE('',*,*,#8960,.T.);
#10971 = ORIENTED_EDGE('',*,*,#10953,.F.);
#10972 = ORIENTED_EDGE('',*,*,#9024,.F.);
#10973 = PLANE('',#10974);
#10974 = AXIS2_PLACEMENT_3D('',#10975,#10976,#10977);
#10975 = CARTESIAN_POINT('',(-0.1,0.3,0.2));
#10976 = DIRECTION('',(1.110223024625E-16,1.,0.));
#10977 = DIRECTION('',(0.,0.,-1.));
#10978 = ADVANCED_FACE('',(#10979),#10990,.T.);
#10979 = FACE_BOUND('',#10980,.T.);
#10980 = EDGE_LOOP('',(#10981,#10982,#10983,#10984));
#10981 = ORIENTED_EDGE('',*,*,#9207,.T.);
#10982 = ORIENTED_EDGE('',*,*,#9070,.T.);
#10983 = ORIENTED_EDGE('',*,*,#9095,.T.);
#10984 = ORIENTED_EDGE('',*,*,#10985,.T.);
#10985 = EDGE_CURVE('',#9096,#9200,#10986,.T.);
#10986 = LINE('',#10987,#10988);
#10987 = CARTESIAN_POINT('',(0.1,-17.78,0.9));
#10988 = VECTOR('',#10989,1.);
#10989 = DIRECTION('',(-1.110223024625E-16,-1.,0.));
#10990 = PLANE('',#10991);
#10991 = AXIS2_PLACEMENT_3D('',#10992,#10993,#10994);
#10992 = CARTESIAN_POINT('',(-2.067651605486E-15,-17.78,0.9));
#10993 = DIRECTION('',(0.,0.,1.));
#10994 = DIRECTION('',(1.110223024625E-16,1.,-0.));
#10995 = ADVANCED_FACE('',(#10996),#11007,.T.);
#10996 = FACE_BOUND('',#10997,.T.);
#10997 = EDGE_LOOP('',(#10998,#10999,#11005,#11006));
#10998 = ORIENTED_EDGE('',*,*,#9175,.T.);
#10999 = ORIENTED_EDGE('',*,*,#11000,.F.);
#11000 = EDGE_CURVE('',#9120,#9176,#11001,.T.);
#11001 = LINE('',#11002,#11003);
#11002 = CARTESIAN_POINT('',(-0.1,-17.78,0.9));
#11003 = VECTOR('',#11004,1.);
#11004 = DIRECTION('',(-1.110223024625E-16,-1.,0.));
#11005 = ORIENTED_EDGE('',*,*,#9127,.T.);
#11006 = ORIENTED_EDGE('',*,*,#9150,.T.);
#11007 = PLANE('',#11008);
#11008 = AXIS2_PLACEMENT_3D('',#11009,#11010,#11011);
#11009 = CARTESIAN_POINT('',(-2.067651605486E-15,-17.78,0.9));
#11010 = DIRECTION('',(0.,0.,1.));
#11011 = DIRECTION('',(1.110223024625E-16,1.,-0.));
#11012 = ADVANCED_FACE('',(#11013),#11056,.T.);
#11013 = FACE_BOUND('',#11014,.T.);
#11014 = EDGE_LOOP('',(#11015,#11016,#11024,#11032,#11040,#11048,#11054,
    #11055));
#11015 = ORIENTED_EDGE('',*,*,#9183,.F.);
#11016 = ORIENTED_EDGE('',*,*,#11017,.T.);
#11017 = EDGE_CURVE('',#9184,#11018,#11020,.T.);
#11018 = VERTEX_POINT('',#11019);
#11019 = CARTESIAN_POINT('',(-0.1,-18.03,7.35));
#11020 = LINE('',#11021,#11022);
#11021 = CARTESIAN_POINT('',(-0.1,-18.08,7.4));
#11022 = VECTOR('',#11023,1.);
#11023 = DIRECTION('',(7.850462293414E-17,0.707106781187,-0.707106781187
    ));
#11024 = ORIENTED_EDGE('',*,*,#11025,.T.);
#11025 = EDGE_CURVE('',#11018,#11026,#11028,.T.);
#11026 = VERTEX_POINT('',#11027);
#11027 = CARTESIAN_POINT('',(-0.1,-18.03,1.25));
#11028 = LINE('',#11029,#11030);
#11029 = CARTESIAN_POINT('',(-0.1,-18.03,7.35));
#11030 = VECTOR('',#11031,1.);
#11031 = DIRECTION('',(0.,0.,-1.));
#11032 = ORIENTED_EDGE('',*,*,#11033,.T.);
#11033 = EDGE_CURVE('',#11026,#11034,#11036,.T.);
#11034 = VERTEX_POINT('',#11035);
#11035 = CARTESIAN_POINT('',(-0.1,-17.53,1.25));
#11036 = LINE('',#11037,#11038);
#11037 = CARTESIAN_POINT('',(-0.1,-18.03,1.25));
#11038 = VECTOR('',#11039,1.);
#11039 = DIRECTION('',(1.110223024625E-16,1.,0.));
#11040 = ORIENTED_EDGE('',*,*,#11041,.T.);
#11041 = EDGE_CURVE('',#11034,#11042,#11044,.T.);
#11042 = VERTEX_POINT('',#11043);
#11043 = CARTESIAN_POINT('',(-0.1,-17.53,7.35));
#11044 = LINE('',#11045,#11046);
#11045 = CARTESIAN_POINT('',(-0.1,-17.53,1.25));
#11046 = VECTOR('',#11047,1.);
#11047 = DIRECTION('',(0.,0.,1.));
#11048 = ORIENTED_EDGE('',*,*,#11049,.T.);
#11049 = EDGE_CURVE('',#11042,#9112,#11050,.T.);
#11050 = LINE('',#11051,#11052);
#11051 = CARTESIAN_POINT('',(-0.1,-17.53,7.35));
#11052 = VECTOR('',#11053,1.);
#11053 = DIRECTION('',(7.850462293414E-17,0.707106781187,0.707106781187)
  );
#11054 = ORIENTED_EDGE('',*,*,#9119,.F.);
#11055 = ORIENTED_EDGE('',*,*,#11000,.T.);
#11056 = PLANE('',#11057);
#11057 = AXIS2_PLACEMENT_3D('',#11058,#11059,#11060);
#11058 = CARTESIAN_POINT('',(-0.1,-17.78,3.911477598424));
#11059 = DIRECTION('',(-1.,1.110223024625E-16,0.));
#11060 = DIRECTION('',(0.,0.,1.));
#11061 = ADVANCED_FACE('',(#11062),#11080,.T.);
#11062 = FACE_BOUND('',#11063,.T.);
#11063 = EDGE_LOOP('',(#11064,#11072,#11078,#11079));
#11064 = ORIENTED_EDGE('',*,*,#11065,.T.);
#11065 = EDGE_CURVE('',#11042,#11066,#11068,.T.);
#11066 = VERTEX_POINT('',#11067);
#11067 = CARTESIAN_POINT('',(0.1,-17.53,7.35));
#11068 = LINE('',#11069,#11070);
#11069 = CARTESIAN_POINT('',(-0.1,-17.53,7.35));
#11070 = VECTOR('',#11071,1.);
#11071 = DIRECTION('',(1.,-1.110223024625E-16,0.));
#11072 = ORIENTED_EDGE('',*,*,#11073,.T.);
#11073 = EDGE_CURVE('',#11066,#9104,#11074,.T.);
#11074 = LINE('',#11075,#11076);
#11075 = CARTESIAN_POINT('',(0.1,-17.53,7.35));
#11076 = VECTOR('',#11077,1.);
#11077 = DIRECTION('',(7.850462293414E-17,0.707106781187,0.707106781187)
  );
#11078 = ORIENTED_EDGE('',*,*,#9111,.F.);
#11079 = ORIENTED_EDGE('',*,*,#11049,.F.);
#11080 = PLANE('',#11081);
#11081 = AXIS2_PLACEMENT_3D('',#11082,#11083,#11084);
#11082 = CARTESIAN_POINT('',(-0.1,-17.53,7.35));
#11083 = DIRECTION('',(-7.850462293414E-17,-0.707106781187,
    0.707106781187));
#11084 = DIRECTION('',(7.850462293414E-17,0.707106781187,0.707106781187)
  );
#11085 = ADVANCED_FACE('',(#11086),#11122,.F.);
#11086 = FACE_BOUND('',#11087,.F.);
#11087 = EDGE_LOOP('',(#11088,#11089,#11097,#11105,#11113,#11119,#11120,
    #11121));
#11088 = ORIENTED_EDGE('',*,*,#9199,.F.);
#11089 = ORIENTED_EDGE('',*,*,#11090,.T.);
#11090 = EDGE_CURVE('',#9192,#11091,#11093,.T.);
#11091 = VERTEX_POINT('',#11092);
#11092 = CARTESIAN_POINT('',(0.1,-18.03,7.35));
#11093 = LINE('',#11094,#11095);
#11094 = CARTESIAN_POINT('',(0.1,-18.08,7.4));
#11095 = VECTOR('',#11096,1.);
#11096 = DIRECTION('',(7.850462293414E-17,0.707106781187,-0.707106781187
    ));
#11097 = ORIENTED_EDGE('',*,*,#11098,.T.);
#11098 = EDGE_CURVE('',#11091,#11099,#11101,.T.);
#11099 = VERTEX_POINT('',#11100);
#11100 = CARTESIAN_POINT('',(0.1,-18.03,1.25));
#11101 = LINE('',#11102,#11103);
#11102 = CARTESIAN_POINT('',(0.1,-18.03,7.35));
#11103 = VECTOR('',#11104,1.);
#11104 = DIRECTION('',(0.,0.,-1.));
#11105 = ORIENTED_EDGE('',*,*,#11106,.T.);
#11106 = EDGE_CURVE('',#11099,#11107,#11109,.T.);
#11107 = VERTEX_POINT('',#11108);
#11108 = CARTESIAN_POINT('',(0.1,-17.53,1.25));
#11109 = LINE('',#11110,#11111);
#11110 = CARTESIAN_POINT('',(0.1,-18.03,1.25));
#11111 = VECTOR('',#11112,1.);
#11112 = DIRECTION('',(1.110223024625E-16,1.,0.));
#11113 = ORIENTED_EDGE('',*,*,#11114,.T.);
#11114 = EDGE_CURVE('',#11107,#11066,#11115,.T.);
#11115 = LINE('',#11116,#11117);
#11116 = CARTESIAN_POINT('',(0.1,-17.53,1.25));
#11117 = VECTOR('',#11118,1.);
#11118 = DIRECTION('',(0.,0.,1.));
#11119 = ORIENTED_EDGE('',*,*,#11073,.T.);
#11120 = ORIENTED_EDGE('',*,*,#9103,.F.);
#11121 = ORIENTED_EDGE('',*,*,#10985,.T.);
#11122 = PLANE('',#11123);
#11123 = AXIS2_PLACEMENT_3D('',#11124,#11125,#11126);
#11124 = CARTESIAN_POINT('',(0.1,-17.78,3.911477598424));
#11125 = DIRECTION('',(-1.,1.110223024625E-16,0.));
#11126 = DIRECTION('',(0.,0.,1.));
#11127 = ADVANCED_FACE('',(#11128),#11139,.T.);
#11128 = FACE_BOUND('',#11129,.T.);
#11129 = EDGE_LOOP('',(#11130,#11131,#11132,#11138));
#11130 = ORIENTED_EDGE('',*,*,#9191,.T.);
#11131 = ORIENTED_EDGE('',*,*,#11090,.T.);
#11132 = ORIENTED_EDGE('',*,*,#11133,.F.);
#11133 = EDGE_CURVE('',#11018,#11091,#11134,.T.);
#11134 = LINE('',#11135,#11136);
#11135 = CARTESIAN_POINT('',(-0.1,-18.03,7.35));
#11136 = VECTOR('',#11137,1.);
#11137 = DIRECTION('',(1.,-1.110223024625E-16,0.));
#11138 = ORIENTED_EDGE('',*,*,#11017,.F.);
#11139 = PLANE('',#11140);
#11140 = AXIS2_PLACEMENT_3D('',#11141,#11142,#11143);
#11141 = CARTESIAN_POINT('',(-0.1,-18.08,7.4));
#11142 = DIRECTION('',(7.850462293414E-17,0.707106781187,0.707106781187)
  );
#11143 = DIRECTION('',(7.850462293414E-17,0.707106781187,-0.707106781187
    ));
#11144 = ADVANCED_FACE('',(#11145),#11156,.T.);
#11145 = FACE_BOUND('',#11146,.T.);
#11146 = EDGE_LOOP('',(#11147,#11148,#11149,#11150));
#11147 = ORIENTED_EDGE('',*,*,#9367,.T.);
#11148 = ORIENTED_EDGE('',*,*,#9230,.T.);
#11149 = ORIENTED_EDGE('',*,*,#9255,.T.);
#11150 = ORIENTED_EDGE('',*,*,#11151,.T.);
#11151 = EDGE_CURVE('',#9256,#9360,#11152,.T.);
#11152 = LINE('',#11153,#11154);
#11153 = CARTESIAN_POINT('',(0.1,-15.24,0.9));
#11154 = VECTOR('',#11155,1.);
#11155 = DIRECTION('',(-1.110223024625E-16,-1.,0.));
#11156 = PLANE('',#11157);
#11157 = AXIS2_PLACEMENT_3D('',#11158,#11159,#11160);
#11158 = CARTESIAN_POINT('',(-1.785654957231E-15,-15.24,0.9));
#11159 = DIRECTION('',(0.,0.,1.));
#11160 = DIRECTION('',(1.110223024625E-16,1.,-0.));
#11161 = ADVANCED_FACE('',(#11162),#11173,.T.);
#11162 = FACE_BOUND('',#11163,.T.);
#11163 = EDGE_LOOP('',(#11164,#11165,#11171,#11172));
#11164 = ORIENTED_EDGE('',*,*,#9335,.T.);
#11165 = ORIENTED_EDGE('',*,*,#11166,.F.);
#11166 = EDGE_CURVE('',#9280,#9336,#11167,.T.);
#11167 = LINE('',#11168,#11169);
#11168 = CARTESIAN_POINT('',(-0.1,-15.24,0.9));
#11169 = VECTOR('',#11170,1.);
#11170 = DIRECTION('',(-1.110223024625E-16,-1.,0.));
#11171 = ORIENTED_EDGE('',*,*,#9287,.T.);
#11172 = ORIENTED_EDGE('',*,*,#9310,.T.);
#11173 = PLANE('',#11174);
#11174 = AXIS2_PLACEMENT_3D('',#11175,#11176,#11177);
#11175 = CARTESIAN_POINT('',(-1.785654957231E-15,-15.24,0.9));
#11176 = DIRECTION('',(0.,0.,1.));
#11177 = DIRECTION('',(1.110223024625E-16,1.,-0.));
#11178 = ADVANCED_FACE('',(#11179),#11222,.T.);
#11179 = FACE_BOUND('',#11180,.T.);
#11180 = EDGE_LOOP('',(#11181,#11182,#11190,#11198,#11206,#11214,#11220,
    #11221));
#11181 = ORIENTED_EDGE('',*,*,#9343,.F.);
#11182 = ORIENTED_EDGE('',*,*,#11183,.T.);
#11183 = EDGE_CURVE('',#9344,#11184,#11186,.T.);
#11184 = VERTEX_POINT('',#11185);
#11185 = CARTESIAN_POINT('',(-0.1,-15.49,7.35));
#11186 = LINE('',#11187,#11188);
#11187 = CARTESIAN_POINT('',(-0.1,-15.54,7.4));
#11188 = VECTOR('',#11189,1.);
#11189 = DIRECTION('',(7.850462293414E-17,0.707106781187,-0.707106781187
    ));
#11190 = ORIENTED_EDGE('',*,*,#11191,.T.);
#11191 = EDGE_CURVE('',#11184,#11192,#11194,.T.);
#11192 = VERTEX_POINT('',#11193);
#11193 = CARTESIAN_POINT('',(-0.1,-15.49,1.25));
#11194 = LINE('',#11195,#11196);
#11195 = CARTESIAN_POINT('',(-0.1,-15.49,7.35));
#11196 = VECTOR('',#11197,1.);
#11197 = DIRECTION('',(0.,0.,-1.));
#11198 = ORIENTED_EDGE('',*,*,#11199,.T.);
#11199 = EDGE_CURVE('',#11192,#11200,#11202,.T.);
#11200 = VERTEX_POINT('',#11201);
#11201 = CARTESIAN_POINT('',(-0.1,-14.99,1.25));
#11202 = LINE('',#11203,#11204);
#11203 = CARTESIAN_POINT('',(-0.1,-15.49,1.25));
#11204 = VECTOR('',#11205,1.);
#11205 = DIRECTION('',(1.110223024625E-16,1.,0.));
#11206 = ORIENTED_EDGE('',*,*,#11207,.T.);
#11207 = EDGE_CURVE('',#11200,#11208,#11210,.T.);
#11208 = VERTEX_POINT('',#11209);
#11209 = CARTESIAN_POINT('',(-0.1,-14.99,7.35));
#11210 = LINE('',#11211,#11212);
#11211 = CARTESIAN_POINT('',(-0.1,-14.99,1.25));
#11212 = VECTOR('',#11213,1.);
#11213 = DIRECTION('',(0.,0.,1.));
#11214 = ORIENTED_EDGE('',*,*,#11215,.T.);
#11215 = EDGE_CURVE('',#11208,#9272,#11216,.T.);
#11216 = LINE('',#11217,#11218);
#11217 = CARTESIAN_POINT('',(-0.1,-14.99,7.35));
#11218 = VECTOR('',#11219,1.);
#11219 = DIRECTION('',(7.850462293414E-17,0.707106781187,0.707106781187)
  );
#11220 = ORIENTED_EDGE('',*,*,#9279,.F.);
#11221 = ORIENTED_EDGE('',*,*,#11166,.T.);
#11222 = PLANE('',#11223);
#11223 = AXIS2_PLACEMENT_3D('',#11224,#11225,#11226);
#11224 = CARTESIAN_POINT('',(-0.1,-15.24,3.911477598424));
#11225 = DIRECTION('',(-1.,1.110223024625E-16,0.));
#11226 = DIRECTION('',(0.,0.,1.));
#11227 = ADVANCED_FACE('',(#11228),#11246,.T.);
#11228 = FACE_BOUND('',#11229,.T.);
#11229 = EDGE_LOOP('',(#11230,#11238,#11244,#11245));
#11230 = ORIENTED_EDGE('',*,*,#11231,.T.);
#11231 = EDGE_CURVE('',#11208,#11232,#11234,.T.);
#11232 = VERTEX_POINT('',#11233);
#11233 = CARTESIAN_POINT('',(0.1,-14.99,7.35));
#11234 = LINE('',#11235,#11236);
#11235 = CARTESIAN_POINT('',(-0.1,-14.99,7.35));
#11236 = VECTOR('',#11237,1.);
#11237 = DIRECTION('',(1.,-1.110223024625E-16,0.));
#11238 = ORIENTED_EDGE('',*,*,#11239,.T.);
#11239 = EDGE_CURVE('',#11232,#9264,#11240,.T.);
#11240 = LINE('',#11241,#11242);
#11241 = CARTESIAN_POINT('',(0.1,-14.99,7.35));
#11242 = VECTOR('',#11243,1.);
#11243 = DIRECTION('',(7.850462293414E-17,0.707106781187,0.707106781187)
  );
#11244 = ORIENTED_EDGE('',*,*,#9271,.F.);
#11245 = ORIENTED_EDGE('',*,*,#11215,.F.);
#11246 = PLANE('',#11247);
#11247 = AXIS2_PLACEMENT_3D('',#11248,#11249,#11250);
#11248 = CARTESIAN_POINT('',(-0.1,-14.99,7.35));
#11249 = DIRECTION('',(-7.850462293414E-17,-0.707106781187,
    0.707106781187));
#11250 = DIRECTION('',(7.850462293414E-17,0.707106781187,0.707106781187)
  );
#11251 = ADVANCED_FACE('',(#11252),#11288,.F.);
#11252 = FACE_BOUND('',#11253,.F.);
#11253 = EDGE_LOOP('',(#11254,#11255,#11263,#11271,#11279,#11285,#11286,
    #11287));
#11254 = ORIENTED_EDGE('',*,*,#9359,.F.);
#11255 = ORIENTED_EDGE('',*,*,#11256,.T.);
#11256 = EDGE_CURVE('',#9352,#11257,#11259,.T.);
#11257 = VERTEX_POINT('',#11258);
#11258 = CARTESIAN_POINT('',(0.1,-15.49,7.35));
#11259 = LINE('',#11260,#11261);
#11260 = CARTESIAN_POINT('',(0.1,-15.54,7.4));
#11261 = VECTOR('',#11262,1.);
#11262 = DIRECTION('',(7.850462293414E-17,0.707106781187,-0.707106781187
    ));
#11263 = ORIENTED_EDGE('',*,*,#11264,.T.);
#11264 = EDGE_CURVE('',#11257,#11265,#11267,.T.);
#11265 = VERTEX_POINT('',#11266);
#11266 = CARTESIAN_POINT('',(0.1,-15.49,1.25));
#11267 = LINE('',#11268,#11269);
#11268 = CARTESIAN_POINT('',(0.1,-15.49,7.35));
#11269 = VECTOR('',#11270,1.);
#11270 = DIRECTION('',(0.,0.,-1.));
#11271 = ORIENTED_EDGE('',*,*,#11272,.T.);
#11272 = EDGE_CURVE('',#11265,#11273,#11275,.T.);
#11273 = VERTEX_POINT('',#11274);
#11274 = CARTESIAN_POINT('',(0.1,-14.99,1.25));
#11275 = LINE('',#11276,#11277);
#11276 = CARTESIAN_POINT('',(0.1,-15.49,1.25));
#11277 = VECTOR('',#11278,1.);
#11278 = DIRECTION('',(1.110223024625E-16,1.,0.));
#11279 = ORIENTED_EDGE('',*,*,#11280,.T.);
#11280 = EDGE_CURVE('',#11273,#11232,#11281,.T.);
#11281 = LINE('',#11282,#11283);
#11282 = CARTESIAN_POINT('',(0.1,-14.99,1.25));
#11283 = VECTOR('',#11284,1.);
#11284 = DIRECTION('',(0.,0.,1.));
#11285 = ORIENTED_EDGE('',*,*,#11239,.T.);
#11286 = ORIENTED_EDGE('',*,*,#9263,.F.);
#11287 = ORIENTED_EDGE('',*,*,#11151,.T.);
#11288 = PLANE('',#11289);
#11289 = AXIS2_PLACEMENT_3D('',#11290,#11291,#11292);
#11290 = CARTESIAN_POINT('',(0.1,-15.24,3.911477598424));
#11291 = DIRECTION('',(-1.,1.110223024625E-16,0.));
#11292 = DIRECTION('',(0.,0.,1.));
#11293 = ADVANCED_FACE('',(#11294),#11305,.T.);
#11294 = FACE_BOUND('',#11295,.T.);
#11295 = EDGE_LOOP('',(#11296,#11297,#11298,#11304));
#11296 = ORIENTED_EDGE('',*,*,#9351,.T.);
#11297 = ORIENTED_EDGE('',*,*,#11256,.T.);
#11298 = ORIENTED_EDGE('',*,*,#11299,.F.);
#11299 = EDGE_CURVE('',#11184,#11257,#11300,.T.);
#11300 = LINE('',#11301,#11302);
#11301 = CARTESIAN_POINT('',(-0.1,-15.49,7.35));
#11302 = VECTOR('',#11303,1.);
#11303 = DIRECTION('',(1.,-1.110223024625E-16,0.));
#11304 = ORIENTED_EDGE('',*,*,#11183,.F.);
#11305 = PLANE('',#11306);
#11306 = AXIS2_PLACEMENT_3D('',#11307,#11308,#11309);
#11307 = CARTESIAN_POINT('',(-0.1,-15.54,7.4));
#11308 = DIRECTION('',(7.850462293414E-17,0.707106781187,0.707106781187)
  );
#11309 = DIRECTION('',(7.850462293414E-17,0.707106781187,-0.707106781187
    ));
#11310 = ADVANCED_FACE('',(#11311),#11322,.T.);
#11311 = FACE_BOUND('',#11312,.T.);
#11312 = EDGE_LOOP('',(#11313,#11314,#11315,#11316));
#11313 = ORIENTED_EDGE('',*,*,#9527,.T.);
#11314 = ORIENTED_EDGE('',*,*,#9390,.T.);
#11315 = ORIENTED_EDGE('',*,*,#9415,.T.);
#11316 = ORIENTED_EDGE('',*,*,#11317,.T.);
#11317 = EDGE_CURVE('',#9416,#9520,#11318,.T.);
#11318 = LINE('',#11319,#11320);
#11319 = CARTESIAN_POINT('',(0.1,-12.7,0.9));
#11320 = VECTOR('',#11321,1.);
#11321 = DIRECTION('',(-1.110223024625E-16,-1.,0.));
#11322 = PLANE('',#11323);
#11323 = AXIS2_PLACEMENT_3D('',#11324,#11325,#11326);
#11324 = CARTESIAN_POINT('',(-1.503658308977E-15,-12.7,0.9));
#11325 = DIRECTION('',(0.,0.,1.));
#11326 = DIRECTION('',(1.110223024625E-16,1.,-0.));
#11327 = ADVANCED_FACE('',(#11328),#11339,.T.);
#11328 = FACE_BOUND('',#11329,.T.);
#11329 = EDGE_LOOP('',(#11330,#11331,#11337,#11338));
#11330 = ORIENTED_EDGE('',*,*,#9495,.T.);
#11331 = ORIENTED_EDGE('',*,*,#11332,.F.);
#11332 = EDGE_CURVE('',#9440,#9496,#11333,.T.);
#11333 = LINE('',#11334,#11335);
#11334 = CARTESIAN_POINT('',(-0.1,-12.7,0.9));
#11335 = VECTOR('',#11336,1.);
#11336 = DIRECTION('',(-1.110223024625E-16,-1.,0.));
#11337 = ORIENTED_EDGE('',*,*,#9447,.T.);
#11338 = ORIENTED_EDGE('',*,*,#9470,.T.);
#11339 = PLANE('',#11340);
#11340 = AXIS2_PLACEMENT_3D('',#11341,#11342,#11343);
#11341 = CARTESIAN_POINT('',(-1.503658308977E-15,-12.7,0.9));
#11342 = DIRECTION('',(0.,0.,1.));
#11343 = DIRECTION('',(1.110223024625E-16,1.,-0.));
#11344 = ADVANCED_FACE('',(#11345),#11388,.T.);
#11345 = FACE_BOUND('',#11346,.T.);
#11346 = EDGE_LOOP('',(#11347,#11348,#11356,#11364,#11372,#11380,#11386,
    #11387));
#11347 = ORIENTED_EDGE('',*,*,#9503,.F.);
#11348 = ORIENTED_EDGE('',*,*,#11349,.T.);
#11349 = EDGE_CURVE('',#9504,#11350,#11352,.T.);
#11350 = VERTEX_POINT('',#11351);
#11351 = CARTESIAN_POINT('',(-0.1,-12.95,7.35));
#11352 = LINE('',#11353,#11354);
#11353 = CARTESIAN_POINT('',(-0.1,-13.,7.4));
#11354 = VECTOR('',#11355,1.);
#11355 = DIRECTION('',(7.850462293414E-17,0.707106781187,-0.707106781187
    ));
#11356 = ORIENTED_EDGE('',*,*,#11357,.T.);
#11357 = EDGE_CURVE('',#11350,#11358,#11360,.T.);
#11358 = VERTEX_POINT('',#11359);
#11359 = CARTESIAN_POINT('',(-0.1,-12.95,1.25));
#11360 = LINE('',#11361,#11362);
#11361 = CARTESIAN_POINT('',(-0.1,-12.95,7.35));
#11362 = VECTOR('',#11363,1.);
#11363 = DIRECTION('',(0.,0.,-1.));
#11364 = ORIENTED_EDGE('',*,*,#11365,.T.);
#11365 = EDGE_CURVE('',#11358,#11366,#11368,.T.);
#11366 = VERTEX_POINT('',#11367);
#11367 = CARTESIAN_POINT('',(-0.1,-12.45,1.25));
#11368 = LINE('',#11369,#11370);
#11369 = CARTESIAN_POINT('',(-0.1,-12.95,1.25));
#11370 = VECTOR('',#11371,1.);
#11371 = DIRECTION('',(1.110223024625E-16,1.,0.));
#11372 = ORIENTED_EDGE('',*,*,#11373,.T.);
#11373 = EDGE_CURVE('',#11366,#11374,#11376,.T.);
#11374 = VERTEX_POINT('',#11375);
#11375 = CARTESIAN_POINT('',(-0.1,-12.45,7.35));
#11376 = LINE('',#11377,#11378);
#11377 = CARTESIAN_POINT('',(-0.1,-12.45,1.25));
#11378 = VECTOR('',#11379,1.);
#11379 = DIRECTION('',(0.,0.,1.));
#11380 = ORIENTED_EDGE('',*,*,#11381,.T.);
#11381 = EDGE_CURVE('',#11374,#9432,#11382,.T.);
#11382 = LINE('',#11383,#11384);
#11383 = CARTESIAN_POINT('',(-0.1,-12.45,7.35));
#11384 = VECTOR('',#11385,1.);
#11385 = DIRECTION('',(7.850462293414E-17,0.707106781187,0.707106781187)
  );
#11386 = ORIENTED_EDGE('',*,*,#9439,.F.);
#11387 = ORIENTED_EDGE('',*,*,#11332,.T.);
#11388 = PLANE('',#11389);
#11389 = AXIS2_PLACEMENT_3D('',#11390,#11391,#11392);
#11390 = CARTESIAN_POINT('',(-0.1,-12.7,3.911477598424));
#11391 = DIRECTION('',(-1.,1.110223024625E-16,0.));
#11392 = DIRECTION('',(0.,0.,1.));
#11393 = ADVANCED_FACE('',(#11394),#11412,.T.);
#11394 = FACE_BOUND('',#11395,.T.);
#11395 = EDGE_LOOP('',(#11396,#11404,#11410,#11411));
#11396 = ORIENTED_EDGE('',*,*,#11397,.T.);
#11397 = EDGE_CURVE('',#11374,#11398,#11400,.T.);
#11398 = VERTEX_POINT('',#11399);
#11399 = CARTESIAN_POINT('',(0.1,-12.45,7.35));
#11400 = LINE('',#11401,#11402);
#11401 = CARTESIAN_POINT('',(-0.1,-12.45,7.35));
#11402 = VECTOR('',#11403,1.);
#11403 = DIRECTION('',(1.,-1.110223024625E-16,0.));
#11404 = ORIENTED_EDGE('',*,*,#11405,.T.);
#11405 = EDGE_CURVE('',#11398,#9424,#11406,.T.);
#11406 = LINE('',#11407,#11408);
#11407 = CARTESIAN_POINT('',(0.1,-12.45,7.35));
#11408 = VECTOR('',#11409,1.);
#11409 = DIRECTION('',(7.850462293414E-17,0.707106781187,0.707106781187)
  );
#11410 = ORIENTED_EDGE('',*,*,#9431,.F.);
#11411 = ORIENTED_EDGE('',*,*,#11381,.F.);
#11412 = PLANE('',#11413);
#11413 = AXIS2_PLACEMENT_3D('',#11414,#11415,#11416);
#11414 = CARTESIAN_POINT('',(-0.1,-12.45,7.35));
#11415 = DIRECTION('',(-7.850462293414E-17,-0.707106781187,
    0.707106781187));
#11416 = DIRECTION('',(7.850462293414E-17,0.707106781187,0.707106781187)
  );
#11417 = ADVANCED_FACE('',(#11418),#11454,.F.);
#11418 = FACE_BOUND('',#11419,.F.);
#11419 = EDGE_LOOP('',(#11420,#11421,#11429,#11437,#11445,#11451,#11452,
    #11453));
#11420 = ORIENTED_EDGE('',*,*,#9519,.F.);
#11421 = ORIENTED_EDGE('',*,*,#11422,.T.);
#11422 = EDGE_CURVE('',#9512,#11423,#11425,.T.);
#11423 = VERTEX_POINT('',#11424);
#11424 = CARTESIAN_POINT('',(0.1,-12.95,7.35));
#11425 = LINE('',#11426,#11427);
#11426 = CARTESIAN_POINT('',(0.1,-13.,7.4));
#11427 = VECTOR('',#11428,1.);
#11428 = DIRECTION('',(7.850462293414E-17,0.707106781187,-0.707106781187
    ));
#11429 = ORIENTED_EDGE('',*,*,#11430,.T.);
#11430 = EDGE_CURVE('',#11423,#11431,#11433,.T.);
#11431 = VERTEX_POINT('',#11432);
#11432 = CARTESIAN_POINT('',(0.1,-12.95,1.25));
#11433 = LINE('',#11434,#11435);
#11434 = CARTESIAN_POINT('',(0.1,-12.95,7.35));
#11435 = VECTOR('',#11436,1.);
#11436 = DIRECTION('',(0.,0.,-1.));
#11437 = ORIENTED_EDGE('',*,*,#11438,.T.);
#11438 = EDGE_CURVE('',#11431,#11439,#11441,.T.);
#11439 = VERTEX_POINT('',#11440);
#11440 = CARTESIAN_POINT('',(0.1,-12.45,1.25));
#11441 = LINE('',#11442,#11443);
#11442 = CARTESIAN_POINT('',(0.1,-12.95,1.25));
#11443 = VECTOR('',#11444,1.);
#11444 = DIRECTION('',(1.110223024625E-16,1.,0.));
#11445 = ORIENTED_EDGE('',*,*,#11446,.T.);
#11446 = EDGE_CURVE('',#11439,#11398,#11447,.T.);
#11447 = LINE('',#11448,#11449);
#11448 = CARTESIAN_POINT('',(0.1,-12.45,1.25));
#11449 = VECTOR('',#11450,1.);
#11450 = DIRECTION('',(0.,0.,1.));
#11451 = ORIENTED_EDGE('',*,*,#11405,.T.);
#11452 = ORIENTED_EDGE('',*,*,#9423,.F.);
#11453 = ORIENTED_EDGE('',*,*,#11317,.T.);
#11454 = PLANE('',#11455);
#11455 = AXIS2_PLACEMENT_3D('',#11456,#11457,#11458);
#11456 = CARTESIAN_POINT('',(0.1,-12.7,3.911477598424));
#11457 = DIRECTION('',(-1.,1.110223024625E-16,0.));
#11458 = DIRECTION('',(0.,0.,1.));
#11459 = ADVANCED_FACE('',(#11460),#11471,.T.);
#11460 = FACE_BOUND('',#11461,.T.);
#11461 = EDGE_LOOP('',(#11462,#11463,#11464,#11470));
#11462 = ORIENTED_EDGE('',*,*,#9511,.T.);
#11463 = ORIENTED_EDGE('',*,*,#11422,.T.);
#11464 = ORIENTED_EDGE('',*,*,#11465,.F.);
#11465 = EDGE_CURVE('',#11350,#11423,#11466,.T.);
#11466 = LINE('',#11467,#11468);
#11467 = CARTESIAN_POINT('',(-0.1,-12.95,7.35));
#11468 = VECTOR('',#11469,1.);
#11469 = DIRECTION('',(1.,-1.110223024625E-16,0.));
#11470 = ORIENTED_EDGE('',*,*,#11349,.F.);
#11471 = PLANE('',#11472);
#11472 = AXIS2_PLACEMENT_3D('',#11473,#11474,#11475);
#11473 = CARTESIAN_POINT('',(-0.1,-13.,7.4));
#11474 = DIRECTION('',(7.850462293414E-17,0.707106781187,0.707106781187)
  );
#11475 = DIRECTION('',(7.850462293414E-17,0.707106781187,-0.707106781187
    ));
#11476 = ADVANCED_FACE('',(#11477),#11488,.T.);
#11477 = FACE_BOUND('',#11478,.T.);
#11478 = EDGE_LOOP('',(#11479,#11480,#11481,#11482));
#11479 = ORIENTED_EDGE('',*,*,#9687,.T.);
#11480 = ORIENTED_EDGE('',*,*,#9550,.T.);
#11481 = ORIENTED_EDGE('',*,*,#9575,.T.);
#11482 = ORIENTED_EDGE('',*,*,#11483,.T.);
#11483 = EDGE_CURVE('',#9576,#9680,#11484,.T.);
#11484 = LINE('',#11485,#11486);
#11485 = CARTESIAN_POINT('',(0.1,-10.16,0.9));
#11486 = VECTOR('',#11487,1.);
#11487 = DIRECTION('',(-1.110223024625E-16,-1.,0.));
#11488 = PLANE('',#11489);
#11489 = AXIS2_PLACEMENT_3D('',#11490,#11491,#11492);
#11490 = CARTESIAN_POINT('',(-1.221661660722E-15,-10.16,0.9));
#11491 = DIRECTION('',(0.,0.,1.));
#11492 = DIRECTION('',(1.110223024625E-16,1.,-0.));
#11493 = ADVANCED_FACE('',(#11494),#11505,.T.);
#11494 = FACE_BOUND('',#11495,.T.);
#11495 = EDGE_LOOP('',(#11496,#11497,#11503,#11504));
#11496 = ORIENTED_EDGE('',*,*,#9655,.T.);
#11497 = ORIENTED_EDGE('',*,*,#11498,.F.);
#11498 = EDGE_CURVE('',#9600,#9656,#11499,.T.);
#11499 = LINE('',#11500,#11501);
#11500 = CARTESIAN_POINT('',(-0.1,-10.16,0.9));
#11501 = VECTOR('',#11502,1.);
#11502 = DIRECTION('',(-1.110223024625E-16,-1.,0.));
#11503 = ORIENTED_EDGE('',*,*,#9607,.T.);
#11504 = ORIENTED_EDGE('',*,*,#9630,.T.);
#11505 = PLANE('',#11506);
#11506 = AXIS2_PLACEMENT_3D('',#11507,#11508,#11509);
#11507 = CARTESIAN_POINT('',(-1.221661660722E-15,-10.16,0.9));
#11508 = DIRECTION('',(0.,0.,1.));
#11509 = DIRECTION('',(1.110223024625E-16,1.,-0.));
#11510 = ADVANCED_FACE('',(#11511),#11554,.T.);
#11511 = FACE_BOUND('',#11512,.T.);
#11512 = EDGE_LOOP('',(#11513,#11514,#11522,#11530,#11538,#11546,#11552,
    #11553));
#11513 = ORIENTED_EDGE('',*,*,#9663,.F.);
#11514 = ORIENTED_EDGE('',*,*,#11515,.T.);
#11515 = EDGE_CURVE('',#9664,#11516,#11518,.T.);
#11516 = VERTEX_POINT('',#11517);
#11517 = CARTESIAN_POINT('',(-0.1,-10.41,7.35));
#11518 = LINE('',#11519,#11520);
#11519 = CARTESIAN_POINT('',(-0.1,-10.46,7.4));
#11520 = VECTOR('',#11521,1.);
#11521 = DIRECTION('',(7.850462293414E-17,0.707106781187,-0.707106781187
    ));
#11522 = ORIENTED_EDGE('',*,*,#11523,.T.);
#11523 = EDGE_CURVE('',#11516,#11524,#11526,.T.);
#11524 = VERTEX_POINT('',#11525);
#11525 = CARTESIAN_POINT('',(-0.1,-10.41,1.25));
#11526 = LINE('',#11527,#11528);
#11527 = CARTESIAN_POINT('',(-0.1,-10.41,7.35));
#11528 = VECTOR('',#11529,1.);
#11529 = DIRECTION('',(0.,0.,-1.));
#11530 = ORIENTED_EDGE('',*,*,#11531,.T.);
#11531 = EDGE_CURVE('',#11524,#11532,#11534,.T.);
#11532 = VERTEX_POINT('',#11533);
#11533 = CARTESIAN_POINT('',(-0.1,-9.91,1.25));
#11534 = LINE('',#11535,#11536);
#11535 = CARTESIAN_POINT('',(-0.1,-10.41,1.25));
#11536 = VECTOR('',#11537,1.);
#11537 = DIRECTION('',(1.110223024625E-16,1.,0.));
#11538 = ORIENTED_EDGE('',*,*,#11539,.T.);
#11539 = EDGE_CURVE('',#11532,#11540,#11542,.T.);
#11540 = VERTEX_POINT('',#11541);
#11541 = CARTESIAN_POINT('',(-0.1,-9.91,7.35));
#11542 = LINE('',#11543,#11544);
#11543 = CARTESIAN_POINT('',(-0.1,-9.91,1.25));
#11544 = VECTOR('',#11545,1.);
#11545 = DIRECTION('',(0.,0.,1.));
#11546 = ORIENTED_EDGE('',*,*,#11547,.T.);
#11547 = EDGE_CURVE('',#11540,#9592,#11548,.T.);
#11548 = LINE('',#11549,#11550);
#11549 = CARTESIAN_POINT('',(-0.1,-9.91,7.35));
#11550 = VECTOR('',#11551,1.);
#11551 = DIRECTION('',(7.850462293414E-17,0.707106781187,0.707106781187)
  );
#11552 = ORIENTED_EDGE('',*,*,#9599,.F.);
#11553 = ORIENTED_EDGE('',*,*,#11498,.T.);
#11554 = PLANE('',#11555);
#11555 = AXIS2_PLACEMENT_3D('',#11556,#11557,#11558);
#11556 = CARTESIAN_POINT('',(-0.1,-10.16,3.911477598424));
#11557 = DIRECTION('',(-1.,1.110223024625E-16,0.));
#11558 = DIRECTION('',(0.,0.,1.));
#11559 = ADVANCED_FACE('',(#11560),#11578,.T.);
#11560 = FACE_BOUND('',#11561,.T.);
#11561 = EDGE_LOOP('',(#11562,#11570,#11576,#11577));
#11562 = ORIENTED_EDGE('',*,*,#11563,.T.);
#11563 = EDGE_CURVE('',#11540,#11564,#11566,.T.);
#11564 = VERTEX_POINT('',#11565);
#11565 = CARTESIAN_POINT('',(0.1,-9.91,7.35));
#11566 = LINE('',#11567,#11568);
#11567 = CARTESIAN_POINT('',(-0.1,-9.91,7.35));
#11568 = VECTOR('',#11569,1.);
#11569 = DIRECTION('',(1.,-1.110223024625E-16,0.));
#11570 = ORIENTED_EDGE('',*,*,#11571,.T.);
#11571 = EDGE_CURVE('',#11564,#9584,#11572,.T.);
#11572 = LINE('',#11573,#11574);
#11573 = CARTESIAN_POINT('',(0.1,-9.91,7.35));
#11574 = VECTOR('',#11575,1.);
#11575 = DIRECTION('',(7.850462293414E-17,0.707106781187,0.707106781187)
  );
#11576 = ORIENTED_EDGE('',*,*,#9591,.F.);
#11577 = ORIENTED_EDGE('',*,*,#11547,.F.);
#11578 = PLANE('',#11579);
#11579 = AXIS2_PLACEMENT_3D('',#11580,#11581,#11582);
#11580 = CARTESIAN_POINT('',(-0.1,-9.91,7.35));
#11581 = DIRECTION('',(-7.850462293414E-17,-0.707106781187,
    0.707106781187));
#11582 = DIRECTION('',(7.850462293414E-17,0.707106781187,0.707106781187)
  );
#11583 = ADVANCED_FACE('',(#11584),#11620,.F.);
#11584 = FACE_BOUND('',#11585,.F.);
#11585 = EDGE_LOOP('',(#11586,#11587,#11595,#11603,#11611,#11617,#11618,
    #11619));
#11586 = ORIENTED_EDGE('',*,*,#9679,.F.);
#11587 = ORIENTED_EDGE('',*,*,#11588,.T.);
#11588 = EDGE_CURVE('',#9672,#11589,#11591,.T.);
#11589 = VERTEX_POINT('',#11590);
#11590 = CARTESIAN_POINT('',(0.1,-10.41,7.35));
#11591 = LINE('',#11592,#11593);
#11592 = CARTESIAN_POINT('',(0.1,-10.46,7.4));
#11593 = VECTOR('',#11594,1.);
#11594 = DIRECTION('',(7.850462293414E-17,0.707106781187,-0.707106781187
    ));
#11595 = ORIENTED_EDGE('',*,*,#11596,.T.);
#11596 = EDGE_CURVE('',#11589,#11597,#11599,.T.);
#11597 = VERTEX_POINT('',#11598);
#11598 = CARTESIAN_POINT('',(0.1,-10.41,1.25));
#11599 = LINE('',#11600,#11601);
#11600 = CARTESIAN_POINT('',(0.1,-10.41,7.35));
#11601 = VECTOR('',#11602,1.);
#11602 = DIRECTION('',(0.,0.,-1.));
#11603 = ORIENTED_EDGE('',*,*,#11604,.T.);
#11604 = EDGE_CURVE('',#11597,#11605,#11607,.T.);
#11605 = VERTEX_POINT('',#11606);
#11606 = CARTESIAN_POINT('',(0.1,-9.91,1.25));
#11607 = LINE('',#11608,#11609);
#11608 = CARTESIAN_POINT('',(0.1,-10.41,1.25));
#11609 = VECTOR('',#11610,1.);
#11610 = DIRECTION('',(1.110223024625E-16,1.,0.));
#11611 = ORIENTED_EDGE('',*,*,#11612,.T.);
#11612 = EDGE_CURVE('',#11605,#11564,#11613,.T.);
#11613 = LINE('',#11614,#11615);
#11614 = CARTESIAN_POINT('',(0.1,-9.91,1.25));
#11615 = VECTOR('',#11616,1.);
#11616 = DIRECTION('',(0.,0.,1.));
#11617 = ORIENTED_EDGE('',*,*,#11571,.T.);
#11618 = ORIENTED_EDGE('',*,*,#9583,.F.);
#11619 = ORIENTED_EDGE('',*,*,#11483,.T.);
#11620 = PLANE('',#11621);
#11621 = AXIS2_PLACEMENT_3D('',#11622,#11623,#11624);
#11622 = CARTESIAN_POINT('',(0.1,-10.16,3.911477598424));
#11623 = DIRECTION('',(-1.,1.110223024625E-16,0.));
#11624 = DIRECTION('',(0.,0.,1.));
#11625 = ADVANCED_FACE('',(#11626),#11637,.T.);
#11626 = FACE_BOUND('',#11627,.T.);
#11627 = EDGE_LOOP('',(#11628,#11629,#11630,#11636));
#11628 = ORIENTED_EDGE('',*,*,#9671,.T.);
#11629 = ORIENTED_EDGE('',*,*,#11588,.T.);
#11630 = ORIENTED_EDGE('',*,*,#11631,.F.);
#11631 = EDGE_CURVE('',#11516,#11589,#11632,.T.);
#11632 = LINE('',#11633,#11634);
#11633 = CARTESIAN_POINT('',(-0.1,-10.41,7.35));
#11634 = VECTOR('',#11635,1.);
#11635 = DIRECTION('',(1.,-1.110223024625E-16,0.));
#11636 = ORIENTED_EDGE('',*,*,#11515,.F.);
#11637 = PLANE('',#11638);
#11638 = AXIS2_PLACEMENT_3D('',#11639,#11640,#11641);
#11639 = CARTESIAN_POINT('',(-0.1,-10.46,7.4));
#11640 = DIRECTION('',(7.850462293414E-17,0.707106781187,0.707106781187)
  );
#11641 = DIRECTION('',(7.850462293414E-17,0.707106781187,-0.707106781187
    ));
#11642 = ADVANCED_FACE('',(#11643),#11654,.T.);
#11643 = FACE_BOUND('',#11644,.T.);
#11644 = EDGE_LOOP('',(#11645,#11646,#11647,#11648));
#11645 = ORIENTED_EDGE('',*,*,#9847,.T.);
#11646 = ORIENTED_EDGE('',*,*,#9710,.T.);
#11647 = ORIENTED_EDGE('',*,*,#9735,.T.);
#11648 = ORIENTED_EDGE('',*,*,#11649,.T.);
#11649 = EDGE_CURVE('',#9736,#9840,#11650,.T.);
#11650 = LINE('',#11651,#11652);
#11651 = CARTESIAN_POINT('',(0.1,-7.62,0.9));
#11652 = VECTOR('',#11653,1.);
#11653 = DIRECTION('',(-1.110223024625E-16,-1.,0.));
#11654 = PLANE('',#11655);
#11655 = AXIS2_PLACEMENT_3D('',#11656,#11657,#11658);
#11656 = CARTESIAN_POINT('',(-9.396650124671E-16,-7.62,0.9));
#11657 = DIRECTION('',(0.,0.,1.));
#11658 = DIRECTION('',(1.110223024625E-16,1.,-0.));
#11659 = ADVANCED_FACE('',(#11660),#11671,.T.);
#11660 = FACE_BOUND('',#11661,.T.);
#11661 = EDGE_LOOP('',(#11662,#11663,#11669,#11670));
#11662 = ORIENTED_EDGE('',*,*,#9815,.T.);
#11663 = ORIENTED_EDGE('',*,*,#11664,.F.);
#11664 = EDGE_CURVE('',#9760,#9816,#11665,.T.);
#11665 = LINE('',#11666,#11667);
#11666 = CARTESIAN_POINT('',(-0.1,-7.62,0.9));
#11667 = VECTOR('',#11668,1.);
#11668 = DIRECTION('',(-1.110223024625E-16,-1.,0.));
#11669 = ORIENTED_EDGE('',*,*,#9767,.T.);
#11670 = ORIENTED_EDGE('',*,*,#9790,.T.);
#11671 = PLANE('',#11672);
#11672 = AXIS2_PLACEMENT_3D('',#11673,#11674,#11675);
#11673 = CARTESIAN_POINT('',(-9.396650124671E-16,-7.62,0.9));
#11674 = DIRECTION('',(0.,0.,1.));
#11675 = DIRECTION('',(1.110223024625E-16,1.,-0.));
#11676 = ADVANCED_FACE('',(#11677),#11720,.T.);
#11677 = FACE_BOUND('',#11678,.T.);
#11678 = EDGE_LOOP('',(#11679,#11680,#11688,#11696,#11704,#11712,#11718,
    #11719));
#11679 = ORIENTED_EDGE('',*,*,#9823,.F.);
#11680 = ORIENTED_EDGE('',*,*,#11681,.T.);
#11681 = EDGE_CURVE('',#9824,#11682,#11684,.T.);
#11682 = VERTEX_POINT('',#11683);
#11683 = CARTESIAN_POINT('',(-0.1,-7.87,7.35));
#11684 = LINE('',#11685,#11686);
#11685 = CARTESIAN_POINT('',(-0.1,-7.92,7.4));
#11686 = VECTOR('',#11687,1.);
#11687 = DIRECTION('',(7.850462293414E-17,0.707106781187,-0.707106781187
    ));
#11688 = ORIENTED_EDGE('',*,*,#11689,.T.);
#11689 = EDGE_CURVE('',#11682,#11690,#11692,.T.);
#11690 = VERTEX_POINT('',#11691);
#11691 = CARTESIAN_POINT('',(-0.1,-7.87,1.25));
#11692 = LINE('',#11693,#11694);
#11693 = CARTESIAN_POINT('',(-0.1,-7.87,7.35));
#11694 = VECTOR('',#11695,1.);
#11695 = DIRECTION('',(0.,0.,-1.));
#11696 = ORIENTED_EDGE('',*,*,#11697,.T.);
#11697 = EDGE_CURVE('',#11690,#11698,#11700,.T.);
#11698 = VERTEX_POINT('',#11699);
#11699 = CARTESIAN_POINT('',(-0.1,-7.37,1.25));
#11700 = LINE('',#11701,#11702);
#11701 = CARTESIAN_POINT('',(-0.1,-7.87,1.25));
#11702 = VECTOR('',#11703,1.);
#11703 = DIRECTION('',(1.110223024625E-16,1.,0.));
#11704 = ORIENTED_EDGE('',*,*,#11705,.T.);
#11705 = EDGE_CURVE('',#11698,#11706,#11708,.T.);
#11706 = VERTEX_POINT('',#11707);
#11707 = CARTESIAN_POINT('',(-0.1,-7.37,7.35));
#11708 = LINE('',#11709,#11710);
#11709 = CARTESIAN_POINT('',(-0.1,-7.37,1.25));
#11710 = VECTOR('',#11711,1.);
#11711 = DIRECTION('',(0.,0.,1.));
#11712 = ORIENTED_EDGE('',*,*,#11713,.T.);
#11713 = EDGE_CURVE('',#11706,#9752,#11714,.T.);
#11714 = LINE('',#11715,#11716);
#11715 = CARTESIAN_POINT('',(-0.1,-7.37,7.35));
#11716 = VECTOR('',#11717,1.);
#11717 = DIRECTION('',(7.850462293414E-17,0.707106781187,0.707106781187)
  );
#11718 = ORIENTED_EDGE('',*,*,#9759,.F.);
#11719 = ORIENTED_EDGE('',*,*,#11664,.T.);
#11720 = PLANE('',#11721);
#11721 = AXIS2_PLACEMENT_3D('',#11722,#11723,#11724);
#11722 = CARTESIAN_POINT('',(-0.1,-7.62,3.911477598424));
#11723 = DIRECTION('',(-1.,1.110223024625E-16,0.));
#11724 = DIRECTION('',(0.,0.,1.));
#11725 = ADVANCED_FACE('',(#11726),#11744,.T.);
#11726 = FACE_BOUND('',#11727,.T.);
#11727 = EDGE_LOOP('',(#11728,#11736,#11742,#11743));
#11728 = ORIENTED_EDGE('',*,*,#11729,.T.);
#11729 = EDGE_CURVE('',#11706,#11730,#11732,.T.);
#11730 = VERTEX_POINT('',#11731);
#11731 = CARTESIAN_POINT('',(0.1,-7.37,7.35));
#11732 = LINE('',#11733,#11734);
#11733 = CARTESIAN_POINT('',(-0.1,-7.37,7.35));
#11734 = VECTOR('',#11735,1.);
#11735 = DIRECTION('',(1.,-1.110223024625E-16,0.));
#11736 = ORIENTED_EDGE('',*,*,#11737,.T.);
#11737 = EDGE_CURVE('',#11730,#9744,#11738,.T.);
#11738 = LINE('',#11739,#11740);
#11739 = CARTESIAN_POINT('',(0.1,-7.37,7.35));
#11740 = VECTOR('',#11741,1.);
#11741 = DIRECTION('',(7.850462293414E-17,0.707106781187,0.707106781187)
  );
#11742 = ORIENTED_EDGE('',*,*,#9751,.F.);
#11743 = ORIENTED_EDGE('',*,*,#11713,.F.);
#11744 = PLANE('',#11745);
#11745 = AXIS2_PLACEMENT_3D('',#11746,#11747,#11748);
#11746 = CARTESIAN_POINT('',(-0.1,-7.37,7.35));
#11747 = DIRECTION('',(-7.850462293414E-17,-0.707106781187,
    0.707106781187));
#11748 = DIRECTION('',(7.850462293414E-17,0.707106781187,0.707106781187)
  );
#11749 = ADVANCED_FACE('',(#11750),#11786,.F.);
#11750 = FACE_BOUND('',#11751,.F.);
#11751 = EDGE_LOOP('',(#11752,#11753,#11761,#11769,#11777,#11783,#11784,
    #11785));
#11752 = ORIENTED_EDGE('',*,*,#9839,.F.);
#11753 = ORIENTED_EDGE('',*,*,#11754,.T.);
#11754 = EDGE_CURVE('',#9832,#11755,#11757,.T.);
#11755 = VERTEX_POINT('',#11756);
#11756 = CARTESIAN_POINT('',(0.1,-7.87,7.35));
#11757 = LINE('',#11758,#11759);
#11758 = CARTESIAN_POINT('',(0.1,-7.92,7.4));
#11759 = VECTOR('',#11760,1.);
#11760 = DIRECTION('',(7.850462293414E-17,0.707106781187,-0.707106781187
    ));
#11761 = ORIENTED_EDGE('',*,*,#11762,.T.);
#11762 = EDGE_CURVE('',#11755,#11763,#11765,.T.);
#11763 = VERTEX_POINT('',#11764);
#11764 = CARTESIAN_POINT('',(0.1,-7.87,1.25));
#11765 = LINE('',#11766,#11767);
#11766 = CARTESIAN_POINT('',(0.1,-7.87,7.35));
#11767 = VECTOR('',#11768,1.);
#11768 = DIRECTION('',(0.,0.,-1.));
#11769 = ORIENTED_EDGE('',*,*,#11770,.T.);
#11770 = EDGE_CURVE('',#11763,#11771,#11773,.T.);
#11771 = VERTEX_POINT('',#11772);
#11772 = CARTESIAN_POINT('',(0.1,-7.37,1.25));
#11773 = LINE('',#11774,#11775);
#11774 = CARTESIAN_POINT('',(0.1,-7.87,1.25));
#11775 = VECTOR('',#11776,1.);
#11776 = DIRECTION('',(1.110223024625E-16,1.,0.));
#11777 = ORIENTED_EDGE('',*,*,#11778,.T.);
#11778 = EDGE_CURVE('',#11771,#11730,#11779,.T.);
#11779 = LINE('',#11780,#11781);
#11780 = CARTESIAN_POINT('',(0.1,-7.37,1.25));
#11781 = VECTOR('',#11782,1.);
#11782 = DIRECTION('',(0.,0.,1.));
#11783 = ORIENTED_EDGE('',*,*,#11737,.T.);
#11784 = ORIENTED_EDGE('',*,*,#9743,.F.);
#11785 = ORIENTED_EDGE('',*,*,#11649,.T.);
#11786 = PLANE('',#11787);
#11787 = AXIS2_PLACEMENT_3D('',#11788,#11789,#11790);
#11788 = CARTESIAN_POINT('',(0.1,-7.62,3.911477598424));
#11789 = DIRECTION('',(-1.,1.110223024625E-16,0.));
#11790 = DIRECTION('',(0.,0.,1.));
#11791 = ADVANCED_FACE('',(#11792),#11803,.T.);
#11792 = FACE_BOUND('',#11793,.T.);
#11793 = EDGE_LOOP('',(#11794,#11795,#11796,#11802));
#11794 = ORIENTED_EDGE('',*,*,#9831,.T.);
#11795 = ORIENTED_EDGE('',*,*,#11754,.T.);
#11796 = ORIENTED_EDGE('',*,*,#11797,.F.);
#11797 = EDGE_CURVE('',#11682,#11755,#11798,.T.);
#11798 = LINE('',#11799,#11800);
#11799 = CARTESIAN_POINT('',(-0.1,-7.87,7.35));
#11800 = VECTOR('',#11801,1.);
#11801 = DIRECTION('',(1.,-1.110223024625E-16,0.));
#11802 = ORIENTED_EDGE('',*,*,#11681,.F.);
#11803 = PLANE('',#11804);
#11804 = AXIS2_PLACEMENT_3D('',#11805,#11806,#11807);
#11805 = CARTESIAN_POINT('',(-0.1,-7.92,7.4));
#11806 = DIRECTION('',(7.850462293414E-17,0.707106781187,0.707106781187)
  );
#11807 = DIRECTION('',(7.850462293414E-17,0.707106781187,-0.707106781187
    ));
#11808 = ADVANCED_FACE('',(#11809),#11820,.T.);
#11809 = FACE_BOUND('',#11810,.T.);
#11810 = EDGE_LOOP('',(#11811,#11812,#11813,#11814));
#11811 = ORIENTED_EDGE('',*,*,#10007,.T.);
#11812 = ORIENTED_EDGE('',*,*,#9870,.T.);
#11813 = ORIENTED_EDGE('',*,*,#9895,.T.);
#11814 = ORIENTED_EDGE('',*,*,#11815,.T.);
#11815 = EDGE_CURVE('',#9896,#10000,#11816,.T.);
#11816 = LINE('',#11817,#11818);
#11817 = CARTESIAN_POINT('',(0.1,-5.08,0.9));
#11818 = VECTOR('',#11819,1.);
#11819 = DIRECTION('',(-1.110223024625E-16,-1.,0.));
#11820 = PLANE('',#11821);
#11821 = AXIS2_PLACEMENT_3D('',#11822,#11823,#11824);
#11822 = CARTESIAN_POINT('',(-6.576683642123E-16,-5.08,0.9));
#11823 = DIRECTION('',(0.,0.,1.));
#11824 = DIRECTION('',(1.110223024625E-16,1.,-0.));
#11825 = ADVANCED_FACE('',(#11826),#11837,.T.);
#11826 = FACE_BOUND('',#11827,.T.);
#11827 = EDGE_LOOP('',(#11828,#11829,#11835,#11836));
#11828 = ORIENTED_EDGE('',*,*,#9975,.T.);
#11829 = ORIENTED_EDGE('',*,*,#11830,.F.);
#11830 = EDGE_CURVE('',#9920,#9976,#11831,.T.);
#11831 = LINE('',#11832,#11833);
#11832 = CARTESIAN_POINT('',(-0.1,-5.08,0.9));
#11833 = VECTOR('',#11834,1.);
#11834 = DIRECTION('',(-1.110223024625E-16,-1.,0.));
#11835 = ORIENTED_EDGE('',*,*,#9927,.T.);
#11836 = ORIENTED_EDGE('',*,*,#9950,.T.);
#11837 = PLANE('',#11838);
#11838 = AXIS2_PLACEMENT_3D('',#11839,#11840,#11841);
#11839 = CARTESIAN_POINT('',(-6.576683642123E-16,-5.08,0.9));
#11840 = DIRECTION('',(0.,0.,1.));
#11841 = DIRECTION('',(1.110223024625E-16,1.,-0.));
#11842 = ADVANCED_FACE('',(#11843),#11886,.T.);
#11843 = FACE_BOUND('',#11844,.T.);
#11844 = EDGE_LOOP('',(#11845,#11846,#11854,#11862,#11870,#11878,#11884,
    #11885));
#11845 = ORIENTED_EDGE('',*,*,#9983,.F.);
#11846 = ORIENTED_EDGE('',*,*,#11847,.T.);
#11847 = EDGE_CURVE('',#9984,#11848,#11850,.T.);
#11848 = VERTEX_POINT('',#11849);
#11849 = CARTESIAN_POINT('',(-0.1,-5.33,7.35));
#11850 = LINE('',#11851,#11852);
#11851 = CARTESIAN_POINT('',(-0.1,-5.38,7.4));
#11852 = VECTOR('',#11853,1.);
#11853 = DIRECTION('',(7.850462293414E-17,0.707106781187,-0.707106781187
    ));
#11854 = ORIENTED_EDGE('',*,*,#11855,.T.);
#11855 = EDGE_CURVE('',#11848,#11856,#11858,.T.);
#11856 = VERTEX_POINT('',#11857);
#11857 = CARTESIAN_POINT('',(-0.1,-5.33,1.25));
#11858 = LINE('',#11859,#11860);
#11859 = CARTESIAN_POINT('',(-0.1,-5.33,7.35));
#11860 = VECTOR('',#11861,1.);
#11861 = DIRECTION('',(0.,0.,-1.));
#11862 = ORIENTED_EDGE('',*,*,#11863,.T.);
#11863 = EDGE_CURVE('',#11856,#11864,#11866,.T.);
#11864 = VERTEX_POINT('',#11865);
#11865 = CARTESIAN_POINT('',(-0.1,-4.83,1.25));
#11866 = LINE('',#11867,#11868);
#11867 = CARTESIAN_POINT('',(-0.1,-5.33,1.25));
#11868 = VECTOR('',#11869,1.);
#11869 = DIRECTION('',(1.110223024625E-16,1.,0.));
#11870 = ORIENTED_EDGE('',*,*,#11871,.T.);
#11871 = EDGE_CURVE('',#11864,#11872,#11874,.T.);
#11872 = VERTEX_POINT('',#11873);
#11873 = CARTESIAN_POINT('',(-0.1,-4.83,7.35));
#11874 = LINE('',#11875,#11876);
#11875 = CARTESIAN_POINT('',(-0.1,-4.83,1.25));
#11876 = VECTOR('',#11877,1.);
#11877 = DIRECTION('',(0.,0.,1.));
#11878 = ORIENTED_EDGE('',*,*,#11879,.T.);
#11879 = EDGE_CURVE('',#11872,#9912,#11880,.T.);
#11880 = LINE('',#11881,#11882);
#11881 = CARTESIAN_POINT('',(-0.1,-4.83,7.35));
#11882 = VECTOR('',#11883,1.);
#11883 = DIRECTION('',(7.850462293414E-17,0.707106781187,0.707106781187)
  );
#11884 = ORIENTED_EDGE('',*,*,#9919,.F.);
#11885 = ORIENTED_EDGE('',*,*,#11830,.T.);
#11886 = PLANE('',#11887);
#11887 = AXIS2_PLACEMENT_3D('',#11888,#11889,#11890);
#11888 = CARTESIAN_POINT('',(-0.1,-5.08,3.911477598424));
#11889 = DIRECTION('',(-1.,1.110223024625E-16,0.));
#11890 = DIRECTION('',(0.,0.,1.));
#11891 = ADVANCED_FACE('',(#11892),#11910,.T.);
#11892 = FACE_BOUND('',#11893,.T.);
#11893 = EDGE_LOOP('',(#11894,#11902,#11908,#11909));
#11894 = ORIENTED_EDGE('',*,*,#11895,.T.);
#11895 = EDGE_CURVE('',#11872,#11896,#11898,.T.);
#11896 = VERTEX_POINT('',#11897);
#11897 = CARTESIAN_POINT('',(0.1,-4.83,7.35));
#11898 = LINE('',#11899,#11900);
#11899 = CARTESIAN_POINT('',(-0.1,-4.83,7.35));
#11900 = VECTOR('',#11901,1.);
#11901 = DIRECTION('',(1.,-1.110223024625E-16,0.));
#11902 = ORIENTED_EDGE('',*,*,#11903,.T.);
#11903 = EDGE_CURVE('',#11896,#9904,#11904,.T.);
#11904 = LINE('',#11905,#11906);
#11905 = CARTESIAN_POINT('',(0.1,-4.83,7.35));
#11906 = VECTOR('',#11907,1.);
#11907 = DIRECTION('',(7.850462293414E-17,0.707106781187,0.707106781187)
  );
#11908 = ORIENTED_EDGE('',*,*,#9911,.F.);
#11909 = ORIENTED_EDGE('',*,*,#11879,.F.);
#11910 = PLANE('',#11911);
#11911 = AXIS2_PLACEMENT_3D('',#11912,#11913,#11914);
#11912 = CARTESIAN_POINT('',(-0.1,-4.83,7.35));
#11913 = DIRECTION('',(-7.850462293414E-17,-0.707106781187,
    0.707106781187));
#11914 = DIRECTION('',(7.850462293414E-17,0.707106781187,0.707106781187)
  );
#11915 = ADVANCED_FACE('',(#11916),#11952,.F.);
#11916 = FACE_BOUND('',#11917,.F.);
#11917 = EDGE_LOOP('',(#11918,#11919,#11927,#11935,#11943,#11949,#11950,
    #11951));
#11918 = ORIENTED_EDGE('',*,*,#9999,.F.);
#11919 = ORIENTED_EDGE('',*,*,#11920,.T.);
#11920 = EDGE_CURVE('',#9992,#11921,#11923,.T.);
#11921 = VERTEX_POINT('',#11922);
#11922 = CARTESIAN_POINT('',(0.1,-5.33,7.35));
#11923 = LINE('',#11924,#11925);
#11924 = CARTESIAN_POINT('',(0.1,-5.38,7.4));
#11925 = VECTOR('',#11926,1.);
#11926 = DIRECTION('',(7.850462293414E-17,0.707106781187,-0.707106781187
    ));
#11927 = ORIENTED_EDGE('',*,*,#11928,.T.);
#11928 = EDGE_CURVE('',#11921,#11929,#11931,.T.);
#11929 = VERTEX_POINT('',#11930);
#11930 = CARTESIAN_POINT('',(0.1,-5.33,1.25));
#11931 = LINE('',#11932,#11933);
#11932 = CARTESIAN_POINT('',(0.1,-5.33,7.35));
#11933 = VECTOR('',#11934,1.);
#11934 = DIRECTION('',(0.,0.,-1.));
#11935 = ORIENTED_EDGE('',*,*,#11936,.T.);
#11936 = EDGE_CURVE('',#11929,#11937,#11939,.T.);
#11937 = VERTEX_POINT('',#11938);
#11938 = CARTESIAN_POINT('',(0.1,-4.83,1.25));
#11939 = LINE('',#11940,#11941);
#11940 = CARTESIAN_POINT('',(0.1,-5.33,1.25));
#11941 = VECTOR('',#11942,1.);
#11942 = DIRECTION('',(1.110223024625E-16,1.,0.));
#11943 = ORIENTED_EDGE('',*,*,#11944,.T.);
#11944 = EDGE_CURVE('',#11937,#11896,#11945,.T.);
#11945 = LINE('',#11946,#11947);
#11946 = CARTESIAN_POINT('',(0.1,-4.83,1.25));
#11947 = VECTOR('',#11948,1.);
#11948 = DIRECTION('',(0.,0.,1.));
#11949 = ORIENTED_EDGE('',*,*,#11903,.T.);
#11950 = ORIENTED_EDGE('',*,*,#9903,.F.);
#11951 = ORIENTED_EDGE('',*,*,#11815,.T.);
#11952 = PLANE('',#11953);
#11953 = AXIS2_PLACEMENT_3D('',#11954,#11955,#11956);
#11954 = CARTESIAN_POINT('',(0.1,-5.08,3.911477598424));
#11955 = DIRECTION('',(-1.,1.110223024625E-16,0.));
#11956 = DIRECTION('',(0.,0.,1.));
#11957 = ADVANCED_FACE('',(#11958),#11969,.T.);
#11958 = FACE_BOUND('',#11959,.T.);
#11959 = EDGE_LOOP('',(#11960,#11961,#11962,#11968));
#11960 = ORIENTED_EDGE('',*,*,#9991,.T.);
#11961 = ORIENTED_EDGE('',*,*,#11920,.T.);
#11962 = ORIENTED_EDGE('',*,*,#11963,.F.);
#11963 = EDGE_CURVE('',#11848,#11921,#11964,.T.);
#11964 = LINE('',#11965,#11966);
#11965 = CARTESIAN_POINT('',(-0.1,-5.33,7.35));
#11966 = VECTOR('',#11967,1.);
#11967 = DIRECTION('',(1.,-1.110223024625E-16,0.));
#11968 = ORIENTED_EDGE('',*,*,#11847,.F.);
#11969 = PLANE('',#11970);
#11970 = AXIS2_PLACEMENT_3D('',#11971,#11972,#11973);
#11971 = CARTESIAN_POINT('',(-0.1,-5.38,7.4));
#11972 = DIRECTION('',(7.850462293414E-17,0.707106781187,0.707106781187)
  );
#11973 = DIRECTION('',(7.850462293414E-17,0.707106781187,-0.707106781187
    ));
#11974 = ADVANCED_FACE('',(#11975),#11986,.T.);
#11975 = FACE_BOUND('',#11976,.T.);
#11976 = EDGE_LOOP('',(#11977,#11978,#11979,#11980));
#11977 = ORIENTED_EDGE('',*,*,#10167,.T.);
#11978 = ORIENTED_EDGE('',*,*,#10030,.T.);
#11979 = ORIENTED_EDGE('',*,*,#10055,.T.);
#11980 = ORIENTED_EDGE('',*,*,#11981,.T.);
#11981 = EDGE_CURVE('',#10056,#10160,#11982,.T.);
#11982 = LINE('',#11983,#11984);
#11983 = CARTESIAN_POINT('',(0.1,-2.54,0.9));
#11984 = VECTOR('',#11985,1.);
#11985 = DIRECTION('',(-1.110223024625E-16,-1.,0.));
#11986 = PLANE('',#11987);
#11987 = AXIS2_PLACEMENT_3D('',#11988,#11989,#11990);
#11988 = CARTESIAN_POINT('',(-3.756717159575E-16,-2.54,0.9));
#11989 = DIRECTION('',(0.,0.,1.));
#11990 = DIRECTION('',(1.110223024625E-16,1.,-0.));
#11991 = ADVANCED_FACE('',(#11992),#12003,.T.);
#11992 = FACE_BOUND('',#11993,.T.);
#11993 = EDGE_LOOP('',(#11994,#11995,#12001,#12002));
#11994 = ORIENTED_EDGE('',*,*,#10135,.T.);
#11995 = ORIENTED_EDGE('',*,*,#11996,.F.);
#11996 = EDGE_CURVE('',#10080,#10136,#11997,.T.);
#11997 = LINE('',#11998,#11999);
#11998 = CARTESIAN_POINT('',(-0.1,-2.54,0.9));
#11999 = VECTOR('',#12000,1.);
#12000 = DIRECTION('',(-1.110223024625E-16,-1.,0.));
#12001 = ORIENTED_EDGE('',*,*,#10087,.T.);
#12002 = ORIENTED_EDGE('',*,*,#10110,.T.);
#12003 = PLANE('',#12004);
#12004 = AXIS2_PLACEMENT_3D('',#12005,#12006,#12007);
#12005 = CARTESIAN_POINT('',(-3.756717159575E-16,-2.54,0.9));
#12006 = DIRECTION('',(0.,0.,1.));
#12007 = DIRECTION('',(1.110223024625E-16,1.,-0.));
#12008 = ADVANCED_FACE('',(#12009),#12052,.T.);
#12009 = FACE_BOUND('',#12010,.T.);
#12010 = EDGE_LOOP('',(#12011,#12012,#12020,#12028,#12036,#12044,#12050,
    #12051));
#12011 = ORIENTED_EDGE('',*,*,#10143,.F.);
#12012 = ORIENTED_EDGE('',*,*,#12013,.T.);
#12013 = EDGE_CURVE('',#10144,#12014,#12016,.T.);
#12014 = VERTEX_POINT('',#12015);
#12015 = CARTESIAN_POINT('',(-0.1,-2.79,7.35));
#12016 = LINE('',#12017,#12018);
#12017 = CARTESIAN_POINT('',(-0.1,-2.84,7.4));
#12018 = VECTOR('',#12019,1.);
#12019 = DIRECTION('',(7.850462293414E-17,0.707106781187,-0.707106781187
    ));
#12020 = ORIENTED_EDGE('',*,*,#12021,.T.);
#12021 = EDGE_CURVE('',#12014,#12022,#12024,.T.);
#12022 = VERTEX_POINT('',#12023);
#12023 = CARTESIAN_POINT('',(-0.1,-2.79,1.25));
#12024 = LINE('',#12025,#12026);
#12025 = CARTESIAN_POINT('',(-0.1,-2.79,7.35));
#12026 = VECTOR('',#12027,1.);
#12027 = DIRECTION('',(0.,0.,-1.));
#12028 = ORIENTED_EDGE('',*,*,#12029,.T.);
#12029 = EDGE_CURVE('',#12022,#12030,#12032,.T.);
#12030 = VERTEX_POINT('',#12031);
#12031 = CARTESIAN_POINT('',(-0.1,-2.29,1.25));
#12032 = LINE('',#12033,#12034);
#12033 = CARTESIAN_POINT('',(-0.1,-2.79,1.25));
#12034 = VECTOR('',#12035,1.);
#12035 = DIRECTION('',(1.110223024625E-16,1.,0.));
#12036 = ORIENTED_EDGE('',*,*,#12037,.T.);
#12037 = EDGE_CURVE('',#12030,#12038,#12040,.T.);
#12038 = VERTEX_POINT('',#12039);
#12039 = CARTESIAN_POINT('',(-0.1,-2.29,7.35));
#12040 = LINE('',#12041,#12042);
#12041 = CARTESIAN_POINT('',(-0.1,-2.29,1.25));
#12042 = VECTOR('',#12043,1.);
#12043 = DIRECTION('',(0.,0.,1.));
#12044 = ORIENTED_EDGE('',*,*,#12045,.T.);
#12045 = EDGE_CURVE('',#12038,#10072,#12046,.T.);
#12046 = LINE('',#12047,#12048);
#12047 = CARTESIAN_POINT('',(-0.1,-2.29,7.35));
#12048 = VECTOR('',#12049,1.);
#12049 = DIRECTION('',(7.850462293414E-17,0.707106781187,0.707106781187)
  );
#12050 = ORIENTED_EDGE('',*,*,#10079,.F.);
#12051 = ORIENTED_EDGE('',*,*,#11996,.T.);
#12052 = PLANE('',#12053);
#12053 = AXIS2_PLACEMENT_3D('',#12054,#12055,#12056);
#12054 = CARTESIAN_POINT('',(-0.1,-2.54,3.911477598424));
#12055 = DIRECTION('',(-1.,1.110223024625E-16,0.));
#12056 = DIRECTION('',(0.,0.,1.));
#12057 = ADVANCED_FACE('',(#12058),#12076,.T.);
#12058 = FACE_BOUND('',#12059,.T.);
#12059 = EDGE_LOOP('',(#12060,#12068,#12074,#12075));
#12060 = ORIENTED_EDGE('',*,*,#12061,.T.);
#12061 = EDGE_CURVE('',#12038,#12062,#12064,.T.);
#12062 = VERTEX_POINT('',#12063);
#12063 = CARTESIAN_POINT('',(0.1,-2.29,7.35));
#12064 = LINE('',#12065,#12066);
#12065 = CARTESIAN_POINT('',(-0.1,-2.29,7.35));
#12066 = VECTOR('',#12067,1.);
#12067 = DIRECTION('',(1.,-1.110223024625E-16,0.));
#12068 = ORIENTED_EDGE('',*,*,#12069,.T.);
#12069 = EDGE_CURVE('',#12062,#10064,#12070,.T.);
#12070 = LINE('',#12071,#12072);
#12071 = CARTESIAN_POINT('',(0.1,-2.29,7.35));
#12072 = VECTOR('',#12073,1.);
#12073 = DIRECTION('',(7.850462293414E-17,0.707106781187,0.707106781187)
  );
#12074 = ORIENTED_EDGE('',*,*,#10071,.F.);
#12075 = ORIENTED_EDGE('',*,*,#12045,.F.);
#12076 = PLANE('',#12077);
#12077 = AXIS2_PLACEMENT_3D('',#12078,#12079,#12080);
#12078 = CARTESIAN_POINT('',(-0.1,-2.29,7.35));
#12079 = DIRECTION('',(-7.850462293414E-17,-0.707106781187,
    0.707106781187));
#12080 = DIRECTION('',(7.850462293414E-17,0.707106781187,0.707106781187)
  );
#12081 = ADVANCED_FACE('',(#12082),#12118,.F.);
#12082 = FACE_BOUND('',#12083,.F.);
#12083 = EDGE_LOOP('',(#12084,#12085,#12093,#12101,#12109,#12115,#12116,
    #12117));
#12084 = ORIENTED_EDGE('',*,*,#10159,.F.);
#12085 = ORIENTED_EDGE('',*,*,#12086,.T.);
#12086 = EDGE_CURVE('',#10152,#12087,#12089,.T.);
#12087 = VERTEX_POINT('',#12088);
#12088 = CARTESIAN_POINT('',(0.1,-2.79,7.35));
#12089 = LINE('',#12090,#12091);
#12090 = CARTESIAN_POINT('',(0.1,-2.84,7.4));
#12091 = VECTOR('',#12092,1.);
#12092 = DIRECTION('',(7.850462293414E-17,0.707106781187,-0.707106781187
    ));
#12093 = ORIENTED_EDGE('',*,*,#12094,.T.);
#12094 = EDGE_CURVE('',#12087,#12095,#12097,.T.);
#12095 = VERTEX_POINT('',#12096);
#12096 = CARTESIAN_POINT('',(0.1,-2.79,1.25));
#12097 = LINE('',#12098,#12099);
#12098 = CARTESIAN_POINT('',(0.1,-2.79,7.35));
#12099 = VECTOR('',#12100,1.);
#12100 = DIRECTION('',(0.,0.,-1.));
#12101 = ORIENTED_EDGE('',*,*,#12102,.T.);
#12102 = EDGE_CURVE('',#12095,#12103,#12105,.T.);
#12103 = VERTEX_POINT('',#12104);
#12104 = CARTESIAN_POINT('',(0.1,-2.29,1.25));
#12105 = LINE('',#12106,#12107);
#12106 = CARTESIAN_POINT('',(0.1,-2.79,1.25));
#12107 = VECTOR('',#12108,1.);
#12108 = DIRECTION('',(1.110223024625E-16,1.,0.));
#12109 = ORIENTED_EDGE('',*,*,#12110,.T.);
#12110 = EDGE_CURVE('',#12103,#12062,#12111,.T.);
#12111 = LINE('',#12112,#12113);
#12112 = CARTESIAN_POINT('',(0.1,-2.29,1.25));
#12113 = VECTOR('',#12114,1.);
#12114 = DIRECTION('',(0.,0.,1.));
#12115 = ORIENTED_EDGE('',*,*,#12069,.T.);
#12116 = ORIENTED_EDGE('',*,*,#10063,.F.);
#12117 = ORIENTED_EDGE('',*,*,#11981,.T.);
#12118 = PLANE('',#12119);
#12119 = AXIS2_PLACEMENT_3D('',#12120,#12121,#12122);
#12120 = CARTESIAN_POINT('',(0.1,-2.54,3.911477598424));
#12121 = DIRECTION('',(-1.,1.110223024625E-16,0.));
#12122 = DIRECTION('',(0.,0.,1.));
#12123 = ADVANCED_FACE('',(#12124),#12135,.T.);
#12124 = FACE_BOUND('',#12125,.T.);
#12125 = EDGE_LOOP('',(#12126,#12127,#12128,#12134));
#12126 = ORIENTED_EDGE('',*,*,#10151,.T.);
#12127 = ORIENTED_EDGE('',*,*,#12086,.T.);
#12128 = ORIENTED_EDGE('',*,*,#12129,.F.);
#12129 = EDGE_CURVE('',#12014,#12087,#12130,.T.);
#12130 = LINE('',#12131,#12132);
#12131 = CARTESIAN_POINT('',(-0.1,-2.79,7.35));
#12132 = VECTOR('',#12133,1.);
#12133 = DIRECTION('',(1.,-1.110223024625E-16,0.));
#12134 = ORIENTED_EDGE('',*,*,#12013,.F.);
#12135 = PLANE('',#12136);
#12136 = AXIS2_PLACEMENT_3D('',#12137,#12138,#12139);
#12137 = CARTESIAN_POINT('',(-0.1,-2.84,7.4));
#12138 = DIRECTION('',(7.850462293414E-17,0.707106781187,0.707106781187)
  );
#12139 = DIRECTION('',(7.850462293414E-17,0.707106781187,-0.707106781187
    ));
#12140 = ADVANCED_FACE('',(#12141),#12152,.T.);
#12141 = FACE_BOUND('',#12142,.T.);
#12142 = EDGE_LOOP('',(#12143,#12144,#12145,#12146));
#12143 = ORIENTED_EDGE('',*,*,#10327,.T.);
#12144 = ORIENTED_EDGE('',*,*,#10190,.T.);
#12145 = ORIENTED_EDGE('',*,*,#10215,.T.);
#12146 = ORIENTED_EDGE('',*,*,#12147,.T.);
#12147 = EDGE_CURVE('',#10216,#10320,#12148,.T.);
#12148 = LINE('',#12149,#12150);
#12149 = CARTESIAN_POINT('',(0.1,8.770761894539E-16,0.9));
#12150 = VECTOR('',#12151,1.);
#12151 = DIRECTION('',(-1.110223024625E-16,-1.,0.));
#12152 = PLANE('',#12153);
#12153 = AXIS2_PLACEMENT_3D('',#12154,#12155,#12156);
#12154 = CARTESIAN_POINT('',(-9.367506770275E-17,1.7763568394E-15,0.9));
#12155 = DIRECTION('',(0.,0.,1.));
#12156 = DIRECTION('',(1.110223024625E-16,1.,-0.));
#12157 = ADVANCED_FACE('',(#12158),#12169,.T.);
#12158 = FACE_BOUND('',#12159,.T.);
#12159 = EDGE_LOOP('',(#12160,#12161,#12167,#12168));
#12160 = ORIENTED_EDGE('',*,*,#10295,.T.);
#12161 = ORIENTED_EDGE('',*,*,#12162,.F.);
#12162 = EDGE_CURVE('',#10240,#10296,#12163,.T.);
#12163 = LINE('',#12164,#12165);
#12164 = CARTESIAN_POINT('',(-0.1,8.992806499464E-16,0.9));
#12165 = VECTOR('',#12166,1.);
#12166 = DIRECTION('',(-1.110223024625E-16,-1.,0.));
#12167 = ORIENTED_EDGE('',*,*,#10247,.T.);
#12168 = ORIENTED_EDGE('',*,*,#10270,.T.);
#12169 = PLANE('',#12170);
#12170 = AXIS2_PLACEMENT_3D('',#12171,#12172,#12173);
#12171 = CARTESIAN_POINT('',(-9.367506770275E-17,1.7763568394E-15,0.9));
#12172 = DIRECTION('',(0.,0.,1.));
#12173 = DIRECTION('',(1.110223024625E-16,1.,-0.));
#12174 = ADVANCED_FACE('',(#12175),#12218,.T.);
#12175 = FACE_BOUND('',#12176,.T.);
#12176 = EDGE_LOOP('',(#12177,#12178,#12186,#12194,#12202,#12210,#12216,
    #12217));
#12177 = ORIENTED_EDGE('',*,*,#10303,.F.);
#12178 = ORIENTED_EDGE('',*,*,#12179,.T.);
#12179 = EDGE_CURVE('',#10304,#12180,#12182,.T.);
#12180 = VERTEX_POINT('',#12181);
#12181 = CARTESIAN_POINT('',(-0.1,-0.25,7.35));
#12182 = LINE('',#12183,#12184);
#12183 = CARTESIAN_POINT('',(-0.1,-0.3,7.4));
#12184 = VECTOR('',#12185,1.);
#12185 = DIRECTION('',(7.850462293414E-17,0.707106781187,-0.707106781187
    ));
#12186 = ORIENTED_EDGE('',*,*,#12187,.T.);
#12187 = EDGE_CURVE('',#12180,#12188,#12190,.T.);
#12188 = VERTEX_POINT('',#12189);
#12189 = CARTESIAN_POINT('',(-0.1,-0.25,1.25));
#12190 = LINE('',#12191,#12192);
#12191 = CARTESIAN_POINT('',(-0.1,-0.25,7.35));
#12192 = VECTOR('',#12193,1.);
#12193 = DIRECTION('',(0.,0.,-1.));
#12194 = ORIENTED_EDGE('',*,*,#12195,.T.);
#12195 = EDGE_CURVE('',#12188,#12196,#12198,.T.);
#12196 = VERTEX_POINT('',#12197);
#12197 = CARTESIAN_POINT('',(-0.1,0.25,1.25));
#12198 = LINE('',#12199,#12200);
#12199 = CARTESIAN_POINT('',(-0.1,-0.25,1.25));
#12200 = VECTOR('',#12201,1.);
#12201 = DIRECTION('',(1.110223024625E-16,1.,0.));
#12202 = ORIENTED_EDGE('',*,*,#12203,.T.);
#12203 = EDGE_CURVE('',#12196,#12204,#12206,.T.);
#12204 = VERTEX_POINT('',#12205);
#12205 = CARTESIAN_POINT('',(-0.1,0.25,7.35));
#12206 = LINE('',#12207,#12208);
#12207 = CARTESIAN_POINT('',(-0.1,0.25,1.25));
#12208 = VECTOR('',#12209,1.);
#12209 = DIRECTION('',(0.,0.,1.));
#12210 = ORIENTED_EDGE('',*,*,#12211,.T.);
#12211 = EDGE_CURVE('',#12204,#10232,#12212,.T.);
#12212 = LINE('',#12213,#12214);
#12213 = CARTESIAN_POINT('',(-0.1,0.25,7.35));
#12214 = VECTOR('',#12215,1.);
#12215 = DIRECTION('',(7.850462293414E-17,0.707106781187,0.707106781187)
  );
#12216 = ORIENTED_EDGE('',*,*,#10239,.F.);
#12217 = ORIENTED_EDGE('',*,*,#12162,.T.);
#12218 = PLANE('',#12219);
#12219 = AXIS2_PLACEMENT_3D('',#12220,#12221,#12222);
#12220 = CARTESIAN_POINT('',(-0.1,1.110223024625E-17,3.911477598424));
#12221 = DIRECTION('',(-1.,1.110223024625E-16,0.));
#12222 = DIRECTION('',(0.,0.,1.));
#12223 = ADVANCED_FACE('',(#12224),#12242,.T.);
#12224 = FACE_BOUND('',#12225,.T.);
#12225 = EDGE_LOOP('',(#12226,#12234,#12240,#12241));
#12226 = ORIENTED_EDGE('',*,*,#12227,.T.);
#12227 = EDGE_CURVE('',#12204,#12228,#12230,.T.);
#12228 = VERTEX_POINT('',#12229);
#12229 = CARTESIAN_POINT('',(0.1,0.25,7.35));
#12230 = LINE('',#12231,#12232);
#12231 = CARTESIAN_POINT('',(-0.1,0.25,7.35));
#12232 = VECTOR('',#12233,1.);
#12233 = DIRECTION('',(1.,-1.110223024625E-16,0.));
#12234 = ORIENTED_EDGE('',*,*,#12235,.T.);
#12235 = EDGE_CURVE('',#12228,#10224,#12236,.T.);
#12236 = LINE('',#12237,#12238);
#12237 = CARTESIAN_POINT('',(0.1,0.25,7.35));
#12238 = VECTOR('',#12239,1.);
#12239 = DIRECTION('',(7.850462293414E-17,0.707106781187,0.707106781187)
  );
#12240 = ORIENTED_EDGE('',*,*,#10231,.F.);
#12241 = ORIENTED_EDGE('',*,*,#12211,.F.);
#12242 = PLANE('',#12243);
#12243 = AXIS2_PLACEMENT_3D('',#12244,#12245,#12246);
#12244 = CARTESIAN_POINT('',(-0.1,0.25,7.35));
#12245 = DIRECTION('',(-7.850462293414E-17,-0.707106781187,
    0.707106781187));
#12246 = DIRECTION('',(7.850462293414E-17,0.707106781187,0.707106781187)
  );
#12247 = ADVANCED_FACE('',(#12248),#12284,.F.);
#12248 = FACE_BOUND('',#12249,.F.);
#12249 = EDGE_LOOP('',(#12250,#12251,#12259,#12267,#12275,#12281,#12282,
    #12283));
#12250 = ORIENTED_EDGE('',*,*,#10319,.F.);
#12251 = ORIENTED_EDGE('',*,*,#12252,.T.);
#12252 = EDGE_CURVE('',#10312,#12253,#12255,.T.);
#12253 = VERTEX_POINT('',#12254);
#12254 = CARTESIAN_POINT('',(0.1,-0.25,7.35));
#12255 = LINE('',#12256,#12257);
#12256 = CARTESIAN_POINT('',(0.1,-0.3,7.4));
#12257 = VECTOR('',#12258,1.);
#12258 = DIRECTION('',(7.850462293414E-17,0.707106781187,-0.707106781187
    ));
#12259 = ORIENTED_EDGE('',*,*,#12260,.T.);
#12260 = EDGE_CURVE('',#12253,#12261,#12263,.T.);
#12261 = VERTEX_POINT('',#12262);
#12262 = CARTESIAN_POINT('',(0.1,-0.25,1.25));
#12263 = LINE('',#12264,#12265);
#12264 = CARTESIAN_POINT('',(0.1,-0.25,7.35));
#12265 = VECTOR('',#12266,1.);
#12266 = DIRECTION('',(0.,0.,-1.));
#12267 = ORIENTED_EDGE('',*,*,#12268,.T.);
#12268 = EDGE_CURVE('',#12261,#12269,#12271,.T.);
#12269 = VERTEX_POINT('',#12270);
#12270 = CARTESIAN_POINT('',(0.1,0.25,1.25));
#12271 = LINE('',#12272,#12273);
#12272 = CARTESIAN_POINT('',(0.1,-0.25,1.25));
#12273 = VECTOR('',#12274,1.);
#12274 = DIRECTION('',(1.110223024625E-16,1.,0.));
#12275 = ORIENTED_EDGE('',*,*,#12276,.T.);
#12276 = EDGE_CURVE('',#12269,#12228,#12277,.T.);
#12277 = LINE('',#12278,#12279);
#12278 = CARTESIAN_POINT('',(0.1,0.25,1.25));
#12279 = VECTOR('',#12280,1.);
#12280 = DIRECTION('',(0.,0.,1.));
#12281 = ORIENTED_EDGE('',*,*,#12235,.T.);
#12282 = ORIENTED_EDGE('',*,*,#10223,.F.);
#12283 = ORIENTED_EDGE('',*,*,#12147,.T.);
#12284 = PLANE('',#12285);
#12285 = AXIS2_PLACEMENT_3D('',#12286,#12287,#12288);
#12286 = CARTESIAN_POINT('',(0.1,-1.110223024625E-17,3.911477598424));
#12287 = DIRECTION('',(-1.,1.110223024625E-16,0.));
#12288 = DIRECTION('',(0.,0.,1.));
#12289 = ADVANCED_FACE('',(#12290),#12301,.T.);
#12290 = FACE_BOUND('',#12291,.T.);
#12291 = EDGE_LOOP('',(#12292,#12293,#12294,#12300));
#12292 = ORIENTED_EDGE('',*,*,#10311,.T.);
#12293 = ORIENTED_EDGE('',*,*,#12252,.T.);
#12294 = ORIENTED_EDGE('',*,*,#12295,.F.);
#12295 = EDGE_CURVE('',#12180,#12253,#12296,.T.);
#12296 = LINE('',#12297,#12298);
#12297 = CARTESIAN_POINT('',(-0.1,-0.25,7.35));
#12298 = VECTOR('',#12299,1.);
#12299 = DIRECTION('',(1.,-1.110223024625E-16,0.));
#12300 = ORIENTED_EDGE('',*,*,#12179,.F.);
#12301 = PLANE('',#12302);
#12302 = AXIS2_PLACEMENT_3D('',#12303,#12304,#12305);
#12303 = CARTESIAN_POINT('',(-0.1,-0.3,7.4));
#12304 = DIRECTION('',(7.850462293414E-17,0.707106781187,0.707106781187)
  );
#12305 = DIRECTION('',(7.850462293414E-17,0.707106781187,-0.707106781187
    ));
#12306 = ADVANCED_FACE('',(#12307),#12318,.T.);
#12307 = FACE_BOUND('',#12308,.T.);
#12308 = EDGE_LOOP('',(#12309,#12315,#12316,#12317));
#12309 = ORIENTED_EDGE('',*,*,#12310,.T.);
#12310 = EDGE_CURVE('',#11034,#11107,#12311,.T.);
#12311 = LINE('',#12312,#12313);
#12312 = CARTESIAN_POINT('',(-0.1,-17.53,1.25));
#12313 = VECTOR('',#12314,1.);
#12314 = DIRECTION('',(1.,-1.110223024625E-16,0.));
#12315 = ORIENTED_EDGE('',*,*,#11114,.T.);
#12316 = ORIENTED_EDGE('',*,*,#11065,.F.);
#12317 = ORIENTED_EDGE('',*,*,#11041,.F.);
#12318 = PLANE('',#12319);
#12319 = AXIS2_PLACEMENT_3D('',#12320,#12321,#12322);
#12320 = CARTESIAN_POINT('',(-0.1,-17.53,1.25));
#12321 = DIRECTION('',(-1.110223024625E-16,-1.,0.));
#12322 = DIRECTION('',(0.,0.,1.));
#12323 = ADVANCED_FACE('',(#12324),#12335,.T.);
#12324 = FACE_BOUND('',#12325,.T.);
#12325 = EDGE_LOOP('',(#12326,#12332,#12333,#12334));
#12326 = ORIENTED_EDGE('',*,*,#12327,.T.);
#12327 = EDGE_CURVE('',#11026,#11099,#12328,.T.);
#12328 = LINE('',#12329,#12330);
#12329 = CARTESIAN_POINT('',(-0.1,-18.03,1.25));
#12330 = VECTOR('',#12331,1.);
#12331 = DIRECTION('',(1.,-1.110223024625E-16,0.));
#12332 = ORIENTED_EDGE('',*,*,#11106,.T.);
#12333 = ORIENTED_EDGE('',*,*,#12310,.F.);
#12334 = ORIENTED_EDGE('',*,*,#11033,.F.);
#12335 = PLANE('',#12336);
#12336 = AXIS2_PLACEMENT_3D('',#12337,#12338,#12339);
#12337 = CARTESIAN_POINT('',(-0.1,-18.03,1.25));
#12338 = DIRECTION('',(0.,0.,1.));
#12339 = DIRECTION('',(1.110223024625E-16,1.,-0.));
#12340 = ADVANCED_FACE('',(#12341),#12347,.T.);
#12341 = FACE_BOUND('',#12342,.T.);
#12342 = EDGE_LOOP('',(#12343,#12344,#12345,#12346));
#12343 = ORIENTED_EDGE('',*,*,#11133,.T.);
#12344 = ORIENTED_EDGE('',*,*,#11098,.T.);
#12345 = ORIENTED_EDGE('',*,*,#12327,.F.);
#12346 = ORIENTED_EDGE('',*,*,#11025,.F.);
#12347 = PLANE('',#12348);
#12348 = AXIS2_PLACEMENT_3D('',#12349,#12350,#12351);
#12349 = CARTESIAN_POINT('',(-0.1,-18.03,7.35));
#12350 = DIRECTION('',(1.110223024625E-16,1.,0.));
#12351 = DIRECTION('',(0.,0.,-1.));
#12352 = ADVANCED_FACE('',(#12353),#12364,.T.);
#12353 = FACE_BOUND('',#12354,.T.);
#12354 = EDGE_LOOP('',(#12355,#12361,#12362,#12363));
#12355 = ORIENTED_EDGE('',*,*,#12356,.T.);
#12356 = EDGE_CURVE('',#11200,#11273,#12357,.T.);
#12357 = LINE('',#12358,#12359);
#12358 = CARTESIAN_POINT('',(-0.1,-14.99,1.25));
#12359 = VECTOR('',#12360,1.);
#12360 = DIRECTION('',(1.,-1.110223024625E-16,0.));
#12361 = ORIENTED_EDGE('',*,*,#11280,.T.);
#12362 = ORIENTED_EDGE('',*,*,#11231,.F.);
#12363 = ORIENTED_EDGE('',*,*,#11207,.F.);
#12364 = PLANE('',#12365);
#12365 = AXIS2_PLACEMENT_3D('',#12366,#12367,#12368);
#12366 = CARTESIAN_POINT('',(-0.1,-14.99,1.25));
#12367 = DIRECTION('',(-1.110223024625E-16,-1.,0.));
#12368 = DIRECTION('',(0.,0.,1.));
#12369 = ADVANCED_FACE('',(#12370),#12381,.T.);
#12370 = FACE_BOUND('',#12371,.T.);
#12371 = EDGE_LOOP('',(#12372,#12378,#12379,#12380));
#12372 = ORIENTED_EDGE('',*,*,#12373,.T.);
#12373 = EDGE_CURVE('',#11192,#11265,#12374,.T.);
#12374 = LINE('',#12375,#12376);
#12375 = CARTESIAN_POINT('',(-0.1,-15.49,1.25));
#12376 = VECTOR('',#12377,1.);
#12377 = DIRECTION('',(1.,-1.110223024625E-16,0.));
#12378 = ORIENTED_EDGE('',*,*,#11272,.T.);
#12379 = ORIENTED_EDGE('',*,*,#12356,.F.);
#12380 = ORIENTED_EDGE('',*,*,#11199,.F.);
#12381 = PLANE('',#12382);
#12382 = AXIS2_PLACEMENT_3D('',#12383,#12384,#12385);
#12383 = CARTESIAN_POINT('',(-0.1,-15.49,1.25));
#12384 = DIRECTION('',(0.,0.,1.));
#12385 = DIRECTION('',(1.110223024625E-16,1.,-0.));
#12386 = ADVANCED_FACE('',(#12387),#12393,.T.);
#12387 = FACE_BOUND('',#12388,.T.);
#12388 = EDGE_LOOP('',(#12389,#12390,#12391,#12392));
#12389 = ORIENTED_EDGE('',*,*,#11299,.T.);
#12390 = ORIENTED_EDGE('',*,*,#11264,.T.);
#12391 = ORIENTED_EDGE('',*,*,#12373,.F.);
#12392 = ORIENTED_EDGE('',*,*,#11191,.F.);
#12393 = PLANE('',#12394);
#12394 = AXIS2_PLACEMENT_3D('',#12395,#12396,#12397);
#12395 = CARTESIAN_POINT('',(-0.1,-15.49,7.35));
#12396 = DIRECTION('',(1.110223024625E-16,1.,0.));
#12397 = DIRECTION('',(0.,0.,-1.));
#12398 = ADVANCED_FACE('',(#12399),#12410,.T.);
#12399 = FACE_BOUND('',#12400,.T.);
#12400 = EDGE_LOOP('',(#12401,#12407,#12408,#12409));
#12401 = ORIENTED_EDGE('',*,*,#12402,.T.);
#12402 = EDGE_CURVE('',#11366,#11439,#12403,.T.);
#12403 = LINE('',#12404,#12405);
#12404 = CARTESIAN_POINT('',(-0.1,-12.45,1.25));
#12405 = VECTOR('',#12406,1.);
#12406 = DIRECTION('',(1.,-1.110223024625E-16,0.));
#12407 = ORIENTED_EDGE('',*,*,#11446,.T.);
#12408 = ORIENTED_EDGE('',*,*,#11397,.F.);
#12409 = ORIENTED_EDGE('',*,*,#11373,.F.);
#12410 = PLANE('',#12411);
#12411 = AXIS2_PLACEMENT_3D('',#12412,#12413,#12414);
#12412 = CARTESIAN_POINT('',(-0.1,-12.45,1.25));
#12413 = DIRECTION('',(-1.110223024625E-16,-1.,0.));
#12414 = DIRECTION('',(0.,0.,1.));
#12415 = ADVANCED_FACE('',(#12416),#12427,.T.);
#12416 = FACE_BOUND('',#12417,.T.);
#12417 = EDGE_LOOP('',(#12418,#12424,#12425,#12426));
#12418 = ORIENTED_EDGE('',*,*,#12419,.T.);
#12419 = EDGE_CURVE('',#11358,#11431,#12420,.T.);
#12420 = LINE('',#12421,#12422);
#12421 = CARTESIAN_POINT('',(-0.1,-12.95,1.25));
#12422 = VECTOR('',#12423,1.);
#12423 = DIRECTION('',(1.,-1.110223024625E-16,0.));
#12424 = ORIENTED_EDGE('',*,*,#11438,.T.);
#12425 = ORIENTED_EDGE('',*,*,#12402,.F.);
#12426 = ORIENTED_EDGE('',*,*,#11365,.F.);
#12427 = PLANE('',#12428);
#12428 = AXIS2_PLACEMENT_3D('',#12429,#12430,#12431);
#12429 = CARTESIAN_POINT('',(-0.1,-12.95,1.25));
#12430 = DIRECTION('',(0.,0.,1.));
#12431 = DIRECTION('',(1.110223024625E-16,1.,-0.));
#12432 = ADVANCED_FACE('',(#12433),#12439,.T.);
#12433 = FACE_BOUND('',#12434,.T.);
#12434 = EDGE_LOOP('',(#12435,#12436,#12437,#12438));
#12435 = ORIENTED_EDGE('',*,*,#11465,.T.);
#12436 = ORIENTED_EDGE('',*,*,#11430,.T.);
#12437 = ORIENTED_EDGE('',*,*,#12419,.F.);
#12438 = ORIENTED_EDGE('',*,*,#11357,.F.);
#12439 = PLANE('',#12440);
#12440 = AXIS2_PLACEMENT_3D('',#12441,#12442,#12443);
#12441 = CARTESIAN_POINT('',(-0.1,-12.95,7.35));
#12442 = DIRECTION('',(1.110223024625E-16,1.,0.));
#12443 = DIRECTION('',(0.,0.,-1.));
#12444 = ADVANCED_FACE('',(#12445),#12456,.T.);
#12445 = FACE_BOUND('',#12446,.T.);
#12446 = EDGE_LOOP('',(#12447,#12453,#12454,#12455));
#12447 = ORIENTED_EDGE('',*,*,#12448,.T.);
#12448 = EDGE_CURVE('',#11532,#11605,#12449,.T.);
#12449 = LINE('',#12450,#12451);
#12450 = CARTESIAN_POINT('',(-0.1,-9.91,1.25));
#12451 = VECTOR('',#12452,1.);
#12452 = DIRECTION('',(1.,-1.110223024625E-16,0.));
#12453 = ORIENTED_EDGE('',*,*,#11612,.T.);
#12454 = ORIENTED_EDGE('',*,*,#11563,.F.);
#12455 = ORIENTED_EDGE('',*,*,#11539,.F.);
#12456 = PLANE('',#12457);
#12457 = AXIS2_PLACEMENT_3D('',#12458,#12459,#12460);
#12458 = CARTESIAN_POINT('',(-0.1,-9.91,1.25));
#12459 = DIRECTION('',(-1.110223024625E-16,-1.,0.));
#12460 = DIRECTION('',(0.,0.,1.));
#12461 = ADVANCED_FACE('',(#12462),#12473,.T.);
#12462 = FACE_BOUND('',#12463,.T.);
#12463 = EDGE_LOOP('',(#12464,#12470,#12471,#12472));
#12464 = ORIENTED_EDGE('',*,*,#12465,.T.);
#12465 = EDGE_CURVE('',#11524,#11597,#12466,.T.);
#12466 = LINE('',#12467,#12468);
#12467 = CARTESIAN_POINT('',(-0.1,-10.41,1.25));
#12468 = VECTOR('',#12469,1.);
#12469 = DIRECTION('',(1.,-1.110223024625E-16,0.));
#12470 = ORIENTED_EDGE('',*,*,#11604,.T.);
#12471 = ORIENTED_EDGE('',*,*,#12448,.F.);
#12472 = ORIENTED_EDGE('',*,*,#11531,.F.);
#12473 = PLANE('',#12474);
#12474 = AXIS2_PLACEMENT_3D('',#12475,#12476,#12477);
#12475 = CARTESIAN_POINT('',(-0.1,-10.41,1.25));
#12476 = DIRECTION('',(0.,0.,1.));
#12477 = DIRECTION('',(1.110223024625E-16,1.,-0.));
#12478 = ADVANCED_FACE('',(#12479),#12485,.T.);
#12479 = FACE_BOUND('',#12480,.T.);
#12480 = EDGE_LOOP('',(#12481,#12482,#12483,#12484));
#12481 = ORIENTED_EDGE('',*,*,#11631,.T.);
#12482 = ORIENTED_EDGE('',*,*,#11596,.T.);
#12483 = ORIENTED_EDGE('',*,*,#12465,.F.);
#12484 = ORIENTED_EDGE('',*,*,#11523,.F.);
#12485 = PLANE('',#12486);
#12486 = AXIS2_PLACEMENT_3D('',#12487,#12488,#12489);
#12487 = CARTESIAN_POINT('',(-0.1,-10.41,7.35));
#12488 = DIRECTION('',(1.110223024625E-16,1.,0.));
#12489 = DIRECTION('',(0.,0.,-1.));
#12490 = ADVANCED_FACE('',(#12491),#12502,.T.);
#12491 = FACE_BOUND('',#12492,.T.);
#12492 = EDGE_LOOP('',(#12493,#12499,#12500,#12501));
#12493 = ORIENTED_EDGE('',*,*,#12494,.T.);
#12494 = EDGE_CURVE('',#11698,#11771,#12495,.T.);
#12495 = LINE('',#12496,#12497);
#12496 = CARTESIAN_POINT('',(-0.1,-7.37,1.25));
#12497 = VECTOR('',#12498,1.);
#12498 = DIRECTION('',(1.,-1.110223024625E-16,0.));
#12499 = ORIENTED_EDGE('',*,*,#11778,.T.);
#12500 = ORIENTED_EDGE('',*,*,#11729,.F.);
#12501 = ORIENTED_EDGE('',*,*,#11705,.F.);
#12502 = PLANE('',#12503);
#12503 = AXIS2_PLACEMENT_3D('',#12504,#12505,#12506);
#12504 = CARTESIAN_POINT('',(-0.1,-7.37,1.25));
#12505 = DIRECTION('',(-1.110223024625E-16,-1.,0.));
#12506 = DIRECTION('',(0.,0.,1.));
#12507 = ADVANCED_FACE('',(#12508),#12519,.T.);
#12508 = FACE_BOUND('',#12509,.T.);
#12509 = EDGE_LOOP('',(#12510,#12516,#12517,#12518));
#12510 = ORIENTED_EDGE('',*,*,#12511,.T.);
#12511 = EDGE_CURVE('',#11690,#11763,#12512,.T.);
#12512 = LINE('',#12513,#12514);
#12513 = CARTESIAN_POINT('',(-0.1,-7.87,1.25));
#12514 = VECTOR('',#12515,1.);
#12515 = DIRECTION('',(1.,-1.110223024625E-16,0.));
#12516 = ORIENTED_EDGE('',*,*,#11770,.T.);
#12517 = ORIENTED_EDGE('',*,*,#12494,.F.);
#12518 = ORIENTED_EDGE('',*,*,#11697,.F.);
#12519 = PLANE('',#12520);
#12520 = AXIS2_PLACEMENT_3D('',#12521,#12522,#12523);
#12521 = CARTESIAN_POINT('',(-0.1,-7.87,1.25));
#12522 = DIRECTION('',(0.,0.,1.));
#12523 = DIRECTION('',(1.110223024625E-16,1.,-0.));
#12524 = ADVANCED_FACE('',(#12525),#12531,.T.);
#12525 = FACE_BOUND('',#12526,.T.);
#12526 = EDGE_LOOP('',(#12527,#12528,#12529,#12530));
#12527 = ORIENTED_EDGE('',*,*,#11797,.T.);
#12528 = ORIENTED_EDGE('',*,*,#11762,.T.);
#12529 = ORIENTED_EDGE('',*,*,#12511,.F.);
#12530 = ORIENTED_EDGE('',*,*,#11689,.F.);
#12531 = PLANE('',#12532);
#12532 = AXIS2_PLACEMENT_3D('',#12533,#12534,#12535);
#12533 = CARTESIAN_POINT('',(-0.1,-7.87,7.35));
#12534 = DIRECTION('',(1.110223024625E-16,1.,0.));
#12535 = DIRECTION('',(0.,0.,-1.));
#12536 = ADVANCED_FACE('',(#12537),#12548,.T.);
#12537 = FACE_BOUND('',#12538,.T.);
#12538 = EDGE_LOOP('',(#12539,#12545,#12546,#12547));
#12539 = ORIENTED_EDGE('',*,*,#12540,.T.);
#12540 = EDGE_CURVE('',#11864,#11937,#12541,.T.);
#12541 = LINE('',#12542,#12543);
#12542 = CARTESIAN_POINT('',(-0.1,-4.83,1.25));
#12543 = VECTOR('',#12544,1.);
#12544 = DIRECTION('',(1.,-1.110223024625E-16,0.));
#12545 = ORIENTED_EDGE('',*,*,#11944,.T.);
#12546 = ORIENTED_EDGE('',*,*,#11895,.F.);
#12547 = ORIENTED_EDGE('',*,*,#11871,.F.);
#12548 = PLANE('',#12549);
#12549 = AXIS2_PLACEMENT_3D('',#12550,#12551,#12552);
#12550 = CARTESIAN_POINT('',(-0.1,-4.83,1.25));
#12551 = DIRECTION('',(-1.110223024625E-16,-1.,0.));
#12552 = DIRECTION('',(0.,0.,1.));
#12553 = ADVANCED_FACE('',(#12554),#12565,.T.);
#12554 = FACE_BOUND('',#12555,.T.);
#12555 = EDGE_LOOP('',(#12556,#12562,#12563,#12564));
#12556 = ORIENTED_EDGE('',*,*,#12557,.T.);
#12557 = EDGE_CURVE('',#11856,#11929,#12558,.T.);
#12558 = LINE('',#12559,#12560);
#12559 = CARTESIAN_POINT('',(-0.1,-5.33,1.25));
#12560 = VECTOR('',#12561,1.);
#12561 = DIRECTION('',(1.,-1.110223024625E-16,0.));
#12562 = ORIENTED_EDGE('',*,*,#11936,.T.);
#12563 = ORIENTED_EDGE('',*,*,#12540,.F.);
#12564 = ORIENTED_EDGE('',*,*,#11863,.F.);
#12565 = PLANE('',#12566);
#12566 = AXIS2_PLACEMENT_3D('',#12567,#12568,#12569);
#12567 = CARTESIAN_POINT('',(-0.1,-5.33,1.25));
#12568 = DIRECTION('',(0.,0.,1.));
#12569 = DIRECTION('',(1.110223024625E-16,1.,-0.));
#12570 = ADVANCED_FACE('',(#12571),#12577,.T.);
#12571 = FACE_BOUND('',#12572,.T.);
#12572 = EDGE_LOOP('',(#12573,#12574,#12575,#12576));
#12573 = ORIENTED_EDGE('',*,*,#11963,.T.);
#12574 = ORIENTED_EDGE('',*,*,#11928,.T.);
#12575 = ORIENTED_EDGE('',*,*,#12557,.F.);
#12576 = ORIENTED_EDGE('',*,*,#11855,.F.);
#12577 = PLANE('',#12578);
#12578 = AXIS2_PLACEMENT_3D('',#12579,#12580,#12581);
#12579 = CARTESIAN_POINT('',(-0.1,-5.33,7.35));
#12580 = DIRECTION('',(1.110223024625E-16,1.,0.));
#12581 = DIRECTION('',(0.,0.,-1.));
#12582 = ADVANCED_FACE('',(#12583),#12594,.T.);
#12583 = FACE_BOUND('',#12584,.T.);
#12584 = EDGE_LOOP('',(#12585,#12591,#12592,#12593));
#12585 = ORIENTED_EDGE('',*,*,#12586,.T.);
#12586 = EDGE_CURVE('',#12030,#12103,#12587,.T.);
#12587 = LINE('',#12588,#12589);
#12588 = CARTESIAN_POINT('',(-0.1,-2.29,1.25));
#12589 = VECTOR('',#12590,1.);
#12590 = DIRECTION('',(1.,-1.110223024625E-16,0.));
#12591 = ORIENTED_EDGE('',*,*,#12110,.T.);
#12592 = ORIENTED_EDGE('',*,*,#12061,.F.);
#12593 = ORIENTED_EDGE('',*,*,#12037,.F.);
#12594 = PLANE('',#12595);
#12595 = AXIS2_PLACEMENT_3D('',#12596,#12597,#12598);
#12596 = CARTESIAN_POINT('',(-0.1,-2.29,1.25));
#12597 = DIRECTION('',(-1.110223024625E-16,-1.,0.));
#12598 = DIRECTION('',(0.,0.,1.));
#12599 = ADVANCED_FACE('',(#12600),#12611,.T.);
#12600 = FACE_BOUND('',#12601,.T.);
#12601 = EDGE_LOOP('',(#12602,#12608,#12609,#12610));
#12602 = ORIENTED_EDGE('',*,*,#12603,.T.);
#12603 = EDGE_CURVE('',#12022,#12095,#12604,.T.);
#12604 = LINE('',#12605,#12606);
#12605 = CARTESIAN_POINT('',(-0.1,-2.79,1.25));
#12606 = VECTOR('',#12607,1.);
#12607 = DIRECTION('',(1.,-1.110223024625E-16,0.));
#12608 = ORIENTED_EDGE('',*,*,#12102,.T.);
#12609 = ORIENTED_EDGE('',*,*,#12586,.F.);
#12610 = ORIENTED_EDGE('',*,*,#12029,.F.);
#12611 = PLANE('',#12612);
#12612 = AXIS2_PLACEMENT_3D('',#12613,#12614,#12615);
#12613 = CARTESIAN_POINT('',(-0.1,-2.79,1.25));
#12614 = DIRECTION('',(0.,0.,1.));
#12615 = DIRECTION('',(1.110223024625E-16,1.,-0.));
#12616 = ADVANCED_FACE('',(#12617),#12623,.T.);
#12617 = FACE_BOUND('',#12618,.T.);
#12618 = EDGE_LOOP('',(#12619,#12620,#12621,#12622));
#12619 = ORIENTED_EDGE('',*,*,#12129,.T.);
#12620 = ORIENTED_EDGE('',*,*,#12094,.T.);
#12621 = ORIENTED_EDGE('',*,*,#12603,.F.);
#12622 = ORIENTED_EDGE('',*,*,#12021,.F.);
#12623 = PLANE('',#12624);
#12624 = AXIS2_PLACEMENT_3D('',#12625,#12626,#12627);
#12625 = CARTESIAN_POINT('',(-0.1,-2.79,7.35));
#12626 = DIRECTION('',(1.110223024625E-16,1.,0.));
#12627 = DIRECTION('',(0.,0.,-1.));
#12628 = ADVANCED_FACE('',(#12629),#12640,.T.);
#12629 = FACE_BOUND('',#12630,.T.);
#12630 = EDGE_LOOP('',(#12631,#12637,#12638,#12639));
#12631 = ORIENTED_EDGE('',*,*,#12632,.T.);
#12632 = EDGE_CURVE('',#12196,#12269,#12633,.T.);
#12633 = LINE('',#12634,#12635);
#12634 = CARTESIAN_POINT('',(-0.1,0.25,1.25));
#12635 = VECTOR('',#12636,1.);
#12636 = DIRECTION('',(1.,-1.110223024625E-16,0.));
#12637 = ORIENTED_EDGE('',*,*,#12276,.T.);
#12638 = ORIENTED_EDGE('',*,*,#12227,.F.);
#12639 = ORIENTED_EDGE('',*,*,#12203,.F.);
#12640 = PLANE('',#12641);
#12641 = AXIS2_PLACEMENT_3D('',#12642,#12643,#12644);
#12642 = CARTESIAN_POINT('',(-0.1,0.25,1.25));
#12643 = DIRECTION('',(-1.110223024625E-16,-1.,0.));
#12644 = DIRECTION('',(0.,0.,1.));
#12645 = ADVANCED_FACE('',(#12646),#12657,.T.);
#12646 = FACE_BOUND('',#12647,.T.);
#12647 = EDGE_LOOP('',(#12648,#12654,#12655,#12656));
#12648 = ORIENTED_EDGE('',*,*,#12649,.T.);
#12649 = EDGE_CURVE('',#12188,#12261,#12650,.T.);
#12650 = LINE('',#12651,#12652);
#12651 = CARTESIAN_POINT('',(-0.1,-0.25,1.25));
#12652 = VECTOR('',#12653,1.);
#12653 = DIRECTION('',(1.,-1.110223024625E-16,0.));
#12654 = ORIENTED_EDGE('',*,*,#12268,.T.);
#12655 = ORIENTED_EDGE('',*,*,#12632,.F.);
#12656 = ORIENTED_EDGE('',*,*,#12195,.F.);
#12657 = PLANE('',#12658);
#12658 = AXIS2_PLACEMENT_3D('',#12659,#12660,#12661);
#12659 = CARTESIAN_POINT('',(-0.1,-0.25,1.25));
#12660 = DIRECTION('',(0.,0.,1.));
#12661 = DIRECTION('',(1.110223024625E-16,1.,-0.));
#12662 = ADVANCED_FACE('',(#12663),#12669,.T.);
#12663 = FACE_BOUND('',#12664,.T.);
#12664 = EDGE_LOOP('',(#12665,#12666,#12667,#12668));
#12665 = ORIENTED_EDGE('',*,*,#12295,.T.);
#12666 = ORIENTED_EDGE('',*,*,#12260,.T.);
#12667 = ORIENTED_EDGE('',*,*,#12649,.F.);
#12668 = ORIENTED_EDGE('',*,*,#12187,.F.);
#12669 = PLANE('',#12670);
#12670 = AXIS2_PLACEMENT_3D('',#12671,#12672,#12673);
#12671 = CARTESIAN_POINT('',(-0.1,-0.25,7.35));
#12672 = DIRECTION('',(1.110223024625E-16,1.,0.));
#12673 = DIRECTION('',(0.,0.,-1.));
#12674 = ( GEOMETRIC_REPRESENTATION_CONTEXT(3) 
GLOBAL_UNCERTAINTY_ASSIGNED_CONTEXT((#12678)) 
GLOBAL_UNIT_ASSIGNED_CONTEXT((#12675,#12676,#12677)) 
REPRESENTATION_CONTEXT('Context #1',
  '3D Context with UNIT and UNCERTAINTY') );
#12675 = ( LENGTH_UNIT() NAMED_UNIT(*) SI_UNIT(.MILLI.,.METRE.) );
#12676 = ( NAMED_UNIT(*) PLANE_ANGLE_UNIT() SI_UNIT($,.RADIAN.) );
#12677 = ( NAMED_UNIT(*) SI_UNIT($,.STERADIAN.) SOLID_ANGLE_UNIT() );
#12678 = UNCERTAINTY_MEASURE_WITH_UNIT(LENGTH_MEASURE(1.E-07),#12675,
  'distance_accuracy_value','confusion accuracy');
#12679 = CONTEXT_DEPENDENT_SHAPE_REPRESENTATION(#12680,#12682);
#12680 = ( REPRESENTATION_RELATIONSHIP('','',#6183,#6160) 
REPRESENTATION_RELATIONSHIP_WITH_TRANSFORMATION(#12681) 
SHAPE_REPRESENTATION_RELATIONSHIP() );
#12681 = ITEM_DEFINED_TRANSFORMATION('','',#11,#6161);
#12682 = PRODUCT_DEFINITION_SHAPE('Placement','Placement of an item',
  #12683);
#12683 = NEXT_ASSEMBLY_USAGE_OCCURRENCE('24','=>[0:1:1:12]','',#6155,
  #6178,$);
#12684 = PRODUCT_RELATED_PRODUCT_CATEGORY('part',$,(#6180));
#12685 = CONTEXT_DEPENDENT_SHAPE_REPRESENTATION(#12686,#12688);
#12686 = ( REPRESENTATION_RELATIONSHIP('','',#5369,#10) 
REPRESENTATION_RELATIONSHIP_WITH_TRANSFORMATION(#12687) 
SHAPE_REPRESENTATION_RELATIONSHIP() );
#12687 = ITEM_DEFINED_TRANSFORMATION('','',#11,#87);
#12688 = PRODUCT_DEFINITION_SHAPE('Placement','Placement of an item',
  #12689);
#12689 = NEXT_ASSEMBLY_USAGE_OCCURRENCE('26','D9','',#5,#5364,$);
#12690 = CONTEXT_DEPENDENT_SHAPE_REPRESENTATION(#12691,#12693);
#12691 = ( REPRESENTATION_RELATIONSHIP('','',#112,#10) 
REPRESENTATION_RELATIONSHIP_WITH_TRANSFORMATION(#12692) 
SHAPE_REPRESENTATION_RELATIONSHIP() );
#12692 = ITEM_DEFINED_TRANSFORMATION('','',#11,#91);
#12693 = PRODUCT_DEFINITION_SHAPE('Placement','Placement of an item',
  #12694);
#12694 = NEXT_ASSEMBLY_USAGE_OCCURRENCE('27','SW1','',#5,#107,$);
#12695 = SHAPE_DEFINITION_REPRESENTATION(#12696,#12702);
#12696 = PRODUCT_DEFINITION_SHAPE('','',#12697);
#12697 = PRODUCT_DEFINITION('design','',#12698,#12701);
#12698 = PRODUCT_DEFINITION_FORMATION('','',#12699);
#12699 = PRODUCT('you80E6_PCB','you80E6_PCB','',(#12700));
#12700 = PRODUCT_CONTEXT('',#2,'mechanical');
#12701 = PRODUCT_DEFINITION_CONTEXT('part definition',#2,'design');
#12702 = ADVANCED_BREP_SHAPE_REPRESENTATION('',(#11,#12703),#16542);
#12703 = MANIFOLD_SOLID_BREP('',#12704);
#12704 = CLOSED_SHELL('',(#12705,#12747,#12778,#12809,#13862,#14915,
    #14932,#14949,#14966,#14983,#14995,#15012,#15029,#15046,#15063,
    #15080,#15097,#15114,#15131,#15148,#15165,#15182,#15199,#15216,
    #15233,#15250,#15267,#15284,#15301,#15318,#15335,#15352,#15369,
    #15386,#15403,#15420,#15437,#15454,#15471,#15488,#15505,#15522,
    #15539,#15556,#15573,#15590,#15607,#15624,#15641,#15658,#15675,
    #15692,#15709,#15726,#15743,#15760,#15777,#15794,#15811,#15828,
    #15845,#15862,#15879,#15896,#15913,#15930,#15947,#15964,#15981,
    #15998,#16015,#16032,#16049,#16066,#16083,#16100,#16117,#16134,
    #16151,#16168,#16185,#16202,#16219,#16236,#16253,#16270,#16287,
    #16304,#16321,#16338,#16355,#16372,#16389,#16406,#16423,#16440,
    #16457,#16474,#16491,#16508,#16525));
#12705 = ADVANCED_FACE('',(#12706),#12742,.T.);
#12706 = FACE_BOUND('',#12707,.T.);
#12707 = EDGE_LOOP('',(#12708,#12718,#12727,#12735));
#12708 = ORIENTED_EDGE('',*,*,#12709,.T.);
#12709 = EDGE_CURVE('',#12710,#12712,#12714,.T.);
#12710 = VERTEX_POINT('',#12711);
#12711 = CARTESIAN_POINT('',(156.5,-22.,0.));
#12712 = VERTEX_POINT('',#12713);
#12713 = CARTESIAN_POINT('',(156.5,-22.,1.51));
#12714 = LINE('',#12715,#12716);
#12715 = CARTESIAN_POINT('',(156.5,-22.,0.));
#12716 = VECTOR('',#12717,1.);
#12717 = DIRECTION('',(0.,0.,1.));
#12718 = ORIENTED_EDGE('',*,*,#12719,.T.);
#12719 = EDGE_CURVE('',#12712,#12720,#12722,.T.);
#12720 = VERTEX_POINT('',#12721);
#12721 = CARTESIAN_POINT('',(161.5,-27.,1.51));
#12722 = CIRCLE('',#12723,4.999999678834);
#12723 = AXIS2_PLACEMENT_3D('',#12724,#12725,#12726);
#12724 = CARTESIAN_POINT('',(156.50000032116,-26.99999967883,1.51));
#12725 = DIRECTION('',(0.,0.,-1.));
#12726 = DIRECTION('',(-6.42331470194E-08,1.,0.));
#12727 = ORIENTED_EDGE('',*,*,#12728,.F.);
#12728 = EDGE_CURVE('',#12729,#12720,#12731,.T.);
#12729 = VERTEX_POINT('',#12730);
#12730 = CARTESIAN_POINT('',(161.5,-27.,0.));
#12731 = LINE('',#12732,#12733);
#12732 = CARTESIAN_POINT('',(161.5,-27.,0.));
#12733 = VECTOR('',#12734,1.);
#12734 = DIRECTION('',(0.,0.,1.));
#12735 = ORIENTED_EDGE('',*,*,#12736,.F.);
#12736 = EDGE_CURVE('',#12710,#12729,#12737,.T.);
#12737 = CIRCLE('',#12738,4.999999678834);
#12738 = AXIS2_PLACEMENT_3D('',#12739,#12740,#12741);
#12739 = CARTESIAN_POINT('',(156.50000032116,-26.99999967883,0.));
#12740 = DIRECTION('',(0.,0.,-1.));
#12741 = DIRECTION('',(-6.42331470194E-08,1.,0.));
#12742 = CYLINDRICAL_SURFACE('',#12743,4.999999678834);
#12743 = AXIS2_PLACEMENT_3D('',#12744,#12745,#12746);
#12744 = CARTESIAN_POINT('',(156.50000032116,-26.99999967883,0.));
#12745 = DIRECTION('',(0.,0.,-1.));
#12746 = DIRECTION('',(-6.42331470194E-08,1.,0.));
#12747 = ADVANCED_FACE('',(#12748),#12773,.T.);
#12748 = FACE_BOUND('',#12749,.T.);
#12749 = EDGE_LOOP('',(#12750,#12760,#12766,#12767));
#12750 = ORIENTED_EDGE('',*,*,#12751,.T.);
#12751 = EDGE_CURVE('',#12752,#12754,#12756,.T.);
#12752 = VERTEX_POINT('',#12753);
#12753 = CARTESIAN_POINT('',(83.,-22.,0.));
#12754 = VERTEX_POINT('',#12755);
#12755 = CARTESIAN_POINT('',(83.,-22.,1.51));
#12756 = LINE('',#12757,#12758);
#12757 = CARTESIAN_POINT('',(83.,-22.,0.));
#12758 = VECTOR('',#12759,1.);
#12759 = DIRECTION('',(0.,0.,1.));
#12760 = ORIENTED_EDGE('',*,*,#12761,.T.);
#12761 = EDGE_CURVE('',#12754,#12712,#12762,.T.);
#12762 = LINE('',#12763,#12764);
#12763 = CARTESIAN_POINT('',(83.,-22.,1.51));
#12764 = VECTOR('',#12765,1.);
#12765 = DIRECTION('',(1.,0.,0.));
#12766 = ORIENTED_EDGE('',*,*,#12709,.F.);
#12767 = ORIENTED_EDGE('',*,*,#12768,.F.);
#12768 = EDGE_CURVE('',#12752,#12710,#12769,.T.);
#12769 = LINE('',#12770,#12771);
#12770 = CARTESIAN_POINT('',(83.,-22.,0.));
#12771 = VECTOR('',#12772,1.);
#12772 = DIRECTION('',(1.,0.,0.));
#12773 = PLANE('',#12774);
#12774 = AXIS2_PLACEMENT_3D('',#12775,#12776,#12777);
#12775 = CARTESIAN_POINT('',(83.,-22.,0.));
#12776 = DIRECTION('',(0.,1.,0.));
#12777 = DIRECTION('',(1.,0.,0.));
#12778 = ADVANCED_FACE('',(#12779),#12804,.T.);
#12779 = FACE_BOUND('',#12780,.T.);
#12780 = EDGE_LOOP('',(#12781,#12782,#12790,#12798));
#12781 = ORIENTED_EDGE('',*,*,#12728,.T.);
#12782 = ORIENTED_EDGE('',*,*,#12783,.T.);
#12783 = EDGE_CURVE('',#12720,#12784,#12786,.T.);
#12784 = VERTEX_POINT('',#12785);
#12785 = CARTESIAN_POINT('',(161.5,-116.,1.51));
#12786 = LINE('',#12787,#12788);
#12787 = CARTESIAN_POINT('',(161.5,-27.,1.51));
#12788 = VECTOR('',#12789,1.);
#12789 = DIRECTION('',(0.,-1.,0.));
#12790 = ORIENTED_EDGE('',*,*,#12791,.F.);
#12791 = EDGE_CURVE('',#12792,#12784,#12794,.T.);
#12792 = VERTEX_POINT('',#12793);
#12793 = CARTESIAN_POINT('',(161.5,-116.,0.));
#12794 = LINE('',#12795,#12796);
#12795 = CARTESIAN_POINT('',(161.5,-116.,0.));
#12796 = VECTOR('',#12797,1.);
#12797 = DIRECTION('',(0.,0.,1.));
#12798 = ORIENTED_EDGE('',*,*,#12799,.F.);
#12799 = EDGE_CURVE('',#12729,#12792,#12800,.T.);
#12800 = LINE('',#12801,#12802);
#12801 = CARTESIAN_POINT('',(161.5,-27.,0.));
#12802 = VECTOR('',#12803,1.);
#12803 = DIRECTION('',(0.,-1.,0.));
#12804 = PLANE('',#12805);
#12805 = AXIS2_PLACEMENT_3D('',#12806,#12807,#12808);
#12806 = CARTESIAN_POINT('',(161.5,-27.,0.));
#12807 = DIRECTION('',(1.,0.,-0.));
#12808 = DIRECTION('',(0.,-1.,0.));
#12809 = ADVANCED_FACE('',(#12810,#12856,#12867,#12878,#12889,#12900,
    #12911,#12922,#12933,#12944,#12955,#12966,#12977,#12988,#12999,
    #13010,#13021,#13032,#13043,#13054,#13065,#13076,#13087,#13098,
    #13109,#13120,#13131,#13142,#13153,#13164,#13175,#13186,#13197,
    #13208,#13219,#13230,#13241,#13252,#13263,#13274,#13285,#13296,
    #13307,#13318,#13329,#13340,#13351,#13362,#13373,#13384,#13395,
    #13406,#13417,#13428,#13439,#13450,#13461,#13472,#13483,#13494,
    #13505,#13516,#13527,#13538,#13549,#13560,#13571,#13582,#13593,
    #13604,#13615,#13626,#13637,#13648,#13659,#13670,#13681,#13692,
    #13703,#13714,#13725,#13736,#13747,#13758,#13769,#13780,#13791,
    #13802,#13813,#13824,#13835,#13846),#13857,.F.);
#12810 = FACE_BOUND('',#12811,.F.);
#12811 = EDGE_LOOP('',(#12812,#12813,#12814,#12823,#12831,#12840,#12848,
    #12855));
#12812 = ORIENTED_EDGE('',*,*,#12736,.F.);
#12813 = ORIENTED_EDGE('',*,*,#12768,.F.);
#12814 = ORIENTED_EDGE('',*,*,#12815,.F.);
#12815 = EDGE_CURVE('',#12816,#12752,#12818,.T.);
#12816 = VERTEX_POINT('',#12817);
#12817 = CARTESIAN_POINT('',(78.,-27.,0.));
#12818 = CIRCLE('',#12819,4.999999678834);
#12819 = AXIS2_PLACEMENT_3D('',#12820,#12821,#12822);
#12820 = CARTESIAN_POINT('',(82.999999678834,-26.99999967883,0.));
#12821 = DIRECTION('',(0.,0.,-1.));
#12822 = DIRECTION('',(-1.,-6.423314275614E-08,-0.));
#12823 = ORIENTED_EDGE('',*,*,#12824,.F.);
#12824 = EDGE_CURVE('',#12825,#12816,#12827,.T.);
#12825 = VERTEX_POINT('',#12826);
#12826 = CARTESIAN_POINT('',(78.,-116.,0.));
#12827 = LINE('',#12828,#12829);
#12828 = CARTESIAN_POINT('',(78.,-116.,0.));
#12829 = VECTOR('',#12830,1.);
#12830 = DIRECTION('',(0.,1.,0.));
#12831 = ORIENTED_EDGE('',*,*,#12832,.F.);
#12832 = EDGE_CURVE('',#12833,#12825,#12835,.T.);
#12833 = VERTEX_POINT('',#12834);
#12834 = CARTESIAN_POINT('',(83.,-121.,0.));
#12835 = CIRCLE('',#12836,4.999999678834);
#12836 = AXIS2_PLACEMENT_3D('',#12837,#12838,#12839);
#12837 = CARTESIAN_POINT('',(82.999999678834,-116.0000003211,0.));
#12838 = DIRECTION('',(0.,0.,-1.));
#12839 = DIRECTION('',(6.423314133505E-08,-1.,0.));
#12840 = ORIENTED_EDGE('',*,*,#12841,.F.);
#12841 = EDGE_CURVE('',#12842,#12833,#12844,.T.);
#12842 = VERTEX_POINT('',#12843);
#12843 = CARTESIAN_POINT('',(156.5,-121.,0.));
#12844 = LINE('',#12845,#12846);
#12845 = CARTESIAN_POINT('',(156.5,-121.,0.));
#12846 = VECTOR('',#12847,1.);
#12847 = DIRECTION('',(-1.,0.,0.));
#12848 = ORIENTED_EDGE('',*,*,#12849,.F.);
#12849 = EDGE_CURVE('',#12792,#12842,#12850,.T.);
#12850 = CIRCLE('',#12851,4.999999678834);
#12851 = AXIS2_PLACEMENT_3D('',#12852,#12853,#12854);
#12852 = CARTESIAN_POINT('',(156.50000032116,-116.0000003211,0.));
#12853 = DIRECTION('',(0.,0.,-1.));
#12854 = DIRECTION('',(1.,6.42331470194E-08,0.));
#12855 = ORIENTED_EDGE('',*,*,#12799,.F.);
#12856 = FACE_BOUND('',#12857,.F.);
#12857 = EDGE_LOOP('',(#12858));
#12858 = ORIENTED_EDGE('',*,*,#12859,.T.);
#12859 = EDGE_CURVE('',#12860,#12860,#12862,.T.);
#12860 = VERTEX_POINT('',#12861);
#12861 = CARTESIAN_POINT('',(84.5,-116.6,0.));
#12862 = CIRCLE('',#12863,1.6);
#12863 = AXIS2_PLACEMENT_3D('',#12864,#12865,#12866);
#12864 = CARTESIAN_POINT('',(84.5,-115.,0.));
#12865 = DIRECTION('',(-0.,0.,-1.));
#12866 = DIRECTION('',(-0.,-1.,0.));
#12867 = FACE_BOUND('',#12868,.F.);
#12868 = EDGE_LOOP('',(#12869));
#12869 = ORIENTED_EDGE('',*,*,#12870,.T.);
#12870 = EDGE_CURVE('',#12871,#12871,#12873,.T.);
#12871 = VERTEX_POINT('',#12872);
#12872 = CARTESIAN_POINT('',(98.19,-114.9,0.));
#12873 = CIRCLE('',#12874,0.4);
#12874 = AXIS2_PLACEMENT_3D('',#12875,#12876,#12877);
#12875 = CARTESIAN_POINT('',(98.19,-114.5,0.));
#12876 = DIRECTION('',(-0.,0.,-1.));
#12877 = DIRECTION('',(-0.,-1.,0.));
#12878 = FACE_BOUND('',#12879,.F.);
#12879 = EDGE_LOOP('',(#12880));
#12880 = ORIENTED_EDGE('',*,*,#12881,.T.);
#12881 = EDGE_CURVE('',#12882,#12882,#12884,.T.);
#12882 = VERTEX_POINT('',#12883);
#12883 = CARTESIAN_POINT('',(93.8,-105.93,0.));
#12884 = CIRCLE('',#12885,0.85);
#12885 = AXIS2_PLACEMENT_3D('',#12886,#12887,#12888);
#12886 = CARTESIAN_POINT('',(93.8,-105.08,0.));
#12887 = DIRECTION('',(-0.,0.,-1.));
#12888 = DIRECTION('',(-1.671865260612E-14,-1.,0.));
#12889 = FACE_BOUND('',#12890,.F.);
#12890 = EDGE_LOOP('',(#12891));
#12891 = ORIENTED_EDGE('',*,*,#12892,.T.);
#12892 = EDGE_CURVE('',#12893,#12893,#12895,.T.);
#12893 = VERTEX_POINT('',#12894);
#12894 = CARTESIAN_POINT('',(95.07,-103.29,0.));
#12895 = CIRCLE('',#12896,0.75);
#12896 = AXIS2_PLACEMENT_3D('',#12897,#12898,#12899);
#12897 = CARTESIAN_POINT('',(95.07,-102.54,0.));
#12898 = DIRECTION('',(-0.,0.,-1.));
#12899 = DIRECTION('',(-0.,-1.,0.));
#12900 = FACE_BOUND('',#12901,.F.);
#12901 = EDGE_LOOP('',(#12902));
#12902 = ORIENTED_EDGE('',*,*,#12903,.T.);
#12903 = EDGE_CURVE('',#12904,#12904,#12906,.T.);
#12904 = VERTEX_POINT('',#12905);
#12905 = CARTESIAN_POINT('',(98.88,-107.08,0.));
#12906 = CIRCLE('',#12907,2.);
#12907 = AXIS2_PLACEMENT_3D('',#12908,#12909,#12910);
#12908 = CARTESIAN_POINT('',(98.88,-105.08,0.));
#12909 = DIRECTION('',(-0.,0.,-1.));
#12910 = DIRECTION('',(-0.,-1.,0.));
#12911 = FACE_BOUND('',#12912,.F.);
#12912 = EDGE_LOOP('',(#12913));
#12913 = ORIENTED_EDGE('',*,*,#12914,.T.);
#12914 = EDGE_CURVE('',#12915,#12915,#12917,.T.);
#12915 = VERTEX_POINT('',#12916);
#12916 = CARTESIAN_POINT('',(98.38,-95.9,0.));
#12917 = CIRCLE('',#12918,0.4);
#12918 = AXIS2_PLACEMENT_3D('',#12919,#12920,#12921);
#12919 = CARTESIAN_POINT('',(98.38,-95.5,0.));
#12920 = DIRECTION('',(-0.,0.,-1.));
#12921 = DIRECTION('',(-0.,-1.,0.));
#12922 = FACE_BOUND('',#12923,.F.);
#12923 = EDGE_LOOP('',(#12924));
#12924 = ORIENTED_EDGE('',*,*,#12925,.T.);
#12925 = EDGE_CURVE('',#12926,#12926,#12928,.T.);
#12926 = VERTEX_POINT('',#12927);
#12927 = CARTESIAN_POINT('',(105.81,-114.9,0.));
#12928 = CIRCLE('',#12929,0.4);
#12929 = AXIS2_PLACEMENT_3D('',#12930,#12931,#12932);
#12930 = CARTESIAN_POINT('',(105.81,-114.5,0.));
#12931 = DIRECTION('',(-0.,0.,-1.));
#12932 = DIRECTION('',(-0.,-1.,0.));
#12933 = FACE_BOUND('',#12934,.F.);
#12934 = EDGE_LOOP('',(#12935));
#12935 = ORIENTED_EDGE('',*,*,#12936,.T.);
#12936 = EDGE_CURVE('',#12937,#12937,#12939,.T.);
#12937 = VERTEX_POINT('',#12938);
#12938 = CARTESIAN_POINT('',(117.38,-114.9,0.));
#12939 = CIRCLE('',#12940,0.4);
#12940 = AXIS2_PLACEMENT_3D('',#12941,#12942,#12943);
#12941 = CARTESIAN_POINT('',(117.38,-114.5,0.));
#12942 = DIRECTION('',(-0.,0.,-1.));
#12943 = DIRECTION('',(-0.,-1.,0.));
#12944 = FACE_BOUND('',#12945,.F.);
#12945 = EDGE_LOOP('',(#12946));
#12946 = ORIENTED_EDGE('',*,*,#12947,.T.);
#12947 = EDGE_CURVE('',#12948,#12948,#12950,.T.);
#12948 = VERTEX_POINT('',#12949);
#12949 = CARTESIAN_POINT('',(103.96,-105.93,0.));
#12950 = CIRCLE('',#12951,0.85);
#12951 = AXIS2_PLACEMENT_3D('',#12952,#12953,#12954);
#12952 = CARTESIAN_POINT('',(103.96,-105.08,0.));
#12953 = DIRECTION('',(-0.,0.,-1.));
#12954 = DIRECTION('',(-1.671865260612E-14,-1.,0.));
#12955 = FACE_BOUND('',#12956,.F.);
#12956 = EDGE_LOOP('',(#12957));
#12957 = ORIENTED_EDGE('',*,*,#12958,.T.);
#12958 = EDGE_CURVE('',#12959,#12959,#12961,.T.);
#12959 = VERTEX_POINT('',#12960);
#12960 = CARTESIAN_POINT('',(101.42,-100.75,0.));
#12961 = CIRCLE('',#12962,0.75);
#12962 = AXIS2_PLACEMENT_3D('',#12963,#12964,#12965);
#12963 = CARTESIAN_POINT('',(101.42,-100.,0.));
#12964 = DIRECTION('',(-0.,0.,-1.));
#12965 = DIRECTION('',(-0.,-1.,0.));
#12966 = FACE_BOUND('',#12967,.F.);
#12967 = EDGE_LOOP('',(#12968));
#12968 = ORIENTED_EDGE('',*,*,#12969,.T.);
#12969 = EDGE_CURVE('',#12970,#12970,#12972,.T.);
#12970 = VERTEX_POINT('',#12971);
#12971 = CARTESIAN_POINT('',(106.,-95.9,0.));
#12972 = CIRCLE('',#12973,0.4);
#12973 = AXIS2_PLACEMENT_3D('',#12974,#12975,#12976);
#12974 = CARTESIAN_POINT('',(106.,-95.5,0.));
#12975 = DIRECTION('',(-0.,0.,-1.));
#12976 = DIRECTION('',(-0.,-1.,0.));
#12977 = FACE_BOUND('',#12978,.F.);
#12978 = EDGE_LOOP('',(#12979));
#12979 = ORIENTED_EDGE('',*,*,#12980,.T.);
#12980 = EDGE_CURVE('',#12981,#12981,#12983,.T.);
#12981 = VERTEX_POINT('',#12982);
#12982 = CARTESIAN_POINT('',(112.88,-105.93,0.));
#12983 = CIRCLE('',#12984,0.85);
#12984 = AXIS2_PLACEMENT_3D('',#12985,#12986,#12987);
#12985 = CARTESIAN_POINT('',(112.88,-105.08,0.));
#12986 = DIRECTION('',(-0.,0.,-1.));
#12987 = DIRECTION('',(-0.,-1.,0.));
#12988 = FACE_BOUND('',#12989,.F.);
#12989 = EDGE_LOOP('',(#12990));
#12990 = ORIENTED_EDGE('',*,*,#12991,.T.);
#12991 = EDGE_CURVE('',#12992,#12992,#12994,.T.);
#12992 = VERTEX_POINT('',#12993);
#12993 = CARTESIAN_POINT('',(114.15,-103.29,0.));
#12994 = CIRCLE('',#12995,0.75);
#12995 = AXIS2_PLACEMENT_3D('',#12996,#12997,#12998);
#12996 = CARTESIAN_POINT('',(114.15,-102.54,0.));
#12997 = DIRECTION('',(-0.,0.,-1.));
#12998 = DIRECTION('',(-0.,-1.,0.));
#12999 = FACE_BOUND('',#13000,.F.);
#13000 = EDGE_LOOP('',(#13001));
#13001 = ORIENTED_EDGE('',*,*,#13002,.T.);
#13002 = EDGE_CURVE('',#13003,#13003,#13005,.T.);
#13003 = VERTEX_POINT('',#13004);
#13004 = CARTESIAN_POINT('',(117.96,-107.08,0.));
#13005 = CIRCLE('',#13006,2.);
#13006 = AXIS2_PLACEMENT_3D('',#13007,#13008,#13009);
#13007 = CARTESIAN_POINT('',(117.96,-105.08,0.));
#13008 = DIRECTION('',(-0.,0.,-1.));
#13009 = DIRECTION('',(-0.,-1.,0.));
#13010 = FACE_BOUND('',#13011,.F.);
#13011 = EDGE_LOOP('',(#13012));
#13012 = ORIENTED_EDGE('',*,*,#13013,.T.);
#13013 = EDGE_CURVE('',#13014,#13014,#13016,.T.);
#13014 = VERTEX_POINT('',#13015);
#13015 = CARTESIAN_POINT('',(116.88,-95.9,0.));
#13016 = CIRCLE('',#13017,0.4);
#13017 = AXIS2_PLACEMENT_3D('',#13018,#13019,#13020);
#13018 = CARTESIAN_POINT('',(116.88,-95.5,0.));
#13019 = DIRECTION('',(-0.,0.,-1.));
#13020 = DIRECTION('',(-0.,-1.,0.));
#13021 = FACE_BOUND('',#13022,.F.);
#13022 = EDGE_LOOP('',(#13023));
#13023 = ORIENTED_EDGE('',*,*,#13024,.T.);
#13024 = EDGE_CURVE('',#13025,#13025,#13027,.T.);
#13025 = VERTEX_POINT('',#13026);
#13026 = CARTESIAN_POINT('',(93.8,-86.93,0.));
#13027 = CIRCLE('',#13028,0.85);
#13028 = AXIS2_PLACEMENT_3D('',#13029,#13030,#13031);
#13029 = CARTESIAN_POINT('',(93.8,-86.08,0.));
#13030 = DIRECTION('',(-0.,0.,-1.));
#13031 = DIRECTION('',(-1.671865260612E-14,-1.,0.));
#13032 = FACE_BOUND('',#13033,.F.);
#13033 = EDGE_LOOP('',(#13034));
#13034 = ORIENTED_EDGE('',*,*,#13035,.T.);
#13035 = EDGE_CURVE('',#13036,#13036,#13038,.T.);
#13036 = VERTEX_POINT('',#13037);
#13037 = CARTESIAN_POINT('',(95.07,-84.29,0.));
#13038 = CIRCLE('',#13039,0.75);
#13039 = AXIS2_PLACEMENT_3D('',#13040,#13041,#13042);
#13040 = CARTESIAN_POINT('',(95.07,-83.54,0.));
#13041 = DIRECTION('',(-0.,0.,-1.));
#13042 = DIRECTION('',(-0.,-1.,0.));
#13043 = FACE_BOUND('',#13044,.F.);
#13044 = EDGE_LOOP('',(#13045));
#13045 = ORIENTED_EDGE('',*,*,#13046,.T.);
#13046 = EDGE_CURVE('',#13047,#13047,#13049,.T.);
#13047 = VERTEX_POINT('',#13048);
#13048 = CARTESIAN_POINT('',(98.88,-88.08,0.));
#13049 = CIRCLE('',#13050,2.);
#13050 = AXIS2_PLACEMENT_3D('',#13051,#13052,#13053);
#13051 = CARTESIAN_POINT('',(98.88,-86.08,0.));
#13052 = DIRECTION('',(-0.,0.,-1.));
#13053 = DIRECTION('',(-0.,-1.,0.));
#13054 = FACE_BOUND('',#13055,.F.);
#13055 = EDGE_LOOP('',(#13056));
#13056 = ORIENTED_EDGE('',*,*,#13057,.T.);
#13057 = EDGE_CURVE('',#13058,#13058,#13060,.T.);
#13058 = VERTEX_POINT('',#13059);
#13059 = CARTESIAN_POINT('',(98.38,-76.9,0.));
#13060 = CIRCLE('',#13061,0.4);
#13061 = AXIS2_PLACEMENT_3D('',#13062,#13063,#13064);
#13062 = CARTESIAN_POINT('',(98.38,-76.5,0.));
#13063 = DIRECTION('',(-0.,0.,-1.));
#13064 = DIRECTION('',(-0.,-1.,0.));
#13065 = FACE_BOUND('',#13066,.F.);
#13066 = EDGE_LOOP('',(#13067));
#13067 = ORIENTED_EDGE('',*,*,#13068,.T.);
#13068 = EDGE_CURVE('',#13069,#13069,#13071,.T.);
#13069 = VERTEX_POINT('',#13070);
#13070 = CARTESIAN_POINT('',(103.96,-86.93,0.));
#13071 = CIRCLE('',#13072,0.85);
#13072 = AXIS2_PLACEMENT_3D('',#13073,#13074,#13075);
#13073 = CARTESIAN_POINT('',(103.96,-86.08,0.));
#13074 = DIRECTION('',(-0.,0.,-1.));
#13075 = DIRECTION('',(-1.671865260612E-14,-1.,0.));
#13076 = FACE_BOUND('',#13077,.F.);
#13077 = EDGE_LOOP('',(#13078));
#13078 = ORIENTED_EDGE('',*,*,#13079,.T.);
#13079 = EDGE_CURVE('',#13080,#13080,#13082,.T.);
#13080 = VERTEX_POINT('',#13081);
#13081 = CARTESIAN_POINT('',(112.8,-86.93,0.));
#13082 = CIRCLE('',#13083,0.85);
#13083 = AXIS2_PLACEMENT_3D('',#13084,#13085,#13086);
#13084 = CARTESIAN_POINT('',(112.8,-86.08,0.));
#13085 = DIRECTION('',(-0.,0.,-1.));
#13086 = DIRECTION('',(-1.671865260612E-14,-1.,0.));
#13087 = FACE_BOUND('',#13088,.F.);
#13088 = EDGE_LOOP('',(#13089));
#13089 = ORIENTED_EDGE('',*,*,#13090,.T.);
#13090 = EDGE_CURVE('',#13091,#13091,#13093,.T.);
#13091 = VERTEX_POINT('',#13092);
#13092 = CARTESIAN_POINT('',(114.07,-84.29,0.));
#13093 = CIRCLE('',#13094,0.75);
#13094 = AXIS2_PLACEMENT_3D('',#13095,#13096,#13097);
#13095 = CARTESIAN_POINT('',(114.07,-83.54,0.));
#13096 = DIRECTION('',(-0.,0.,-1.));
#13097 = DIRECTION('',(-0.,-1.,0.));
#13098 = FACE_BOUND('',#13099,.F.);
#13099 = EDGE_LOOP('',(#13100));
#13100 = ORIENTED_EDGE('',*,*,#13101,.T.);
#13101 = EDGE_CURVE('',#13102,#13102,#13104,.T.);
#13102 = VERTEX_POINT('',#13103);
#13103 = CARTESIAN_POINT('',(117.88,-88.08,0.));
#13104 = CIRCLE('',#13105,2.);
#13105 = AXIS2_PLACEMENT_3D('',#13106,#13107,#13108);
#13106 = CARTESIAN_POINT('',(117.88,-86.08,0.));
#13107 = DIRECTION('',(-0.,0.,-1.));
#13108 = DIRECTION('',(-0.,-1.,0.));
#13109 = FACE_BOUND('',#13110,.F.);
#13110 = EDGE_LOOP('',(#13111));
#13111 = ORIENTED_EDGE('',*,*,#13112,.T.);
#13112 = EDGE_CURVE('',#13113,#13113,#13115,.T.);
#13113 = VERTEX_POINT('',#13114);
#13114 = CARTESIAN_POINT('',(101.42,-81.75,0.));
#13115 = CIRCLE('',#13116,0.75);
#13116 = AXIS2_PLACEMENT_3D('',#13117,#13118,#13119);
#13117 = CARTESIAN_POINT('',(101.42,-81.,0.));
#13118 = DIRECTION('',(-0.,0.,-1.));
#13119 = DIRECTION('',(-0.,-1.,0.));
#13120 = FACE_BOUND('',#13121,.F.);
#13121 = EDGE_LOOP('',(#13122));
#13122 = ORIENTED_EDGE('',*,*,#13123,.T.);
#13123 = EDGE_CURVE('',#13124,#13124,#13126,.T.);
#13124 = VERTEX_POINT('',#13125);
#13125 = CARTESIAN_POINT('',(106.,-76.9,0.));
#13126 = CIRCLE('',#13127,0.4);
#13127 = AXIS2_PLACEMENT_3D('',#13128,#13129,#13130);
#13128 = CARTESIAN_POINT('',(106.,-76.5,0.));
#13129 = DIRECTION('',(-0.,0.,-1.));
#13130 = DIRECTION('',(-0.,-1.,0.));
#13131 = FACE_BOUND('',#13132,.F.);
#13132 = EDGE_LOOP('',(#13133));
#13133 = ORIENTED_EDGE('',*,*,#13134,.T.);
#13134 = EDGE_CURVE('',#13135,#13135,#13137,.T.);
#13135 = VERTEX_POINT('',#13136);
#13136 = CARTESIAN_POINT('',(117.38,-76.9,0.));
#13137 = CIRCLE('',#13138,0.4);
#13138 = AXIS2_PLACEMENT_3D('',#13139,#13140,#13141);
#13139 = CARTESIAN_POINT('',(117.38,-76.5,0.));
#13140 = DIRECTION('',(-0.,0.,-1.));
#13141 = DIRECTION('',(-0.,-1.,0.));
#13142 = FACE_BOUND('',#13143,.F.);
#13143 = EDGE_LOOP('',(#13144));
#13144 = ORIENTED_EDGE('',*,*,#13145,.T.);
#13145 = EDGE_CURVE('',#13146,#13146,#13148,.T.);
#13146 = VERTEX_POINT('',#13147);
#13147 = CARTESIAN_POINT('',(125.,-114.9,0.));
#13148 = CIRCLE('',#13149,0.4);
#13149 = AXIS2_PLACEMENT_3D('',#13150,#13151,#13152);
#13150 = CARTESIAN_POINT('',(125.,-114.5,0.));
#13151 = DIRECTION('',(-0.,0.,-1.));
#13152 = DIRECTION('',(-0.,-1.,0.));
#13153 = FACE_BOUND('',#13154,.F.);
#13154 = EDGE_LOOP('',(#13155));
#13155 = ORIENTED_EDGE('',*,*,#13156,.T.);
#13156 = EDGE_CURVE('',#13157,#13157,#13159,.T.);
#13157 = VERTEX_POINT('',#13158);
#13158 = CARTESIAN_POINT('',(136.38,-114.9,0.));
#13159 = CIRCLE('',#13160,0.4);
#13160 = AXIS2_PLACEMENT_3D('',#13161,#13162,#13163);
#13161 = CARTESIAN_POINT('',(136.38,-114.5,0.));
#13162 = DIRECTION('',(-0.,0.,-1.));
#13163 = DIRECTION('',(-0.,-1.,0.));
#13164 = FACE_BOUND('',#13165,.F.);
#13165 = EDGE_LOOP('',(#13166));
#13166 = ORIENTED_EDGE('',*,*,#13167,.T.);
#13167 = EDGE_CURVE('',#13168,#13168,#13170,.T.);
#13168 = VERTEX_POINT('',#13169);
#13169 = CARTESIAN_POINT('',(123.04,-105.93,0.));
#13170 = CIRCLE('',#13171,0.85);
#13171 = AXIS2_PLACEMENT_3D('',#13172,#13173,#13174);
#13172 = CARTESIAN_POINT('',(123.04,-105.08,0.));
#13173 = DIRECTION('',(-0.,0.,-1.));
#13174 = DIRECTION('',(1.671865260612E-14,-1.,-0.));
#13175 = FACE_BOUND('',#13176,.F.);
#13176 = EDGE_LOOP('',(#13177));
#13177 = ORIENTED_EDGE('',*,*,#13178,.T.);
#13178 = EDGE_CURVE('',#13179,#13179,#13181,.T.);
#13179 = VERTEX_POINT('',#13180);
#13180 = CARTESIAN_POINT('',(120.5,-100.75,0.));
#13181 = CIRCLE('',#13182,0.75);
#13182 = AXIS2_PLACEMENT_3D('',#13183,#13184,#13185);
#13183 = CARTESIAN_POINT('',(120.5,-100.,0.));
#13184 = DIRECTION('',(-0.,0.,-1.));
#13185 = DIRECTION('',(-0.,-1.,0.));
#13186 = FACE_BOUND('',#13187,.F.);
#13187 = EDGE_LOOP('',(#13188));
#13188 = ORIENTED_EDGE('',*,*,#13189,.T.);
#13189 = EDGE_CURVE('',#13190,#13190,#13192,.T.);
#13190 = VERTEX_POINT('',#13191);
#13191 = CARTESIAN_POINT('',(124.5,-95.9,0.));
#13192 = CIRCLE('',#13193,0.4);
#13193 = AXIS2_PLACEMENT_3D('',#13194,#13195,#13196);
#13194 = CARTESIAN_POINT('',(124.5,-95.5,0.));
#13195 = DIRECTION('',(-0.,0.,-1.));
#13196 = DIRECTION('',(-0.,-1.,0.));
#13197 = FACE_BOUND('',#13198,.F.);
#13198 = EDGE_LOOP('',(#13199));
#13199 = ORIENTED_EDGE('',*,*,#13200,.T.);
#13200 = EDGE_CURVE('',#13201,#13201,#13203,.T.);
#13201 = VERTEX_POINT('',#13202);
#13202 = CARTESIAN_POINT('',(131.88,-105.93,0.));
#13203 = CIRCLE('',#13204,0.85);
#13204 = AXIS2_PLACEMENT_3D('',#13205,#13206,#13207);
#13205 = CARTESIAN_POINT('',(131.88,-105.08,0.));
#13206 = DIRECTION('',(-0.,0.,-1.));
#13207 = DIRECTION('',(-0.,-1.,0.));
#13208 = FACE_BOUND('',#13209,.F.);
#13209 = EDGE_LOOP('',(#13210));
#13210 = ORIENTED_EDGE('',*,*,#13211,.T.);
#13211 = EDGE_CURVE('',#13212,#13212,#13214,.T.);
#13212 = VERTEX_POINT('',#13213);
#13213 = CARTESIAN_POINT('',(133.15,-103.29,0.));
#13214 = CIRCLE('',#13215,0.75);
#13215 = AXIS2_PLACEMENT_3D('',#13216,#13217,#13218);
#13216 = CARTESIAN_POINT('',(133.15,-102.54,0.));
#13217 = DIRECTION('',(-0.,0.,-1.));
#13218 = DIRECTION('',(-0.,-1.,0.));
#13219 = FACE_BOUND('',#13220,.F.);
#13220 = EDGE_LOOP('',(#13221));
#13221 = ORIENTED_EDGE('',*,*,#13222,.T.);
#13222 = EDGE_CURVE('',#13223,#13223,#13225,.T.);
#13223 = VERTEX_POINT('',#13224);
#13224 = CARTESIAN_POINT('',(136.96,-107.08,0.));
#13225 = CIRCLE('',#13226,2.);
#13226 = AXIS2_PLACEMENT_3D('',#13227,#13228,#13229);
#13227 = CARTESIAN_POINT('',(136.96,-105.08,0.));
#13228 = DIRECTION('',(-0.,0.,-1.));
#13229 = DIRECTION('',(-0.,-1.,0.));
#13230 = FACE_BOUND('',#13231,.F.);
#13231 = EDGE_LOOP('',(#13232));
#13232 = ORIENTED_EDGE('',*,*,#13233,.T.);
#13233 = EDGE_CURVE('',#13234,#13234,#13236,.T.);
#13234 = VERTEX_POINT('',#13235);
#13235 = CARTESIAN_POINT('',(136.88,-95.9,0.));
#13236 = CIRCLE('',#13237,0.4);
#13237 = AXIS2_PLACEMENT_3D('',#13238,#13239,#13240);
#13238 = CARTESIAN_POINT('',(136.88,-95.5,0.));
#13239 = DIRECTION('',(-0.,0.,-1.));
#13240 = DIRECTION('',(-0.,-1.,0.));
#13241 = FACE_BOUND('',#13242,.F.);
#13242 = EDGE_LOOP('',(#13243));
#13243 = ORIENTED_EDGE('',*,*,#13244,.T.);
#13244 = EDGE_CURVE('',#13245,#13245,#13247,.T.);
#13245 = VERTEX_POINT('',#13246);
#13246 = CARTESIAN_POINT('',(144.,-114.9,0.));
#13247 = CIRCLE('',#13248,0.4);
#13248 = AXIS2_PLACEMENT_3D('',#13249,#13250,#13251);
#13249 = CARTESIAN_POINT('',(144.,-114.5,0.));
#13250 = DIRECTION('',(-0.,0.,-1.));
#13251 = DIRECTION('',(-0.,-1.,0.));
#13252 = FACE_BOUND('',#13253,.F.);
#13253 = EDGE_LOOP('',(#13254));
#13254 = ORIENTED_EDGE('',*,*,#13255,.T.);
#13255 = EDGE_CURVE('',#13256,#13256,#13258,.T.);
#13256 = VERTEX_POINT('',#13257);
#13257 = CARTESIAN_POINT('',(155.5,-117.1,0.));
#13258 = CIRCLE('',#13259,1.6);
#13259 = AXIS2_PLACEMENT_3D('',#13260,#13261,#13262);
#13260 = CARTESIAN_POINT('',(155.5,-115.5,0.));
#13261 = DIRECTION('',(-0.,0.,-1.));
#13262 = DIRECTION('',(-0.,-1.,0.));
#13263 = FACE_BOUND('',#13264,.F.);
#13264 = EDGE_LOOP('',(#13265));
#13265 = ORIENTED_EDGE('',*,*,#13266,.T.);
#13266 = EDGE_CURVE('',#13267,#13267,#13269,.T.);
#13267 = VERTEX_POINT('',#13268);
#13268 = CARTESIAN_POINT('',(142.04,-105.93,0.));
#13269 = CIRCLE('',#13270,0.85);
#13270 = AXIS2_PLACEMENT_3D('',#13271,#13272,#13273);
#13271 = CARTESIAN_POINT('',(142.04,-105.08,0.));
#13272 = DIRECTION('',(-0.,0.,-1.));
#13273 = DIRECTION('',(-0.,-1.,0.));
#13274 = FACE_BOUND('',#13275,.F.);
#13275 = EDGE_LOOP('',(#13276));
#13276 = ORIENTED_EDGE('',*,*,#13277,.T.);
#13277 = EDGE_CURVE('',#13278,#13278,#13280,.T.);
#13278 = VERTEX_POINT('',#13279);
#13279 = CARTESIAN_POINT('',(139.5,-100.75,0.));
#13280 = CIRCLE('',#13281,0.75);
#13281 = AXIS2_PLACEMENT_3D('',#13282,#13283,#13284);
#13282 = CARTESIAN_POINT('',(139.5,-100.,0.));
#13283 = DIRECTION('',(-0.,0.,-1.));
#13284 = DIRECTION('',(-0.,-1.,0.));
#13285 = FACE_BOUND('',#13286,.F.);
#13286 = EDGE_LOOP('',(#13287));
#13287 = ORIENTED_EDGE('',*,*,#13288,.T.);
#13288 = EDGE_CURVE('',#13289,#13289,#13291,.T.);
#13289 = VERTEX_POINT('',#13290);
#13290 = CARTESIAN_POINT('',(144.5,-95.9,0.));
#13291 = CIRCLE('',#13292,0.4);
#13292 = AXIS2_PLACEMENT_3D('',#13293,#13294,#13295);
#13293 = CARTESIAN_POINT('',(144.5,-95.5,0.));
#13294 = DIRECTION('',(-0.,0.,-1.));
#13295 = DIRECTION('',(-0.,-1.,0.));
#13296 = FACE_BOUND('',#13297,.F.);
#13297 = EDGE_LOOP('',(#13298));
#13298 = ORIENTED_EDGE('',*,*,#13299,.T.);
#13299 = EDGE_CURVE('',#13300,#13300,#13302,.T.);
#13300 = VERTEX_POINT('',#13301);
#13301 = CARTESIAN_POINT('',(122.96,-86.93,0.));
#13302 = CIRCLE('',#13303,0.85);
#13303 = AXIS2_PLACEMENT_3D('',#13304,#13305,#13306);
#13304 = CARTESIAN_POINT('',(122.96,-86.08,0.));
#13305 = DIRECTION('',(-0.,0.,-1.));
#13306 = DIRECTION('',(-1.671865260612E-14,-1.,0.));
#13307 = FACE_BOUND('',#13308,.F.);
#13308 = EDGE_LOOP('',(#13309));
#13309 = ORIENTED_EDGE('',*,*,#13310,.T.);
#13310 = EDGE_CURVE('',#13311,#13311,#13313,.T.);
#13311 = VERTEX_POINT('',#13312);
#13312 = CARTESIAN_POINT('',(131.8,-86.93,0.));
#13313 = CIRCLE('',#13314,0.85);
#13314 = AXIS2_PLACEMENT_3D('',#13315,#13316,#13317);
#13315 = CARTESIAN_POINT('',(131.8,-86.08,0.));
#13316 = DIRECTION('',(-0.,0.,-1.));
#13317 = DIRECTION('',(-0.,-1.,0.));
#13318 = FACE_BOUND('',#13319,.F.);
#13319 = EDGE_LOOP('',(#13320));
#13320 = ORIENTED_EDGE('',*,*,#13321,.T.);
#13321 = EDGE_CURVE('',#13322,#13322,#13324,.T.);
#13322 = VERTEX_POINT('',#13323);
#13323 = CARTESIAN_POINT('',(133.07,-84.29,0.));
#13324 = CIRCLE('',#13325,0.75);
#13325 = AXIS2_PLACEMENT_3D('',#13326,#13327,#13328);
#13326 = CARTESIAN_POINT('',(133.07,-83.54,0.));
#13327 = DIRECTION('',(-0.,0.,-1.));
#13328 = DIRECTION('',(-0.,-1.,0.));
#13329 = FACE_BOUND('',#13330,.F.);
#13330 = EDGE_LOOP('',(#13331));
#13331 = ORIENTED_EDGE('',*,*,#13332,.T.);
#13332 = EDGE_CURVE('',#13333,#13333,#13335,.T.);
#13333 = VERTEX_POINT('',#13334);
#13334 = CARTESIAN_POINT('',(136.88,-88.08,0.));
#13335 = CIRCLE('',#13336,2.);
#13336 = AXIS2_PLACEMENT_3D('',#13337,#13338,#13339);
#13337 = CARTESIAN_POINT('',(136.88,-86.08,0.));
#13338 = DIRECTION('',(-0.,0.,-1.));
#13339 = DIRECTION('',(-0.,-1.,0.));
#13340 = FACE_BOUND('',#13341,.F.);
#13341 = EDGE_LOOP('',(#13342));
#13342 = ORIENTED_EDGE('',*,*,#13343,.T.);
#13343 = EDGE_CURVE('',#13344,#13344,#13346,.T.);
#13344 = VERTEX_POINT('',#13345);
#13345 = CARTESIAN_POINT('',(120.42,-81.75,0.));
#13346 = CIRCLE('',#13347,0.75);
#13347 = AXIS2_PLACEMENT_3D('',#13348,#13349,#13350);
#13348 = CARTESIAN_POINT('',(120.42,-81.,0.));
#13349 = DIRECTION('',(-0.,0.,-1.));
#13350 = DIRECTION('',(-0.,-1.,0.));
#13351 = FACE_BOUND('',#13352,.F.);
#13352 = EDGE_LOOP('',(#13353));
#13353 = ORIENTED_EDGE('',*,*,#13354,.T.);
#13354 = EDGE_CURVE('',#13355,#13355,#13357,.T.);
#13355 = VERTEX_POINT('',#13356);
#13356 = CARTESIAN_POINT('',(125.,-76.9,0.));
#13357 = CIRCLE('',#13358,0.4);
#13358 = AXIS2_PLACEMENT_3D('',#13359,#13360,#13361);
#13359 = CARTESIAN_POINT('',(125.,-76.5,0.));
#13360 = DIRECTION('',(-0.,0.,-1.));
#13361 = DIRECTION('',(-0.,-1.,0.));
#13362 = FACE_BOUND('',#13363,.F.);
#13363 = EDGE_LOOP('',(#13364));
#13364 = ORIENTED_EDGE('',*,*,#13365,.T.);
#13365 = EDGE_CURVE('',#13366,#13366,#13368,.T.);
#13366 = VERTEX_POINT('',#13367);
#13367 = CARTESIAN_POINT('',(136.38,-76.9,0.));
#13368 = CIRCLE('',#13369,0.4);
#13369 = AXIS2_PLACEMENT_3D('',#13370,#13371,#13372);
#13370 = CARTESIAN_POINT('',(136.38,-76.5,0.));
#13371 = DIRECTION('',(-0.,0.,-1.));
#13372 = DIRECTION('',(-0.,-1.,0.));
#13373 = FACE_BOUND('',#13374,.F.);
#13374 = EDGE_LOOP('',(#13375));
#13375 = ORIENTED_EDGE('',*,*,#13376,.T.);
#13376 = EDGE_CURVE('',#13377,#13377,#13379,.T.);
#13377 = VERTEX_POINT('',#13378);
#13378 = CARTESIAN_POINT('',(141.96,-86.93,0.));
#13379 = CIRCLE('',#13380,0.85);
#13380 = AXIS2_PLACEMENT_3D('',#13381,#13382,#13383);
#13381 = CARTESIAN_POINT('',(141.96,-86.08,0.));
#13382 = DIRECTION('',(-0.,0.,-1.));
#13383 = DIRECTION('',(-0.,-1.,0.));
#13384 = FACE_BOUND('',#13385,.F.);
#13385 = EDGE_LOOP('',(#13386));
#13386 = ORIENTED_EDGE('',*,*,#13387,.T.);
#13387 = EDGE_CURVE('',#13388,#13388,#13390,.T.);
#13388 = VERTEX_POINT('',#13389);
#13389 = CARTESIAN_POINT('',(139.42,-81.75,0.));
#13390 = CIRCLE('',#13391,0.75);
#13391 = AXIS2_PLACEMENT_3D('',#13392,#13393,#13394);
#13392 = CARTESIAN_POINT('',(139.42,-81.,0.));
#13393 = DIRECTION('',(-0.,0.,-1.));
#13394 = DIRECTION('',(-0.,-1.,0.));
#13395 = FACE_BOUND('',#13396,.F.);
#13396 = EDGE_LOOP('',(#13397));
#13397 = ORIENTED_EDGE('',*,*,#13398,.T.);
#13398 = EDGE_CURVE('',#13399,#13399,#13401,.T.);
#13399 = VERTEX_POINT('',#13400);
#13400 = CARTESIAN_POINT('',(144.,-76.9,0.));
#13401 = CIRCLE('',#13402,0.4);
#13402 = AXIS2_PLACEMENT_3D('',#13403,#13404,#13405);
#13403 = CARTESIAN_POINT('',(144.,-76.5,0.));
#13404 = DIRECTION('',(-0.,0.,-1.));
#13405 = DIRECTION('',(-0.,-1.,0.));
#13406 = FACE_BOUND('',#13407,.F.);
#13407 = EDGE_LOOP('',(#13408));
#13408 = ORIENTED_EDGE('',*,*,#13409,.T.);
#13409 = EDGE_CURVE('',#13410,#13410,#13412,.T.);
#13410 = VERTEX_POINT('',#13411);
#13411 = CARTESIAN_POINT('',(93.8,-67.93,0.));
#13412 = CIRCLE('',#13413,0.85);
#13413 = AXIS2_PLACEMENT_3D('',#13414,#13415,#13416);
#13414 = CARTESIAN_POINT('',(93.8,-67.08,0.));
#13415 = DIRECTION('',(-0.,0.,-1.));
#13416 = DIRECTION('',(-1.671865260612E-14,-1.,0.));
#13417 = FACE_BOUND('',#13418,.F.);
#13418 = EDGE_LOOP('',(#13419));
#13419 = ORIENTED_EDGE('',*,*,#13420,.T.);
#13420 = EDGE_CURVE('',#13421,#13421,#13423,.T.);
#13421 = VERTEX_POINT('',#13422);
#13422 = CARTESIAN_POINT('',(98.88,-69.08,0.));
#13423 = CIRCLE('',#13424,2.);
#13424 = AXIS2_PLACEMENT_3D('',#13425,#13426,#13427);
#13425 = CARTESIAN_POINT('',(98.88,-67.08,0.));
#13426 = DIRECTION('',(-0.,0.,-1.));
#13427 = DIRECTION('',(-0.,-1.,0.));
#13428 = FACE_BOUND('',#13429,.F.);
#13429 = EDGE_LOOP('',(#13430));
#13430 = ORIENTED_EDGE('',*,*,#13431,.T.);
#13431 = EDGE_CURVE('',#13432,#13432,#13434,.T.);
#13432 = VERTEX_POINT('',#13433);
#13433 = CARTESIAN_POINT('',(95.07,-65.29,0.));
#13434 = CIRCLE('',#13435,0.75);
#13435 = AXIS2_PLACEMENT_3D('',#13436,#13437,#13438);
#13436 = CARTESIAN_POINT('',(95.07,-64.54,0.));
#13437 = DIRECTION('',(-0.,0.,-1.));
#13438 = DIRECTION('',(-0.,-1.,0.));
#13439 = FACE_BOUND('',#13440,.F.);
#13440 = EDGE_LOOP('',(#13441));
#13441 = ORIENTED_EDGE('',*,*,#13442,.T.);
#13442 = EDGE_CURVE('',#13443,#13443,#13445,.T.);
#13443 = VERTEX_POINT('',#13444);
#13444 = CARTESIAN_POINT('',(94.5,-51.54,0.));
#13445 = CIRCLE('',#13446,0.5);
#13446 = AXIS2_PLACEMENT_3D('',#13447,#13448,#13449);
#13447 = CARTESIAN_POINT('',(94.5,-51.04,0.));
#13448 = DIRECTION('',(-0.,0.,-1.));
#13449 = DIRECTION('',(-0.,-1.,0.));
#13450 = FACE_BOUND('',#13451,.F.);
#13451 = EDGE_LOOP('',(#13452));
#13452 = ORIENTED_EDGE('',*,*,#13453,.T.);
#13453 = EDGE_CURVE('',#13454,#13454,#13456,.T.);
#13454 = VERTEX_POINT('',#13455);
#13455 = CARTESIAN_POINT('',(103.96,-67.93,0.));
#13456 = CIRCLE('',#13457,0.85);
#13457 = AXIS2_PLACEMENT_3D('',#13458,#13459,#13460);
#13458 = CARTESIAN_POINT('',(103.96,-67.08,0.));
#13459 = DIRECTION('',(-0.,0.,-1.));
#13460 = DIRECTION('',(-1.671865260612E-14,-1.,0.));
#13461 = FACE_BOUND('',#13462,.F.);
#13462 = EDGE_LOOP('',(#13463));
#13463 = ORIENTED_EDGE('',*,*,#13464,.T.);
#13464 = EDGE_CURVE('',#13465,#13465,#13467,.T.);
#13465 = VERTEX_POINT('',#13466);
#13466 = CARTESIAN_POINT('',(101.42,-62.75,0.));
#13467 = CIRCLE('',#13468,0.75);
#13468 = AXIS2_PLACEMENT_3D('',#13469,#13470,#13471);
#13469 = CARTESIAN_POINT('',(101.42,-62.,0.));
#13470 = DIRECTION('',(-0.,0.,-1.));
#13471 = DIRECTION('',(-0.,-1.,0.));
#13472 = FACE_BOUND('',#13473,.F.);
#13473 = EDGE_LOOP('',(#13474));
#13474 = ORIENTED_EDGE('',*,*,#13475,.T.);
#13475 = EDGE_CURVE('',#13476,#13476,#13478,.T.);
#13476 = VERTEX_POINT('',#13477);
#13477 = CARTESIAN_POINT('',(112.8,-67.93,0.));
#13478 = CIRCLE('',#13479,0.85);
#13479 = AXIS2_PLACEMENT_3D('',#13480,#13481,#13482);
#13480 = CARTESIAN_POINT('',(112.8,-67.08,0.));
#13481 = DIRECTION('',(-0.,0.,-1.));
#13482 = DIRECTION('',(-1.671865260612E-14,-1.,0.));
#13483 = FACE_BOUND('',#13484,.F.);
#13484 = EDGE_LOOP('',(#13485));
#13485 = ORIENTED_EDGE('',*,*,#13486,.T.);
#13486 = EDGE_CURVE('',#13487,#13487,#13489,.T.);
#13487 = VERTEX_POINT('',#13488);
#13488 = CARTESIAN_POINT('',(117.88,-69.08,0.));
#13489 = CIRCLE('',#13490,2.);
#13490 = AXIS2_PLACEMENT_3D('',#13491,#13492,#13493);
#13491 = CARTESIAN_POINT('',(117.88,-67.08,0.));
#13492 = DIRECTION('',(-0.,0.,-1.));
#13493 = DIRECTION('',(-0.,-1.,0.));
#13494 = FACE_BOUND('',#13495,.F.);
#13495 = EDGE_LOOP('',(#13496));
#13496 = ORIENTED_EDGE('',*,*,#13497,.T.);
#13497 = EDGE_CURVE('',#13498,#13498,#13500,.T.);
#13498 = VERTEX_POINT('',#13499);
#13499 = CARTESIAN_POINT('',(114.07,-65.29,0.));
#13500 = CIRCLE('',#13501,0.75);
#13501 = AXIS2_PLACEMENT_3D('',#13502,#13503,#13504);
#13502 = CARTESIAN_POINT('',(114.07,-64.54,0.));
#13503 = DIRECTION('',(-0.,0.,-1.));
#13504 = DIRECTION('',(-0.,-1.,0.));
#13505 = FACE_BOUND('',#13506,.F.);
#13506 = EDGE_LOOP('',(#13507));
#13507 = ORIENTED_EDGE('',*,*,#13508,.T.);
#13508 = EDGE_CURVE('',#13509,#13509,#13511,.T.);
#13509 = VERTEX_POINT('',#13510);
#13510 = CARTESIAN_POINT('',(94.5,-49.,0.));
#13511 = CIRCLE('',#13512,0.5);
#13512 = AXIS2_PLACEMENT_3D('',#13513,#13514,#13515);
#13513 = CARTESIAN_POINT('',(94.5,-48.5,0.));
#13514 = DIRECTION('',(-0.,0.,-1.));
#13515 = DIRECTION('',(-0.,-1.,0.));
#13516 = FACE_BOUND('',#13517,.F.);
#13517 = EDGE_LOOP('',(#13518));
#13518 = ORIENTED_EDGE('',*,*,#13519,.T.);
#13519 = EDGE_CURVE('',#13520,#13520,#13522,.T.);
#13520 = VERTEX_POINT('',#13521);
#13521 = CARTESIAN_POINT('',(94.5,-46.46,0.));
#13522 = CIRCLE('',#13523,0.5);
#13523 = AXIS2_PLACEMENT_3D('',#13524,#13525,#13526);
#13524 = CARTESIAN_POINT('',(94.5,-45.96,0.));
#13525 = DIRECTION('',(-0.,0.,-1.));
#13526 = DIRECTION('',(-0.,-1.,0.));
#13527 = FACE_BOUND('',#13528,.F.);
#13528 = EDGE_LOOP('',(#13529));
#13529 = ORIENTED_EDGE('',*,*,#13530,.T.);
#13530 = EDGE_CURVE('',#13531,#13531,#13533,.T.);
#13531 = VERTEX_POINT('',#13532);
#13532 = CARTESIAN_POINT('',(94.5,-43.92,0.));
#13533 = CIRCLE('',#13534,0.5);
#13534 = AXIS2_PLACEMENT_3D('',#13535,#13536,#13537);
#13535 = CARTESIAN_POINT('',(94.5,-43.42,0.));
#13536 = DIRECTION('',(-0.,0.,-1.));
#13537 = DIRECTION('',(-0.,-1.,0.));
#13538 = FACE_BOUND('',#13539,.F.);
#13539 = EDGE_LOOP('',(#13540));
#13540 = ORIENTED_EDGE('',*,*,#13541,.T.);
#13541 = EDGE_CURVE('',#13542,#13542,#13544,.T.);
#13542 = VERTEX_POINT('',#13543);
#13543 = CARTESIAN_POINT('',(94.5,-41.38,0.));
#13544 = CIRCLE('',#13545,0.5);
#13545 = AXIS2_PLACEMENT_3D('',#13546,#13547,#13548);
#13546 = CARTESIAN_POINT('',(94.5,-40.88,0.));
#13547 = DIRECTION('',(-0.,0.,-1.));
#13548 = DIRECTION('',(-0.,-1.,0.));
#13549 = FACE_BOUND('',#13550,.F.);
#13550 = EDGE_LOOP('',(#13551));
#13551 = ORIENTED_EDGE('',*,*,#13552,.T.);
#13552 = EDGE_CURVE('',#13553,#13553,#13555,.T.);
#13553 = VERTEX_POINT('',#13554);
#13554 = CARTESIAN_POINT('',(94.5,-38.84,0.));
#13555 = CIRCLE('',#13556,0.5);
#13556 = AXIS2_PLACEMENT_3D('',#13557,#13558,#13559);
#13557 = CARTESIAN_POINT('',(94.5,-38.34,0.));
#13558 = DIRECTION('',(-0.,0.,-1.));
#13559 = DIRECTION('',(-0.,-1.,0.));
#13560 = FACE_BOUND('',#13561,.F.);
#13561 = EDGE_LOOP('',(#13562));
#13562 = ORIENTED_EDGE('',*,*,#13563,.T.);
#13563 = EDGE_CURVE('',#13564,#13564,#13566,.T.);
#13564 = VERTEX_POINT('',#13565);
#13565 = CARTESIAN_POINT('',(83.5,-29.6,0.));
#13566 = CIRCLE('',#13567,1.6);
#13567 = AXIS2_PLACEMENT_3D('',#13568,#13569,#13570);
#13568 = CARTESIAN_POINT('',(83.5,-28.,0.));
#13569 = DIRECTION('',(-0.,0.,-1.));
#13570 = DIRECTION('',(-0.,-1.,0.));
#13571 = FACE_BOUND('',#13572,.F.);
#13572 = EDGE_LOOP('',(#13573));
#13573 = ORIENTED_EDGE('',*,*,#13574,.T.);
#13574 = EDGE_CURVE('',#13575,#13575,#13577,.T.);
#13575 = VERTEX_POINT('',#13576);
#13576 = CARTESIAN_POINT('',(94.5,-36.3,0.));
#13577 = CIRCLE('',#13578,0.5);
#13578 = AXIS2_PLACEMENT_3D('',#13579,#13580,#13581);
#13579 = CARTESIAN_POINT('',(94.5,-35.8,0.));
#13580 = DIRECTION('',(-0.,0.,-1.));
#13581 = DIRECTION('',(-0.,-1.,0.));
#13582 = FACE_BOUND('',#13583,.F.);
#13583 = EDGE_LOOP('',(#13584));
#13584 = ORIENTED_EDGE('',*,*,#13585,.T.);
#13585 = EDGE_CURVE('',#13586,#13586,#13588,.T.);
#13586 = VERTEX_POINT('',#13587);
#13587 = CARTESIAN_POINT('',(94.5,-33.76,0.));
#13588 = CIRCLE('',#13589,0.5);
#13589 = AXIS2_PLACEMENT_3D('',#13590,#13591,#13592);
#13590 = CARTESIAN_POINT('',(94.5,-33.26,0.));
#13591 = DIRECTION('',(-0.,0.,-1.));
#13592 = DIRECTION('',(-0.,-1.,0.));
#13593 = FACE_BOUND('',#13594,.F.);
#13594 = EDGE_LOOP('',(#13595));
#13595 = ORIENTED_EDGE('',*,*,#13596,.T.);
#13596 = EDGE_CURVE('',#13597,#13597,#13599,.T.);
#13597 = VERTEX_POINT('',#13598);
#13598 = CARTESIAN_POINT('',(111.5,-47.3,0.));
#13599 = CIRCLE('',#13600,0.5);
#13600 = AXIS2_PLACEMENT_3D('',#13601,#13602,#13603);
#13601 = CARTESIAN_POINT('',(111.5,-46.8,0.));
#13602 = DIRECTION('',(-0.,0.,-1.));
#13603 = DIRECTION('',(-0.,-1.,0.));
#13604 = FACE_BOUND('',#13605,.F.);
#13605 = EDGE_LOOP('',(#13606));
#13606 = ORIENTED_EDGE('',*,*,#13607,.T.);
#13607 = EDGE_CURVE('',#13608,#13608,#13610,.T.);
#13608 = VERTEX_POINT('',#13609);
#13609 = CARTESIAN_POINT('',(111.5,-39.7,0.));
#13610 = CIRCLE('',#13611,0.5);
#13611 = AXIS2_PLACEMENT_3D('',#13612,#13613,#13614);
#13612 = CARTESIAN_POINT('',(111.5,-39.2,0.));
#13613 = DIRECTION('',(-0.,0.,-1.));
#13614 = DIRECTION('',(-0.,-1.,0.));
#13615 = FACE_BOUND('',#13616,.F.);
#13616 = EDGE_LOOP('',(#13617));
#13617 = ORIENTED_EDGE('',*,*,#13618,.T.);
#13618 = EDGE_CURVE('',#13619,#13619,#13621,.T.);
#13619 = VERTEX_POINT('',#13620);
#13620 = CARTESIAN_POINT('',(122.96,-67.93,0.));
#13621 = CIRCLE('',#13622,0.85);
#13622 = AXIS2_PLACEMENT_3D('',#13623,#13624,#13625);
#13623 = CARTESIAN_POINT('',(122.96,-67.08,0.));
#13624 = DIRECTION('',(-0.,0.,-1.));
#13625 = DIRECTION('',(-1.671865260612E-14,-1.,0.));
#13626 = FACE_BOUND('',#13627,.F.);
#13627 = EDGE_LOOP('',(#13628));
#13628 = ORIENTED_EDGE('',*,*,#13629,.T.);
#13629 = EDGE_CURVE('',#13630,#13630,#13632,.T.);
#13630 = VERTEX_POINT('',#13631);
#13631 = CARTESIAN_POINT('',(120.42,-62.75,0.));
#13632 = CIRCLE('',#13633,0.75);
#13633 = AXIS2_PLACEMENT_3D('',#13634,#13635,#13636);
#13634 = CARTESIAN_POINT('',(120.42,-62.,0.));
#13635 = DIRECTION('',(-0.,0.,-1.));
#13636 = DIRECTION('',(-0.,-1.,0.));
#13637 = FACE_BOUND('',#13638,.F.);
#13638 = EDGE_LOOP('',(#13639));
#13639 = ORIENTED_EDGE('',*,*,#13640,.T.);
#13640 = EDGE_CURVE('',#13641,#13641,#13643,.T.);
#13641 = VERTEX_POINT('',#13642);
#13642 = CARTESIAN_POINT('',(131.88,-67.93,0.));
#13643 = CIRCLE('',#13644,0.85);
#13644 = AXIS2_PLACEMENT_3D('',#13645,#13646,#13647);
#13645 = CARTESIAN_POINT('',(131.88,-67.08,0.));
#13646 = DIRECTION('',(-0.,0.,-1.));
#13647 = DIRECTION('',(-0.,-1.,0.));
#13648 = FACE_BOUND('',#13649,.F.);
#13649 = EDGE_LOOP('',(#13650));
#13650 = ORIENTED_EDGE('',*,*,#13651,.T.);
#13651 = EDGE_CURVE('',#13652,#13652,#13654,.T.);
#13652 = VERTEX_POINT('',#13653);
#13653 = CARTESIAN_POINT('',(136.96,-69.08,0.));
#13654 = CIRCLE('',#13655,2.);
#13655 = AXIS2_PLACEMENT_3D('',#13656,#13657,#13658);
#13656 = CARTESIAN_POINT('',(136.96,-67.08,0.));
#13657 = DIRECTION('',(-0.,0.,-1.));
#13658 = DIRECTION('',(-0.,-1.,0.));
#13659 = FACE_BOUND('',#13660,.F.);
#13660 = EDGE_LOOP('',(#13661));
#13661 = ORIENTED_EDGE('',*,*,#13662,.T.);
#13662 = EDGE_CURVE('',#13663,#13663,#13665,.T.);
#13663 = VERTEX_POINT('',#13664);
#13664 = CARTESIAN_POINT('',(133.15,-65.29,0.));
#13665 = CIRCLE('',#13666,0.75);
#13666 = AXIS2_PLACEMENT_3D('',#13667,#13668,#13669);
#13667 = CARTESIAN_POINT('',(133.15,-64.54,0.));
#13668 = DIRECTION('',(-0.,0.,-1.));
#13669 = DIRECTION('',(-0.,-1.,0.));
#13670 = FACE_BOUND('',#13671,.F.);
#13671 = EDGE_LOOP('',(#13672));
#13672 = ORIENTED_EDGE('',*,*,#13673,.T.);
#13673 = EDGE_CURVE('',#13674,#13674,#13676,.T.);
#13674 = VERTEX_POINT('',#13675);
#13675 = CARTESIAN_POINT('',(128.76,-51.1845,0.));
#13676 = CIRCLE('',#13677,0.4445);
#13677 = AXIS2_PLACEMENT_3D('',#13678,#13679,#13680);
#13678 = CARTESIAN_POINT('',(128.76,-50.74,0.));
#13679 = DIRECTION('',(-0.,0.,-1.));
#13680 = DIRECTION('',(-0.,-1.,0.));
#13681 = FACE_BOUND('',#13682,.F.);
#13682 = EDGE_LOOP('',(#13683));
#13683 = ORIENTED_EDGE('',*,*,#13684,.T.);
#13684 = EDGE_CURVE('',#13685,#13685,#13687,.T.);
#13685 = VERTEX_POINT('',#13686);
#13686 = CARTESIAN_POINT('',(142.04,-67.93,0.));
#13687 = CIRCLE('',#13688,0.85);
#13688 = AXIS2_PLACEMENT_3D('',#13689,#13690,#13691);
#13689 = CARTESIAN_POINT('',(142.04,-67.08,0.));
#13690 = DIRECTION('',(-0.,0.,-1.));
#13691 = DIRECTION('',(-0.,-1.,0.));
#13692 = FACE_BOUND('',#13693,.F.);
#13693 = EDGE_LOOP('',(#13694));
#13694 = ORIENTED_EDGE('',*,*,#13695,.T.);
#13695 = EDGE_CURVE('',#13696,#13696,#13698,.T.);
#13696 = VERTEX_POINT('',#13697);
#13697 = CARTESIAN_POINT('',(139.5,-62.75,0.));
#13698 = CIRCLE('',#13699,0.75);
#13699 = AXIS2_PLACEMENT_3D('',#13700,#13701,#13702);
#13700 = CARTESIAN_POINT('',(139.5,-62.,0.));
#13701 = DIRECTION('',(-0.,0.,-1.));
#13702 = DIRECTION('',(-0.,-1.,0.));
#13703 = FACE_BOUND('',#13704,.F.);
#13704 = EDGE_LOOP('',(#13705));
#13705 = ORIENTED_EDGE('',*,*,#13706,.T.);
#13706 = EDGE_CURVE('',#13707,#13707,#13709,.T.);
#13707 = VERTEX_POINT('',#13708);
#13708 = CARTESIAN_POINT('',(144.,-51.1845,0.));
#13709 = CIRCLE('',#13710,0.4445);
#13710 = AXIS2_PLACEMENT_3D('',#13711,#13712,#13713);
#13711 = CARTESIAN_POINT('',(144.,-50.74,0.));
#13712 = DIRECTION('',(-0.,0.,-1.));
#13713 = DIRECTION('',(-0.,-1.,0.));
#13714 = FACE_BOUND('',#13715,.F.);
#13715 = EDGE_LOOP('',(#13716));
#13716 = ORIENTED_EDGE('',*,*,#13717,.T.);
#13717 = EDGE_CURVE('',#13718,#13718,#13720,.T.);
#13718 = VERTEX_POINT('',#13719);
#13719 = CARTESIAN_POINT('',(128.76,-48.6445,0.));
#13720 = CIRCLE('',#13721,0.4445);
#13721 = AXIS2_PLACEMENT_3D('',#13722,#13723,#13724);
#13722 = CARTESIAN_POINT('',(128.76,-48.2,0.));
#13723 = DIRECTION('',(-0.,0.,-1.));
#13724 = DIRECTION('',(-0.,-1.,0.));
#13725 = FACE_BOUND('',#13726,.F.);
#13726 = EDGE_LOOP('',(#13727));
#13727 = ORIENTED_EDGE('',*,*,#13728,.T.);
#13728 = EDGE_CURVE('',#13729,#13729,#13731,.T.);
#13729 = VERTEX_POINT('',#13730);
#13730 = CARTESIAN_POINT('',(128.76,-46.1045,0.));
#13731 = CIRCLE('',#13732,0.4445);
#13732 = AXIS2_PLACEMENT_3D('',#13733,#13734,#13735);
#13733 = CARTESIAN_POINT('',(128.76,-45.66,0.));
#13734 = DIRECTION('',(-0.,0.,-1.));
#13735 = DIRECTION('',(-0.,-1.,0.));
#13736 = FACE_BOUND('',#13737,.F.);
#13737 = EDGE_LOOP('',(#13738));
#13738 = ORIENTED_EDGE('',*,*,#13739,.T.);
#13739 = EDGE_CURVE('',#13740,#13740,#13742,.T.);
#13740 = VERTEX_POINT('',#13741);
#13741 = CARTESIAN_POINT('',(128.76,-43.5645,0.));
#13742 = CIRCLE('',#13743,0.4445);
#13743 = AXIS2_PLACEMENT_3D('',#13744,#13745,#13746);
#13744 = CARTESIAN_POINT('',(128.76,-43.12,0.));
#13745 = DIRECTION('',(-0.,0.,-1.));
#13746 = DIRECTION('',(-0.,-1.,0.));
#13747 = FACE_BOUND('',#13748,.F.);
#13748 = EDGE_LOOP('',(#13749));
#13749 = ORIENTED_EDGE('',*,*,#13750,.T.);
#13750 = EDGE_CURVE('',#13751,#13751,#13753,.T.);
#13751 = VERTEX_POINT('',#13752);
#13752 = CARTESIAN_POINT('',(128.76,-41.0245,0.));
#13753 = CIRCLE('',#13754,0.4445);
#13754 = AXIS2_PLACEMENT_3D('',#13755,#13756,#13757);
#13755 = CARTESIAN_POINT('',(128.76,-40.58,0.));
#13756 = DIRECTION('',(-0.,0.,-1.));
#13757 = DIRECTION('',(-0.,-1.,0.));
#13758 = FACE_BOUND('',#13759,.F.);
#13759 = EDGE_LOOP('',(#13760));
#13760 = ORIENTED_EDGE('',*,*,#13761,.T.);
#13761 = EDGE_CURVE('',#13762,#13762,#13764,.T.);
#13762 = VERTEX_POINT('',#13763);
#13763 = CARTESIAN_POINT('',(128.76,-38.4845,0.));
#13764 = CIRCLE('',#13765,0.4445);
#13765 = AXIS2_PLACEMENT_3D('',#13766,#13767,#13768);
#13766 = CARTESIAN_POINT('',(128.76,-38.04,0.));
#13767 = DIRECTION('',(-0.,0.,-1.));
#13768 = DIRECTION('',(-0.,-1.,0.));
#13769 = FACE_BOUND('',#13770,.F.);
#13770 = EDGE_LOOP('',(#13771));
#13771 = ORIENTED_EDGE('',*,*,#13772,.T.);
#13772 = EDGE_CURVE('',#13773,#13773,#13775,.T.);
#13773 = VERTEX_POINT('',#13774);
#13774 = CARTESIAN_POINT('',(128.76,-35.9445,0.));
#13775 = CIRCLE('',#13776,0.4445);
#13776 = AXIS2_PLACEMENT_3D('',#13777,#13778,#13779);
#13777 = CARTESIAN_POINT('',(128.76,-35.5,0.));
#13778 = DIRECTION('',(-0.,0.,-1.));
#13779 = DIRECTION('',(-0.,-1.,0.));
#13780 = FACE_BOUND('',#13781,.F.);
#13781 = EDGE_LOOP('',(#13782));
#13782 = ORIENTED_EDGE('',*,*,#13783,.T.);
#13783 = EDGE_CURVE('',#13784,#13784,#13786,.T.);
#13784 = VERTEX_POINT('',#13785);
#13785 = CARTESIAN_POINT('',(144.,-48.6445,0.));
#13786 = CIRCLE('',#13787,0.4445);
#13787 = AXIS2_PLACEMENT_3D('',#13788,#13789,#13790);
#13788 = CARTESIAN_POINT('',(144.,-48.2,0.));
#13789 = DIRECTION('',(-0.,0.,-1.));
#13790 = DIRECTION('',(-0.,-1.,0.));
#13791 = FACE_BOUND('',#13792,.F.);
#13792 = EDGE_LOOP('',(#13793));
#13793 = ORIENTED_EDGE('',*,*,#13794,.T.);
#13794 = EDGE_CURVE('',#13795,#13795,#13797,.T.);
#13795 = VERTEX_POINT('',#13796);
#13796 = CARTESIAN_POINT('',(144.,-46.1045,0.));
#13797 = CIRCLE('',#13798,0.4445);
#13798 = AXIS2_PLACEMENT_3D('',#13799,#13800,#13801);
#13799 = CARTESIAN_POINT('',(144.,-45.66,0.));
#13800 = DIRECTION('',(-0.,0.,-1.));
#13801 = DIRECTION('',(-0.,-1.,0.));
#13802 = FACE_BOUND('',#13803,.F.);
#13803 = EDGE_LOOP('',(#13804));
#13804 = ORIENTED_EDGE('',*,*,#13805,.T.);
#13805 = EDGE_CURVE('',#13806,#13806,#13808,.T.);
#13806 = VERTEX_POINT('',#13807);
#13807 = CARTESIAN_POINT('',(144.,-43.5645,0.));
#13808 = CIRCLE('',#13809,0.4445);
#13809 = AXIS2_PLACEMENT_3D('',#13810,#13811,#13812);
#13810 = CARTESIAN_POINT('',(144.,-43.12,0.));
#13811 = DIRECTION('',(-0.,0.,-1.));
#13812 = DIRECTION('',(-0.,-1.,0.));
#13813 = FACE_BOUND('',#13814,.F.);
#13814 = EDGE_LOOP('',(#13815));
#13815 = ORIENTED_EDGE('',*,*,#13816,.T.);
#13816 = EDGE_CURVE('',#13817,#13817,#13819,.T.);
#13817 = VERTEX_POINT('',#13818);
#13818 = CARTESIAN_POINT('',(144.,-41.0245,0.));
#13819 = CIRCLE('',#13820,0.4445);
#13820 = AXIS2_PLACEMENT_3D('',#13821,#13822,#13823);
#13821 = CARTESIAN_POINT('',(144.,-40.58,0.));
#13822 = DIRECTION('',(-0.,0.,-1.));
#13823 = DIRECTION('',(-0.,-1.,0.));
#13824 = FACE_BOUND('',#13825,.F.);
#13825 = EDGE_LOOP('',(#13826));
#13826 = ORIENTED_EDGE('',*,*,#13827,.T.);
#13827 = EDGE_CURVE('',#13828,#13828,#13830,.T.);
#13828 = VERTEX_POINT('',#13829);
#13829 = CARTESIAN_POINT('',(144.,-38.4845,0.));
#13830 = CIRCLE('',#13831,0.4445);
#13831 = AXIS2_PLACEMENT_3D('',#13832,#13833,#13834);
#13832 = CARTESIAN_POINT('',(144.,-38.04,0.));
#13833 = DIRECTION('',(-0.,0.,-1.));
#13834 = DIRECTION('',(-0.,-1.,0.));
#13835 = FACE_BOUND('',#13836,.F.);
#13836 = EDGE_LOOP('',(#13837));
#13837 = ORIENTED_EDGE('',*,*,#13838,.T.);
#13838 = EDGE_CURVE('',#13839,#13839,#13841,.T.);
#13839 = VERTEX_POINT('',#13840);
#13840 = CARTESIAN_POINT('',(144.,-35.9445,0.));
#13841 = CIRCLE('',#13842,0.4445);
#13842 = AXIS2_PLACEMENT_3D('',#13843,#13844,#13845);
#13843 = CARTESIAN_POINT('',(144.,-35.5,0.));
#13844 = DIRECTION('',(-0.,0.,-1.));
#13845 = DIRECTION('',(-0.,-1.,0.));
#13846 = FACE_BOUND('',#13847,.F.);
#13847 = EDGE_LOOP('',(#13848));
#13848 = ORIENTED_EDGE('',*,*,#13849,.T.);
#13849 = EDGE_CURVE('',#13850,#13850,#13852,.T.);
#13850 = VERTEX_POINT('',#13851);
#13851 = CARTESIAN_POINT('',(156.,-29.1,0.));
#13852 = CIRCLE('',#13853,1.6);
#13853 = AXIS2_PLACEMENT_3D('',#13854,#13855,#13856);
#13854 = CARTESIAN_POINT('',(156.,-27.5,0.));
#13855 = DIRECTION('',(-0.,0.,-1.));
#13856 = DIRECTION('',(-0.,-1.,0.));
#13857 = PLANE('',#13858);
#13858 = AXIS2_PLACEMENT_3D('',#13859,#13860,#13861);
#13859 = CARTESIAN_POINT('',(0.,0.,0.));
#13860 = DIRECTION('',(0.,0.,1.));
#13861 = DIRECTION('',(1.,0.,-0.));
#13862 = ADVANCED_FACE('',(#13863,#13909,#13920,#13931,#13942,#13953,
    #13964,#13975,#13986,#13997,#14008,#14019,#14030,#14041,#14052,
    #14063,#14074,#14085,#14096,#14107,#14118,#14129,#14140,#14151,
    #14162,#14173,#14184,#14195,#14206,#14217,#14228,#14239,#14250,
    #14261,#14272,#14283,#14294,#14305,#14316,#14327,#14338,#14349,
    #14360,#14371,#14382,#14393,#14404,#14415,#14426,#14437,#14448,
    #14459,#14470,#14481,#14492,#14503,#14514,#14525,#14536,#14547,
    #14558,#14569,#14580,#14591,#14602,#14613,#14624,#14635,#14646,
    #14657,#14668,#14679,#14690,#14701,#14712,#14723,#14734,#14745,
    #14756,#14767,#14778,#14789,#14800,#14811,#14822,#14833,#14844,
    #14855,#14866,#14877,#14888,#14899),#14910,.T.);
#13863 = FACE_BOUND('',#13864,.T.);
#13864 = EDGE_LOOP('',(#13865,#13866,#13867,#13876,#13884,#13893,#13901,
    #13908));
#13865 = ORIENTED_EDGE('',*,*,#12719,.F.);
#13866 = ORIENTED_EDGE('',*,*,#12761,.F.);
#13867 = ORIENTED_EDGE('',*,*,#13868,.F.);
#13868 = EDGE_CURVE('',#13869,#12754,#13871,.T.);
#13869 = VERTEX_POINT('',#13870);
#13870 = CARTESIAN_POINT('',(78.,-27.,1.51));
#13871 = CIRCLE('',#13872,4.999999678834);
#13872 = AXIS2_PLACEMENT_3D('',#13873,#13874,#13875);
#13873 = CARTESIAN_POINT('',(82.999999678834,-26.99999967883,1.51));
#13874 = DIRECTION('',(0.,0.,-1.));
#13875 = DIRECTION('',(-1.,-6.423314275614E-08,-0.));
#13876 = ORIENTED_EDGE('',*,*,#13877,.F.);
#13877 = EDGE_CURVE('',#13878,#13869,#13880,.T.);
#13878 = VERTEX_POINT('',#13879);
#13879 = CARTESIAN_POINT('',(78.,-116.,1.51));
#13880 = LINE('',#13881,#13882);
#13881 = CARTESIAN_POINT('',(78.,-116.,1.51));
#13882 = VECTOR('',#13883,1.);
#13883 = DIRECTION('',(0.,1.,0.));
#13884 = ORIENTED_EDGE('',*,*,#13885,.F.);
#13885 = EDGE_CURVE('',#13886,#13878,#13888,.T.);
#13886 = VERTEX_POINT('',#13887);
#13887 = CARTESIAN_POINT('',(83.,-121.,1.51));
#13888 = CIRCLE('',#13889,4.999999678834);
#13889 = AXIS2_PLACEMENT_3D('',#13890,#13891,#13892);
#13890 = CARTESIAN_POINT('',(82.999999678834,-116.0000003211,1.51));
#13891 = DIRECTION('',(0.,0.,-1.));
#13892 = DIRECTION('',(6.423314133505E-08,-1.,0.));
#13893 = ORIENTED_EDGE('',*,*,#13894,.F.);
#13894 = EDGE_CURVE('',#13895,#13886,#13897,.T.);
#13895 = VERTEX_POINT('',#13896);
#13896 = CARTESIAN_POINT('',(156.5,-121.,1.51));
#13897 = LINE('',#13898,#13899);
#13898 = CARTESIAN_POINT('',(156.5,-121.,1.51));
#13899 = VECTOR('',#13900,1.);
#13900 = DIRECTION('',(-1.,0.,0.));
#13901 = ORIENTED_EDGE('',*,*,#13902,.F.);
#13902 = EDGE_CURVE('',#12784,#13895,#13903,.T.);
#13903 = CIRCLE('',#13904,4.999999678834);
#13904 = AXIS2_PLACEMENT_3D('',#13905,#13906,#13907);
#13905 = CARTESIAN_POINT('',(156.50000032116,-116.0000003211,1.51));
#13906 = DIRECTION('',(0.,0.,-1.));
#13907 = DIRECTION('',(1.,6.42331470194E-08,0.));
#13908 = ORIENTED_EDGE('',*,*,#12783,.F.);
#13909 = FACE_BOUND('',#13910,.T.);
#13910 = EDGE_LOOP('',(#13911));
#13911 = ORIENTED_EDGE('',*,*,#13912,.T.);
#13912 = EDGE_CURVE('',#13913,#13913,#13915,.T.);
#13913 = VERTEX_POINT('',#13914);
#13914 = CARTESIAN_POINT('',(84.5,-116.6,1.51));
#13915 = CIRCLE('',#13916,1.6);
#13916 = AXIS2_PLACEMENT_3D('',#13917,#13918,#13919);
#13917 = CARTESIAN_POINT('',(84.5,-115.,1.51));
#13918 = DIRECTION('',(-0.,0.,-1.));
#13919 = DIRECTION('',(-0.,-1.,0.));
#13920 = FACE_BOUND('',#13921,.T.);
#13921 = EDGE_LOOP('',(#13922));
#13922 = ORIENTED_EDGE('',*,*,#13923,.T.);
#13923 = EDGE_CURVE('',#13924,#13924,#13926,.T.);
#13924 = VERTEX_POINT('',#13925);
#13925 = CARTESIAN_POINT('',(98.19,-114.9,1.51));
#13926 = CIRCLE('',#13927,0.4);
#13927 = AXIS2_PLACEMENT_3D('',#13928,#13929,#13930);
#13928 = CARTESIAN_POINT('',(98.19,-114.5,1.51));
#13929 = DIRECTION('',(-0.,0.,-1.));
#13930 = DIRECTION('',(-0.,-1.,0.));
#13931 = FACE_BOUND('',#13932,.T.);
#13932 = EDGE_LOOP('',(#13933));
#13933 = ORIENTED_EDGE('',*,*,#13934,.T.);
#13934 = EDGE_CURVE('',#13935,#13935,#13937,.T.);
#13935 = VERTEX_POINT('',#13936);
#13936 = CARTESIAN_POINT('',(93.8,-105.93,1.51));
#13937 = CIRCLE('',#13938,0.85);
#13938 = AXIS2_PLACEMENT_3D('',#13939,#13940,#13941);
#13939 = CARTESIAN_POINT('',(93.8,-105.08,1.51));
#13940 = DIRECTION('',(-0.,0.,-1.));
#13941 = DIRECTION('',(-1.671865260612E-14,-1.,0.));
#13942 = FACE_BOUND('',#13943,.T.);
#13943 = EDGE_LOOP('',(#13944));
#13944 = ORIENTED_EDGE('',*,*,#13945,.T.);
#13945 = EDGE_CURVE('',#13946,#13946,#13948,.T.);
#13946 = VERTEX_POINT('',#13947);
#13947 = CARTESIAN_POINT('',(95.07,-103.29,1.51));
#13948 = CIRCLE('',#13949,0.75);
#13949 = AXIS2_PLACEMENT_3D('',#13950,#13951,#13952);
#13950 = CARTESIAN_POINT('',(95.07,-102.54,1.51));
#13951 = DIRECTION('',(-0.,0.,-1.));
#13952 = DIRECTION('',(-0.,-1.,0.));
#13953 = FACE_BOUND('',#13954,.T.);
#13954 = EDGE_LOOP('',(#13955));
#13955 = ORIENTED_EDGE('',*,*,#13956,.T.);
#13956 = EDGE_CURVE('',#13957,#13957,#13959,.T.);
#13957 = VERTEX_POINT('',#13958);
#13958 = CARTESIAN_POINT('',(98.88,-107.08,1.51));
#13959 = CIRCLE('',#13960,2.);
#13960 = AXIS2_PLACEMENT_3D('',#13961,#13962,#13963);
#13961 = CARTESIAN_POINT('',(98.88,-105.08,1.51));
#13962 = DIRECTION('',(-0.,0.,-1.));
#13963 = DIRECTION('',(-0.,-1.,0.));
#13964 = FACE_BOUND('',#13965,.T.);
#13965 = EDGE_LOOP('',(#13966));
#13966 = ORIENTED_EDGE('',*,*,#13967,.T.);
#13967 = EDGE_CURVE('',#13968,#13968,#13970,.T.);
#13968 = VERTEX_POINT('',#13969);
#13969 = CARTESIAN_POINT('',(98.38,-95.9,1.51));
#13970 = CIRCLE('',#13971,0.4);
#13971 = AXIS2_PLACEMENT_3D('',#13972,#13973,#13974);
#13972 = CARTESIAN_POINT('',(98.38,-95.5,1.51));
#13973 = DIRECTION('',(-0.,0.,-1.));
#13974 = DIRECTION('',(-0.,-1.,0.));
#13975 = FACE_BOUND('',#13976,.T.);
#13976 = EDGE_LOOP('',(#13977));
#13977 = ORIENTED_EDGE('',*,*,#13978,.T.);
#13978 = EDGE_CURVE('',#13979,#13979,#13981,.T.);
#13979 = VERTEX_POINT('',#13980);
#13980 = CARTESIAN_POINT('',(105.81,-114.9,1.51));
#13981 = CIRCLE('',#13982,0.4);
#13982 = AXIS2_PLACEMENT_3D('',#13983,#13984,#13985);
#13983 = CARTESIAN_POINT('',(105.81,-114.5,1.51));
#13984 = DIRECTION('',(-0.,0.,-1.));
#13985 = DIRECTION('',(-0.,-1.,0.));
#13986 = FACE_BOUND('',#13987,.T.);
#13987 = EDGE_LOOP('',(#13988));
#13988 = ORIENTED_EDGE('',*,*,#13989,.T.);
#13989 = EDGE_CURVE('',#13990,#13990,#13992,.T.);
#13990 = VERTEX_POINT('',#13991);
#13991 = CARTESIAN_POINT('',(117.38,-114.9,1.51));
#13992 = CIRCLE('',#13993,0.4);
#13993 = AXIS2_PLACEMENT_3D('',#13994,#13995,#13996);
#13994 = CARTESIAN_POINT('',(117.38,-114.5,1.51));
#13995 = DIRECTION('',(-0.,0.,-1.));
#13996 = DIRECTION('',(-0.,-1.,0.));
#13997 = FACE_BOUND('',#13998,.T.);
#13998 = EDGE_LOOP('',(#13999));
#13999 = ORIENTED_EDGE('',*,*,#14000,.T.);
#14000 = EDGE_CURVE('',#14001,#14001,#14003,.T.);
#14001 = VERTEX_POINT('',#14002);
#14002 = CARTESIAN_POINT('',(103.96,-105.93,1.51));
#14003 = CIRCLE('',#14004,0.85);
#14004 = AXIS2_PLACEMENT_3D('',#14005,#14006,#14007);
#14005 = CARTESIAN_POINT('',(103.96,-105.08,1.51));
#14006 = DIRECTION('',(-0.,0.,-1.));
#14007 = DIRECTION('',(-1.671865260612E-14,-1.,0.));
#14008 = FACE_BOUND('',#14009,.T.);
#14009 = EDGE_LOOP('',(#14010));
#14010 = ORIENTED_EDGE('',*,*,#14011,.T.);
#14011 = EDGE_CURVE('',#14012,#14012,#14014,.T.);
#14012 = VERTEX_POINT('',#14013);
#14013 = CARTESIAN_POINT('',(101.42,-100.75,1.51));
#14014 = CIRCLE('',#14015,0.75);
#14015 = AXIS2_PLACEMENT_3D('',#14016,#14017,#14018);
#14016 = CARTESIAN_POINT('',(101.42,-100.,1.51));
#14017 = DIRECTION('',(-0.,0.,-1.));
#14018 = DIRECTION('',(-0.,-1.,0.));
#14019 = FACE_BOUND('',#14020,.T.);
#14020 = EDGE_LOOP('',(#14021));
#14021 = ORIENTED_EDGE('',*,*,#14022,.T.);
#14022 = EDGE_CURVE('',#14023,#14023,#14025,.T.);
#14023 = VERTEX_POINT('',#14024);
#14024 = CARTESIAN_POINT('',(106.,-95.9,1.51));
#14025 = CIRCLE('',#14026,0.4);
#14026 = AXIS2_PLACEMENT_3D('',#14027,#14028,#14029);
#14027 = CARTESIAN_POINT('',(106.,-95.5,1.51));
#14028 = DIRECTION('',(-0.,0.,-1.));
#14029 = DIRECTION('',(-0.,-1.,0.));
#14030 = FACE_BOUND('',#14031,.T.);
#14031 = EDGE_LOOP('',(#14032));
#14032 = ORIENTED_EDGE('',*,*,#14033,.T.);
#14033 = EDGE_CURVE('',#14034,#14034,#14036,.T.);
#14034 = VERTEX_POINT('',#14035);
#14035 = CARTESIAN_POINT('',(112.88,-105.93,1.51));
#14036 = CIRCLE('',#14037,0.85);
#14037 = AXIS2_PLACEMENT_3D('',#14038,#14039,#14040);
#14038 = CARTESIAN_POINT('',(112.88,-105.08,1.51));
#14039 = DIRECTION('',(-0.,0.,-1.));
#14040 = DIRECTION('',(-0.,-1.,0.));
#14041 = FACE_BOUND('',#14042,.T.);
#14042 = EDGE_LOOP('',(#14043));
#14043 = ORIENTED_EDGE('',*,*,#14044,.T.);
#14044 = EDGE_CURVE('',#14045,#14045,#14047,.T.);
#14045 = VERTEX_POINT('',#14046);
#14046 = CARTESIAN_POINT('',(114.15,-103.29,1.51));
#14047 = CIRCLE('',#14048,0.75);
#14048 = AXIS2_PLACEMENT_3D('',#14049,#14050,#14051);
#14049 = CARTESIAN_POINT('',(114.15,-102.54,1.51));
#14050 = DIRECTION('',(-0.,0.,-1.));
#14051 = DIRECTION('',(-0.,-1.,0.));
#14052 = FACE_BOUND('',#14053,.T.);
#14053 = EDGE_LOOP('',(#14054));
#14054 = ORIENTED_EDGE('',*,*,#14055,.T.);
#14055 = EDGE_CURVE('',#14056,#14056,#14058,.T.);
#14056 = VERTEX_POINT('',#14057);
#14057 = CARTESIAN_POINT('',(117.96,-107.08,1.51));
#14058 = CIRCLE('',#14059,2.);
#14059 = AXIS2_PLACEMENT_3D('',#14060,#14061,#14062);
#14060 = CARTESIAN_POINT('',(117.96,-105.08,1.51));
#14061 = DIRECTION('',(-0.,0.,-1.));
#14062 = DIRECTION('',(-0.,-1.,0.));
#14063 = FACE_BOUND('',#14064,.T.);
#14064 = EDGE_LOOP('',(#14065));
#14065 = ORIENTED_EDGE('',*,*,#14066,.T.);
#14066 = EDGE_CURVE('',#14067,#14067,#14069,.T.);
#14067 = VERTEX_POINT('',#14068);
#14068 = CARTESIAN_POINT('',(116.88,-95.9,1.51));
#14069 = CIRCLE('',#14070,0.4);
#14070 = AXIS2_PLACEMENT_3D('',#14071,#14072,#14073);
#14071 = CARTESIAN_POINT('',(116.88,-95.5,1.51));
#14072 = DIRECTION('',(-0.,0.,-1.));
#14073 = DIRECTION('',(-0.,-1.,0.));
#14074 = FACE_BOUND('',#14075,.T.);
#14075 = EDGE_LOOP('',(#14076));
#14076 = ORIENTED_EDGE('',*,*,#14077,.T.);
#14077 = EDGE_CURVE('',#14078,#14078,#14080,.T.);
#14078 = VERTEX_POINT('',#14079);
#14079 = CARTESIAN_POINT('',(93.8,-86.93,1.51));
#14080 = CIRCLE('',#14081,0.85);
#14081 = AXIS2_PLACEMENT_3D('',#14082,#14083,#14084);
#14082 = CARTESIAN_POINT('',(93.8,-86.08,1.51));
#14083 = DIRECTION('',(-0.,0.,-1.));
#14084 = DIRECTION('',(-1.671865260612E-14,-1.,0.));
#14085 = FACE_BOUND('',#14086,.T.);
#14086 = EDGE_LOOP('',(#14087));
#14087 = ORIENTED_EDGE('',*,*,#14088,.T.);
#14088 = EDGE_CURVE('',#14089,#14089,#14091,.T.);
#14089 = VERTEX_POINT('',#14090);
#14090 = CARTESIAN_POINT('',(95.07,-84.29,1.51));
#14091 = CIRCLE('',#14092,0.75);
#14092 = AXIS2_PLACEMENT_3D('',#14093,#14094,#14095);
#14093 = CARTESIAN_POINT('',(95.07,-83.54,1.51));
#14094 = DIRECTION('',(-0.,0.,-1.));
#14095 = DIRECTION('',(-0.,-1.,0.));
#14096 = FACE_BOUND('',#14097,.T.);
#14097 = EDGE_LOOP('',(#14098));
#14098 = ORIENTED_EDGE('',*,*,#14099,.T.);
#14099 = EDGE_CURVE('',#14100,#14100,#14102,.T.);
#14100 = VERTEX_POINT('',#14101);
#14101 = CARTESIAN_POINT('',(98.88,-88.08,1.51));
#14102 = CIRCLE('',#14103,2.);
#14103 = AXIS2_PLACEMENT_3D('',#14104,#14105,#14106);
#14104 = CARTESIAN_POINT('',(98.88,-86.08,1.51));
#14105 = DIRECTION('',(-0.,0.,-1.));
#14106 = DIRECTION('',(-0.,-1.,0.));
#14107 = FACE_BOUND('',#14108,.T.);
#14108 = EDGE_LOOP('',(#14109));
#14109 = ORIENTED_EDGE('',*,*,#14110,.T.);
#14110 = EDGE_CURVE('',#14111,#14111,#14113,.T.);
#14111 = VERTEX_POINT('',#14112);
#14112 = CARTESIAN_POINT('',(98.38,-76.9,1.51));
#14113 = CIRCLE('',#14114,0.4);
#14114 = AXIS2_PLACEMENT_3D('',#14115,#14116,#14117);
#14115 = CARTESIAN_POINT('',(98.38,-76.5,1.51));
#14116 = DIRECTION('',(-0.,0.,-1.));
#14117 = DIRECTION('',(-0.,-1.,0.));
#14118 = FACE_BOUND('',#14119,.T.);
#14119 = EDGE_LOOP('',(#14120));
#14120 = ORIENTED_EDGE('',*,*,#14121,.T.);
#14121 = EDGE_CURVE('',#14122,#14122,#14124,.T.);
#14122 = VERTEX_POINT('',#14123);
#14123 = CARTESIAN_POINT('',(103.96,-86.93,1.51));
#14124 = CIRCLE('',#14125,0.85);
#14125 = AXIS2_PLACEMENT_3D('',#14126,#14127,#14128);
#14126 = CARTESIAN_POINT('',(103.96,-86.08,1.51));
#14127 = DIRECTION('',(-0.,0.,-1.));
#14128 = DIRECTION('',(-1.671865260612E-14,-1.,0.));
#14129 = FACE_BOUND('',#14130,.T.);
#14130 = EDGE_LOOP('',(#14131));
#14131 = ORIENTED_EDGE('',*,*,#14132,.T.);
#14132 = EDGE_CURVE('',#14133,#14133,#14135,.T.);
#14133 = VERTEX_POINT('',#14134);
#14134 = CARTESIAN_POINT('',(112.8,-86.93,1.51));
#14135 = CIRCLE('',#14136,0.85);
#14136 = AXIS2_PLACEMENT_3D('',#14137,#14138,#14139);
#14137 = CARTESIAN_POINT('',(112.8,-86.08,1.51));
#14138 = DIRECTION('',(-0.,0.,-1.));
#14139 = DIRECTION('',(-1.671865260612E-14,-1.,0.));
#14140 = FACE_BOUND('',#14141,.T.);
#14141 = EDGE_LOOP('',(#14142));
#14142 = ORIENTED_EDGE('',*,*,#14143,.T.);
#14143 = EDGE_CURVE('',#14144,#14144,#14146,.T.);
#14144 = VERTEX_POINT('',#14145);
#14145 = CARTESIAN_POINT('',(114.07,-84.29,1.51));
#14146 = CIRCLE('',#14147,0.75);
#14147 = AXIS2_PLACEMENT_3D('',#14148,#14149,#14150);
#14148 = CARTESIAN_POINT('',(114.07,-83.54,1.51));
#14149 = DIRECTION('',(-0.,0.,-1.));
#14150 = DIRECTION('',(-0.,-1.,0.));
#14151 = FACE_BOUND('',#14152,.T.);
#14152 = EDGE_LOOP('',(#14153));
#14153 = ORIENTED_EDGE('',*,*,#14154,.T.);
#14154 = EDGE_CURVE('',#14155,#14155,#14157,.T.);
#14155 = VERTEX_POINT('',#14156);
#14156 = CARTESIAN_POINT('',(117.88,-88.08,1.51));
#14157 = CIRCLE('',#14158,2.);
#14158 = AXIS2_PLACEMENT_3D('',#14159,#14160,#14161);
#14159 = CARTESIAN_POINT('',(117.88,-86.08,1.51));
#14160 = DIRECTION('',(-0.,0.,-1.));
#14161 = DIRECTION('',(-0.,-1.,0.));
#14162 = FACE_BOUND('',#14163,.T.);
#14163 = EDGE_LOOP('',(#14164));
#14164 = ORIENTED_EDGE('',*,*,#14165,.T.);
#14165 = EDGE_CURVE('',#14166,#14166,#14168,.T.);
#14166 = VERTEX_POINT('',#14167);
#14167 = CARTESIAN_POINT('',(101.42,-81.75,1.51));
#14168 = CIRCLE('',#14169,0.75);
#14169 = AXIS2_PLACEMENT_3D('',#14170,#14171,#14172);
#14170 = CARTESIAN_POINT('',(101.42,-81.,1.51));
#14171 = DIRECTION('',(-0.,0.,-1.));
#14172 = DIRECTION('',(-0.,-1.,0.));
#14173 = FACE_BOUND('',#14174,.T.);
#14174 = EDGE_LOOP('',(#14175));
#14175 = ORIENTED_EDGE('',*,*,#14176,.T.);
#14176 = EDGE_CURVE('',#14177,#14177,#14179,.T.);
#14177 = VERTEX_POINT('',#14178);
#14178 = CARTESIAN_POINT('',(106.,-76.9,1.51));
#14179 = CIRCLE('',#14180,0.4);
#14180 = AXIS2_PLACEMENT_3D('',#14181,#14182,#14183);
#14181 = CARTESIAN_POINT('',(106.,-76.5,1.51));
#14182 = DIRECTION('',(-0.,0.,-1.));
#14183 = DIRECTION('',(-0.,-1.,0.));
#14184 = FACE_BOUND('',#14185,.T.);
#14185 = EDGE_LOOP('',(#14186));
#14186 = ORIENTED_EDGE('',*,*,#14187,.T.);
#14187 = EDGE_CURVE('',#14188,#14188,#14190,.T.);
#14188 = VERTEX_POINT('',#14189);
#14189 = CARTESIAN_POINT('',(117.38,-76.9,1.51));
#14190 = CIRCLE('',#14191,0.4);
#14191 = AXIS2_PLACEMENT_3D('',#14192,#14193,#14194);
#14192 = CARTESIAN_POINT('',(117.38,-76.5,1.51));
#14193 = DIRECTION('',(-0.,0.,-1.));
#14194 = DIRECTION('',(-0.,-1.,0.));
#14195 = FACE_BOUND('',#14196,.T.);
#14196 = EDGE_LOOP('',(#14197));
#14197 = ORIENTED_EDGE('',*,*,#14198,.T.);
#14198 = EDGE_CURVE('',#14199,#14199,#14201,.T.);
#14199 = VERTEX_POINT('',#14200);
#14200 = CARTESIAN_POINT('',(125.,-114.9,1.51));
#14201 = CIRCLE('',#14202,0.4);
#14202 = AXIS2_PLACEMENT_3D('',#14203,#14204,#14205);
#14203 = CARTESIAN_POINT('',(125.,-114.5,1.51));
#14204 = DIRECTION('',(-0.,0.,-1.));
#14205 = DIRECTION('',(-0.,-1.,0.));
#14206 = FACE_BOUND('',#14207,.T.);
#14207 = EDGE_LOOP('',(#14208));
#14208 = ORIENTED_EDGE('',*,*,#14209,.T.);
#14209 = EDGE_CURVE('',#14210,#14210,#14212,.T.);
#14210 = VERTEX_POINT('',#14211);
#14211 = CARTESIAN_POINT('',(136.38,-114.9,1.51));
#14212 = CIRCLE('',#14213,0.4);
#14213 = AXIS2_PLACEMENT_3D('',#14214,#14215,#14216);
#14214 = CARTESIAN_POINT('',(136.38,-114.5,1.51));
#14215 = DIRECTION('',(-0.,0.,-1.));
#14216 = DIRECTION('',(-0.,-1.,0.));
#14217 = FACE_BOUND('',#14218,.T.);
#14218 = EDGE_LOOP('',(#14219));
#14219 = ORIENTED_EDGE('',*,*,#14220,.T.);
#14220 = EDGE_CURVE('',#14221,#14221,#14223,.T.);
#14221 = VERTEX_POINT('',#14222);
#14222 = CARTESIAN_POINT('',(123.04,-105.93,1.51));
#14223 = CIRCLE('',#14224,0.85);
#14224 = AXIS2_PLACEMENT_3D('',#14225,#14226,#14227);
#14225 = CARTESIAN_POINT('',(123.04,-105.08,1.51));
#14226 = DIRECTION('',(-0.,0.,-1.));
#14227 = DIRECTION('',(1.671865260612E-14,-1.,-0.));
#14228 = FACE_BOUND('',#14229,.T.);
#14229 = EDGE_LOOP('',(#14230));
#14230 = ORIENTED_EDGE('',*,*,#14231,.T.);
#14231 = EDGE_CURVE('',#14232,#14232,#14234,.T.);
#14232 = VERTEX_POINT('',#14233);
#14233 = CARTESIAN_POINT('',(120.5,-100.75,1.51));
#14234 = CIRCLE('',#14235,0.75);
#14235 = AXIS2_PLACEMENT_3D('',#14236,#14237,#14238);
#14236 = CARTESIAN_POINT('',(120.5,-100.,1.51));
#14237 = DIRECTION('',(-0.,0.,-1.));
#14238 = DIRECTION('',(-0.,-1.,0.));
#14239 = FACE_BOUND('',#14240,.T.);
#14240 = EDGE_LOOP('',(#14241));
#14241 = ORIENTED_EDGE('',*,*,#14242,.T.);
#14242 = EDGE_CURVE('',#14243,#14243,#14245,.T.);
#14243 = VERTEX_POINT('',#14244);
#14244 = CARTESIAN_POINT('',(124.5,-95.9,1.51));
#14245 = CIRCLE('',#14246,0.4);
#14246 = AXIS2_PLACEMENT_3D('',#14247,#14248,#14249);
#14247 = CARTESIAN_POINT('',(124.5,-95.5,1.51));
#14248 = DIRECTION('',(-0.,0.,-1.));
#14249 = DIRECTION('',(-0.,-1.,0.));
#14250 = FACE_BOUND('',#14251,.T.);
#14251 = EDGE_LOOP('',(#14252));
#14252 = ORIENTED_EDGE('',*,*,#14253,.T.);
#14253 = EDGE_CURVE('',#14254,#14254,#14256,.T.);
#14254 = VERTEX_POINT('',#14255);
#14255 = CARTESIAN_POINT('',(131.88,-105.93,1.51));
#14256 = CIRCLE('',#14257,0.85);
#14257 = AXIS2_PLACEMENT_3D('',#14258,#14259,#14260);
#14258 = CARTESIAN_POINT('',(131.88,-105.08,1.51));
#14259 = DIRECTION('',(-0.,0.,-1.));
#14260 = DIRECTION('',(-0.,-1.,0.));
#14261 = FACE_BOUND('',#14262,.T.);
#14262 = EDGE_LOOP('',(#14263));
#14263 = ORIENTED_EDGE('',*,*,#14264,.T.);
#14264 = EDGE_CURVE('',#14265,#14265,#14267,.T.);
#14265 = VERTEX_POINT('',#14266);
#14266 = CARTESIAN_POINT('',(133.15,-103.29,1.51));
#14267 = CIRCLE('',#14268,0.75);
#14268 = AXIS2_PLACEMENT_3D('',#14269,#14270,#14271);
#14269 = CARTESIAN_POINT('',(133.15,-102.54,1.51));
#14270 = DIRECTION('',(-0.,0.,-1.));
#14271 = DIRECTION('',(-0.,-1.,0.));
#14272 = FACE_BOUND('',#14273,.T.);
#14273 = EDGE_LOOP('',(#14274));
#14274 = ORIENTED_EDGE('',*,*,#14275,.T.);
#14275 = EDGE_CURVE('',#14276,#14276,#14278,.T.);
#14276 = VERTEX_POINT('',#14277);
#14277 = CARTESIAN_POINT('',(136.96,-107.08,1.51));
#14278 = CIRCLE('',#14279,2.);
#14279 = AXIS2_PLACEMENT_3D('',#14280,#14281,#14282);
#14280 = CARTESIAN_POINT('',(136.96,-105.08,1.51));
#14281 = DIRECTION('',(-0.,0.,-1.));
#14282 = DIRECTION('',(-0.,-1.,0.));
#14283 = FACE_BOUND('',#14284,.T.);
#14284 = EDGE_LOOP('',(#14285));
#14285 = ORIENTED_EDGE('',*,*,#14286,.T.);
#14286 = EDGE_CURVE('',#14287,#14287,#14289,.T.);
#14287 = VERTEX_POINT('',#14288);
#14288 = CARTESIAN_POINT('',(136.88,-95.9,1.51));
#14289 = CIRCLE('',#14290,0.4);
#14290 = AXIS2_PLACEMENT_3D('',#14291,#14292,#14293);
#14291 = CARTESIAN_POINT('',(136.88,-95.5,1.51));
#14292 = DIRECTION('',(-0.,0.,-1.));
#14293 = DIRECTION('',(-0.,-1.,0.));
#14294 = FACE_BOUND('',#14295,.T.);
#14295 = EDGE_LOOP('',(#14296));
#14296 = ORIENTED_EDGE('',*,*,#14297,.T.);
#14297 = EDGE_CURVE('',#14298,#14298,#14300,.T.);
#14298 = VERTEX_POINT('',#14299);
#14299 = CARTESIAN_POINT('',(144.,-114.9,1.51));
#14300 = CIRCLE('',#14301,0.4);
#14301 = AXIS2_PLACEMENT_3D('',#14302,#14303,#14304);
#14302 = CARTESIAN_POINT('',(144.,-114.5,1.51));
#14303 = DIRECTION('',(-0.,0.,-1.));
#14304 = DIRECTION('',(-0.,-1.,0.));
#14305 = FACE_BOUND('',#14306,.T.);
#14306 = EDGE_LOOP('',(#14307));
#14307 = ORIENTED_EDGE('',*,*,#14308,.T.);
#14308 = EDGE_CURVE('',#14309,#14309,#14311,.T.);
#14309 = VERTEX_POINT('',#14310);
#14310 = CARTESIAN_POINT('',(155.5,-117.1,1.51));
#14311 = CIRCLE('',#14312,1.6);
#14312 = AXIS2_PLACEMENT_3D('',#14313,#14314,#14315);
#14313 = CARTESIAN_POINT('',(155.5,-115.5,1.51));
#14314 = DIRECTION('',(-0.,0.,-1.));
#14315 = DIRECTION('',(-0.,-1.,0.));
#14316 = FACE_BOUND('',#14317,.T.);
#14317 = EDGE_LOOP('',(#14318));
#14318 = ORIENTED_EDGE('',*,*,#14319,.T.);
#14319 = EDGE_CURVE('',#14320,#14320,#14322,.T.);
#14320 = VERTEX_POINT('',#14321);
#14321 = CARTESIAN_POINT('',(142.04,-105.93,1.51));
#14322 = CIRCLE('',#14323,0.85);
#14323 = AXIS2_PLACEMENT_3D('',#14324,#14325,#14326);
#14324 = CARTESIAN_POINT('',(142.04,-105.08,1.51));
#14325 = DIRECTION('',(-0.,0.,-1.));
#14326 = DIRECTION('',(-0.,-1.,0.));
#14327 = FACE_BOUND('',#14328,.T.);
#14328 = EDGE_LOOP('',(#14329));
#14329 = ORIENTED_EDGE('',*,*,#14330,.T.);
#14330 = EDGE_CURVE('',#14331,#14331,#14333,.T.);
#14331 = VERTEX_POINT('',#14332);
#14332 = CARTESIAN_POINT('',(139.5,-100.75,1.51));
#14333 = CIRCLE('',#14334,0.75);
#14334 = AXIS2_PLACEMENT_3D('',#14335,#14336,#14337);
#14335 = CARTESIAN_POINT('',(139.5,-100.,1.51));
#14336 = DIRECTION('',(-0.,0.,-1.));
#14337 = DIRECTION('',(-0.,-1.,0.));
#14338 = FACE_BOUND('',#14339,.T.);
#14339 = EDGE_LOOP('',(#14340));
#14340 = ORIENTED_EDGE('',*,*,#14341,.T.);
#14341 = EDGE_CURVE('',#14342,#14342,#14344,.T.);
#14342 = VERTEX_POINT('',#14343);
#14343 = CARTESIAN_POINT('',(144.5,-95.9,1.51));
#14344 = CIRCLE('',#14345,0.4);
#14345 = AXIS2_PLACEMENT_3D('',#14346,#14347,#14348);
#14346 = CARTESIAN_POINT('',(144.5,-95.5,1.51));
#14347 = DIRECTION('',(-0.,0.,-1.));
#14348 = DIRECTION('',(-0.,-1.,0.));
#14349 = FACE_BOUND('',#14350,.T.);
#14350 = EDGE_LOOP('',(#14351));
#14351 = ORIENTED_EDGE('',*,*,#14352,.T.);
#14352 = EDGE_CURVE('',#14353,#14353,#14355,.T.);
#14353 = VERTEX_POINT('',#14354);
#14354 = CARTESIAN_POINT('',(122.96,-86.93,1.51));
#14355 = CIRCLE('',#14356,0.85);
#14356 = AXIS2_PLACEMENT_3D('',#14357,#14358,#14359);
#14357 = CARTESIAN_POINT('',(122.96,-86.08,1.51));
#14358 = DIRECTION('',(-0.,0.,-1.));
#14359 = DIRECTION('',(-1.671865260612E-14,-1.,0.));
#14360 = FACE_BOUND('',#14361,.T.);
#14361 = EDGE_LOOP('',(#14362));
#14362 = ORIENTED_EDGE('',*,*,#14363,.T.);
#14363 = EDGE_CURVE('',#14364,#14364,#14366,.T.);
#14364 = VERTEX_POINT('',#14365);
#14365 = CARTESIAN_POINT('',(131.8,-86.93,1.51));
#14366 = CIRCLE('',#14367,0.85);
#14367 = AXIS2_PLACEMENT_3D('',#14368,#14369,#14370);
#14368 = CARTESIAN_POINT('',(131.8,-86.08,1.51));
#14369 = DIRECTION('',(-0.,0.,-1.));
#14370 = DIRECTION('',(-0.,-1.,0.));
#14371 = FACE_BOUND('',#14372,.T.);
#14372 = EDGE_LOOP('',(#14373));
#14373 = ORIENTED_EDGE('',*,*,#14374,.T.);
#14374 = EDGE_CURVE('',#14375,#14375,#14377,.T.);
#14375 = VERTEX_POINT('',#14376);
#14376 = CARTESIAN_POINT('',(133.07,-84.29,1.51));
#14377 = CIRCLE('',#14378,0.75);
#14378 = AXIS2_PLACEMENT_3D('',#14379,#14380,#14381);
#14379 = CARTESIAN_POINT('',(133.07,-83.54,1.51));
#14380 = DIRECTION('',(-0.,0.,-1.));
#14381 = DIRECTION('',(-0.,-1.,0.));
#14382 = FACE_BOUND('',#14383,.T.);
#14383 = EDGE_LOOP('',(#14384));
#14384 = ORIENTED_EDGE('',*,*,#14385,.T.);
#14385 = EDGE_CURVE('',#14386,#14386,#14388,.T.);
#14386 = VERTEX_POINT('',#14387);
#14387 = CARTESIAN_POINT('',(136.88,-88.08,1.51));
#14388 = CIRCLE('',#14389,2.);
#14389 = AXIS2_PLACEMENT_3D('',#14390,#14391,#14392);
#14390 = CARTESIAN_POINT('',(136.88,-86.08,1.51));
#14391 = DIRECTION('',(-0.,0.,-1.));
#14392 = DIRECTION('',(-0.,-1.,0.));
#14393 = FACE_BOUND('',#14394,.T.);
#14394 = EDGE_LOOP('',(#14395));
#14395 = ORIENTED_EDGE('',*,*,#14396,.T.);
#14396 = EDGE_CURVE('',#14397,#14397,#14399,.T.);
#14397 = VERTEX_POINT('',#14398);
#14398 = CARTESIAN_POINT('',(120.42,-81.75,1.51));
#14399 = CIRCLE('',#14400,0.75);
#14400 = AXIS2_PLACEMENT_3D('',#14401,#14402,#14403);
#14401 = CARTESIAN_POINT('',(120.42,-81.,1.51));
#14402 = DIRECTION('',(-0.,0.,-1.));
#14403 = DIRECTION('',(-0.,-1.,0.));
#14404 = FACE_BOUND('',#14405,.T.);
#14405 = EDGE_LOOP('',(#14406));
#14406 = ORIENTED_EDGE('',*,*,#14407,.T.);
#14407 = EDGE_CURVE('',#14408,#14408,#14410,.T.);
#14408 = VERTEX_POINT('',#14409);
#14409 = CARTESIAN_POINT('',(125.,-76.9,1.51));
#14410 = CIRCLE('',#14411,0.4);
#14411 = AXIS2_PLACEMENT_3D('',#14412,#14413,#14414);
#14412 = CARTESIAN_POINT('',(125.,-76.5,1.51));
#14413 = DIRECTION('',(-0.,0.,-1.));
#14414 = DIRECTION('',(-0.,-1.,0.));
#14415 = FACE_BOUND('',#14416,.T.);
#14416 = EDGE_LOOP('',(#14417));
#14417 = ORIENTED_EDGE('',*,*,#14418,.T.);
#14418 = EDGE_CURVE('',#14419,#14419,#14421,.T.);
#14419 = VERTEX_POINT('',#14420);
#14420 = CARTESIAN_POINT('',(136.38,-76.9,1.51));
#14421 = CIRCLE('',#14422,0.4);
#14422 = AXIS2_PLACEMENT_3D('',#14423,#14424,#14425);
#14423 = CARTESIAN_POINT('',(136.38,-76.5,1.51));
#14424 = DIRECTION('',(-0.,0.,-1.));
#14425 = DIRECTION('',(-0.,-1.,0.));
#14426 = FACE_BOUND('',#14427,.T.);
#14427 = EDGE_LOOP('',(#14428));
#14428 = ORIENTED_EDGE('',*,*,#14429,.T.);
#14429 = EDGE_CURVE('',#14430,#14430,#14432,.T.);
#14430 = VERTEX_POINT('',#14431);
#14431 = CARTESIAN_POINT('',(141.96,-86.93,1.51));
#14432 = CIRCLE('',#14433,0.85);
#14433 = AXIS2_PLACEMENT_3D('',#14434,#14435,#14436);
#14434 = CARTESIAN_POINT('',(141.96,-86.08,1.51));
#14435 = DIRECTION('',(-0.,0.,-1.));
#14436 = DIRECTION('',(-0.,-1.,0.));
#14437 = FACE_BOUND('',#14438,.T.);
#14438 = EDGE_LOOP('',(#14439));
#14439 = ORIENTED_EDGE('',*,*,#14440,.T.);
#14440 = EDGE_CURVE('',#14441,#14441,#14443,.T.);
#14441 = VERTEX_POINT('',#14442);
#14442 = CARTESIAN_POINT('',(139.42,-81.75,1.51));
#14443 = CIRCLE('',#14444,0.75);
#14444 = AXIS2_PLACEMENT_3D('',#14445,#14446,#14447);
#14445 = CARTESIAN_POINT('',(139.42,-81.,1.51));
#14446 = DIRECTION('',(-0.,0.,-1.));
#14447 = DIRECTION('',(-0.,-1.,0.));
#14448 = FACE_BOUND('',#14449,.T.);
#14449 = EDGE_LOOP('',(#14450));
#14450 = ORIENTED_EDGE('',*,*,#14451,.T.);
#14451 = EDGE_CURVE('',#14452,#14452,#14454,.T.);
#14452 = VERTEX_POINT('',#14453);
#14453 = CARTESIAN_POINT('',(144.,-76.9,1.51));
#14454 = CIRCLE('',#14455,0.4);
#14455 = AXIS2_PLACEMENT_3D('',#14456,#14457,#14458);
#14456 = CARTESIAN_POINT('',(144.,-76.5,1.51));
#14457 = DIRECTION('',(-0.,0.,-1.));
#14458 = DIRECTION('',(-0.,-1.,0.));
#14459 = FACE_BOUND('',#14460,.T.);
#14460 = EDGE_LOOP('',(#14461));
#14461 = ORIENTED_EDGE('',*,*,#14462,.T.);
#14462 = EDGE_CURVE('',#14463,#14463,#14465,.T.);
#14463 = VERTEX_POINT('',#14464);
#14464 = CARTESIAN_POINT('',(93.8,-67.93,1.51));
#14465 = CIRCLE('',#14466,0.85);
#14466 = AXIS2_PLACEMENT_3D('',#14467,#14468,#14469);
#14467 = CARTESIAN_POINT('',(93.8,-67.08,1.51));
#14468 = DIRECTION('',(-0.,0.,-1.));
#14469 = DIRECTION('',(-1.671865260612E-14,-1.,0.));
#14470 = FACE_BOUND('',#14471,.T.);
#14471 = EDGE_LOOP('',(#14472));
#14472 = ORIENTED_EDGE('',*,*,#14473,.T.);
#14473 = EDGE_CURVE('',#14474,#14474,#14476,.T.);
#14474 = VERTEX_POINT('',#14475);
#14475 = CARTESIAN_POINT('',(98.88,-69.08,1.51));
#14476 = CIRCLE('',#14477,2.);
#14477 = AXIS2_PLACEMENT_3D('',#14478,#14479,#14480);
#14478 = CARTESIAN_POINT('',(98.88,-67.08,1.51));
#14479 = DIRECTION('',(-0.,0.,-1.));
#14480 = DIRECTION('',(-0.,-1.,0.));
#14481 = FACE_BOUND('',#14482,.T.);
#14482 = EDGE_LOOP('',(#14483));
#14483 = ORIENTED_EDGE('',*,*,#14484,.T.);
#14484 = EDGE_CURVE('',#14485,#14485,#14487,.T.);
#14485 = VERTEX_POINT('',#14486);
#14486 = CARTESIAN_POINT('',(95.07,-65.29,1.51));
#14487 = CIRCLE('',#14488,0.75);
#14488 = AXIS2_PLACEMENT_3D('',#14489,#14490,#14491);
#14489 = CARTESIAN_POINT('',(95.07,-64.54,1.51));
#14490 = DIRECTION('',(-0.,0.,-1.));
#14491 = DIRECTION('',(-0.,-1.,0.));
#14492 = FACE_BOUND('',#14493,.T.);
#14493 = EDGE_LOOP('',(#14494));
#14494 = ORIENTED_EDGE('',*,*,#14495,.T.);
#14495 = EDGE_CURVE('',#14496,#14496,#14498,.T.);
#14496 = VERTEX_POINT('',#14497);
#14497 = CARTESIAN_POINT('',(94.5,-51.54,1.51));
#14498 = CIRCLE('',#14499,0.5);
#14499 = AXIS2_PLACEMENT_3D('',#14500,#14501,#14502);
#14500 = CARTESIAN_POINT('',(94.5,-51.04,1.51));
#14501 = DIRECTION('',(-0.,0.,-1.));
#14502 = DIRECTION('',(-0.,-1.,0.));
#14503 = FACE_BOUND('',#14504,.T.);
#14504 = EDGE_LOOP('',(#14505));
#14505 = ORIENTED_EDGE('',*,*,#14506,.T.);
#14506 = EDGE_CURVE('',#14507,#14507,#14509,.T.);
#14507 = VERTEX_POINT('',#14508);
#14508 = CARTESIAN_POINT('',(103.96,-67.93,1.51));
#14509 = CIRCLE('',#14510,0.85);
#14510 = AXIS2_PLACEMENT_3D('',#14511,#14512,#14513);
#14511 = CARTESIAN_POINT('',(103.96,-67.08,1.51));
#14512 = DIRECTION('',(-0.,0.,-1.));
#14513 = DIRECTION('',(-1.671865260612E-14,-1.,0.));
#14514 = FACE_BOUND('',#14515,.T.);
#14515 = EDGE_LOOP('',(#14516));
#14516 = ORIENTED_EDGE('',*,*,#14517,.T.);
#14517 = EDGE_CURVE('',#14518,#14518,#14520,.T.);
#14518 = VERTEX_POINT('',#14519);
#14519 = CARTESIAN_POINT('',(101.42,-62.75,1.51));
#14520 = CIRCLE('',#14521,0.75);
#14521 = AXIS2_PLACEMENT_3D('',#14522,#14523,#14524);
#14522 = CARTESIAN_POINT('',(101.42,-62.,1.51));
#14523 = DIRECTION('',(-0.,0.,-1.));
#14524 = DIRECTION('',(-0.,-1.,0.));
#14525 = FACE_BOUND('',#14526,.T.);
#14526 = EDGE_LOOP('',(#14527));
#14527 = ORIENTED_EDGE('',*,*,#14528,.T.);
#14528 = EDGE_CURVE('',#14529,#14529,#14531,.T.);
#14529 = VERTEX_POINT('',#14530);
#14530 = CARTESIAN_POINT('',(112.8,-67.93,1.51));
#14531 = CIRCLE('',#14532,0.85);
#14532 = AXIS2_PLACEMENT_3D('',#14533,#14534,#14535);
#14533 = CARTESIAN_POINT('',(112.8,-67.08,1.51));
#14534 = DIRECTION('',(-0.,0.,-1.));
#14535 = DIRECTION('',(-1.671865260612E-14,-1.,0.));
#14536 = FACE_BOUND('',#14537,.T.);
#14537 = EDGE_LOOP('',(#14538));
#14538 = ORIENTED_EDGE('',*,*,#14539,.T.);
#14539 = EDGE_CURVE('',#14540,#14540,#14542,.T.);
#14540 = VERTEX_POINT('',#14541);
#14541 = CARTESIAN_POINT('',(117.88,-69.08,1.51));
#14542 = CIRCLE('',#14543,2.);
#14543 = AXIS2_PLACEMENT_3D('',#14544,#14545,#14546);
#14544 = CARTESIAN_POINT('',(117.88,-67.08,1.51));
#14545 = DIRECTION('',(-0.,0.,-1.));
#14546 = DIRECTION('',(-0.,-1.,0.));
#14547 = FACE_BOUND('',#14548,.T.);
#14548 = EDGE_LOOP('',(#14549));
#14549 = ORIENTED_EDGE('',*,*,#14550,.T.);
#14550 = EDGE_CURVE('',#14551,#14551,#14553,.T.);
#14551 = VERTEX_POINT('',#14552);
#14552 = CARTESIAN_POINT('',(114.07,-65.29,1.51));
#14553 = CIRCLE('',#14554,0.75);
#14554 = AXIS2_PLACEMENT_3D('',#14555,#14556,#14557);
#14555 = CARTESIAN_POINT('',(114.07,-64.54,1.51));
#14556 = DIRECTION('',(-0.,0.,-1.));
#14557 = DIRECTION('',(-0.,-1.,0.));
#14558 = FACE_BOUND('',#14559,.T.);
#14559 = EDGE_LOOP('',(#14560));
#14560 = ORIENTED_EDGE('',*,*,#14561,.T.);
#14561 = EDGE_CURVE('',#14562,#14562,#14564,.T.);
#14562 = VERTEX_POINT('',#14563);
#14563 = CARTESIAN_POINT('',(94.5,-49.,1.51));
#14564 = CIRCLE('',#14565,0.5);
#14565 = AXIS2_PLACEMENT_3D('',#14566,#14567,#14568);
#14566 = CARTESIAN_POINT('',(94.5,-48.5,1.51));
#14567 = DIRECTION('',(-0.,0.,-1.));
#14568 = DIRECTION('',(-0.,-1.,0.));
#14569 = FACE_BOUND('',#14570,.T.);
#14570 = EDGE_LOOP('',(#14571));
#14571 = ORIENTED_EDGE('',*,*,#14572,.T.);
#14572 = EDGE_CURVE('',#14573,#14573,#14575,.T.);
#14573 = VERTEX_POINT('',#14574);
#14574 = CARTESIAN_POINT('',(94.5,-46.46,1.51));
#14575 = CIRCLE('',#14576,0.5);
#14576 = AXIS2_PLACEMENT_3D('',#14577,#14578,#14579);
#14577 = CARTESIAN_POINT('',(94.5,-45.96,1.51));
#14578 = DIRECTION('',(-0.,0.,-1.));
#14579 = DIRECTION('',(-0.,-1.,0.));
#14580 = FACE_BOUND('',#14581,.T.);
#14581 = EDGE_LOOP('',(#14582));
#14582 = ORIENTED_EDGE('',*,*,#14583,.T.);
#14583 = EDGE_CURVE('',#14584,#14584,#14586,.T.);
#14584 = VERTEX_POINT('',#14585);
#14585 = CARTESIAN_POINT('',(94.5,-43.92,1.51));
#14586 = CIRCLE('',#14587,0.5);
#14587 = AXIS2_PLACEMENT_3D('',#14588,#14589,#14590);
#14588 = CARTESIAN_POINT('',(94.5,-43.42,1.51));
#14589 = DIRECTION('',(-0.,0.,-1.));
#14590 = DIRECTION('',(-0.,-1.,0.));
#14591 = FACE_BOUND('',#14592,.T.);
#14592 = EDGE_LOOP('',(#14593));
#14593 = ORIENTED_EDGE('',*,*,#14594,.T.);
#14594 = EDGE_CURVE('',#14595,#14595,#14597,.T.);
#14595 = VERTEX_POINT('',#14596);
#14596 = CARTESIAN_POINT('',(94.5,-41.38,1.51));
#14597 = CIRCLE('',#14598,0.5);
#14598 = AXIS2_PLACEMENT_3D('',#14599,#14600,#14601);
#14599 = CARTESIAN_POINT('',(94.5,-40.88,1.51));
#14600 = DIRECTION('',(-0.,0.,-1.));
#14601 = DIRECTION('',(-0.,-1.,0.));
#14602 = FACE_BOUND('',#14603,.T.);
#14603 = EDGE_LOOP('',(#14604));
#14604 = ORIENTED_EDGE('',*,*,#14605,.T.);
#14605 = EDGE_CURVE('',#14606,#14606,#14608,.T.);
#14606 = VERTEX_POINT('',#14607);
#14607 = CARTESIAN_POINT('',(94.5,-38.84,1.51));
#14608 = CIRCLE('',#14609,0.5);
#14609 = AXIS2_PLACEMENT_3D('',#14610,#14611,#14612);
#14610 = CARTESIAN_POINT('',(94.5,-38.34,1.51));
#14611 = DIRECTION('',(-0.,0.,-1.));
#14612 = DIRECTION('',(-0.,-1.,0.));
#14613 = FACE_BOUND('',#14614,.T.);
#14614 = EDGE_LOOP('',(#14615));
#14615 = ORIENTED_EDGE('',*,*,#14616,.T.);
#14616 = EDGE_CURVE('',#14617,#14617,#14619,.T.);
#14617 = VERTEX_POINT('',#14618);
#14618 = CARTESIAN_POINT('',(83.5,-29.6,1.51));
#14619 = CIRCLE('',#14620,1.6);
#14620 = AXIS2_PLACEMENT_3D('',#14621,#14622,#14623);
#14621 = CARTESIAN_POINT('',(83.5,-28.,1.51));
#14622 = DIRECTION('',(-0.,0.,-1.));
#14623 = DIRECTION('',(-0.,-1.,0.));
#14624 = FACE_BOUND('',#14625,.T.);
#14625 = EDGE_LOOP('',(#14626));
#14626 = ORIENTED_EDGE('',*,*,#14627,.T.);
#14627 = EDGE_CURVE('',#14628,#14628,#14630,.T.);
#14628 = VERTEX_POINT('',#14629);
#14629 = CARTESIAN_POINT('',(94.5,-36.3,1.51));
#14630 = CIRCLE('',#14631,0.5);
#14631 = AXIS2_PLACEMENT_3D('',#14632,#14633,#14634);
#14632 = CARTESIAN_POINT('',(94.5,-35.8,1.51));
#14633 = DIRECTION('',(-0.,0.,-1.));
#14634 = DIRECTION('',(-0.,-1.,0.));
#14635 = FACE_BOUND('',#14636,.T.);
#14636 = EDGE_LOOP('',(#14637));
#14637 = ORIENTED_EDGE('',*,*,#14638,.T.);
#14638 = EDGE_CURVE('',#14639,#14639,#14641,.T.);
#14639 = VERTEX_POINT('',#14640);
#14640 = CARTESIAN_POINT('',(94.5,-33.76,1.51));
#14641 = CIRCLE('',#14642,0.5);
#14642 = AXIS2_PLACEMENT_3D('',#14643,#14644,#14645);
#14643 = CARTESIAN_POINT('',(94.5,-33.26,1.51));
#14644 = DIRECTION('',(-0.,0.,-1.));
#14645 = DIRECTION('',(-0.,-1.,0.));
#14646 = FACE_BOUND('',#14647,.T.);
#14647 = EDGE_LOOP('',(#14648));
#14648 = ORIENTED_EDGE('',*,*,#14649,.T.);
#14649 = EDGE_CURVE('',#14650,#14650,#14652,.T.);
#14650 = VERTEX_POINT('',#14651);
#14651 = CARTESIAN_POINT('',(111.5,-47.3,1.51));
#14652 = CIRCLE('',#14653,0.5);
#14653 = AXIS2_PLACEMENT_3D('',#14654,#14655,#14656);
#14654 = CARTESIAN_POINT('',(111.5,-46.8,1.51));
#14655 = DIRECTION('',(-0.,0.,-1.));
#14656 = DIRECTION('',(-0.,-1.,0.));
#14657 = FACE_BOUND('',#14658,.T.);
#14658 = EDGE_LOOP('',(#14659));
#14659 = ORIENTED_EDGE('',*,*,#14660,.T.);
#14660 = EDGE_CURVE('',#14661,#14661,#14663,.T.);
#14661 = VERTEX_POINT('',#14662);
#14662 = CARTESIAN_POINT('',(111.5,-39.7,1.51));
#14663 = CIRCLE('',#14664,0.5);
#14664 = AXIS2_PLACEMENT_3D('',#14665,#14666,#14667);
#14665 = CARTESIAN_POINT('',(111.5,-39.2,1.51));
#14666 = DIRECTION('',(-0.,0.,-1.));
#14667 = DIRECTION('',(-0.,-1.,0.));
#14668 = FACE_BOUND('',#14669,.T.);
#14669 = EDGE_LOOP('',(#14670));
#14670 = ORIENTED_EDGE('',*,*,#14671,.T.);
#14671 = EDGE_CURVE('',#14672,#14672,#14674,.T.);
#14672 = VERTEX_POINT('',#14673);
#14673 = CARTESIAN_POINT('',(122.96,-67.93,1.51));
#14674 = CIRCLE('',#14675,0.85);
#14675 = AXIS2_PLACEMENT_3D('',#14676,#14677,#14678);
#14676 = CARTESIAN_POINT('',(122.96,-67.08,1.51));
#14677 = DIRECTION('',(-0.,0.,-1.));
#14678 = DIRECTION('',(-1.671865260612E-14,-1.,0.));
#14679 = FACE_BOUND('',#14680,.T.);
#14680 = EDGE_LOOP('',(#14681));
#14681 = ORIENTED_EDGE('',*,*,#14682,.T.);
#14682 = EDGE_CURVE('',#14683,#14683,#14685,.T.);
#14683 = VERTEX_POINT('',#14684);
#14684 = CARTESIAN_POINT('',(120.42,-62.75,1.51));
#14685 = CIRCLE('',#14686,0.75);
#14686 = AXIS2_PLACEMENT_3D('',#14687,#14688,#14689);
#14687 = CARTESIAN_POINT('',(120.42,-62.,1.51));
#14688 = DIRECTION('',(-0.,0.,-1.));
#14689 = DIRECTION('',(-0.,-1.,0.));
#14690 = FACE_BOUND('',#14691,.T.);
#14691 = EDGE_LOOP('',(#14692));
#14692 = ORIENTED_EDGE('',*,*,#14693,.T.);
#14693 = EDGE_CURVE('',#14694,#14694,#14696,.T.);
#14694 = VERTEX_POINT('',#14695);
#14695 = CARTESIAN_POINT('',(131.88,-67.93,1.51));
#14696 = CIRCLE('',#14697,0.85);
#14697 = AXIS2_PLACEMENT_3D('',#14698,#14699,#14700);
#14698 = CARTESIAN_POINT('',(131.88,-67.08,1.51));
#14699 = DIRECTION('',(-0.,0.,-1.));
#14700 = DIRECTION('',(-0.,-1.,0.));
#14701 = FACE_BOUND('',#14702,.T.);
#14702 = EDGE_LOOP('',(#14703));
#14703 = ORIENTED_EDGE('',*,*,#14704,.T.);
#14704 = EDGE_CURVE('',#14705,#14705,#14707,.T.);
#14705 = VERTEX_POINT('',#14706);
#14706 = CARTESIAN_POINT('',(136.96,-69.08,1.51));
#14707 = CIRCLE('',#14708,2.);
#14708 = AXIS2_PLACEMENT_3D('',#14709,#14710,#14711);
#14709 = CARTESIAN_POINT('',(136.96,-67.08,1.51));
#14710 = DIRECTION('',(-0.,0.,-1.));
#14711 = DIRECTION('',(-0.,-1.,0.));
#14712 = FACE_BOUND('',#14713,.T.);
#14713 = EDGE_LOOP('',(#14714));
#14714 = ORIENTED_EDGE('',*,*,#14715,.T.);
#14715 = EDGE_CURVE('',#14716,#14716,#14718,.T.);
#14716 = VERTEX_POINT('',#14717);
#14717 = CARTESIAN_POINT('',(133.15,-65.29,1.51));
#14718 = CIRCLE('',#14719,0.75);
#14719 = AXIS2_PLACEMENT_3D('',#14720,#14721,#14722);
#14720 = CARTESIAN_POINT('',(133.15,-64.54,1.51));
#14721 = DIRECTION('',(-0.,0.,-1.));
#14722 = DIRECTION('',(-0.,-1.,0.));
#14723 = FACE_BOUND('',#14724,.T.);
#14724 = EDGE_LOOP('',(#14725));
#14725 = ORIENTED_EDGE('',*,*,#14726,.T.);
#14726 = EDGE_CURVE('',#14727,#14727,#14729,.T.);
#14727 = VERTEX_POINT('',#14728);
#14728 = CARTESIAN_POINT('',(128.76,-51.1845,1.51));
#14729 = CIRCLE('',#14730,0.4445);
#14730 = AXIS2_PLACEMENT_3D('',#14731,#14732,#14733);
#14731 = CARTESIAN_POINT('',(128.76,-50.74,1.51));
#14732 = DIRECTION('',(-0.,0.,-1.));
#14733 = DIRECTION('',(-0.,-1.,0.));
#14734 = FACE_BOUND('',#14735,.T.);
#14735 = EDGE_LOOP('',(#14736));
#14736 = ORIENTED_EDGE('',*,*,#14737,.T.);
#14737 = EDGE_CURVE('',#14738,#14738,#14740,.T.);
#14738 = VERTEX_POINT('',#14739);
#14739 = CARTESIAN_POINT('',(142.04,-67.93,1.51));
#14740 = CIRCLE('',#14741,0.85);
#14741 = AXIS2_PLACEMENT_3D('',#14742,#14743,#14744);
#14742 = CARTESIAN_POINT('',(142.04,-67.08,1.51));
#14743 = DIRECTION('',(-0.,0.,-1.));
#14744 = DIRECTION('',(-0.,-1.,0.));
#14745 = FACE_BOUND('',#14746,.T.);
#14746 = EDGE_LOOP('',(#14747));
#14747 = ORIENTED_EDGE('',*,*,#14748,.T.);
#14748 = EDGE_CURVE('',#14749,#14749,#14751,.T.);
#14749 = VERTEX_POINT('',#14750);
#14750 = CARTESIAN_POINT('',(139.5,-62.75,1.51));
#14751 = CIRCLE('',#14752,0.75);
#14752 = AXIS2_PLACEMENT_3D('',#14753,#14754,#14755);
#14753 = CARTESIAN_POINT('',(139.5,-62.,1.51));
#14754 = DIRECTION('',(-0.,0.,-1.));
#14755 = DIRECTION('',(-0.,-1.,0.));
#14756 = FACE_BOUND('',#14757,.T.);
#14757 = EDGE_LOOP('',(#14758));
#14758 = ORIENTED_EDGE('',*,*,#14759,.T.);
#14759 = EDGE_CURVE('',#14760,#14760,#14762,.T.);
#14760 = VERTEX_POINT('',#14761);
#14761 = CARTESIAN_POINT('',(144.,-51.1845,1.51));
#14762 = CIRCLE('',#14763,0.4445);
#14763 = AXIS2_PLACEMENT_3D('',#14764,#14765,#14766);
#14764 = CARTESIAN_POINT('',(144.,-50.74,1.51));
#14765 = DIRECTION('',(-0.,0.,-1.));
#14766 = DIRECTION('',(-0.,-1.,0.));
#14767 = FACE_BOUND('',#14768,.T.);
#14768 = EDGE_LOOP('',(#14769));
#14769 = ORIENTED_EDGE('',*,*,#14770,.T.);
#14770 = EDGE_CURVE('',#14771,#14771,#14773,.T.);
#14771 = VERTEX_POINT('',#14772);
#14772 = CARTESIAN_POINT('',(128.76,-48.6445,1.51));
#14773 = CIRCLE('',#14774,0.4445);
#14774 = AXIS2_PLACEMENT_3D('',#14775,#14776,#14777);
#14775 = CARTESIAN_POINT('',(128.76,-48.2,1.51));
#14776 = DIRECTION('',(-0.,0.,-1.));
#14777 = DIRECTION('',(-0.,-1.,0.));
#14778 = FACE_BOUND('',#14779,.T.);
#14779 = EDGE_LOOP('',(#14780));
#14780 = ORIENTED_EDGE('',*,*,#14781,.T.);
#14781 = EDGE_CURVE('',#14782,#14782,#14784,.T.);
#14782 = VERTEX_POINT('',#14783);
#14783 = CARTESIAN_POINT('',(128.76,-46.1045,1.51));
#14784 = CIRCLE('',#14785,0.4445);
#14785 = AXIS2_PLACEMENT_3D('',#14786,#14787,#14788);
#14786 = CARTESIAN_POINT('',(128.76,-45.66,1.51));
#14787 = DIRECTION('',(-0.,0.,-1.));
#14788 = DIRECTION('',(-0.,-1.,0.));
#14789 = FACE_BOUND('',#14790,.T.);
#14790 = EDGE_LOOP('',(#14791));
#14791 = ORIENTED_EDGE('',*,*,#14792,.T.);
#14792 = EDGE_CURVE('',#14793,#14793,#14795,.T.);
#14793 = VERTEX_POINT('',#14794);
#14794 = CARTESIAN_POINT('',(128.76,-43.5645,1.51));
#14795 = CIRCLE('',#14796,0.4445);
#14796 = AXIS2_PLACEMENT_3D('',#14797,#14798,#14799);
#14797 = CARTESIAN_POINT('',(128.76,-43.12,1.51));
#14798 = DIRECTION('',(-0.,0.,-1.));
#14799 = DIRECTION('',(-0.,-1.,0.));
#14800 = FACE_BOUND('',#14801,.T.);
#14801 = EDGE_LOOP('',(#14802));
#14802 = ORIENTED_EDGE('',*,*,#14803,.T.);
#14803 = EDGE_CURVE('',#14804,#14804,#14806,.T.);
#14804 = VERTEX_POINT('',#14805);
#14805 = CARTESIAN_POINT('',(128.76,-41.0245,1.51));
#14806 = CIRCLE('',#14807,0.4445);
#14807 = AXIS2_PLACEMENT_3D('',#14808,#14809,#14810);
#14808 = CARTESIAN_POINT('',(128.76,-40.58,1.51));
#14809 = DIRECTION('',(-0.,0.,-1.));
#14810 = DIRECTION('',(-0.,-1.,0.));
#14811 = FACE_BOUND('',#14812,.T.);
#14812 = EDGE_LOOP('',(#14813));
#14813 = ORIENTED_EDGE('',*,*,#14814,.T.);
#14814 = EDGE_CURVE('',#14815,#14815,#14817,.T.);
#14815 = VERTEX_POINT('',#14816);
#14816 = CARTESIAN_POINT('',(128.76,-38.4845,1.51));
#14817 = CIRCLE('',#14818,0.4445);
#14818 = AXIS2_PLACEMENT_3D('',#14819,#14820,#14821);
#14819 = CARTESIAN_POINT('',(128.76,-38.04,1.51));
#14820 = DIRECTION('',(-0.,0.,-1.));
#14821 = DIRECTION('',(-0.,-1.,0.));
#14822 = FACE_BOUND('',#14823,.T.);
#14823 = EDGE_LOOP('',(#14824));
#14824 = ORIENTED_EDGE('',*,*,#14825,.T.);
#14825 = EDGE_CURVE('',#14826,#14826,#14828,.T.);
#14826 = VERTEX_POINT('',#14827);
#14827 = CARTESIAN_POINT('',(128.76,-35.9445,1.51));
#14828 = CIRCLE('',#14829,0.4445);
#14829 = AXIS2_PLACEMENT_3D('',#14830,#14831,#14832);
#14830 = CARTESIAN_POINT('',(128.76,-35.5,1.51));
#14831 = DIRECTION('',(-0.,0.,-1.));
#14832 = DIRECTION('',(-0.,-1.,0.));
#14833 = FACE_BOUND('',#14834,.T.);
#14834 = EDGE_LOOP('',(#14835));
#14835 = ORIENTED_EDGE('',*,*,#14836,.T.);
#14836 = EDGE_CURVE('',#14837,#14837,#14839,.T.);
#14837 = VERTEX_POINT('',#14838);
#14838 = CARTESIAN_POINT('',(144.,-48.6445,1.51));
#14839 = CIRCLE('',#14840,0.4445);
#14840 = AXIS2_PLACEMENT_3D('',#14841,#14842,#14843);
#14841 = CARTESIAN_POINT('',(144.,-48.2,1.51));
#14842 = DIRECTION('',(-0.,0.,-1.));
#14843 = DIRECTION('',(-0.,-1.,0.));
#14844 = FACE_BOUND('',#14845,.T.);
#14845 = EDGE_LOOP('',(#14846));
#14846 = ORIENTED_EDGE('',*,*,#14847,.T.);
#14847 = EDGE_CURVE('',#14848,#14848,#14850,.T.);
#14848 = VERTEX_POINT('',#14849);
#14849 = CARTESIAN_POINT('',(144.,-46.1045,1.51));
#14850 = CIRCLE('',#14851,0.4445);
#14851 = AXIS2_PLACEMENT_3D('',#14852,#14853,#14854);
#14852 = CARTESIAN_POINT('',(144.,-45.66,1.51));
#14853 = DIRECTION('',(-0.,0.,-1.));
#14854 = DIRECTION('',(-0.,-1.,0.));
#14855 = FACE_BOUND('',#14856,.T.);
#14856 = EDGE_LOOP('',(#14857));
#14857 = ORIENTED_EDGE('',*,*,#14858,.T.);
#14858 = EDGE_CURVE('',#14859,#14859,#14861,.T.);
#14859 = VERTEX_POINT('',#14860);
#14860 = CARTESIAN_POINT('',(144.,-43.5645,1.51));
#14861 = CIRCLE('',#14862,0.4445);
#14862 = AXIS2_PLACEMENT_3D('',#14863,#14864,#14865);
#14863 = CARTESIAN_POINT('',(144.,-43.12,1.51));
#14864 = DIRECTION('',(-0.,0.,-1.));
#14865 = DIRECTION('',(-0.,-1.,0.));
#14866 = FACE_BOUND('',#14867,.T.);
#14867 = EDGE_LOOP('',(#14868));
#14868 = ORIENTED_EDGE('',*,*,#14869,.T.);
#14869 = EDGE_CURVE('',#14870,#14870,#14872,.T.);
#14870 = VERTEX_POINT('',#14871);
#14871 = CARTESIAN_POINT('',(144.,-41.0245,1.51));
#14872 = CIRCLE('',#14873,0.4445);
#14873 = AXIS2_PLACEMENT_3D('',#14874,#14875,#14876);
#14874 = CARTESIAN_POINT('',(144.,-40.58,1.51));
#14875 = DIRECTION('',(-0.,0.,-1.));
#14876 = DIRECTION('',(-0.,-1.,0.));
#14877 = FACE_BOUND('',#14878,.T.);
#14878 = EDGE_LOOP('',(#14879));
#14879 = ORIENTED_EDGE('',*,*,#14880,.T.);
#14880 = EDGE_CURVE('',#14881,#14881,#14883,.T.);
#14881 = VERTEX_POINT('',#14882);
#14882 = CARTESIAN_POINT('',(144.,-38.4845,1.51));
#14883 = CIRCLE('',#14884,0.4445);
#14884 = AXIS2_PLACEMENT_3D('',#14885,#14886,#14887);
#14885 = CARTESIAN_POINT('',(144.,-38.04,1.51));
#14886 = DIRECTION('',(-0.,0.,-1.));
#14887 = DIRECTION('',(-0.,-1.,0.));
#14888 = FACE_BOUND('',#14889,.T.);
#14889 = EDGE_LOOP('',(#14890));
#14890 = ORIENTED_EDGE('',*,*,#14891,.T.);
#14891 = EDGE_CURVE('',#14892,#14892,#14894,.T.);
#14892 = VERTEX_POINT('',#14893);
#14893 = CARTESIAN_POINT('',(144.,-35.9445,1.51));
#14894 = CIRCLE('',#14895,0.4445);
#14895 = AXIS2_PLACEMENT_3D('',#14896,#14897,#14898);
#14896 = CARTESIAN_POINT('',(144.,-35.5,1.51));
#14897 = DIRECTION('',(-0.,0.,-1.));
#14898 = DIRECTION('',(-0.,-1.,0.));
#14899 = FACE_BOUND('',#14900,.T.);
#14900 = EDGE_LOOP('',(#14901));
#14901 = ORIENTED_EDGE('',*,*,#14902,.T.);
#14902 = EDGE_CURVE('',#14903,#14903,#14905,.T.);
#14903 = VERTEX_POINT('',#14904);
#14904 = CARTESIAN_POINT('',(156.,-29.1,1.51));
#14905 = CIRCLE('',#14906,1.6);
#14906 = AXIS2_PLACEMENT_3D('',#14907,#14908,#14909);
#14907 = CARTESIAN_POINT('',(156.,-27.5,1.51));
#14908 = DIRECTION('',(-0.,0.,-1.));
#14909 = DIRECTION('',(-0.,-1.,0.));
#14910 = PLANE('',#14911);
#14911 = AXIS2_PLACEMENT_3D('',#14912,#14913,#14914);
#14912 = CARTESIAN_POINT('',(0.,0.,1.51));
#14913 = DIRECTION('',(0.,0.,1.));
#14914 = DIRECTION('',(1.,0.,-0.));
#14915 = ADVANCED_FACE('',(#14916),#14927,.T.);
#14916 = FACE_BOUND('',#14917,.T.);
#14917 = EDGE_LOOP('',(#14918,#14924,#14925,#14926));
#14918 = ORIENTED_EDGE('',*,*,#14919,.T.);
#14919 = EDGE_CURVE('',#12816,#13869,#14920,.T.);
#14920 = LINE('',#14921,#14922);
#14921 = CARTESIAN_POINT('',(78.,-27.,0.));
#14922 = VECTOR('',#14923,1.);
#14923 = DIRECTION('',(0.,0.,1.));
#14924 = ORIENTED_EDGE('',*,*,#13868,.T.);
#14925 = ORIENTED_EDGE('',*,*,#12751,.F.);
#14926 = ORIENTED_EDGE('',*,*,#12815,.F.);
#14927 = CYLINDRICAL_SURFACE('',#14928,4.999999678834);
#14928 = AXIS2_PLACEMENT_3D('',#14929,#14930,#14931);
#14929 = CARTESIAN_POINT('',(82.999999678834,-26.99999967883,0.));
#14930 = DIRECTION('',(0.,0.,-1.));
#14931 = DIRECTION('',(-1.,-6.423314275614E-08,-0.));
#14932 = ADVANCED_FACE('',(#14933),#14944,.T.);
#14933 = FACE_BOUND('',#14934,.T.);
#14934 = EDGE_LOOP('',(#14935,#14936,#14937,#14943));
#14935 = ORIENTED_EDGE('',*,*,#12791,.T.);
#14936 = ORIENTED_EDGE('',*,*,#13902,.T.);
#14937 = ORIENTED_EDGE('',*,*,#14938,.F.);
#14938 = EDGE_CURVE('',#12842,#13895,#14939,.T.);
#14939 = LINE('',#14940,#14941);
#14940 = CARTESIAN_POINT('',(156.5,-121.,0.));
#14941 = VECTOR('',#14942,1.);
#14942 = DIRECTION('',(0.,0.,1.));
#14943 = ORIENTED_EDGE('',*,*,#12849,.F.);
#14944 = CYLINDRICAL_SURFACE('',#14945,4.999999678834);
#14945 = AXIS2_PLACEMENT_3D('',#14946,#14947,#14948);
#14946 = CARTESIAN_POINT('',(156.50000032116,-116.0000003211,0.));
#14947 = DIRECTION('',(0.,0.,-1.));
#14948 = DIRECTION('',(1.,6.42331470194E-08,0.));
#14949 = ADVANCED_FACE('',(#14950),#14961,.T.);
#14950 = FACE_BOUND('',#14951,.T.);
#14951 = EDGE_LOOP('',(#14952,#14958,#14959,#14960));
#14952 = ORIENTED_EDGE('',*,*,#14953,.T.);
#14953 = EDGE_CURVE('',#12825,#13878,#14954,.T.);
#14954 = LINE('',#14955,#14956);
#14955 = CARTESIAN_POINT('',(78.,-116.,0.));
#14956 = VECTOR('',#14957,1.);
#14957 = DIRECTION('',(0.,0.,1.));
#14958 = ORIENTED_EDGE('',*,*,#13877,.T.);
#14959 = ORIENTED_EDGE('',*,*,#14919,.F.);
#14960 = ORIENTED_EDGE('',*,*,#12824,.F.);
#14961 = PLANE('',#14962);
#14962 = AXIS2_PLACEMENT_3D('',#14963,#14964,#14965);
#14963 = CARTESIAN_POINT('',(78.,-116.,0.));
#14964 = DIRECTION('',(-1.,0.,0.));
#14965 = DIRECTION('',(0.,1.,0.));
#14966 = ADVANCED_FACE('',(#14967),#14978,.T.);
#14967 = FACE_BOUND('',#14968,.T.);
#14968 = EDGE_LOOP('',(#14969,#14970,#14971,#14977));
#14969 = ORIENTED_EDGE('',*,*,#14938,.T.);
#14970 = ORIENTED_EDGE('',*,*,#13894,.T.);
#14971 = ORIENTED_EDGE('',*,*,#14972,.F.);
#14972 = EDGE_CURVE('',#12833,#13886,#14973,.T.);
#14973 = LINE('',#14974,#14975);
#14974 = CARTESIAN_POINT('',(83.,-121.,0.));
#14975 = VECTOR('',#14976,1.);
#14976 = DIRECTION('',(0.,0.,1.));
#14977 = ORIENTED_EDGE('',*,*,#12841,.F.);
#14978 = PLANE('',#14979);
#14979 = AXIS2_PLACEMENT_3D('',#14980,#14981,#14982);
#14980 = CARTESIAN_POINT('',(156.5,-121.,0.));
#14981 = DIRECTION('',(0.,-1.,0.));
#14982 = DIRECTION('',(-1.,0.,0.));
#14983 = ADVANCED_FACE('',(#14984),#14990,.T.);
#14984 = FACE_BOUND('',#14985,.T.);
#14985 = EDGE_LOOP('',(#14986,#14987,#14988,#14989));
#14986 = ORIENTED_EDGE('',*,*,#14972,.T.);
#14987 = ORIENTED_EDGE('',*,*,#13885,.T.);
#14988 = ORIENTED_EDGE('',*,*,#14953,.F.);
#14989 = ORIENTED_EDGE('',*,*,#12832,.F.);
#14990 = CYLINDRICAL_SURFACE('',#14991,4.999999678834);
#14991 = AXIS2_PLACEMENT_3D('',#14992,#14993,#14994);
#14992 = CARTESIAN_POINT('',(82.999999678834,-116.0000003211,0.));
#14993 = DIRECTION('',(0.,0.,-1.));
#14994 = DIRECTION('',(6.423314133505E-08,-1.,0.));
#14995 = ADVANCED_FACE('',(#14996),#15007,.F.);
#14996 = FACE_BOUND('',#14997,.T.);
#14997 = EDGE_LOOP('',(#14998,#14999,#15005,#15006));
#14998 = ORIENTED_EDGE('',*,*,#12859,.T.);
#14999 = ORIENTED_EDGE('',*,*,#15000,.T.);
#15000 = EDGE_CURVE('',#12860,#13913,#15001,.T.);
#15001 = LINE('',#15002,#15003);
#15002 = CARTESIAN_POINT('',(84.5,-116.6,-4.6E-02));
#15003 = VECTOR('',#15004,1.);
#15004 = DIRECTION('',(0.,0.,1.));
#15005 = ORIENTED_EDGE('',*,*,#13912,.F.);
#15006 = ORIENTED_EDGE('',*,*,#15000,.F.);
#15007 = CYLINDRICAL_SURFACE('',#15008,1.6);
#15008 = AXIS2_PLACEMENT_3D('',#15009,#15010,#15011);
#15009 = CARTESIAN_POINT('',(84.5,-115.,-4.6E-02));
#15010 = DIRECTION('',(-0.,-0.,-1.));
#15011 = DIRECTION('',(-0.,-1.,0.));
#15012 = ADVANCED_FACE('',(#15013),#15024,.F.);
#15013 = FACE_BOUND('',#15014,.T.);
#15014 = EDGE_LOOP('',(#15015,#15016,#15022,#15023));
#15015 = ORIENTED_EDGE('',*,*,#12870,.T.);
#15016 = ORIENTED_EDGE('',*,*,#15017,.T.);
#15017 = EDGE_CURVE('',#12871,#13924,#15018,.T.);
#15018 = LINE('',#15019,#15020);
#15019 = CARTESIAN_POINT('',(98.19,-114.9,-4.6E-02));
#15020 = VECTOR('',#15021,1.);
#15021 = DIRECTION('',(0.,0.,1.));
#15022 = ORIENTED_EDGE('',*,*,#13923,.F.);
#15023 = ORIENTED_EDGE('',*,*,#15017,.F.);
#15024 = CYLINDRICAL_SURFACE('',#15025,0.4);
#15025 = AXIS2_PLACEMENT_3D('',#15026,#15027,#15028);
#15026 = CARTESIAN_POINT('',(98.19,-114.5,-4.6E-02));
#15027 = DIRECTION('',(-0.,-0.,-1.));
#15028 = DIRECTION('',(-0.,-1.,0.));
#15029 = ADVANCED_FACE('',(#15030),#15041,.F.);
#15030 = FACE_BOUND('',#15031,.T.);
#15031 = EDGE_LOOP('',(#15032,#15033,#15039,#15040));
#15032 = ORIENTED_EDGE('',*,*,#12881,.T.);
#15033 = ORIENTED_EDGE('',*,*,#15034,.T.);
#15034 = EDGE_CURVE('',#12882,#13935,#15035,.T.);
#15035 = LINE('',#15036,#15037);
#15036 = CARTESIAN_POINT('',(93.8,-105.93,-4.6E-02));
#15037 = VECTOR('',#15038,1.);
#15038 = DIRECTION('',(0.,0.,1.));
#15039 = ORIENTED_EDGE('',*,*,#13934,.F.);
#15040 = ORIENTED_EDGE('',*,*,#15034,.F.);
#15041 = CYLINDRICAL_SURFACE('',#15042,0.85);
#15042 = AXIS2_PLACEMENT_3D('',#15043,#15044,#15045);
#15043 = CARTESIAN_POINT('',(93.8,-105.08,-4.6E-02));
#15044 = DIRECTION('',(-0.,-0.,-1.));
#15045 = DIRECTION('',(-1.671865260612E-14,-1.,0.));
#15046 = ADVANCED_FACE('',(#15047),#15058,.F.);
#15047 = FACE_BOUND('',#15048,.T.);
#15048 = EDGE_LOOP('',(#15049,#15050,#15056,#15057));
#15049 = ORIENTED_EDGE('',*,*,#12892,.T.);
#15050 = ORIENTED_EDGE('',*,*,#15051,.T.);
#15051 = EDGE_CURVE('',#12893,#13946,#15052,.T.);
#15052 = LINE('',#15053,#15054);
#15053 = CARTESIAN_POINT('',(95.07,-103.29,-4.6E-02));
#15054 = VECTOR('',#15055,1.);
#15055 = DIRECTION('',(0.,0.,1.));
#15056 = ORIENTED_EDGE('',*,*,#13945,.F.);
#15057 = ORIENTED_EDGE('',*,*,#15051,.F.);
#15058 = CYLINDRICAL_SURFACE('',#15059,0.75);
#15059 = AXIS2_PLACEMENT_3D('',#15060,#15061,#15062);
#15060 = CARTESIAN_POINT('',(95.07,-102.54,-4.6E-02));
#15061 = DIRECTION('',(-0.,-0.,-1.));
#15062 = DIRECTION('',(-0.,-1.,0.));
#15063 = ADVANCED_FACE('',(#15064),#15075,.F.);
#15064 = FACE_BOUND('',#15065,.T.);
#15065 = EDGE_LOOP('',(#15066,#15067,#15073,#15074));
#15066 = ORIENTED_EDGE('',*,*,#12903,.T.);
#15067 = ORIENTED_EDGE('',*,*,#15068,.T.);
#15068 = EDGE_CURVE('',#12904,#13957,#15069,.T.);
#15069 = LINE('',#15070,#15071);
#15070 = CARTESIAN_POINT('',(98.88,-107.08,-4.6E-02));
#15071 = VECTOR('',#15072,1.);
#15072 = DIRECTION('',(0.,0.,1.));
#15073 = ORIENTED_EDGE('',*,*,#13956,.F.);
#15074 = ORIENTED_EDGE('',*,*,#15068,.F.);
#15075 = CYLINDRICAL_SURFACE('',#15076,2.);
#15076 = AXIS2_PLACEMENT_3D('',#15077,#15078,#15079);
#15077 = CARTESIAN_POINT('',(98.88,-105.08,-4.6E-02));
#15078 = DIRECTION('',(-0.,-0.,-1.));
#15079 = DIRECTION('',(-0.,-1.,0.));
#15080 = ADVANCED_FACE('',(#15081),#15092,.F.);
#15081 = FACE_BOUND('',#15082,.T.);
#15082 = EDGE_LOOP('',(#15083,#15084,#15090,#15091));
#15083 = ORIENTED_EDGE('',*,*,#12914,.T.);
#15084 = ORIENTED_EDGE('',*,*,#15085,.T.);
#15085 = EDGE_CURVE('',#12915,#13968,#15086,.T.);
#15086 = LINE('',#15087,#15088);
#15087 = CARTESIAN_POINT('',(98.38,-95.9,-4.6E-02));
#15088 = VECTOR('',#15089,1.);
#15089 = DIRECTION('',(0.,0.,1.));
#15090 = ORIENTED_EDGE('',*,*,#13967,.F.);
#15091 = ORIENTED_EDGE('',*,*,#15085,.F.);
#15092 = CYLINDRICAL_SURFACE('',#15093,0.4);
#15093 = AXIS2_PLACEMENT_3D('',#15094,#15095,#15096);
#15094 = CARTESIAN_POINT('',(98.38,-95.5,-4.6E-02));
#15095 = DIRECTION('',(-0.,-0.,-1.));
#15096 = DIRECTION('',(-0.,-1.,0.));
#15097 = ADVANCED_FACE('',(#15098),#15109,.F.);
#15098 = FACE_BOUND('',#15099,.T.);
#15099 = EDGE_LOOP('',(#15100,#15101,#15107,#15108));
#15100 = ORIENTED_EDGE('',*,*,#12925,.T.);
#15101 = ORIENTED_EDGE('',*,*,#15102,.T.);
#15102 = EDGE_CURVE('',#12926,#13979,#15103,.T.);
#15103 = LINE('',#15104,#15105);
#15104 = CARTESIAN_POINT('',(105.81,-114.9,-4.6E-02));
#15105 = VECTOR('',#15106,1.);
#15106 = DIRECTION('',(0.,0.,1.));
#15107 = ORIENTED_EDGE('',*,*,#13978,.F.);
#15108 = ORIENTED_EDGE('',*,*,#15102,.F.);
#15109 = CYLINDRICAL_SURFACE('',#15110,0.4);
#15110 = AXIS2_PLACEMENT_3D('',#15111,#15112,#15113);
#15111 = CARTESIAN_POINT('',(105.81,-114.5,-4.6E-02));
#15112 = DIRECTION('',(-0.,-0.,-1.));
#15113 = DIRECTION('',(-0.,-1.,0.));
#15114 = ADVANCED_FACE('',(#15115),#15126,.F.);
#15115 = FACE_BOUND('',#15116,.T.);
#15116 = EDGE_LOOP('',(#15117,#15118,#15124,#15125));
#15117 = ORIENTED_EDGE('',*,*,#12936,.T.);
#15118 = ORIENTED_EDGE('',*,*,#15119,.T.);
#15119 = EDGE_CURVE('',#12937,#13990,#15120,.T.);
#15120 = LINE('',#15121,#15122);
#15121 = CARTESIAN_POINT('',(117.38,-114.9,-4.6E-02));
#15122 = VECTOR('',#15123,1.);
#15123 = DIRECTION('',(0.,0.,1.));
#15124 = ORIENTED_EDGE('',*,*,#13989,.F.);
#15125 = ORIENTED_EDGE('',*,*,#15119,.F.);
#15126 = CYLINDRICAL_SURFACE('',#15127,0.4);
#15127 = AXIS2_PLACEMENT_3D('',#15128,#15129,#15130);
#15128 = CARTESIAN_POINT('',(117.38,-114.5,-4.6E-02));
#15129 = DIRECTION('',(-0.,-0.,-1.));
#15130 = DIRECTION('',(-0.,-1.,0.));
#15131 = ADVANCED_FACE('',(#15132),#15143,.F.);
#15132 = FACE_BOUND('',#15133,.T.);
#15133 = EDGE_LOOP('',(#15134,#15135,#15141,#15142));
#15134 = ORIENTED_EDGE('',*,*,#12947,.T.);
#15135 = ORIENTED_EDGE('',*,*,#15136,.T.);
#15136 = EDGE_CURVE('',#12948,#14001,#15137,.T.);
#15137 = LINE('',#15138,#15139);
#15138 = CARTESIAN_POINT('',(103.96,-105.93,-4.6E-02));
#15139 = VECTOR('',#15140,1.);
#15140 = DIRECTION('',(0.,0.,1.));
#15141 = ORIENTED_EDGE('',*,*,#14000,.F.);
#15142 = ORIENTED_EDGE('',*,*,#15136,.F.);
#15143 = CYLINDRICAL_SURFACE('',#15144,0.85);
#15144 = AXIS2_PLACEMENT_3D('',#15145,#15146,#15147);
#15145 = CARTESIAN_POINT('',(103.96,-105.08,-4.6E-02));
#15146 = DIRECTION('',(-0.,-0.,-1.));
#15147 = DIRECTION('',(-1.671865260612E-14,-1.,0.));
#15148 = ADVANCED_FACE('',(#15149),#15160,.F.);
#15149 = FACE_BOUND('',#15150,.T.);
#15150 = EDGE_LOOP('',(#15151,#15152,#15158,#15159));
#15151 = ORIENTED_EDGE('',*,*,#12958,.T.);
#15152 = ORIENTED_EDGE('',*,*,#15153,.T.);
#15153 = EDGE_CURVE('',#12959,#14012,#15154,.T.);
#15154 = LINE('',#15155,#15156);
#15155 = CARTESIAN_POINT('',(101.42,-100.75,-4.6E-02));
#15156 = VECTOR('',#15157,1.);
#15157 = DIRECTION('',(0.,0.,1.));
#15158 = ORIENTED_EDGE('',*,*,#14011,.F.);
#15159 = ORIENTED_EDGE('',*,*,#15153,.F.);
#15160 = CYLINDRICAL_SURFACE('',#15161,0.75);
#15161 = AXIS2_PLACEMENT_3D('',#15162,#15163,#15164);
#15162 = CARTESIAN_POINT('',(101.42,-100.,-4.6E-02));
#15163 = DIRECTION('',(-0.,-0.,-1.));
#15164 = DIRECTION('',(-0.,-1.,0.));
#15165 = ADVANCED_FACE('',(#15166),#15177,.F.);
#15166 = FACE_BOUND('',#15167,.T.);
#15167 = EDGE_LOOP('',(#15168,#15169,#15175,#15176));
#15168 = ORIENTED_EDGE('',*,*,#12969,.T.);
#15169 = ORIENTED_EDGE('',*,*,#15170,.T.);
#15170 = EDGE_CURVE('',#12970,#14023,#15171,.T.);
#15171 = LINE('',#15172,#15173);
#15172 = CARTESIAN_POINT('',(106.,-95.9,-4.6E-02));
#15173 = VECTOR('',#15174,1.);
#15174 = DIRECTION('',(0.,0.,1.));
#15175 = ORIENTED_EDGE('',*,*,#14022,.F.);
#15176 = ORIENTED_EDGE('',*,*,#15170,.F.);
#15177 = CYLINDRICAL_SURFACE('',#15178,0.4);
#15178 = AXIS2_PLACEMENT_3D('',#15179,#15180,#15181);
#15179 = CARTESIAN_POINT('',(106.,-95.5,-4.6E-02));
#15180 = DIRECTION('',(-0.,-0.,-1.));
#15181 = DIRECTION('',(-0.,-1.,0.));
#15182 = ADVANCED_FACE('',(#15183),#15194,.F.);
#15183 = FACE_BOUND('',#15184,.T.);
#15184 = EDGE_LOOP('',(#15185,#15186,#15192,#15193));
#15185 = ORIENTED_EDGE('',*,*,#12980,.T.);
#15186 = ORIENTED_EDGE('',*,*,#15187,.T.);
#15187 = EDGE_CURVE('',#12981,#14034,#15188,.T.);
#15188 = LINE('',#15189,#15190);
#15189 = CARTESIAN_POINT('',(112.88,-105.93,-4.6E-02));
#15190 = VECTOR('',#15191,1.);
#15191 = DIRECTION('',(0.,0.,1.));
#15192 = ORIENTED_EDGE('',*,*,#14033,.F.);
#15193 = ORIENTED_EDGE('',*,*,#15187,.F.);
#15194 = CYLINDRICAL_SURFACE('',#15195,0.85);
#15195 = AXIS2_PLACEMENT_3D('',#15196,#15197,#15198);
#15196 = CARTESIAN_POINT('',(112.88,-105.08,-4.6E-02));
#15197 = DIRECTION('',(-0.,-0.,-1.));
#15198 = DIRECTION('',(-0.,-1.,0.));
#15199 = ADVANCED_FACE('',(#15200),#15211,.F.);
#15200 = FACE_BOUND('',#15201,.T.);
#15201 = EDGE_LOOP('',(#15202,#15203,#15209,#15210));
#15202 = ORIENTED_EDGE('',*,*,#12991,.T.);
#15203 = ORIENTED_EDGE('',*,*,#15204,.T.);
#15204 = EDGE_CURVE('',#12992,#14045,#15205,.T.);
#15205 = LINE('',#15206,#15207);
#15206 = CARTESIAN_POINT('',(114.15,-103.29,-4.6E-02));
#15207 = VECTOR('',#15208,1.);
#15208 = DIRECTION('',(0.,0.,1.));
#15209 = ORIENTED_EDGE('',*,*,#14044,.F.);
#15210 = ORIENTED_EDGE('',*,*,#15204,.F.);
#15211 = CYLINDRICAL_SURFACE('',#15212,0.75);
#15212 = AXIS2_PLACEMENT_3D('',#15213,#15214,#15215);
#15213 = CARTESIAN_POINT('',(114.15,-102.54,-4.6E-02));
#15214 = DIRECTION('',(-0.,-0.,-1.));
#15215 = DIRECTION('',(-0.,-1.,0.));
#15216 = ADVANCED_FACE('',(#15217),#15228,.F.);
#15217 = FACE_BOUND('',#15218,.T.);
#15218 = EDGE_LOOP('',(#15219,#15220,#15226,#15227));
#15219 = ORIENTED_EDGE('',*,*,#13002,.T.);
#15220 = ORIENTED_EDGE('',*,*,#15221,.T.);
#15221 = EDGE_CURVE('',#13003,#14056,#15222,.T.);
#15222 = LINE('',#15223,#15224);
#15223 = CARTESIAN_POINT('',(117.96,-107.08,-4.6E-02));
#15224 = VECTOR('',#15225,1.);
#15225 = DIRECTION('',(0.,0.,1.));
#15226 = ORIENTED_EDGE('',*,*,#14055,.F.);
#15227 = ORIENTED_EDGE('',*,*,#15221,.F.);
#15228 = CYLINDRICAL_SURFACE('',#15229,2.);
#15229 = AXIS2_PLACEMENT_3D('',#15230,#15231,#15232);
#15230 = CARTESIAN_POINT('',(117.96,-105.08,-4.6E-02));
#15231 = DIRECTION('',(-0.,-0.,-1.));
#15232 = DIRECTION('',(-0.,-1.,0.));
#15233 = ADVANCED_FACE('',(#15234),#15245,.F.);
#15234 = FACE_BOUND('',#15235,.T.);
#15235 = EDGE_LOOP('',(#15236,#15237,#15243,#15244));
#15236 = ORIENTED_EDGE('',*,*,#13013,.T.);
#15237 = ORIENTED_EDGE('',*,*,#15238,.T.);
#15238 = EDGE_CURVE('',#13014,#14067,#15239,.T.);
#15239 = LINE('',#15240,#15241);
#15240 = CARTESIAN_POINT('',(116.88,-95.9,-4.6E-02));
#15241 = VECTOR('',#15242,1.);
#15242 = DIRECTION('',(0.,0.,1.));
#15243 = ORIENTED_EDGE('',*,*,#14066,.F.);
#15244 = ORIENTED_EDGE('',*,*,#15238,.F.);
#15245 = CYLINDRICAL_SURFACE('',#15246,0.4);
#15246 = AXIS2_PLACEMENT_3D('',#15247,#15248,#15249);
#15247 = CARTESIAN_POINT('',(116.88,-95.5,-4.6E-02));
#15248 = DIRECTION('',(-0.,-0.,-1.));
#15249 = DIRECTION('',(-0.,-1.,0.));
#15250 = ADVANCED_FACE('',(#15251),#15262,.F.);
#15251 = FACE_BOUND('',#15252,.T.);
#15252 = EDGE_LOOP('',(#15253,#15254,#15260,#15261));
#15253 = ORIENTED_EDGE('',*,*,#13024,.T.);
#15254 = ORIENTED_EDGE('',*,*,#15255,.T.);
#15255 = EDGE_CURVE('',#13025,#14078,#15256,.T.);
#15256 = LINE('',#15257,#15258);
#15257 = CARTESIAN_POINT('',(93.8,-86.93,-4.6E-02));
#15258 = VECTOR('',#15259,1.);
#15259 = DIRECTION('',(0.,0.,1.));
#15260 = ORIENTED_EDGE('',*,*,#14077,.F.);
#15261 = ORIENTED_EDGE('',*,*,#15255,.F.);
#15262 = CYLINDRICAL_SURFACE('',#15263,0.85);
#15263 = AXIS2_PLACEMENT_3D('',#15264,#15265,#15266);
#15264 = CARTESIAN_POINT('',(93.8,-86.08,-4.6E-02));
#15265 = DIRECTION('',(-0.,-0.,-1.));
#15266 = DIRECTION('',(-1.671865260612E-14,-1.,0.));
#15267 = ADVANCED_FACE('',(#15268),#15279,.F.);
#15268 = FACE_BOUND('',#15269,.T.);
#15269 = EDGE_LOOP('',(#15270,#15271,#15277,#15278));
#15270 = ORIENTED_EDGE('',*,*,#13035,.T.);
#15271 = ORIENTED_EDGE('',*,*,#15272,.T.);
#15272 = EDGE_CURVE('',#13036,#14089,#15273,.T.);
#15273 = LINE('',#15274,#15275);
#15274 = CARTESIAN_POINT('',(95.07,-84.29,-4.6E-02));
#15275 = VECTOR('',#15276,1.);
#15276 = DIRECTION('',(0.,0.,1.));
#15277 = ORIENTED_EDGE('',*,*,#14088,.F.);
#15278 = ORIENTED_EDGE('',*,*,#15272,.F.);
#15279 = CYLINDRICAL_SURFACE('',#15280,0.75);
#15280 = AXIS2_PLACEMENT_3D('',#15281,#15282,#15283);
#15281 = CARTESIAN_POINT('',(95.07,-83.54,-4.6E-02));
#15282 = DIRECTION('',(-0.,-0.,-1.));
#15283 = DIRECTION('',(-0.,-1.,0.));
#15284 = ADVANCED_FACE('',(#15285),#15296,.F.);
#15285 = FACE_BOUND('',#15286,.T.);
#15286 = EDGE_LOOP('',(#15287,#15288,#15294,#15295));
#15287 = ORIENTED_EDGE('',*,*,#13046,.T.);
#15288 = ORIENTED_EDGE('',*,*,#15289,.T.);
#15289 = EDGE_CURVE('',#13047,#14100,#15290,.T.);
#15290 = LINE('',#15291,#15292);
#15291 = CARTESIAN_POINT('',(98.88,-88.08,-4.6E-02));
#15292 = VECTOR('',#15293,1.);
#15293 = DIRECTION('',(0.,0.,1.));
#15294 = ORIENTED_EDGE('',*,*,#14099,.F.);
#15295 = ORIENTED_EDGE('',*,*,#15289,.F.);
#15296 = CYLINDRICAL_SURFACE('',#15297,2.);
#15297 = AXIS2_PLACEMENT_3D('',#15298,#15299,#15300);
#15298 = CARTESIAN_POINT('',(98.88,-86.08,-4.6E-02));
#15299 = DIRECTION('',(-0.,-0.,-1.));
#15300 = DIRECTION('',(-0.,-1.,0.));
#15301 = ADVANCED_FACE('',(#15302),#15313,.F.);
#15302 = FACE_BOUND('',#15303,.T.);
#15303 = EDGE_LOOP('',(#15304,#15305,#15311,#15312));
#15304 = ORIENTED_EDGE('',*,*,#13057,.T.);
#15305 = ORIENTED_EDGE('',*,*,#15306,.T.);
#15306 = EDGE_CURVE('',#13058,#14111,#15307,.T.);
#15307 = LINE('',#15308,#15309);
#15308 = CARTESIAN_POINT('',(98.38,-76.9,-4.6E-02));
#15309 = VECTOR('',#15310,1.);
#15310 = DIRECTION('',(0.,0.,1.));
#15311 = ORIENTED_EDGE('',*,*,#14110,.F.);
#15312 = ORIENTED_EDGE('',*,*,#15306,.F.);
#15313 = CYLINDRICAL_SURFACE('',#15314,0.4);
#15314 = AXIS2_PLACEMENT_3D('',#15315,#15316,#15317);
#15315 = CARTESIAN_POINT('',(98.38,-76.5,-4.6E-02));
#15316 = DIRECTION('',(-0.,-0.,-1.));
#15317 = DIRECTION('',(-0.,-1.,0.));
#15318 = ADVANCED_FACE('',(#15319),#15330,.F.);
#15319 = FACE_BOUND('',#15320,.T.);
#15320 = EDGE_LOOP('',(#15321,#15322,#15328,#15329));
#15321 = ORIENTED_EDGE('',*,*,#13068,.T.);
#15322 = ORIENTED_EDGE('',*,*,#15323,.T.);
#15323 = EDGE_CURVE('',#13069,#14122,#15324,.T.);
#15324 = LINE('',#15325,#15326);
#15325 = CARTESIAN_POINT('',(103.96,-86.93,-4.6E-02));
#15326 = VECTOR('',#15327,1.);
#15327 = DIRECTION('',(0.,0.,1.));
#15328 = ORIENTED_EDGE('',*,*,#14121,.F.);
#15329 = ORIENTED_EDGE('',*,*,#15323,.F.);
#15330 = CYLINDRICAL_SURFACE('',#15331,0.85);
#15331 = AXIS2_PLACEMENT_3D('',#15332,#15333,#15334);
#15332 = CARTESIAN_POINT('',(103.96,-86.08,-4.6E-02));
#15333 = DIRECTION('',(-0.,-0.,-1.));
#15334 = DIRECTION('',(-1.671865260612E-14,-1.,0.));
#15335 = ADVANCED_FACE('',(#15336),#15347,.F.);
#15336 = FACE_BOUND('',#15337,.T.);
#15337 = EDGE_LOOP('',(#15338,#15339,#15345,#15346));
#15338 = ORIENTED_EDGE('',*,*,#13079,.T.);
#15339 = ORIENTED_EDGE('',*,*,#15340,.T.);
#15340 = EDGE_CURVE('',#13080,#14133,#15341,.T.);
#15341 = LINE('',#15342,#15343);
#15342 = CARTESIAN_POINT('',(112.8,-86.93,-4.6E-02));
#15343 = VECTOR('',#15344,1.);
#15344 = DIRECTION('',(0.,0.,1.));
#15345 = ORIENTED_EDGE('',*,*,#14132,.F.);
#15346 = ORIENTED_EDGE('',*,*,#15340,.F.);
#15347 = CYLINDRICAL_SURFACE('',#15348,0.85);
#15348 = AXIS2_PLACEMENT_3D('',#15349,#15350,#15351);
#15349 = CARTESIAN_POINT('',(112.8,-86.08,-4.6E-02));
#15350 = DIRECTION('',(-0.,-0.,-1.));
#15351 = DIRECTION('',(-1.671865260612E-14,-1.,0.));
#15352 = ADVANCED_FACE('',(#15353),#15364,.F.);
#15353 = FACE_BOUND('',#15354,.T.);
#15354 = EDGE_LOOP('',(#15355,#15356,#15362,#15363));
#15355 = ORIENTED_EDGE('',*,*,#13090,.T.);
#15356 = ORIENTED_EDGE('',*,*,#15357,.T.);
#15357 = EDGE_CURVE('',#13091,#14144,#15358,.T.);
#15358 = LINE('',#15359,#15360);
#15359 = CARTESIAN_POINT('',(114.07,-84.29,-4.6E-02));
#15360 = VECTOR('',#15361,1.);
#15361 = DIRECTION('',(0.,0.,1.));
#15362 = ORIENTED_EDGE('',*,*,#14143,.F.);
#15363 = ORIENTED_EDGE('',*,*,#15357,.F.);
#15364 = CYLINDRICAL_SURFACE('',#15365,0.75);
#15365 = AXIS2_PLACEMENT_3D('',#15366,#15367,#15368);
#15366 = CARTESIAN_POINT('',(114.07,-83.54,-4.6E-02));
#15367 = DIRECTION('',(-0.,-0.,-1.));
#15368 = DIRECTION('',(-0.,-1.,0.));
#15369 = ADVANCED_FACE('',(#15370),#15381,.F.);
#15370 = FACE_BOUND('',#15371,.T.);
#15371 = EDGE_LOOP('',(#15372,#15373,#15379,#15380));
#15372 = ORIENTED_EDGE('',*,*,#13101,.T.);
#15373 = ORIENTED_EDGE('',*,*,#15374,.T.);
#15374 = EDGE_CURVE('',#13102,#14155,#15375,.T.);
#15375 = LINE('',#15376,#15377);
#15376 = CARTESIAN_POINT('',(117.88,-88.08,-4.6E-02));
#15377 = VECTOR('',#15378,1.);
#15378 = DIRECTION('',(0.,0.,1.));
#15379 = ORIENTED_EDGE('',*,*,#14154,.F.);
#15380 = ORIENTED_EDGE('',*,*,#15374,.F.);
#15381 = CYLINDRICAL_SURFACE('',#15382,2.);
#15382 = AXIS2_PLACEMENT_3D('',#15383,#15384,#15385);
#15383 = CARTESIAN_POINT('',(117.88,-86.08,-4.6E-02));
#15384 = DIRECTION('',(-0.,-0.,-1.));
#15385 = DIRECTION('',(-0.,-1.,0.));
#15386 = ADVANCED_FACE('',(#15387),#15398,.F.);
#15387 = FACE_BOUND('',#15388,.T.);
#15388 = EDGE_LOOP('',(#15389,#15390,#15396,#15397));
#15389 = ORIENTED_EDGE('',*,*,#13112,.T.);
#15390 = ORIENTED_EDGE('',*,*,#15391,.T.);
#15391 = EDGE_CURVE('',#13113,#14166,#15392,.T.);
#15392 = LINE('',#15393,#15394);
#15393 = CARTESIAN_POINT('',(101.42,-81.75,-4.6E-02));
#15394 = VECTOR('',#15395,1.);
#15395 = DIRECTION('',(0.,0.,1.));
#15396 = ORIENTED_EDGE('',*,*,#14165,.F.);
#15397 = ORIENTED_EDGE('',*,*,#15391,.F.);
#15398 = CYLINDRICAL_SURFACE('',#15399,0.75);
#15399 = AXIS2_PLACEMENT_3D('',#15400,#15401,#15402);
#15400 = CARTESIAN_POINT('',(101.42,-81.,-4.6E-02));
#15401 = DIRECTION('',(-0.,-0.,-1.));
#15402 = DIRECTION('',(-0.,-1.,0.));
#15403 = ADVANCED_FACE('',(#15404),#15415,.F.);
#15404 = FACE_BOUND('',#15405,.T.);
#15405 = EDGE_LOOP('',(#15406,#15407,#15413,#15414));
#15406 = ORIENTED_EDGE('',*,*,#13123,.T.);
#15407 = ORIENTED_EDGE('',*,*,#15408,.T.);
#15408 = EDGE_CURVE('',#13124,#14177,#15409,.T.);
#15409 = LINE('',#15410,#15411);
#15410 = CARTESIAN_POINT('',(106.,-76.9,-4.6E-02));
#15411 = VECTOR('',#15412,1.);
#15412 = DIRECTION('',(0.,0.,1.));
#15413 = ORIENTED_EDGE('',*,*,#14176,.F.);
#15414 = ORIENTED_EDGE('',*,*,#15408,.F.);
#15415 = CYLINDRICAL_SURFACE('',#15416,0.4);
#15416 = AXIS2_PLACEMENT_3D('',#15417,#15418,#15419);
#15417 = CARTESIAN_POINT('',(106.,-76.5,-4.6E-02));
#15418 = DIRECTION('',(-0.,-0.,-1.));
#15419 = DIRECTION('',(-0.,-1.,0.));
#15420 = ADVANCED_FACE('',(#15421),#15432,.F.);
#15421 = FACE_BOUND('',#15422,.T.);
#15422 = EDGE_LOOP('',(#15423,#15424,#15430,#15431));
#15423 = ORIENTED_EDGE('',*,*,#13134,.T.);
#15424 = ORIENTED_EDGE('',*,*,#15425,.T.);
#15425 = EDGE_CURVE('',#13135,#14188,#15426,.T.);
#15426 = LINE('',#15427,#15428);
#15427 = CARTESIAN_POINT('',(117.38,-76.9,-4.6E-02));
#15428 = VECTOR('',#15429,1.);
#15429 = DIRECTION('',(0.,0.,1.));
#15430 = ORIENTED_EDGE('',*,*,#14187,.F.);
#15431 = ORIENTED_EDGE('',*,*,#15425,.F.);
#15432 = CYLINDRICAL_SURFACE('',#15433,0.4);
#15433 = AXIS2_PLACEMENT_3D('',#15434,#15435,#15436);
#15434 = CARTESIAN_POINT('',(117.38,-76.5,-4.6E-02));
#15435 = DIRECTION('',(-0.,-0.,-1.));
#15436 = DIRECTION('',(-0.,-1.,0.));
#15437 = ADVANCED_FACE('',(#15438),#15449,.F.);
#15438 = FACE_BOUND('',#15439,.T.);
#15439 = EDGE_LOOP('',(#15440,#15441,#15447,#15448));
#15440 = ORIENTED_EDGE('',*,*,#13145,.T.);
#15441 = ORIENTED_EDGE('',*,*,#15442,.T.);
#15442 = EDGE_CURVE('',#13146,#14199,#15443,.T.);
#15443 = LINE('',#15444,#15445);
#15444 = CARTESIAN_POINT('',(125.,-114.9,-4.6E-02));
#15445 = VECTOR('',#15446,1.);
#15446 = DIRECTION('',(0.,0.,1.));
#15447 = ORIENTED_EDGE('',*,*,#14198,.F.);
#15448 = ORIENTED_EDGE('',*,*,#15442,.F.);
#15449 = CYLINDRICAL_SURFACE('',#15450,0.4);
#15450 = AXIS2_PLACEMENT_3D('',#15451,#15452,#15453);
#15451 = CARTESIAN_POINT('',(125.,-114.5,-4.6E-02));
#15452 = DIRECTION('',(-0.,-0.,-1.));
#15453 = DIRECTION('',(-0.,-1.,0.));
#15454 = ADVANCED_FACE('',(#15455),#15466,.F.);
#15455 = FACE_BOUND('',#15456,.T.);
#15456 = EDGE_LOOP('',(#15457,#15458,#15464,#15465));
#15457 = ORIENTED_EDGE('',*,*,#13156,.T.);
#15458 = ORIENTED_EDGE('',*,*,#15459,.T.);
#15459 = EDGE_CURVE('',#13157,#14210,#15460,.T.);
#15460 = LINE('',#15461,#15462);
#15461 = CARTESIAN_POINT('',(136.38,-114.9,-4.6E-02));
#15462 = VECTOR('',#15463,1.);
#15463 = DIRECTION('',(0.,0.,1.));
#15464 = ORIENTED_EDGE('',*,*,#14209,.F.);
#15465 = ORIENTED_EDGE('',*,*,#15459,.F.);
#15466 = CYLINDRICAL_SURFACE('',#15467,0.4);
#15467 = AXIS2_PLACEMENT_3D('',#15468,#15469,#15470);
#15468 = CARTESIAN_POINT('',(136.38,-114.5,-4.6E-02));
#15469 = DIRECTION('',(-0.,-0.,-1.));
#15470 = DIRECTION('',(-0.,-1.,0.));
#15471 = ADVANCED_FACE('',(#15472),#15483,.F.);
#15472 = FACE_BOUND('',#15473,.T.);
#15473 = EDGE_LOOP('',(#15474,#15475,#15481,#15482));
#15474 = ORIENTED_EDGE('',*,*,#13167,.T.);
#15475 = ORIENTED_EDGE('',*,*,#15476,.T.);
#15476 = EDGE_CURVE('',#13168,#14221,#15477,.T.);
#15477 = LINE('',#15478,#15479);
#15478 = CARTESIAN_POINT('',(123.04,-105.93,-4.6E-02));
#15479 = VECTOR('',#15480,1.);
#15480 = DIRECTION('',(0.,0.,1.));
#15481 = ORIENTED_EDGE('',*,*,#14220,.F.);
#15482 = ORIENTED_EDGE('',*,*,#15476,.F.);
#15483 = CYLINDRICAL_SURFACE('',#15484,0.85);
#15484 = AXIS2_PLACEMENT_3D('',#15485,#15486,#15487);
#15485 = CARTESIAN_POINT('',(123.04,-105.08,-4.6E-02));
#15486 = DIRECTION('',(-0.,0.,-1.));
#15487 = DIRECTION('',(1.671865260612E-14,-1.,-0.));
#15488 = ADVANCED_FACE('',(#15489),#15500,.F.);
#15489 = FACE_BOUND('',#15490,.T.);
#15490 = EDGE_LOOP('',(#15491,#15492,#15498,#15499));
#15491 = ORIENTED_EDGE('',*,*,#13178,.T.);
#15492 = ORIENTED_EDGE('',*,*,#15493,.T.);
#15493 = EDGE_CURVE('',#13179,#14232,#15494,.T.);
#15494 = LINE('',#15495,#15496);
#15495 = CARTESIAN_POINT('',(120.5,-100.75,-4.6E-02));
#15496 = VECTOR('',#15497,1.);
#15497 = DIRECTION('',(0.,0.,1.));
#15498 = ORIENTED_EDGE('',*,*,#14231,.F.);
#15499 = ORIENTED_EDGE('',*,*,#15493,.F.);
#15500 = CYLINDRICAL_SURFACE('',#15501,0.75);
#15501 = AXIS2_PLACEMENT_3D('',#15502,#15503,#15504);
#15502 = CARTESIAN_POINT('',(120.5,-100.,-4.6E-02));
#15503 = DIRECTION('',(-0.,-0.,-1.));
#15504 = DIRECTION('',(-0.,-1.,0.));
#15505 = ADVANCED_FACE('',(#15506),#15517,.F.);
#15506 = FACE_BOUND('',#15507,.T.);
#15507 = EDGE_LOOP('',(#15508,#15509,#15515,#15516));
#15508 = ORIENTED_EDGE('',*,*,#13189,.T.);
#15509 = ORIENTED_EDGE('',*,*,#15510,.T.);
#15510 = EDGE_CURVE('',#13190,#14243,#15511,.T.);
#15511 = LINE('',#15512,#15513);
#15512 = CARTESIAN_POINT('',(124.5,-95.9,-4.6E-02));
#15513 = VECTOR('',#15514,1.);
#15514 = DIRECTION('',(0.,0.,1.));
#15515 = ORIENTED_EDGE('',*,*,#14242,.F.);
#15516 = ORIENTED_EDGE('',*,*,#15510,.F.);
#15517 = CYLINDRICAL_SURFACE('',#15518,0.4);
#15518 = AXIS2_PLACEMENT_3D('',#15519,#15520,#15521);
#15519 = CARTESIAN_POINT('',(124.5,-95.5,-4.6E-02));
#15520 = DIRECTION('',(-0.,-0.,-1.));
#15521 = DIRECTION('',(-0.,-1.,0.));
#15522 = ADVANCED_FACE('',(#15523),#15534,.F.);
#15523 = FACE_BOUND('',#15524,.T.);
#15524 = EDGE_LOOP('',(#15525,#15526,#15532,#15533));
#15525 = ORIENTED_EDGE('',*,*,#13200,.T.);
#15526 = ORIENTED_EDGE('',*,*,#15527,.T.);
#15527 = EDGE_CURVE('',#13201,#14254,#15528,.T.);
#15528 = LINE('',#15529,#15530);
#15529 = CARTESIAN_POINT('',(131.88,-105.93,-4.6E-02));
#15530 = VECTOR('',#15531,1.);
#15531 = DIRECTION('',(0.,0.,1.));
#15532 = ORIENTED_EDGE('',*,*,#14253,.F.);
#15533 = ORIENTED_EDGE('',*,*,#15527,.F.);
#15534 = CYLINDRICAL_SURFACE('',#15535,0.85);
#15535 = AXIS2_PLACEMENT_3D('',#15536,#15537,#15538);
#15536 = CARTESIAN_POINT('',(131.88,-105.08,-4.6E-02));
#15537 = DIRECTION('',(-0.,-0.,-1.));
#15538 = DIRECTION('',(-0.,-1.,0.));
#15539 = ADVANCED_FACE('',(#15540),#15551,.F.);
#15540 = FACE_BOUND('',#15541,.T.);
#15541 = EDGE_LOOP('',(#15542,#15543,#15549,#15550));
#15542 = ORIENTED_EDGE('',*,*,#13211,.T.);
#15543 = ORIENTED_EDGE('',*,*,#15544,.T.);
#15544 = EDGE_CURVE('',#13212,#14265,#15545,.T.);
#15545 = LINE('',#15546,#15547);
#15546 = CARTESIAN_POINT('',(133.15,-103.29,-4.6E-02));
#15547 = VECTOR('',#15548,1.);
#15548 = DIRECTION('',(0.,0.,1.));
#15549 = ORIENTED_EDGE('',*,*,#14264,.F.);
#15550 = ORIENTED_EDGE('',*,*,#15544,.F.);
#15551 = CYLINDRICAL_SURFACE('',#15552,0.75);
#15552 = AXIS2_PLACEMENT_3D('',#15553,#15554,#15555);
#15553 = CARTESIAN_POINT('',(133.15,-102.54,-4.6E-02));
#15554 = DIRECTION('',(-0.,-0.,-1.));
#15555 = DIRECTION('',(-0.,-1.,0.));
#15556 = ADVANCED_FACE('',(#15557),#15568,.F.);
#15557 = FACE_BOUND('',#15558,.T.);
#15558 = EDGE_LOOP('',(#15559,#15560,#15566,#15567));
#15559 = ORIENTED_EDGE('',*,*,#13222,.T.);
#15560 = ORIENTED_EDGE('',*,*,#15561,.T.);
#15561 = EDGE_CURVE('',#13223,#14276,#15562,.T.);
#15562 = LINE('',#15563,#15564);
#15563 = CARTESIAN_POINT('',(136.96,-107.08,-4.6E-02));
#15564 = VECTOR('',#15565,1.);
#15565 = DIRECTION('',(0.,0.,1.));
#15566 = ORIENTED_EDGE('',*,*,#14275,.F.);
#15567 = ORIENTED_EDGE('',*,*,#15561,.F.);
#15568 = CYLINDRICAL_SURFACE('',#15569,2.);
#15569 = AXIS2_PLACEMENT_3D('',#15570,#15571,#15572);
#15570 = CARTESIAN_POINT('',(136.96,-105.08,-4.6E-02));
#15571 = DIRECTION('',(-0.,-0.,-1.));
#15572 = DIRECTION('',(-0.,-1.,0.));
#15573 = ADVANCED_FACE('',(#15574),#15585,.F.);
#15574 = FACE_BOUND('',#15575,.T.);
#15575 = EDGE_LOOP('',(#15576,#15577,#15583,#15584));
#15576 = ORIENTED_EDGE('',*,*,#13233,.T.);
#15577 = ORIENTED_EDGE('',*,*,#15578,.T.);
#15578 = EDGE_CURVE('',#13234,#14287,#15579,.T.);
#15579 = LINE('',#15580,#15581);
#15580 = CARTESIAN_POINT('',(136.88,-95.9,-4.6E-02));
#15581 = VECTOR('',#15582,1.);
#15582 = DIRECTION('',(0.,0.,1.));
#15583 = ORIENTED_EDGE('',*,*,#14286,.F.);
#15584 = ORIENTED_EDGE('',*,*,#15578,.F.);
#15585 = CYLINDRICAL_SURFACE('',#15586,0.4);
#15586 = AXIS2_PLACEMENT_3D('',#15587,#15588,#15589);
#15587 = CARTESIAN_POINT('',(136.88,-95.5,-4.6E-02));
#15588 = DIRECTION('',(-0.,-0.,-1.));
#15589 = DIRECTION('',(-0.,-1.,0.));
#15590 = ADVANCED_FACE('',(#15591),#15602,.F.);
#15591 = FACE_BOUND('',#15592,.T.);
#15592 = EDGE_LOOP('',(#15593,#15594,#15600,#15601));
#15593 = ORIENTED_EDGE('',*,*,#13244,.T.);
#15594 = ORIENTED_EDGE('',*,*,#15595,.T.);
#15595 = EDGE_CURVE('',#13245,#14298,#15596,.T.);
#15596 = LINE('',#15597,#15598);
#15597 = CARTESIAN_POINT('',(144.,-114.9,-4.6E-02));
#15598 = VECTOR('',#15599,1.);
#15599 = DIRECTION('',(0.,0.,1.));
#15600 = ORIENTED_EDGE('',*,*,#14297,.F.);
#15601 = ORIENTED_EDGE('',*,*,#15595,.F.);
#15602 = CYLINDRICAL_SURFACE('',#15603,0.4);
#15603 = AXIS2_PLACEMENT_3D('',#15604,#15605,#15606);
#15604 = CARTESIAN_POINT('',(144.,-114.5,-4.6E-02));
#15605 = DIRECTION('',(-0.,-0.,-1.));
#15606 = DIRECTION('',(-0.,-1.,0.));
#15607 = ADVANCED_FACE('',(#15608),#15619,.F.);
#15608 = FACE_BOUND('',#15609,.T.);
#15609 = EDGE_LOOP('',(#15610,#15611,#15617,#15618));
#15610 = ORIENTED_EDGE('',*,*,#13255,.T.);
#15611 = ORIENTED_EDGE('',*,*,#15612,.T.);
#15612 = EDGE_CURVE('',#13256,#14309,#15613,.T.);
#15613 = LINE('',#15614,#15615);
#15614 = CARTESIAN_POINT('',(155.5,-117.1,-4.6E-02));
#15615 = VECTOR('',#15616,1.);
#15616 = DIRECTION('',(0.,0.,1.));
#15617 = ORIENTED_EDGE('',*,*,#14308,.F.);
#15618 = ORIENTED_EDGE('',*,*,#15612,.F.);
#15619 = CYLINDRICAL_SURFACE('',#15620,1.6);
#15620 = AXIS2_PLACEMENT_3D('',#15621,#15622,#15623);
#15621 = CARTESIAN_POINT('',(155.5,-115.5,-4.6E-02));
#15622 = DIRECTION('',(-0.,-0.,-1.));
#15623 = DIRECTION('',(-0.,-1.,0.));
#15624 = ADVANCED_FACE('',(#15625),#15636,.F.);
#15625 = FACE_BOUND('',#15626,.T.);
#15626 = EDGE_LOOP('',(#15627,#15628,#15634,#15635));
#15627 = ORIENTED_EDGE('',*,*,#13266,.T.);
#15628 = ORIENTED_EDGE('',*,*,#15629,.T.);
#15629 = EDGE_CURVE('',#13267,#14320,#15630,.T.);
#15630 = LINE('',#15631,#15632);
#15631 = CARTESIAN_POINT('',(142.04,-105.93,-4.6E-02));
#15632 = VECTOR('',#15633,1.);
#15633 = DIRECTION('',(0.,0.,1.));
#15634 = ORIENTED_EDGE('',*,*,#14319,.F.);
#15635 = ORIENTED_EDGE('',*,*,#15629,.F.);
#15636 = CYLINDRICAL_SURFACE('',#15637,0.85);
#15637 = AXIS2_PLACEMENT_3D('',#15638,#15639,#15640);
#15638 = CARTESIAN_POINT('',(142.04,-105.08,-4.6E-02));
#15639 = DIRECTION('',(-0.,-0.,-1.));
#15640 = DIRECTION('',(-0.,-1.,0.));
#15641 = ADVANCED_FACE('',(#15642),#15653,.F.);
#15642 = FACE_BOUND('',#15643,.T.);
#15643 = EDGE_LOOP('',(#15644,#15645,#15651,#15652));
#15644 = ORIENTED_EDGE('',*,*,#13277,.T.);
#15645 = ORIENTED_EDGE('',*,*,#15646,.T.);
#15646 = EDGE_CURVE('',#13278,#14331,#15647,.T.);
#15647 = LINE('',#15648,#15649);
#15648 = CARTESIAN_POINT('',(139.5,-100.75,-4.6E-02));
#15649 = VECTOR('',#15650,1.);
#15650 = DIRECTION('',(0.,0.,1.));
#15651 = ORIENTED_EDGE('',*,*,#14330,.F.);
#15652 = ORIENTED_EDGE('',*,*,#15646,.F.);
#15653 = CYLINDRICAL_SURFACE('',#15654,0.75);
#15654 = AXIS2_PLACEMENT_3D('',#15655,#15656,#15657);
#15655 = CARTESIAN_POINT('',(139.5,-100.,-4.6E-02));
#15656 = DIRECTION('',(-0.,-0.,-1.));
#15657 = DIRECTION('',(-0.,-1.,0.));
#15658 = ADVANCED_FACE('',(#15659),#15670,.F.);
#15659 = FACE_BOUND('',#15660,.T.);
#15660 = EDGE_LOOP('',(#15661,#15662,#15668,#15669));
#15661 = ORIENTED_EDGE('',*,*,#13288,.T.);
#15662 = ORIENTED_EDGE('',*,*,#15663,.T.);
#15663 = EDGE_CURVE('',#13289,#14342,#15664,.T.);
#15664 = LINE('',#15665,#15666);
#15665 = CARTESIAN_POINT('',(144.5,-95.9,-4.6E-02));
#15666 = VECTOR('',#15667,1.);
#15667 = DIRECTION('',(0.,0.,1.));
#15668 = ORIENTED_EDGE('',*,*,#14341,.F.);
#15669 = ORIENTED_EDGE('',*,*,#15663,.F.);
#15670 = CYLINDRICAL_SURFACE('',#15671,0.4);
#15671 = AXIS2_PLACEMENT_3D('',#15672,#15673,#15674);
#15672 = CARTESIAN_POINT('',(144.5,-95.5,-4.6E-02));
#15673 = DIRECTION('',(-0.,-0.,-1.));
#15674 = DIRECTION('',(-0.,-1.,0.));
#15675 = ADVANCED_FACE('',(#15676),#15687,.F.);
#15676 = FACE_BOUND('',#15677,.T.);
#15677 = EDGE_LOOP('',(#15678,#15679,#15685,#15686));
#15678 = ORIENTED_EDGE('',*,*,#13299,.T.);
#15679 = ORIENTED_EDGE('',*,*,#15680,.T.);
#15680 = EDGE_CURVE('',#13300,#14353,#15681,.T.);
#15681 = LINE('',#15682,#15683);
#15682 = CARTESIAN_POINT('',(122.96,-86.93,-4.6E-02));
#15683 = VECTOR('',#15684,1.);
#15684 = DIRECTION('',(0.,0.,1.));
#15685 = ORIENTED_EDGE('',*,*,#14352,.F.);
#15686 = ORIENTED_EDGE('',*,*,#15680,.F.);
#15687 = CYLINDRICAL_SURFACE('',#15688,0.85);
#15688 = AXIS2_PLACEMENT_3D('',#15689,#15690,#15691);
#15689 = CARTESIAN_POINT('',(122.96,-86.08,-4.6E-02));
#15690 = DIRECTION('',(-0.,-0.,-1.));
#15691 = DIRECTION('',(-1.671865260612E-14,-1.,0.));
#15692 = ADVANCED_FACE('',(#15693),#15704,.F.);
#15693 = FACE_BOUND('',#15694,.T.);
#15694 = EDGE_LOOP('',(#15695,#15696,#15702,#15703));
#15695 = ORIENTED_EDGE('',*,*,#13310,.T.);
#15696 = ORIENTED_EDGE('',*,*,#15697,.T.);
#15697 = EDGE_CURVE('',#13311,#14364,#15698,.T.);
#15698 = LINE('',#15699,#15700);
#15699 = CARTESIAN_POINT('',(131.8,-86.93,-4.6E-02));
#15700 = VECTOR('',#15701,1.);
#15701 = DIRECTION('',(0.,0.,1.));
#15702 = ORIENTED_EDGE('',*,*,#14363,.F.);
#15703 = ORIENTED_EDGE('',*,*,#15697,.F.);
#15704 = CYLINDRICAL_SURFACE('',#15705,0.85);
#15705 = AXIS2_PLACEMENT_3D('',#15706,#15707,#15708);
#15706 = CARTESIAN_POINT('',(131.8,-86.08,-4.6E-02));
#15707 = DIRECTION('',(-0.,-0.,-1.));
#15708 = DIRECTION('',(-0.,-1.,0.));
#15709 = ADVANCED_FACE('',(#15710),#15721,.F.);
#15710 = FACE_BOUND('',#15711,.T.);
#15711 = EDGE_LOOP('',(#15712,#15713,#15719,#15720));
#15712 = ORIENTED_EDGE('',*,*,#13321,.T.);
#15713 = ORIENTED_EDGE('',*,*,#15714,.T.);
#15714 = EDGE_CURVE('',#13322,#14375,#15715,.T.);
#15715 = LINE('',#15716,#15717);
#15716 = CARTESIAN_POINT('',(133.07,-84.29,-4.6E-02));
#15717 = VECTOR('',#15718,1.);
#15718 = DIRECTION('',(0.,0.,1.));
#15719 = ORIENTED_EDGE('',*,*,#14374,.F.);
#15720 = ORIENTED_EDGE('',*,*,#15714,.F.);
#15721 = CYLINDRICAL_SURFACE('',#15722,0.75);
#15722 = AXIS2_PLACEMENT_3D('',#15723,#15724,#15725);
#15723 = CARTESIAN_POINT('',(133.07,-83.54,-4.6E-02));
#15724 = DIRECTION('',(-0.,-0.,-1.));
#15725 = DIRECTION('',(-0.,-1.,0.));
#15726 = ADVANCED_FACE('',(#15727),#15738,.F.);
#15727 = FACE_BOUND('',#15728,.T.);
#15728 = EDGE_LOOP('',(#15729,#15730,#15736,#15737));
#15729 = ORIENTED_EDGE('',*,*,#13332,.T.);
#15730 = ORIENTED_EDGE('',*,*,#15731,.T.);
#15731 = EDGE_CURVE('',#13333,#14386,#15732,.T.);
#15732 = LINE('',#15733,#15734);
#15733 = CARTESIAN_POINT('',(136.88,-88.08,-4.6E-02));
#15734 = VECTOR('',#15735,1.);
#15735 = DIRECTION('',(0.,0.,1.));
#15736 = ORIENTED_EDGE('',*,*,#14385,.F.);
#15737 = ORIENTED_EDGE('',*,*,#15731,.F.);
#15738 = CYLINDRICAL_SURFACE('',#15739,2.);
#15739 = AXIS2_PLACEMENT_3D('',#15740,#15741,#15742);
#15740 = CARTESIAN_POINT('',(136.88,-86.08,-4.6E-02));
#15741 = DIRECTION('',(-0.,-0.,-1.));
#15742 = DIRECTION('',(-0.,-1.,0.));
#15743 = ADVANCED_FACE('',(#15744),#15755,.F.);
#15744 = FACE_BOUND('',#15745,.T.);
#15745 = EDGE_LOOP('',(#15746,#15747,#15753,#15754));
#15746 = ORIENTED_EDGE('',*,*,#13343,.T.);
#15747 = ORIENTED_EDGE('',*,*,#15748,.T.);
#15748 = EDGE_CURVE('',#13344,#14397,#15749,.T.);
#15749 = LINE('',#15750,#15751);
#15750 = CARTESIAN_POINT('',(120.42,-81.75,-4.6E-02));
#15751 = VECTOR('',#15752,1.);
#15752 = DIRECTION('',(0.,0.,1.));
#15753 = ORIENTED_EDGE('',*,*,#14396,.F.);
#15754 = ORIENTED_EDGE('',*,*,#15748,.F.);
#15755 = CYLINDRICAL_SURFACE('',#15756,0.75);
#15756 = AXIS2_PLACEMENT_3D('',#15757,#15758,#15759);
#15757 = CARTESIAN_POINT('',(120.42,-81.,-4.6E-02));
#15758 = DIRECTION('',(-0.,-0.,-1.));
#15759 = DIRECTION('',(-0.,-1.,0.));
#15760 = ADVANCED_FACE('',(#15761),#15772,.F.);
#15761 = FACE_BOUND('',#15762,.T.);
#15762 = EDGE_LOOP('',(#15763,#15764,#15770,#15771));
#15763 = ORIENTED_EDGE('',*,*,#13354,.T.);
#15764 = ORIENTED_EDGE('',*,*,#15765,.T.);
#15765 = EDGE_CURVE('',#13355,#14408,#15766,.T.);
#15766 = LINE('',#15767,#15768);
#15767 = CARTESIAN_POINT('',(125.,-76.9,-4.6E-02));
#15768 = VECTOR('',#15769,1.);
#15769 = DIRECTION('',(0.,0.,1.));
#15770 = ORIENTED_EDGE('',*,*,#14407,.F.);
#15771 = ORIENTED_EDGE('',*,*,#15765,.F.);
#15772 = CYLINDRICAL_SURFACE('',#15773,0.4);
#15773 = AXIS2_PLACEMENT_3D('',#15774,#15775,#15776);
#15774 = CARTESIAN_POINT('',(125.,-76.5,-4.6E-02));
#15775 = DIRECTION('',(-0.,-0.,-1.));
#15776 = DIRECTION('',(-0.,-1.,0.));
#15777 = ADVANCED_FACE('',(#15778),#15789,.F.);
#15778 = FACE_BOUND('',#15779,.T.);
#15779 = EDGE_LOOP('',(#15780,#15781,#15787,#15788));
#15780 = ORIENTED_EDGE('',*,*,#13365,.T.);
#15781 = ORIENTED_EDGE('',*,*,#15782,.T.);
#15782 = EDGE_CURVE('',#13366,#14419,#15783,.T.);
#15783 = LINE('',#15784,#15785);
#15784 = CARTESIAN_POINT('',(136.38,-76.9,-4.6E-02));
#15785 = VECTOR('',#15786,1.);
#15786 = DIRECTION('',(0.,0.,1.));
#15787 = ORIENTED_EDGE('',*,*,#14418,.F.);
#15788 = ORIENTED_EDGE('',*,*,#15782,.F.);
#15789 = CYLINDRICAL_SURFACE('',#15790,0.4);
#15790 = AXIS2_PLACEMENT_3D('',#15791,#15792,#15793);
#15791 = CARTESIAN_POINT('',(136.38,-76.5,-4.6E-02));
#15792 = DIRECTION('',(-0.,-0.,-1.));
#15793 = DIRECTION('',(-0.,-1.,0.));
#15794 = ADVANCED_FACE('',(#15795),#15806,.F.);
#15795 = FACE_BOUND('',#15796,.T.);
#15796 = EDGE_LOOP('',(#15797,#15798,#15804,#15805));
#15797 = ORIENTED_EDGE('',*,*,#13376,.T.);
#15798 = ORIENTED_EDGE('',*,*,#15799,.T.);
#15799 = EDGE_CURVE('',#13377,#14430,#15800,.T.);
#15800 = LINE('',#15801,#15802);
#15801 = CARTESIAN_POINT('',(141.96,-86.93,-4.6E-02));
#15802 = VECTOR('',#15803,1.);
#15803 = DIRECTION('',(0.,0.,1.));
#15804 = ORIENTED_EDGE('',*,*,#14429,.F.);
#15805 = ORIENTED_EDGE('',*,*,#15799,.F.);
#15806 = CYLINDRICAL_SURFACE('',#15807,0.85);
#15807 = AXIS2_PLACEMENT_3D('',#15808,#15809,#15810);
#15808 = CARTESIAN_POINT('',(141.96,-86.08,-4.6E-02));
#15809 = DIRECTION('',(-0.,-0.,-1.));
#15810 = DIRECTION('',(-0.,-1.,0.));
#15811 = ADVANCED_FACE('',(#15812),#15823,.F.);
#15812 = FACE_BOUND('',#15813,.T.);
#15813 = EDGE_LOOP('',(#15814,#15815,#15821,#15822));
#15814 = ORIENTED_EDGE('',*,*,#13387,.T.);
#15815 = ORIENTED_EDGE('',*,*,#15816,.T.);
#15816 = EDGE_CURVE('',#13388,#14441,#15817,.T.);
#15817 = LINE('',#15818,#15819);
#15818 = CARTESIAN_POINT('',(139.42,-81.75,-4.6E-02));
#15819 = VECTOR('',#15820,1.);
#15820 = DIRECTION('',(0.,0.,1.));
#15821 = ORIENTED_EDGE('',*,*,#14440,.F.);
#15822 = ORIENTED_EDGE('',*,*,#15816,.F.);
#15823 = CYLINDRICAL_SURFACE('',#15824,0.75);
#15824 = AXIS2_PLACEMENT_3D('',#15825,#15826,#15827);
#15825 = CARTESIAN_POINT('',(139.42,-81.,-4.6E-02));
#15826 = DIRECTION('',(-0.,-0.,-1.));
#15827 = DIRECTION('',(-0.,-1.,0.));
#15828 = ADVANCED_FACE('',(#15829),#15840,.F.);
#15829 = FACE_BOUND('',#15830,.T.);
#15830 = EDGE_LOOP('',(#15831,#15832,#15838,#15839));
#15831 = ORIENTED_EDGE('',*,*,#13398,.T.);
#15832 = ORIENTED_EDGE('',*,*,#15833,.T.);
#15833 = EDGE_CURVE('',#13399,#14452,#15834,.T.);
#15834 = LINE('',#15835,#15836);
#15835 = CARTESIAN_POINT('',(144.,-76.9,-4.6E-02));
#15836 = VECTOR('',#15837,1.);
#15837 = DIRECTION('',(0.,0.,1.));
#15838 = ORIENTED_EDGE('',*,*,#14451,.F.);
#15839 = ORIENTED_EDGE('',*,*,#15833,.F.);
#15840 = CYLINDRICAL_SURFACE('',#15841,0.4);
#15841 = AXIS2_PLACEMENT_3D('',#15842,#15843,#15844);
#15842 = CARTESIAN_POINT('',(144.,-76.5,-4.6E-02));
#15843 = DIRECTION('',(-0.,-0.,-1.));
#15844 = DIRECTION('',(-0.,-1.,0.));
#15845 = ADVANCED_FACE('',(#15846),#15857,.F.);
#15846 = FACE_BOUND('',#15847,.T.);
#15847 = EDGE_LOOP('',(#15848,#15849,#15855,#15856));
#15848 = ORIENTED_EDGE('',*,*,#13409,.T.);
#15849 = ORIENTED_EDGE('',*,*,#15850,.T.);
#15850 = EDGE_CURVE('',#13410,#14463,#15851,.T.);
#15851 = LINE('',#15852,#15853);
#15852 = CARTESIAN_POINT('',(93.8,-67.93,-4.6E-02));
#15853 = VECTOR('',#15854,1.);
#15854 = DIRECTION('',(0.,0.,1.));
#15855 = ORIENTED_EDGE('',*,*,#14462,.F.);
#15856 = ORIENTED_EDGE('',*,*,#15850,.F.);
#15857 = CYLINDRICAL_SURFACE('',#15858,0.85);
#15858 = AXIS2_PLACEMENT_3D('',#15859,#15860,#15861);
#15859 = CARTESIAN_POINT('',(93.8,-67.08,-4.6E-02));
#15860 = DIRECTION('',(-0.,-0.,-1.));
#15861 = DIRECTION('',(-1.671865260612E-14,-1.,0.));
#15862 = ADVANCED_FACE('',(#15863),#15874,.F.);
#15863 = FACE_BOUND('',#15864,.T.);
#15864 = EDGE_LOOP('',(#15865,#15866,#15872,#15873));
#15865 = ORIENTED_EDGE('',*,*,#13420,.T.);
#15866 = ORIENTED_EDGE('',*,*,#15867,.T.);
#15867 = EDGE_CURVE('',#13421,#14474,#15868,.T.);
#15868 = LINE('',#15869,#15870);
#15869 = CARTESIAN_POINT('',(98.88,-69.08,-4.6E-02));
#15870 = VECTOR('',#15871,1.);
#15871 = DIRECTION('',(0.,0.,1.));
#15872 = ORIENTED_EDGE('',*,*,#14473,.F.);
#15873 = ORIENTED_EDGE('',*,*,#15867,.F.);
#15874 = CYLINDRICAL_SURFACE('',#15875,2.);
#15875 = AXIS2_PLACEMENT_3D('',#15876,#15877,#15878);
#15876 = CARTESIAN_POINT('',(98.88,-67.08,-4.6E-02));
#15877 = DIRECTION('',(-0.,-0.,-1.));
#15878 = DIRECTION('',(-0.,-1.,0.));
#15879 = ADVANCED_FACE('',(#15880),#15891,.F.);
#15880 = FACE_BOUND('',#15881,.T.);
#15881 = EDGE_LOOP('',(#15882,#15883,#15889,#15890));
#15882 = ORIENTED_EDGE('',*,*,#13431,.T.);
#15883 = ORIENTED_EDGE('',*,*,#15884,.T.);
#15884 = EDGE_CURVE('',#13432,#14485,#15885,.T.);
#15885 = LINE('',#15886,#15887);
#15886 = CARTESIAN_POINT('',(95.07,-65.29,-4.6E-02));
#15887 = VECTOR('',#15888,1.);
#15888 = DIRECTION('',(0.,0.,1.));
#15889 = ORIENTED_EDGE('',*,*,#14484,.F.);
#15890 = ORIENTED_EDGE('',*,*,#15884,.F.);
#15891 = CYLINDRICAL_SURFACE('',#15892,0.75);
#15892 = AXIS2_PLACEMENT_3D('',#15893,#15894,#15895);
#15893 = CARTESIAN_POINT('',(95.07,-64.54,-4.6E-02));
#15894 = DIRECTION('',(-0.,-0.,-1.));
#15895 = DIRECTION('',(-0.,-1.,0.));
#15896 = ADVANCED_FACE('',(#15897),#15908,.F.);
#15897 = FACE_BOUND('',#15898,.T.);
#15898 = EDGE_LOOP('',(#15899,#15900,#15906,#15907));
#15899 = ORIENTED_EDGE('',*,*,#13442,.T.);
#15900 = ORIENTED_EDGE('',*,*,#15901,.T.);
#15901 = EDGE_CURVE('',#13443,#14496,#15902,.T.);
#15902 = LINE('',#15903,#15904);
#15903 = CARTESIAN_POINT('',(94.5,-51.54,-4.6E-02));
#15904 = VECTOR('',#15905,1.);
#15905 = DIRECTION('',(0.,0.,1.));
#15906 = ORIENTED_EDGE('',*,*,#14495,.F.);
#15907 = ORIENTED_EDGE('',*,*,#15901,.F.);
#15908 = CYLINDRICAL_SURFACE('',#15909,0.5);
#15909 = AXIS2_PLACEMENT_3D('',#15910,#15911,#15912);
#15910 = CARTESIAN_POINT('',(94.5,-51.04,-4.6E-02));
#15911 = DIRECTION('',(-0.,-0.,-1.));
#15912 = DIRECTION('',(-0.,-1.,0.));
#15913 = ADVANCED_FACE('',(#15914),#15925,.F.);
#15914 = FACE_BOUND('',#15915,.T.);
#15915 = EDGE_LOOP('',(#15916,#15917,#15923,#15924));
#15916 = ORIENTED_EDGE('',*,*,#13453,.T.);
#15917 = ORIENTED_EDGE('',*,*,#15918,.T.);
#15918 = EDGE_CURVE('',#13454,#14507,#15919,.T.);
#15919 = LINE('',#15920,#15921);
#15920 = CARTESIAN_POINT('',(103.96,-67.93,-4.6E-02));
#15921 = VECTOR('',#15922,1.);
#15922 = DIRECTION('',(0.,0.,1.));
#15923 = ORIENTED_EDGE('',*,*,#14506,.F.);
#15924 = ORIENTED_EDGE('',*,*,#15918,.F.);
#15925 = CYLINDRICAL_SURFACE('',#15926,0.85);
#15926 = AXIS2_PLACEMENT_3D('',#15927,#15928,#15929);
#15927 = CARTESIAN_POINT('',(103.96,-67.08,-4.6E-02));
#15928 = DIRECTION('',(-0.,-0.,-1.));
#15929 = DIRECTION('',(-1.671865260612E-14,-1.,0.));
#15930 = ADVANCED_FACE('',(#15931),#15942,.F.);
#15931 = FACE_BOUND('',#15932,.T.);
#15932 = EDGE_LOOP('',(#15933,#15934,#15940,#15941));
#15933 = ORIENTED_EDGE('',*,*,#13464,.T.);
#15934 = ORIENTED_EDGE('',*,*,#15935,.T.);
#15935 = EDGE_CURVE('',#13465,#14518,#15936,.T.);
#15936 = LINE('',#15937,#15938);
#15937 = CARTESIAN_POINT('',(101.42,-62.75,-4.6E-02));
#15938 = VECTOR('',#15939,1.);
#15939 = DIRECTION('',(0.,0.,1.));
#15940 = ORIENTED_EDGE('',*,*,#14517,.F.);
#15941 = ORIENTED_EDGE('',*,*,#15935,.F.);
#15942 = CYLINDRICAL_SURFACE('',#15943,0.75);
#15943 = AXIS2_PLACEMENT_3D('',#15944,#15945,#15946);
#15944 = CARTESIAN_POINT('',(101.42,-62.,-4.6E-02));
#15945 = DIRECTION('',(-0.,-0.,-1.));
#15946 = DIRECTION('',(-0.,-1.,0.));
#15947 = ADVANCED_FACE('',(#15948),#15959,.F.);
#15948 = FACE_BOUND('',#15949,.T.);
#15949 = EDGE_LOOP('',(#15950,#15951,#15957,#15958));
#15950 = ORIENTED_EDGE('',*,*,#13475,.T.);
#15951 = ORIENTED_EDGE('',*,*,#15952,.T.);
#15952 = EDGE_CURVE('',#13476,#14529,#15953,.T.);
#15953 = LINE('',#15954,#15955);
#15954 = CARTESIAN_POINT('',(112.8,-67.93,-4.6E-02));
#15955 = VECTOR('',#15956,1.);
#15956 = DIRECTION('',(0.,0.,1.));
#15957 = ORIENTED_EDGE('',*,*,#14528,.F.);
#15958 = ORIENTED_EDGE('',*,*,#15952,.F.);
#15959 = CYLINDRICAL_SURFACE('',#15960,0.85);
#15960 = AXIS2_PLACEMENT_3D('',#15961,#15962,#15963);
#15961 = CARTESIAN_POINT('',(112.8,-67.08,-4.6E-02));
#15962 = DIRECTION('',(-0.,-0.,-1.));
#15963 = DIRECTION('',(-1.671865260612E-14,-1.,0.));
#15964 = ADVANCED_FACE('',(#15965),#15976,.F.);
#15965 = FACE_BOUND('',#15966,.T.);
#15966 = EDGE_LOOP('',(#15967,#15968,#15974,#15975));
#15967 = ORIENTED_EDGE('',*,*,#13486,.T.);
#15968 = ORIENTED_EDGE('',*,*,#15969,.T.);
#15969 = EDGE_CURVE('',#13487,#14540,#15970,.T.);
#15970 = LINE('',#15971,#15972);
#15971 = CARTESIAN_POINT('',(117.88,-69.08,-4.6E-02));
#15972 = VECTOR('',#15973,1.);
#15973 = DIRECTION('',(0.,0.,1.));
#15974 = ORIENTED_EDGE('',*,*,#14539,.F.);
#15975 = ORIENTED_EDGE('',*,*,#15969,.F.);
#15976 = CYLINDRICAL_SURFACE('',#15977,2.);
#15977 = AXIS2_PLACEMENT_3D('',#15978,#15979,#15980);
#15978 = CARTESIAN_POINT('',(117.88,-67.08,-4.6E-02));
#15979 = DIRECTION('',(-0.,-0.,-1.));
#15980 = DIRECTION('',(-0.,-1.,0.));
#15981 = ADVANCED_FACE('',(#15982),#15993,.F.);
#15982 = FACE_BOUND('',#15983,.T.);
#15983 = EDGE_LOOP('',(#15984,#15985,#15991,#15992));
#15984 = ORIENTED_EDGE('',*,*,#13497,.T.);
#15985 = ORIENTED_EDGE('',*,*,#15986,.T.);
#15986 = EDGE_CURVE('',#13498,#14551,#15987,.T.);
#15987 = LINE('',#15988,#15989);
#15988 = CARTESIAN_POINT('',(114.07,-65.29,-4.6E-02));
#15989 = VECTOR('',#15990,1.);
#15990 = DIRECTION('',(0.,0.,1.));
#15991 = ORIENTED_EDGE('',*,*,#14550,.F.);
#15992 = ORIENTED_EDGE('',*,*,#15986,.F.);
#15993 = CYLINDRICAL_SURFACE('',#15994,0.75);
#15994 = AXIS2_PLACEMENT_3D('',#15995,#15996,#15997);
#15995 = CARTESIAN_POINT('',(114.07,-64.54,-4.6E-02));
#15996 = DIRECTION('',(-0.,-0.,-1.));
#15997 = DIRECTION('',(-0.,-1.,0.));
#15998 = ADVANCED_FACE('',(#15999),#16010,.F.);
#15999 = FACE_BOUND('',#16000,.T.);
#16000 = EDGE_LOOP('',(#16001,#16002,#16008,#16009));
#16001 = ORIENTED_EDGE('',*,*,#13508,.T.);
#16002 = ORIENTED_EDGE('',*,*,#16003,.T.);
#16003 = EDGE_CURVE('',#13509,#14562,#16004,.T.);
#16004 = LINE('',#16005,#16006);
#16005 = CARTESIAN_POINT('',(94.5,-49.,-4.6E-02));
#16006 = VECTOR('',#16007,1.);
#16007 = DIRECTION('',(0.,0.,1.));
#16008 = ORIENTED_EDGE('',*,*,#14561,.F.);
#16009 = ORIENTED_EDGE('',*,*,#16003,.F.);
#16010 = CYLINDRICAL_SURFACE('',#16011,0.5);
#16011 = AXIS2_PLACEMENT_3D('',#16012,#16013,#16014);
#16012 = CARTESIAN_POINT('',(94.5,-48.5,-4.6E-02));
#16013 = DIRECTION('',(-0.,-0.,-1.));
#16014 = DIRECTION('',(-0.,-1.,0.));
#16015 = ADVANCED_FACE('',(#16016),#16027,.F.);
#16016 = FACE_BOUND('',#16017,.T.);
#16017 = EDGE_LOOP('',(#16018,#16019,#16025,#16026));
#16018 = ORIENTED_EDGE('',*,*,#13519,.T.);
#16019 = ORIENTED_EDGE('',*,*,#16020,.T.);
#16020 = EDGE_CURVE('',#13520,#14573,#16021,.T.);
#16021 = LINE('',#16022,#16023);
#16022 = CARTESIAN_POINT('',(94.5,-46.46,-4.6E-02));
#16023 = VECTOR('',#16024,1.);
#16024 = DIRECTION('',(0.,0.,1.));
#16025 = ORIENTED_EDGE('',*,*,#14572,.F.);
#16026 = ORIENTED_EDGE('',*,*,#16020,.F.);
#16027 = CYLINDRICAL_SURFACE('',#16028,0.5);
#16028 = AXIS2_PLACEMENT_3D('',#16029,#16030,#16031);
#16029 = CARTESIAN_POINT('',(94.5,-45.96,-4.6E-02));
#16030 = DIRECTION('',(-0.,-0.,-1.));
#16031 = DIRECTION('',(-0.,-1.,0.));
#16032 = ADVANCED_FACE('',(#16033),#16044,.F.);
#16033 = FACE_BOUND('',#16034,.T.);
#16034 = EDGE_LOOP('',(#16035,#16036,#16042,#16043));
#16035 = ORIENTED_EDGE('',*,*,#13530,.T.);
#16036 = ORIENTED_EDGE('',*,*,#16037,.T.);
#16037 = EDGE_CURVE('',#13531,#14584,#16038,.T.);
#16038 = LINE('',#16039,#16040);
#16039 = CARTESIAN_POINT('',(94.5,-43.92,-4.6E-02));
#16040 = VECTOR('',#16041,1.);
#16041 = DIRECTION('',(0.,0.,1.));
#16042 = ORIENTED_EDGE('',*,*,#14583,.F.);
#16043 = ORIENTED_EDGE('',*,*,#16037,.F.);
#16044 = CYLINDRICAL_SURFACE('',#16045,0.5);
#16045 = AXIS2_PLACEMENT_3D('',#16046,#16047,#16048);
#16046 = CARTESIAN_POINT('',(94.5,-43.42,-4.6E-02));
#16047 = DIRECTION('',(-0.,-0.,-1.));
#16048 = DIRECTION('',(-0.,-1.,0.));
#16049 = ADVANCED_FACE('',(#16050),#16061,.F.);
#16050 = FACE_BOUND('',#16051,.T.);
#16051 = EDGE_LOOP('',(#16052,#16053,#16059,#16060));
#16052 = ORIENTED_EDGE('',*,*,#13541,.T.);
#16053 = ORIENTED_EDGE('',*,*,#16054,.T.);
#16054 = EDGE_CURVE('',#13542,#14595,#16055,.T.);
#16055 = LINE('',#16056,#16057);
#16056 = CARTESIAN_POINT('',(94.5,-41.38,-4.6E-02));
#16057 = VECTOR('',#16058,1.);
#16058 = DIRECTION('',(0.,0.,1.));
#16059 = ORIENTED_EDGE('',*,*,#14594,.F.);
#16060 = ORIENTED_EDGE('',*,*,#16054,.F.);
#16061 = CYLINDRICAL_SURFACE('',#16062,0.5);
#16062 = AXIS2_PLACEMENT_3D('',#16063,#16064,#16065);
#16063 = CARTESIAN_POINT('',(94.5,-40.88,-4.6E-02));
#16064 = DIRECTION('',(-0.,-0.,-1.));
#16065 = DIRECTION('',(-0.,-1.,0.));
#16066 = ADVANCED_FACE('',(#16067),#16078,.F.);
#16067 = FACE_BOUND('',#16068,.T.);
#16068 = EDGE_LOOP('',(#16069,#16070,#16076,#16077));
#16069 = ORIENTED_EDGE('',*,*,#13552,.T.);
#16070 = ORIENTED_EDGE('',*,*,#16071,.T.);
#16071 = EDGE_CURVE('',#13553,#14606,#16072,.T.);
#16072 = LINE('',#16073,#16074);
#16073 = CARTESIAN_POINT('',(94.5,-38.84,-4.6E-02));
#16074 = VECTOR('',#16075,1.);
#16075 = DIRECTION('',(0.,0.,1.));
#16076 = ORIENTED_EDGE('',*,*,#14605,.F.);
#16077 = ORIENTED_EDGE('',*,*,#16071,.F.);
#16078 = CYLINDRICAL_SURFACE('',#16079,0.5);
#16079 = AXIS2_PLACEMENT_3D('',#16080,#16081,#16082);
#16080 = CARTESIAN_POINT('',(94.5,-38.34,-4.6E-02));
#16081 = DIRECTION('',(-0.,-0.,-1.));
#16082 = DIRECTION('',(-0.,-1.,0.));
#16083 = ADVANCED_FACE('',(#16084),#16095,.F.);
#16084 = FACE_BOUND('',#16085,.T.);
#16085 = EDGE_LOOP('',(#16086,#16087,#16093,#16094));
#16086 = ORIENTED_EDGE('',*,*,#13563,.T.);
#16087 = ORIENTED_EDGE('',*,*,#16088,.T.);
#16088 = EDGE_CURVE('',#13564,#14617,#16089,.T.);
#16089 = LINE('',#16090,#16091);
#16090 = CARTESIAN_POINT('',(83.5,-29.6,-4.6E-02));
#16091 = VECTOR('',#16092,1.);
#16092 = DIRECTION('',(0.,0.,1.));
#16093 = ORIENTED_EDGE('',*,*,#14616,.F.);
#16094 = ORIENTED_EDGE('',*,*,#16088,.F.);
#16095 = CYLINDRICAL_SURFACE('',#16096,1.6);
#16096 = AXIS2_PLACEMENT_3D('',#16097,#16098,#16099);
#16097 = CARTESIAN_POINT('',(83.5,-28.,-4.6E-02));
#16098 = DIRECTION('',(-0.,-0.,-1.));
#16099 = DIRECTION('',(-0.,-1.,0.));
#16100 = ADVANCED_FACE('',(#16101),#16112,.F.);
#16101 = FACE_BOUND('',#16102,.T.);
#16102 = EDGE_LOOP('',(#16103,#16104,#16110,#16111));
#16103 = ORIENTED_EDGE('',*,*,#13574,.T.);
#16104 = ORIENTED_EDGE('',*,*,#16105,.T.);
#16105 = EDGE_CURVE('',#13575,#14628,#16106,.T.);
#16106 = LINE('',#16107,#16108);
#16107 = CARTESIAN_POINT('',(94.5,-36.3,-4.6E-02));
#16108 = VECTOR('',#16109,1.);
#16109 = DIRECTION('',(0.,0.,1.));
#16110 = ORIENTED_EDGE('',*,*,#14627,.F.);
#16111 = ORIENTED_EDGE('',*,*,#16105,.F.);
#16112 = CYLINDRICAL_SURFACE('',#16113,0.5);
#16113 = AXIS2_PLACEMENT_3D('',#16114,#16115,#16116);
#16114 = CARTESIAN_POINT('',(94.5,-35.8,-4.6E-02));
#16115 = DIRECTION('',(-0.,-0.,-1.));
#16116 = DIRECTION('',(-0.,-1.,0.));
#16117 = ADVANCED_FACE('',(#16118),#16129,.F.);
#16118 = FACE_BOUND('',#16119,.T.);
#16119 = EDGE_LOOP('',(#16120,#16121,#16127,#16128));
#16120 = ORIENTED_EDGE('',*,*,#13585,.T.);
#16121 = ORIENTED_EDGE('',*,*,#16122,.T.);
#16122 = EDGE_CURVE('',#13586,#14639,#16123,.T.);
#16123 = LINE('',#16124,#16125);
#16124 = CARTESIAN_POINT('',(94.5,-33.76,-4.6E-02));
#16125 = VECTOR('',#16126,1.);
#16126 = DIRECTION('',(0.,0.,1.));
#16127 = ORIENTED_EDGE('',*,*,#14638,.F.);
#16128 = ORIENTED_EDGE('',*,*,#16122,.F.);
#16129 = CYLINDRICAL_SURFACE('',#16130,0.5);
#16130 = AXIS2_PLACEMENT_3D('',#16131,#16132,#16133);
#16131 = CARTESIAN_POINT('',(94.5,-33.26,-4.6E-02));
#16132 = DIRECTION('',(-0.,-0.,-1.));
#16133 = DIRECTION('',(-0.,-1.,0.));
#16134 = ADVANCED_FACE('',(#16135),#16146,.F.);
#16135 = FACE_BOUND('',#16136,.T.);
#16136 = EDGE_LOOP('',(#16137,#16138,#16144,#16145));
#16137 = ORIENTED_EDGE('',*,*,#13596,.T.);
#16138 = ORIENTED_EDGE('',*,*,#16139,.T.);
#16139 = EDGE_CURVE('',#13597,#14650,#16140,.T.);
#16140 = LINE('',#16141,#16142);
#16141 = CARTESIAN_POINT('',(111.5,-47.3,-4.6E-02));
#16142 = VECTOR('',#16143,1.);
#16143 = DIRECTION('',(0.,0.,1.));
#16144 = ORIENTED_EDGE('',*,*,#14649,.F.);
#16145 = ORIENTED_EDGE('',*,*,#16139,.F.);
#16146 = CYLINDRICAL_SURFACE('',#16147,0.5);
#16147 = AXIS2_PLACEMENT_3D('',#16148,#16149,#16150);
#16148 = CARTESIAN_POINT('',(111.5,-46.8,-4.6E-02));
#16149 = DIRECTION('',(-0.,-0.,-1.));
#16150 = DIRECTION('',(-0.,-1.,0.));
#16151 = ADVANCED_FACE('',(#16152),#16163,.F.);
#16152 = FACE_BOUND('',#16153,.T.);
#16153 = EDGE_LOOP('',(#16154,#16155,#16161,#16162));
#16154 = ORIENTED_EDGE('',*,*,#13607,.T.);
#16155 = ORIENTED_EDGE('',*,*,#16156,.T.);
#16156 = EDGE_CURVE('',#13608,#14661,#16157,.T.);
#16157 = LINE('',#16158,#16159);
#16158 = CARTESIAN_POINT('',(111.5,-39.7,-4.6E-02));
#16159 = VECTOR('',#16160,1.);
#16160 = DIRECTION('',(0.,0.,1.));
#16161 = ORIENTED_EDGE('',*,*,#14660,.F.);
#16162 = ORIENTED_EDGE('',*,*,#16156,.F.);
#16163 = CYLINDRICAL_SURFACE('',#16164,0.5);
#16164 = AXIS2_PLACEMENT_3D('',#16165,#16166,#16167);
#16165 = CARTESIAN_POINT('',(111.5,-39.2,-4.6E-02));
#16166 = DIRECTION('',(-0.,-0.,-1.));
#16167 = DIRECTION('',(-0.,-1.,0.));
#16168 = ADVANCED_FACE('',(#16169),#16180,.F.);
#16169 = FACE_BOUND('',#16170,.T.);
#16170 = EDGE_LOOP('',(#16171,#16172,#16178,#16179));
#16171 = ORIENTED_EDGE('',*,*,#13618,.T.);
#16172 = ORIENTED_EDGE('',*,*,#16173,.T.);
#16173 = EDGE_CURVE('',#13619,#14672,#16174,.T.);
#16174 = LINE('',#16175,#16176);
#16175 = CARTESIAN_POINT('',(122.96,-67.93,-4.6E-02));
#16176 = VECTOR('',#16177,1.);
#16177 = DIRECTION('',(0.,0.,1.));
#16178 = ORIENTED_EDGE('',*,*,#14671,.F.);
#16179 = ORIENTED_EDGE('',*,*,#16173,.F.);
#16180 = CYLINDRICAL_SURFACE('',#16181,0.85);
#16181 = AXIS2_PLACEMENT_3D('',#16182,#16183,#16184);
#16182 = CARTESIAN_POINT('',(122.96,-67.08,-4.6E-02));
#16183 = DIRECTION('',(-0.,-0.,-1.));
#16184 = DIRECTION('',(-1.671865260612E-14,-1.,0.));
#16185 = ADVANCED_FACE('',(#16186),#16197,.F.);
#16186 = FACE_BOUND('',#16187,.T.);
#16187 = EDGE_LOOP('',(#16188,#16189,#16195,#16196));
#16188 = ORIENTED_EDGE('',*,*,#13629,.T.);
#16189 = ORIENTED_EDGE('',*,*,#16190,.T.);
#16190 = EDGE_CURVE('',#13630,#14683,#16191,.T.);
#16191 = LINE('',#16192,#16193);
#16192 = CARTESIAN_POINT('',(120.42,-62.75,-4.6E-02));
#16193 = VECTOR('',#16194,1.);
#16194 = DIRECTION('',(0.,0.,1.));
#16195 = ORIENTED_EDGE('',*,*,#14682,.F.);
#16196 = ORIENTED_EDGE('',*,*,#16190,.F.);
#16197 = CYLINDRICAL_SURFACE('',#16198,0.75);
#16198 = AXIS2_PLACEMENT_3D('',#16199,#16200,#16201);
#16199 = CARTESIAN_POINT('',(120.42,-62.,-4.6E-02));
#16200 = DIRECTION('',(-0.,-0.,-1.));
#16201 = DIRECTION('',(-0.,-1.,0.));
#16202 = ADVANCED_FACE('',(#16203),#16214,.F.);
#16203 = FACE_BOUND('',#16204,.T.);
#16204 = EDGE_LOOP('',(#16205,#16206,#16212,#16213));
#16205 = ORIENTED_EDGE('',*,*,#13640,.T.);
#16206 = ORIENTED_EDGE('',*,*,#16207,.T.);
#16207 = EDGE_CURVE('',#13641,#14694,#16208,.T.);
#16208 = LINE('',#16209,#16210);
#16209 = CARTESIAN_POINT('',(131.88,-67.93,-4.6E-02));
#16210 = VECTOR('',#16211,1.);
#16211 = DIRECTION('',(0.,0.,1.));
#16212 = ORIENTED_EDGE('',*,*,#14693,.F.);
#16213 = ORIENTED_EDGE('',*,*,#16207,.F.);
#16214 = CYLINDRICAL_SURFACE('',#16215,0.85);
#16215 = AXIS2_PLACEMENT_3D('',#16216,#16217,#16218);
#16216 = CARTESIAN_POINT('',(131.88,-67.08,-4.6E-02));
#16217 = DIRECTION('',(-0.,-0.,-1.));
#16218 = DIRECTION('',(-0.,-1.,0.));
#16219 = ADVANCED_FACE('',(#16220),#16231,.F.);
#16220 = FACE_BOUND('',#16221,.T.);
#16221 = EDGE_LOOP('',(#16222,#16223,#16229,#16230));
#16222 = ORIENTED_EDGE('',*,*,#13651,.T.);
#16223 = ORIENTED_EDGE('',*,*,#16224,.T.);
#16224 = EDGE_CURVE('',#13652,#14705,#16225,.T.);
#16225 = LINE('',#16226,#16227);
#16226 = CARTESIAN_POINT('',(136.96,-69.08,-4.6E-02));
#16227 = VECTOR('',#16228,1.);
#16228 = DIRECTION('',(0.,0.,1.));
#16229 = ORIENTED_EDGE('',*,*,#14704,.F.);
#16230 = ORIENTED_EDGE('',*,*,#16224,.F.);
#16231 = CYLINDRICAL_SURFACE('',#16232,2.);
#16232 = AXIS2_PLACEMENT_3D('',#16233,#16234,#16235);
#16233 = CARTESIAN_POINT('',(136.96,-67.08,-4.6E-02));
#16234 = DIRECTION('',(-0.,-0.,-1.));
#16235 = DIRECTION('',(-0.,-1.,0.));
#16236 = ADVANCED_FACE('',(#16237),#16248,.F.);
#16237 = FACE_BOUND('',#16238,.T.);
#16238 = EDGE_LOOP('',(#16239,#16240,#16246,#16247));
#16239 = ORIENTED_EDGE('',*,*,#13662,.T.);
#16240 = ORIENTED_EDGE('',*,*,#16241,.T.);
#16241 = EDGE_CURVE('',#13663,#14716,#16242,.T.);
#16242 = LINE('',#16243,#16244);
#16243 = CARTESIAN_POINT('',(133.15,-65.29,-4.6E-02));
#16244 = VECTOR('',#16245,1.);
#16245 = DIRECTION('',(0.,0.,1.));
#16246 = ORIENTED_EDGE('',*,*,#14715,.F.);
#16247 = ORIENTED_EDGE('',*,*,#16241,.F.);
#16248 = CYLINDRICAL_SURFACE('',#16249,0.75);
#16249 = AXIS2_PLACEMENT_3D('',#16250,#16251,#16252);
#16250 = CARTESIAN_POINT('',(133.15,-64.54,-4.6E-02));
#16251 = DIRECTION('',(-0.,-0.,-1.));
#16252 = DIRECTION('',(-0.,-1.,0.));
#16253 = ADVANCED_FACE('',(#16254),#16265,.F.);
#16254 = FACE_BOUND('',#16255,.T.);
#16255 = EDGE_LOOP('',(#16256,#16257,#16263,#16264));
#16256 = ORIENTED_EDGE('',*,*,#13673,.T.);
#16257 = ORIENTED_EDGE('',*,*,#16258,.T.);
#16258 = EDGE_CURVE('',#13674,#14727,#16259,.T.);
#16259 = LINE('',#16260,#16261);
#16260 = CARTESIAN_POINT('',(128.76,-51.1845,-4.6E-02));
#16261 = VECTOR('',#16262,1.);
#16262 = DIRECTION('',(0.,0.,1.));
#16263 = ORIENTED_EDGE('',*,*,#14726,.F.);
#16264 = ORIENTED_EDGE('',*,*,#16258,.F.);
#16265 = CYLINDRICAL_SURFACE('',#16266,0.4445);
#16266 = AXIS2_PLACEMENT_3D('',#16267,#16268,#16269);
#16267 = CARTESIAN_POINT('',(128.76,-50.74,-4.6E-02));
#16268 = DIRECTION('',(-0.,-0.,-1.));
#16269 = DIRECTION('',(-0.,-1.,0.));
#16270 = ADVANCED_FACE('',(#16271),#16282,.F.);
#16271 = FACE_BOUND('',#16272,.T.);
#16272 = EDGE_LOOP('',(#16273,#16274,#16280,#16281));
#16273 = ORIENTED_EDGE('',*,*,#13684,.T.);
#16274 = ORIENTED_EDGE('',*,*,#16275,.T.);
#16275 = EDGE_CURVE('',#13685,#14738,#16276,.T.);
#16276 = LINE('',#16277,#16278);
#16277 = CARTESIAN_POINT('',(142.04,-67.93,-4.6E-02));
#16278 = VECTOR('',#16279,1.);
#16279 = DIRECTION('',(0.,0.,1.));
#16280 = ORIENTED_EDGE('',*,*,#14737,.F.);
#16281 = ORIENTED_EDGE('',*,*,#16275,.F.);
#16282 = CYLINDRICAL_SURFACE('',#16283,0.85);
#16283 = AXIS2_PLACEMENT_3D('',#16284,#16285,#16286);
#16284 = CARTESIAN_POINT('',(142.04,-67.08,-4.6E-02));
#16285 = DIRECTION('',(-0.,-0.,-1.));
#16286 = DIRECTION('',(-0.,-1.,0.));
#16287 = ADVANCED_FACE('',(#16288),#16299,.F.);
#16288 = FACE_BOUND('',#16289,.T.);
#16289 = EDGE_LOOP('',(#16290,#16291,#16297,#16298));
#16290 = ORIENTED_EDGE('',*,*,#13695,.T.);
#16291 = ORIENTED_EDGE('',*,*,#16292,.T.);
#16292 = EDGE_CURVE('',#13696,#14749,#16293,.T.);
#16293 = LINE('',#16294,#16295);
#16294 = CARTESIAN_POINT('',(139.5,-62.75,-4.6E-02));
#16295 = VECTOR('',#16296,1.);
#16296 = DIRECTION('',(0.,0.,1.));
#16297 = ORIENTED_EDGE('',*,*,#14748,.F.);
#16298 = ORIENTED_EDGE('',*,*,#16292,.F.);
#16299 = CYLINDRICAL_SURFACE('',#16300,0.75);
#16300 = AXIS2_PLACEMENT_3D('',#16301,#16302,#16303);
#16301 = CARTESIAN_POINT('',(139.5,-62.,-4.6E-02));
#16302 = DIRECTION('',(-0.,-0.,-1.));
#16303 = DIRECTION('',(-0.,-1.,0.));
#16304 = ADVANCED_FACE('',(#16305),#16316,.F.);
#16305 = FACE_BOUND('',#16306,.T.);
#16306 = EDGE_LOOP('',(#16307,#16308,#16314,#16315));
#16307 = ORIENTED_EDGE('',*,*,#13706,.T.);
#16308 = ORIENTED_EDGE('',*,*,#16309,.T.);
#16309 = EDGE_CURVE('',#13707,#14760,#16310,.T.);
#16310 = LINE('',#16311,#16312);
#16311 = CARTESIAN_POINT('',(144.,-51.1845,-4.6E-02));
#16312 = VECTOR('',#16313,1.);
#16313 = DIRECTION('',(0.,0.,1.));
#16314 = ORIENTED_EDGE('',*,*,#14759,.F.);
#16315 = ORIENTED_EDGE('',*,*,#16309,.F.);
#16316 = CYLINDRICAL_SURFACE('',#16317,0.4445);
#16317 = AXIS2_PLACEMENT_3D('',#16318,#16319,#16320);
#16318 = CARTESIAN_POINT('',(144.,-50.74,-4.6E-02));
#16319 = DIRECTION('',(-0.,-0.,-1.));
#16320 = DIRECTION('',(-0.,-1.,0.));
#16321 = ADVANCED_FACE('',(#16322),#16333,.F.);
#16322 = FACE_BOUND('',#16323,.T.);
#16323 = EDGE_LOOP('',(#16324,#16325,#16331,#16332));
#16324 = ORIENTED_EDGE('',*,*,#13717,.T.);
#16325 = ORIENTED_EDGE('',*,*,#16326,.T.);
#16326 = EDGE_CURVE('',#13718,#14771,#16327,.T.);
#16327 = LINE('',#16328,#16329);
#16328 = CARTESIAN_POINT('',(128.76,-48.6445,-4.6E-02));
#16329 = VECTOR('',#16330,1.);
#16330 = DIRECTION('',(0.,0.,1.));
#16331 = ORIENTED_EDGE('',*,*,#14770,.F.);
#16332 = ORIENTED_EDGE('',*,*,#16326,.F.);
#16333 = CYLINDRICAL_SURFACE('',#16334,0.4445);
#16334 = AXIS2_PLACEMENT_3D('',#16335,#16336,#16337);
#16335 = CARTESIAN_POINT('',(128.76,-48.2,-4.6E-02));
#16336 = DIRECTION('',(-0.,-0.,-1.));
#16337 = DIRECTION('',(-0.,-1.,0.));
#16338 = ADVANCED_FACE('',(#16339),#16350,.F.);
#16339 = FACE_BOUND('',#16340,.T.);
#16340 = EDGE_LOOP('',(#16341,#16342,#16348,#16349));
#16341 = ORIENTED_EDGE('',*,*,#13728,.T.);
#16342 = ORIENTED_EDGE('',*,*,#16343,.T.);
#16343 = EDGE_CURVE('',#13729,#14782,#16344,.T.);
#16344 = LINE('',#16345,#16346);
#16345 = CARTESIAN_POINT('',(128.76,-46.1045,-4.6E-02));
#16346 = VECTOR('',#16347,1.);
#16347 = DIRECTION('',(0.,0.,1.));
#16348 = ORIENTED_EDGE('',*,*,#14781,.F.);
#16349 = ORIENTED_EDGE('',*,*,#16343,.F.);
#16350 = CYLINDRICAL_SURFACE('',#16351,0.4445);
#16351 = AXIS2_PLACEMENT_3D('',#16352,#16353,#16354);
#16352 = CARTESIAN_POINT('',(128.76,-45.66,-4.6E-02));
#16353 = DIRECTION('',(-0.,-0.,-1.));
#16354 = DIRECTION('',(-0.,-1.,0.));
#16355 = ADVANCED_FACE('',(#16356),#16367,.F.);
#16356 = FACE_BOUND('',#16357,.T.);
#16357 = EDGE_LOOP('',(#16358,#16359,#16365,#16366));
#16358 = ORIENTED_EDGE('',*,*,#13739,.T.);
#16359 = ORIENTED_EDGE('',*,*,#16360,.T.);
#16360 = EDGE_CURVE('',#13740,#14793,#16361,.T.);
#16361 = LINE('',#16362,#16363);
#16362 = CARTESIAN_POINT('',(128.76,-43.5645,-4.6E-02));
#16363 = VECTOR('',#16364,1.);
#16364 = DIRECTION('',(0.,0.,1.));
#16365 = ORIENTED_EDGE('',*,*,#14792,.F.);
#16366 = ORIENTED_EDGE('',*,*,#16360,.F.);
#16367 = CYLINDRICAL_SURFACE('',#16368,0.4445);
#16368 = AXIS2_PLACEMENT_3D('',#16369,#16370,#16371);
#16369 = CARTESIAN_POINT('',(128.76,-43.12,-4.6E-02));
#16370 = DIRECTION('',(-0.,-0.,-1.));
#16371 = DIRECTION('',(-0.,-1.,0.));
#16372 = ADVANCED_FACE('',(#16373),#16384,.F.);
#16373 = FACE_BOUND('',#16374,.T.);
#16374 = EDGE_LOOP('',(#16375,#16376,#16382,#16383));
#16375 = ORIENTED_EDGE('',*,*,#13750,.T.);
#16376 = ORIENTED_EDGE('',*,*,#16377,.T.);
#16377 = EDGE_CURVE('',#13751,#14804,#16378,.T.);
#16378 = LINE('',#16379,#16380);
#16379 = CARTESIAN_POINT('',(128.76,-41.0245,-4.6E-02));
#16380 = VECTOR('',#16381,1.);
#16381 = DIRECTION('',(0.,0.,1.));
#16382 = ORIENTED_EDGE('',*,*,#14803,.F.);
#16383 = ORIENTED_EDGE('',*,*,#16377,.F.);
#16384 = CYLINDRICAL_SURFACE('',#16385,0.4445);
#16385 = AXIS2_PLACEMENT_3D('',#16386,#16387,#16388);
#16386 = CARTESIAN_POINT('',(128.76,-40.58,-4.6E-02));
#16387 = DIRECTION('',(-0.,-0.,-1.));
#16388 = DIRECTION('',(-0.,-1.,0.));
#16389 = ADVANCED_FACE('',(#16390),#16401,.F.);
#16390 = FACE_BOUND('',#16391,.T.);
#16391 = EDGE_LOOP('',(#16392,#16393,#16399,#16400));
#16392 = ORIENTED_EDGE('',*,*,#13761,.T.);
#16393 = ORIENTED_EDGE('',*,*,#16394,.T.);
#16394 = EDGE_CURVE('',#13762,#14815,#16395,.T.);
#16395 = LINE('',#16396,#16397);
#16396 = CARTESIAN_POINT('',(128.76,-38.4845,-4.6E-02));
#16397 = VECTOR('',#16398,1.);
#16398 = DIRECTION('',(0.,0.,1.));
#16399 = ORIENTED_EDGE('',*,*,#14814,.F.);
#16400 = ORIENTED_EDGE('',*,*,#16394,.F.);
#16401 = CYLINDRICAL_SURFACE('',#16402,0.4445);
#16402 = AXIS2_PLACEMENT_3D('',#16403,#16404,#16405);
#16403 = CARTESIAN_POINT('',(128.76,-38.04,-4.6E-02));
#16404 = DIRECTION('',(-0.,-0.,-1.));
#16405 = DIRECTION('',(-0.,-1.,0.));
#16406 = ADVANCED_FACE('',(#16407),#16418,.F.);
#16407 = FACE_BOUND('',#16408,.T.);
#16408 = EDGE_LOOP('',(#16409,#16410,#16416,#16417));
#16409 = ORIENTED_EDGE('',*,*,#13772,.T.);
#16410 = ORIENTED_EDGE('',*,*,#16411,.T.);
#16411 = EDGE_CURVE('',#13773,#14826,#16412,.T.);
#16412 = LINE('',#16413,#16414);
#16413 = CARTESIAN_POINT('',(128.76,-35.9445,-4.6E-02));
#16414 = VECTOR('',#16415,1.);
#16415 = DIRECTION('',(0.,0.,1.));
#16416 = ORIENTED_EDGE('',*,*,#14825,.F.);
#16417 = ORIENTED_EDGE('',*,*,#16411,.F.);
#16418 = CYLINDRICAL_SURFACE('',#16419,0.4445);
#16419 = AXIS2_PLACEMENT_3D('',#16420,#16421,#16422);
#16420 = CARTESIAN_POINT('',(128.76,-35.5,-4.6E-02));
#16421 = DIRECTION('',(-0.,-0.,-1.));
#16422 = DIRECTION('',(-0.,-1.,0.));
#16423 = ADVANCED_FACE('',(#16424),#16435,.F.);
#16424 = FACE_BOUND('',#16425,.T.);
#16425 = EDGE_LOOP('',(#16426,#16427,#16433,#16434));
#16426 = ORIENTED_EDGE('',*,*,#13783,.T.);
#16427 = ORIENTED_EDGE('',*,*,#16428,.T.);
#16428 = EDGE_CURVE('',#13784,#14837,#16429,.T.);
#16429 = LINE('',#16430,#16431);
#16430 = CARTESIAN_POINT('',(144.,-48.6445,-4.6E-02));
#16431 = VECTOR('',#16432,1.);
#16432 = DIRECTION('',(0.,0.,1.));
#16433 = ORIENTED_EDGE('',*,*,#14836,.F.);
#16434 = ORIENTED_EDGE('',*,*,#16428,.F.);
#16435 = CYLINDRICAL_SURFACE('',#16436,0.4445);
#16436 = AXIS2_PLACEMENT_3D('',#16437,#16438,#16439);
#16437 = CARTESIAN_POINT('',(144.,-48.2,-4.6E-02));
#16438 = DIRECTION('',(-0.,-0.,-1.));
#16439 = DIRECTION('',(-0.,-1.,0.));
#16440 = ADVANCED_FACE('',(#16441),#16452,.F.);
#16441 = FACE_BOUND('',#16442,.T.);
#16442 = EDGE_LOOP('',(#16443,#16444,#16450,#16451));
#16443 = ORIENTED_EDGE('',*,*,#13794,.T.);
#16444 = ORIENTED_EDGE('',*,*,#16445,.T.);
#16445 = EDGE_CURVE('',#13795,#14848,#16446,.T.);
#16446 = LINE('',#16447,#16448);
#16447 = CARTESIAN_POINT('',(144.,-46.1045,-4.6E-02));
#16448 = VECTOR('',#16449,1.);
#16449 = DIRECTION('',(0.,0.,1.));
#16450 = ORIENTED_EDGE('',*,*,#14847,.F.);
#16451 = ORIENTED_EDGE('',*,*,#16445,.F.);
#16452 = CYLINDRICAL_SURFACE('',#16453,0.4445);
#16453 = AXIS2_PLACEMENT_3D('',#16454,#16455,#16456);
#16454 = CARTESIAN_POINT('',(144.,-45.66,-4.6E-02));
#16455 = DIRECTION('',(-0.,-0.,-1.));
#16456 = DIRECTION('',(-0.,-1.,0.));
#16457 = ADVANCED_FACE('',(#16458),#16469,.F.);
#16458 = FACE_BOUND('',#16459,.T.);
#16459 = EDGE_LOOP('',(#16460,#16461,#16467,#16468));
#16460 = ORIENTED_EDGE('',*,*,#13805,.T.);
#16461 = ORIENTED_EDGE('',*,*,#16462,.T.);
#16462 = EDGE_CURVE('',#13806,#14859,#16463,.T.);
#16463 = LINE('',#16464,#16465);
#16464 = CARTESIAN_POINT('',(144.,-43.5645,-4.6E-02));
#16465 = VECTOR('',#16466,1.);
#16466 = DIRECTION('',(0.,0.,1.));
#16467 = ORIENTED_EDGE('',*,*,#14858,.F.);
#16468 = ORIENTED_EDGE('',*,*,#16462,.F.);
#16469 = CYLINDRICAL_SURFACE('',#16470,0.4445);
#16470 = AXIS2_PLACEMENT_3D('',#16471,#16472,#16473);
#16471 = CARTESIAN_POINT('',(144.,-43.12,-4.6E-02));
#16472 = DIRECTION('',(-0.,-0.,-1.));
#16473 = DIRECTION('',(-0.,-1.,0.));
#16474 = ADVANCED_FACE('',(#16475),#16486,.F.);
#16475 = FACE_BOUND('',#16476,.T.);
#16476 = EDGE_LOOP('',(#16477,#16478,#16484,#16485));
#16477 = ORIENTED_EDGE('',*,*,#13816,.T.);
#16478 = ORIENTED_EDGE('',*,*,#16479,.T.);
#16479 = EDGE_CURVE('',#13817,#14870,#16480,.T.);
#16480 = LINE('',#16481,#16482);
#16481 = CARTESIAN_POINT('',(144.,-41.0245,-4.6E-02));
#16482 = VECTOR('',#16483,1.);
#16483 = DIRECTION('',(0.,0.,1.));
#16484 = ORIENTED_EDGE('',*,*,#14869,.F.);
#16485 = ORIENTED_EDGE('',*,*,#16479,.F.);
#16486 = CYLINDRICAL_SURFACE('',#16487,0.4445);
#16487 = AXIS2_PLACEMENT_3D('',#16488,#16489,#16490);
#16488 = CARTESIAN_POINT('',(144.,-40.58,-4.6E-02));
#16489 = DIRECTION('',(-0.,-0.,-1.));
#16490 = DIRECTION('',(-0.,-1.,0.));
#16491 = ADVANCED_FACE('',(#16492),#16503,.F.);
#16492 = FACE_BOUND('',#16493,.T.);
#16493 = EDGE_LOOP('',(#16494,#16495,#16501,#16502));
#16494 = ORIENTED_EDGE('',*,*,#13827,.T.);
#16495 = ORIENTED_EDGE('',*,*,#16496,.T.);
#16496 = EDGE_CURVE('',#13828,#14881,#16497,.T.);
#16497 = LINE('',#16498,#16499);
#16498 = CARTESIAN_POINT('',(144.,-38.4845,-4.6E-02));
#16499 = VECTOR('',#16500,1.);
#16500 = DIRECTION('',(0.,0.,1.));
#16501 = ORIENTED_EDGE('',*,*,#14880,.F.);
#16502 = ORIENTED_EDGE('',*,*,#16496,.F.);
#16503 = CYLINDRICAL_SURFACE('',#16504,0.4445);
#16504 = AXIS2_PLACEMENT_3D('',#16505,#16506,#16507);
#16505 = CARTESIAN_POINT('',(144.,-38.04,-4.6E-02));
#16506 = DIRECTION('',(-0.,-0.,-1.));
#16507 = DIRECTION('',(-0.,-1.,0.));
#16508 = ADVANCED_FACE('',(#16509),#16520,.F.);
#16509 = FACE_BOUND('',#16510,.T.);
#16510 = EDGE_LOOP('',(#16511,#16512,#16518,#16519));
#16511 = ORIENTED_EDGE('',*,*,#13838,.T.);
#16512 = ORIENTED_EDGE('',*,*,#16513,.T.);
#16513 = EDGE_CURVE('',#13839,#14892,#16514,.T.);
#16514 = LINE('',#16515,#16516);
#16515 = CARTESIAN_POINT('',(144.,-35.9445,-4.6E-02));
#16516 = VECTOR('',#16517,1.);
#16517 = DIRECTION('',(0.,0.,1.));
#16518 = ORIENTED_EDGE('',*,*,#14891,.F.);
#16519 = ORIENTED_EDGE('',*,*,#16513,.F.);
#16520 = CYLINDRICAL_SURFACE('',#16521,0.4445);
#16521 = AXIS2_PLACEMENT_3D('',#16522,#16523,#16524);
#16522 = CARTESIAN_POINT('',(144.,-35.5,-4.6E-02));
#16523 = DIRECTION('',(-0.,-0.,-1.));
#16524 = DIRECTION('',(-0.,-1.,0.));
#16525 = ADVANCED_FACE('',(#16526),#16537,.F.);
#16526 = FACE_BOUND('',#16527,.T.);
#16527 = EDGE_LOOP('',(#16528,#16529,#16535,#16536));
#16528 = ORIENTED_EDGE('',*,*,#13849,.T.);
#16529 = ORIENTED_EDGE('',*,*,#16530,.T.);
#16530 = EDGE_CURVE('',#13850,#14903,#16531,.T.);
#16531 = LINE('',#16532,#16533);
#16532 = CARTESIAN_POINT('',(156.,-29.1,-4.6E-02));
#16533 = VECTOR('',#16534,1.);
#16534 = DIRECTION('',(0.,0.,1.));
#16535 = ORIENTED_EDGE('',*,*,#14902,.F.);
#16536 = ORIENTED_EDGE('',*,*,#16530,.F.);
#16537 = CYLINDRICAL_SURFACE('',#16538,1.6);
#16538 = AXIS2_PLACEMENT_3D('',#16539,#16540,#16541);
#16539 = CARTESIAN_POINT('',(156.,-27.5,-4.6E-02));
#16540 = DIRECTION('',(-0.,-0.,-1.));
#16541 = DIRECTION('',(-0.,-1.,0.));
#16542 = ( GEOMETRIC_REPRESENTATION_CONTEXT(3) 
GLOBAL_UNCERTAINTY_ASSIGNED_CONTEXT((#16546)) 
GLOBAL_UNIT_ASSIGNED_CONTEXT((#16543,#16544,#16545)) 
REPRESENTATION_CONTEXT('Context #1',
  '3D Context with UNIT and UNCERTAINTY') );
#16543 = ( LENGTH_UNIT() NAMED_UNIT(*) SI_UNIT(.MILLI.,.METRE.) );
#16544 = ( NAMED_UNIT(*) PLANE_ANGLE_UNIT() SI_UNIT($,.RADIAN.) );
#16545 = ( NAMED_UNIT(*) SI_UNIT($,.STERADIAN.) SOLID_ANGLE_UNIT() );
#16546 = UNCERTAINTY_MEASURE_WITH_UNIT(LENGTH_MEASURE(1.E-07),#16543,
  'distance_accuracy_value','confusion accuracy');
#16547 = CONTEXT_DEPENDENT_SHAPE_REPRESENTATION(#16548,#16550);
#16548 = ( REPRESENTATION_RELATIONSHIP('','',#12702,#10) 
REPRESENTATION_RELATIONSHIP_WITH_TRANSFORMATION(#16549) 
SHAPE_REPRESENTATION_RELATIONSHIP() );
#16549 = ITEM_DEFINED_TRANSFORMATION('','',#11,#95);
#16550 = PRODUCT_DEFINITION_SHAPE('Placement','Placement of an item',
  #16551);
#16551 = NEXT_ASSEMBLY_USAGE_OCCURRENCE('28','=>[0:1:1:13]','',#5,#12697
  ,$);
#16552 = PRODUCT_RELATED_PRODUCT_CATEGORY('part',$,(#12699));
#16553 = REPRESENTATION('material name',(#16554),#3570);
#16554 = DESCRIPTIVE_REPRESENTATION_ITEM('Generic','Generic');
#16555 = DERIVED_UNIT((#16556,#16558));
#16556 = DERIVED_UNIT_ELEMENT(#16557,3.);
#16557 = ( MASS_UNIT() NAMED_UNIT(*) SI_UNIT($,.GRAM.) );
#16558 = DERIVED_UNIT_ELEMENT(#16559,2.);
#16559 = ( LENGTH_UNIT() NAMED_UNIT(*) SI_UNIT(.CENTI.,.METRE.) );
#16560 = REPRESENTATION('density',(#16561),#3570);
#16561 = MEASURE_REPRESENTATION_ITEM('density measure',
  POSITIVE_RATIO_MEASURE(1.),#16555);
#16562 = PROPERTY_DEFINITION('material property','material name',#161);
#16563 = PROPERTY_DEFINITION_REPRESENTATION(#16562,#16553);
#16564 = PROPERTY_DEFINITION('material property','density',#161);
#16565 = PROPERTY_DEFINITION_REPRESENTATION(#16564,#16560);
#16566 = PROPERTY_DEFINITION('material property','material name',#3583);
#16567 = PROPERTY_DEFINITION_REPRESENTATION(#16566,#16553);
#16568 = PROPERTY_DEFINITION('material property','density',#3583);
#16569 = PROPERTY_DEFINITION_REPRESENTATION(#16568,#16560);
#16570 = MECHANICAL_DESIGN_GEOMETRIC_PRESENTATION_REPRESENTATION('',(
    #16571,#16579,#16587,#16594,#16601,#16608,#16615,#16622,#16629,
    #16636,#16644,#16651,#16658,#16665,#16672,#16679,#16686,#16693,
    #16700,#16707,#16714,#16721,#16728,#16735,#16742,#16749,#16756,
    #16763,#16770,#16777,#16784,#16791,#16798,#16805,#16812,#16819,
    #16826,#16833,#16840,#16847,#16854,#16861,#16868,#16875,#16882,
    #16889,#16896,#16903,#16910,#16917,#16924,#16931,#16938,#16945,
    #16952,#16959,#16966,#16973,#16980,#16987,#16994,#17001,#17008,
    #17015,#17022,#17029,#17036,#17043,#17050,#17057,#17064,#17071,
    #17078,#17085,#17092,#17099,#17106,#17113,#17120,#17127,#17134,
    #17141,#17148,#17155,#17162,#17169,#17176,#17183,#17190,#17197,
    #17204,#17211,#17218,#17225,#17232,#17239,#17246,#17253,#17260,
    #17267,#17274,#17281,#17288,#17295,#17302,#17309),#3570);
#16571 = STYLED_ITEM('color',(#16572),#167);
#16572 = PRESENTATION_STYLE_ASSIGNMENT((#16573));
#16573 = SURFACE_STYLE_USAGE(.BOTH.,#16574);
#16574 = SURFACE_SIDE_STYLE('',(#16575));
#16575 = SURFACE_STYLE_FILL_AREA(#16576);
#16576 = FILL_AREA_STYLE('',(#16577));
#16577 = FILL_AREA_STYLE_COLOUR('',#16578);
#16578 = COLOUR_RGB('',0.749019597622,0.749019597622,0.749019597622);
#16579 = OVER_RIDING_STYLED_ITEM('overriding color',(#16580),#329,#16571
  );
#16580 = PRESENTATION_STYLE_ASSIGNMENT((#16581));
#16581 = SURFACE_STYLE_USAGE(.BOTH.,#16582);
#16582 = SURFACE_SIDE_STYLE('',(#16583));
#16583 = SURFACE_STYLE_FILL_AREA(#16584);
#16584 = FILL_AREA_STYLE('',(#16585));
#16585 = FILL_AREA_STYLE_COLOUR('',#16586);
#16586 = DRAUGHTING_PRE_DEFINED_COLOUR('black');
#16587 = OVER_RIDING_STYLED_ITEM('overriding color',(#16588),#383,#16571
  );
#16588 = PRESENTATION_STYLE_ASSIGNMENT((#16589));
#16589 = SURFACE_STYLE_USAGE(.BOTH.,#16590);
#16590 = SURFACE_SIDE_STYLE('',(#16591));
#16591 = SURFACE_STYLE_FILL_AREA(#16592);
#16592 = FILL_AREA_STYLE('',(#16593));
#16593 = FILL_AREA_STYLE_COLOUR('',#16586);
#16594 = OVER_RIDING_STYLED_ITEM('overriding color',(#16595),#414,#16571
  );
#16595 = PRESENTATION_STYLE_ASSIGNMENT((#16596));
#16596 = SURFACE_STYLE_USAGE(.BOTH.,#16597);
#16597 = SURFACE_SIDE_STYLE('',(#16598));
#16598 = SURFACE_STYLE_FILL_AREA(#16599);
#16599 = FILL_AREA_STYLE('',(#16600));
#16600 = FILL_AREA_STYLE_COLOUR('',#16586);
#16601 = OVER_RIDING_STYLED_ITEM('overriding color',(#16602),#445,#16571
  );
#16602 = PRESENTATION_STYLE_ASSIGNMENT((#16603));
#16603 = SURFACE_STYLE_USAGE(.BOTH.,#16604);
#16604 = SURFACE_SIDE_STYLE('',(#16605));
#16605 = SURFACE_STYLE_FILL_AREA(#16606);
#16606 = FILL_AREA_STYLE('',(#16607));
#16607 = FILL_AREA_STYLE_COLOUR('',#16586);
#16608 = OVER_RIDING_STYLED_ITEM('overriding color',(#16609),#476,#16571
  );
#16609 = PRESENTATION_STYLE_ASSIGNMENT((#16610));
#16610 = SURFACE_STYLE_USAGE(.BOTH.,#16611);
#16611 = SURFACE_SIDE_STYLE('',(#16612));
#16612 = SURFACE_STYLE_FILL_AREA(#16613);
#16613 = FILL_AREA_STYLE('',(#16614));
#16614 = FILL_AREA_STYLE_COLOUR('',#16586);
#16615 = OVER_RIDING_STYLED_ITEM('overriding color',(#16616),#507,#16571
  );
#16616 = PRESENTATION_STYLE_ASSIGNMENT((#16617));
#16617 = SURFACE_STYLE_USAGE(.BOTH.,#16618);
#16618 = SURFACE_SIDE_STYLE('',(#16619));
#16619 = SURFACE_STYLE_FILL_AREA(#16620);
#16620 = FILL_AREA_STYLE('',(#16621));
#16621 = FILL_AREA_STYLE_COLOUR('',#16586);
#16622 = OVER_RIDING_STYLED_ITEM('overriding color',(#16623),#540,#16571
  );
#16623 = PRESENTATION_STYLE_ASSIGNMENT((#16624));
#16624 = SURFACE_STYLE_USAGE(.BOTH.,#16625);
#16625 = SURFACE_SIDE_STYLE('',(#16626));
#16626 = SURFACE_STYLE_FILL_AREA(#16627);
#16627 = FILL_AREA_STYLE('',(#16628));
#16628 = FILL_AREA_STYLE_COLOUR('',#16586);
#16629 = OVER_RIDING_STYLED_ITEM('overriding color',(#16630),#573,#16571
  );
#16630 = PRESENTATION_STYLE_ASSIGNMENT((#16631));
#16631 = SURFACE_STYLE_USAGE(.BOTH.,#16632);
#16632 = SURFACE_SIDE_STYLE('',(#16633));
#16633 = SURFACE_STYLE_FILL_AREA(#16634);
#16634 = FILL_AREA_STYLE('',(#16635));
#16635 = FILL_AREA_STYLE_COLOUR('',#16586);
#16636 = OVER_RIDING_STYLED_ITEM('overriding color',(#16637),#613,#16571
  );
#16637 = PRESENTATION_STYLE_ASSIGNMENT((#16638));
#16638 = SURFACE_STYLE_USAGE(.BOTH.,#16639);
#16639 = SURFACE_SIDE_STYLE('',(#16640));
#16640 = SURFACE_STYLE_FILL_AREA(#16641);
#16641 = FILL_AREA_STYLE('',(#16642));
#16642 = FILL_AREA_STYLE_COLOUR('',#16643);
#16643 = COLOUR_RGB('',0.599999994755,0.599999994755,0.599999994755);
#16644 = OVER_RIDING_STYLED_ITEM('overriding color',(#16645),#653,#16571
  );
#16645 = PRESENTATION_STYLE_ASSIGNMENT((#16646));
#16646 = SURFACE_STYLE_USAGE(.BOTH.,#16647);
#16647 = SURFACE_SIDE_STYLE('',(#16648));
#16648 = SURFACE_STYLE_FILL_AREA(#16649);
#16649 = FILL_AREA_STYLE('',(#16650));
#16650 = FILL_AREA_STYLE_COLOUR('',#16643);
#16651 = OVER_RIDING_STYLED_ITEM('overriding color',(#16652),#692,#16571
  );
#16652 = PRESENTATION_STYLE_ASSIGNMENT((#16653));
#16653 = SURFACE_STYLE_USAGE(.BOTH.,#16654);
#16654 = SURFACE_SIDE_STYLE('',(#16655));
#16655 = SURFACE_STYLE_FILL_AREA(#16656);
#16656 = FILL_AREA_STYLE('',(#16657));
#16657 = FILL_AREA_STYLE_COLOUR('',#16643);
#16658 = OVER_RIDING_STYLED_ITEM('overriding color',(#16659),#831,#16571
  );
#16659 = PRESENTATION_STYLE_ASSIGNMENT((#16660));
#16660 = SURFACE_STYLE_USAGE(.BOTH.,#16661);
#16661 = SURFACE_SIDE_STYLE('',(#16662));
#16662 = SURFACE_STYLE_FILL_AREA(#16663);
#16663 = FILL_AREA_STYLE('',(#16664));
#16664 = FILL_AREA_STYLE_COLOUR('',#16643);
#16665 = OVER_RIDING_STYLED_ITEM('overriding color',(#16666),#862,#16571
  );
#16666 = PRESENTATION_STYLE_ASSIGNMENT((#16667));
#16667 = SURFACE_STYLE_USAGE(.BOTH.,#16668);
#16668 = SURFACE_SIDE_STYLE('',(#16669));
#16669 = SURFACE_STYLE_FILL_AREA(#16670);
#16670 = FILL_AREA_STYLE('',(#16671));
#16671 = FILL_AREA_STYLE_COLOUR('',#16643);
#16672 = OVER_RIDING_STYLED_ITEM('overriding color',(#16673),#894,#16571
  );
#16673 = PRESENTATION_STYLE_ASSIGNMENT((#16674));
#16674 = SURFACE_STYLE_USAGE(.BOTH.,#16675);
#16675 = SURFACE_SIDE_STYLE('',(#16676));
#16676 = SURFACE_STYLE_FILL_AREA(#16677);
#16677 = FILL_AREA_STYLE('',(#16678));
#16678 = FILL_AREA_STYLE_COLOUR('',#16643);
#16679 = OVER_RIDING_STYLED_ITEM('overriding color',(#16680),#927,#16571
  );
#16680 = PRESENTATION_STYLE_ASSIGNMENT((#16681));
#16681 = SURFACE_STYLE_USAGE(.BOTH.,#16682);
#16682 = SURFACE_SIDE_STYLE('',(#16683));
#16683 = SURFACE_STYLE_FILL_AREA(#16684);
#16684 = FILL_AREA_STYLE('',(#16685));
#16685 = FILL_AREA_STYLE_COLOUR('',#16643);
#16686 = OVER_RIDING_STYLED_ITEM('overriding color',(#16687),#968,#16571
  );
#16687 = PRESENTATION_STYLE_ASSIGNMENT((#16688));
#16688 = SURFACE_STYLE_USAGE(.BOTH.,#16689);
#16689 = SURFACE_SIDE_STYLE('',(#16690));
#16690 = SURFACE_STYLE_FILL_AREA(#16691);
#16691 = FILL_AREA_STYLE('',(#16692));
#16692 = FILL_AREA_STYLE_COLOUR('',#16643);
#16693 = OVER_RIDING_STYLED_ITEM('overriding color',(#16694),#992,#16571
  );
#16694 = PRESENTATION_STYLE_ASSIGNMENT((#16695));
#16695 = SURFACE_STYLE_USAGE(.BOTH.,#16696);
#16696 = SURFACE_SIDE_STYLE('',(#16697));
#16697 = SURFACE_STYLE_FILL_AREA(#16698);
#16698 = FILL_AREA_STYLE('',(#16699));
#16699 = FILL_AREA_STYLE_COLOUR('',#16643);
#16700 = OVER_RIDING_STYLED_ITEM('overriding color',(#16701),#1023,
  #16571);
#16701 = PRESENTATION_STYLE_ASSIGNMENT((#16702));
#16702 = SURFACE_STYLE_USAGE(.BOTH.,#16703);
#16703 = SURFACE_SIDE_STYLE('',(#16704));
#16704 = SURFACE_STYLE_FILL_AREA(#16705);
#16705 = FILL_AREA_STYLE('',(#16706));
#16706 = FILL_AREA_STYLE_COLOUR('',#16643);
#16707 = OVER_RIDING_STYLED_ITEM('overriding color',(#16708),#1047,
  #16571);
#16708 = PRESENTATION_STYLE_ASSIGNMENT((#16709));
#16709 = SURFACE_STYLE_USAGE(.BOTH.,#16710);
#16710 = SURFACE_SIDE_STYLE('',(#16711));
#16711 = SURFACE_STYLE_FILL_AREA(#16712);
#16712 = FILL_AREA_STYLE('',(#16713));
#16713 = FILL_AREA_STYLE_COLOUR('',#16643);
#16714 = OVER_RIDING_STYLED_ITEM('overriding color',(#16715),#1071,
  #16571);
#16715 = PRESENTATION_STYLE_ASSIGNMENT((#16716));
#16716 = SURFACE_STYLE_USAGE(.BOTH.,#16717);
#16717 = SURFACE_SIDE_STYLE('',(#16718));
#16718 = SURFACE_STYLE_FILL_AREA(#16719);
#16719 = FILL_AREA_STYLE('',(#16720));
#16720 = FILL_AREA_STYLE_COLOUR('',#16643);
#16721 = OVER_RIDING_STYLED_ITEM('overriding color',(#16722),#1088,
  #16571);
#16722 = PRESENTATION_STYLE_ASSIGNMENT((#16723));
#16723 = SURFACE_STYLE_USAGE(.BOTH.,#16724);
#16724 = SURFACE_SIDE_STYLE('',(#16725));
#16725 = SURFACE_STYLE_FILL_AREA(#16726);
#16726 = FILL_AREA_STYLE('',(#16727));
#16727 = FILL_AREA_STYLE_COLOUR('',#16643);
#16728 = OVER_RIDING_STYLED_ITEM('overriding color',(#16729),#1100,
  #16571);
#16729 = PRESENTATION_STYLE_ASSIGNMENT((#16730));
#16730 = SURFACE_STYLE_USAGE(.BOTH.,#16731);
#16731 = SURFACE_SIDE_STYLE('',(#16732));
#16732 = SURFACE_STYLE_FILL_AREA(#16733);
#16733 = FILL_AREA_STYLE('',(#16734));
#16734 = FILL_AREA_STYLE_COLOUR('',#16643);
#16735 = OVER_RIDING_STYLED_ITEM('overriding color',(#16736),#1254,
  #16571);
#16736 = PRESENTATION_STYLE_ASSIGNMENT((#16737));
#16737 = SURFACE_STYLE_USAGE(.BOTH.,#16738);
#16738 = SURFACE_SIDE_STYLE('',(#16739));
#16739 = SURFACE_STYLE_FILL_AREA(#16740);
#16740 = FILL_AREA_STYLE('',(#16741));
#16741 = FILL_AREA_STYLE_COLOUR('',#16643);
#16742 = OVER_RIDING_STYLED_ITEM('overriding color',(#16743),#1295,
  #16571);
#16743 = PRESENTATION_STYLE_ASSIGNMENT((#16744));
#16744 = SURFACE_STYLE_USAGE(.BOTH.,#16745);
#16745 = SURFACE_SIDE_STYLE('',(#16746));
#16746 = SURFACE_STYLE_FILL_AREA(#16747);
#16747 = FILL_AREA_STYLE('',(#16748));
#16748 = FILL_AREA_STYLE_COLOUR('',#16643);
#16749 = OVER_RIDING_STYLED_ITEM('overriding color',(#16750),#1335,
  #16571);
#16750 = PRESENTATION_STYLE_ASSIGNMENT((#16751));
#16751 = SURFACE_STYLE_USAGE(.BOTH.,#16752);
#16752 = SURFACE_SIDE_STYLE('',(#16753));
#16753 = SURFACE_STYLE_FILL_AREA(#16754);
#16754 = FILL_AREA_STYLE('',(#16755));
#16755 = FILL_AREA_STYLE_COLOUR('',#16643);
#16756 = OVER_RIDING_STYLED_ITEM('overriding color',(#16757),#1358,
  #16571);
#16757 = PRESENTATION_STYLE_ASSIGNMENT((#16758));
#16758 = SURFACE_STYLE_USAGE(.BOTH.,#16759);
#16759 = SURFACE_SIDE_STYLE('',(#16760));
#16760 = SURFACE_STYLE_FILL_AREA(#16761);
#16761 = FILL_AREA_STYLE('',(#16762));
#16762 = FILL_AREA_STYLE_COLOUR('',#16643);
#16763 = OVER_RIDING_STYLED_ITEM('overriding color',(#16764),#1375,
  #16571);
#16764 = PRESENTATION_STYLE_ASSIGNMENT((#16765));
#16765 = SURFACE_STYLE_USAGE(.BOTH.,#16766);
#16766 = SURFACE_SIDE_STYLE('',(#16767));
#16767 = SURFACE_STYLE_FILL_AREA(#16768);
#16768 = FILL_AREA_STYLE('',(#16769));
#16769 = FILL_AREA_STYLE_COLOUR('',#16586);
#16770 = OVER_RIDING_STYLED_ITEM('overriding color',(#16771),#1500,
  #16571);
#16771 = PRESENTATION_STYLE_ASSIGNMENT((#16772));
#16772 = SURFACE_STYLE_USAGE(.BOTH.,#16773);
#16773 = SURFACE_SIDE_STYLE('',(#16774));
#16774 = SURFACE_STYLE_FILL_AREA(#16775);
#16775 = FILL_AREA_STYLE('',(#16776));
#16776 = FILL_AREA_STYLE_COLOUR('',#16643);
#16777 = OVER_RIDING_STYLED_ITEM('overriding color',(#16778),#1531,
  #16571);
#16778 = PRESENTATION_STYLE_ASSIGNMENT((#16779));
#16779 = SURFACE_STYLE_USAGE(.BOTH.,#16780);
#16780 = SURFACE_SIDE_STYLE('',(#16781));
#16781 = SURFACE_STYLE_FILL_AREA(#16782);
#16782 = FILL_AREA_STYLE('',(#16783));
#16783 = FILL_AREA_STYLE_COLOUR('',#16643);
#16784 = OVER_RIDING_STYLED_ITEM('overriding color',(#16785),#1579,
  #16571);
#16785 = PRESENTATION_STYLE_ASSIGNMENT((#16786));
#16786 = SURFACE_STYLE_USAGE(.BOTH.,#16787);
#16787 = SURFACE_SIDE_STYLE('',(#16788));
#16788 = SURFACE_STYLE_FILL_AREA(#16789);
#16789 = FILL_AREA_STYLE('',(#16790));
#16790 = FILL_AREA_STYLE_COLOUR('',#16643);
#16791 = OVER_RIDING_STYLED_ITEM('overriding color',(#16792),#1603,
  #16571);
#16792 = PRESENTATION_STYLE_ASSIGNMENT((#16793));
#16793 = SURFACE_STYLE_USAGE(.BOTH.,#16794);
#16794 = SURFACE_SIDE_STYLE('',(#16795));
#16795 = SURFACE_STYLE_FILL_AREA(#16796);
#16796 = FILL_AREA_STYLE('',(#16797));
#16797 = FILL_AREA_STYLE_COLOUR('',#16643);
#16798 = OVER_RIDING_STYLED_ITEM('overriding color',(#16799),#1651,
  #16571);
#16799 = PRESENTATION_STYLE_ASSIGNMENT((#16800));
#16800 = SURFACE_STYLE_USAGE(.BOTH.,#16801);
#16801 = SURFACE_SIDE_STYLE('',(#16802));
#16802 = SURFACE_STYLE_FILL_AREA(#16803);
#16803 = FILL_AREA_STYLE('',(#16804));
#16804 = FILL_AREA_STYLE_COLOUR('',#16643);
#16805 = OVER_RIDING_STYLED_ITEM('overriding color',(#16806),#1675,
  #16571);
#16806 = PRESENTATION_STYLE_ASSIGNMENT((#16807));
#16807 = SURFACE_STYLE_USAGE(.BOTH.,#16808);
#16808 = SURFACE_SIDE_STYLE('',(#16809));
#16809 = SURFACE_STYLE_FILL_AREA(#16810);
#16810 = FILL_AREA_STYLE('',(#16811));
#16811 = FILL_AREA_STYLE_COLOUR('',#16643);
#16812 = OVER_RIDING_STYLED_ITEM('overriding color',(#16813),#1692,
  #16571);
#16813 = PRESENTATION_STYLE_ASSIGNMENT((#16814));
#16814 = SURFACE_STYLE_USAGE(.BOTH.,#16815);
#16815 = SURFACE_SIDE_STYLE('',(#16816));
#16816 = SURFACE_STYLE_FILL_AREA(#16817);
#16817 = FILL_AREA_STYLE('',(#16818));
#16818 = FILL_AREA_STYLE_COLOUR('',#16643);
#16819 = OVER_RIDING_STYLED_ITEM('overriding color',(#16820),#1712,
  #16571);
#16820 = PRESENTATION_STYLE_ASSIGNMENT((#16821));
#16821 = SURFACE_STYLE_USAGE(.BOTH.,#16822);
#16822 = SURFACE_SIDE_STYLE('',(#16823));
#16823 = SURFACE_STYLE_FILL_AREA(#16824);
#16824 = FILL_AREA_STYLE('',(#16825));
#16825 = FILL_AREA_STYLE_COLOUR('',#16643);
#16826 = OVER_RIDING_STYLED_ITEM('overriding color',(#16827),#1729,
  #16571);
#16827 = PRESENTATION_STYLE_ASSIGNMENT((#16828));
#16828 = SURFACE_STYLE_USAGE(.BOTH.,#16829);
#16829 = SURFACE_SIDE_STYLE('',(#16830));
#16830 = SURFACE_STYLE_FILL_AREA(#16831);
#16831 = FILL_AREA_STYLE('',(#16832));
#16832 = FILL_AREA_STYLE_COLOUR('',#16643);
#16833 = OVER_RIDING_STYLED_ITEM('overriding color',(#16834),#1751,
  #16571);
#16834 = PRESENTATION_STYLE_ASSIGNMENT((#16835));
#16835 = SURFACE_STYLE_USAGE(.BOTH.,#16836);
#16836 = SURFACE_SIDE_STYLE('',(#16837));
#16837 = SURFACE_STYLE_FILL_AREA(#16838);
#16838 = FILL_AREA_STYLE('',(#16839));
#16839 = FILL_AREA_STYLE_COLOUR('',#16643);
#16840 = OVER_RIDING_STYLED_ITEM('overriding color',(#16841),#1765,
  #16571);
#16841 = PRESENTATION_STYLE_ASSIGNMENT((#16842));
#16842 = SURFACE_STYLE_USAGE(.BOTH.,#16843);
#16843 = SURFACE_SIDE_STYLE('',(#16844));
#16844 = SURFACE_STYLE_FILL_AREA(#16845);
#16845 = FILL_AREA_STYLE('',(#16846));
#16846 = FILL_AREA_STYLE_COLOUR('',#16643);
#16847 = OVER_RIDING_STYLED_ITEM('overriding color',(#16848),#1783,
  #16571);
#16848 = PRESENTATION_STYLE_ASSIGNMENT((#16849));
#16849 = SURFACE_STYLE_USAGE(.BOTH.,#16850);
#16850 = SURFACE_SIDE_STYLE('',(#16851));
#16851 = SURFACE_STYLE_FILL_AREA(#16852);
#16852 = FILL_AREA_STYLE('',(#16853));
#16853 = FILL_AREA_STYLE_COLOUR('',#16643);
#16854 = OVER_RIDING_STYLED_ITEM('overriding color',(#16855),#1808,
  #16571);
#16855 = PRESENTATION_STYLE_ASSIGNMENT((#16856));
#16856 = SURFACE_STYLE_USAGE(.BOTH.,#16857);
#16857 = SURFACE_SIDE_STYLE('',(#16858));
#16858 = SURFACE_STYLE_FILL_AREA(#16859);
#16859 = FILL_AREA_STYLE('',(#16860));
#16860 = FILL_AREA_STYLE_COLOUR('',#16643);
#16861 = OVER_RIDING_STYLED_ITEM('overriding color',(#16862),#1841,
  #16571);
#16862 = PRESENTATION_STYLE_ASSIGNMENT((#16863));
#16863 = SURFACE_STYLE_USAGE(.BOTH.,#16864);
#16864 = SURFACE_SIDE_STYLE('',(#16865));
#16865 = SURFACE_STYLE_FILL_AREA(#16866);
#16866 = FILL_AREA_STYLE('',(#16867));
#16867 = FILL_AREA_STYLE_COLOUR('',#16643);
#16868 = OVER_RIDING_STYLED_ITEM('overriding color',(#16869),#1874,
  #16571);
#16869 = PRESENTATION_STYLE_ASSIGNMENT((#16870));
#16870 = SURFACE_STYLE_USAGE(.BOTH.,#16871);
#16871 = SURFACE_SIDE_STYLE('',(#16872));
#16872 = SURFACE_STYLE_FILL_AREA(#16873);
#16873 = FILL_AREA_STYLE('',(#16874));
#16874 = FILL_AREA_STYLE_COLOUR('',#16643);
#16875 = OVER_RIDING_STYLED_ITEM('overriding color',(#16876),#1900,
  #16571);
#16876 = PRESENTATION_STYLE_ASSIGNMENT((#16877));
#16877 = SURFACE_STYLE_USAGE(.BOTH.,#16878);
#16878 = SURFACE_SIDE_STYLE('',(#16879));
#16879 = SURFACE_STYLE_FILL_AREA(#16880);
#16880 = FILL_AREA_STYLE('',(#16881));
#16881 = FILL_AREA_STYLE_COLOUR('',#16643);
#16882 = OVER_RIDING_STYLED_ITEM('overriding color',(#16883),#1926,
  #16571);
#16883 = PRESENTATION_STYLE_ASSIGNMENT((#16884));
#16884 = SURFACE_STYLE_USAGE(.BOTH.,#16885);
#16885 = SURFACE_SIDE_STYLE('',(#16886));
#16886 = SURFACE_STYLE_FILL_AREA(#16887);
#16887 = FILL_AREA_STYLE('',(#16888));
#16888 = FILL_AREA_STYLE_COLOUR('',#16643);
#16889 = OVER_RIDING_STYLED_ITEM('overriding color',(#16890),#1943,
  #16571);
#16890 = PRESENTATION_STYLE_ASSIGNMENT((#16891));
#16891 = SURFACE_STYLE_USAGE(.BOTH.,#16892);
#16892 = SURFACE_SIDE_STYLE('',(#16893));
#16893 = SURFACE_STYLE_FILL_AREA(#16894);
#16894 = FILL_AREA_STYLE('',(#16895));
#16895 = FILL_AREA_STYLE_COLOUR('',#16643);
#16896 = OVER_RIDING_STYLED_ITEM('overriding color',(#16897),#1955,
  #16571);
#16897 = PRESENTATION_STYLE_ASSIGNMENT((#16898));
#16898 = SURFACE_STYLE_USAGE(.BOTH.,#16899);
#16899 = SURFACE_SIDE_STYLE('',(#16900));
#16900 = SURFACE_STYLE_FILL_AREA(#16901);
#16901 = FILL_AREA_STYLE('',(#16902));
#16902 = FILL_AREA_STYLE_COLOUR('',#16643);
#16903 = OVER_RIDING_STYLED_ITEM('overriding color',(#16904),#1981,
  #16571);
#16904 = PRESENTATION_STYLE_ASSIGNMENT((#16905));
#16905 = SURFACE_STYLE_USAGE(.BOTH.,#16906);
#16906 = SURFACE_SIDE_STYLE('',(#16907));
#16907 = SURFACE_STYLE_FILL_AREA(#16908);
#16908 = FILL_AREA_STYLE('',(#16909));
#16909 = FILL_AREA_STYLE_COLOUR('',#16643);
#16910 = OVER_RIDING_STYLED_ITEM('overriding color',(#16911),#1999,
  #16571);
#16911 = PRESENTATION_STYLE_ASSIGNMENT((#16912));
#16912 = SURFACE_STYLE_USAGE(.BOTH.,#16913);
#16913 = SURFACE_SIDE_STYLE('',(#16914));
#16914 = SURFACE_STYLE_FILL_AREA(#16915);
#16915 = FILL_AREA_STYLE('',(#16916));
#16916 = FILL_AREA_STYLE_COLOUR('',#16643);
#16917 = OVER_RIDING_STYLED_ITEM('overriding color',(#16918),#2016,
  #16571);
#16918 = PRESENTATION_STYLE_ASSIGNMENT((#16919));
#16919 = SURFACE_STYLE_USAGE(.BOTH.,#16920);
#16920 = SURFACE_SIDE_STYLE('',(#16921));
#16921 = SURFACE_STYLE_FILL_AREA(#16922);
#16922 = FILL_AREA_STYLE('',(#16923));
#16923 = FILL_AREA_STYLE_COLOUR('',#16643);
#16924 = OVER_RIDING_STYLED_ITEM('overriding color',(#16925),#2033,
  #16571);
#16925 = PRESENTATION_STYLE_ASSIGNMENT((#16926));
#16926 = SURFACE_STYLE_USAGE(.BOTH.,#16927);
#16927 = SURFACE_SIDE_STYLE('',(#16928));
#16928 = SURFACE_STYLE_FILL_AREA(#16929);
#16929 = FILL_AREA_STYLE('',(#16930));
#16930 = FILL_AREA_STYLE_COLOUR('',#16643);
#16931 = OVER_RIDING_STYLED_ITEM('overriding color',(#16932),#2045,
  #16571);
#16932 = PRESENTATION_STYLE_ASSIGNMENT((#16933));
#16933 = SURFACE_STYLE_USAGE(.BOTH.,#16934);
#16934 = SURFACE_SIDE_STYLE('',(#16935));
#16935 = SURFACE_STYLE_FILL_AREA(#16936);
#16936 = FILL_AREA_STYLE('',(#16937));
#16937 = FILL_AREA_STYLE_COLOUR('',#16643);
#16938 = OVER_RIDING_STYLED_ITEM('overriding color',(#16939),#2056,
  #16571);
#16939 = PRESENTATION_STYLE_ASSIGNMENT((#16940));
#16940 = SURFACE_STYLE_USAGE(.BOTH.,#16941);
#16941 = SURFACE_SIDE_STYLE('',(#16942));
#16942 = SURFACE_STYLE_FILL_AREA(#16943);
#16943 = FILL_AREA_STYLE('',(#16944));
#16944 = FILL_AREA_STYLE_COLOUR('',#16643);
#16945 = OVER_RIDING_STYLED_ITEM('overriding color',(#16946),#2073,
  #16571);
#16946 = PRESENTATION_STYLE_ASSIGNMENT((#16947));
#16947 = SURFACE_STYLE_USAGE(.BOTH.,#16948);
#16948 = SURFACE_SIDE_STYLE('',(#16949));
#16949 = SURFACE_STYLE_FILL_AREA(#16950);
#16950 = FILL_AREA_STYLE('',(#16951));
#16951 = FILL_AREA_STYLE_COLOUR('',#16643);
#16952 = OVER_RIDING_STYLED_ITEM('overriding color',(#16953),#2086,
  #16571);
#16953 = PRESENTATION_STYLE_ASSIGNMENT((#16954));
#16954 = SURFACE_STYLE_USAGE(.BOTH.,#16955);
#16955 = SURFACE_SIDE_STYLE('',(#16956));
#16956 = SURFACE_STYLE_FILL_AREA(#16957);
#16957 = FILL_AREA_STYLE('',(#16958));
#16958 = FILL_AREA_STYLE_COLOUR('',#16586);
#16959 = OVER_RIDING_STYLED_ITEM('overriding color',(#16960),#2126,
  #16571);
#16960 = PRESENTATION_STYLE_ASSIGNMENT((#16961));
#16961 = SURFACE_STYLE_USAGE(.BOTH.,#16962);
#16962 = SURFACE_SIDE_STYLE('',(#16963));
#16963 = SURFACE_STYLE_FILL_AREA(#16964);
#16964 = FILL_AREA_STYLE('',(#16965));
#16965 = FILL_AREA_STYLE_COLOUR('',#16586);
#16966 = OVER_RIDING_STYLED_ITEM('overriding color',(#16967),#2166,
  #16571);
#16967 = PRESENTATION_STYLE_ASSIGNMENT((#16968));
#16968 = SURFACE_STYLE_USAGE(.BOTH.,#16969);
#16969 = SURFACE_SIDE_STYLE('',(#16970));
#16970 = SURFACE_STYLE_FILL_AREA(#16971);
#16971 = FILL_AREA_STYLE('',(#16972));
#16972 = FILL_AREA_STYLE_COLOUR('',#16586);
#16973 = OVER_RIDING_STYLED_ITEM('overriding color',(#16974),#2190,
  #16571);
#16974 = PRESENTATION_STYLE_ASSIGNMENT((#16975));
#16975 = SURFACE_STYLE_USAGE(.BOTH.,#16976);
#16976 = SURFACE_SIDE_STYLE('',(#16977));
#16977 = SURFACE_STYLE_FILL_AREA(#16978);
#16978 = FILL_AREA_STYLE('',(#16979));
#16979 = FILL_AREA_STYLE_COLOUR('',#16586);
#16980 = OVER_RIDING_STYLED_ITEM('overriding color',(#16981),#2249,
  #16571);
#16981 = PRESENTATION_STYLE_ASSIGNMENT((#16982));
#16982 = SURFACE_STYLE_USAGE(.BOTH.,#16983);
#16983 = SURFACE_SIDE_STYLE('',(#16984));
#16984 = SURFACE_STYLE_FILL_AREA(#16985);
#16985 = FILL_AREA_STYLE('',(#16986));
#16986 = FILL_AREA_STYLE_COLOUR('',#16586);
#16987 = OVER_RIDING_STYLED_ITEM('overriding color',(#16988),#2289,
  #16571);
#16988 = PRESENTATION_STYLE_ASSIGNMENT((#16989));
#16989 = SURFACE_STYLE_USAGE(.BOTH.,#16990);
#16990 = SURFACE_SIDE_STYLE('',(#16991));
#16991 = SURFACE_STYLE_FILL_AREA(#16992);
#16992 = FILL_AREA_STYLE('',(#16993));
#16993 = FILL_AREA_STYLE_COLOUR('',#16586);
#16994 = OVER_RIDING_STYLED_ITEM('overriding color',(#16995),#2329,
  #16571);
#16995 = PRESENTATION_STYLE_ASSIGNMENT((#16996));
#16996 = SURFACE_STYLE_USAGE(.BOTH.,#16997);
#16997 = SURFACE_SIDE_STYLE('',(#16998));
#16998 = SURFACE_STYLE_FILL_AREA(#16999);
#16999 = FILL_AREA_STYLE('',(#17000));
#17000 = FILL_AREA_STYLE_COLOUR('',#16586);
#17001 = OVER_RIDING_STYLED_ITEM('overriding color',(#17002),#2353,
  #16571);
#17002 = PRESENTATION_STYLE_ASSIGNMENT((#17003));
#17003 = SURFACE_STYLE_USAGE(.BOTH.,#17004);
#17004 = SURFACE_SIDE_STYLE('',(#17005));
#17005 = SURFACE_STYLE_FILL_AREA(#17006);
#17006 = FILL_AREA_STYLE('',(#17007));
#17007 = FILL_AREA_STYLE_COLOUR('',#16586);
#17008 = OVER_RIDING_STYLED_ITEM('overriding color',(#17009),#2404,
  #16571);
#17009 = PRESENTATION_STYLE_ASSIGNMENT((#17010));
#17010 = SURFACE_STYLE_USAGE(.BOTH.,#17011);
#17011 = SURFACE_SIDE_STYLE('',(#17012));
#17012 = SURFACE_STYLE_FILL_AREA(#17013);
#17013 = FILL_AREA_STYLE('',(#17014));
#17014 = FILL_AREA_STYLE_COLOUR('',#16586);
#17015 = OVER_RIDING_STYLED_ITEM('overriding color',(#17016),#2453,
  #16571);
#17016 = PRESENTATION_STYLE_ASSIGNMENT((#17017));
#17017 = SURFACE_STYLE_USAGE(.BOTH.,#17018);
#17018 = SURFACE_SIDE_STYLE('',(#17019));
#17019 = SURFACE_STYLE_FILL_AREA(#17020);
#17020 = FILL_AREA_STYLE('',(#17021));
#17021 = FILL_AREA_STYLE_COLOUR('',#16586);
#17022 = OVER_RIDING_STYLED_ITEM('overriding color',(#17023),#2484,
  #16571);
#17023 = PRESENTATION_STYLE_ASSIGNMENT((#17024));
#17024 = SURFACE_STYLE_USAGE(.BOTH.,#17025);
#17025 = SURFACE_SIDE_STYLE('',(#17026));
#17026 = SURFACE_STYLE_FILL_AREA(#17027);
#17027 = FILL_AREA_STYLE('',(#17028));
#17028 = FILL_AREA_STYLE_COLOUR('',#16586);
#17029 = OVER_RIDING_STYLED_ITEM('overriding color',(#17030),#2508,
  #16571);
#17030 = PRESENTATION_STYLE_ASSIGNMENT((#17031));
#17031 = SURFACE_STYLE_USAGE(.BOTH.,#17032);
#17032 = SURFACE_SIDE_STYLE('',(#17033));
#17033 = SURFACE_STYLE_FILL_AREA(#17034);
#17034 = FILL_AREA_STYLE('',(#17035));
#17035 = FILL_AREA_STYLE_COLOUR('',#16586);
#17036 = OVER_RIDING_STYLED_ITEM('overriding color',(#17037),#2557,
  #16571);
#17037 = PRESENTATION_STYLE_ASSIGNMENT((#17038));
#17038 = SURFACE_STYLE_USAGE(.BOTH.,#17039);
#17039 = SURFACE_SIDE_STYLE('',(#17040));
#17040 = SURFACE_STYLE_FILL_AREA(#17041);
#17041 = FILL_AREA_STYLE('',(#17042));
#17042 = FILL_AREA_STYLE_COLOUR('',#16586);
#17043 = OVER_RIDING_STYLED_ITEM('overriding color',(#17044),#2588,
  #16571);
#17044 = PRESENTATION_STYLE_ASSIGNMENT((#17045));
#17045 = SURFACE_STYLE_USAGE(.BOTH.,#17046);
#17046 = SURFACE_SIDE_STYLE('',(#17047));
#17047 = SURFACE_STYLE_FILL_AREA(#17048);
#17048 = FILL_AREA_STYLE('',(#17049));
#17049 = FILL_AREA_STYLE_COLOUR('',#16586);
#17050 = OVER_RIDING_STYLED_ITEM('overriding color',(#17051),#2612,
  #16571);
#17051 = PRESENTATION_STYLE_ASSIGNMENT((#17052));
#17052 = SURFACE_STYLE_USAGE(.BOTH.,#17053);
#17053 = SURFACE_SIDE_STYLE('',(#17054));
#17054 = SURFACE_STYLE_FILL_AREA(#17055);
#17055 = FILL_AREA_STYLE('',(#17056));
#17056 = FILL_AREA_STYLE_COLOUR('',#16586);
#17057 = OVER_RIDING_STYLED_ITEM('overriding color',(#17058),#2636,
  #16571);
#17058 = PRESENTATION_STYLE_ASSIGNMENT((#17059));
#17059 = SURFACE_STYLE_USAGE(.BOTH.,#17060);
#17060 = SURFACE_SIDE_STYLE('',(#17061));
#17061 = SURFACE_STYLE_FILL_AREA(#17062);
#17062 = FILL_AREA_STYLE('',(#17063));
#17063 = FILL_AREA_STYLE_COLOUR('',#16586);
#17064 = OVER_RIDING_STYLED_ITEM('overriding color',(#17065),#2653,
  #16571);
#17065 = PRESENTATION_STYLE_ASSIGNMENT((#17066));
#17066 = SURFACE_STYLE_USAGE(.BOTH.,#17067);
#17067 = SURFACE_SIDE_STYLE('',(#17068));
#17068 = SURFACE_STYLE_FILL_AREA(#17069);
#17069 = FILL_AREA_STYLE('',(#17070));
#17070 = FILL_AREA_STYLE_COLOUR('',#16586);
#17071 = OVER_RIDING_STYLED_ITEM('overriding color',(#17072),#2665,
  #16571);
#17072 = PRESENTATION_STYLE_ASSIGNMENT((#17073));
#17073 = SURFACE_STYLE_USAGE(.BOTH.,#17074);
#17074 = SURFACE_SIDE_STYLE('',(#17075));
#17075 = SURFACE_STYLE_FILL_AREA(#17076);
#17076 = FILL_AREA_STYLE('',(#17077));
#17077 = FILL_AREA_STYLE_COLOUR('',#16586);
#17078 = OVER_RIDING_STYLED_ITEM('overriding color',(#17079),#2689,
  #16571);
#17079 = PRESENTATION_STYLE_ASSIGNMENT((#17080));
#17080 = SURFACE_STYLE_USAGE(.BOTH.,#17081);
#17081 = SURFACE_SIDE_STYLE('',(#17082));
#17082 = SURFACE_STYLE_FILL_AREA(#17083);
#17083 = FILL_AREA_STYLE('',(#17084));
#17084 = FILL_AREA_STYLE_COLOUR('',#16586);
#17085 = OVER_RIDING_STYLED_ITEM('overriding color',(#17086),#2706,
  #16571);
#17086 = PRESENTATION_STYLE_ASSIGNMENT((#17087));
#17087 = SURFACE_STYLE_USAGE(.BOTH.,#17088);
#17088 = SURFACE_SIDE_STYLE('',(#17089));
#17089 = SURFACE_STYLE_FILL_AREA(#17090);
#17090 = FILL_AREA_STYLE('',(#17091));
#17091 = FILL_AREA_STYLE_COLOUR('',#16586);
#17092 = OVER_RIDING_STYLED_ITEM('overriding color',(#17093),#2718,
  #16571);
#17093 = PRESENTATION_STYLE_ASSIGNMENT((#17094));
#17094 = SURFACE_STYLE_USAGE(.BOTH.,#17095);
#17095 = SURFACE_SIDE_STYLE('',(#17096));
#17096 = SURFACE_STYLE_FILL_AREA(#17097);
#17097 = FILL_AREA_STYLE('',(#17098));
#17098 = FILL_AREA_STYLE_COLOUR('',#16586);
#17099 = OVER_RIDING_STYLED_ITEM('overriding color',(#17100),#2758,
  #16571);
#17100 = PRESENTATION_STYLE_ASSIGNMENT((#17101));
#17101 = SURFACE_STYLE_USAGE(.BOTH.,#17102);
#17102 = SURFACE_SIDE_STYLE('',(#17103));
#17103 = SURFACE_STYLE_FILL_AREA(#17104);
#17104 = FILL_AREA_STYLE('',(#17105));
#17105 = FILL_AREA_STYLE_COLOUR('',#16586);
#17106 = OVER_RIDING_STYLED_ITEM('overriding color',(#17107),#2789,
  #16571);
#17107 = PRESENTATION_STYLE_ASSIGNMENT((#17108));
#17108 = SURFACE_STYLE_USAGE(.BOTH.,#17109);
#17109 = SURFACE_SIDE_STYLE('',(#17110));
#17110 = SURFACE_STYLE_FILL_AREA(#17111);
#17111 = FILL_AREA_STYLE('',(#17112));
#17112 = FILL_AREA_STYLE_COLOUR('',#16586);
#17113 = OVER_RIDING_STYLED_ITEM('overriding color',(#17114),#2826,
  #16571);
#17114 = PRESENTATION_STYLE_ASSIGNMENT((#17115));
#17115 = SURFACE_STYLE_USAGE(.BOTH.,#17116);
#17116 = SURFACE_SIDE_STYLE('',(#17117));
#17117 = SURFACE_STYLE_FILL_AREA(#17118);
#17118 = FILL_AREA_STYLE('',(#17119));
#17119 = FILL_AREA_STYLE_COLOUR('',#16586);
#17120 = OVER_RIDING_STYLED_ITEM('overriding color',(#17121),#2859,
  #16571);
#17121 = PRESENTATION_STYLE_ASSIGNMENT((#17122));
#17122 = SURFACE_STYLE_USAGE(.BOTH.,#17123);
#17123 = SURFACE_SIDE_STYLE('',(#17124));
#17124 = SURFACE_STYLE_FILL_AREA(#17125);
#17125 = FILL_AREA_STYLE('',(#17126));
#17126 = FILL_AREA_STYLE_COLOUR('',#16586);
#17127 = OVER_RIDING_STYLED_ITEM('overriding color',(#17128),#2892,
  #16571);
#17128 = PRESENTATION_STYLE_ASSIGNMENT((#17129));
#17129 = SURFACE_STYLE_USAGE(.BOTH.,#17130);
#17130 = SURFACE_SIDE_STYLE('',(#17131));
#17131 = SURFACE_STYLE_FILL_AREA(#17132);
#17132 = FILL_AREA_STYLE('',(#17133));
#17133 = FILL_AREA_STYLE_COLOUR('',#16586);
#17134 = OVER_RIDING_STYLED_ITEM('overriding color',(#17135),#2941,
  #16571);
#17135 = PRESENTATION_STYLE_ASSIGNMENT((#17136));
#17136 = SURFACE_STYLE_USAGE(.BOTH.,#17137);
#17137 = SURFACE_SIDE_STYLE('',(#17138));
#17138 = SURFACE_STYLE_FILL_AREA(#17139);
#17139 = FILL_AREA_STYLE('',(#17140));
#17140 = FILL_AREA_STYLE_COLOUR('',#16586);
#17141 = OVER_RIDING_STYLED_ITEM('overriding color',(#17142),#2972,
  #16571);
#17142 = PRESENTATION_STYLE_ASSIGNMENT((#17143));
#17143 = SURFACE_STYLE_USAGE(.BOTH.,#17144);
#17144 = SURFACE_SIDE_STYLE('',(#17145));
#17145 = SURFACE_STYLE_FILL_AREA(#17146);
#17146 = FILL_AREA_STYLE('',(#17147));
#17147 = FILL_AREA_STYLE_COLOUR('',#16586);
#17148 = OVER_RIDING_STYLED_ITEM('overriding color',(#17149),#3003,
  #16571);
#17149 = PRESENTATION_STYLE_ASSIGNMENT((#17150));
#17150 = SURFACE_STYLE_USAGE(.BOTH.,#17151);
#17151 = SURFACE_SIDE_STYLE('',(#17152));
#17152 = SURFACE_STYLE_FILL_AREA(#17153);
#17153 = FILL_AREA_STYLE('',(#17154));
#17154 = FILL_AREA_STYLE_COLOUR('',#16586);
#17155 = OVER_RIDING_STYLED_ITEM('overriding color',(#17156),#3025,
  #16571);
#17156 = PRESENTATION_STYLE_ASSIGNMENT((#17157));
#17157 = SURFACE_STYLE_USAGE(.BOTH.,#17158);
#17158 = SURFACE_SIDE_STYLE('',(#17159));
#17159 = SURFACE_STYLE_FILL_AREA(#17160);
#17160 = FILL_AREA_STYLE('',(#17161));
#17161 = FILL_AREA_STYLE_COLOUR('',#16586);
#17162 = OVER_RIDING_STYLED_ITEM('overriding color',(#17163),#3037,
  #16571);
#17163 = PRESENTATION_STYLE_ASSIGNMENT((#17164));
#17164 = SURFACE_STYLE_USAGE(.BOTH.,#17165);
#17165 = SURFACE_SIDE_STYLE('',(#17166));
#17166 = SURFACE_STYLE_FILL_AREA(#17167);
#17167 = FILL_AREA_STYLE('',(#17168));
#17168 = FILL_AREA_STYLE_COLOUR('',#16586);
#17169 = OVER_RIDING_STYLED_ITEM('overriding color',(#17170),#3087,
  #16571);
#17170 = PRESENTATION_STYLE_ASSIGNMENT((#17171));
#17171 = SURFACE_STYLE_USAGE(.BOTH.,#17172);
#17172 = SURFACE_SIDE_STYLE('',(#17173));
#17173 = SURFACE_STYLE_FILL_AREA(#17174);
#17174 = FILL_AREA_STYLE('',(#17175));
#17175 = FILL_AREA_STYLE_COLOUR('',#16586);
#17176 = OVER_RIDING_STYLED_ITEM('overriding color',(#17177),#3132,
  #16571);
#17177 = PRESENTATION_STYLE_ASSIGNMENT((#17178));
#17178 = SURFACE_STYLE_USAGE(.BOTH.,#17179);
#17179 = SURFACE_SIDE_STYLE('',(#17180));
#17180 = SURFACE_STYLE_FILL_AREA(#17181);
#17181 = FILL_AREA_STYLE('',(#17182));
#17182 = FILL_AREA_STYLE_COLOUR('',#16586);
#17183 = OVER_RIDING_STYLED_ITEM('overriding color',(#17184),#3168,
  #16571);
#17184 = PRESENTATION_STYLE_ASSIGNMENT((#17185));
#17185 = SURFACE_STYLE_USAGE(.BOTH.,#17186);
#17186 = SURFACE_SIDE_STYLE('',(#17187));
#17187 = SURFACE_STYLE_FILL_AREA(#17188);
#17188 = FILL_AREA_STYLE('',(#17189));
#17189 = FILL_AREA_STYLE_COLOUR('',#16586);
#17190 = OVER_RIDING_STYLED_ITEM('overriding color',(#17191),#3272,
  #16571);
#17191 = PRESENTATION_STYLE_ASSIGNMENT((#17192));
#17192 = SURFACE_STYLE_USAGE(.BOTH.,#17193);
#17193 = SURFACE_SIDE_STYLE('',(#17194));
#17194 = SURFACE_STYLE_FILL_AREA(#17195);
#17195 = FILL_AREA_STYLE('',(#17196));
#17196 = FILL_AREA_STYLE_COLOUR('',#16586);
#17197 = OVER_RIDING_STYLED_ITEM('overriding color',(#17198),#3291,
  #16571);
#17198 = PRESENTATION_STYLE_ASSIGNMENT((#17199));
#17199 = SURFACE_STYLE_USAGE(.BOTH.,#17200);
#17200 = SURFACE_SIDE_STYLE('',(#17201));
#17201 = SURFACE_STYLE_FILL_AREA(#17202);
#17202 = FILL_AREA_STYLE('',(#17203));
#17203 = FILL_AREA_STYLE_COLOUR('',#16586);
#17204 = OVER_RIDING_STYLED_ITEM('overriding color',(#17205),#3303,
  #16571);
#17205 = PRESENTATION_STYLE_ASSIGNMENT((#17206));
#17206 = SURFACE_STYLE_USAGE(.BOTH.,#17207);
#17207 = SURFACE_SIDE_STYLE('',(#17208));
#17208 = SURFACE_STYLE_FILL_AREA(#17209);
#17209 = FILL_AREA_STYLE('',(#17210));
#17210 = FILL_AREA_STYLE_COLOUR('',#16586);
#17211 = OVER_RIDING_STYLED_ITEM('overriding color',(#17212),#3322,
  #16571);
#17212 = PRESENTATION_STYLE_ASSIGNMENT((#17213));
#17213 = SURFACE_STYLE_USAGE(.BOTH.,#17214);
#17214 = SURFACE_SIDE_STYLE('',(#17215));
#17215 = SURFACE_STYLE_FILL_AREA(#17216);
#17216 = FILL_AREA_STYLE('',(#17217));
#17217 = FILL_AREA_STYLE_COLOUR('',#16586);
#17218 = OVER_RIDING_STYLED_ITEM('overriding color',(#17219),#3334,
  #16571);
#17219 = PRESENTATION_STYLE_ASSIGNMENT((#17220));
#17220 = SURFACE_STYLE_USAGE(.BOTH.,#17221);
#17221 = SURFACE_SIDE_STYLE('',(#17222));
#17222 = SURFACE_STYLE_FILL_AREA(#17223);
#17223 = FILL_AREA_STYLE('',(#17224));
#17224 = FILL_AREA_STYLE_COLOUR('',#16586);
#17225 = OVER_RIDING_STYLED_ITEM('overriding color',(#17226),#3351,
  #16571);
#17226 = PRESENTATION_STYLE_ASSIGNMENT((#17227));
#17227 = SURFACE_STYLE_USAGE(.BOTH.,#17228);
#17228 = SURFACE_SIDE_STYLE('',(#17229));
#17229 = SURFACE_STYLE_FILL_AREA(#17230);
#17230 = FILL_AREA_STYLE('',(#17231));
#17231 = FILL_AREA_STYLE_COLOUR('',#16586);
#17232 = OVER_RIDING_STYLED_ITEM('overriding color',(#17233),#3363,
  #16571);
#17233 = PRESENTATION_STYLE_ASSIGNMENT((#17234));
#17234 = SURFACE_STYLE_USAGE(.BOTH.,#17235);
#17235 = SURFACE_SIDE_STYLE('',(#17236));
#17236 = SURFACE_STYLE_FILL_AREA(#17237);
#17237 = FILL_AREA_STYLE('',(#17238));
#17238 = FILL_AREA_STYLE_COLOUR('',#16586);
#17239 = OVER_RIDING_STYLED_ITEM('overriding color',(#17240),#3380,
  #16571);
#17240 = PRESENTATION_STYLE_ASSIGNMENT((#17241));
#17241 = SURFACE_STYLE_USAGE(.BOTH.,#17242);
#17242 = SURFACE_SIDE_STYLE('',(#17243));
#17243 = SURFACE_STYLE_FILL_AREA(#17244);
#17244 = FILL_AREA_STYLE('',(#17245));
#17245 = FILL_AREA_STYLE_COLOUR('',#16586);
#17246 = OVER_RIDING_STYLED_ITEM('overriding color',(#17247),#3399,
  #16571);
#17247 = PRESENTATION_STYLE_ASSIGNMENT((#17248));
#17248 = SURFACE_STYLE_USAGE(.BOTH.,#17249);
#17249 = SURFACE_SIDE_STYLE('',(#17250));
#17250 = SURFACE_STYLE_FILL_AREA(#17251);
#17251 = FILL_AREA_STYLE('',(#17252));
#17252 = FILL_AREA_STYLE_COLOUR('',#16586);
#17253 = OVER_RIDING_STYLED_ITEM('overriding color',(#17254),#3413,
  #16571);
#17254 = PRESENTATION_STYLE_ASSIGNMENT((#17255));
#17255 = SURFACE_STYLE_USAGE(.BOTH.,#17256);
#17256 = SURFACE_SIDE_STYLE('',(#17257));
#17257 = SURFACE_STYLE_FILL_AREA(#17258);
#17258 = FILL_AREA_STYLE('',(#17259));
#17259 = FILL_AREA_STYLE_COLOUR('',#16586);
#17260 = OVER_RIDING_STYLED_ITEM('overriding color',(#17261),#3437,
  #16571);
#17261 = PRESENTATION_STYLE_ASSIGNMENT((#17262));
#17262 = SURFACE_STYLE_USAGE(.BOTH.,#17263);
#17263 = SURFACE_SIDE_STYLE('',(#17264));
#17264 = SURFACE_STYLE_FILL_AREA(#17265);
#17265 = FILL_AREA_STYLE('',(#17266));
#17266 = FILL_AREA_STYLE_COLOUR('',#16586);
#17267 = OVER_RIDING_STYLED_ITEM('overriding color',(#17268),#3461,
  #16571);
#17268 = PRESENTATION_STYLE_ASSIGNMENT((#17269));
#17269 = SURFACE_STYLE_USAGE(.BOTH.,#17270);
#17270 = SURFACE_SIDE_STYLE('',(#17271));
#17271 = SURFACE_STYLE_FILL_AREA(#17272);
#17272 = FILL_AREA_STYLE('',(#17273));
#17273 = FILL_AREA_STYLE_COLOUR('',#16586);
#17274 = OVER_RIDING_STYLED_ITEM('overriding color',(#17275),#3470,
  #16571);
#17275 = PRESENTATION_STYLE_ASSIGNMENT((#17276));
#17276 = SURFACE_STYLE_USAGE(.BOTH.,#17277);
#17277 = SURFACE_SIDE_STYLE('',(#17278));
#17278 = SURFACE_STYLE_FILL_AREA(#17279);
#17279 = FILL_AREA_STYLE('',(#17280));
#17280 = FILL_AREA_STYLE_COLOUR('',#16586);
#17281 = OVER_RIDING_STYLED_ITEM('overriding color',(#17282),#3479,
  #16571);
#17282 = PRESENTATION_STYLE_ASSIGNMENT((#17283));
#17283 = SURFACE_STYLE_USAGE(.BOTH.,#17284);
#17284 = SURFACE_SIDE_STYLE('',(#17285));
#17285 = SURFACE_STYLE_FILL_AREA(#17286);
#17286 = FILL_AREA_STYLE('',(#17287));
#17287 = FILL_AREA_STYLE_COLOUR('',#16586);
#17288 = OVER_RIDING_STYLED_ITEM('overriding color',(#17289),#3491,
  #16571);
#17289 = PRESENTATION_STYLE_ASSIGNMENT((#17290));
#17290 = SURFACE_STYLE_USAGE(.BOTH.,#17291);
#17291 = SURFACE_SIDE_STYLE('',(#17292));
#17292 = SURFACE_STYLE_FILL_AREA(#17293);
#17293 = FILL_AREA_STYLE('',(#17294));
#17294 = FILL_AREA_STYLE_COLOUR('',#16586);
#17295 = OVER_RIDING_STYLED_ITEM('overriding color',(#17296),#3503,
  #16571);
#17296 = PRESENTATION_STYLE_ASSIGNMENT((#17297));
#17297 = SURFACE_STYLE_USAGE(.BOTH.,#17298);
#17298 = SURFACE_SIDE_STYLE('',(#17299));
#17299 = SURFACE_STYLE_FILL_AREA(#17300);
#17300 = FILL_AREA_STYLE('',(#17301));
#17301 = FILL_AREA_STYLE_COLOUR('',#16586);
#17302 = OVER_RIDING_STYLED_ITEM('overriding color',(#17303),#3544,
  #16571);
#17303 = PRESENTATION_STYLE_ASSIGNMENT((#17304));
#17304 = SURFACE_STYLE_USAGE(.BOTH.,#17305);
#17305 = SURFACE_SIDE_STYLE('',(#17306));
#17306 = SURFACE_STYLE_FILL_AREA(#17307);
#17307 = FILL_AREA_STYLE('',(#17308));
#17308 = FILL_AREA_STYLE_COLOUR('',#16586);
#17309 = OVER_RIDING_STYLED_ITEM('overriding color',(#17310),#3561,
  #16571);
#17310 = PRESENTATION_STYLE_ASSIGNMENT((#17311));
#17311 = SURFACE_STYLE_USAGE(.BOTH.,#17312);
#17312 = SURFACE_SIDE_STYLE('',(#17313));
#17313 = SURFACE_STYLE_FILL_AREA(#17314);
#17314 = FILL_AREA_STYLE('',(#17315));
#17315 = FILL_AREA_STYLE_COLOUR('',#16586);
#17316 = MECHANICAL_DESIGN_GEOMETRIC_PRESENTATION_REPRESENTATION('',(
    #17317,#17325,#17332,#17339,#17346,#17353,#17361,#17368,#17375,
    #17382,#17389,#17397,#17404),#6112);
#17317 = STYLED_ITEM('color',(#17318),#5822);
#17318 = PRESENTATION_STYLE_ASSIGNMENT((#17319));
#17319 = SURFACE_STYLE_USAGE(.BOTH.,#17320);
#17320 = SURFACE_SIDE_STYLE('',(#17321));
#17321 = SURFACE_STYLE_FILL_AREA(#17322);
#17322 = FILL_AREA_STYLE('',(#17323));
#17323 = FILL_AREA_STYLE_COLOUR('',#17324);
#17324 = COLOUR_RGB('',0.147999998088,0.144999993226,0.144999993226);
#17325 = STYLED_ITEM('color',(#17326),#5855);
#17326 = PRESENTATION_STYLE_ASSIGNMENT((#17327));
#17327 = SURFACE_STYLE_USAGE(.BOTH.,#17328);
#17328 = SURFACE_SIDE_STYLE('',(#17329));
#17329 = SURFACE_STYLE_FILL_AREA(#17330);
#17330 = FILL_AREA_STYLE('',(#17331));
#17331 = FILL_AREA_STYLE_COLOUR('',#17324);
#17332 = STYLED_ITEM('color',(#17333),#5881);
#17333 = PRESENTATION_STYLE_ASSIGNMENT((#17334));
#17334 = SURFACE_STYLE_USAGE(.BOTH.,#17335);
#17335 = SURFACE_SIDE_STYLE('',(#17336));
#17336 = SURFACE_STYLE_FILL_AREA(#17337);
#17337 = FILL_AREA_STYLE('',(#17338));
#17338 = FILL_AREA_STYLE_COLOUR('',#17324);
#17339 = STYLED_ITEM('color',(#17340),#5907);
#17340 = PRESENTATION_STYLE_ASSIGNMENT((#17341));
#17341 = SURFACE_STYLE_USAGE(.BOTH.,#17342);
#17342 = SURFACE_SIDE_STYLE('',(#17343));
#17343 = SURFACE_STYLE_FILL_AREA(#17344);
#17344 = FILL_AREA_STYLE('',(#17345));
#17345 = FILL_AREA_STYLE_COLOUR('',#17324);
#17346 = STYLED_ITEM('color',(#17347),#5938);
#17347 = PRESENTATION_STYLE_ASSIGNMENT((#17348));
#17348 = SURFACE_STYLE_USAGE(.BOTH.,#17349);
#17349 = SURFACE_SIDE_STYLE('',(#17350));
#17350 = SURFACE_STYLE_FILL_AREA(#17351);
#17351 = FILL_AREA_STYLE('',(#17352));
#17352 = FILL_AREA_STYLE_COLOUR('',#17324);
#17353 = STYLED_ITEM('color',(#17354),#5958);
#17354 = PRESENTATION_STYLE_ASSIGNMENT((#17355));
#17355 = SURFACE_STYLE_USAGE(.BOTH.,#17356);
#17356 = SURFACE_SIDE_STYLE('',(#17357));
#17357 = SURFACE_STYLE_FILL_AREA(#17358);
#17358 = FILL_AREA_STYLE('',(#17359));
#17359 = FILL_AREA_STYLE_COLOUR('',#17360);
#17360 = COLOUR_RGB('',0.823999987314,0.819999987296,0.781000009244);
#17361 = STYLED_ITEM('color',(#17362),#5983);
#17362 = PRESENTATION_STYLE_ASSIGNMENT((#17363));
#17363 = SURFACE_STYLE_USAGE(.BOTH.,#17364);
#17364 = SURFACE_SIDE_STYLE('',(#17365));
#17365 = SURFACE_STYLE_FILL_AREA(#17366);
#17366 = FILL_AREA_STYLE('',(#17367));
#17367 = FILL_AREA_STYLE_COLOUR('',#17360);
#17368 = STYLED_ITEM('color',(#17369),#6008);
#17369 = PRESENTATION_STYLE_ASSIGNMENT((#17370));
#17370 = SURFACE_STYLE_USAGE(.BOTH.,#17371);
#17371 = SURFACE_SIDE_STYLE('',(#17372));
#17372 = SURFACE_STYLE_FILL_AREA(#17373);
#17373 = FILL_AREA_STYLE('',(#17374));
#17374 = FILL_AREA_STYLE_COLOUR('',#17324);
#17375 = STYLED_ITEM('color',(#17376),#6033);
#17376 = PRESENTATION_STYLE_ASSIGNMENT((#17377));
#17377 = SURFACE_STYLE_USAGE(.BOTH.,#17378);
#17378 = SURFACE_SIDE_STYLE('',(#17379));
#17379 = SURFACE_STYLE_FILL_AREA(#17380);
#17380 = FILL_AREA_STYLE('',(#17381));
#17381 = FILL_AREA_STYLE_COLOUR('',#17360);
#17382 = STYLED_ITEM('color',(#17383),#6059);
#17383 = PRESENTATION_STYLE_ASSIGNMENT((#17384));
#17384 = SURFACE_STYLE_USAGE(.BOTH.,#17385);
#17385 = SURFACE_SIDE_STYLE('',(#17386));
#17386 = SURFACE_STYLE_FILL_AREA(#17387);
#17387 = FILL_AREA_STYLE('',(#17388));
#17388 = FILL_AREA_STYLE_COLOUR('',#17360);
#17389 = STYLED_ITEM('color',(#17390),#6085);
#17390 = PRESENTATION_STYLE_ASSIGNMENT((#17391));
#17391 = SURFACE_STYLE_USAGE(.BOTH.,#17392);
#17392 = SURFACE_SIDE_STYLE('',(#17393));
#17393 = SURFACE_STYLE_FILL_AREA(#17394);
#17394 = FILL_AREA_STYLE('',(#17395));
#17395 = FILL_AREA_STYLE_COLOUR('',#17396);
#17396 = COLOUR_RGB('',0.809000013735,0.426000008053,0.147999998088);
#17397 = STYLED_ITEM('color',(#17398),#6094);
#17398 = PRESENTATION_STYLE_ASSIGNMENT((#17399));
#17399 = SURFACE_STYLE_USAGE(.BOTH.,#17400);
#17400 = SURFACE_SIDE_STYLE('',(#17401));
#17401 = SURFACE_STYLE_FILL_AREA(#17402);
#17402 = FILL_AREA_STYLE('',(#17403));
#17403 = FILL_AREA_STYLE_COLOUR('',#17360);
#17404 = STYLED_ITEM('color',(#17405),#6103);
#17405 = PRESENTATION_STYLE_ASSIGNMENT((#17406));
#17406 = SURFACE_STYLE_USAGE(.BOTH.,#17407);
#17407 = SURFACE_SIDE_STYLE('',(#17408));
#17408 = SURFACE_STYLE_FILL_AREA(#17409);
#17409 = FILL_AREA_STYLE('',(#17410));
#17410 = FILL_AREA_STYLE_COLOUR('',#17360);
#17411 = MECHANICAL_DESIGN_GEOMETRIC_PRESENTATION_REPRESENTATION('',(
    #17412,#17419,#17427,#17434,#17441,#17448,#17455,#17462,#17469,
    #17476,#17483,#17490,#17497,#17504,#17511,#17518,#17525,#17532,
    #17539,#17546,#17553,#17560,#17567,#17574,#17581,#17588,#17595,
    #17602,#17609,#17616,#17623,#17630,#17637,#17644,#17651,#17658,
    #17665,#17672,#17679,#17686,#17693,#17700,#17707,#17714,#17721,
    #17728),#4895);
#17412 = STYLED_ITEM('color',(#17413),#3589);
#17413 = PRESENTATION_STYLE_ASSIGNMENT((#17414));
#17414 = SURFACE_STYLE_USAGE(.BOTH.,#17415);
#17415 = SURFACE_SIDE_STYLE('',(#17416));
#17416 = SURFACE_STYLE_FILL_AREA(#17417);
#17417 = FILL_AREA_STYLE('',(#17418));
#17418 = FILL_AREA_STYLE_COLOUR('',#16578);
#17419 = OVER_RIDING_STYLED_ITEM('overriding color',(#17420),#3591,
  #17412);
#17420 = PRESENTATION_STYLE_ASSIGNMENT((#17421));
#17421 = SURFACE_STYLE_USAGE(.BOTH.,#17422);
#17422 = SURFACE_SIDE_STYLE('',(#17423));
#17423 = SURFACE_STYLE_FILL_AREA(#17424);
#17424 = FILL_AREA_STYLE('',(#17425));
#17425 = FILL_AREA_STYLE_COLOUR('',#17426);
#17426 = COLOUR_RGB('',0.188235296286,0.529411766244,0.890196087049);
#17427 = OVER_RIDING_STYLED_ITEM('overriding color',(#17428),#3639,
  #17412);
#17428 = PRESENTATION_STYLE_ASSIGNMENT((#17429));
#17429 = SURFACE_STYLE_USAGE(.BOTH.,#17430);
#17430 = SURFACE_SIDE_STYLE('',(#17431));
#17431 = SURFACE_STYLE_FILL_AREA(#17432);
#17432 = FILL_AREA_STYLE('',(#17433));
#17433 = FILL_AREA_STYLE_COLOUR('',#17426);
#17434 = OVER_RIDING_STYLED_ITEM('overriding color',(#17435),#3670,
  #17412);
#17435 = PRESENTATION_STYLE_ASSIGNMENT((#17436));
#17436 = SURFACE_STYLE_USAGE(.BOTH.,#17437);
#17437 = SURFACE_SIDE_STYLE('',(#17438));
#17438 = SURFACE_STYLE_FILL_AREA(#17439);
#17439 = FILL_AREA_STYLE('',(#17440));
#17440 = FILL_AREA_STYLE_COLOUR('',#17426);
#17441 = OVER_RIDING_STYLED_ITEM('overriding color',(#17442),#3709,
  #17412);
#17442 = PRESENTATION_STYLE_ASSIGNMENT((#17443));
#17443 = SURFACE_STYLE_USAGE(.BOTH.,#17444);
#17444 = SURFACE_SIDE_STYLE('',(#17445));
#17445 = SURFACE_STYLE_FILL_AREA(#17446);
#17446 = FILL_AREA_STYLE('',(#17447));
#17447 = FILL_AREA_STYLE_COLOUR('',#17426);
#17448 = OVER_RIDING_STYLED_ITEM('overriding color',(#17449),#3740,
  #17412);
#17449 = PRESENTATION_STYLE_ASSIGNMENT((#17450));
#17450 = SURFACE_STYLE_USAGE(.BOTH.,#17451);
#17451 = SURFACE_SIDE_STYLE('',(#17452));
#17452 = SURFACE_STYLE_FILL_AREA(#17453);
#17453 = FILL_AREA_STYLE('',(#17454));
#17454 = FILL_AREA_STYLE_COLOUR('',#17426);
#17455 = OVER_RIDING_STYLED_ITEM('overriding color',(#17456),#3779,
  #17412);
#17456 = PRESENTATION_STYLE_ASSIGNMENT((#17457));
#17457 = SURFACE_STYLE_USAGE(.BOTH.,#17458);
#17458 = SURFACE_SIDE_STYLE('',(#17459));
#17459 = SURFACE_STYLE_FILL_AREA(#17460);
#17460 = FILL_AREA_STYLE('',(#17461));
#17461 = FILL_AREA_STYLE_COLOUR('',#17426);
#17462 = OVER_RIDING_STYLED_ITEM('overriding color',(#17463),#3810,
  #17412);
#17463 = PRESENTATION_STYLE_ASSIGNMENT((#17464));
#17464 = SURFACE_STYLE_USAGE(.BOTH.,#17465);
#17465 = SURFACE_SIDE_STYLE('',(#17466));
#17466 = SURFACE_STYLE_FILL_AREA(#17467);
#17467 = FILL_AREA_STYLE('',(#17468));
#17468 = FILL_AREA_STYLE_COLOUR('',#17426);
#17469 = OVER_RIDING_STYLED_ITEM('overriding color',(#17470),#3841,
  #17412);
#17470 = PRESENTATION_STYLE_ASSIGNMENT((#17471));
#17471 = SURFACE_STYLE_USAGE(.BOTH.,#17472);
#17472 = SURFACE_SIDE_STYLE('',(#17473));
#17473 = SURFACE_STYLE_FILL_AREA(#17474);
#17474 = FILL_AREA_STYLE('',(#17475));
#17475 = FILL_AREA_STYLE_COLOUR('',#17426);
#17476 = OVER_RIDING_STYLED_ITEM('overriding color',(#17477),#3872,
  #17412);
#17477 = PRESENTATION_STYLE_ASSIGNMENT((#17478));
#17478 = SURFACE_STYLE_USAGE(.BOTH.,#17479);
#17479 = SURFACE_SIDE_STYLE('',(#17480));
#17480 = SURFACE_STYLE_FILL_AREA(#17481);
#17481 = FILL_AREA_STYLE('',(#17482));
#17482 = FILL_AREA_STYLE_COLOUR('',#17426);
#17483 = OVER_RIDING_STYLED_ITEM('overriding color',(#17484),#3918,
  #17412);
#17484 = PRESENTATION_STYLE_ASSIGNMENT((#17485));
#17485 = SURFACE_STYLE_USAGE(.BOTH.,#17486);
#17486 = SURFACE_SIDE_STYLE('',(#17487));
#17487 = SURFACE_STYLE_FILL_AREA(#17488);
#17488 = FILL_AREA_STYLE('',(#17489));
#17489 = FILL_AREA_STYLE_COLOUR('',#17426);
#17490 = OVER_RIDING_STYLED_ITEM('overriding color',(#17491),#3950,
  #17412);
#17491 = PRESENTATION_STYLE_ASSIGNMENT((#17492));
#17492 = SURFACE_STYLE_USAGE(.BOTH.,#17493);
#17493 = SURFACE_SIDE_STYLE('',(#17494));
#17494 = SURFACE_STYLE_FILL_AREA(#17495);
#17495 = FILL_AREA_STYLE('',(#17496));
#17496 = FILL_AREA_STYLE_COLOUR('',#17426);
#17497 = OVER_RIDING_STYLED_ITEM('overriding color',(#17498),#3967,
  #17412);
#17498 = PRESENTATION_STYLE_ASSIGNMENT((#17499));
#17499 = SURFACE_STYLE_USAGE(.BOTH.,#17500);
#17500 = SURFACE_SIDE_STYLE('',(#17501));
#17501 = SURFACE_STYLE_FILL_AREA(#17502);
#17502 = FILL_AREA_STYLE('',(#17503));
#17503 = FILL_AREA_STYLE_COLOUR('',#17426);
#17504 = OVER_RIDING_STYLED_ITEM('overriding color',(#17505),#3998,
  #17412);
#17505 = PRESENTATION_STYLE_ASSIGNMENT((#17506));
#17506 = SURFACE_STYLE_USAGE(.BOTH.,#17507);
#17507 = SURFACE_SIDE_STYLE('',(#17508));
#17508 = SURFACE_STYLE_FILL_AREA(#17509);
#17509 = FILL_AREA_STYLE('',(#17510));
#17510 = FILL_AREA_STYLE_COLOUR('',#17426);
#17511 = OVER_RIDING_STYLED_ITEM('overriding color',(#17512),#4022,
  #17412);
#17512 = PRESENTATION_STYLE_ASSIGNMENT((#17513));
#17513 = SURFACE_STYLE_USAGE(.BOTH.,#17514);
#17514 = SURFACE_SIDE_STYLE('',(#17515));
#17515 = SURFACE_STYLE_FILL_AREA(#17516);
#17516 = FILL_AREA_STYLE('',(#17517));
#17517 = FILL_AREA_STYLE_COLOUR('',#17426);
#17518 = OVER_RIDING_STYLED_ITEM('overriding color',(#17519),#4046,
  #17412);
#17519 = PRESENTATION_STYLE_ASSIGNMENT((#17520));
#17520 = SURFACE_STYLE_USAGE(.BOTH.,#17521);
#17521 = SURFACE_SIDE_STYLE('',(#17522));
#17522 = SURFACE_STYLE_FILL_AREA(#17523);
#17523 = FILL_AREA_STYLE('',(#17524));
#17524 = FILL_AREA_STYLE_COLOUR('',#17426);
#17525 = OVER_RIDING_STYLED_ITEM('overriding color',(#17526),#4063,
  #17412);
#17526 = PRESENTATION_STYLE_ASSIGNMENT((#17527));
#17527 = SURFACE_STYLE_USAGE(.BOTH.,#17528);
#17528 = SURFACE_SIDE_STYLE('',(#17529));
#17529 = SURFACE_STYLE_FILL_AREA(#17530);
#17530 = FILL_AREA_STYLE('',(#17531));
#17531 = FILL_AREA_STYLE_COLOUR('',#17426);
#17532 = OVER_RIDING_STYLED_ITEM('overriding color',(#17533),#4094,
  #17412);
#17533 = PRESENTATION_STYLE_ASSIGNMENT((#17534));
#17534 = SURFACE_STYLE_USAGE(.BOTH.,#17535);
#17535 = SURFACE_SIDE_STYLE('',(#17536));
#17536 = SURFACE_STYLE_FILL_AREA(#17537);
#17537 = FILL_AREA_STYLE('',(#17538));
#17538 = FILL_AREA_STYLE_COLOUR('',#17426);
#17539 = OVER_RIDING_STYLED_ITEM('overriding color',(#17540),#4118,
  #17412);
#17540 = PRESENTATION_STYLE_ASSIGNMENT((#17541));
#17541 = SURFACE_STYLE_USAGE(.BOTH.,#17542);
#17542 = SURFACE_SIDE_STYLE('',(#17543));
#17543 = SURFACE_STYLE_FILL_AREA(#17544);
#17544 = FILL_AREA_STYLE('',(#17545));
#17545 = FILL_AREA_STYLE_COLOUR('',#17426);
#17546 = OVER_RIDING_STYLED_ITEM('overriding color',(#17547),#4142,
  #17412);
#17547 = PRESENTATION_STYLE_ASSIGNMENT((#17548));
#17548 = SURFACE_STYLE_USAGE(.BOTH.,#17549);
#17549 = SURFACE_SIDE_STYLE('',(#17550));
#17550 = SURFACE_STYLE_FILL_AREA(#17551);
#17551 = FILL_AREA_STYLE('',(#17552));
#17552 = FILL_AREA_STYLE_COLOUR('',#17426);
#17553 = OVER_RIDING_STYLED_ITEM('overriding color',(#17554),#4173,
  #17412);
#17554 = PRESENTATION_STYLE_ASSIGNMENT((#17555));
#17555 = SURFACE_STYLE_USAGE(.BOTH.,#17556);
#17556 = SURFACE_SIDE_STYLE('',(#17557));
#17557 = SURFACE_STYLE_FILL_AREA(#17558);
#17558 = FILL_AREA_STYLE('',(#17559));
#17559 = FILL_AREA_STYLE_COLOUR('',#17426);
#17560 = OVER_RIDING_STYLED_ITEM('overriding color',(#17561),#4197,
  #17412);
#17561 = PRESENTATION_STYLE_ASSIGNMENT((#17562));
#17562 = SURFACE_STYLE_USAGE(.BOTH.,#17563);
#17563 = SURFACE_SIDE_STYLE('',(#17564));
#17564 = SURFACE_STYLE_FILL_AREA(#17565);
#17565 = FILL_AREA_STYLE('',(#17566));
#17566 = FILL_AREA_STYLE_COLOUR('',#17426);
#17567 = OVER_RIDING_STYLED_ITEM('overriding color',(#17568),#4214,
  #17412);
#17568 = PRESENTATION_STYLE_ASSIGNMENT((#17569));
#17569 = SURFACE_STYLE_USAGE(.BOTH.,#17570);
#17570 = SURFACE_SIDE_STYLE('',(#17571));
#17571 = SURFACE_STYLE_FILL_AREA(#17572);
#17572 = FILL_AREA_STYLE('',(#17573));
#17573 = FILL_AREA_STYLE_COLOUR('',#17426);
#17574 = OVER_RIDING_STYLED_ITEM('overriding color',(#17575),#4238,
  #17412);
#17575 = PRESENTATION_STYLE_ASSIGNMENT((#17576));
#17576 = SURFACE_STYLE_USAGE(.BOTH.,#17577);
#17577 = SURFACE_SIDE_STYLE('',(#17578));
#17578 = SURFACE_STYLE_FILL_AREA(#17579);
#17579 = FILL_AREA_STYLE('',(#17580));
#17580 = FILL_AREA_STYLE_COLOUR('',#17426);
#17581 = OVER_RIDING_STYLED_ITEM('overriding color',(#17582),#4262,
  #17412);
#17582 = PRESENTATION_STYLE_ASSIGNMENT((#17583));
#17583 = SURFACE_STYLE_USAGE(.BOTH.,#17584);
#17584 = SURFACE_SIDE_STYLE('',(#17585));
#17585 = SURFACE_STYLE_FILL_AREA(#17586);
#17586 = FILL_AREA_STYLE('',(#17587));
#17587 = FILL_AREA_STYLE_COLOUR('',#17426);
#17588 = OVER_RIDING_STYLED_ITEM('overriding color',(#17589),#4279,
  #17412);
#17589 = PRESENTATION_STYLE_ASSIGNMENT((#17590));
#17590 = SURFACE_STYLE_USAGE(.BOTH.,#17591);
#17591 = SURFACE_SIDE_STYLE('',(#17592));
#17592 = SURFACE_STYLE_FILL_AREA(#17593);
#17593 = FILL_AREA_STYLE('',(#17594));
#17594 = FILL_AREA_STYLE_COLOUR('',#17426);
#17595 = OVER_RIDING_STYLED_ITEM('overriding color',(#17596),#4319,
  #17412);
#17596 = PRESENTATION_STYLE_ASSIGNMENT((#17597));
#17597 = SURFACE_STYLE_USAGE(.BOTH.,#17598);
#17598 = SURFACE_SIDE_STYLE('',(#17599));
#17599 = SURFACE_STYLE_FILL_AREA(#17600);
#17600 = FILL_AREA_STYLE('',(#17601));
#17601 = FILL_AREA_STYLE_COLOUR('',#17426);
#17602 = OVER_RIDING_STYLED_ITEM('overriding color',(#17603),#4350,
  #17412);
#17603 = PRESENTATION_STYLE_ASSIGNMENT((#17604));
#17604 = SURFACE_STYLE_USAGE(.BOTH.,#17605);
#17605 = SURFACE_SIDE_STYLE('',(#17606));
#17606 = SURFACE_STYLE_FILL_AREA(#17607);
#17607 = FILL_AREA_STYLE('',(#17608));
#17608 = FILL_AREA_STYLE_COLOUR('',#17426);
#17609 = OVER_RIDING_STYLED_ITEM('overriding color',(#17610),#4381,
  #17412);
#17610 = PRESENTATION_STYLE_ASSIGNMENT((#17611));
#17611 = SURFACE_STYLE_USAGE(.BOTH.,#17612);
#17612 = SURFACE_SIDE_STYLE('',(#17613));
#17613 = SURFACE_STYLE_FILL_AREA(#17614);
#17614 = FILL_AREA_STYLE('',(#17615));
#17615 = FILL_AREA_STYLE_COLOUR('',#17426);
#17616 = OVER_RIDING_STYLED_ITEM('overriding color',(#17617),#4412,
  #17412);
#17617 = PRESENTATION_STYLE_ASSIGNMENT((#17618));
#17618 = SURFACE_STYLE_USAGE(.BOTH.,#17619);
#17619 = SURFACE_SIDE_STYLE('',(#17620));
#17620 = SURFACE_STYLE_FILL_AREA(#17621);
#17621 = FILL_AREA_STYLE('',(#17622));
#17622 = FILL_AREA_STYLE_COLOUR('',#17426);
#17623 = OVER_RIDING_STYLED_ITEM('overriding color',(#17624),#4443,
  #17412);
#17624 = PRESENTATION_STYLE_ASSIGNMENT((#17625));
#17625 = SURFACE_STYLE_USAGE(.BOTH.,#17626);
#17626 = SURFACE_SIDE_STYLE('',(#17627));
#17627 = SURFACE_STYLE_FILL_AREA(#17628);
#17628 = FILL_AREA_STYLE('',(#17629));
#17629 = FILL_AREA_STYLE_COLOUR('',#17426);
#17630 = OVER_RIDING_STYLED_ITEM('overriding color',(#17631),#4478,
  #17412);
#17631 = PRESENTATION_STYLE_ASSIGNMENT((#17632));
#17632 = SURFACE_STYLE_USAGE(.BOTH.,#17633);
#17633 = SURFACE_SIDE_STYLE('',(#17634));
#17634 = SURFACE_STYLE_FILL_AREA(#17635);
#17635 = FILL_AREA_STYLE('',(#17636));
#17636 = FILL_AREA_STYLE_COLOUR('',#17426);
#17637 = OVER_RIDING_STYLED_ITEM('overriding color',(#17638),#4518,
  #17412);
#17638 = PRESENTATION_STYLE_ASSIGNMENT((#17639));
#17639 = SURFACE_STYLE_USAGE(.BOTH.,#17640);
#17640 = SURFACE_SIDE_STYLE('',(#17641));
#17641 = SURFACE_STYLE_FILL_AREA(#17642);
#17642 = FILL_AREA_STYLE('',(#17643));
#17643 = FILL_AREA_STYLE_COLOUR('',#17426);
#17644 = OVER_RIDING_STYLED_ITEM('overriding color',(#17645),#4549,
  #17412);
#17645 = PRESENTATION_STYLE_ASSIGNMENT((#17646));
#17646 = SURFACE_STYLE_USAGE(.BOTH.,#17647);
#17647 = SURFACE_SIDE_STYLE('',(#17648));
#17648 = SURFACE_STYLE_FILL_AREA(#17649);
#17649 = FILL_AREA_STYLE('',(#17650));
#17650 = FILL_AREA_STYLE_COLOUR('',#17426);
#17651 = OVER_RIDING_STYLED_ITEM('overriding color',(#17652),#4580,
  #17412);
#17652 = PRESENTATION_STYLE_ASSIGNMENT((#17653));
#17653 = SURFACE_STYLE_USAGE(.BOTH.,#17654);
#17654 = SURFACE_SIDE_STYLE('',(#17655));
#17655 = SURFACE_STYLE_FILL_AREA(#17656);
#17656 = FILL_AREA_STYLE('',(#17657));
#17657 = FILL_AREA_STYLE_COLOUR('',#17426);
#17658 = OVER_RIDING_STYLED_ITEM('overriding color',(#17659),#4611,
  #17412);
#17659 = PRESENTATION_STYLE_ASSIGNMENT((#17660));
#17660 = SURFACE_STYLE_USAGE(.BOTH.,#17661);
#17661 = SURFACE_SIDE_STYLE('',(#17662));
#17662 = SURFACE_STYLE_FILL_AREA(#17663);
#17663 = FILL_AREA_STYLE('',(#17664));
#17664 = FILL_AREA_STYLE_COLOUR('',#17426);
#17665 = OVER_RIDING_STYLED_ITEM('overriding color',(#17666),#4642,
  #17412);
#17666 = PRESENTATION_STYLE_ASSIGNMENT((#17667));
#17667 = SURFACE_STYLE_USAGE(.BOTH.,#17668);
#17668 = SURFACE_SIDE_STYLE('',(#17669));
#17669 = SURFACE_STYLE_FILL_AREA(#17670);
#17670 = FILL_AREA_STYLE('',(#17671));
#17671 = FILL_AREA_STYLE_COLOUR('',#17426);
#17672 = OVER_RIDING_STYLED_ITEM('overriding color',(#17673),#4677,
  #17412);
#17673 = PRESENTATION_STYLE_ASSIGNMENT((#17674));
#17674 = SURFACE_STYLE_USAGE(.BOTH.,#17675);
#17675 = SURFACE_SIDE_STYLE('',(#17676));
#17676 = SURFACE_STYLE_FILL_AREA(#17677);
#17677 = FILL_AREA_STYLE('',(#17678));
#17678 = FILL_AREA_STYLE_COLOUR('',#17426);
#17679 = OVER_RIDING_STYLED_ITEM('overriding color',(#17680),#4694,
  #17412);
#17680 = PRESENTATION_STYLE_ASSIGNMENT((#17681));
#17681 = SURFACE_STYLE_USAGE(.BOTH.,#17682);
#17682 = SURFACE_SIDE_STYLE('',(#17683));
#17683 = SURFACE_STYLE_FILL_AREA(#17684);
#17684 = FILL_AREA_STYLE('',(#17685));
#17685 = FILL_AREA_STYLE_COLOUR('',#17426);
#17686 = OVER_RIDING_STYLED_ITEM('overriding color',(#17687),#4718,
  #17412);
#17687 = PRESENTATION_STYLE_ASSIGNMENT((#17688));
#17688 = SURFACE_STYLE_USAGE(.BOTH.,#17689);
#17689 = SURFACE_SIDE_STYLE('',(#17690));
#17690 = SURFACE_STYLE_FILL_AREA(#17691);
#17691 = FILL_AREA_STYLE('',(#17692));
#17692 = FILL_AREA_STYLE_COLOUR('',#17426);
#17693 = OVER_RIDING_STYLED_ITEM('overriding color',(#17694),#4735,
  #17412);
#17694 = PRESENTATION_STYLE_ASSIGNMENT((#17695));
#17695 = SURFACE_STYLE_USAGE(.BOTH.,#17696);
#17696 = SURFACE_SIDE_STYLE('',(#17697));
#17697 = SURFACE_STYLE_FILL_AREA(#17698);
#17698 = FILL_AREA_STYLE('',(#17699));
#17699 = FILL_AREA_STYLE_COLOUR('',#17426);
#17700 = OVER_RIDING_STYLED_ITEM('overriding color',(#17701),#4775,
  #17412);
#17701 = PRESENTATION_STYLE_ASSIGNMENT((#17702));
#17702 = SURFACE_STYLE_USAGE(.BOTH.,#17703);
#17703 = SURFACE_SIDE_STYLE('',(#17704));
#17704 = SURFACE_STYLE_FILL_AREA(#17705);
#17705 = FILL_AREA_STYLE('',(#17706));
#17706 = FILL_AREA_STYLE_COLOUR('',#17426);
#17707 = OVER_RIDING_STYLED_ITEM('overriding color',(#17708),#4799,
  #17412);
#17708 = PRESENTATION_STYLE_ASSIGNMENT((#17709));
#17709 = SURFACE_STYLE_USAGE(.BOTH.,#17710);
#17710 = SURFACE_SIDE_STYLE('',(#17711));
#17711 = SURFACE_STYLE_FILL_AREA(#17712);
#17712 = FILL_AREA_STYLE('',(#17713));
#17713 = FILL_AREA_STYLE_COLOUR('',#17426);
#17714 = OVER_RIDING_STYLED_ITEM('overriding color',(#17715),#4832,
  #17412);
#17715 = PRESENTATION_STYLE_ASSIGNMENT((#17716));
#17716 = SURFACE_STYLE_USAGE(.BOTH.,#17717);
#17717 = SURFACE_SIDE_STYLE('',(#17718));
#17718 = SURFACE_STYLE_FILL_AREA(#17719);
#17719 = FILL_AREA_STYLE('',(#17720));
#17720 = FILL_AREA_STYLE_COLOUR('',#17426);
#17721 = OVER_RIDING_STYLED_ITEM('overriding color',(#17722),#4849,
  #17412);
#17722 = PRESENTATION_STYLE_ASSIGNMENT((#17723));
#17723 = SURFACE_STYLE_USAGE(.BOTH.,#17724);
#17724 = SURFACE_SIDE_STYLE('',(#17725));
#17725 = SURFACE_STYLE_FILL_AREA(#17726);
#17726 = FILL_AREA_STYLE('',(#17727));
#17727 = FILL_AREA_STYLE_COLOUR('',#17426);
#17728 = OVER_RIDING_STYLED_ITEM('overriding color',(#17729),#4883,
  #17412);
#17729 = PRESENTATION_STYLE_ASSIGNMENT((#17730));
#17730 = SURFACE_STYLE_USAGE(.BOTH.,#17731);
#17731 = SURFACE_SIDE_STYLE('',(#17732));
#17732 = SURFACE_STYLE_FILL_AREA(#17733);
#17733 = FILL_AREA_STYLE('',(#17734));
#17734 = FILL_AREA_STYLE_COLOUR('',#17426);
#17735 = MECHANICAL_DESIGN_GEOMETRIC_PRESENTATION_REPRESENTATION('',(
    #17736),#16542);
#17736 = STYLED_ITEM('color',(#17737),#12703);
#17737 = PRESENTATION_STYLE_ASSIGNMENT((#17738));
#17738 = SURFACE_STYLE_USAGE(.BOTH.,#17739);
#17739 = SURFACE_SIDE_STYLE('',(#17740));
#17740 = SURFACE_STYLE_FILL_AREA(#17741);
#17741 = FILL_AREA_STYLE('',(#17742));
#17742 = FILL_AREA_STYLE_COLOUR('',#17743);
#17743 = COLOUR_RGB('',0.313304153717,0.484529207832,0.410020903123);
#17744 = MECHANICAL_DESIGN_GEOMETRIC_PRESENTATION_REPRESENTATION('',(
    #17745,#17752,#17760,#17767,#17774,#17781,#17788,#17795,#17802,
    #17809,#17816,#17823,#17830,#17837,#17844,#17851,#17858,#17865),
  #5346);
#17745 = STYLED_ITEM('color',(#17746),#4914);
#17746 = PRESENTATION_STYLE_ASSIGNMENT((#17747));
#17747 = SURFACE_STYLE_USAGE(.BOTH.,#17748);
#17748 = SURFACE_SIDE_STYLE('',(#17749));
#17749 = SURFACE_STYLE_FILL_AREA(#17750);
#17750 = FILL_AREA_STYLE('',(#17751));
#17751 = FILL_AREA_STYLE_COLOUR('',#16578);
#17752 = OVER_RIDING_STYLED_ITEM('overriding color',(#17753),#4916,
  #17745);
#17753 = PRESENTATION_STYLE_ASSIGNMENT((#17754));
#17754 = SURFACE_STYLE_USAGE(.BOTH.,#17755);
#17755 = SURFACE_SIDE_STYLE('',(#17756));
#17756 = SURFACE_STYLE_FILL_AREA(#17757);
#17757 = FILL_AREA_STYLE('',(#17758));
#17758 = FILL_AREA_STYLE_COLOUR('',#17759);
#17759 = COLOUR_RGB('',0.749019597622,0.599999994755,5.882352716007E-02
  );
#17760 = OVER_RIDING_STYLED_ITEM('overriding color',(#17761),#4956,
  #17745);
#17761 = PRESENTATION_STYLE_ASSIGNMENT((#17762));
#17762 = SURFACE_STYLE_USAGE(.BOTH.,#17763);
#17763 = SURFACE_SIDE_STYLE('',(#17764));
#17764 = SURFACE_STYLE_FILL_AREA(#17765);
#17765 = FILL_AREA_STYLE('',(#17766));
#17766 = FILL_AREA_STYLE_COLOUR('',#17759);
#17767 = OVER_RIDING_STYLED_ITEM('overriding color',(#17768),#5003,
  #17745);
#17768 = PRESENTATION_STYLE_ASSIGNMENT((#17769));
#17769 = SURFACE_STYLE_USAGE(.BOTH.,#17770);
#17770 = SURFACE_SIDE_STYLE('',(#17771));
#17771 = SURFACE_STYLE_FILL_AREA(#17772);
#17772 = FILL_AREA_STYLE('',(#17773));
#17773 = FILL_AREA_STYLE_COLOUR('',#17759);
#17774 = OVER_RIDING_STYLED_ITEM('overriding color',(#17775),#5027,
  #17745);
#17775 = PRESENTATION_STYLE_ASSIGNMENT((#17776));
#17776 = SURFACE_STYLE_USAGE(.BOTH.,#17777);
#17777 = SURFACE_SIDE_STYLE('',(#17778));
#17778 = SURFACE_STYLE_FILL_AREA(#17779);
#17779 = FILL_AREA_STYLE('',(#17780));
#17780 = FILL_AREA_STYLE_COLOUR('',#17759);
#17781 = OVER_RIDING_STYLED_ITEM('overriding color',(#17782),#5051,
  #17745);
#17782 = PRESENTATION_STYLE_ASSIGNMENT((#17783));
#17783 = SURFACE_STYLE_USAGE(.BOTH.,#17784);
#17784 = SURFACE_SIDE_STYLE('',(#17785));
#17785 = SURFACE_STYLE_FILL_AREA(#17786);
#17786 = FILL_AREA_STYLE('',(#17787));
#17787 = FILL_AREA_STYLE_COLOUR('',#17759);
#17788 = OVER_RIDING_STYLED_ITEM('overriding color',(#17789),#5075,
  #17745);
#17789 = PRESENTATION_STYLE_ASSIGNMENT((#17790));
#17790 = SURFACE_STYLE_USAGE(.BOTH.,#17791);
#17791 = SURFACE_SIDE_STYLE('',(#17792));
#17792 = SURFACE_STYLE_FILL_AREA(#17793);
#17793 = FILL_AREA_STYLE('',(#17794));
#17794 = FILL_AREA_STYLE_COLOUR('',#17759);
#17795 = OVER_RIDING_STYLED_ITEM('overriding color',(#17796),#5101,
  #17745);
#17796 = PRESENTATION_STYLE_ASSIGNMENT((#17797));
#17797 = SURFACE_STYLE_USAGE(.BOTH.,#17798);
#17798 = SURFACE_SIDE_STYLE('',(#17799));
#17799 = SURFACE_STYLE_FILL_AREA(#17800);
#17800 = FILL_AREA_STYLE('',(#17801));
#17801 = FILL_AREA_STYLE_COLOUR('',#17759);
#17802 = OVER_RIDING_STYLED_ITEM('overriding color',(#17803),#5118,
  #17745);
#17803 = PRESENTATION_STYLE_ASSIGNMENT((#17804));
#17804 = SURFACE_STYLE_USAGE(.BOTH.,#17805);
#17805 = SURFACE_SIDE_STYLE('',(#17806));
#17806 = SURFACE_STYLE_FILL_AREA(#17807);
#17807 = FILL_AREA_STYLE('',(#17808));
#17808 = FILL_AREA_STYLE_COLOUR('',#17759);
#17809 = STYLED_ITEM('color',(#17810),#5130);
#17810 = PRESENTATION_STYLE_ASSIGNMENT((#17811));
#17811 = SURFACE_STYLE_USAGE(.BOTH.,#17812);
#17812 = SURFACE_SIDE_STYLE('',(#17813));
#17813 = SURFACE_STYLE_FILL_AREA(#17814);
#17814 = FILL_AREA_STYLE('',(#17815));
#17815 = FILL_AREA_STYLE_COLOUR('',#16578);
#17816 = OVER_RIDING_STYLED_ITEM('overriding color',(#17817),#5132,
  #17809);
#17817 = PRESENTATION_STYLE_ASSIGNMENT((#17818));
#17818 = SURFACE_STYLE_USAGE(.BOTH.,#17819);
#17819 = SURFACE_SIDE_STYLE('',(#17820));
#17820 = SURFACE_STYLE_FILL_AREA(#17821);
#17821 = FILL_AREA_STYLE('',(#17822));
#17822 = FILL_AREA_STYLE_COLOUR('',#17759);
#17823 = OVER_RIDING_STYLED_ITEM('overriding color',(#17824),#5172,
  #17809);
#17824 = PRESENTATION_STYLE_ASSIGNMENT((#17825));
#17825 = SURFACE_STYLE_USAGE(.BOTH.,#17826);
#17826 = SURFACE_SIDE_STYLE('',(#17827));
#17827 = SURFACE_STYLE_FILL_AREA(#17828);
#17828 = FILL_AREA_STYLE('',(#17829));
#17829 = FILL_AREA_STYLE_COLOUR('',#17759);
#17830 = OVER_RIDING_STYLED_ITEM('overriding color',(#17831),#5203,
  #17809);
#17831 = PRESENTATION_STYLE_ASSIGNMENT((#17832));
#17832 = SURFACE_STYLE_USAGE(.BOTH.,#17833);
#17833 = SURFACE_SIDE_STYLE('',(#17834));
#17834 = SURFACE_STYLE_FILL_AREA(#17835);
#17835 = FILL_AREA_STYLE('',(#17836));
#17836 = FILL_AREA_STYLE_COLOUR('',#17759);
#17837 = OVER_RIDING_STYLED_ITEM('overriding color',(#17838),#5243,
  #17809);
#17838 = PRESENTATION_STYLE_ASSIGNMENT((#17839));
#17839 = SURFACE_STYLE_USAGE(.BOTH.,#17840);
#17840 = SURFACE_SIDE_STYLE('',(#17841));
#17841 = SURFACE_STYLE_FILL_AREA(#17842);
#17842 = FILL_AREA_STYLE('',(#17843));
#17843 = FILL_AREA_STYLE_COLOUR('',#17759);
#17844 = OVER_RIDING_STYLED_ITEM('overriding color',(#17845),#5267,
  #17809);
#17845 = PRESENTATION_STYLE_ASSIGNMENT((#17846));
#17846 = SURFACE_STYLE_USAGE(.BOTH.,#17847);
#17847 = SURFACE_SIDE_STYLE('',(#17848));
#17848 = SURFACE_STYLE_FILL_AREA(#17849);
#17849 = FILL_AREA_STYLE('',(#17850));
#17850 = FILL_AREA_STYLE_COLOUR('',#17759);
#17851 = OVER_RIDING_STYLED_ITEM('overriding color',(#17852),#5300,
  #17809);
#17852 = PRESENTATION_STYLE_ASSIGNMENT((#17853));
#17853 = SURFACE_STYLE_USAGE(.BOTH.,#17854);
#17854 = SURFACE_SIDE_STYLE('',(#17855));
#17855 = SURFACE_STYLE_FILL_AREA(#17856);
#17856 = FILL_AREA_STYLE('',(#17857));
#17857 = FILL_AREA_STYLE_COLOUR('',#17759);
#17858 = OVER_RIDING_STYLED_ITEM('overriding color',(#17859),#5317,
  #17809);
#17859 = PRESENTATION_STYLE_ASSIGNMENT((#17860));
#17860 = SURFACE_STYLE_USAGE(.BOTH.,#17861);
#17861 = SURFACE_SIDE_STYLE('',(#17862));
#17862 = SURFACE_STYLE_FILL_AREA(#17863);
#17863 = FILL_AREA_STYLE('',(#17864));
#17864 = FILL_AREA_STYLE_COLOUR('',#17759);
#17865 = OVER_RIDING_STYLED_ITEM('overriding color',(#17866),#5334,
  #17809);
#17866 = PRESENTATION_STYLE_ASSIGNMENT((#17867));
#17867 = SURFACE_STYLE_USAGE(.BOTH.,#17868);
#17868 = SURFACE_SIDE_STYLE('',(#17869));
#17869 = SURFACE_STYLE_FILL_AREA(#17870);
#17870 = FILL_AREA_STYLE('',(#17871));
#17871 = FILL_AREA_STYLE_COLOUR('',#17759);
#17872 = MECHANICAL_DESIGN_GEOMETRIC_PRESENTATION_REPRESENTATION('',(
    #17873,#17882,#17891,#17900,#17909,#17918,#17927,#17936,#17945,
    #17955,#17964,#17973,#17982,#17991,#18000,#18009,#18018,#18027,
    #18036,#18045,#18054,#18063,#18072,#18081,#18090,#18099,#18108,
    #18117,#18126,#18135,#18144,#18153,#18162,#18171,#18180,#18189,
    #18198,#18207,#18216,#18225,#18234,#18243,#18252,#18261,#18270,
    #18279,#18288,#18297,#18306,#18315,#18324,#18333,#18342,#18351,
    #18360,#18369,#18378,#18387,#18396,#18405,#18414,#18423,#18432,
    #18441,#18450,#18459,#18468,#18477,#18486,#18495,#18504,#18513,
    #18522,#18531,#18540,#18549,#18558,#18567,#18576,#18585,#18594,
    #18603,#18612,#18621,#18630,#18639,#18648,#18657,#18666,#18675,
    #18684,#18693,#18702,#18711,#18720,#18729,#18738,#18747,#18756,
    #18765,#18774,#18783,#18792,#18801,#18810,#18819,#18828,#18837,
    #18846,#18855,#18864,#18873,#18882,#18891,#18900,#18909,#18918,
    #18927,#18936,#18945,#18954,#18963,#18972,#18981,#18990,#18999,
    #19008,#19017,#19026,#19035,#19044,#19053,#19062,#19071,#19080,
    #19089,#19098,#19107,#19116,#19125,#19134,#19143,#19152,#19161,
    #19170,#19179,#19188,#19197,#19206,#19215,#19224,#19233,#19242,
    #19251,#19260,#19269,#19278,#19287,#19296,#19305,#19314,#19323,
    #19332,#19341,#19350,#19359,#19368,#19377,#19386,#19395,#19404,
    #19413,#19422,#19431,#19440,#19449,#19458,#19467,#19476,#19485,
    #19494,#19503,#19512,#19521,#19530,#19539,#19548,#19557,#19566,
    #19575,#19584,#19593,#19602,#19611,#19620,#19629,#19638,#19647,
    #19656,#19665,#19674,#19683,#19692,#19701,#19710,#19719,#19728,
    #19737,#19746,#19755,#19764,#19773,#19782,#19791,#19800,#19809,
    #19818,#19827,#19836,#19845,#19854,#19863,#19872,#19881,#19890,
    #19899,#19908,#19917,#19926,#19935,#19944,#19953,#19962,#19971,
    #19980,#19989,#19998,#20007,#20016,#20025,#20034,#20043,#20052,
    #20061,#20070,#20079,#20088,#20097,#20106,#20115,#20124,#20133,
    #20142,#20151,#20160,#20169,#20178,#20187,#20196,#20205,#20214,
    #20223,#20232,#20241,#20250,#20259,#20268,#20277,#20286,#20295,
    #20304,#20313,#20322,#20331,#20340,#20349,#20358,#20367,#20376,
    #20385,#20394,#20403),#12674);
#17873 = STYLED_ITEM('color',(#17874),#6186);
#17874 = PRESENTATION_STYLE_ASSIGNMENT((#17875,#17880));
#17875 = SURFACE_STYLE_USAGE(.BOTH.,#17876);
#17876 = SURFACE_SIDE_STYLE('',(#17877));
#17877 = SURFACE_STYLE_FILL_AREA(#17878);
#17878 = FILL_AREA_STYLE('',(#17879));
#17879 = FILL_AREA_STYLE_COLOUR('',#17324);
#17880 = CURVE_STYLE('',#17881,POSITIVE_LENGTH_MEASURE(0.1),#17324);
#17881 = DRAUGHTING_PRE_DEFINED_CURVE_FONT('continuous');
#17882 = STYLED_ITEM('color',(#17883),#6226);
#17883 = PRESENTATION_STYLE_ASSIGNMENT((#17884,#17889));
#17884 = SURFACE_STYLE_USAGE(.BOTH.,#17885);
#17885 = SURFACE_SIDE_STYLE('',(#17886));
#17886 = SURFACE_STYLE_FILL_AREA(#17887);
#17887 = FILL_AREA_STYLE('',(#17888));
#17888 = FILL_AREA_STYLE_COLOUR('',#17324);
#17889 = CURVE_STYLE('',#17890,POSITIVE_LENGTH_MEASURE(0.1),#17324);
#17890 = DRAUGHTING_PRE_DEFINED_CURVE_FONT('continuous');
#17891 = STYLED_ITEM('color',(#17892),#6289);
#17892 = PRESENTATION_STYLE_ASSIGNMENT((#17893,#17898));
#17893 = SURFACE_STYLE_USAGE(.BOTH.,#17894);
#17894 = SURFACE_SIDE_STYLE('',(#17895));
#17895 = SURFACE_STYLE_FILL_AREA(#17896);
#17896 = FILL_AREA_STYLE('',(#17897));
#17897 = FILL_AREA_STYLE_COLOUR('',#17324);
#17898 = CURVE_STYLE('',#17899,POSITIVE_LENGTH_MEASURE(0.1),#17324);
#17899 = DRAUGHTING_PRE_DEFINED_CURVE_FONT('continuous');
#17900 = STYLED_ITEM('color',(#17901),#6352);
#17901 = PRESENTATION_STYLE_ASSIGNMENT((#17902,#17907));
#17902 = SURFACE_STYLE_USAGE(.BOTH.,#17903);
#17903 = SURFACE_SIDE_STYLE('',(#17904));
#17904 = SURFACE_STYLE_FILL_AREA(#17905);
#17905 = FILL_AREA_STYLE('',(#17906));
#17906 = FILL_AREA_STYLE_COLOUR('',#17324);
#17907 = CURVE_STYLE('',#17908,POSITIVE_LENGTH_MEASURE(0.1),#17324);
#17908 = DRAUGHTING_PRE_DEFINED_CURVE_FONT('continuous');
#17909 = STYLED_ITEM('color',(#17910),#6369);
#17910 = PRESENTATION_STYLE_ASSIGNMENT((#17911,#17916));
#17911 = SURFACE_STYLE_USAGE(.BOTH.,#17912);
#17912 = SURFACE_SIDE_STYLE('',(#17913));
#17913 = SURFACE_STYLE_FILL_AREA(#17914);
#17914 = FILL_AREA_STYLE('',(#17915));
#17915 = FILL_AREA_STYLE_COLOUR('',#17324);
#17916 = CURVE_STYLE('',#17917,POSITIVE_LENGTH_MEASURE(0.1),#17324);
#17917 = DRAUGHTING_PRE_DEFINED_CURVE_FONT('continuous');
#17918 = STYLED_ITEM('color',(#17919),#6658);
#17919 = PRESENTATION_STYLE_ASSIGNMENT((#17920,#17925));
#17920 = SURFACE_STYLE_USAGE(.BOTH.,#17921);
#17921 = SURFACE_SIDE_STYLE('',(#17922));
#17922 = SURFACE_STYLE_FILL_AREA(#17923);
#17923 = FILL_AREA_STYLE('',(#17924));
#17924 = FILL_AREA_STYLE_COLOUR('',#17324);
#17925 = CURVE_STYLE('',#17926,POSITIVE_LENGTH_MEASURE(0.1),#17324);
#17926 = DRAUGHTING_PRE_DEFINED_CURVE_FONT('continuous');
#17927 = STYLED_ITEM('color',(#17928),#6680);
#17928 = PRESENTATION_STYLE_ASSIGNMENT((#17929,#17934));
#17929 = SURFACE_STYLE_USAGE(.BOTH.,#17930);
#17930 = SURFACE_SIDE_STYLE('',(#17931));
#17931 = SURFACE_STYLE_FILL_AREA(#17932);
#17932 = FILL_AREA_STYLE('',(#17933));
#17933 = FILL_AREA_STYLE_COLOUR('',#17324);
#17934 = CURVE_STYLE('',#17935,POSITIVE_LENGTH_MEASURE(0.1),#17324);
#17935 = DRAUGHTING_PRE_DEFINED_CURVE_FONT('continuous');
#17936 = STYLED_ITEM('color',(#17937),#6697);
#17937 = PRESENTATION_STYLE_ASSIGNMENT((#17938,#17943));
#17938 = SURFACE_STYLE_USAGE(.BOTH.,#17939);
#17939 = SURFACE_SIDE_STYLE('',(#17940));
#17940 = SURFACE_STYLE_FILL_AREA(#17941);
#17941 = FILL_AREA_STYLE('',(#17942));
#17942 = FILL_AREA_STYLE_COLOUR('',#17324);
#17943 = CURVE_STYLE('',#17944,POSITIVE_LENGTH_MEASURE(0.1),#17324);
#17944 = DRAUGHTING_PRE_DEFINED_CURVE_FONT('continuous');
#17945 = OVER_RIDING_STYLED_ITEM('overriding color',(#17946),#6730,
  #17936);
#17946 = PRESENTATION_STYLE_ASSIGNMENT((#17947,#17953));
#17947 = SURFACE_STYLE_USAGE(.BOTH.,#17948);
#17948 = SURFACE_SIDE_STYLE('',(#17949));
#17949 = SURFACE_STYLE_FILL_AREA(#17950);
#17950 = FILL_AREA_STYLE('',(#17951));
#17951 = FILL_AREA_STYLE_COLOUR('',#17952);
#17952 = COLOUR_RGB('',0.858999988747,0.738000004258,0.496000005009);
#17953 = CURVE_STYLE('',#17954,POSITIVE_LENGTH_MEASURE(0.1),#17952);
#17954 = DRAUGHTING_PRE_DEFINED_CURVE_FONT('continuous');
#17955 = OVER_RIDING_STYLED_ITEM('overriding color',(#17956),#6762,
  #17936);
#17956 = PRESENTATION_STYLE_ASSIGNMENT((#17957,#17962));
#17957 = SURFACE_STYLE_USAGE(.BOTH.,#17958);
#17958 = SURFACE_SIDE_STYLE('',(#17959));
#17959 = SURFACE_STYLE_FILL_AREA(#17960);
#17960 = FILL_AREA_STYLE('',(#17961));
#17961 = FILL_AREA_STYLE_COLOUR('',#17952);
#17962 = CURVE_STYLE('',#17963,POSITIVE_LENGTH_MEASURE(0.1),#17952);
#17963 = DRAUGHTING_PRE_DEFINED_CURVE_FONT('continuous');
#17964 = OVER_RIDING_STYLED_ITEM('overriding color',(#17965),#6796,
  #17936);
#17965 = PRESENTATION_STYLE_ASSIGNMENT((#17966,#17971));
#17966 = SURFACE_STYLE_USAGE(.BOTH.,#17967);
#17967 = SURFACE_SIDE_STYLE('',(#17968));
#17968 = SURFACE_STYLE_FILL_AREA(#17969);
#17969 = FILL_AREA_STYLE('',(#17970));
#17970 = FILL_AREA_STYLE_COLOUR('',#17952);
#17971 = CURVE_STYLE('',#17972,POSITIVE_LENGTH_MEASURE(0.1),#17952);
#17972 = DRAUGHTING_PRE_DEFINED_CURVE_FONT('continuous');
#17973 = OVER_RIDING_STYLED_ITEM('overriding color',(#17974),#6828,
  #17936);
#17974 = PRESENTATION_STYLE_ASSIGNMENT((#17975,#17980));
#17975 = SURFACE_STYLE_USAGE(.BOTH.,#17976);
#17976 = SURFACE_SIDE_STYLE('',(#17977));
#17977 = SURFACE_STYLE_FILL_AREA(#17978);
#17978 = FILL_AREA_STYLE('',(#17979));
#17979 = FILL_AREA_STYLE_COLOUR('',#17952);
#17980 = CURVE_STYLE('',#17981,POSITIVE_LENGTH_MEASURE(0.1),#17952);
#17981 = DRAUGHTING_PRE_DEFINED_CURVE_FONT('continuous');
#17982 = OVER_RIDING_STYLED_ITEM('overriding color',(#17983),#6862,
  #17936);
#17983 = PRESENTATION_STYLE_ASSIGNMENT((#17984,#17989));
#17984 = SURFACE_STYLE_USAGE(.BOTH.,#17985);
#17985 = SURFACE_SIDE_STYLE('',(#17986));
#17986 = SURFACE_STYLE_FILL_AREA(#17987);
#17987 = FILL_AREA_STYLE('',(#17988));
#17988 = FILL_AREA_STYLE_COLOUR('',#17952);
#17989 = CURVE_STYLE('',#17990,POSITIVE_LENGTH_MEASURE(0.1),#17952);
#17990 = DRAUGHTING_PRE_DEFINED_CURVE_FONT('continuous');
#17991 = OVER_RIDING_STYLED_ITEM('overriding color',(#17992),#6894,
  #17936);
#17992 = PRESENTATION_STYLE_ASSIGNMENT((#17993,#17998));
#17993 = SURFACE_STYLE_USAGE(.BOTH.,#17994);
#17994 = SURFACE_SIDE_STYLE('',(#17995));
#17995 = SURFACE_STYLE_FILL_AREA(#17996);
#17996 = FILL_AREA_STYLE('',(#17997));
#17997 = FILL_AREA_STYLE_COLOUR('',#17952);
#17998 = CURVE_STYLE('',#17999,POSITIVE_LENGTH_MEASURE(0.1),#17952);
#17999 = DRAUGHTING_PRE_DEFINED_CURVE_FONT('continuous');
#18000 = OVER_RIDING_STYLED_ITEM('overriding color',(#18001),#6928,
  #17936);
#18001 = PRESENTATION_STYLE_ASSIGNMENT((#18002,#18007));
#18002 = SURFACE_STYLE_USAGE(.BOTH.,#18003);
#18003 = SURFACE_SIDE_STYLE('',(#18004));
#18004 = SURFACE_STYLE_FILL_AREA(#18005);
#18005 = FILL_AREA_STYLE('',(#18006));
#18006 = FILL_AREA_STYLE_COLOUR('',#17952);
#18007 = CURVE_STYLE('',#18008,POSITIVE_LENGTH_MEASURE(0.1),#17952);
#18008 = DRAUGHTING_PRE_DEFINED_CURVE_FONT('continuous');
#18009 = OVER_RIDING_STYLED_ITEM('overriding color',(#18010),#6960,
  #17936);
#18010 = PRESENTATION_STYLE_ASSIGNMENT((#18011,#18016));
#18011 = SURFACE_STYLE_USAGE(.BOTH.,#18012);
#18012 = SURFACE_SIDE_STYLE('',(#18013));
#18013 = SURFACE_STYLE_FILL_AREA(#18014);
#18014 = FILL_AREA_STYLE('',(#18015));
#18015 = FILL_AREA_STYLE_COLOUR('',#17952);
#18016 = CURVE_STYLE('',#18017,POSITIVE_LENGTH_MEASURE(0.1),#17952);
#18017 = DRAUGHTING_PRE_DEFINED_CURVE_FONT('continuous');
#18018 = OVER_RIDING_STYLED_ITEM('overriding color',(#18019),#6994,
  #17936);
#18019 = PRESENTATION_STYLE_ASSIGNMENT((#18020,#18025));
#18020 = SURFACE_STYLE_USAGE(.BOTH.,#18021);
#18021 = SURFACE_SIDE_STYLE('',(#18022));
#18022 = SURFACE_STYLE_FILL_AREA(#18023);
#18023 = FILL_AREA_STYLE('',(#18024));
#18024 = FILL_AREA_STYLE_COLOUR('',#17952);
#18025 = CURVE_STYLE('',#18026,POSITIVE_LENGTH_MEASURE(0.1),#17952);
#18026 = DRAUGHTING_PRE_DEFINED_CURVE_FONT('continuous');
#18027 = OVER_RIDING_STYLED_ITEM('overriding color',(#18028),#7026,
  #17936);
#18028 = PRESENTATION_STYLE_ASSIGNMENT((#18029,#18034));
#18029 = SURFACE_STYLE_USAGE(.BOTH.,#18030);
#18030 = SURFACE_SIDE_STYLE('',(#18031));
#18031 = SURFACE_STYLE_FILL_AREA(#18032);
#18032 = FILL_AREA_STYLE('',(#18033));
#18033 = FILL_AREA_STYLE_COLOUR('',#17952);
#18034 = CURVE_STYLE('',#18035,POSITIVE_LENGTH_MEASURE(0.1),#17952);
#18035 = DRAUGHTING_PRE_DEFINED_CURVE_FONT('continuous');
#18036 = OVER_RIDING_STYLED_ITEM('overriding color',(#18037),#7060,
  #17936);
#18037 = PRESENTATION_STYLE_ASSIGNMENT((#18038,#18043));
#18038 = SURFACE_STYLE_USAGE(.BOTH.,#18039);
#18039 = SURFACE_SIDE_STYLE('',(#18040));
#18040 = SURFACE_STYLE_FILL_AREA(#18041);
#18041 = FILL_AREA_STYLE('',(#18042));
#18042 = FILL_AREA_STYLE_COLOUR('',#17952);
#18043 = CURVE_STYLE('',#18044,POSITIVE_LENGTH_MEASURE(0.1),#17952);
#18044 = DRAUGHTING_PRE_DEFINED_CURVE_FONT('continuous');
#18045 = OVER_RIDING_STYLED_ITEM('overriding color',(#18046),#7092,
  #17936);
#18046 = PRESENTATION_STYLE_ASSIGNMENT((#18047,#18052));
#18047 = SURFACE_STYLE_USAGE(.BOTH.,#18048);
#18048 = SURFACE_SIDE_STYLE('',(#18049));
#18049 = SURFACE_STYLE_FILL_AREA(#18050);
#18050 = FILL_AREA_STYLE('',(#18051));
#18051 = FILL_AREA_STYLE_COLOUR('',#17952);
#18052 = CURVE_STYLE('',#18053,POSITIVE_LENGTH_MEASURE(0.1),#17952);
#18053 = DRAUGHTING_PRE_DEFINED_CURVE_FONT('continuous');
#18054 = OVER_RIDING_STYLED_ITEM('overriding color',(#18055),#7126,
  #17936);
#18055 = PRESENTATION_STYLE_ASSIGNMENT((#18056,#18061));
#18056 = SURFACE_STYLE_USAGE(.BOTH.,#18057);
#18057 = SURFACE_SIDE_STYLE('',(#18058));
#18058 = SURFACE_STYLE_FILL_AREA(#18059);
#18059 = FILL_AREA_STYLE('',(#18060));
#18060 = FILL_AREA_STYLE_COLOUR('',#17952);
#18061 = CURVE_STYLE('',#18062,POSITIVE_LENGTH_MEASURE(0.1),#17952);
#18062 = DRAUGHTING_PRE_DEFINED_CURVE_FONT('continuous');
#18063 = OVER_RIDING_STYLED_ITEM('overriding color',(#18064),#7158,
  #17936);
#18064 = PRESENTATION_STYLE_ASSIGNMENT((#18065,#18070));
#18065 = SURFACE_STYLE_USAGE(.BOTH.,#18066);
#18066 = SURFACE_SIDE_STYLE('',(#18067));
#18067 = SURFACE_STYLE_FILL_AREA(#18068);
#18068 = FILL_AREA_STYLE('',(#18069));
#18069 = FILL_AREA_STYLE_COLOUR('',#17952);
#18070 = CURVE_STYLE('',#18071,POSITIVE_LENGTH_MEASURE(0.1),#17952);
#18071 = DRAUGHTING_PRE_DEFINED_CURVE_FONT('continuous');
#18072 = OVER_RIDING_STYLED_ITEM('overriding color',(#18073),#7192,
  #17936);
#18073 = PRESENTATION_STYLE_ASSIGNMENT((#18074,#18079));
#18074 = SURFACE_STYLE_USAGE(.BOTH.,#18075);
#18075 = SURFACE_SIDE_STYLE('',(#18076));
#18076 = SURFACE_STYLE_FILL_AREA(#18077);
#18077 = FILL_AREA_STYLE('',(#18078));
#18078 = FILL_AREA_STYLE_COLOUR('',#17952);
#18079 = CURVE_STYLE('',#18080,POSITIVE_LENGTH_MEASURE(0.1),#17952);
#18080 = DRAUGHTING_PRE_DEFINED_CURVE_FONT('continuous');
#18081 = OVER_RIDING_STYLED_ITEM('overriding color',(#18082),#7224,
  #17936);
#18082 = PRESENTATION_STYLE_ASSIGNMENT((#18083,#18088));
#18083 = SURFACE_STYLE_USAGE(.BOTH.,#18084);
#18084 = SURFACE_SIDE_STYLE('',(#18085));
#18085 = SURFACE_STYLE_FILL_AREA(#18086);
#18086 = FILL_AREA_STYLE('',(#18087));
#18087 = FILL_AREA_STYLE_COLOUR('',#17952);
#18088 = CURVE_STYLE('',#18089,POSITIVE_LENGTH_MEASURE(0.1),#17952);
#18089 = DRAUGHTING_PRE_DEFINED_CURVE_FONT('continuous');
#18090 = STYLED_ITEM('color',(#18091),#7242);
#18091 = PRESENTATION_STYLE_ASSIGNMENT((#18092,#18097));
#18092 = SURFACE_STYLE_USAGE(.BOTH.,#18093);
#18093 = SURFACE_SIDE_STYLE('',(#18094));
#18094 = SURFACE_STYLE_FILL_AREA(#18095);
#18095 = FILL_AREA_STYLE('',(#18096));
#18096 = FILL_AREA_STYLE_COLOUR('',#17324);
#18097 = CURVE_STYLE('',#18098,POSITIVE_LENGTH_MEASURE(0.1),#17324);
#18098 = DRAUGHTING_PRE_DEFINED_CURVE_FONT('continuous');
#18099 = STYLED_ITEM('color',(#18100),#7254);
#18100 = PRESENTATION_STYLE_ASSIGNMENT((#18101,#18106));
#18101 = SURFACE_STYLE_USAGE(.BOTH.,#18102);
#18102 = SURFACE_SIDE_STYLE('',(#18103));
#18103 = SURFACE_STYLE_FILL_AREA(#18104);
#18104 = FILL_AREA_STYLE('',(#18105));
#18105 = FILL_AREA_STYLE_COLOUR('',#17324);
#18106 = CURVE_STYLE('',#18107,POSITIVE_LENGTH_MEASURE(0.1),#17324);
#18107 = DRAUGHTING_PRE_DEFINED_CURVE_FONT('continuous');
#18108 = STYLED_ITEM('color',(#18109),#7266);
#18109 = PRESENTATION_STYLE_ASSIGNMENT((#18110,#18115));
#18110 = SURFACE_STYLE_USAGE(.BOTH.,#18111);
#18111 = SURFACE_SIDE_STYLE('',(#18112));
#18112 = SURFACE_STYLE_FILL_AREA(#18113);
#18113 = FILL_AREA_STYLE('',(#18114));
#18114 = FILL_AREA_STYLE_COLOUR('',#17324);
#18115 = CURVE_STYLE('',#18116,POSITIVE_LENGTH_MEASURE(0.1),#17324);
#18116 = DRAUGHTING_PRE_DEFINED_CURVE_FONT('continuous');
#18117 = STYLED_ITEM('color',(#18118),#7297);
#18118 = PRESENTATION_STYLE_ASSIGNMENT((#18119,#18124));
#18119 = SURFACE_STYLE_USAGE(.BOTH.,#18120);
#18120 = SURFACE_SIDE_STYLE('',(#18121));
#18121 = SURFACE_STYLE_FILL_AREA(#18122);
#18122 = FILL_AREA_STYLE('',(#18123));
#18123 = FILL_AREA_STYLE_COLOUR('',#17324);
#18124 = CURVE_STYLE('',#18125,POSITIVE_LENGTH_MEASURE(0.1),#17324);
#18125 = DRAUGHTING_PRE_DEFINED_CURVE_FONT('continuous');
#18126 = STYLED_ITEM('color',(#18127),#7321);
#18127 = PRESENTATION_STYLE_ASSIGNMENT((#18128,#18133));
#18128 = SURFACE_STYLE_USAGE(.BOTH.,#18129);
#18129 = SURFACE_SIDE_STYLE('',(#18130));
#18130 = SURFACE_STYLE_FILL_AREA(#18131);
#18131 = FILL_AREA_STYLE('',(#18132));
#18132 = FILL_AREA_STYLE_COLOUR('',#17324);
#18133 = CURVE_STYLE('',#18134,POSITIVE_LENGTH_MEASURE(0.1),#17324);
#18134 = DRAUGHTING_PRE_DEFINED_CURVE_FONT('continuous');
#18135 = STYLED_ITEM('color',(#18136),#7345);
#18136 = PRESENTATION_STYLE_ASSIGNMENT((#18137,#18142));
#18137 = SURFACE_STYLE_USAGE(.BOTH.,#18138);
#18138 = SURFACE_SIDE_STYLE('',(#18139));
#18139 = SURFACE_STYLE_FILL_AREA(#18140);
#18140 = FILL_AREA_STYLE('',(#18141));
#18141 = FILL_AREA_STYLE_COLOUR('',#17324);
#18142 = CURVE_STYLE('',#18143,POSITIVE_LENGTH_MEASURE(0.1),#17324);
#18143 = DRAUGHTING_PRE_DEFINED_CURVE_FONT('continuous');
#18144 = STYLED_ITEM('color',(#18145),#7362);
#18145 = PRESENTATION_STYLE_ASSIGNMENT((#18146,#18151));
#18146 = SURFACE_STYLE_USAGE(.BOTH.,#18147);
#18147 = SURFACE_SIDE_STYLE('',(#18148));
#18148 = SURFACE_STYLE_FILL_AREA(#18149);
#18149 = FILL_AREA_STYLE('',(#18150));
#18150 = FILL_AREA_STYLE_COLOUR('',#17324);
#18151 = CURVE_STYLE('',#18152,POSITIVE_LENGTH_MEASURE(0.1),#17324);
#18152 = DRAUGHTING_PRE_DEFINED_CURVE_FONT('continuous');
#18153 = STYLED_ITEM('color',(#18154),#7393);
#18154 = PRESENTATION_STYLE_ASSIGNMENT((#18155,#18160));
#18155 = SURFACE_STYLE_USAGE(.BOTH.,#18156);
#18156 = SURFACE_SIDE_STYLE('',(#18157));
#18157 = SURFACE_STYLE_FILL_AREA(#18158);
#18158 = FILL_AREA_STYLE('',(#18159));
#18159 = FILL_AREA_STYLE_COLOUR('',#17324);
#18160 = CURVE_STYLE('',#18161,POSITIVE_LENGTH_MEASURE(0.1),#17324);
#18161 = DRAUGHTING_PRE_DEFINED_CURVE_FONT('continuous');
#18162 = STYLED_ITEM('color',(#18163),#7417);
#18163 = PRESENTATION_STYLE_ASSIGNMENT((#18164,#18169));
#18164 = SURFACE_STYLE_USAGE(.BOTH.,#18165);
#18165 = SURFACE_SIDE_STYLE('',(#18166));
#18166 = SURFACE_STYLE_FILL_AREA(#18167);
#18167 = FILL_AREA_STYLE('',(#18168));
#18168 = FILL_AREA_STYLE_COLOUR('',#17324);
#18169 = CURVE_STYLE('',#18170,POSITIVE_LENGTH_MEASURE(0.1),#17324);
#18170 = DRAUGHTING_PRE_DEFINED_CURVE_FONT('continuous');
#18171 = STYLED_ITEM('color',(#18172),#7441);
#18172 = PRESENTATION_STYLE_ASSIGNMENT((#18173,#18178));
#18173 = SURFACE_STYLE_USAGE(.BOTH.,#18174);
#18174 = SURFACE_SIDE_STYLE('',(#18175));
#18175 = SURFACE_STYLE_FILL_AREA(#18176);
#18176 = FILL_AREA_STYLE('',(#18177));
#18177 = FILL_AREA_STYLE_COLOUR('',#17324);
#18178 = CURVE_STYLE('',#18179,POSITIVE_LENGTH_MEASURE(0.1),#17324);
#18179 = DRAUGHTING_PRE_DEFINED_CURVE_FONT('continuous');
#18180 = STYLED_ITEM('color',(#18181),#7458);
#18181 = PRESENTATION_STYLE_ASSIGNMENT((#18182,#18187));
#18182 = SURFACE_STYLE_USAGE(.BOTH.,#18183);
#18183 = SURFACE_SIDE_STYLE('',(#18184));
#18184 = SURFACE_STYLE_FILL_AREA(#18185);
#18185 = FILL_AREA_STYLE('',(#18186));
#18186 = FILL_AREA_STYLE_COLOUR('',#17324);
#18187 = CURVE_STYLE('',#18188,POSITIVE_LENGTH_MEASURE(0.1),#17324);
#18188 = DRAUGHTING_PRE_DEFINED_CURVE_FONT('continuous');
#18189 = STYLED_ITEM('color',(#18190),#7489);
#18190 = PRESENTATION_STYLE_ASSIGNMENT((#18191,#18196));
#18191 = SURFACE_STYLE_USAGE(.BOTH.,#18192);
#18192 = SURFACE_SIDE_STYLE('',(#18193));
#18193 = SURFACE_STYLE_FILL_AREA(#18194);
#18194 = FILL_AREA_STYLE('',(#18195));
#18195 = FILL_AREA_STYLE_COLOUR('',#17324);
#18196 = CURVE_STYLE('',#18197,POSITIVE_LENGTH_MEASURE(0.1),#17324);
#18197 = DRAUGHTING_PRE_DEFINED_CURVE_FONT('continuous');
#18198 = STYLED_ITEM('color',(#18199),#7513);
#18199 = PRESENTATION_STYLE_ASSIGNMENT((#18200,#18205));
#18200 = SURFACE_STYLE_USAGE(.BOTH.,#18201);
#18201 = SURFACE_SIDE_STYLE('',(#18202));
#18202 = SURFACE_STYLE_FILL_AREA(#18203);
#18203 = FILL_AREA_STYLE('',(#18204));
#18204 = FILL_AREA_STYLE_COLOUR('',#17324);
#18205 = CURVE_STYLE('',#18206,POSITIVE_LENGTH_MEASURE(0.1),#17324);
#18206 = DRAUGHTING_PRE_DEFINED_CURVE_FONT('continuous');
#18207 = STYLED_ITEM('color',(#18208),#7537);
#18208 = PRESENTATION_STYLE_ASSIGNMENT((#18209,#18214));
#18209 = SURFACE_STYLE_USAGE(.BOTH.,#18210);
#18210 = SURFACE_SIDE_STYLE('',(#18211));
#18211 = SURFACE_STYLE_FILL_AREA(#18212);
#18212 = FILL_AREA_STYLE('',(#18213));
#18213 = FILL_AREA_STYLE_COLOUR('',#17324);
#18214 = CURVE_STYLE('',#18215,POSITIVE_LENGTH_MEASURE(0.1),#17324);
#18215 = DRAUGHTING_PRE_DEFINED_CURVE_FONT('continuous');
#18216 = STYLED_ITEM('color',(#18217),#7554);
#18217 = PRESENTATION_STYLE_ASSIGNMENT((#18218,#18223));
#18218 = SURFACE_STYLE_USAGE(.BOTH.,#18219);
#18219 = SURFACE_SIDE_STYLE('',(#18220));
#18220 = SURFACE_STYLE_FILL_AREA(#18221);
#18221 = FILL_AREA_STYLE('',(#18222));
#18222 = FILL_AREA_STYLE_COLOUR('',#17324);
#18223 = CURVE_STYLE('',#18224,POSITIVE_LENGTH_MEASURE(0.1),#17324);
#18224 = DRAUGHTING_PRE_DEFINED_CURVE_FONT('continuous');
#18225 = STYLED_ITEM('color',(#18226),#7585);
#18226 = PRESENTATION_STYLE_ASSIGNMENT((#18227,#18232));
#18227 = SURFACE_STYLE_USAGE(.BOTH.,#18228);
#18228 = SURFACE_SIDE_STYLE('',(#18229));
#18229 = SURFACE_STYLE_FILL_AREA(#18230);
#18230 = FILL_AREA_STYLE('',(#18231));
#18231 = FILL_AREA_STYLE_COLOUR('',#17324);
#18232 = CURVE_STYLE('',#18233,POSITIVE_LENGTH_MEASURE(0.1),#17324);
#18233 = DRAUGHTING_PRE_DEFINED_CURVE_FONT('continuous');
#18234 = STYLED_ITEM('color',(#18235),#7609);
#18235 = PRESENTATION_STYLE_ASSIGNMENT((#18236,#18241));
#18236 = SURFACE_STYLE_USAGE(.BOTH.,#18237);
#18237 = SURFACE_SIDE_STYLE('',(#18238));
#18238 = SURFACE_STYLE_FILL_AREA(#18239);
#18239 = FILL_AREA_STYLE('',(#18240));
#18240 = FILL_AREA_STYLE_COLOUR('',#17324);
#18241 = CURVE_STYLE('',#18242,POSITIVE_LENGTH_MEASURE(0.1),#17324);
#18242 = DRAUGHTING_PRE_DEFINED_CURVE_FONT('continuous');
#18243 = STYLED_ITEM('color',(#18244),#7633);
#18244 = PRESENTATION_STYLE_ASSIGNMENT((#18245,#18250));
#18245 = SURFACE_STYLE_USAGE(.BOTH.,#18246);
#18246 = SURFACE_SIDE_STYLE('',(#18247));
#18247 = SURFACE_STYLE_FILL_AREA(#18248);
#18248 = FILL_AREA_STYLE('',(#18249));
#18249 = FILL_AREA_STYLE_COLOUR('',#17324);
#18250 = CURVE_STYLE('',#18251,POSITIVE_LENGTH_MEASURE(0.1),#17324);
#18251 = DRAUGHTING_PRE_DEFINED_CURVE_FONT('continuous');
#18252 = STYLED_ITEM('color',(#18253),#7650);
#18253 = PRESENTATION_STYLE_ASSIGNMENT((#18254,#18259));
#18254 = SURFACE_STYLE_USAGE(.BOTH.,#18255);
#18255 = SURFACE_SIDE_STYLE('',(#18256));
#18256 = SURFACE_STYLE_FILL_AREA(#18257);
#18257 = FILL_AREA_STYLE('',(#18258));
#18258 = FILL_AREA_STYLE_COLOUR('',#17324);
#18259 = CURVE_STYLE('',#18260,POSITIVE_LENGTH_MEASURE(0.1),#17324);
#18260 = DRAUGHTING_PRE_DEFINED_CURVE_FONT('continuous');
#18261 = STYLED_ITEM('color',(#18262),#7681);
#18262 = PRESENTATION_STYLE_ASSIGNMENT((#18263,#18268));
#18263 = SURFACE_STYLE_USAGE(.BOTH.,#18264);
#18264 = SURFACE_SIDE_STYLE('',(#18265));
#18265 = SURFACE_STYLE_FILL_AREA(#18266);
#18266 = FILL_AREA_STYLE('',(#18267));
#18267 = FILL_AREA_STYLE_COLOUR('',#17324);
#18268 = CURVE_STYLE('',#18269,POSITIVE_LENGTH_MEASURE(0.1),#17324);
#18269 = DRAUGHTING_PRE_DEFINED_CURVE_FONT('continuous');
#18270 = STYLED_ITEM('color',(#18271),#7705);
#18271 = PRESENTATION_STYLE_ASSIGNMENT((#18272,#18277));
#18272 = SURFACE_STYLE_USAGE(.BOTH.,#18273);
#18273 = SURFACE_SIDE_STYLE('',(#18274));
#18274 = SURFACE_STYLE_FILL_AREA(#18275);
#18275 = FILL_AREA_STYLE('',(#18276));
#18276 = FILL_AREA_STYLE_COLOUR('',#17324);
#18277 = CURVE_STYLE('',#18278,POSITIVE_LENGTH_MEASURE(0.1),#17324);
#18278 = DRAUGHTING_PRE_DEFINED_CURVE_FONT('continuous');
#18279 = STYLED_ITEM('color',(#18280),#7729);
#18280 = PRESENTATION_STYLE_ASSIGNMENT((#18281,#18286));
#18281 = SURFACE_STYLE_USAGE(.BOTH.,#18282);
#18282 = SURFACE_SIDE_STYLE('',(#18283));
#18283 = SURFACE_STYLE_FILL_AREA(#18284);
#18284 = FILL_AREA_STYLE('',(#18285));
#18285 = FILL_AREA_STYLE_COLOUR('',#17324);
#18286 = CURVE_STYLE('',#18287,POSITIVE_LENGTH_MEASURE(0.1),#17324);
#18287 = DRAUGHTING_PRE_DEFINED_CURVE_FONT('continuous');
#18288 = STYLED_ITEM('color',(#18289),#7746);
#18289 = PRESENTATION_STYLE_ASSIGNMENT((#18290,#18295));
#18290 = SURFACE_STYLE_USAGE(.BOTH.,#18291);
#18291 = SURFACE_SIDE_STYLE('',(#18292));
#18292 = SURFACE_STYLE_FILL_AREA(#18293);
#18293 = FILL_AREA_STYLE('',(#18294));
#18294 = FILL_AREA_STYLE_COLOUR('',#17324);
#18295 = CURVE_STYLE('',#18296,POSITIVE_LENGTH_MEASURE(0.1),#17324);
#18296 = DRAUGHTING_PRE_DEFINED_CURVE_FONT('continuous');
#18297 = STYLED_ITEM('color',(#18298),#7777);
#18298 = PRESENTATION_STYLE_ASSIGNMENT((#18299,#18304));
#18299 = SURFACE_STYLE_USAGE(.BOTH.,#18300);
#18300 = SURFACE_SIDE_STYLE('',(#18301));
#18301 = SURFACE_STYLE_FILL_AREA(#18302);
#18302 = FILL_AREA_STYLE('',(#18303));
#18303 = FILL_AREA_STYLE_COLOUR('',#17324);
#18304 = CURVE_STYLE('',#18305,POSITIVE_LENGTH_MEASURE(0.1),#17324);
#18305 = DRAUGHTING_PRE_DEFINED_CURVE_FONT('continuous');
#18306 = STYLED_ITEM('color',(#18307),#7801);
#18307 = PRESENTATION_STYLE_ASSIGNMENT((#18308,#18313));
#18308 = SURFACE_STYLE_USAGE(.BOTH.,#18309);
#18309 = SURFACE_SIDE_STYLE('',(#18310));
#18310 = SURFACE_STYLE_FILL_AREA(#18311);
#18311 = FILL_AREA_STYLE('',(#18312));
#18312 = FILL_AREA_STYLE_COLOUR('',#17324);
#18313 = CURVE_STYLE('',#18314,POSITIVE_LENGTH_MEASURE(0.1),#17324);
#18314 = DRAUGHTING_PRE_DEFINED_CURVE_FONT('continuous');
#18315 = STYLED_ITEM('color',(#18316),#7825);
#18316 = PRESENTATION_STYLE_ASSIGNMENT((#18317,#18322));
#18317 = SURFACE_STYLE_USAGE(.BOTH.,#18318);
#18318 = SURFACE_SIDE_STYLE('',(#18319));
#18319 = SURFACE_STYLE_FILL_AREA(#18320);
#18320 = FILL_AREA_STYLE('',(#18321));
#18321 = FILL_AREA_STYLE_COLOUR('',#17324);
#18322 = CURVE_STYLE('',#18323,POSITIVE_LENGTH_MEASURE(0.1),#17324);
#18323 = DRAUGHTING_PRE_DEFINED_CURVE_FONT('continuous');
#18324 = STYLED_ITEM('color',(#18325),#7842);
#18325 = PRESENTATION_STYLE_ASSIGNMENT((#18326,#18331));
#18326 = SURFACE_STYLE_USAGE(.BOTH.,#18327);
#18327 = SURFACE_SIDE_STYLE('',(#18328));
#18328 = SURFACE_STYLE_FILL_AREA(#18329);
#18329 = FILL_AREA_STYLE('',(#18330));
#18330 = FILL_AREA_STYLE_COLOUR('',#17324);
#18331 = CURVE_STYLE('',#18332,POSITIVE_LENGTH_MEASURE(0.1),#17324);
#18332 = DRAUGHTING_PRE_DEFINED_CURVE_FONT('continuous');
#18333 = STYLED_ITEM('color',(#18334),#7873);
#18334 = PRESENTATION_STYLE_ASSIGNMENT((#18335,#18340));
#18335 = SURFACE_STYLE_USAGE(.BOTH.,#18336);
#18336 = SURFACE_SIDE_STYLE('',(#18337));
#18337 = SURFACE_STYLE_FILL_AREA(#18338);
#18338 = FILL_AREA_STYLE('',(#18339));
#18339 = FILL_AREA_STYLE_COLOUR('',#17324);
#18340 = CURVE_STYLE('',#18341,POSITIVE_LENGTH_MEASURE(0.1),#17324);
#18341 = DRAUGHTING_PRE_DEFINED_CURVE_FONT('continuous');
#18342 = STYLED_ITEM('color',(#18343),#7897);
#18343 = PRESENTATION_STYLE_ASSIGNMENT((#18344,#18349));
#18344 = SURFACE_STYLE_USAGE(.BOTH.,#18345);
#18345 = SURFACE_SIDE_STYLE('',(#18346));
#18346 = SURFACE_STYLE_FILL_AREA(#18347);
#18347 = FILL_AREA_STYLE('',(#18348));
#18348 = FILL_AREA_STYLE_COLOUR('',#17324);
#18349 = CURVE_STYLE('',#18350,POSITIVE_LENGTH_MEASURE(0.1),#17324);
#18350 = DRAUGHTING_PRE_DEFINED_CURVE_FONT('continuous');
#18351 = STYLED_ITEM('color',(#18352),#7921);
#18352 = PRESENTATION_STYLE_ASSIGNMENT((#18353,#18358));
#18353 = SURFACE_STYLE_USAGE(.BOTH.,#18354);
#18354 = SURFACE_SIDE_STYLE('',(#18355));
#18355 = SURFACE_STYLE_FILL_AREA(#18356);
#18356 = FILL_AREA_STYLE('',(#18357));
#18357 = FILL_AREA_STYLE_COLOUR('',#17324);
#18358 = CURVE_STYLE('',#18359,POSITIVE_LENGTH_MEASURE(0.1),#17324);
#18359 = DRAUGHTING_PRE_DEFINED_CURVE_FONT('continuous');
#18360 = STYLED_ITEM('color',(#18361),#7938);
#18361 = PRESENTATION_STYLE_ASSIGNMENT((#18362,#18367));
#18362 = SURFACE_STYLE_USAGE(.BOTH.,#18363);
#18363 = SURFACE_SIDE_STYLE('',(#18364));
#18364 = SURFACE_STYLE_FILL_AREA(#18365);
#18365 = FILL_AREA_STYLE('',(#18366));
#18366 = FILL_AREA_STYLE_COLOUR('',#17324);
#18367 = CURVE_STYLE('',#18368,POSITIVE_LENGTH_MEASURE(0.1),#17324);
#18368 = DRAUGHTING_PRE_DEFINED_CURVE_FONT('continuous');
#18369 = STYLED_ITEM('color',(#18370),#7969);
#18370 = PRESENTATION_STYLE_ASSIGNMENT((#18371,#18376));
#18371 = SURFACE_STYLE_USAGE(.BOTH.,#18372);
#18372 = SURFACE_SIDE_STYLE('',(#18373));
#18373 = SURFACE_STYLE_FILL_AREA(#18374);
#18374 = FILL_AREA_STYLE('',(#18375));
#18375 = FILL_AREA_STYLE_COLOUR('',#17324);
#18376 = CURVE_STYLE('',#18377,POSITIVE_LENGTH_MEASURE(0.1),#17324);
#18377 = DRAUGHTING_PRE_DEFINED_CURVE_FONT('continuous');
#18378 = STYLED_ITEM('color',(#18379),#7993);
#18379 = PRESENTATION_STYLE_ASSIGNMENT((#18380,#18385));
#18380 = SURFACE_STYLE_USAGE(.BOTH.,#18381);
#18381 = SURFACE_SIDE_STYLE('',(#18382));
#18382 = SURFACE_STYLE_FILL_AREA(#18383);
#18383 = FILL_AREA_STYLE('',(#18384));
#18384 = FILL_AREA_STYLE_COLOUR('',#17324);
#18385 = CURVE_STYLE('',#18386,POSITIVE_LENGTH_MEASURE(0.1),#17324);
#18386 = DRAUGHTING_PRE_DEFINED_CURVE_FONT('continuous');
#18387 = STYLED_ITEM('color',(#18388),#8017);
#18388 = PRESENTATION_STYLE_ASSIGNMENT((#18389,#18394));
#18389 = SURFACE_STYLE_USAGE(.BOTH.,#18390);
#18390 = SURFACE_SIDE_STYLE('',(#18391));
#18391 = SURFACE_STYLE_FILL_AREA(#18392);
#18392 = FILL_AREA_STYLE('',(#18393));
#18393 = FILL_AREA_STYLE_COLOUR('',#17324);
#18394 = CURVE_STYLE('',#18395,POSITIVE_LENGTH_MEASURE(0.1),#17324);
#18395 = DRAUGHTING_PRE_DEFINED_CURVE_FONT('continuous');
#18396 = STYLED_ITEM('color',(#18397),#8034);
#18397 = PRESENTATION_STYLE_ASSIGNMENT((#18398,#18403));
#18398 = SURFACE_STYLE_USAGE(.BOTH.,#18399);
#18399 = SURFACE_SIDE_STYLE('',(#18400));
#18400 = SURFACE_STYLE_FILL_AREA(#18401);
#18401 = FILL_AREA_STYLE('',(#18402));
#18402 = FILL_AREA_STYLE_COLOUR('',#17952);
#18403 = CURVE_STYLE('',#18404,POSITIVE_LENGTH_MEASURE(0.1),#17952);
#18404 = DRAUGHTING_PRE_DEFINED_CURVE_FONT('continuous');
#18405 = STYLED_ITEM('color',(#18406),#8051);
#18406 = PRESENTATION_STYLE_ASSIGNMENT((#18407,#18412));
#18407 = SURFACE_STYLE_USAGE(.BOTH.,#18408);
#18408 = SURFACE_SIDE_STYLE('',(#18409));
#18409 = SURFACE_STYLE_FILL_AREA(#18410);
#18410 = FILL_AREA_STYLE('',(#18411));
#18411 = FILL_AREA_STYLE_COLOUR('',#17952);
#18412 = CURVE_STYLE('',#18413,POSITIVE_LENGTH_MEASURE(0.1),#17952);
#18413 = DRAUGHTING_PRE_DEFINED_CURVE_FONT('continuous');
#18414 = STYLED_ITEM('color',(#18415),#8098);
#18415 = PRESENTATION_STYLE_ASSIGNMENT((#18416,#18421));
#18416 = SURFACE_STYLE_USAGE(.BOTH.,#18417);
#18417 = SURFACE_SIDE_STYLE('',(#18418));
#18418 = SURFACE_STYLE_FILL_AREA(#18419);
#18419 = FILL_AREA_STYLE('',(#18420));
#18420 = FILL_AREA_STYLE_COLOUR('',#17952);
#18421 = CURVE_STYLE('',#18422,POSITIVE_LENGTH_MEASURE(0.1),#17952);
#18422 = DRAUGHTING_PRE_DEFINED_CURVE_FONT('continuous');
#18423 = STYLED_ITEM('color',(#18424),#8115);
#18424 = PRESENTATION_STYLE_ASSIGNMENT((#18425,#18430));
#18425 = SURFACE_STYLE_USAGE(.BOTH.,#18426);
#18426 = SURFACE_SIDE_STYLE('',(#18427));
#18427 = SURFACE_STYLE_FILL_AREA(#18428);
#18428 = FILL_AREA_STYLE('',(#18429));
#18429 = FILL_AREA_STYLE_COLOUR('',#17952);
#18430 = CURVE_STYLE('',#18431,POSITIVE_LENGTH_MEASURE(0.1),#17952);
#18431 = DRAUGHTING_PRE_DEFINED_CURVE_FONT('continuous');
#18432 = STYLED_ITEM('color',(#18433),#8162);
#18433 = PRESENTATION_STYLE_ASSIGNMENT((#18434,#18439));
#18434 = SURFACE_STYLE_USAGE(.BOTH.,#18435);
#18435 = SURFACE_SIDE_STYLE('',(#18436));
#18436 = SURFACE_STYLE_FILL_AREA(#18437);
#18437 = FILL_AREA_STYLE('',(#18438));
#18438 = FILL_AREA_STYLE_COLOUR('',#17952);
#18439 = CURVE_STYLE('',#18440,POSITIVE_LENGTH_MEASURE(0.1),#17952);
#18440 = DRAUGHTING_PRE_DEFINED_CURVE_FONT('continuous');
#18441 = STYLED_ITEM('color',(#18442),#8179);
#18442 = PRESENTATION_STYLE_ASSIGNMENT((#18443,#18448));
#18443 = SURFACE_STYLE_USAGE(.BOTH.,#18444);
#18444 = SURFACE_SIDE_STYLE('',(#18445));
#18445 = SURFACE_STYLE_FILL_AREA(#18446);
#18446 = FILL_AREA_STYLE('',(#18447));
#18447 = FILL_AREA_STYLE_COLOUR('',#17952);
#18448 = CURVE_STYLE('',#18449,POSITIVE_LENGTH_MEASURE(0.1),#17952);
#18449 = DRAUGHTING_PRE_DEFINED_CURVE_FONT('continuous');
#18450 = STYLED_ITEM('color',(#18451),#8226);
#18451 = PRESENTATION_STYLE_ASSIGNMENT((#18452,#18457));
#18452 = SURFACE_STYLE_USAGE(.BOTH.,#18453);
#18453 = SURFACE_SIDE_STYLE('',(#18454));
#18454 = SURFACE_STYLE_FILL_AREA(#18455);
#18455 = FILL_AREA_STYLE('',(#18456));
#18456 = FILL_AREA_STYLE_COLOUR('',#17952);
#18457 = CURVE_STYLE('',#18458,POSITIVE_LENGTH_MEASURE(0.1),#17952);
#18458 = DRAUGHTING_PRE_DEFINED_CURVE_FONT('continuous');
#18459 = STYLED_ITEM('color',(#18460),#8243);
#18460 = PRESENTATION_STYLE_ASSIGNMENT((#18461,#18466));
#18461 = SURFACE_STYLE_USAGE(.BOTH.,#18462);
#18462 = SURFACE_SIDE_STYLE('',(#18463));
#18463 = SURFACE_STYLE_FILL_AREA(#18464);
#18464 = FILL_AREA_STYLE('',(#18465));
#18465 = FILL_AREA_STYLE_COLOUR('',#17952);
#18466 = CURVE_STYLE('',#18467,POSITIVE_LENGTH_MEASURE(0.1),#17952);
#18467 = DRAUGHTING_PRE_DEFINED_CURVE_FONT('continuous');
#18468 = STYLED_ITEM('color',(#18469),#8290);
#18469 = PRESENTATION_STYLE_ASSIGNMENT((#18470,#18475));
#18470 = SURFACE_STYLE_USAGE(.BOTH.,#18471);
#18471 = SURFACE_SIDE_STYLE('',(#18472));
#18472 = SURFACE_STYLE_FILL_AREA(#18473);
#18473 = FILL_AREA_STYLE('',(#18474));
#18474 = FILL_AREA_STYLE_COLOUR('',#17952);
#18475 = CURVE_STYLE('',#18476,POSITIVE_LENGTH_MEASURE(0.1),#17952);
#18476 = DRAUGHTING_PRE_DEFINED_CURVE_FONT('continuous');
#18477 = STYLED_ITEM('color',(#18478),#8307);
#18478 = PRESENTATION_STYLE_ASSIGNMENT((#18479,#18484));
#18479 = SURFACE_STYLE_USAGE(.BOTH.,#18480);
#18480 = SURFACE_SIDE_STYLE('',(#18481));
#18481 = SURFACE_STYLE_FILL_AREA(#18482);
#18482 = FILL_AREA_STYLE('',(#18483));
#18483 = FILL_AREA_STYLE_COLOUR('',#17952);
#18484 = CURVE_STYLE('',#18485,POSITIVE_LENGTH_MEASURE(0.1),#17952);
#18485 = DRAUGHTING_PRE_DEFINED_CURVE_FONT('continuous');
#18486 = STYLED_ITEM('color',(#18487),#8354);
#18487 = PRESENTATION_STYLE_ASSIGNMENT((#18488,#18493));
#18488 = SURFACE_STYLE_USAGE(.BOTH.,#18489);
#18489 = SURFACE_SIDE_STYLE('',(#18490));
#18490 = SURFACE_STYLE_FILL_AREA(#18491);
#18491 = FILL_AREA_STYLE('',(#18492));
#18492 = FILL_AREA_STYLE_COLOUR('',#17952);
#18493 = CURVE_STYLE('',#18494,POSITIVE_LENGTH_MEASURE(0.1),#17952);
#18494 = DRAUGHTING_PRE_DEFINED_CURVE_FONT('continuous');
#18495 = STYLED_ITEM('color',(#18496),#8371);
#18496 = PRESENTATION_STYLE_ASSIGNMENT((#18497,#18502));
#18497 = SURFACE_STYLE_USAGE(.BOTH.,#18498);
#18498 = SURFACE_SIDE_STYLE('',(#18499));
#18499 = SURFACE_STYLE_FILL_AREA(#18500);
#18500 = FILL_AREA_STYLE('',(#18501));
#18501 = FILL_AREA_STYLE_COLOUR('',#17952);
#18502 = CURVE_STYLE('',#18503,POSITIVE_LENGTH_MEASURE(0.1),#17952);
#18503 = DRAUGHTING_PRE_DEFINED_CURVE_FONT('continuous');
#18504 = STYLED_ITEM('color',(#18505),#8418);
#18505 = PRESENTATION_STYLE_ASSIGNMENT((#18506,#18511));
#18506 = SURFACE_STYLE_USAGE(.BOTH.,#18507);
#18507 = SURFACE_SIDE_STYLE('',(#18508));
#18508 = SURFACE_STYLE_FILL_AREA(#18509);
#18509 = FILL_AREA_STYLE('',(#18510));
#18510 = FILL_AREA_STYLE_COLOUR('',#17952);
#18511 = CURVE_STYLE('',#18512,POSITIVE_LENGTH_MEASURE(0.1),#17952);
#18512 = DRAUGHTING_PRE_DEFINED_CURVE_FONT('continuous');
#18513 = STYLED_ITEM('color',(#18514),#8435);
#18514 = PRESENTATION_STYLE_ASSIGNMENT((#18515,#18520));
#18515 = SURFACE_STYLE_USAGE(.BOTH.,#18516);
#18516 = SURFACE_SIDE_STYLE('',(#18517));
#18517 = SURFACE_STYLE_FILL_AREA(#18518);
#18518 = FILL_AREA_STYLE('',(#18519));
#18519 = FILL_AREA_STYLE_COLOUR('',#17952);
#18520 = CURVE_STYLE('',#18521,POSITIVE_LENGTH_MEASURE(0.1),#17952);
#18521 = DRAUGHTING_PRE_DEFINED_CURVE_FONT('continuous');
#18522 = STYLED_ITEM('color',(#18523),#8482);
#18523 = PRESENTATION_STYLE_ASSIGNMENT((#18524,#18529));
#18524 = SURFACE_STYLE_USAGE(.BOTH.,#18525);
#18525 = SURFACE_SIDE_STYLE('',(#18526));
#18526 = SURFACE_STYLE_FILL_AREA(#18527);
#18527 = FILL_AREA_STYLE('',(#18528));
#18528 = FILL_AREA_STYLE_COLOUR('',#17952);
#18529 = CURVE_STYLE('',#18530,POSITIVE_LENGTH_MEASURE(0.1),#17952);
#18530 = DRAUGHTING_PRE_DEFINED_CURVE_FONT('continuous');
#18531 = STYLED_ITEM('color',(#18532),#8499);
#18532 = PRESENTATION_STYLE_ASSIGNMENT((#18533,#18538));
#18533 = SURFACE_STYLE_USAGE(.BOTH.,#18534);
#18534 = SURFACE_SIDE_STYLE('',(#18535));
#18535 = SURFACE_STYLE_FILL_AREA(#18536);
#18536 = FILL_AREA_STYLE('',(#18537));
#18537 = FILL_AREA_STYLE_COLOUR('',#17952);
#18538 = CURVE_STYLE('',#18539,POSITIVE_LENGTH_MEASURE(0.1),#17952);
#18539 = DRAUGHTING_PRE_DEFINED_CURVE_FONT('continuous');
#18540 = STYLED_ITEM('color',(#18541),#8546);
#18541 = PRESENTATION_STYLE_ASSIGNMENT((#18542,#18547));
#18542 = SURFACE_STYLE_USAGE(.BOTH.,#18543);
#18543 = SURFACE_SIDE_STYLE('',(#18544));
#18544 = SURFACE_STYLE_FILL_AREA(#18545);
#18545 = FILL_AREA_STYLE('',(#18546));
#18546 = FILL_AREA_STYLE_COLOUR('',#17952);
#18547 = CURVE_STYLE('',#18548,POSITIVE_LENGTH_MEASURE(0.1),#17952);
#18548 = DRAUGHTING_PRE_DEFINED_CURVE_FONT('continuous');
#18549 = STYLED_ITEM('color',(#18550),#8563);
#18550 = PRESENTATION_STYLE_ASSIGNMENT((#18551,#18556));
#18551 = SURFACE_STYLE_USAGE(.BOTH.,#18552);
#18552 = SURFACE_SIDE_STYLE('',(#18553));
#18553 = SURFACE_STYLE_FILL_AREA(#18554);
#18554 = FILL_AREA_STYLE('',(#18555));
#18555 = FILL_AREA_STYLE_COLOUR('',#17952);
#18556 = CURVE_STYLE('',#18557,POSITIVE_LENGTH_MEASURE(0.1),#17952);
#18557 = DRAUGHTING_PRE_DEFINED_CURVE_FONT('continuous');
#18558 = STYLED_ITEM('color',(#18559),#8610);
#18559 = PRESENTATION_STYLE_ASSIGNMENT((#18560,#18565));
#18560 = SURFACE_STYLE_USAGE(.BOTH.,#18561);
#18561 = SURFACE_SIDE_STYLE('',(#18562));
#18562 = SURFACE_STYLE_FILL_AREA(#18563);
#18563 = FILL_AREA_STYLE('',(#18564));
#18564 = FILL_AREA_STYLE_COLOUR('',#17952);
#18565 = CURVE_STYLE('',#18566,POSITIVE_LENGTH_MEASURE(0.1),#17952);
#18566 = DRAUGHTING_PRE_DEFINED_CURVE_FONT('continuous');
#18567 = STYLED_ITEM('color',(#18568),#8627);
#18568 = PRESENTATION_STYLE_ASSIGNMENT((#18569,#18574));
#18569 = SURFACE_STYLE_USAGE(.BOTH.,#18570);
#18570 = SURFACE_SIDE_STYLE('',(#18571));
#18571 = SURFACE_STYLE_FILL_AREA(#18572);
#18572 = FILL_AREA_STYLE('',(#18573));
#18573 = FILL_AREA_STYLE_COLOUR('',#17952);
#18574 = CURVE_STYLE('',#18575,POSITIVE_LENGTH_MEASURE(0.1),#17952);
#18575 = DRAUGHTING_PRE_DEFINED_CURVE_FONT('continuous');
#18576 = STYLED_ITEM('color',(#18577),#8674);
#18577 = PRESENTATION_STYLE_ASSIGNMENT((#18578,#18583));
#18578 = SURFACE_STYLE_USAGE(.BOTH.,#18579);
#18579 = SURFACE_SIDE_STYLE('',(#18580));
#18580 = SURFACE_STYLE_FILL_AREA(#18581);
#18581 = FILL_AREA_STYLE('',(#18582));
#18582 = FILL_AREA_STYLE_COLOUR('',#17952);
#18583 = CURVE_STYLE('',#18584,POSITIVE_LENGTH_MEASURE(0.1),#17952);
#18584 = DRAUGHTING_PRE_DEFINED_CURVE_FONT('continuous');
#18585 = STYLED_ITEM('color',(#18586),#8691);
#18586 = PRESENTATION_STYLE_ASSIGNMENT((#18587,#18592));
#18587 = SURFACE_STYLE_USAGE(.BOTH.,#18588);
#18588 = SURFACE_SIDE_STYLE('',(#18589));
#18589 = SURFACE_STYLE_FILL_AREA(#18590);
#18590 = FILL_AREA_STYLE('',(#18591));
#18591 = FILL_AREA_STYLE_COLOUR('',#17952);
#18592 = CURVE_STYLE('',#18593,POSITIVE_LENGTH_MEASURE(0.1),#17952);
#18593 = DRAUGHTING_PRE_DEFINED_CURVE_FONT('continuous');
#18594 = STYLED_ITEM('color',(#18595),#8738);
#18595 = PRESENTATION_STYLE_ASSIGNMENT((#18596,#18601));
#18596 = SURFACE_STYLE_USAGE(.BOTH.,#18597);
#18597 = SURFACE_SIDE_STYLE('',(#18598));
#18598 = SURFACE_STYLE_FILL_AREA(#18599);
#18599 = FILL_AREA_STYLE('',(#18600));
#18600 = FILL_AREA_STYLE_COLOUR('',#17952);
#18601 = CURVE_STYLE('',#18602,POSITIVE_LENGTH_MEASURE(0.1),#17952);
#18602 = DRAUGHTING_PRE_DEFINED_CURVE_FONT('continuous');
#18603 = STYLED_ITEM('color',(#18604),#8755);
#18604 = PRESENTATION_STYLE_ASSIGNMENT((#18605,#18610));
#18605 = SURFACE_STYLE_USAGE(.BOTH.,#18606);
#18606 = SURFACE_SIDE_STYLE('',(#18607));
#18607 = SURFACE_STYLE_FILL_AREA(#18608);
#18608 = FILL_AREA_STYLE('',(#18609));
#18609 = FILL_AREA_STYLE_COLOUR('',#17952);
#18610 = CURVE_STYLE('',#18611,POSITIVE_LENGTH_MEASURE(0.1),#17952);
#18611 = DRAUGHTING_PRE_DEFINED_CURVE_FONT('continuous');
#18612 = STYLED_ITEM('color',(#18613),#8802);
#18613 = PRESENTATION_STYLE_ASSIGNMENT((#18614,#18619));
#18614 = SURFACE_STYLE_USAGE(.BOTH.,#18615);
#18615 = SURFACE_SIDE_STYLE('',(#18616));
#18616 = SURFACE_STYLE_FILL_AREA(#18617);
#18617 = FILL_AREA_STYLE('',(#18618));
#18618 = FILL_AREA_STYLE_COLOUR('',#17952);
#18619 = CURVE_STYLE('',#18620,POSITIVE_LENGTH_MEASURE(0.1),#17952);
#18620 = DRAUGHTING_PRE_DEFINED_CURVE_FONT('continuous');
#18621 = STYLED_ITEM('color',(#18622),#8819);
#18622 = PRESENTATION_STYLE_ASSIGNMENT((#18623,#18628));
#18623 = SURFACE_STYLE_USAGE(.BOTH.,#18624);
#18624 = SURFACE_SIDE_STYLE('',(#18625));
#18625 = SURFACE_STYLE_FILL_AREA(#18626);
#18626 = FILL_AREA_STYLE('',(#18627));
#18627 = FILL_AREA_STYLE_COLOUR('',#17952);
#18628 = CURVE_STYLE('',#18629,POSITIVE_LENGTH_MEASURE(0.1),#17952);
#18629 = DRAUGHTING_PRE_DEFINED_CURVE_FONT('continuous');
#18630 = STYLED_ITEM('color',(#18631),#8866);
#18631 = PRESENTATION_STYLE_ASSIGNMENT((#18632,#18637));
#18632 = SURFACE_STYLE_USAGE(.BOTH.,#18633);
#18633 = SURFACE_SIDE_STYLE('',(#18634));
#18634 = SURFACE_STYLE_FILL_AREA(#18635);
#18635 = FILL_AREA_STYLE('',(#18636));
#18636 = FILL_AREA_STYLE_COLOUR('',#17952);
#18637 = CURVE_STYLE('',#18638,POSITIVE_LENGTH_MEASURE(0.1),#17952);
#18638 = DRAUGHTING_PRE_DEFINED_CURVE_FONT('continuous');
#18639 = STYLED_ITEM('color',(#18640),#8883);
#18640 = PRESENTATION_STYLE_ASSIGNMENT((#18641,#18646));
#18641 = SURFACE_STYLE_USAGE(.BOTH.,#18642);
#18642 = SURFACE_SIDE_STYLE('',(#18643));
#18643 = SURFACE_STYLE_FILL_AREA(#18644);
#18644 = FILL_AREA_STYLE('',(#18645));
#18645 = FILL_AREA_STYLE_COLOUR('',#17952);
#18646 = CURVE_STYLE('',#18647,POSITIVE_LENGTH_MEASURE(0.1),#17952);
#18647 = DRAUGHTING_PRE_DEFINED_CURVE_FONT('continuous');
#18648 = STYLED_ITEM('color',(#18649),#8930);
#18649 = PRESENTATION_STYLE_ASSIGNMENT((#18650,#18655));
#18650 = SURFACE_STYLE_USAGE(.BOTH.,#18651);
#18651 = SURFACE_SIDE_STYLE('',(#18652));
#18652 = SURFACE_STYLE_FILL_AREA(#18653);
#18653 = FILL_AREA_STYLE('',(#18654));
#18654 = FILL_AREA_STYLE_COLOUR('',#17952);
#18655 = CURVE_STYLE('',#18656,POSITIVE_LENGTH_MEASURE(0.1),#17952);
#18656 = DRAUGHTING_PRE_DEFINED_CURVE_FONT('continuous');
#18657 = STYLED_ITEM('color',(#18658),#8947);
#18658 = PRESENTATION_STYLE_ASSIGNMENT((#18659,#18664));
#18659 = SURFACE_STYLE_USAGE(.BOTH.,#18660);
#18660 = SURFACE_SIDE_STYLE('',(#18661));
#18661 = SURFACE_STYLE_FILL_AREA(#18662);
#18662 = FILL_AREA_STYLE('',(#18663));
#18663 = FILL_AREA_STYLE_COLOUR('',#17952);
#18664 = CURVE_STYLE('',#18665,POSITIVE_LENGTH_MEASURE(0.1),#17952);
#18665 = DRAUGHTING_PRE_DEFINED_CURVE_FONT('continuous');
#18666 = STYLED_ITEM('color',(#18667),#8994);
#18667 = PRESENTATION_STYLE_ASSIGNMENT((#18668,#18673));
#18668 = SURFACE_STYLE_USAGE(.BOTH.,#18669);
#18669 = SURFACE_SIDE_STYLE('',(#18670));
#18670 = SURFACE_STYLE_FILL_AREA(#18671);
#18671 = FILL_AREA_STYLE('',(#18672));
#18672 = FILL_AREA_STYLE_COLOUR('',#17952);
#18673 = CURVE_STYLE('',#18674,POSITIVE_LENGTH_MEASURE(0.1),#17952);
#18674 = DRAUGHTING_PRE_DEFINED_CURVE_FONT('continuous');
#18675 = STYLED_ITEM('color',(#18676),#9011);
#18676 = PRESENTATION_STYLE_ASSIGNMENT((#18677,#18682));
#18677 = SURFACE_STYLE_USAGE(.BOTH.,#18678);
#18678 = SURFACE_SIDE_STYLE('',(#18679));
#18679 = SURFACE_STYLE_FILL_AREA(#18680);
#18680 = FILL_AREA_STYLE('',(#18681));
#18681 = FILL_AREA_STYLE_COLOUR('',#17952);
#18682 = CURVE_STYLE('',#18683,POSITIVE_LENGTH_MEASURE(0.1),#17952);
#18683 = DRAUGHTING_PRE_DEFINED_CURVE_FONT('continuous');
#18684 = STYLED_ITEM('color',(#18685),#9058);
#18685 = PRESENTATION_STYLE_ASSIGNMENT((#18686,#18691));
#18686 = SURFACE_STYLE_USAGE(.BOTH.,#18687);
#18687 = SURFACE_SIDE_STYLE('',(#18688));
#18688 = SURFACE_STYLE_FILL_AREA(#18689);
#18689 = FILL_AREA_STYLE('',(#18690));
#18690 = FILL_AREA_STYLE_COLOUR('',#17324);
#18691 = CURVE_STYLE('',#18692,POSITIVE_LENGTH_MEASURE(0.1),#17324);
#18692 = DRAUGHTING_PRE_DEFINED_CURVE_FONT('continuous');
#18693 = STYLED_ITEM('color',(#18694),#9089);
#18694 = PRESENTATION_STYLE_ASSIGNMENT((#18695,#18700));
#18695 = SURFACE_STYLE_USAGE(.BOTH.,#18696);
#18696 = SURFACE_SIDE_STYLE('',(#18697));
#18697 = SURFACE_STYLE_FILL_AREA(#18698);
#18698 = FILL_AREA_STYLE('',(#18699));
#18699 = FILL_AREA_STYLE_COLOUR('',#17324);
#18700 = CURVE_STYLE('',#18701,POSITIVE_LENGTH_MEASURE(0.1),#17324);
#18701 = DRAUGHTING_PRE_DEFINED_CURVE_FONT('continuous');
#18702 = OVER_RIDING_STYLED_ITEM('overriding color',(#18703),#9103,
  #18693);
#18703 = PRESENTATION_STYLE_ASSIGNMENT((#18704,#18709));
#18704 = SURFACE_STYLE_USAGE(.BOTH.,#18705);
#18705 = SURFACE_SIDE_STYLE('',(#18706));
#18706 = SURFACE_STYLE_FILL_AREA(#18707);
#18707 = FILL_AREA_STYLE('',(#18708));
#18708 = FILL_AREA_STYLE_COLOUR('',#17952);
#18709 = CURVE_STYLE('',#18710,POSITIVE_LENGTH_MEASURE(0.1),#17952);
#18710 = DRAUGHTING_PRE_DEFINED_CURVE_FONT('continuous');
#18711 = OVER_RIDING_STYLED_ITEM('overriding color',(#18712),#9119,
  #18693);
#18712 = PRESENTATION_STYLE_ASSIGNMENT((#18713,#18718));
#18713 = SURFACE_STYLE_USAGE(.BOTH.,#18714);
#18714 = SURFACE_SIDE_STYLE('',(#18715));
#18715 = SURFACE_STYLE_FILL_AREA(#18716);
#18716 = FILL_AREA_STYLE('',(#18717));
#18717 = FILL_AREA_STYLE_COLOUR('',#17952);
#18718 = CURVE_STYLE('',#18719,POSITIVE_LENGTH_MEASURE(0.1),#17952);
#18719 = DRAUGHTING_PRE_DEFINED_CURVE_FONT('continuous');
#18720 = STYLED_ITEM('color',(#18721),#9145);
#18721 = PRESENTATION_STYLE_ASSIGNMENT((#18722,#18727));
#18722 = SURFACE_STYLE_USAGE(.BOTH.,#18723);
#18723 = SURFACE_SIDE_STYLE('',(#18724));
#18724 = SURFACE_STYLE_FILL_AREA(#18725);
#18725 = FILL_AREA_STYLE('',(#18726));
#18726 = FILL_AREA_STYLE_COLOUR('',#17324);
#18727 = CURVE_STYLE('',#18728,POSITIVE_LENGTH_MEASURE(0.1),#17324);
#18728 = DRAUGHTING_PRE_DEFINED_CURVE_FONT('continuous');
#18729 = STYLED_ITEM('color',(#18730),#9169);
#18730 = PRESENTATION_STYLE_ASSIGNMENT((#18731,#18736));
#18731 = SURFACE_STYLE_USAGE(.BOTH.,#18732);
#18732 = SURFACE_SIDE_STYLE('',(#18733));
#18733 = SURFACE_STYLE_FILL_AREA(#18734);
#18734 = FILL_AREA_STYLE('',(#18735));
#18735 = FILL_AREA_STYLE_COLOUR('',#17324);
#18736 = CURVE_STYLE('',#18737,POSITIVE_LENGTH_MEASURE(0.1),#17324);
#18737 = DRAUGHTING_PRE_DEFINED_CURVE_FONT('continuous');
#18738 = OVER_RIDING_STYLED_ITEM('overriding color',(#18739),#9183,
  #18729);
#18739 = PRESENTATION_STYLE_ASSIGNMENT((#18740,#18745));
#18740 = SURFACE_STYLE_USAGE(.BOTH.,#18741);
#18741 = SURFACE_SIDE_STYLE('',(#18742));
#18742 = SURFACE_STYLE_FILL_AREA(#18743);
#18743 = FILL_AREA_STYLE('',(#18744));
#18744 = FILL_AREA_STYLE_COLOUR('',#17952);
#18745 = CURVE_STYLE('',#18746,POSITIVE_LENGTH_MEASURE(0.1),#17952);
#18746 = DRAUGHTING_PRE_DEFINED_CURVE_FONT('continuous');
#18747 = OVER_RIDING_STYLED_ITEM('overriding color',(#18748),#9199,
  #18729);
#18748 = PRESENTATION_STYLE_ASSIGNMENT((#18749,#18754));
#18749 = SURFACE_STYLE_USAGE(.BOTH.,#18750);
#18750 = SURFACE_SIDE_STYLE('',(#18751));
#18751 = SURFACE_STYLE_FILL_AREA(#18752);
#18752 = FILL_AREA_STYLE('',(#18753));
#18753 = FILL_AREA_STYLE_COLOUR('',#17952);
#18754 = CURVE_STYLE('',#18755,POSITIVE_LENGTH_MEASURE(0.1),#17952);
#18755 = DRAUGHTING_PRE_DEFINED_CURVE_FONT('continuous');
#18756 = STYLED_ITEM('color',(#18757),#9218);
#18757 = PRESENTATION_STYLE_ASSIGNMENT((#18758,#18763));
#18758 = SURFACE_STYLE_USAGE(.BOTH.,#18759);
#18759 = SURFACE_SIDE_STYLE('',(#18760));
#18760 = SURFACE_STYLE_FILL_AREA(#18761);
#18761 = FILL_AREA_STYLE('',(#18762));
#18762 = FILL_AREA_STYLE_COLOUR('',#17324);
#18763 = CURVE_STYLE('',#18764,POSITIVE_LENGTH_MEASURE(0.1),#17324);
#18764 = DRAUGHTING_PRE_DEFINED_CURVE_FONT('continuous');
#18765 = STYLED_ITEM('color',(#18766),#9249);
#18766 = PRESENTATION_STYLE_ASSIGNMENT((#18767,#18772));
#18767 = SURFACE_STYLE_USAGE(.BOTH.,#18768);
#18768 = SURFACE_SIDE_STYLE('',(#18769));
#18769 = SURFACE_STYLE_FILL_AREA(#18770);
#18770 = FILL_AREA_STYLE('',(#18771));
#18771 = FILL_AREA_STYLE_COLOUR('',#17324);
#18772 = CURVE_STYLE('',#18773,POSITIVE_LENGTH_MEASURE(0.1),#17324);
#18773 = DRAUGHTING_PRE_DEFINED_CURVE_FONT('continuous');
#18774 = OVER_RIDING_STYLED_ITEM('overriding color',(#18775),#9263,
  #18765);
#18775 = PRESENTATION_STYLE_ASSIGNMENT((#18776,#18781));
#18776 = SURFACE_STYLE_USAGE(.BOTH.,#18777);
#18777 = SURFACE_SIDE_STYLE('',(#18778));
#18778 = SURFACE_STYLE_FILL_AREA(#18779);
#18779 = FILL_AREA_STYLE('',(#18780));
#18780 = FILL_AREA_STYLE_COLOUR('',#17952);
#18781 = CURVE_STYLE('',#18782,POSITIVE_LENGTH_MEASURE(0.1),#17952);
#18782 = DRAUGHTING_PRE_DEFINED_CURVE_FONT('continuous');
#18783 = OVER_RIDING_STYLED_ITEM('overriding color',(#18784),#9279,
  #18765);
#18784 = PRESENTATION_STYLE_ASSIGNMENT((#18785,#18790));
#18785 = SURFACE_STYLE_USAGE(.BOTH.,#18786);
#18786 = SURFACE_SIDE_STYLE('',(#18787));
#18787 = SURFACE_STYLE_FILL_AREA(#18788);
#18788 = FILL_AREA_STYLE('',(#18789));
#18789 = FILL_AREA_STYLE_COLOUR('',#17952);
#18790 = CURVE_STYLE('',#18791,POSITIVE_LENGTH_MEASURE(0.1),#17952);
#18791 = DRAUGHTING_PRE_DEFINED_CURVE_FONT('continuous');
#18792 = STYLED_ITEM('color',(#18793),#9305);
#18793 = PRESENTATION_STYLE_ASSIGNMENT((#18794,#18799));
#18794 = SURFACE_STYLE_USAGE(.BOTH.,#18795);
#18795 = SURFACE_SIDE_STYLE('',(#18796));
#18796 = SURFACE_STYLE_FILL_AREA(#18797);
#18797 = FILL_AREA_STYLE('',(#18798));
#18798 = FILL_AREA_STYLE_COLOUR('',#17324);
#18799 = CURVE_STYLE('',#18800,POSITIVE_LENGTH_MEASURE(0.1),#17324);
#18800 = DRAUGHTING_PRE_DEFINED_CURVE_FONT('continuous');
#18801 = STYLED_ITEM('color',(#18802),#9329);
#18802 = PRESENTATION_STYLE_ASSIGNMENT((#18803,#18808));
#18803 = SURFACE_STYLE_USAGE(.BOTH.,#18804);
#18804 = SURFACE_SIDE_STYLE('',(#18805));
#18805 = SURFACE_STYLE_FILL_AREA(#18806);
#18806 = FILL_AREA_STYLE('',(#18807));
#18807 = FILL_AREA_STYLE_COLOUR('',#17324);
#18808 = CURVE_STYLE('',#18809,POSITIVE_LENGTH_MEASURE(0.1),#17324);
#18809 = DRAUGHTING_PRE_DEFINED_CURVE_FONT('continuous');
#18810 = OVER_RIDING_STYLED_ITEM('overriding color',(#18811),#9343,
  #18801);
#18811 = PRESENTATION_STYLE_ASSIGNMENT((#18812,#18817));
#18812 = SURFACE_STYLE_USAGE(.BOTH.,#18813);
#18813 = SURFACE_SIDE_STYLE('',(#18814));
#18814 = SURFACE_STYLE_FILL_AREA(#18815);
#18815 = FILL_AREA_STYLE('',(#18816));
#18816 = FILL_AREA_STYLE_COLOUR('',#17952);
#18817 = CURVE_STYLE('',#18818,POSITIVE_LENGTH_MEASURE(0.1),#17952);
#18818 = DRAUGHTING_PRE_DEFINED_CURVE_FONT('continuous');
#18819 = OVER_RIDING_STYLED_ITEM('overriding color',(#18820),#9359,
  #18801);
#18820 = PRESENTATION_STYLE_ASSIGNMENT((#18821,#18826));
#18821 = SURFACE_STYLE_USAGE(.BOTH.,#18822);
#18822 = SURFACE_SIDE_STYLE('',(#18823));
#18823 = SURFACE_STYLE_FILL_AREA(#18824);
#18824 = FILL_AREA_STYLE('',(#18825));
#18825 = FILL_AREA_STYLE_COLOUR('',#17952);
#18826 = CURVE_STYLE('',#18827,POSITIVE_LENGTH_MEASURE(0.1),#17952);
#18827 = DRAUGHTING_PRE_DEFINED_CURVE_FONT('continuous');
#18828 = STYLED_ITEM('color',(#18829),#9378);
#18829 = PRESENTATION_STYLE_ASSIGNMENT((#18830,#18835));
#18830 = SURFACE_STYLE_USAGE(.BOTH.,#18831);
#18831 = SURFACE_SIDE_STYLE('',(#18832));
#18832 = SURFACE_STYLE_FILL_AREA(#18833);
#18833 = FILL_AREA_STYLE('',(#18834));
#18834 = FILL_AREA_STYLE_COLOUR('',#17324);
#18835 = CURVE_STYLE('',#18836,POSITIVE_LENGTH_MEASURE(0.1),#17324);
#18836 = DRAUGHTING_PRE_DEFINED_CURVE_FONT('continuous');
#18837 = STYLED_ITEM('color',(#18838),#9409);
#18838 = PRESENTATION_STYLE_ASSIGNMENT((#18839,#18844));
#18839 = SURFACE_STYLE_USAGE(.BOTH.,#18840);
#18840 = SURFACE_SIDE_STYLE('',(#18841));
#18841 = SURFACE_STYLE_FILL_AREA(#18842);
#18842 = FILL_AREA_STYLE('',(#18843));
#18843 = FILL_AREA_STYLE_COLOUR('',#17324);
#18844 = CURVE_STYLE('',#18845,POSITIVE_LENGTH_MEASURE(0.1),#17324);
#18845 = DRAUGHTING_PRE_DEFINED_CURVE_FONT('continuous');
#18846 = OVER_RIDING_STYLED_ITEM('overriding color',(#18847),#9423,
  #18837);
#18847 = PRESENTATION_STYLE_ASSIGNMENT((#18848,#18853));
#18848 = SURFACE_STYLE_USAGE(.BOTH.,#18849);
#18849 = SURFACE_SIDE_STYLE('',(#18850));
#18850 = SURFACE_STYLE_FILL_AREA(#18851);
#18851 = FILL_AREA_STYLE('',(#18852));
#18852 = FILL_AREA_STYLE_COLOUR('',#17952);
#18853 = CURVE_STYLE('',#18854,POSITIVE_LENGTH_MEASURE(0.1),#17952);
#18854 = DRAUGHTING_PRE_DEFINED_CURVE_FONT('continuous');
#18855 = OVER_RIDING_STYLED_ITEM('overriding color',(#18856),#9439,
  #18837);
#18856 = PRESENTATION_STYLE_ASSIGNMENT((#18857,#18862));
#18857 = SURFACE_STYLE_USAGE(.BOTH.,#18858);
#18858 = SURFACE_SIDE_STYLE('',(#18859));
#18859 = SURFACE_STYLE_FILL_AREA(#18860);
#18860 = FILL_AREA_STYLE('',(#18861));
#18861 = FILL_AREA_STYLE_COLOUR('',#17952);
#18862 = CURVE_STYLE('',#18863,POSITIVE_LENGTH_MEASURE(0.1),#17952);
#18863 = DRAUGHTING_PRE_DEFINED_CURVE_FONT('continuous');
#18864 = STYLED_ITEM('color',(#18865),#9465);
#18865 = PRESENTATION_STYLE_ASSIGNMENT((#18866,#18871));
#18866 = SURFACE_STYLE_USAGE(.BOTH.,#18867);
#18867 = SURFACE_SIDE_STYLE('',(#18868));
#18868 = SURFACE_STYLE_FILL_AREA(#18869);
#18869 = FILL_AREA_STYLE('',(#18870));
#18870 = FILL_AREA_STYLE_COLOUR('',#17324);
#18871 = CURVE_STYLE('',#18872,POSITIVE_LENGTH_MEASURE(0.1),#17324);
#18872 = DRAUGHTING_PRE_DEFINED_CURVE_FONT('continuous');
#18873 = STYLED_ITEM('color',(#18874),#9489);
#18874 = PRESENTATION_STYLE_ASSIGNMENT((#18875,#18880));
#18875 = SURFACE_STYLE_USAGE(.BOTH.,#18876);
#18876 = SURFACE_SIDE_STYLE('',(#18877));
#18877 = SURFACE_STYLE_FILL_AREA(#18878);
#18878 = FILL_AREA_STYLE('',(#18879));
#18879 = FILL_AREA_STYLE_COLOUR('',#17324);
#18880 = CURVE_STYLE('',#18881,POSITIVE_LENGTH_MEASURE(0.1),#17324);
#18881 = DRAUGHTING_PRE_DEFINED_CURVE_FONT('continuous');
#18882 = OVER_RIDING_STYLED_ITEM('overriding color',(#18883),#9503,
  #18873);
#18883 = PRESENTATION_STYLE_ASSIGNMENT((#18884,#18889));
#18884 = SURFACE_STYLE_USAGE(.BOTH.,#18885);
#18885 = SURFACE_SIDE_STYLE('',(#18886));
#18886 = SURFACE_STYLE_FILL_AREA(#18887);
#18887 = FILL_AREA_STYLE('',(#18888));
#18888 = FILL_AREA_STYLE_COLOUR('',#17952);
#18889 = CURVE_STYLE('',#18890,POSITIVE_LENGTH_MEASURE(0.1),#17952);
#18890 = DRAUGHTING_PRE_DEFINED_CURVE_FONT('continuous');
#18891 = OVER_RIDING_STYLED_ITEM('overriding color',(#18892),#9519,
  #18873);
#18892 = PRESENTATION_STYLE_ASSIGNMENT((#18893,#18898));
#18893 = SURFACE_STYLE_USAGE(.BOTH.,#18894);
#18894 = SURFACE_SIDE_STYLE('',(#18895));
#18895 = SURFACE_STYLE_FILL_AREA(#18896);
#18896 = FILL_AREA_STYLE('',(#18897));
#18897 = FILL_AREA_STYLE_COLOUR('',#17952);
#18898 = CURVE_STYLE('',#18899,POSITIVE_LENGTH_MEASURE(0.1),#17952);
#18899 = DRAUGHTING_PRE_DEFINED_CURVE_FONT('continuous');
#18900 = STYLED_ITEM('color',(#18901),#9538);
#18901 = PRESENTATION_STYLE_ASSIGNMENT((#18902,#18907));
#18902 = SURFACE_STYLE_USAGE(.BOTH.,#18903);
#18903 = SURFACE_SIDE_STYLE('',(#18904));
#18904 = SURFACE_STYLE_FILL_AREA(#18905);
#18905 = FILL_AREA_STYLE('',(#18906));
#18906 = FILL_AREA_STYLE_COLOUR('',#17324);
#18907 = CURVE_STYLE('',#18908,POSITIVE_LENGTH_MEASURE(0.1),#17324);
#18908 = DRAUGHTING_PRE_DEFINED_CURVE_FONT('continuous');
#18909 = STYLED_ITEM('color',(#18910),#9569);
#18910 = PRESENTATION_STYLE_ASSIGNMENT((#18911,#18916));
#18911 = SURFACE_STYLE_USAGE(.BOTH.,#18912);
#18912 = SURFACE_SIDE_STYLE('',(#18913));
#18913 = SURFACE_STYLE_FILL_AREA(#18914);
#18914 = FILL_AREA_STYLE('',(#18915));
#18915 = FILL_AREA_STYLE_COLOUR('',#17324);
#18916 = CURVE_STYLE('',#18917,POSITIVE_LENGTH_MEASURE(0.1),#17324);
#18917 = DRAUGHTING_PRE_DEFINED_CURVE_FONT('continuous');
#18918 = OVER_RIDING_STYLED_ITEM('overriding color',(#18919),#9583,
  #18909);
#18919 = PRESENTATION_STYLE_ASSIGNMENT((#18920,#18925));
#18920 = SURFACE_STYLE_USAGE(.BOTH.,#18921);
#18921 = SURFACE_SIDE_STYLE('',(#18922));
#18922 = SURFACE_STYLE_FILL_AREA(#18923);
#18923 = FILL_AREA_STYLE('',(#18924));
#18924 = FILL_AREA_STYLE_COLOUR('',#17952);
#18925 = CURVE_STYLE('',#18926,POSITIVE_LENGTH_MEASURE(0.1),#17952);
#18926 = DRAUGHTING_PRE_DEFINED_CURVE_FONT('continuous');
#18927 = OVER_RIDING_STYLED_ITEM('overriding color',(#18928),#9599,
  #18909);
#18928 = PRESENTATION_STYLE_ASSIGNMENT((#18929,#18934));
#18929 = SURFACE_STYLE_USAGE(.BOTH.,#18930);
#18930 = SURFACE_SIDE_STYLE('',(#18931));
#18931 = SURFACE_STYLE_FILL_AREA(#18932);
#18932 = FILL_AREA_STYLE('',(#18933));
#18933 = FILL_AREA_STYLE_COLOUR('',#17952);
#18934 = CURVE_STYLE('',#18935,POSITIVE_LENGTH_MEASURE(0.1),#17952);
#18935 = DRAUGHTING_PRE_DEFINED_CURVE_FONT('continuous');
#18936 = STYLED_ITEM('color',(#18937),#9625);
#18937 = PRESENTATION_STYLE_ASSIGNMENT((#18938,#18943));
#18938 = SURFACE_STYLE_USAGE(.BOTH.,#18939);
#18939 = SURFACE_SIDE_STYLE('',(#18940));
#18940 = SURFACE_STYLE_FILL_AREA(#18941);
#18941 = FILL_AREA_STYLE('',(#18942));
#18942 = FILL_AREA_STYLE_COLOUR('',#17324);
#18943 = CURVE_STYLE('',#18944,POSITIVE_LENGTH_MEASURE(0.1),#17324);
#18944 = DRAUGHTING_PRE_DEFINED_CURVE_FONT('continuous');
#18945 = STYLED_ITEM('color',(#18946),#9649);
#18946 = PRESENTATION_STYLE_ASSIGNMENT((#18947,#18952));
#18947 = SURFACE_STYLE_USAGE(.BOTH.,#18948);
#18948 = SURFACE_SIDE_STYLE('',(#18949));
#18949 = SURFACE_STYLE_FILL_AREA(#18950);
#18950 = FILL_AREA_STYLE('',(#18951));
#18951 = FILL_AREA_STYLE_COLOUR('',#17324);
#18952 = CURVE_STYLE('',#18953,POSITIVE_LENGTH_MEASURE(0.1),#17324);
#18953 = DRAUGHTING_PRE_DEFINED_CURVE_FONT('continuous');
#18954 = OVER_RIDING_STYLED_ITEM('overriding color',(#18955),#9663,
  #18945);
#18955 = PRESENTATION_STYLE_ASSIGNMENT((#18956,#18961));
#18956 = SURFACE_STYLE_USAGE(.BOTH.,#18957);
#18957 = SURFACE_SIDE_STYLE('',(#18958));
#18958 = SURFACE_STYLE_FILL_AREA(#18959);
#18959 = FILL_AREA_STYLE('',(#18960));
#18960 = FILL_AREA_STYLE_COLOUR('',#17952);
#18961 = CURVE_STYLE('',#18962,POSITIVE_LENGTH_MEASURE(0.1),#17952);
#18962 = DRAUGHTING_PRE_DEFINED_CURVE_FONT('continuous');
#18963 = OVER_RIDING_STYLED_ITEM('overriding color',(#18964),#9679,
  #18945);
#18964 = PRESENTATION_STYLE_ASSIGNMENT((#18965,#18970));
#18965 = SURFACE_STYLE_USAGE(.BOTH.,#18966);
#18966 = SURFACE_SIDE_STYLE('',(#18967));
#18967 = SURFACE_STYLE_FILL_AREA(#18968);
#18968 = FILL_AREA_STYLE('',(#18969));
#18969 = FILL_AREA_STYLE_COLOUR('',#17952);
#18970 = CURVE_STYLE('',#18971,POSITIVE_LENGTH_MEASURE(0.1),#17952);
#18971 = DRAUGHTING_PRE_DEFINED_CURVE_FONT('continuous');
#18972 = STYLED_ITEM('color',(#18973),#9698);
#18973 = PRESENTATION_STYLE_ASSIGNMENT((#18974,#18979));
#18974 = SURFACE_STYLE_USAGE(.BOTH.,#18975);
#18975 = SURFACE_SIDE_STYLE('',(#18976));
#18976 = SURFACE_STYLE_FILL_AREA(#18977);
#18977 = FILL_AREA_STYLE('',(#18978));
#18978 = FILL_AREA_STYLE_COLOUR('',#17324);
#18979 = CURVE_STYLE('',#18980,POSITIVE_LENGTH_MEASURE(0.1),#17324);
#18980 = DRAUGHTING_PRE_DEFINED_CURVE_FONT('continuous');
#18981 = STYLED_ITEM('color',(#18982),#9729);
#18982 = PRESENTATION_STYLE_ASSIGNMENT((#18983,#18988));
#18983 = SURFACE_STYLE_USAGE(.BOTH.,#18984);
#18984 = SURFACE_SIDE_STYLE('',(#18985));
#18985 = SURFACE_STYLE_FILL_AREA(#18986);
#18986 = FILL_AREA_STYLE('',(#18987));
#18987 = FILL_AREA_STYLE_COLOUR('',#17324);
#18988 = CURVE_STYLE('',#18989,POSITIVE_LENGTH_MEASURE(0.1),#17324);
#18989 = DRAUGHTING_PRE_DEFINED_CURVE_FONT('continuous');
#18990 = OVER_RIDING_STYLED_ITEM('overriding color',(#18991),#9743,
  #18981);
#18991 = PRESENTATION_STYLE_ASSIGNMENT((#18992,#18997));
#18992 = SURFACE_STYLE_USAGE(.BOTH.,#18993);
#18993 = SURFACE_SIDE_STYLE('',(#18994));
#18994 = SURFACE_STYLE_FILL_AREA(#18995);
#18995 = FILL_AREA_STYLE('',(#18996));
#18996 = FILL_AREA_STYLE_COLOUR('',#17952);
#18997 = CURVE_STYLE('',#18998,POSITIVE_LENGTH_MEASURE(0.1),#17952);
#18998 = DRAUGHTING_PRE_DEFINED_CURVE_FONT('continuous');
#18999 = OVER_RIDING_STYLED_ITEM('overriding color',(#19000),#9759,
  #18981);
#19000 = PRESENTATION_STYLE_ASSIGNMENT((#19001,#19006));
#19001 = SURFACE_STYLE_USAGE(.BOTH.,#19002);
#19002 = SURFACE_SIDE_STYLE('',(#19003));
#19003 = SURFACE_STYLE_FILL_AREA(#19004);
#19004 = FILL_AREA_STYLE('',(#19005));
#19005 = FILL_AREA_STYLE_COLOUR('',#17952);
#19006 = CURVE_STYLE('',#19007,POSITIVE_LENGTH_MEASURE(0.1),#17952);
#19007 = DRAUGHTING_PRE_DEFINED_CURVE_FONT('continuous');
#19008 = STYLED_ITEM('color',(#19009),#9785);
#19009 = PRESENTATION_STYLE_ASSIGNMENT((#19010,#19015));
#19010 = SURFACE_STYLE_USAGE(.BOTH.,#19011);
#19011 = SURFACE_SIDE_STYLE('',(#19012));
#19012 = SURFACE_STYLE_FILL_AREA(#19013);
#19013 = FILL_AREA_STYLE('',(#19014));
#19014 = FILL_AREA_STYLE_COLOUR('',#17324);
#19015 = CURVE_STYLE('',#19016,POSITIVE_LENGTH_MEASURE(0.1),#17324);
#19016 = DRAUGHTING_PRE_DEFINED_CURVE_FONT('continuous');
#19017 = STYLED_ITEM('color',(#19018),#9809);
#19018 = PRESENTATION_STYLE_ASSIGNMENT((#19019,#19024));
#19019 = SURFACE_STYLE_USAGE(.BOTH.,#19020);
#19020 = SURFACE_SIDE_STYLE('',(#19021));
#19021 = SURFACE_STYLE_FILL_AREA(#19022);
#19022 = FILL_AREA_STYLE('',(#19023));
#19023 = FILL_AREA_STYLE_COLOUR('',#17324);
#19024 = CURVE_STYLE('',#19025,POSITIVE_LENGTH_MEASURE(0.1),#17324);
#19025 = DRAUGHTING_PRE_DEFINED_CURVE_FONT('continuous');
#19026 = OVER_RIDING_STYLED_ITEM('overriding color',(#19027),#9823,
  #19017);
#19027 = PRESENTATION_STYLE_ASSIGNMENT((#19028,#19033));
#19028 = SURFACE_STYLE_USAGE(.BOTH.,#19029);
#19029 = SURFACE_SIDE_STYLE('',(#19030));
#19030 = SURFACE_STYLE_FILL_AREA(#19031);
#19031 = FILL_AREA_STYLE('',(#19032));
#19032 = FILL_AREA_STYLE_COLOUR('',#17952);
#19033 = CURVE_STYLE('',#19034,POSITIVE_LENGTH_MEASURE(0.1),#17952);
#19034 = DRAUGHTING_PRE_DEFINED_CURVE_FONT('continuous');
#19035 = OVER_RIDING_STYLED_ITEM('overriding color',(#19036),#9839,
  #19017);
#19036 = PRESENTATION_STYLE_ASSIGNMENT((#19037,#19042));
#19037 = SURFACE_STYLE_USAGE(.BOTH.,#19038);
#19038 = SURFACE_SIDE_STYLE('',(#19039));
#19039 = SURFACE_STYLE_FILL_AREA(#19040);
#19040 = FILL_AREA_STYLE('',(#19041));
#19041 = FILL_AREA_STYLE_COLOUR('',#17952);
#19042 = CURVE_STYLE('',#19043,POSITIVE_LENGTH_MEASURE(0.1),#17952);
#19043 = DRAUGHTING_PRE_DEFINED_CURVE_FONT('continuous');
#19044 = STYLED_ITEM('color',(#19045),#9858);
#19045 = PRESENTATION_STYLE_ASSIGNMENT((#19046,#19051));
#19046 = SURFACE_STYLE_USAGE(.BOTH.,#19047);
#19047 = SURFACE_SIDE_STYLE('',(#19048));
#19048 = SURFACE_STYLE_FILL_AREA(#19049);
#19049 = FILL_AREA_STYLE('',(#19050));
#19050 = FILL_AREA_STYLE_COLOUR('',#17324);
#19051 = CURVE_STYLE('',#19052,POSITIVE_LENGTH_MEASURE(0.1),#17324);
#19052 = DRAUGHTING_PRE_DEFINED_CURVE_FONT('continuous');
#19053 = STYLED_ITEM('color',(#19054),#9889);
#19054 = PRESENTATION_STYLE_ASSIGNMENT((#19055,#19060));
#19055 = SURFACE_STYLE_USAGE(.BOTH.,#19056);
#19056 = SURFACE_SIDE_STYLE('',(#19057));
#19057 = SURFACE_STYLE_FILL_AREA(#19058);
#19058 = FILL_AREA_STYLE('',(#19059));
#19059 = FILL_AREA_STYLE_COLOUR('',#17324);
#19060 = CURVE_STYLE('',#19061,POSITIVE_LENGTH_MEASURE(0.1),#17324);
#19061 = DRAUGHTING_PRE_DEFINED_CURVE_FONT('continuous');
#19062 = OVER_RIDING_STYLED_ITEM('overriding color',(#19063),#9903,
  #19053);
#19063 = PRESENTATION_STYLE_ASSIGNMENT((#19064,#19069));
#19064 = SURFACE_STYLE_USAGE(.BOTH.,#19065);
#19065 = SURFACE_SIDE_STYLE('',(#19066));
#19066 = SURFACE_STYLE_FILL_AREA(#19067);
#19067 = FILL_AREA_STYLE('',(#19068));
#19068 = FILL_AREA_STYLE_COLOUR('',#17952);
#19069 = CURVE_STYLE('',#19070,POSITIVE_LENGTH_MEASURE(0.1),#17952);
#19070 = DRAUGHTING_PRE_DEFINED_CURVE_FONT('continuous');
#19071 = OVER_RIDING_STYLED_ITEM('overriding color',(#19072),#9919,
  #19053);
#19072 = PRESENTATION_STYLE_ASSIGNMENT((#19073,#19078));
#19073 = SURFACE_STYLE_USAGE(.BOTH.,#19074);
#19074 = SURFACE_SIDE_STYLE('',(#19075));
#19075 = SURFACE_STYLE_FILL_AREA(#19076);
#19076 = FILL_AREA_STYLE('',(#19077));
#19077 = FILL_AREA_STYLE_COLOUR('',#17952);
#19078 = CURVE_STYLE('',#19079,POSITIVE_LENGTH_MEASURE(0.1),#17952);
#19079 = DRAUGHTING_PRE_DEFINED_CURVE_FONT('continuous');
#19080 = STYLED_ITEM('color',(#19081),#9945);
#19081 = PRESENTATION_STYLE_ASSIGNMENT((#19082,#19087));
#19082 = SURFACE_STYLE_USAGE(.BOTH.,#19083);
#19083 = SURFACE_SIDE_STYLE('',(#19084));
#19084 = SURFACE_STYLE_FILL_AREA(#19085);
#19085 = FILL_AREA_STYLE('',(#19086));
#19086 = FILL_AREA_STYLE_COLOUR('',#17324);
#19087 = CURVE_STYLE('',#19088,POSITIVE_LENGTH_MEASURE(0.1),#17324);
#19088 = DRAUGHTING_PRE_DEFINED_CURVE_FONT('continuous');
#19089 = STYLED_ITEM('color',(#19090),#9969);
#19090 = PRESENTATION_STYLE_ASSIGNMENT((#19091,#19096));
#19091 = SURFACE_STYLE_USAGE(.BOTH.,#19092);
#19092 = SURFACE_SIDE_STYLE('',(#19093));
#19093 = SURFACE_STYLE_FILL_AREA(#19094);
#19094 = FILL_AREA_STYLE('',(#19095));
#19095 = FILL_AREA_STYLE_COLOUR('',#17324);
#19096 = CURVE_STYLE('',#19097,POSITIVE_LENGTH_MEASURE(0.1),#17324);
#19097 = DRAUGHTING_PRE_DEFINED_CURVE_FONT('continuous');
#19098 = OVER_RIDING_STYLED_ITEM('overriding color',(#19099),#9983,
  #19089);
#19099 = PRESENTATION_STYLE_ASSIGNMENT((#19100,#19105));
#19100 = SURFACE_STYLE_USAGE(.BOTH.,#19101);
#19101 = SURFACE_SIDE_STYLE('',(#19102));
#19102 = SURFACE_STYLE_FILL_AREA(#19103);
#19103 = FILL_AREA_STYLE('',(#19104));
#19104 = FILL_AREA_STYLE_COLOUR('',#17952);
#19105 = CURVE_STYLE('',#19106,POSITIVE_LENGTH_MEASURE(0.1),#17952);
#19106 = DRAUGHTING_PRE_DEFINED_CURVE_FONT('continuous');
#19107 = OVER_RIDING_STYLED_ITEM('overriding color',(#19108),#9999,
  #19089);
#19108 = PRESENTATION_STYLE_ASSIGNMENT((#19109,#19114));
#19109 = SURFACE_STYLE_USAGE(.BOTH.,#19110);
#19110 = SURFACE_SIDE_STYLE('',(#19111));
#19111 = SURFACE_STYLE_FILL_AREA(#19112);
#19112 = FILL_AREA_STYLE('',(#19113));
#19113 = FILL_AREA_STYLE_COLOUR('',#17952);
#19114 = CURVE_STYLE('',#19115,POSITIVE_LENGTH_MEASURE(0.1),#17952);
#19115 = DRAUGHTING_PRE_DEFINED_CURVE_FONT('continuous');
#19116 = STYLED_ITEM('color',(#19117),#10018);
#19117 = PRESENTATION_STYLE_ASSIGNMENT((#19118,#19123));
#19118 = SURFACE_STYLE_USAGE(.BOTH.,#19119);
#19119 = SURFACE_SIDE_STYLE('',(#19120));
#19120 = SURFACE_STYLE_FILL_AREA(#19121);
#19121 = FILL_AREA_STYLE('',(#19122));
#19122 = FILL_AREA_STYLE_COLOUR('',#17324);
#19123 = CURVE_STYLE('',#19124,POSITIVE_LENGTH_MEASURE(0.1),#17324);
#19124 = DRAUGHTING_PRE_DEFINED_CURVE_FONT('continuous');
#19125 = STYLED_ITEM('color',(#19126),#10049);
#19126 = PRESENTATION_STYLE_ASSIGNMENT((#19127,#19132));
#19127 = SURFACE_STYLE_USAGE(.BOTH.,#19128);
#19128 = SURFACE_SIDE_STYLE('',(#19129));
#19129 = SURFACE_STYLE_FILL_AREA(#19130);
#19130 = FILL_AREA_STYLE('',(#19131));
#19131 = FILL_AREA_STYLE_COLOUR('',#17324);
#19132 = CURVE_STYLE('',#19133,POSITIVE_LENGTH_MEASURE(0.1),#17324);
#19133 = DRAUGHTING_PRE_DEFINED_CURVE_FONT('continuous');
#19134 = OVER_RIDING_STYLED_ITEM('overriding color',(#19135),#10063,
  #19125);
#19135 = PRESENTATION_STYLE_ASSIGNMENT((#19136,#19141));
#19136 = SURFACE_STYLE_USAGE(.BOTH.,#19137);
#19137 = SURFACE_SIDE_STYLE('',(#19138));
#19138 = SURFACE_STYLE_FILL_AREA(#19139);
#19139 = FILL_AREA_STYLE('',(#19140));
#19140 = FILL_AREA_STYLE_COLOUR('',#17952);
#19141 = CURVE_STYLE('',#19142,POSITIVE_LENGTH_MEASURE(0.1),#17952);
#19142 = DRAUGHTING_PRE_DEFINED_CURVE_FONT('continuous');
#19143 = OVER_RIDING_STYLED_ITEM('overriding color',(#19144),#10079,
  #19125);
#19144 = PRESENTATION_STYLE_ASSIGNMENT((#19145,#19150));
#19145 = SURFACE_STYLE_USAGE(.BOTH.,#19146);
#19146 = SURFACE_SIDE_STYLE('',(#19147));
#19147 = SURFACE_STYLE_FILL_AREA(#19148);
#19148 = FILL_AREA_STYLE('',(#19149));
#19149 = FILL_AREA_STYLE_COLOUR('',#17952);
#19150 = CURVE_STYLE('',#19151,POSITIVE_LENGTH_MEASURE(0.1),#17952);
#19151 = DRAUGHTING_PRE_DEFINED_CURVE_FONT('continuous');
#19152 = STYLED_ITEM('color',(#19153),#10105);
#19153 = PRESENTATION_STYLE_ASSIGNMENT((#19154,#19159));
#19154 = SURFACE_STYLE_USAGE(.BOTH.,#19155);
#19155 = SURFACE_SIDE_STYLE('',(#19156));
#19156 = SURFACE_STYLE_FILL_AREA(#19157);
#19157 = FILL_AREA_STYLE('',(#19158));
#19158 = FILL_AREA_STYLE_COLOUR('',#17324);
#19159 = CURVE_STYLE('',#19160,POSITIVE_LENGTH_MEASURE(0.1),#17324);
#19160 = DRAUGHTING_PRE_DEFINED_CURVE_FONT('continuous');
#19161 = STYLED_ITEM('color',(#19162),#10129);
#19162 = PRESENTATION_STYLE_ASSIGNMENT((#19163,#19168));
#19163 = SURFACE_STYLE_USAGE(.BOTH.,#19164);
#19164 = SURFACE_SIDE_STYLE('',(#19165));
#19165 = SURFACE_STYLE_FILL_AREA(#19166);
#19166 = FILL_AREA_STYLE('',(#19167));
#19167 = FILL_AREA_STYLE_COLOUR('',#17324);
#19168 = CURVE_STYLE('',#19169,POSITIVE_LENGTH_MEASURE(0.1),#17324);
#19169 = DRAUGHTING_PRE_DEFINED_CURVE_FONT('continuous');
#19170 = OVER_RIDING_STYLED_ITEM('overriding color',(#19171),#10143,
  #19161);
#19171 = PRESENTATION_STYLE_ASSIGNMENT((#19172,#19177));
#19172 = SURFACE_STYLE_USAGE(.BOTH.,#19173);
#19173 = SURFACE_SIDE_STYLE('',(#19174));
#19174 = SURFACE_STYLE_FILL_AREA(#19175);
#19175 = FILL_AREA_STYLE('',(#19176));
#19176 = FILL_AREA_STYLE_COLOUR('',#17952);
#19177 = CURVE_STYLE('',#19178,POSITIVE_LENGTH_MEASURE(0.1),#17952);
#19178 = DRAUGHTING_PRE_DEFINED_CURVE_FONT('continuous');
#19179 = OVER_RIDING_STYLED_ITEM('overriding color',(#19180),#10159,
  #19161);
#19180 = PRESENTATION_STYLE_ASSIGNMENT((#19181,#19186));
#19181 = SURFACE_STYLE_USAGE(.BOTH.,#19182);
#19182 = SURFACE_SIDE_STYLE('',(#19183));
#19183 = SURFACE_STYLE_FILL_AREA(#19184);
#19184 = FILL_AREA_STYLE('',(#19185));
#19185 = FILL_AREA_STYLE_COLOUR('',#17952);
#19186 = CURVE_STYLE('',#19187,POSITIVE_LENGTH_MEASURE(0.1),#17952);
#19187 = DRAUGHTING_PRE_DEFINED_CURVE_FONT('continuous');
#19188 = STYLED_ITEM('color',(#19189),#10178);
#19189 = PRESENTATION_STYLE_ASSIGNMENT((#19190,#19195));
#19190 = SURFACE_STYLE_USAGE(.BOTH.,#19191);
#19191 = SURFACE_SIDE_STYLE('',(#19192));
#19192 = SURFACE_STYLE_FILL_AREA(#19193);
#19193 = FILL_AREA_STYLE('',(#19194));
#19194 = FILL_AREA_STYLE_COLOUR('',#17324);
#19195 = CURVE_STYLE('',#19196,POSITIVE_LENGTH_MEASURE(0.1),#17324);
#19196 = DRAUGHTING_PRE_DEFINED_CURVE_FONT('continuous');
#19197 = STYLED_ITEM('color',(#19198),#10209);
#19198 = PRESENTATION_STYLE_ASSIGNMENT((#19199,#19204));
#19199 = SURFACE_STYLE_USAGE(.BOTH.,#19200);
#19200 = SURFACE_SIDE_STYLE('',(#19201));
#19201 = SURFACE_STYLE_FILL_AREA(#19202);
#19202 = FILL_AREA_STYLE('',(#19203));
#19203 = FILL_AREA_STYLE_COLOUR('',#17324);
#19204 = CURVE_STYLE('',#19205,POSITIVE_LENGTH_MEASURE(0.1),#17324);
#19205 = DRAUGHTING_PRE_DEFINED_CURVE_FONT('continuous');
#19206 = OVER_RIDING_STYLED_ITEM('overriding color',(#19207),#10223,
  #19197);
#19207 = PRESENTATION_STYLE_ASSIGNMENT((#19208,#19213));
#19208 = SURFACE_STYLE_USAGE(.BOTH.,#19209);
#19209 = SURFACE_SIDE_STYLE('',(#19210));
#19210 = SURFACE_STYLE_FILL_AREA(#19211);
#19211 = FILL_AREA_STYLE('',(#19212));
#19212 = FILL_AREA_STYLE_COLOUR('',#17952);
#19213 = CURVE_STYLE('',#19214,POSITIVE_LENGTH_MEASURE(0.1),#17952);
#19214 = DRAUGHTING_PRE_DEFINED_CURVE_FONT('continuous');
#19215 = OVER_RIDING_STYLED_ITEM('overriding color',(#19216),#10239,
  #19197);
#19216 = PRESENTATION_STYLE_ASSIGNMENT((#19217,#19222));
#19217 = SURFACE_STYLE_USAGE(.BOTH.,#19218);
#19218 = SURFACE_SIDE_STYLE('',(#19219));
#19219 = SURFACE_STYLE_FILL_AREA(#19220);
#19220 = FILL_AREA_STYLE('',(#19221));
#19221 = FILL_AREA_STYLE_COLOUR('',#17952);
#19222 = CURVE_STYLE('',#19223,POSITIVE_LENGTH_MEASURE(0.1),#17952);
#19223 = DRAUGHTING_PRE_DEFINED_CURVE_FONT('continuous');
#19224 = STYLED_ITEM('color',(#19225),#10265);
#19225 = PRESENTATION_STYLE_ASSIGNMENT((#19226,#19231));
#19226 = SURFACE_STYLE_USAGE(.BOTH.,#19227);
#19227 = SURFACE_SIDE_STYLE('',(#19228));
#19228 = SURFACE_STYLE_FILL_AREA(#19229);
#19229 = FILL_AREA_STYLE('',(#19230));
#19230 = FILL_AREA_STYLE_COLOUR('',#17324);
#19231 = CURVE_STYLE('',#19232,POSITIVE_LENGTH_MEASURE(0.1),#17324);
#19232 = DRAUGHTING_PRE_DEFINED_CURVE_FONT('continuous');
#19233 = STYLED_ITEM('color',(#19234),#10289);
#19234 = PRESENTATION_STYLE_ASSIGNMENT((#19235,#19240));
#19235 = SURFACE_STYLE_USAGE(.BOTH.,#19236);
#19236 = SURFACE_SIDE_STYLE('',(#19237));
#19237 = SURFACE_STYLE_FILL_AREA(#19238);
#19238 = FILL_AREA_STYLE('',(#19239));
#19239 = FILL_AREA_STYLE_COLOUR('',#17324);
#19240 = CURVE_STYLE('',#19241,POSITIVE_LENGTH_MEASURE(0.1),#17324);
#19241 = DRAUGHTING_PRE_DEFINED_CURVE_FONT('continuous');
#19242 = OVER_RIDING_STYLED_ITEM('overriding color',(#19243),#10303,
  #19233);
#19243 = PRESENTATION_STYLE_ASSIGNMENT((#19244,#19249));
#19244 = SURFACE_STYLE_USAGE(.BOTH.,#19245);
#19245 = SURFACE_SIDE_STYLE('',(#19246));
#19246 = SURFACE_STYLE_FILL_AREA(#19247);
#19247 = FILL_AREA_STYLE('',(#19248));
#19248 = FILL_AREA_STYLE_COLOUR('',#17952);
#19249 = CURVE_STYLE('',#19250,POSITIVE_LENGTH_MEASURE(0.1),#17952);
#19250 = DRAUGHTING_PRE_DEFINED_CURVE_FONT('continuous');
#19251 = OVER_RIDING_STYLED_ITEM('overriding color',(#19252),#10319,
  #19233);
#19252 = PRESENTATION_STYLE_ASSIGNMENT((#19253,#19258));
#19253 = SURFACE_STYLE_USAGE(.BOTH.,#19254);
#19254 = SURFACE_SIDE_STYLE('',(#19255));
#19255 = SURFACE_STYLE_FILL_AREA(#19256);
#19256 = FILL_AREA_STYLE('',(#19257));
#19257 = FILL_AREA_STYLE_COLOUR('',#17952);
#19258 = CURVE_STYLE('',#19259,POSITIVE_LENGTH_MEASURE(0.1),#17952);
#19259 = DRAUGHTING_PRE_DEFINED_CURVE_FONT('continuous');
#19260 = STYLED_ITEM('color',(#19261),#10338);
#19261 = PRESENTATION_STYLE_ASSIGNMENT((#19262,#19267));
#19262 = SURFACE_STYLE_USAGE(.BOTH.,#19263);
#19263 = SURFACE_SIDE_STYLE('',(#19264));
#19264 = SURFACE_STYLE_FILL_AREA(#19265);
#19265 = FILL_AREA_STYLE('',(#19266));
#19266 = FILL_AREA_STYLE_COLOUR('',#17952);
#19267 = CURVE_STYLE('',#19268,POSITIVE_LENGTH_MEASURE(0.1),#17952);
#19268 = DRAUGHTING_PRE_DEFINED_CURVE_FONT('continuous');
#19269 = STYLED_ITEM('color',(#19270),#10355);
#19270 = PRESENTATION_STYLE_ASSIGNMENT((#19271,#19276));
#19271 = SURFACE_STYLE_USAGE(.BOTH.,#19272);
#19272 = SURFACE_SIDE_STYLE('',(#19273));
#19273 = SURFACE_STYLE_FILL_AREA(#19274);
#19274 = FILL_AREA_STYLE('',(#19275));
#19275 = FILL_AREA_STYLE_COLOUR('',#17952);
#19276 = CURVE_STYLE('',#19277,POSITIVE_LENGTH_MEASURE(0.1),#17952);
#19277 = DRAUGHTING_PRE_DEFINED_CURVE_FONT('continuous');
#19278 = STYLED_ITEM('color',(#19279),#10372);
#19279 = PRESENTATION_STYLE_ASSIGNMENT((#19280,#19285));
#19280 = SURFACE_STYLE_USAGE(.BOTH.,#19281);
#19281 = SURFACE_SIDE_STYLE('',(#19282));
#19282 = SURFACE_STYLE_FILL_AREA(#19283);
#19283 = FILL_AREA_STYLE('',(#19284));
#19284 = FILL_AREA_STYLE_COLOUR('',#17952);
#19285 = CURVE_STYLE('',#19286,POSITIVE_LENGTH_MEASURE(0.1),#17952);
#19286 = DRAUGHTING_PRE_DEFINED_CURVE_FONT('continuous');
#19287 = STYLED_ITEM('color',(#19288),#10389);
#19288 = PRESENTATION_STYLE_ASSIGNMENT((#19289,#19294));
#19289 = SURFACE_STYLE_USAGE(.BOTH.,#19290);
#19290 = SURFACE_SIDE_STYLE('',(#19291));
#19291 = SURFACE_STYLE_FILL_AREA(#19292);
#19292 = FILL_AREA_STYLE('',(#19293));
#19293 = FILL_AREA_STYLE_COLOUR('',#17952);
#19294 = CURVE_STYLE('',#19295,POSITIVE_LENGTH_MEASURE(0.1),#17952);
#19295 = DRAUGHTING_PRE_DEFINED_CURVE_FONT('continuous');
#19296 = STYLED_ITEM('color',(#19297),#10406);
#19297 = PRESENTATION_STYLE_ASSIGNMENT((#19298,#19303));
#19298 = SURFACE_STYLE_USAGE(.BOTH.,#19299);
#19299 = SURFACE_SIDE_STYLE('',(#19300));
#19300 = SURFACE_STYLE_FILL_AREA(#19301);
#19301 = FILL_AREA_STYLE('',(#19302));
#19302 = FILL_AREA_STYLE_COLOUR('',#17952);
#19303 = CURVE_STYLE('',#19304,POSITIVE_LENGTH_MEASURE(0.1),#17952);
#19304 = DRAUGHTING_PRE_DEFINED_CURVE_FONT('continuous');
#19305 = STYLED_ITEM('color',(#19306),#10418);
#19306 = PRESENTATION_STYLE_ASSIGNMENT((#19307,#19312));
#19307 = SURFACE_STYLE_USAGE(.BOTH.,#19308);
#19308 = SURFACE_SIDE_STYLE('',(#19309));
#19309 = SURFACE_STYLE_FILL_AREA(#19310);
#19310 = FILL_AREA_STYLE('',(#19311));
#19311 = FILL_AREA_STYLE_COLOUR('',#17952);
#19312 = CURVE_STYLE('',#19313,POSITIVE_LENGTH_MEASURE(0.1),#17952);
#19313 = DRAUGHTING_PRE_DEFINED_CURVE_FONT('continuous');
#19314 = STYLED_ITEM('color',(#19315),#10435);
#19315 = PRESENTATION_STYLE_ASSIGNMENT((#19316,#19321));
#19316 = SURFACE_STYLE_USAGE(.BOTH.,#19317);
#19317 = SURFACE_SIDE_STYLE('',(#19318));
#19318 = SURFACE_STYLE_FILL_AREA(#19319);
#19319 = FILL_AREA_STYLE('',(#19320));
#19320 = FILL_AREA_STYLE_COLOUR('',#17952);
#19321 = CURVE_STYLE('',#19322,POSITIVE_LENGTH_MEASURE(0.1),#17952);
#19322 = DRAUGHTING_PRE_DEFINED_CURVE_FONT('continuous');
#19323 = STYLED_ITEM('color',(#19324),#10452);
#19324 = PRESENTATION_STYLE_ASSIGNMENT((#19325,#19330));
#19325 = SURFACE_STYLE_USAGE(.BOTH.,#19326);
#19326 = SURFACE_SIDE_STYLE('',(#19327));
#19327 = SURFACE_STYLE_FILL_AREA(#19328);
#19328 = FILL_AREA_STYLE('',(#19329));
#19329 = FILL_AREA_STYLE_COLOUR('',#17952);
#19330 = CURVE_STYLE('',#19331,POSITIVE_LENGTH_MEASURE(0.1),#17952);
#19331 = DRAUGHTING_PRE_DEFINED_CURVE_FONT('continuous');
#19332 = STYLED_ITEM('color',(#19333),#10469);
#19333 = PRESENTATION_STYLE_ASSIGNMENT((#19334,#19339));
#19334 = SURFACE_STYLE_USAGE(.BOTH.,#19335);
#19335 = SURFACE_SIDE_STYLE('',(#19336));
#19336 = SURFACE_STYLE_FILL_AREA(#19337);
#19337 = FILL_AREA_STYLE('',(#19338));
#19338 = FILL_AREA_STYLE_COLOUR('',#17952);
#19339 = CURVE_STYLE('',#19340,POSITIVE_LENGTH_MEASURE(0.1),#17952);
#19340 = DRAUGHTING_PRE_DEFINED_CURVE_FONT('continuous');
#19341 = STYLED_ITEM('color',(#19342),#10486);
#19342 = PRESENTATION_STYLE_ASSIGNMENT((#19343,#19348));
#19343 = SURFACE_STYLE_USAGE(.BOTH.,#19344);
#19344 = SURFACE_SIDE_STYLE('',(#19345));
#19345 = SURFACE_STYLE_FILL_AREA(#19346);
#19346 = FILL_AREA_STYLE('',(#19347));
#19347 = FILL_AREA_STYLE_COLOUR('',#17952);
#19348 = CURVE_STYLE('',#19349,POSITIVE_LENGTH_MEASURE(0.1),#17952);
#19349 = DRAUGHTING_PRE_DEFINED_CURVE_FONT('continuous');
#19350 = STYLED_ITEM('color',(#19351),#10498);
#19351 = PRESENTATION_STYLE_ASSIGNMENT((#19352,#19357));
#19352 = SURFACE_STYLE_USAGE(.BOTH.,#19353);
#19353 = SURFACE_SIDE_STYLE('',(#19354));
#19354 = SURFACE_STYLE_FILL_AREA(#19355);
#19355 = FILL_AREA_STYLE('',(#19356));
#19356 = FILL_AREA_STYLE_COLOUR('',#17952);
#19357 = CURVE_STYLE('',#19358,POSITIVE_LENGTH_MEASURE(0.1),#17952);
#19358 = DRAUGHTING_PRE_DEFINED_CURVE_FONT('continuous');
#19359 = STYLED_ITEM('color',(#19360),#10515);
#19360 = PRESENTATION_STYLE_ASSIGNMENT((#19361,#19366));
#19361 = SURFACE_STYLE_USAGE(.BOTH.,#19362);
#19362 = SURFACE_SIDE_STYLE('',(#19363));
#19363 = SURFACE_STYLE_FILL_AREA(#19364);
#19364 = FILL_AREA_STYLE('',(#19365));
#19365 = FILL_AREA_STYLE_COLOUR('',#17952);
#19366 = CURVE_STYLE('',#19367,POSITIVE_LENGTH_MEASURE(0.1),#17952);
#19367 = DRAUGHTING_PRE_DEFINED_CURVE_FONT('continuous');
#19368 = STYLED_ITEM('color',(#19369),#10532);
#19369 = PRESENTATION_STYLE_ASSIGNMENT((#19370,#19375));
#19370 = SURFACE_STYLE_USAGE(.BOTH.,#19371);
#19371 = SURFACE_SIDE_STYLE('',(#19372));
#19372 = SURFACE_STYLE_FILL_AREA(#19373);
#19373 = FILL_AREA_STYLE('',(#19374));
#19374 = FILL_AREA_STYLE_COLOUR('',#17952);
#19375 = CURVE_STYLE('',#19376,POSITIVE_LENGTH_MEASURE(0.1),#17952);
#19376 = DRAUGHTING_PRE_DEFINED_CURVE_FONT('continuous');
#19377 = STYLED_ITEM('color',(#19378),#10549);
#19378 = PRESENTATION_STYLE_ASSIGNMENT((#19379,#19384));
#19379 = SURFACE_STYLE_USAGE(.BOTH.,#19380);
#19380 = SURFACE_SIDE_STYLE('',(#19381));
#19381 = SURFACE_STYLE_FILL_AREA(#19382);
#19382 = FILL_AREA_STYLE('',(#19383));
#19383 = FILL_AREA_STYLE_COLOUR('',#17952);
#19384 = CURVE_STYLE('',#19385,POSITIVE_LENGTH_MEASURE(0.1),#17952);
#19385 = DRAUGHTING_PRE_DEFINED_CURVE_FONT('continuous');
#19386 = STYLED_ITEM('color',(#19387),#10566);
#19387 = PRESENTATION_STYLE_ASSIGNMENT((#19388,#19393));
#19388 = SURFACE_STYLE_USAGE(.BOTH.,#19389);
#19389 = SURFACE_SIDE_STYLE('',(#19390));
#19390 = SURFACE_STYLE_FILL_AREA(#19391);
#19391 = FILL_AREA_STYLE('',(#19392));
#19392 = FILL_AREA_STYLE_COLOUR('',#17952);
#19393 = CURVE_STYLE('',#19394,POSITIVE_LENGTH_MEASURE(0.1),#17952);
#19394 = DRAUGHTING_PRE_DEFINED_CURVE_FONT('continuous');
#19395 = STYLED_ITEM('color',(#19396),#10578);
#19396 = PRESENTATION_STYLE_ASSIGNMENT((#19397,#19402));
#19397 = SURFACE_STYLE_USAGE(.BOTH.,#19398);
#19398 = SURFACE_SIDE_STYLE('',(#19399));
#19399 = SURFACE_STYLE_FILL_AREA(#19400);
#19400 = FILL_AREA_STYLE('',(#19401));
#19401 = FILL_AREA_STYLE_COLOUR('',#17952);
#19402 = CURVE_STYLE('',#19403,POSITIVE_LENGTH_MEASURE(0.1),#17952);
#19403 = DRAUGHTING_PRE_DEFINED_CURVE_FONT('continuous');
#19404 = STYLED_ITEM('color',(#19405),#10595);
#19405 = PRESENTATION_STYLE_ASSIGNMENT((#19406,#19411));
#19406 = SURFACE_STYLE_USAGE(.BOTH.,#19407);
#19407 = SURFACE_SIDE_STYLE('',(#19408));
#19408 = SURFACE_STYLE_FILL_AREA(#19409);
#19409 = FILL_AREA_STYLE('',(#19410));
#19410 = FILL_AREA_STYLE_COLOUR('',#17952);
#19411 = CURVE_STYLE('',#19412,POSITIVE_LENGTH_MEASURE(0.1),#17952);
#19412 = DRAUGHTING_PRE_DEFINED_CURVE_FONT('continuous');
#19413 = STYLED_ITEM('color',(#19414),#10612);
#19414 = PRESENTATION_STYLE_ASSIGNMENT((#19415,#19420));
#19415 = SURFACE_STYLE_USAGE(.BOTH.,#19416);
#19416 = SURFACE_SIDE_STYLE('',(#19417));
#19417 = SURFACE_STYLE_FILL_AREA(#19418);
#19418 = FILL_AREA_STYLE('',(#19419));
#19419 = FILL_AREA_STYLE_COLOUR('',#17952);
#19420 = CURVE_STYLE('',#19421,POSITIVE_LENGTH_MEASURE(0.1),#17952);
#19421 = DRAUGHTING_PRE_DEFINED_CURVE_FONT('continuous');
#19422 = STYLED_ITEM('color',(#19423),#10629);
#19423 = PRESENTATION_STYLE_ASSIGNMENT((#19424,#19429));
#19424 = SURFACE_STYLE_USAGE(.BOTH.,#19425);
#19425 = SURFACE_SIDE_STYLE('',(#19426));
#19426 = SURFACE_STYLE_FILL_AREA(#19427);
#19427 = FILL_AREA_STYLE('',(#19428));
#19428 = FILL_AREA_STYLE_COLOUR('',#17952);
#19429 = CURVE_STYLE('',#19430,POSITIVE_LENGTH_MEASURE(0.1),#17952);
#19430 = DRAUGHTING_PRE_DEFINED_CURVE_FONT('continuous');
#19431 = STYLED_ITEM('color',(#19432),#10646);
#19432 = PRESENTATION_STYLE_ASSIGNMENT((#19433,#19438));
#19433 = SURFACE_STYLE_USAGE(.BOTH.,#19434);
#19434 = SURFACE_SIDE_STYLE('',(#19435));
#19435 = SURFACE_STYLE_FILL_AREA(#19436);
#19436 = FILL_AREA_STYLE('',(#19437));
#19437 = FILL_AREA_STYLE_COLOUR('',#17952);
#19438 = CURVE_STYLE('',#19439,POSITIVE_LENGTH_MEASURE(0.1),#17952);
#19439 = DRAUGHTING_PRE_DEFINED_CURVE_FONT('continuous');
#19440 = STYLED_ITEM('color',(#19441),#10658);
#19441 = PRESENTATION_STYLE_ASSIGNMENT((#19442,#19447));
#19442 = SURFACE_STYLE_USAGE(.BOTH.,#19443);
#19443 = SURFACE_SIDE_STYLE('',(#19444));
#19444 = SURFACE_STYLE_FILL_AREA(#19445);
#19445 = FILL_AREA_STYLE('',(#19446));
#19446 = FILL_AREA_STYLE_COLOUR('',#17952);
#19447 = CURVE_STYLE('',#19448,POSITIVE_LENGTH_MEASURE(0.1),#17952);
#19448 = DRAUGHTING_PRE_DEFINED_CURVE_FONT('continuous');
#19449 = STYLED_ITEM('color',(#19450),#10675);
#19450 = PRESENTATION_STYLE_ASSIGNMENT((#19451,#19456));
#19451 = SURFACE_STYLE_USAGE(.BOTH.,#19452);
#19452 = SURFACE_SIDE_STYLE('',(#19453));
#19453 = SURFACE_STYLE_FILL_AREA(#19454);
#19454 = FILL_AREA_STYLE('',(#19455));
#19455 = FILL_AREA_STYLE_COLOUR('',#17952);
#19456 = CURVE_STYLE('',#19457,POSITIVE_LENGTH_MEASURE(0.1),#17952);
#19457 = DRAUGHTING_PRE_DEFINED_CURVE_FONT('continuous');
#19458 = STYLED_ITEM('color',(#19459),#10692);
#19459 = PRESENTATION_STYLE_ASSIGNMENT((#19460,#19465));
#19460 = SURFACE_STYLE_USAGE(.BOTH.,#19461);
#19461 = SURFACE_SIDE_STYLE('',(#19462));
#19462 = SURFACE_STYLE_FILL_AREA(#19463);
#19463 = FILL_AREA_STYLE('',(#19464));
#19464 = FILL_AREA_STYLE_COLOUR('',#17952);
#19465 = CURVE_STYLE('',#19466,POSITIVE_LENGTH_MEASURE(0.1),#17952);
#19466 = DRAUGHTING_PRE_DEFINED_CURVE_FONT('continuous');
#19467 = STYLED_ITEM('color',(#19468),#10709);
#19468 = PRESENTATION_STYLE_ASSIGNMENT((#19469,#19474));
#19469 = SURFACE_STYLE_USAGE(.BOTH.,#19470);
#19470 = SURFACE_SIDE_STYLE('',(#19471));
#19471 = SURFACE_STYLE_FILL_AREA(#19472);
#19472 = FILL_AREA_STYLE('',(#19473));
#19473 = FILL_AREA_STYLE_COLOUR('',#17952);
#19474 = CURVE_STYLE('',#19475,POSITIVE_LENGTH_MEASURE(0.1),#17952);
#19475 = DRAUGHTING_PRE_DEFINED_CURVE_FONT('continuous');
#19476 = STYLED_ITEM('color',(#19477),#10726);
#19477 = PRESENTATION_STYLE_ASSIGNMENT((#19478,#19483));
#19478 = SURFACE_STYLE_USAGE(.BOTH.,#19479);
#19479 = SURFACE_SIDE_STYLE('',(#19480));
#19480 = SURFACE_STYLE_FILL_AREA(#19481);
#19481 = FILL_AREA_STYLE('',(#19482));
#19482 = FILL_AREA_STYLE_COLOUR('',#17952);
#19483 = CURVE_STYLE('',#19484,POSITIVE_LENGTH_MEASURE(0.1),#17952);
#19484 = DRAUGHTING_PRE_DEFINED_CURVE_FONT('continuous');
#19485 = STYLED_ITEM('color',(#19486),#10738);
#19486 = PRESENTATION_STYLE_ASSIGNMENT((#19487,#19492));
#19487 = SURFACE_STYLE_USAGE(.BOTH.,#19488);
#19488 = SURFACE_SIDE_STYLE('',(#19489));
#19489 = SURFACE_STYLE_FILL_AREA(#19490);
#19490 = FILL_AREA_STYLE('',(#19491));
#19491 = FILL_AREA_STYLE_COLOUR('',#17952);
#19492 = CURVE_STYLE('',#19493,POSITIVE_LENGTH_MEASURE(0.1),#17952);
#19493 = DRAUGHTING_PRE_DEFINED_CURVE_FONT('continuous');
#19494 = STYLED_ITEM('color',(#19495),#10755);
#19495 = PRESENTATION_STYLE_ASSIGNMENT((#19496,#19501));
#19496 = SURFACE_STYLE_USAGE(.BOTH.,#19497);
#19497 = SURFACE_SIDE_STYLE('',(#19498));
#19498 = SURFACE_STYLE_FILL_AREA(#19499);
#19499 = FILL_AREA_STYLE('',(#19500));
#19500 = FILL_AREA_STYLE_COLOUR('',#17952);
#19501 = CURVE_STYLE('',#19502,POSITIVE_LENGTH_MEASURE(0.1),#17952);
#19502 = DRAUGHTING_PRE_DEFINED_CURVE_FONT('continuous');
#19503 = STYLED_ITEM('color',(#19504),#10772);
#19504 = PRESENTATION_STYLE_ASSIGNMENT((#19505,#19510));
#19505 = SURFACE_STYLE_USAGE(.BOTH.,#19506);
#19506 = SURFACE_SIDE_STYLE('',(#19507));
#19507 = SURFACE_STYLE_FILL_AREA(#19508);
#19508 = FILL_AREA_STYLE('',(#19509));
#19509 = FILL_AREA_STYLE_COLOUR('',#17952);
#19510 = CURVE_STYLE('',#19511,POSITIVE_LENGTH_MEASURE(0.1),#17952);
#19511 = DRAUGHTING_PRE_DEFINED_CURVE_FONT('continuous');
#19512 = STYLED_ITEM('color',(#19513),#10789);
#19513 = PRESENTATION_STYLE_ASSIGNMENT((#19514,#19519));
#19514 = SURFACE_STYLE_USAGE(.BOTH.,#19515);
#19515 = SURFACE_SIDE_STYLE('',(#19516));
#19516 = SURFACE_STYLE_FILL_AREA(#19517);
#19517 = FILL_AREA_STYLE('',(#19518));
#19518 = FILL_AREA_STYLE_COLOUR('',#17952);
#19519 = CURVE_STYLE('',#19520,POSITIVE_LENGTH_MEASURE(0.1),#17952);
#19520 = DRAUGHTING_PRE_DEFINED_CURVE_FONT('continuous');
#19521 = STYLED_ITEM('color',(#19522),#10806);
#19522 = PRESENTATION_STYLE_ASSIGNMENT((#19523,#19528));
#19523 = SURFACE_STYLE_USAGE(.BOTH.,#19524);
#19524 = SURFACE_SIDE_STYLE('',(#19525));
#19525 = SURFACE_STYLE_FILL_AREA(#19526);
#19526 = FILL_AREA_STYLE('',(#19527));
#19527 = FILL_AREA_STYLE_COLOUR('',#17952);
#19528 = CURVE_STYLE('',#19529,POSITIVE_LENGTH_MEASURE(0.1),#17952);
#19529 = DRAUGHTING_PRE_DEFINED_CURVE_FONT('continuous');
#19530 = STYLED_ITEM('color',(#19531),#10818);
#19531 = PRESENTATION_STYLE_ASSIGNMENT((#19532,#19537));
#19532 = SURFACE_STYLE_USAGE(.BOTH.,#19533);
#19533 = SURFACE_SIDE_STYLE('',(#19534));
#19534 = SURFACE_STYLE_FILL_AREA(#19535);
#19535 = FILL_AREA_STYLE('',(#19536));
#19536 = FILL_AREA_STYLE_COLOUR('',#17952);
#19537 = CURVE_STYLE('',#19538,POSITIVE_LENGTH_MEASURE(0.1),#17952);
#19538 = DRAUGHTING_PRE_DEFINED_CURVE_FONT('continuous');
#19539 = STYLED_ITEM('color',(#19540),#10835);
#19540 = PRESENTATION_STYLE_ASSIGNMENT((#19541,#19546));
#19541 = SURFACE_STYLE_USAGE(.BOTH.,#19542);
#19542 = SURFACE_SIDE_STYLE('',(#19543));
#19543 = SURFACE_STYLE_FILL_AREA(#19544);
#19544 = FILL_AREA_STYLE('',(#19545));
#19545 = FILL_AREA_STYLE_COLOUR('',#17952);
#19546 = CURVE_STYLE('',#19547,POSITIVE_LENGTH_MEASURE(0.1),#17952);
#19547 = DRAUGHTING_PRE_DEFINED_CURVE_FONT('continuous');
#19548 = STYLED_ITEM('color',(#19549),#10852);
#19549 = PRESENTATION_STYLE_ASSIGNMENT((#19550,#19555));
#19550 = SURFACE_STYLE_USAGE(.BOTH.,#19551);
#19551 = SURFACE_SIDE_STYLE('',(#19552));
#19552 = SURFACE_STYLE_FILL_AREA(#19553);
#19553 = FILL_AREA_STYLE('',(#19554));
#19554 = FILL_AREA_STYLE_COLOUR('',#17952);
#19555 = CURVE_STYLE('',#19556,POSITIVE_LENGTH_MEASURE(0.1),#17952);
#19556 = DRAUGHTING_PRE_DEFINED_CURVE_FONT('continuous');
#19557 = STYLED_ITEM('color',(#19558),#10869);
#19558 = PRESENTATION_STYLE_ASSIGNMENT((#19559,#19564));
#19559 = SURFACE_STYLE_USAGE(.BOTH.,#19560);
#19560 = SURFACE_SIDE_STYLE('',(#19561));
#19561 = SURFACE_STYLE_FILL_AREA(#19562);
#19562 = FILL_AREA_STYLE('',(#19563));
#19563 = FILL_AREA_STYLE_COLOUR('',#17952);
#19564 = CURVE_STYLE('',#19565,POSITIVE_LENGTH_MEASURE(0.1),#17952);
#19565 = DRAUGHTING_PRE_DEFINED_CURVE_FONT('continuous');
#19566 = STYLED_ITEM('color',(#19567),#10886);
#19567 = PRESENTATION_STYLE_ASSIGNMENT((#19568,#19573));
#19568 = SURFACE_STYLE_USAGE(.BOTH.,#19569);
#19569 = SURFACE_SIDE_STYLE('',(#19570));
#19570 = SURFACE_STYLE_FILL_AREA(#19571);
#19571 = FILL_AREA_STYLE('',(#19572));
#19572 = FILL_AREA_STYLE_COLOUR('',#17952);
#19573 = CURVE_STYLE('',#19574,POSITIVE_LENGTH_MEASURE(0.1),#17952);
#19574 = DRAUGHTING_PRE_DEFINED_CURVE_FONT('continuous');
#19575 = STYLED_ITEM('color',(#19576),#10898);
#19576 = PRESENTATION_STYLE_ASSIGNMENT((#19577,#19582));
#19577 = SURFACE_STYLE_USAGE(.BOTH.,#19578);
#19578 = SURFACE_SIDE_STYLE('',(#19579));
#19579 = SURFACE_STYLE_FILL_AREA(#19580);
#19580 = FILL_AREA_STYLE('',(#19581));
#19581 = FILL_AREA_STYLE_COLOUR('',#17952);
#19582 = CURVE_STYLE('',#19583,POSITIVE_LENGTH_MEASURE(0.1),#17952);
#19583 = DRAUGHTING_PRE_DEFINED_CURVE_FONT('continuous');
#19584 = STYLED_ITEM('color',(#19585),#10915);
#19585 = PRESENTATION_STYLE_ASSIGNMENT((#19586,#19591));
#19586 = SURFACE_STYLE_USAGE(.BOTH.,#19587);
#19587 = SURFACE_SIDE_STYLE('',(#19588));
#19588 = SURFACE_STYLE_FILL_AREA(#19589);
#19589 = FILL_AREA_STYLE('',(#19590));
#19590 = FILL_AREA_STYLE_COLOUR('',#17952);
#19591 = CURVE_STYLE('',#19592,POSITIVE_LENGTH_MEASURE(0.1),#17952);
#19592 = DRAUGHTING_PRE_DEFINED_CURVE_FONT('continuous');
#19593 = STYLED_ITEM('color',(#19594),#10932);
#19594 = PRESENTATION_STYLE_ASSIGNMENT((#19595,#19600));
#19595 = SURFACE_STYLE_USAGE(.BOTH.,#19596);
#19596 = SURFACE_SIDE_STYLE('',(#19597));
#19597 = SURFACE_STYLE_FILL_AREA(#19598);
#19598 = FILL_AREA_STYLE('',(#19599));
#19599 = FILL_AREA_STYLE_COLOUR('',#17952);
#19600 = CURVE_STYLE('',#19601,POSITIVE_LENGTH_MEASURE(0.1),#17952);
#19601 = DRAUGHTING_PRE_DEFINED_CURVE_FONT('continuous');
#19602 = STYLED_ITEM('color',(#19603),#10949);
#19603 = PRESENTATION_STYLE_ASSIGNMENT((#19604,#19609));
#19604 = SURFACE_STYLE_USAGE(.BOTH.,#19605);
#19605 = SURFACE_SIDE_STYLE('',(#19606));
#19606 = SURFACE_STYLE_FILL_AREA(#19607);
#19607 = FILL_AREA_STYLE('',(#19608));
#19608 = FILL_AREA_STYLE_COLOUR('',#17952);
#19609 = CURVE_STYLE('',#19610,POSITIVE_LENGTH_MEASURE(0.1),#17952);
#19610 = DRAUGHTING_PRE_DEFINED_CURVE_FONT('continuous');
#19611 = STYLED_ITEM('color',(#19612),#10966);
#19612 = PRESENTATION_STYLE_ASSIGNMENT((#19613,#19618));
#19613 = SURFACE_STYLE_USAGE(.BOTH.,#19614);
#19614 = SURFACE_SIDE_STYLE('',(#19615));
#19615 = SURFACE_STYLE_FILL_AREA(#19616);
#19616 = FILL_AREA_STYLE('',(#19617));
#19617 = FILL_AREA_STYLE_COLOUR('',#17952);
#19618 = CURVE_STYLE('',#19619,POSITIVE_LENGTH_MEASURE(0.1),#17952);
#19619 = DRAUGHTING_PRE_DEFINED_CURVE_FONT('continuous');
#19620 = STYLED_ITEM('color',(#19621),#10978);
#19621 = PRESENTATION_STYLE_ASSIGNMENT((#19622,#19627));
#19622 = SURFACE_STYLE_USAGE(.BOTH.,#19623);
#19623 = SURFACE_SIDE_STYLE('',(#19624));
#19624 = SURFACE_STYLE_FILL_AREA(#19625);
#19625 = FILL_AREA_STYLE('',(#19626));
#19626 = FILL_AREA_STYLE_COLOUR('',#17324);
#19627 = CURVE_STYLE('',#19628,POSITIVE_LENGTH_MEASURE(0.1),#17324);
#19628 = DRAUGHTING_PRE_DEFINED_CURVE_FONT('continuous');
#19629 = OVER_RIDING_STYLED_ITEM('overriding color',(#19630),#10985,
  #19620);
#19630 = PRESENTATION_STYLE_ASSIGNMENT((#19631,#19636));
#19631 = SURFACE_STYLE_USAGE(.BOTH.,#19632);
#19632 = SURFACE_SIDE_STYLE('',(#19633));
#19633 = SURFACE_STYLE_FILL_AREA(#19634);
#19634 = FILL_AREA_STYLE('',(#19635));
#19635 = FILL_AREA_STYLE_COLOUR('',#17952);
#19636 = CURVE_STYLE('',#19637,POSITIVE_LENGTH_MEASURE(0.1),#17952);
#19637 = DRAUGHTING_PRE_DEFINED_CURVE_FONT('continuous');
#19638 = STYLED_ITEM('color',(#19639),#10995);
#19639 = PRESENTATION_STYLE_ASSIGNMENT((#19640,#19645));
#19640 = SURFACE_STYLE_USAGE(.BOTH.,#19641);
#19641 = SURFACE_SIDE_STYLE('',(#19642));
#19642 = SURFACE_STYLE_FILL_AREA(#19643);
#19643 = FILL_AREA_STYLE('',(#19644));
#19644 = FILL_AREA_STYLE_COLOUR('',#17324);
#19645 = CURVE_STYLE('',#19646,POSITIVE_LENGTH_MEASURE(0.1),#17324);
#19646 = DRAUGHTING_PRE_DEFINED_CURVE_FONT('continuous');
#19647 = OVER_RIDING_STYLED_ITEM('overriding color',(#19648),#11000,
  #19638);
#19648 = PRESENTATION_STYLE_ASSIGNMENT((#19649,#19654));
#19649 = SURFACE_STYLE_USAGE(.BOTH.,#19650);
#19650 = SURFACE_SIDE_STYLE('',(#19651));
#19651 = SURFACE_STYLE_FILL_AREA(#19652);
#19652 = FILL_AREA_STYLE('',(#19653));
#19653 = FILL_AREA_STYLE_COLOUR('',#17952);
#19654 = CURVE_STYLE('',#19655,POSITIVE_LENGTH_MEASURE(0.1),#17952);
#19655 = DRAUGHTING_PRE_DEFINED_CURVE_FONT('continuous');
#19656 = STYLED_ITEM('color',(#19657),#11012);
#19657 = PRESENTATION_STYLE_ASSIGNMENT((#19658,#19663));
#19658 = SURFACE_STYLE_USAGE(.BOTH.,#19659);
#19659 = SURFACE_SIDE_STYLE('',(#19660));
#19660 = SURFACE_STYLE_FILL_AREA(#19661);
#19661 = FILL_AREA_STYLE('',(#19662));
#19662 = FILL_AREA_STYLE_COLOUR('',#17952);
#19663 = CURVE_STYLE('',#19664,POSITIVE_LENGTH_MEASURE(0.1),#17952);
#19664 = DRAUGHTING_PRE_DEFINED_CURVE_FONT('continuous');
#19665 = STYLED_ITEM('color',(#19666),#11061);
#19666 = PRESENTATION_STYLE_ASSIGNMENT((#19667,#19672));
#19667 = SURFACE_STYLE_USAGE(.BOTH.,#19668);
#19668 = SURFACE_SIDE_STYLE('',(#19669));
#19669 = SURFACE_STYLE_FILL_AREA(#19670);
#19670 = FILL_AREA_STYLE('',(#19671));
#19671 = FILL_AREA_STYLE_COLOUR('',#17952);
#19672 = CURVE_STYLE('',#19673,POSITIVE_LENGTH_MEASURE(0.1),#17952);
#19673 = DRAUGHTING_PRE_DEFINED_CURVE_FONT('continuous');
#19674 = STYLED_ITEM('color',(#19675),#11085);
#19675 = PRESENTATION_STYLE_ASSIGNMENT((#19676,#19681));
#19676 = SURFACE_STYLE_USAGE(.BOTH.,#19677);
#19677 = SURFACE_SIDE_STYLE('',(#19678));
#19678 = SURFACE_STYLE_FILL_AREA(#19679);
#19679 = FILL_AREA_STYLE('',(#19680));
#19680 = FILL_AREA_STYLE_COLOUR('',#17952);
#19681 = CURVE_STYLE('',#19682,POSITIVE_LENGTH_MEASURE(0.1),#17952);
#19682 = DRAUGHTING_PRE_DEFINED_CURVE_FONT('continuous');
#19683 = STYLED_ITEM('color',(#19684),#11127);
#19684 = PRESENTATION_STYLE_ASSIGNMENT((#19685,#19690));
#19685 = SURFACE_STYLE_USAGE(.BOTH.,#19686);
#19686 = SURFACE_SIDE_STYLE('',(#19687));
#19687 = SURFACE_STYLE_FILL_AREA(#19688);
#19688 = FILL_AREA_STYLE('',(#19689));
#19689 = FILL_AREA_STYLE_COLOUR('',#17952);
#19690 = CURVE_STYLE('',#19691,POSITIVE_LENGTH_MEASURE(0.1),#17952);
#19691 = DRAUGHTING_PRE_DEFINED_CURVE_FONT('continuous');
#19692 = STYLED_ITEM('color',(#19693),#11144);
#19693 = PRESENTATION_STYLE_ASSIGNMENT((#19694,#19699));
#19694 = SURFACE_STYLE_USAGE(.BOTH.,#19695);
#19695 = SURFACE_SIDE_STYLE('',(#19696));
#19696 = SURFACE_STYLE_FILL_AREA(#19697);
#19697 = FILL_AREA_STYLE('',(#19698));
#19698 = FILL_AREA_STYLE_COLOUR('',#17324);
#19699 = CURVE_STYLE('',#19700,POSITIVE_LENGTH_MEASURE(0.1),#17324);
#19700 = DRAUGHTING_PRE_DEFINED_CURVE_FONT('continuous');
#19701 = OVER_RIDING_STYLED_ITEM('overriding color',(#19702),#11151,
  #19692);
#19702 = PRESENTATION_STYLE_ASSIGNMENT((#19703,#19708));
#19703 = SURFACE_STYLE_USAGE(.BOTH.,#19704);
#19704 = SURFACE_SIDE_STYLE('',(#19705));
#19705 = SURFACE_STYLE_FILL_AREA(#19706);
#19706 = FILL_AREA_STYLE('',(#19707));
#19707 = FILL_AREA_STYLE_COLOUR('',#17952);
#19708 = CURVE_STYLE('',#19709,POSITIVE_LENGTH_MEASURE(0.1),#17952);
#19709 = DRAUGHTING_PRE_DEFINED_CURVE_FONT('continuous');
#19710 = STYLED_ITEM('color',(#19711),#11161);
#19711 = PRESENTATION_STYLE_ASSIGNMENT((#19712,#19717));
#19712 = SURFACE_STYLE_USAGE(.BOTH.,#19713);
#19713 = SURFACE_SIDE_STYLE('',(#19714));
#19714 = SURFACE_STYLE_FILL_AREA(#19715);
#19715 = FILL_AREA_STYLE('',(#19716));
#19716 = FILL_AREA_STYLE_COLOUR('',#17324);
#19717 = CURVE_STYLE('',#19718,POSITIVE_LENGTH_MEASURE(0.1),#17324);
#19718 = DRAUGHTING_PRE_DEFINED_CURVE_FONT('continuous');
#19719 = OVER_RIDING_STYLED_ITEM('overriding color',(#19720),#11166,
  #19710);
#19720 = PRESENTATION_STYLE_ASSIGNMENT((#19721,#19726));
#19721 = SURFACE_STYLE_USAGE(.BOTH.,#19722);
#19722 = SURFACE_SIDE_STYLE('',(#19723));
#19723 = SURFACE_STYLE_FILL_AREA(#19724);
#19724 = FILL_AREA_STYLE('',(#19725));
#19725 = FILL_AREA_STYLE_COLOUR('',#17952);
#19726 = CURVE_STYLE('',#19727,POSITIVE_LENGTH_MEASURE(0.1),#17952);
#19727 = DRAUGHTING_PRE_DEFINED_CURVE_FONT('continuous');
#19728 = STYLED_ITEM('color',(#19729),#11178);
#19729 = PRESENTATION_STYLE_ASSIGNMENT((#19730,#19735));
#19730 = SURFACE_STYLE_USAGE(.BOTH.,#19731);
#19731 = SURFACE_SIDE_STYLE('',(#19732));
#19732 = SURFACE_STYLE_FILL_AREA(#19733);
#19733 = FILL_AREA_STYLE('',(#19734));
#19734 = FILL_AREA_STYLE_COLOUR('',#17952);
#19735 = CURVE_STYLE('',#19736,POSITIVE_LENGTH_MEASURE(0.1),#17952);
#19736 = DRAUGHTING_PRE_DEFINED_CURVE_FONT('continuous');
#19737 = STYLED_ITEM('color',(#19738),#11227);
#19738 = PRESENTATION_STYLE_ASSIGNMENT((#19739,#19744));
#19739 = SURFACE_STYLE_USAGE(.BOTH.,#19740);
#19740 = SURFACE_SIDE_STYLE('',(#19741));
#19741 = SURFACE_STYLE_FILL_AREA(#19742);
#19742 = FILL_AREA_STYLE('',(#19743));
#19743 = FILL_AREA_STYLE_COLOUR('',#17952);
#19744 = CURVE_STYLE('',#19745,POSITIVE_LENGTH_MEASURE(0.1),#17952);
#19745 = DRAUGHTING_PRE_DEFINED_CURVE_FONT('continuous');
#19746 = STYLED_ITEM('color',(#19747),#11251);
#19747 = PRESENTATION_STYLE_ASSIGNMENT((#19748,#19753));
#19748 = SURFACE_STYLE_USAGE(.BOTH.,#19749);
#19749 = SURFACE_SIDE_STYLE('',(#19750));
#19750 = SURFACE_STYLE_FILL_AREA(#19751);
#19751 = FILL_AREA_STYLE('',(#19752));
#19752 = FILL_AREA_STYLE_COLOUR('',#17952);
#19753 = CURVE_STYLE('',#19754,POSITIVE_LENGTH_MEASURE(0.1),#17952);
#19754 = DRAUGHTING_PRE_DEFINED_CURVE_FONT('continuous');
#19755 = STYLED_ITEM('color',(#19756),#11293);
#19756 = PRESENTATION_STYLE_ASSIGNMENT((#19757,#19762));
#19757 = SURFACE_STYLE_USAGE(.BOTH.,#19758);
#19758 = SURFACE_SIDE_STYLE('',(#19759));
#19759 = SURFACE_STYLE_FILL_AREA(#19760);
#19760 = FILL_AREA_STYLE('',(#19761));
#19761 = FILL_AREA_STYLE_COLOUR('',#17952);
#19762 = CURVE_STYLE('',#19763,POSITIVE_LENGTH_MEASURE(0.1),#17952);
#19763 = DRAUGHTING_PRE_DEFINED_CURVE_FONT('continuous');
#19764 = STYLED_ITEM('color',(#19765),#11310);
#19765 = PRESENTATION_STYLE_ASSIGNMENT((#19766,#19771));
#19766 = SURFACE_STYLE_USAGE(.BOTH.,#19767);
#19767 = SURFACE_SIDE_STYLE('',(#19768));
#19768 = SURFACE_STYLE_FILL_AREA(#19769);
#19769 = FILL_AREA_STYLE('',(#19770));
#19770 = FILL_AREA_STYLE_COLOUR('',#17324);
#19771 = CURVE_STYLE('',#19772,POSITIVE_LENGTH_MEASURE(0.1),#17324);
#19772 = DRAUGHTING_PRE_DEFINED_CURVE_FONT('continuous');
#19773 = OVER_RIDING_STYLED_ITEM('overriding color',(#19774),#11317,
  #19764);
#19774 = PRESENTATION_STYLE_ASSIGNMENT((#19775,#19780));
#19775 = SURFACE_STYLE_USAGE(.BOTH.,#19776);
#19776 = SURFACE_SIDE_STYLE('',(#19777));
#19777 = SURFACE_STYLE_FILL_AREA(#19778);
#19778 = FILL_AREA_STYLE('',(#19779));
#19779 = FILL_AREA_STYLE_COLOUR('',#17952);
#19780 = CURVE_STYLE('',#19781,POSITIVE_LENGTH_MEASURE(0.1),#17952);
#19781 = DRAUGHTING_PRE_DEFINED_CURVE_FONT('continuous');
#19782 = STYLED_ITEM('color',(#19783),#11327);
#19783 = PRESENTATION_STYLE_ASSIGNMENT((#19784,#19789));
#19784 = SURFACE_STYLE_USAGE(.BOTH.,#19785);
#19785 = SURFACE_SIDE_STYLE('',(#19786));
#19786 = SURFACE_STYLE_FILL_AREA(#19787);
#19787 = FILL_AREA_STYLE('',(#19788));
#19788 = FILL_AREA_STYLE_COLOUR('',#17324);
#19789 = CURVE_STYLE('',#19790,POSITIVE_LENGTH_MEASURE(0.1),#17324);
#19790 = DRAUGHTING_PRE_DEFINED_CURVE_FONT('continuous');
#19791 = OVER_RIDING_STYLED_ITEM('overriding color',(#19792),#11332,
  #19782);
#19792 = PRESENTATION_STYLE_ASSIGNMENT((#19793,#19798));
#19793 = SURFACE_STYLE_USAGE(.BOTH.,#19794);
#19794 = SURFACE_SIDE_STYLE('',(#19795));
#19795 = SURFACE_STYLE_FILL_AREA(#19796);
#19796 = FILL_AREA_STYLE('',(#19797));
#19797 = FILL_AREA_STYLE_COLOUR('',#17952);
#19798 = CURVE_STYLE('',#19799,POSITIVE_LENGTH_MEASURE(0.1),#17952);
#19799 = DRAUGHTING_PRE_DEFINED_CURVE_FONT('continuous');
#19800 = STYLED_ITEM('color',(#19801),#11344);
#19801 = PRESENTATION_STYLE_ASSIGNMENT((#19802,#19807));
#19802 = SURFACE_STYLE_USAGE(.BOTH.,#19803);
#19803 = SURFACE_SIDE_STYLE('',(#19804));
#19804 = SURFACE_STYLE_FILL_AREA(#19805);
#19805 = FILL_AREA_STYLE('',(#19806));
#19806 = FILL_AREA_STYLE_COLOUR('',#17952);
#19807 = CURVE_STYLE('',#19808,POSITIVE_LENGTH_MEASURE(0.1),#17952);
#19808 = DRAUGHTING_PRE_DEFINED_CURVE_FONT('continuous');
#19809 = STYLED_ITEM('color',(#19810),#11393);
#19810 = PRESENTATION_STYLE_ASSIGNMENT((#19811,#19816));
#19811 = SURFACE_STYLE_USAGE(.BOTH.,#19812);
#19812 = SURFACE_SIDE_STYLE('',(#19813));
#19813 = SURFACE_STYLE_FILL_AREA(#19814);
#19814 = FILL_AREA_STYLE('',(#19815));
#19815 = FILL_AREA_STYLE_COLOUR('',#17952);
#19816 = CURVE_STYLE('',#19817,POSITIVE_LENGTH_MEASURE(0.1),#17952);
#19817 = DRAUGHTING_PRE_DEFINED_CURVE_FONT('continuous');
#19818 = STYLED_ITEM('color',(#19819),#11417);
#19819 = PRESENTATION_STYLE_ASSIGNMENT((#19820,#19825));
#19820 = SURFACE_STYLE_USAGE(.BOTH.,#19821);
#19821 = SURFACE_SIDE_STYLE('',(#19822));
#19822 = SURFACE_STYLE_FILL_AREA(#19823);
#19823 = FILL_AREA_STYLE('',(#19824));
#19824 = FILL_AREA_STYLE_COLOUR('',#17952);
#19825 = CURVE_STYLE('',#19826,POSITIVE_LENGTH_MEASURE(0.1),#17952);
#19826 = DRAUGHTING_PRE_DEFINED_CURVE_FONT('continuous');
#19827 = STYLED_ITEM('color',(#19828),#11459);
#19828 = PRESENTATION_STYLE_ASSIGNMENT((#19829,#19834));
#19829 = SURFACE_STYLE_USAGE(.BOTH.,#19830);
#19830 = SURFACE_SIDE_STYLE('',(#19831));
#19831 = SURFACE_STYLE_FILL_AREA(#19832);
#19832 = FILL_AREA_STYLE('',(#19833));
#19833 = FILL_AREA_STYLE_COLOUR('',#17952);
#19834 = CURVE_STYLE('',#19835,POSITIVE_LENGTH_MEASURE(0.1),#17952);
#19835 = DRAUGHTING_PRE_DEFINED_CURVE_FONT('continuous');
#19836 = STYLED_ITEM('color',(#19837),#11476);
#19837 = PRESENTATION_STYLE_ASSIGNMENT((#19838,#19843));
#19838 = SURFACE_STYLE_USAGE(.BOTH.,#19839);
#19839 = SURFACE_SIDE_STYLE('',(#19840));
#19840 = SURFACE_STYLE_FILL_AREA(#19841);
#19841 = FILL_AREA_STYLE('',(#19842));
#19842 = FILL_AREA_STYLE_COLOUR('',#17324);
#19843 = CURVE_STYLE('',#19844,POSITIVE_LENGTH_MEASURE(0.1),#17324);
#19844 = DRAUGHTING_PRE_DEFINED_CURVE_FONT('continuous');
#19845 = OVER_RIDING_STYLED_ITEM('overriding color',(#19846),#11483,
  #19836);
#19846 = PRESENTATION_STYLE_ASSIGNMENT((#19847,#19852));
#19847 = SURFACE_STYLE_USAGE(.BOTH.,#19848);
#19848 = SURFACE_SIDE_STYLE('',(#19849));
#19849 = SURFACE_STYLE_FILL_AREA(#19850);
#19850 = FILL_AREA_STYLE('',(#19851));
#19851 = FILL_AREA_STYLE_COLOUR('',#17952);
#19852 = CURVE_STYLE('',#19853,POSITIVE_LENGTH_MEASURE(0.1),#17952);
#19853 = DRAUGHTING_PRE_DEFINED_CURVE_FONT('continuous');
#19854 = STYLED_ITEM('color',(#19855),#11493);
#19855 = PRESENTATION_STYLE_ASSIGNMENT((#19856,#19861));
#19856 = SURFACE_STYLE_USAGE(.BOTH.,#19857);
#19857 = SURFACE_SIDE_STYLE('',(#19858));
#19858 = SURFACE_STYLE_FILL_AREA(#19859);
#19859 = FILL_AREA_STYLE('',(#19860));
#19860 = FILL_AREA_STYLE_COLOUR('',#17324);
#19861 = CURVE_STYLE('',#19862,POSITIVE_LENGTH_MEASURE(0.1),#17324);
#19862 = DRAUGHTING_PRE_DEFINED_CURVE_FONT('continuous');
#19863 = OVER_RIDING_STYLED_ITEM('overriding color',(#19864),#11498,
  #19854);
#19864 = PRESENTATION_STYLE_ASSIGNMENT((#19865,#19870));
#19865 = SURFACE_STYLE_USAGE(.BOTH.,#19866);
#19866 = SURFACE_SIDE_STYLE('',(#19867));
#19867 = SURFACE_STYLE_FILL_AREA(#19868);
#19868 = FILL_AREA_STYLE('',(#19869));
#19869 = FILL_AREA_STYLE_COLOUR('',#17952);
#19870 = CURVE_STYLE('',#19871,POSITIVE_LENGTH_MEASURE(0.1),#17952);
#19871 = DRAUGHTING_PRE_DEFINED_CURVE_FONT('continuous');
#19872 = STYLED_ITEM('color',(#19873),#11510);
#19873 = PRESENTATION_STYLE_ASSIGNMENT((#19874,#19879));
#19874 = SURFACE_STYLE_USAGE(.BOTH.,#19875);
#19875 = SURFACE_SIDE_STYLE('',(#19876));
#19876 = SURFACE_STYLE_FILL_AREA(#19877);
#19877 = FILL_AREA_STYLE('',(#19878));
#19878 = FILL_AREA_STYLE_COLOUR('',#17952);
#19879 = CURVE_STYLE('',#19880,POSITIVE_LENGTH_MEASURE(0.1),#17952);
#19880 = DRAUGHTING_PRE_DEFINED_CURVE_FONT('continuous');
#19881 = STYLED_ITEM('color',(#19882),#11559);
#19882 = PRESENTATION_STYLE_ASSIGNMENT((#19883,#19888));
#19883 = SURFACE_STYLE_USAGE(.BOTH.,#19884);
#19884 = SURFACE_SIDE_STYLE('',(#19885));
#19885 = SURFACE_STYLE_FILL_AREA(#19886);
#19886 = FILL_AREA_STYLE('',(#19887));
#19887 = FILL_AREA_STYLE_COLOUR('',#17952);
#19888 = CURVE_STYLE('',#19889,POSITIVE_LENGTH_MEASURE(0.1),#17952);
#19889 = DRAUGHTING_PRE_DEFINED_CURVE_FONT('continuous');
#19890 = STYLED_ITEM('color',(#19891),#11583);
#19891 = PRESENTATION_STYLE_ASSIGNMENT((#19892,#19897));
#19892 = SURFACE_STYLE_USAGE(.BOTH.,#19893);
#19893 = SURFACE_SIDE_STYLE('',(#19894));
#19894 = SURFACE_STYLE_FILL_AREA(#19895);
#19895 = FILL_AREA_STYLE('',(#19896));
#19896 = FILL_AREA_STYLE_COLOUR('',#17952);
#19897 = CURVE_STYLE('',#19898,POSITIVE_LENGTH_MEASURE(0.1),#17952);
#19898 = DRAUGHTING_PRE_DEFINED_CURVE_FONT('continuous');
#19899 = STYLED_ITEM('color',(#19900),#11625);
#19900 = PRESENTATION_STYLE_ASSIGNMENT((#19901,#19906));
#19901 = SURFACE_STYLE_USAGE(.BOTH.,#19902);
#19902 = SURFACE_SIDE_STYLE('',(#19903));
#19903 = SURFACE_STYLE_FILL_AREA(#19904);
#19904 = FILL_AREA_STYLE('',(#19905));
#19905 = FILL_AREA_STYLE_COLOUR('',#17952);
#19906 = CURVE_STYLE('',#19907,POSITIVE_LENGTH_MEASURE(0.1),#17952);
#19907 = DRAUGHTING_PRE_DEFINED_CURVE_FONT('continuous');
#19908 = STYLED_ITEM('color',(#19909),#11642);
#19909 = PRESENTATION_STYLE_ASSIGNMENT((#19910,#19915));
#19910 = SURFACE_STYLE_USAGE(.BOTH.,#19911);
#19911 = SURFACE_SIDE_STYLE('',(#19912));
#19912 = SURFACE_STYLE_FILL_AREA(#19913);
#19913 = FILL_AREA_STYLE('',(#19914));
#19914 = FILL_AREA_STYLE_COLOUR('',#17324);
#19915 = CURVE_STYLE('',#19916,POSITIVE_LENGTH_MEASURE(0.1),#17324);
#19916 = DRAUGHTING_PRE_DEFINED_CURVE_FONT('continuous');
#19917 = OVER_RIDING_STYLED_ITEM('overriding color',(#19918),#11649,
  #19908);
#19918 = PRESENTATION_STYLE_ASSIGNMENT((#19919,#19924));
#19919 = SURFACE_STYLE_USAGE(.BOTH.,#19920);
#19920 = SURFACE_SIDE_STYLE('',(#19921));
#19921 = SURFACE_STYLE_FILL_AREA(#19922);
#19922 = FILL_AREA_STYLE('',(#19923));
#19923 = FILL_AREA_STYLE_COLOUR('',#17952);
#19924 = CURVE_STYLE('',#19925,POSITIVE_LENGTH_MEASURE(0.1),#17952);
#19925 = DRAUGHTING_PRE_DEFINED_CURVE_FONT('continuous');
#19926 = STYLED_ITEM('color',(#19927),#11659);
#19927 = PRESENTATION_STYLE_ASSIGNMENT((#19928,#19933));
#19928 = SURFACE_STYLE_USAGE(.BOTH.,#19929);
#19929 = SURFACE_SIDE_STYLE('',(#19930));
#19930 = SURFACE_STYLE_FILL_AREA(#19931);
#19931 = FILL_AREA_STYLE('',(#19932));
#19932 = FILL_AREA_STYLE_COLOUR('',#17324);
#19933 = CURVE_STYLE('',#19934,POSITIVE_LENGTH_MEASURE(0.1),#17324);
#19934 = DRAUGHTING_PRE_DEFINED_CURVE_FONT('continuous');
#19935 = OVER_RIDING_STYLED_ITEM('overriding color',(#19936),#11664,
  #19926);
#19936 = PRESENTATION_STYLE_ASSIGNMENT((#19937,#19942));
#19937 = SURFACE_STYLE_USAGE(.BOTH.,#19938);
#19938 = SURFACE_SIDE_STYLE('',(#19939));
#19939 = SURFACE_STYLE_FILL_AREA(#19940);
#19940 = FILL_AREA_STYLE('',(#19941));
#19941 = FILL_AREA_STYLE_COLOUR('',#17952);
#19942 = CURVE_STYLE('',#19943,POSITIVE_LENGTH_MEASURE(0.1),#17952);
#19943 = DRAUGHTING_PRE_DEFINED_CURVE_FONT('continuous');
#19944 = STYLED_ITEM('color',(#19945),#11676);
#19945 = PRESENTATION_STYLE_ASSIGNMENT((#19946,#19951));
#19946 = SURFACE_STYLE_USAGE(.BOTH.,#19947);
#19947 = SURFACE_SIDE_STYLE('',(#19948));
#19948 = SURFACE_STYLE_FILL_AREA(#19949);
#19949 = FILL_AREA_STYLE('',(#19950));
#19950 = FILL_AREA_STYLE_COLOUR('',#17952);
#19951 = CURVE_STYLE('',#19952,POSITIVE_LENGTH_MEASURE(0.1),#17952);
#19952 = DRAUGHTING_PRE_DEFINED_CURVE_FONT('continuous');
#19953 = STYLED_ITEM('color',(#19954),#11725);
#19954 = PRESENTATION_STYLE_ASSIGNMENT((#19955,#19960));
#19955 = SURFACE_STYLE_USAGE(.BOTH.,#19956);
#19956 = SURFACE_SIDE_STYLE('',(#19957));
#19957 = SURFACE_STYLE_FILL_AREA(#19958);
#19958 = FILL_AREA_STYLE('',(#19959));
#19959 = FILL_AREA_STYLE_COLOUR('',#17952);
#19960 = CURVE_STYLE('',#19961,POSITIVE_LENGTH_MEASURE(0.1),#17952);
#19961 = DRAUGHTING_PRE_DEFINED_CURVE_FONT('continuous');
#19962 = STYLED_ITEM('color',(#19963),#11749);
#19963 = PRESENTATION_STYLE_ASSIGNMENT((#19964,#19969));
#19964 = SURFACE_STYLE_USAGE(.BOTH.,#19965);
#19965 = SURFACE_SIDE_STYLE('',(#19966));
#19966 = SURFACE_STYLE_FILL_AREA(#19967);
#19967 = FILL_AREA_STYLE('',(#19968));
#19968 = FILL_AREA_STYLE_COLOUR('',#17952);
#19969 = CURVE_STYLE('',#19970,POSITIVE_LENGTH_MEASURE(0.1),#17952);
#19970 = DRAUGHTING_PRE_DEFINED_CURVE_FONT('continuous');
#19971 = STYLED_ITEM('color',(#19972),#11791);
#19972 = PRESENTATION_STYLE_ASSIGNMENT((#19973,#19978));
#19973 = SURFACE_STYLE_USAGE(.BOTH.,#19974);
#19974 = SURFACE_SIDE_STYLE('',(#19975));
#19975 = SURFACE_STYLE_FILL_AREA(#19976);
#19976 = FILL_AREA_STYLE('',(#19977));
#19977 = FILL_AREA_STYLE_COLOUR('',#17952);
#19978 = CURVE_STYLE('',#19979,POSITIVE_LENGTH_MEASURE(0.1),#17952);
#19979 = DRAUGHTING_PRE_DEFINED_CURVE_FONT('continuous');
#19980 = STYLED_ITEM('color',(#19981),#11808);
#19981 = PRESENTATION_STYLE_ASSIGNMENT((#19982,#19987));
#19982 = SURFACE_STYLE_USAGE(.BOTH.,#19983);
#19983 = SURFACE_SIDE_STYLE('',(#19984));
#19984 = SURFACE_STYLE_FILL_AREA(#19985);
#19985 = FILL_AREA_STYLE('',(#19986));
#19986 = FILL_AREA_STYLE_COLOUR('',#17324);
#19987 = CURVE_STYLE('',#19988,POSITIVE_LENGTH_MEASURE(0.1),#17324);
#19988 = DRAUGHTING_PRE_DEFINED_CURVE_FONT('continuous');
#19989 = OVER_RIDING_STYLED_ITEM('overriding color',(#19990),#11815,
  #19980);
#19990 = PRESENTATION_STYLE_ASSIGNMENT((#19991,#19996));
#19991 = SURFACE_STYLE_USAGE(.BOTH.,#19992);
#19992 = SURFACE_SIDE_STYLE('',(#19993));
#19993 = SURFACE_STYLE_FILL_AREA(#19994);
#19994 = FILL_AREA_STYLE('',(#19995));
#19995 = FILL_AREA_STYLE_COLOUR('',#17952);
#19996 = CURVE_STYLE('',#19997,POSITIVE_LENGTH_MEASURE(0.1),#17952);
#19997 = DRAUGHTING_PRE_DEFINED_CURVE_FONT('continuous');
#19998 = STYLED_ITEM('color',(#19999),#11825);
#19999 = PRESENTATION_STYLE_ASSIGNMENT((#20000,#20005));
#20000 = SURFACE_STYLE_USAGE(.BOTH.,#20001);
#20001 = SURFACE_SIDE_STYLE('',(#20002));
#20002 = SURFACE_STYLE_FILL_AREA(#20003);
#20003 = FILL_AREA_STYLE('',(#20004));
#20004 = FILL_AREA_STYLE_COLOUR('',#17324);
#20005 = CURVE_STYLE('',#20006,POSITIVE_LENGTH_MEASURE(0.1),#17324);
#20006 = DRAUGHTING_PRE_DEFINED_CURVE_FONT('continuous');
#20007 = OVER_RIDING_STYLED_ITEM('overriding color',(#20008),#11830,
  #19998);
#20008 = PRESENTATION_STYLE_ASSIGNMENT((#20009,#20014));
#20009 = SURFACE_STYLE_USAGE(.BOTH.,#20010);
#20010 = SURFACE_SIDE_STYLE('',(#20011));
#20011 = SURFACE_STYLE_FILL_AREA(#20012);
#20012 = FILL_AREA_STYLE('',(#20013));
#20013 = FILL_AREA_STYLE_COLOUR('',#17952);
#20014 = CURVE_STYLE('',#20015,POSITIVE_LENGTH_MEASURE(0.1),#17952);
#20015 = DRAUGHTING_PRE_DEFINED_CURVE_FONT('continuous');
#20016 = STYLED_ITEM('color',(#20017),#11842);
#20017 = PRESENTATION_STYLE_ASSIGNMENT((#20018,#20023));
#20018 = SURFACE_STYLE_USAGE(.BOTH.,#20019);
#20019 = SURFACE_SIDE_STYLE('',(#20020));
#20020 = SURFACE_STYLE_FILL_AREA(#20021);
#20021 = FILL_AREA_STYLE('',(#20022));
#20022 = FILL_AREA_STYLE_COLOUR('',#17952);
#20023 = CURVE_STYLE('',#20024,POSITIVE_LENGTH_MEASURE(0.1),#17952);
#20024 = DRAUGHTING_PRE_DEFINED_CURVE_FONT('continuous');
#20025 = STYLED_ITEM('color',(#20026),#11891);
#20026 = PRESENTATION_STYLE_ASSIGNMENT((#20027,#20032));
#20027 = SURFACE_STYLE_USAGE(.BOTH.,#20028);
#20028 = SURFACE_SIDE_STYLE('',(#20029));
#20029 = SURFACE_STYLE_FILL_AREA(#20030);
#20030 = FILL_AREA_STYLE('',(#20031));
#20031 = FILL_AREA_STYLE_COLOUR('',#17952);
#20032 = CURVE_STYLE('',#20033,POSITIVE_LENGTH_MEASURE(0.1),#17952);
#20033 = DRAUGHTING_PRE_DEFINED_CURVE_FONT('continuous');
#20034 = STYLED_ITEM('color',(#20035),#11915);
#20035 = PRESENTATION_STYLE_ASSIGNMENT((#20036,#20041));
#20036 = SURFACE_STYLE_USAGE(.BOTH.,#20037);
#20037 = SURFACE_SIDE_STYLE('',(#20038));
#20038 = SURFACE_STYLE_FILL_AREA(#20039);
#20039 = FILL_AREA_STYLE('',(#20040));
#20040 = FILL_AREA_STYLE_COLOUR('',#17952);
#20041 = CURVE_STYLE('',#20042,POSITIVE_LENGTH_MEASURE(0.1),#17952);
#20042 = DRAUGHTING_PRE_DEFINED_CURVE_FONT('continuous');
#20043 = STYLED_ITEM('color',(#20044),#11957);
#20044 = PRESENTATION_STYLE_ASSIGNMENT((#20045,#20050));
#20045 = SURFACE_STYLE_USAGE(.BOTH.,#20046);
#20046 = SURFACE_SIDE_STYLE('',(#20047));
#20047 = SURFACE_STYLE_FILL_AREA(#20048);
#20048 = FILL_AREA_STYLE('',(#20049));
#20049 = FILL_AREA_STYLE_COLOUR('',#17952);
#20050 = CURVE_STYLE('',#20051,POSITIVE_LENGTH_MEASURE(0.1),#17952);
#20051 = DRAUGHTING_PRE_DEFINED_CURVE_FONT('continuous');
#20052 = STYLED_ITEM('color',(#20053),#11974);
#20053 = PRESENTATION_STYLE_ASSIGNMENT((#20054,#20059));
#20054 = SURFACE_STYLE_USAGE(.BOTH.,#20055);
#20055 = SURFACE_SIDE_STYLE('',(#20056));
#20056 = SURFACE_STYLE_FILL_AREA(#20057);
#20057 = FILL_AREA_STYLE('',(#20058));
#20058 = FILL_AREA_STYLE_COLOUR('',#17324);
#20059 = CURVE_STYLE('',#20060,POSITIVE_LENGTH_MEASURE(0.1),#17324);
#20060 = DRAUGHTING_PRE_DEFINED_CURVE_FONT('continuous');
#20061 = OVER_RIDING_STYLED_ITEM('overriding color',(#20062),#11981,
  #20052);
#20062 = PRESENTATION_STYLE_ASSIGNMENT((#20063,#20068));
#20063 = SURFACE_STYLE_USAGE(.BOTH.,#20064);
#20064 = SURFACE_SIDE_STYLE('',(#20065));
#20065 = SURFACE_STYLE_FILL_AREA(#20066);
#20066 = FILL_AREA_STYLE('',(#20067));
#20067 = FILL_AREA_STYLE_COLOUR('',#17952);
#20068 = CURVE_STYLE('',#20069,POSITIVE_LENGTH_MEASURE(0.1),#17952);
#20069 = DRAUGHTING_PRE_DEFINED_CURVE_FONT('continuous');
#20070 = STYLED_ITEM('color',(#20071),#11991);
#20071 = PRESENTATION_STYLE_ASSIGNMENT((#20072,#20077));
#20072 = SURFACE_STYLE_USAGE(.BOTH.,#20073);
#20073 = SURFACE_SIDE_STYLE('',(#20074));
#20074 = SURFACE_STYLE_FILL_AREA(#20075);
#20075 = FILL_AREA_STYLE('',(#20076));
#20076 = FILL_AREA_STYLE_COLOUR('',#17324);
#20077 = CURVE_STYLE('',#20078,POSITIVE_LENGTH_MEASURE(0.1),#17324);
#20078 = DRAUGHTING_PRE_DEFINED_CURVE_FONT('continuous');
#20079 = OVER_RIDING_STYLED_ITEM('overriding color',(#20080),#11996,
  #20070);
#20080 = PRESENTATION_STYLE_ASSIGNMENT((#20081,#20086));
#20081 = SURFACE_STYLE_USAGE(.BOTH.,#20082);
#20082 = SURFACE_SIDE_STYLE('',(#20083));
#20083 = SURFACE_STYLE_FILL_AREA(#20084);
#20084 = FILL_AREA_STYLE('',(#20085));
#20085 = FILL_AREA_STYLE_COLOUR('',#17952);
#20086 = CURVE_STYLE('',#20087,POSITIVE_LENGTH_MEASURE(0.1),#17952);
#20087 = DRAUGHTING_PRE_DEFINED_CURVE_FONT('continuous');
#20088 = STYLED_ITEM('color',(#20089),#12008);
#20089 = PRESENTATION_STYLE_ASSIGNMENT((#20090,#20095));
#20090 = SURFACE_STYLE_USAGE(.BOTH.,#20091);
#20091 = SURFACE_SIDE_STYLE('',(#20092));
#20092 = SURFACE_STYLE_FILL_AREA(#20093);
#20093 = FILL_AREA_STYLE('',(#20094));
#20094 = FILL_AREA_STYLE_COLOUR('',#17952);
#20095 = CURVE_STYLE('',#20096,POSITIVE_LENGTH_MEASURE(0.1),#17952);
#20096 = DRAUGHTING_PRE_DEFINED_CURVE_FONT('continuous');
#20097 = STYLED_ITEM('color',(#20098),#12057);
#20098 = PRESENTATION_STYLE_ASSIGNMENT((#20099,#20104));
#20099 = SURFACE_STYLE_USAGE(.BOTH.,#20100);
#20100 = SURFACE_SIDE_STYLE('',(#20101));
#20101 = SURFACE_STYLE_FILL_AREA(#20102);
#20102 = FILL_AREA_STYLE('',(#20103));
#20103 = FILL_AREA_STYLE_COLOUR('',#17952);
#20104 = CURVE_STYLE('',#20105,POSITIVE_LENGTH_MEASURE(0.1),#17952);
#20105 = DRAUGHTING_PRE_DEFINED_CURVE_FONT('continuous');
#20106 = STYLED_ITEM('color',(#20107),#12081);
#20107 = PRESENTATION_STYLE_ASSIGNMENT((#20108,#20113));
#20108 = SURFACE_STYLE_USAGE(.BOTH.,#20109);
#20109 = SURFACE_SIDE_STYLE('',(#20110));
#20110 = SURFACE_STYLE_FILL_AREA(#20111);
#20111 = FILL_AREA_STYLE('',(#20112));
#20112 = FILL_AREA_STYLE_COLOUR('',#17952);
#20113 = CURVE_STYLE('',#20114,POSITIVE_LENGTH_MEASURE(0.1),#17952);
#20114 = DRAUGHTING_PRE_DEFINED_CURVE_FONT('continuous');
#20115 = STYLED_ITEM('color',(#20116),#12123);
#20116 = PRESENTATION_STYLE_ASSIGNMENT((#20117,#20122));
#20117 = SURFACE_STYLE_USAGE(.BOTH.,#20118);
#20118 = SURFACE_SIDE_STYLE('',(#20119));
#20119 = SURFACE_STYLE_FILL_AREA(#20120);
#20120 = FILL_AREA_STYLE('',(#20121));
#20121 = FILL_AREA_STYLE_COLOUR('',#17952);
#20122 = CURVE_STYLE('',#20123,POSITIVE_LENGTH_MEASURE(0.1),#17952);
#20123 = DRAUGHTING_PRE_DEFINED_CURVE_FONT('continuous');
#20124 = STYLED_ITEM('color',(#20125),#12140);
#20125 = PRESENTATION_STYLE_ASSIGNMENT((#20126,#20131));
#20126 = SURFACE_STYLE_USAGE(.BOTH.,#20127);
#20127 = SURFACE_SIDE_STYLE('',(#20128));
#20128 = SURFACE_STYLE_FILL_AREA(#20129);
#20129 = FILL_AREA_STYLE('',(#20130));
#20130 = FILL_AREA_STYLE_COLOUR('',#17324);
#20131 = CURVE_STYLE('',#20132,POSITIVE_LENGTH_MEASURE(0.1),#17324);
#20132 = DRAUGHTING_PRE_DEFINED_CURVE_FONT('continuous');
#20133 = OVER_RIDING_STYLED_ITEM('overriding color',(#20134),#12147,
  #20124);
#20134 = PRESENTATION_STYLE_ASSIGNMENT((#20135,#20140));
#20135 = SURFACE_STYLE_USAGE(.BOTH.,#20136);
#20136 = SURFACE_SIDE_STYLE('',(#20137));
#20137 = SURFACE_STYLE_FILL_AREA(#20138);
#20138 = FILL_AREA_STYLE('',(#20139));
#20139 = FILL_AREA_STYLE_COLOUR('',#17952);
#20140 = CURVE_STYLE('',#20141,POSITIVE_LENGTH_MEASURE(0.1),#17952);
#20141 = DRAUGHTING_PRE_DEFINED_CURVE_FONT('continuous');
#20142 = STYLED_ITEM('color',(#20143),#12157);
#20143 = PRESENTATION_STYLE_ASSIGNMENT((#20144,#20149));
#20144 = SURFACE_STYLE_USAGE(.BOTH.,#20145);
#20145 = SURFACE_SIDE_STYLE('',(#20146));
#20146 = SURFACE_STYLE_FILL_AREA(#20147);
#20147 = FILL_AREA_STYLE('',(#20148));
#20148 = FILL_AREA_STYLE_COLOUR('',#17324);
#20149 = CURVE_STYLE('',#20150,POSITIVE_LENGTH_MEASURE(0.1),#17324);
#20150 = DRAUGHTING_PRE_DEFINED_CURVE_FONT('continuous');
#20151 = OVER_RIDING_STYLED_ITEM('overriding color',(#20152),#12162,
  #20142);
#20152 = PRESENTATION_STYLE_ASSIGNMENT((#20153,#20158));
#20153 = SURFACE_STYLE_USAGE(.BOTH.,#20154);
#20154 = SURFACE_SIDE_STYLE('',(#20155));
#20155 = SURFACE_STYLE_FILL_AREA(#20156);
#20156 = FILL_AREA_STYLE('',(#20157));
#20157 = FILL_AREA_STYLE_COLOUR('',#17952);
#20158 = CURVE_STYLE('',#20159,POSITIVE_LENGTH_MEASURE(0.1),#17952);
#20159 = DRAUGHTING_PRE_DEFINED_CURVE_FONT('continuous');
#20160 = STYLED_ITEM('color',(#20161),#12174);
#20161 = PRESENTATION_STYLE_ASSIGNMENT((#20162,#20167));
#20162 = SURFACE_STYLE_USAGE(.BOTH.,#20163);
#20163 = SURFACE_SIDE_STYLE('',(#20164));
#20164 = SURFACE_STYLE_FILL_AREA(#20165);
#20165 = FILL_AREA_STYLE('',(#20166));
#20166 = FILL_AREA_STYLE_COLOUR('',#17952);
#20167 = CURVE_STYLE('',#20168,POSITIVE_LENGTH_MEASURE(0.1),#17952);
#20168 = DRAUGHTING_PRE_DEFINED_CURVE_FONT('continuous');
#20169 = STYLED_ITEM('color',(#20170),#12223);
#20170 = PRESENTATION_STYLE_ASSIGNMENT((#20171,#20176));
#20171 = SURFACE_STYLE_USAGE(.BOTH.,#20172);
#20172 = SURFACE_SIDE_STYLE('',(#20173));
#20173 = SURFACE_STYLE_FILL_AREA(#20174);
#20174 = FILL_AREA_STYLE('',(#20175));
#20175 = FILL_AREA_STYLE_COLOUR('',#17952);
#20176 = CURVE_STYLE('',#20177,POSITIVE_LENGTH_MEASURE(0.1),#17952);
#20177 = DRAUGHTING_PRE_DEFINED_CURVE_FONT('continuous');
#20178 = STYLED_ITEM('color',(#20179),#12247);
#20179 = PRESENTATION_STYLE_ASSIGNMENT((#20180,#20185));
#20180 = SURFACE_STYLE_USAGE(.BOTH.,#20181);
#20181 = SURFACE_SIDE_STYLE('',(#20182));
#20182 = SURFACE_STYLE_FILL_AREA(#20183);
#20183 = FILL_AREA_STYLE('',(#20184));
#20184 = FILL_AREA_STYLE_COLOUR('',#17952);
#20185 = CURVE_STYLE('',#20186,POSITIVE_LENGTH_MEASURE(0.1),#17952);
#20186 = DRAUGHTING_PRE_DEFINED_CURVE_FONT('continuous');
#20187 = STYLED_ITEM('color',(#20188),#12289);
#20188 = PRESENTATION_STYLE_ASSIGNMENT((#20189,#20194));
#20189 = SURFACE_STYLE_USAGE(.BOTH.,#20190);
#20190 = SURFACE_SIDE_STYLE('',(#20191));
#20191 = SURFACE_STYLE_FILL_AREA(#20192);
#20192 = FILL_AREA_STYLE('',(#20193));
#20193 = FILL_AREA_STYLE_COLOUR('',#17952);
#20194 = CURVE_STYLE('',#20195,POSITIVE_LENGTH_MEASURE(0.1),#17952);
#20195 = DRAUGHTING_PRE_DEFINED_CURVE_FONT('continuous');
#20196 = STYLED_ITEM('color',(#20197),#12306);
#20197 = PRESENTATION_STYLE_ASSIGNMENT((#20198,#20203));
#20198 = SURFACE_STYLE_USAGE(.BOTH.,#20199);
#20199 = SURFACE_SIDE_STYLE('',(#20200));
#20200 = SURFACE_STYLE_FILL_AREA(#20201);
#20201 = FILL_AREA_STYLE('',(#20202));
#20202 = FILL_AREA_STYLE_COLOUR('',#17952);
#20203 = CURVE_STYLE('',#20204,POSITIVE_LENGTH_MEASURE(0.1),#17952);
#20204 = DRAUGHTING_PRE_DEFINED_CURVE_FONT('continuous');
#20205 = STYLED_ITEM('color',(#20206),#12323);
#20206 = PRESENTATION_STYLE_ASSIGNMENT((#20207,#20212));
#20207 = SURFACE_STYLE_USAGE(.BOTH.,#20208);
#20208 = SURFACE_SIDE_STYLE('',(#20209));
#20209 = SURFACE_STYLE_FILL_AREA(#20210);
#20210 = FILL_AREA_STYLE('',(#20211));
#20211 = FILL_AREA_STYLE_COLOUR('',#17952);
#20212 = CURVE_STYLE('',#20213,POSITIVE_LENGTH_MEASURE(0.1),#17952);
#20213 = DRAUGHTING_PRE_DEFINED_CURVE_FONT('continuous');
#20214 = STYLED_ITEM('color',(#20215),#12340);
#20215 = PRESENTATION_STYLE_ASSIGNMENT((#20216,#20221));
#20216 = SURFACE_STYLE_USAGE(.BOTH.,#20217);
#20217 = SURFACE_SIDE_STYLE('',(#20218));
#20218 = SURFACE_STYLE_FILL_AREA(#20219);
#20219 = FILL_AREA_STYLE('',(#20220));
#20220 = FILL_AREA_STYLE_COLOUR('',#17952);
#20221 = CURVE_STYLE('',#20222,POSITIVE_LENGTH_MEASURE(0.1),#17952);
#20222 = DRAUGHTING_PRE_DEFINED_CURVE_FONT('continuous');
#20223 = STYLED_ITEM('color',(#20224),#12352);
#20224 = PRESENTATION_STYLE_ASSIGNMENT((#20225,#20230));
#20225 = SURFACE_STYLE_USAGE(.BOTH.,#20226);
#20226 = SURFACE_SIDE_STYLE('',(#20227));
#20227 = SURFACE_STYLE_FILL_AREA(#20228);
#20228 = FILL_AREA_STYLE('',(#20229));
#20229 = FILL_AREA_STYLE_COLOUR('',#17952);
#20230 = CURVE_STYLE('',#20231,POSITIVE_LENGTH_MEASURE(0.1),#17952);
#20231 = DRAUGHTING_PRE_DEFINED_CURVE_FONT('continuous');
#20232 = STYLED_ITEM('color',(#20233),#12369);
#20233 = PRESENTATION_STYLE_ASSIGNMENT((#20234,#20239));
#20234 = SURFACE_STYLE_USAGE(.BOTH.,#20235);
#20235 = SURFACE_SIDE_STYLE('',(#20236));
#20236 = SURFACE_STYLE_FILL_AREA(#20237);
#20237 = FILL_AREA_STYLE('',(#20238));
#20238 = FILL_AREA_STYLE_COLOUR('',#17952);
#20239 = CURVE_STYLE('',#20240,POSITIVE_LENGTH_MEASURE(0.1),#17952);
#20240 = DRAUGHTING_PRE_DEFINED_CURVE_FONT('continuous');
#20241 = STYLED_ITEM('color',(#20242),#12386);
#20242 = PRESENTATION_STYLE_ASSIGNMENT((#20243,#20248));
#20243 = SURFACE_STYLE_USAGE(.BOTH.,#20244);
#20244 = SURFACE_SIDE_STYLE('',(#20245));
#20245 = SURFACE_STYLE_FILL_AREA(#20246);
#20246 = FILL_AREA_STYLE('',(#20247));
#20247 = FILL_AREA_STYLE_COLOUR('',#17952);
#20248 = CURVE_STYLE('',#20249,POSITIVE_LENGTH_MEASURE(0.1),#17952);
#20249 = DRAUGHTING_PRE_DEFINED_CURVE_FONT('continuous');
#20250 = STYLED_ITEM('color',(#20251),#12398);
#20251 = PRESENTATION_STYLE_ASSIGNMENT((#20252,#20257));
#20252 = SURFACE_STYLE_USAGE(.BOTH.,#20253);
#20253 = SURFACE_SIDE_STYLE('',(#20254));
#20254 = SURFACE_STYLE_FILL_AREA(#20255);
#20255 = FILL_AREA_STYLE('',(#20256));
#20256 = FILL_AREA_STYLE_COLOUR('',#17952);
#20257 = CURVE_STYLE('',#20258,POSITIVE_LENGTH_MEASURE(0.1),#17952);
#20258 = DRAUGHTING_PRE_DEFINED_CURVE_FONT('continuous');
#20259 = STYLED_ITEM('color',(#20260),#12415);
#20260 = PRESENTATION_STYLE_ASSIGNMENT((#20261,#20266));
#20261 = SURFACE_STYLE_USAGE(.BOTH.,#20262);
#20262 = SURFACE_SIDE_STYLE('',(#20263));
#20263 = SURFACE_STYLE_FILL_AREA(#20264);
#20264 = FILL_AREA_STYLE('',(#20265));
#20265 = FILL_AREA_STYLE_COLOUR('',#17952);
#20266 = CURVE_STYLE('',#20267,POSITIVE_LENGTH_MEASURE(0.1),#17952);
#20267 = DRAUGHTING_PRE_DEFINED_CURVE_FONT('continuous');
#20268 = STYLED_ITEM('color',(#20269),#12432);
#20269 = PRESENTATION_STYLE_ASSIGNMENT((#20270,#20275));
#20270 = SURFACE_STYLE_USAGE(.BOTH.,#20271);
#20271 = SURFACE_SIDE_STYLE('',(#20272));
#20272 = SURFACE_STYLE_FILL_AREA(#20273);
#20273 = FILL_AREA_STYLE('',(#20274));
#20274 = FILL_AREA_STYLE_COLOUR('',#17952);
#20275 = CURVE_STYLE('',#20276,POSITIVE_LENGTH_MEASURE(0.1),#17952);
#20276 = DRAUGHTING_PRE_DEFINED_CURVE_FONT('continuous');
#20277 = STYLED_ITEM('color',(#20278),#12444);
#20278 = PRESENTATION_STYLE_ASSIGNMENT((#20279,#20284));
#20279 = SURFACE_STYLE_USAGE(.BOTH.,#20280);
#20280 = SURFACE_SIDE_STYLE('',(#20281));
#20281 = SURFACE_STYLE_FILL_AREA(#20282);
#20282 = FILL_AREA_STYLE('',(#20283));
#20283 = FILL_AREA_STYLE_COLOUR('',#17952);
#20284 = CURVE_STYLE('',#20285,POSITIVE_LENGTH_MEASURE(0.1),#17952);
#20285 = DRAUGHTING_PRE_DEFINED_CURVE_FONT('continuous');
#20286 = STYLED_ITEM('color',(#20287),#12461);
#20287 = PRESENTATION_STYLE_ASSIGNMENT((#20288,#20293));
#20288 = SURFACE_STYLE_USAGE(.BOTH.,#20289);
#20289 = SURFACE_SIDE_STYLE('',(#20290));
#20290 = SURFACE_STYLE_FILL_AREA(#20291);
#20291 = FILL_AREA_STYLE('',(#20292));
#20292 = FILL_AREA_STYLE_COLOUR('',#17952);
#20293 = CURVE_STYLE('',#20294,POSITIVE_LENGTH_MEASURE(0.1),#17952);
#20294 = DRAUGHTING_PRE_DEFINED_CURVE_FONT('continuous');
#20295 = STYLED_ITEM('color',(#20296),#12478);
#20296 = PRESENTATION_STYLE_ASSIGNMENT((#20297,#20302));
#20297 = SURFACE_STYLE_USAGE(.BOTH.,#20298);
#20298 = SURFACE_SIDE_STYLE('',(#20299));
#20299 = SURFACE_STYLE_FILL_AREA(#20300);
#20300 = FILL_AREA_STYLE('',(#20301));
#20301 = FILL_AREA_STYLE_COLOUR('',#17952);
#20302 = CURVE_STYLE('',#20303,POSITIVE_LENGTH_MEASURE(0.1),#17952);
#20303 = DRAUGHTING_PRE_DEFINED_CURVE_FONT('continuous');
#20304 = STYLED_ITEM('color',(#20305),#12490);
#20305 = PRESENTATION_STYLE_ASSIGNMENT((#20306,#20311));
#20306 = SURFACE_STYLE_USAGE(.BOTH.,#20307);
#20307 = SURFACE_SIDE_STYLE('',(#20308));
#20308 = SURFACE_STYLE_FILL_AREA(#20309);
#20309 = FILL_AREA_STYLE('',(#20310));
#20310 = FILL_AREA_STYLE_COLOUR('',#17952);
#20311 = CURVE_STYLE('',#20312,POSITIVE_LENGTH_MEASURE(0.1),#17952);
#20312 = DRAUGHTING_PRE_DEFINED_CURVE_FONT('continuous');
#20313 = STYLED_ITEM('color',(#20314),#12507);
#20314 = PRESENTATION_STYLE_ASSIGNMENT((#20315,#20320));
#20315 = SURFACE_STYLE_USAGE(.BOTH.,#20316);
#20316 = SURFACE_SIDE_STYLE('',(#20317));
#20317 = SURFACE_STYLE_FILL_AREA(#20318);
#20318 = FILL_AREA_STYLE('',(#20319));
#20319 = FILL_AREA_STYLE_COLOUR('',#17952);
#20320 = CURVE_STYLE('',#20321,POSITIVE_LENGTH_MEASURE(0.1),#17952);
#20321 = DRAUGHTING_PRE_DEFINED_CURVE_FONT('continuous');
#20322 = STYLED_ITEM('color',(#20323),#12524);
#20323 = PRESENTATION_STYLE_ASSIGNMENT((#20324,#20329));
#20324 = SURFACE_STYLE_USAGE(.BOTH.,#20325);
#20325 = SURFACE_SIDE_STYLE('',(#20326));
#20326 = SURFACE_STYLE_FILL_AREA(#20327);
#20327 = FILL_AREA_STYLE('',(#20328));
#20328 = FILL_AREA_STYLE_COLOUR('',#17952);
#20329 = CURVE_STYLE('',#20330,POSITIVE_LENGTH_MEASURE(0.1),#17952);
#20330 = DRAUGHTING_PRE_DEFINED_CURVE_FONT('continuous');
#20331 = STYLED_ITEM('color',(#20332),#12536);
#20332 = PRESENTATION_STYLE_ASSIGNMENT((#20333,#20338));
#20333 = SURFACE_STYLE_USAGE(.BOTH.,#20334);
#20334 = SURFACE_SIDE_STYLE('',(#20335));
#20335 = SURFACE_STYLE_FILL_AREA(#20336);
#20336 = FILL_AREA_STYLE('',(#20337));
#20337 = FILL_AREA_STYLE_COLOUR('',#17952);
#20338 = CURVE_STYLE('',#20339,POSITIVE_LENGTH_MEASURE(0.1),#17952);
#20339 = DRAUGHTING_PRE_DEFINED_CURVE_FONT('continuous');
#20340 = STYLED_ITEM('color',(#20341),#12553);
#20341 = PRESENTATION_STYLE_ASSIGNMENT((#20342,#20347));
#20342 = SURFACE_STYLE_USAGE(.BOTH.,#20343);
#20343 = SURFACE_SIDE_STYLE('',(#20344));
#20344 = SURFACE_STYLE_FILL_AREA(#20345);
#20345 = FILL_AREA_STYLE('',(#20346));
#20346 = FILL_AREA_STYLE_COLOUR('',#17952);
#20347 = CURVE_STYLE('',#20348,POSITIVE_LENGTH_MEASURE(0.1),#17952);
#20348 = DRAUGHTING_PRE_DEFINED_CURVE_FONT('continuous');
#20349 = STYLED_ITEM('color',(#20350),#12570);
#20350 = PRESENTATION_STYLE_ASSIGNMENT((#20351,#20356));
#20351 = SURFACE_STYLE_USAGE(.BOTH.,#20352);
#20352 = SURFACE_SIDE_STYLE('',(#20353));
#20353 = SURFACE_STYLE_FILL_AREA(#20354);
#20354 = FILL_AREA_STYLE('',(#20355));
#20355 = FILL_AREA_STYLE_COLOUR('',#17952);
#20356 = CURVE_STYLE('',#20357,POSITIVE_LENGTH_MEASURE(0.1),#17952);
#20357 = DRAUGHTING_PRE_DEFINED_CURVE_FONT('continuous');
#20358 = STYLED_ITEM('color',(#20359),#12582);
#20359 = PRESENTATION_STYLE_ASSIGNMENT((#20360,#20365));
#20360 = SURFACE_STYLE_USAGE(.BOTH.,#20361);
#20361 = SURFACE_SIDE_STYLE('',(#20362));
#20362 = SURFACE_STYLE_FILL_AREA(#20363);
#20363 = FILL_AREA_STYLE('',(#20364));
#20364 = FILL_AREA_STYLE_COLOUR('',#17952);
#20365 = CURVE_STYLE('',#20366,POSITIVE_LENGTH_MEASURE(0.1),#17952);
#20366 = DRAUGHTING_PRE_DEFINED_CURVE_FONT('continuous');
#20367 = STYLED_ITEM('color',(#20368),#12599);
#20368 = PRESENTATION_STYLE_ASSIGNMENT((#20369,#20374));
#20369 = SURFACE_STYLE_USAGE(.BOTH.,#20370);
#20370 = SURFACE_SIDE_STYLE('',(#20371));
#20371 = SURFACE_STYLE_FILL_AREA(#20372);
#20372 = FILL_AREA_STYLE('',(#20373));
#20373 = FILL_AREA_STYLE_COLOUR('',#17952);
#20374 = CURVE_STYLE('',#20375,POSITIVE_LENGTH_MEASURE(0.1),#17952);
#20375 = DRAUGHTING_PRE_DEFINED_CURVE_FONT('continuous');
#20376 = STYLED_ITEM('color',(#20377),#12616);
#20377 = PRESENTATION_STYLE_ASSIGNMENT((#20378,#20383));
#20378 = SURFACE_STYLE_USAGE(.BOTH.,#20379);
#20379 = SURFACE_SIDE_STYLE('',(#20380));
#20380 = SURFACE_STYLE_FILL_AREA(#20381);
#20381 = FILL_AREA_STYLE('',(#20382));
#20382 = FILL_AREA_STYLE_COLOUR('',#17952);
#20383 = CURVE_STYLE('',#20384,POSITIVE_LENGTH_MEASURE(0.1),#17952);
#20384 = DRAUGHTING_PRE_DEFINED_CURVE_FONT('continuous');
#20385 = STYLED_ITEM('color',(#20386),#12628);
#20386 = PRESENTATION_STYLE_ASSIGNMENT((#20387,#20392));
#20387 = SURFACE_STYLE_USAGE(.BOTH.,#20388);
#20388 = SURFACE_SIDE_STYLE('',(#20389));
#20389 = SURFACE_STYLE_FILL_AREA(#20390);
#20390 = FILL_AREA_STYLE('',(#20391));
#20391 = FILL_AREA_STYLE_COLOUR('',#17952);
#20392 = CURVE_STYLE('',#20393,POSITIVE_LENGTH_MEASURE(0.1),#17952);
#20393 = DRAUGHTING_PRE_DEFINED_CURVE_FONT('continuous');
#20394 = STYLED_ITEM('color',(#20395),#12645);
#20395 = PRESENTATION_STYLE_ASSIGNMENT((#20396,#20401));
#20396 = SURFACE_STYLE_USAGE(.BOTH.,#20397);
#20397 = SURFACE_SIDE_STYLE('',(#20398));
#20398 = SURFACE_STYLE_FILL_AREA(#20399);
#20399 = FILL_AREA_STYLE('',(#20400));
#20400 = FILL_AREA_STYLE_COLOUR('',#17952);
#20401 = CURVE_STYLE('',#20402,POSITIVE_LENGTH_MEASURE(0.1),#17952);
#20402 = DRAUGHTING_PRE_DEFINED_CURVE_FONT('continuous');
#20403 = STYLED_ITEM('color',(#20404),#12662);
#20404 = PRESENTATION_STYLE_ASSIGNMENT((#20405,#20410));
#20405 = SURFACE_STYLE_USAGE(.BOTH.,#20406);
#20406 = SURFACE_SIDE_STYLE('',(#20407));
#20407 = SURFACE_STYLE_FILL_AREA(#20408);
#20408 = FILL_AREA_STYLE('',(#20409));
#20409 = FILL_AREA_STYLE_COLOUR('',#17952);
#20410 = CURVE_STYLE('',#20411,POSITIVE_LENGTH_MEASURE(0.1),#17952);
#20411 = DRAUGHTING_PRE_DEFINED_CURVE_FONT('continuous');
#20412 = MECHANICAL_DESIGN_GEOMETRIC_PRESENTATION_REPRESENTATION('',(
    #20413,#20420,#20427,#20434,#20441,#20448,#20455,#20462,#20470,
    #20477,#20484,#20492,#20499,#20506,#20513,#20520),#5743);
#20413 = STYLED_ITEM('color',(#20414),#5395);
#20414 = PRESENTATION_STYLE_ASSIGNMENT((#20415));
#20415 = SURFACE_STYLE_USAGE(.BOTH.,#20416);
#20416 = SURFACE_SIDE_STYLE('',(#20417));
#20417 = SURFACE_STYLE_FILL_AREA(#20418);
#20418 = FILL_AREA_STYLE('',(#20419));
#20419 = FILL_AREA_STYLE_COLOUR('',#17360);
#20420 = STYLED_ITEM('color',(#20421),#5428);
#20421 = PRESENTATION_STYLE_ASSIGNMENT((#20422));
#20422 = SURFACE_STYLE_USAGE(.BOTH.,#20423);
#20423 = SURFACE_SIDE_STYLE('',(#20424));
#20424 = SURFACE_STYLE_FILL_AREA(#20425);
#20425 = FILL_AREA_STYLE('',(#20426));
#20426 = FILL_AREA_STYLE_COLOUR('',#17360);
#20427 = STYLED_ITEM('color',(#20428),#5454);
#20428 = PRESENTATION_STYLE_ASSIGNMENT((#20429));
#20429 = SURFACE_STYLE_USAGE(.BOTH.,#20430);
#20430 = SURFACE_SIDE_STYLE('',(#20431));
#20431 = SURFACE_STYLE_FILL_AREA(#20432);
#20432 = FILL_AREA_STYLE('',(#20433));
#20433 = FILL_AREA_STYLE_COLOUR('',#17360);
#20434 = STYLED_ITEM('color',(#20435),#5479);
#20435 = PRESENTATION_STYLE_ASSIGNMENT((#20436));
#20436 = SURFACE_STYLE_USAGE(.BOTH.,#20437);
#20437 = SURFACE_SIDE_STYLE('',(#20438));
#20438 = SURFACE_STYLE_FILL_AREA(#20439);
#20439 = FILL_AREA_STYLE('',(#20440));
#20440 = FILL_AREA_STYLE_COLOUR('',#17360);
#20441 = STYLED_ITEM('color',(#20442),#5505);
#20442 = PRESENTATION_STYLE_ASSIGNMENT((#20443));
#20443 = SURFACE_STYLE_USAGE(.BOTH.,#20444);
#20444 = SURFACE_SIDE_STYLE('',(#20445));
#20445 = SURFACE_STYLE_FILL_AREA(#20446);
#20446 = FILL_AREA_STYLE('',(#20447));
#20447 = FILL_AREA_STYLE_COLOUR('',#17360);
#20448 = STYLED_ITEM('color',(#20449),#5530);
#20449 = PRESENTATION_STYLE_ASSIGNMENT((#20450));
#20450 = SURFACE_STYLE_USAGE(.BOTH.,#20451);
#20451 = SURFACE_SIDE_STYLE('',(#20452));
#20452 = SURFACE_STYLE_FILL_AREA(#20453);
#20453 = FILL_AREA_STYLE('',(#20454));
#20454 = FILL_AREA_STYLE_COLOUR('',#17360);
#20455 = STYLED_ITEM('color',(#20456),#5539);
#20456 = PRESENTATION_STYLE_ASSIGNMENT((#20457));
#20457 = SURFACE_STYLE_USAGE(.BOTH.,#20458);
#20458 = SURFACE_SIDE_STYLE('',(#20459));
#20459 = SURFACE_STYLE_FILL_AREA(#20460);
#20460 = FILL_AREA_STYLE('',(#20461));
#20461 = FILL_AREA_STYLE_COLOUR('',#17360);
#20462 = STYLED_ITEM('color',(#20463),#5550);
#20463 = PRESENTATION_STYLE_ASSIGNMENT((#20464));
#20464 = SURFACE_STYLE_USAGE(.BOTH.,#20465);
#20465 = SURFACE_SIDE_STYLE('',(#20466));
#20466 = SURFACE_STYLE_FILL_AREA(#20467);
#20467 = FILL_AREA_STYLE('',(#20468));
#20468 = FILL_AREA_STYLE_COLOUR('',#20469);
#20469 = COLOUR_RGB('',0.699999984889,9.999999991362E-02,
  5.000000142576E-02);
#20470 = STYLED_ITEM('color',(#20471),#5583);
#20471 = PRESENTATION_STYLE_ASSIGNMENT((#20472));
#20472 = SURFACE_STYLE_USAGE(.BOTH.,#20473);
#20473 = SURFACE_SIDE_STYLE('',(#20474));
#20474 = SURFACE_STYLE_FILL_AREA(#20475);
#20475 = FILL_AREA_STYLE('',(#20476));
#20476 = FILL_AREA_STYLE_COLOUR('',#20469);
#20477 = STYLED_ITEM('color',(#20478),#5603);
#20478 = PRESENTATION_STYLE_ASSIGNMENT((#20479));
#20479 = SURFACE_STYLE_USAGE(.BOTH.,#20480);
#20480 = SURFACE_SIDE_STYLE('',(#20481));
#20481 = SURFACE_STYLE_FILL_AREA(#20482);
#20482 = FILL_AREA_STYLE('',(#20483));
#20483 = FILL_AREA_STYLE_COLOUR('',#20469);
#20484 = STYLED_ITEM('color',(#20485),#5623);
#20485 = PRESENTATION_STYLE_ASSIGNMENT((#20486));
#20486 = SURFACE_STYLE_USAGE(.BOTH.,#20487);
#20487 = SURFACE_SIDE_STYLE('',(#20488));
#20488 = SURFACE_STYLE_FILL_AREA(#20489);
#20489 = FILL_AREA_STYLE('',(#20490));
#20490 = FILL_AREA_STYLE_COLOUR('',#20491);
#20491 = COLOUR_RGB('',0.,0.631244006163,0.748016017657);
#20492 = STYLED_ITEM('color',(#20493),#5648);
#20493 = PRESENTATION_STYLE_ASSIGNMENT((#20494));
#20494 = SURFACE_STYLE_USAGE(.BOTH.,#20495);
#20495 = SURFACE_SIDE_STYLE('',(#20496));
#20496 = SURFACE_STYLE_FILL_AREA(#20497);
#20497 = FILL_AREA_STYLE('',(#20498));
#20498 = FILL_AREA_STYLE_COLOUR('',#20491);
#20499 = STYLED_ITEM('color',(#20500),#5673);
#20500 = PRESENTATION_STYLE_ASSIGNMENT((#20501));
#20501 = SURFACE_STYLE_USAGE(.BOTH.,#20502);
#20502 = SURFACE_SIDE_STYLE('',(#20503));
#20503 = SURFACE_STYLE_FILL_AREA(#20504);
#20504 = FILL_AREA_STYLE('',(#20505));
#20505 = FILL_AREA_STYLE_COLOUR('',#20491);
#20506 = STYLED_ITEM('color',(#20507),#5699);
#20507 = PRESENTATION_STYLE_ASSIGNMENT((#20508));
#20508 = SURFACE_STYLE_USAGE(.BOTH.,#20509);
#20509 = SURFACE_SIDE_STYLE('',(#20510));
#20510 = SURFACE_STYLE_FILL_AREA(#20511);
#20511 = FILL_AREA_STYLE('',(#20512));
#20512 = FILL_AREA_STYLE_COLOUR('',#20491);
#20513 = STYLED_ITEM('color',(#20514),#5725);
#20514 = PRESENTATION_STYLE_ASSIGNMENT((#20515));
#20515 = SURFACE_STYLE_USAGE(.BOTH.,#20516);
#20516 = SURFACE_SIDE_STYLE('',(#20517));
#20517 = SURFACE_STYLE_FILL_AREA(#20518);
#20518 = FILL_AREA_STYLE('',(#20519));
#20519 = FILL_AREA_STYLE_COLOUR('',#20491);
#20520 = STYLED_ITEM('color',(#20521),#5734);
#20521 = PRESENTATION_STYLE_ASSIGNMENT((#20522));
#20522 = SURFACE_STYLE_USAGE(.BOTH.,#20523);
#20523 = SURFACE_SIDE_STYLE('',(#20524));
#20524 = SURFACE_STYLE_FILL_AREA(#20525);
#20525 = FILL_AREA_STYLE('',(#20526));
#20526 = FILL_AREA_STYLE_COLOUR('',#20491);
ENDSEC;
END-ISO-10303-21;
