solid ASCII
  facet normal -1.000000e+00 0.000000e+00 0.000000e+00
    outer loop
      vertex   1.500000e+02 8.000000e+00 -8.195888e+01
      vertex   1.500000e+02 8.000000e+00 -6.655896e+01
      vertex   1.500000e+02 1.000000e+01 -8.195888e+01
    endloop
  endfacet
  facet normal -1.000000e+00 0.000000e+00 0.000000e+00
    outer loop
      vertex   1.500000e+02 1.000000e+01 -8.195888e+01
      vertex   1.500000e+02 8.000000e+00 -6.655896e+01
      vertex   1.500000e+02 1.300000e+01 -6.655896e+01
    endloop
  endfacet
  facet normal -1.000000e+00 0.000000e+00 0.000000e+00
    outer loop
      vertex   1.500000e+02 1.000000e+01 -8.195888e+01
      vertex   1.500000e+02 1.300000e+01 -6.655896e+01
      vertex   1.500000e+02 1.300000e+01 -8.195888e+01
    endloop
  endfacet
  facet normal 0.000000e+00 -0.000000e+00 1.000000e+00
    outer loop
      vertex   1.624847e+02 8.000000e+00 -6.655896e+01
      vertex   1.624847e+02 1.000000e+01 -6.655896e+01
      vertex   1.500000e+02 8.000000e+00 -6.655896e+01
    endloop
  endfacet
  facet normal 0.000000e+00 0.000000e+00 1.000000e+00
    outer loop
      vertex   1.500000e+02 8.000000e+00 -6.655896e+01
      vertex   1.624847e+02 1.000000e+01 -6.655896e+01
      vertex   1.500000e+02 1.300000e+01 -6.655896e+01
    endloop
  endfacet
  facet normal -0.000000e+00 0.000000e+00 1.000000e+00
    outer loop
      vertex   1.500000e+02 1.300000e+01 -6.655896e+01
      vertex   1.624847e+02 1.000000e+01 -6.655896e+01
      vertex   1.624847e+02 1.300000e+01 -6.655896e+01
    endloop
  endfacet
  facet normal 9.914449e-01 0.000000e+00 -1.305262e-01
    outer loop
      vertex   1.547926e+02 1.300000e+01 -7.567648e+01
      vertex   1.547926e+02 8.000000e+00 -7.567648e+01
      vertex   1.547500e+02 1.300000e+01 -7.600000e+01
    endloop
  endfacet
  facet normal 9.914449e-01 0.000000e+00 -1.305262e-01
    outer loop
      vertex   1.547500e+02 1.300000e+01 -7.600000e+01
      vertex   1.547926e+02 8.000000e+00 -7.567648e+01
      vertex   1.547500e+02 8.000000e+00 -7.600000e+01
    endloop
  endfacet
  facet normal 9.914449e-01 0.000000e+00 1.305262e-01
    outer loop
      vertex   1.547500e+02 1.300000e+01 -7.600000e+01
      vertex   1.547500e+02 8.000000e+00 -7.600000e+01
      vertex   1.547926e+02 1.300000e+01 -7.632352e+01
    endloop
  endfacet
  facet normal 9.914449e-01 0.000000e+00 1.305262e-01
    outer loop
      vertex   1.547926e+02 1.300000e+01 -7.632352e+01
      vertex   1.547500e+02 8.000000e+00 -7.600000e+01
      vertex   1.547926e+02 8.000000e+00 -7.632352e+01
    endloop
  endfacet
  facet normal 9.238795e-01 0.000000e+00 3.826834e-01
    outer loop
      vertex   1.547926e+02 1.300000e+01 -7.632352e+01
      vertex   1.547926e+02 8.000000e+00 -7.632352e+01
      vertex   1.549175e+02 1.300000e+01 -7.662500e+01
    endloop
  endfacet
  facet normal 9.238795e-01 0.000000e+00 3.826834e-01
    outer loop
      vertex   1.549175e+02 1.300000e+01 -7.662500e+01
      vertex   1.547926e+02 8.000000e+00 -7.632352e+01
      vertex   1.549175e+02 8.000000e+00 -7.662500e+01
    endloop
  endfacet
  facet normal 7.933533e-01 0.000000e+00 6.087614e-01
    outer loop
      vertex   1.549175e+02 1.300000e+01 -7.662500e+01
      vertex   1.549175e+02 8.000000e+00 -7.662500e+01
      vertex   1.551161e+02 1.300000e+01 -7.688388e+01
    endloop
  endfacet
  facet normal 7.933533e-01 0.000000e+00 6.087614e-01
    outer loop
      vertex   1.551161e+02 1.300000e+01 -7.688388e+01
      vertex   1.549175e+02 8.000000e+00 -7.662500e+01
      vertex   1.551161e+02 8.000000e+00 -7.688388e+01
    endloop
  endfacet
  facet normal 6.087614e-01 0.000000e+00 7.933533e-01
    outer loop
      vertex   1.551161e+02 1.300000e+01 -7.688388e+01
      vertex   1.551161e+02 8.000000e+00 -7.688388e+01
      vertex   1.553750e+02 1.300000e+01 -7.708253e+01
    endloop
  endfacet
  facet normal 6.087614e-01 0.000000e+00 7.933533e-01
    outer loop
      vertex   1.553750e+02 1.300000e+01 -7.708253e+01
      vertex   1.551161e+02 8.000000e+00 -7.688388e+01
      vertex   1.553750e+02 8.000000e+00 -7.708253e+01
    endloop
  endfacet
  facet normal 3.826834e-01 0.000000e+00 9.238795e-01
    outer loop
      vertex   1.553750e+02 1.300000e+01 -7.708253e+01
      vertex   1.553750e+02 8.000000e+00 -7.708253e+01
      vertex   1.556765e+02 1.300000e+01 -7.720741e+01
    endloop
  endfacet
  facet normal 3.826834e-01 0.000000e+00 9.238795e-01
    outer loop
      vertex   1.556765e+02 1.300000e+01 -7.720741e+01
      vertex   1.553750e+02 8.000000e+00 -7.708253e+01
      vertex   1.556765e+02 8.000000e+00 -7.720741e+01
    endloop
  endfacet
  facet normal 1.305262e-01 0.000000e+00 9.914449e-01
    outer loop
      vertex   1.556765e+02 1.300000e+01 -7.720741e+01
      vertex   1.556765e+02 8.000000e+00 -7.720741e+01
      vertex   1.560000e+02 1.300000e+01 -7.725000e+01
    endloop
  endfacet
  facet normal 1.305262e-01 0.000000e+00 9.914449e-01
    outer loop
      vertex   1.560000e+02 1.300000e+01 -7.725000e+01
      vertex   1.556765e+02 8.000000e+00 -7.720741e+01
      vertex   1.560000e+02 8.000000e+00 -7.725000e+01
    endloop
  endfacet
  facet normal -1.305262e-01 0.000000e+00 9.914449e-01
    outer loop
      vertex   1.560000e+02 1.300000e+01 -7.725000e+01
      vertex   1.560000e+02 8.000000e+00 -7.725000e+01
      vertex   1.563235e+02 1.300000e+01 -7.720741e+01
    endloop
  endfacet
  facet normal -1.305262e-01 0.000000e+00 9.914449e-01
    outer loop
      vertex   1.563235e+02 1.300000e+01 -7.720741e+01
      vertex   1.560000e+02 8.000000e+00 -7.725000e+01
      vertex   1.563235e+02 8.000000e+00 -7.720741e+01
    endloop
  endfacet
  facet normal -3.826834e-01 0.000000e+00 9.238795e-01
    outer loop
      vertex   1.563235e+02 1.300000e+01 -7.720741e+01
      vertex   1.563235e+02 8.000000e+00 -7.720741e+01
      vertex   1.566250e+02 1.300000e+01 -7.708253e+01
    endloop
  endfacet
  facet normal -3.826834e-01 0.000000e+00 9.238795e-01
    outer loop
      vertex   1.566250e+02 1.300000e+01 -7.708253e+01
      vertex   1.563235e+02 8.000000e+00 -7.720741e+01
      vertex   1.566250e+02 8.000000e+00 -7.708253e+01
    endloop
  endfacet
  facet normal -6.087614e-01 0.000000e+00 7.933533e-01
    outer loop
      vertex   1.566250e+02 1.300000e+01 -7.708253e+01
      vertex   1.566250e+02 8.000000e+00 -7.708253e+01
      vertex   1.568839e+02 1.300000e+01 -7.688388e+01
    endloop
  endfacet
  facet normal -6.087614e-01 0.000000e+00 7.933533e-01
    outer loop
      vertex   1.568839e+02 1.300000e+01 -7.688388e+01
      vertex   1.566250e+02 8.000000e+00 -7.708253e+01
      vertex   1.568839e+02 8.000000e+00 -7.688388e+01
    endloop
  endfacet
  facet normal -7.933533e-01 0.000000e+00 6.087614e-01
    outer loop
      vertex   1.568839e+02 1.300000e+01 -7.688388e+01
      vertex   1.568839e+02 8.000000e+00 -7.688388e+01
      vertex   1.570825e+02 1.300000e+01 -7.662500e+01
    endloop
  endfacet
  facet normal -7.933533e-01 0.000000e+00 6.087614e-01
    outer loop
      vertex   1.570825e+02 1.300000e+01 -7.662500e+01
      vertex   1.568839e+02 8.000000e+00 -7.688388e+01
      vertex   1.570825e+02 8.000000e+00 -7.662500e+01
    endloop
  endfacet
  facet normal -9.238795e-01 0.000000e+00 3.826834e-01
    outer loop
      vertex   1.570825e+02 1.300000e+01 -7.662500e+01
      vertex   1.570825e+02 8.000000e+00 -7.662500e+01
      vertex   1.572074e+02 1.300000e+01 -7.632352e+01
    endloop
  endfacet
  facet normal -9.238795e-01 0.000000e+00 3.826834e-01
    outer loop
      vertex   1.572074e+02 1.300000e+01 -7.632352e+01
      vertex   1.570825e+02 8.000000e+00 -7.662500e+01
      vertex   1.572074e+02 8.000000e+00 -7.632352e+01
    endloop
  endfacet
  facet normal -9.914449e-01 0.000000e+00 1.305262e-01
    outer loop
      vertex   1.572074e+02 1.300000e+01 -7.632352e+01
      vertex   1.572074e+02 8.000000e+00 -7.632352e+01
      vertex   1.572500e+02 1.300000e+01 -7.600000e+01
    endloop
  endfacet
  facet normal -9.914449e-01 0.000000e+00 1.305262e-01
    outer loop
      vertex   1.572500e+02 1.300000e+01 -7.600000e+01
      vertex   1.572074e+02 8.000000e+00 -7.632352e+01
      vertex   1.572500e+02 8.000000e+00 -7.600000e+01
    endloop
  endfacet
  facet normal -9.914449e-01 -0.000000e+00 -1.305262e-01
    outer loop
      vertex   1.572500e+02 1.300000e+01 -7.600000e+01
      vertex   1.572500e+02 8.000000e+00 -7.600000e+01
      vertex   1.572074e+02 1.300000e+01 -7.567648e+01
    endloop
  endfacet
  facet normal -9.914449e-01 -0.000000e+00 -1.305262e-01
    outer loop
      vertex   1.572074e+02 1.300000e+01 -7.567648e+01
      vertex   1.572500e+02 8.000000e+00 -7.600000e+01
      vertex   1.572074e+02 8.000000e+00 -7.567648e+01
    endloop
  endfacet
  facet normal -9.238795e-01 -0.000000e+00 -3.826834e-01
    outer loop
      vertex   1.572074e+02 1.300000e+01 -7.567648e+01
      vertex   1.572074e+02 8.000000e+00 -7.567648e+01
      vertex   1.570825e+02 1.300000e+01 -7.537500e+01
    endloop
  endfacet
  facet normal -9.238795e-01 -0.000000e+00 -3.826834e-01
    outer loop
      vertex   1.570825e+02 1.300000e+01 -7.537500e+01
      vertex   1.572074e+02 8.000000e+00 -7.567648e+01
      vertex   1.570825e+02 8.000000e+00 -7.537500e+01
    endloop
  endfacet
  facet normal -7.933533e-01 -0.000000e+00 -6.087614e-01
    outer loop
      vertex   1.570825e+02 1.300000e+01 -7.537500e+01
      vertex   1.570825e+02 8.000000e+00 -7.537500e+01
      vertex   1.568839e+02 1.300000e+01 -7.511612e+01
    endloop
  endfacet
  facet normal -7.933533e-01 -0.000000e+00 -6.087614e-01
    outer loop
      vertex   1.568839e+02 1.300000e+01 -7.511612e+01
      vertex   1.570825e+02 8.000000e+00 -7.537500e+01
      vertex   1.568839e+02 8.000000e+00 -7.511612e+01
    endloop
  endfacet
  facet normal -6.087614e-01 -0.000000e+00 -7.933533e-01
    outer loop
      vertex   1.568839e+02 1.300000e+01 -7.511612e+01
      vertex   1.568839e+02 8.000000e+00 -7.511612e+01
      vertex   1.566250e+02 1.300000e+01 -7.491747e+01
    endloop
  endfacet
  facet normal -6.087614e-01 -0.000000e+00 -7.933533e-01
    outer loop
      vertex   1.566250e+02 1.300000e+01 -7.491747e+01
      vertex   1.568839e+02 8.000000e+00 -7.511612e+01
      vertex   1.566250e+02 8.000000e+00 -7.491747e+01
    endloop
  endfacet
  facet normal -3.826834e-01 -0.000000e+00 -9.238795e-01
    outer loop
      vertex   1.566250e+02 1.300000e+01 -7.491747e+01
      vertex   1.566250e+02 8.000000e+00 -7.491747e+01
      vertex   1.563235e+02 1.300000e+01 -7.479259e+01
    endloop
  endfacet
  facet normal -3.826834e-01 -0.000000e+00 -9.238795e-01
    outer loop
      vertex   1.563235e+02 1.300000e+01 -7.479259e+01
      vertex   1.566250e+02 8.000000e+00 -7.491747e+01
      vertex   1.563235e+02 8.000000e+00 -7.479259e+01
    endloop
  endfacet
  facet normal -1.305262e-01 -0.000000e+00 -9.914449e-01
    outer loop
      vertex   1.563235e+02 1.300000e+01 -7.479259e+01
      vertex   1.563235e+02 8.000000e+00 -7.479259e+01
      vertex   1.560000e+02 1.300000e+01 -7.475000e+01
    endloop
  endfacet
  facet normal -1.305262e-01 -0.000000e+00 -9.914449e-01
    outer loop
      vertex   1.560000e+02 1.300000e+01 -7.475000e+01
      vertex   1.563235e+02 8.000000e+00 -7.479259e+01
      vertex   1.560000e+02 8.000000e+00 -7.475000e+01
    endloop
  endfacet
  facet normal 1.305262e-01 0.000000e+00 -9.914449e-01
    outer loop
      vertex   1.560000e+02 1.300000e+01 -7.475000e+01
      vertex   1.560000e+02 8.000000e+00 -7.475000e+01
      vertex   1.556765e+02 1.300000e+01 -7.479259e+01
    endloop
  endfacet
  facet normal 1.305262e-01 0.000000e+00 -9.914449e-01
    outer loop
      vertex   1.556765e+02 1.300000e+01 -7.479259e+01
      vertex   1.560000e+02 8.000000e+00 -7.475000e+01
      vertex   1.556765e+02 8.000000e+00 -7.479259e+01
    endloop
  endfacet
  facet normal 3.826834e-01 0.000000e+00 -9.238795e-01
    outer loop
      vertex   1.556765e+02 1.300000e+01 -7.479259e+01
      vertex   1.556765e+02 8.000000e+00 -7.479259e+01
      vertex   1.553750e+02 1.300000e+01 -7.491747e+01
    endloop
  endfacet
  facet normal 3.826834e-01 0.000000e+00 -9.238795e-01
    outer loop
      vertex   1.553750e+02 1.300000e+01 -7.491747e+01
      vertex   1.556765e+02 8.000000e+00 -7.479259e+01
      vertex   1.553750e+02 8.000000e+00 -7.491747e+01
    endloop
  endfacet
  facet normal 6.087614e-01 0.000000e+00 -7.933533e-01
    outer loop
      vertex   1.553750e+02 1.300000e+01 -7.491747e+01
      vertex   1.553750e+02 8.000000e+00 -7.491747e+01
      vertex   1.551161e+02 1.300000e+01 -7.511612e+01
    endloop
  endfacet
  facet normal 6.087614e-01 0.000000e+00 -7.933533e-01
    outer loop
      vertex   1.551161e+02 1.300000e+01 -7.511612e+01
      vertex   1.553750e+02 8.000000e+00 -7.491747e+01
      vertex   1.551161e+02 8.000000e+00 -7.511612e+01
    endloop
  endfacet
  facet normal 7.933533e-01 0.000000e+00 -6.087614e-01
    outer loop
      vertex   1.551161e+02 1.300000e+01 -7.511612e+01
      vertex   1.551161e+02 8.000000e+00 -7.511612e+01
      vertex   1.549175e+02 1.300000e+01 -7.537500e+01
    endloop
  endfacet
  facet normal 7.933533e-01 0.000000e+00 -6.087614e-01
    outer loop
      vertex   1.549175e+02 1.300000e+01 -7.537500e+01
      vertex   1.551161e+02 8.000000e+00 -7.511612e+01
      vertex   1.549175e+02 8.000000e+00 -7.537500e+01
    endloop
  endfacet
  facet normal 9.238795e-01 0.000000e+00 -3.826834e-01
    outer loop
      vertex   1.549175e+02 1.300000e+01 -7.537500e+01
      vertex   1.549175e+02 8.000000e+00 -7.537500e+01
      vertex   1.547926e+02 1.300000e+01 -7.567648e+01
    endloop
  endfacet
  facet normal 9.238795e-01 0.000000e+00 -3.826834e-01
    outer loop
      vertex   1.547926e+02 1.300000e+01 -7.567648e+01
      vertex   1.549175e+02 8.000000e+00 -7.537500e+01
      vertex   1.547926e+02 8.000000e+00 -7.567648e+01
    endloop
  endfacet
  facet normal 0.000000e+00 0.000000e+00 -1.000000e+00
    outer loop
      vertex   1.624847e+02 1.000000e+01 -8.195888e+01
      vertex   1.500000e+02 1.000000e+01 -8.195888e+01
      vertex   1.624847e+02 1.300000e+01 -8.195888e+01
    endloop
  endfacet
  facet normal -0.000000e+00 0.000000e+00 -1.000000e+00
    outer loop
      vertex   1.624847e+02 1.300000e+01 -8.195888e+01
      vertex   1.500000e+02 1.000000e+01 -8.195888e+01
      vertex   1.500000e+02 1.300000e+01 -8.195888e+01
    endloop
  endfacet
  facet normal 1.000000e+00 -0.000000e+00 0.000000e+00
    outer loop
      vertex   1.624847e+02 1.000000e+01 -6.655896e+01
      vertex   1.624847e+02 1.000000e+01 -8.195888e+01
      vertex   1.624847e+02 1.300000e+01 -6.655896e+01
    endloop
  endfacet
  facet normal 1.000000e+00 0.000000e+00 0.000000e+00
    outer loop
      vertex   1.624847e+02 1.300000e+01 -6.655896e+01
      vertex   1.624847e+02 1.000000e+01 -8.195888e+01
      vertex   1.624847e+02 1.300000e+01 -8.195888e+01
    endloop
  endfacet
  facet normal 0.000000e+00 1.000000e+00 0.000000e+00
    outer loop
      vertex   1.547926e+02 1.300000e+01 -7.567648e+01
      vertex   1.547500e+02 1.300000e+01 -7.600000e+01
      vertex   1.500000e+02 1.300000e+01 -8.195888e+01
    endloop
  endfacet
  facet normal 0.000000e+00 1.000000e+00 0.000000e+00
    outer loop
      vertex   1.500000e+02 1.300000e+01 -8.195888e+01
      vertex   1.547500e+02 1.300000e+01 -7.600000e+01
      vertex   1.547926e+02 1.300000e+01 -7.632352e+01
    endloop
  endfacet
  facet normal 0.000000e+00 1.000000e+00 0.000000e+00
    outer loop
      vertex   1.500000e+02 1.300000e+01 -8.195888e+01
      vertex   1.547926e+02 1.300000e+01 -7.632352e+01
      vertex   1.549175e+02 1.300000e+01 -7.662500e+01
    endloop
  endfacet
  facet normal 0.000000e+00 1.000000e+00 0.000000e+00
    outer loop
      vertex   1.549175e+02 1.300000e+01 -7.662500e+01
      vertex   1.551161e+02 1.300000e+01 -7.688388e+01
      vertex   1.500000e+02 1.300000e+01 -8.195888e+01
    endloop
  endfacet
  facet normal 0.000000e+00 1.000000e+00 0.000000e+00
    outer loop
      vertex   1.500000e+02 1.300000e+01 -8.195888e+01
      vertex   1.551161e+02 1.300000e+01 -7.688388e+01
      vertex   1.553750e+02 1.300000e+01 -7.708253e+01
    endloop
  endfacet
  facet normal 0.000000e+00 1.000000e+00 0.000000e+00
    outer loop
      vertex   1.500000e+02 1.300000e+01 -8.195888e+01
      vertex   1.553750e+02 1.300000e+01 -7.708253e+01
      vertex   1.556765e+02 1.300000e+01 -7.720741e+01
    endloop
  endfacet
  facet normal 0.000000e+00 1.000000e+00 0.000000e+00
    outer loop
      vertex   1.556765e+02 1.300000e+01 -7.720741e+01
      vertex   1.560000e+02 1.300000e+01 -7.725000e+01
      vertex   1.500000e+02 1.300000e+01 -8.195888e+01
    endloop
  endfacet
  facet normal 0.000000e+00 1.000000e+00 0.000000e+00
    outer loop
      vertex   1.500000e+02 1.300000e+01 -8.195888e+01
      vertex   1.560000e+02 1.300000e+01 -7.725000e+01
      vertex   1.624847e+02 1.300000e+01 -8.195888e+01
    endloop
  endfacet
  facet normal 0.000000e+00 1.000000e+00 0.000000e+00
    outer loop
      vertex   1.624847e+02 1.300000e+01 -8.195888e+01
      vertex   1.560000e+02 1.300000e+01 -7.725000e+01
      vertex   1.563235e+02 1.300000e+01 -7.720741e+01
    endloop
  endfacet
  facet normal 0.000000e+00 1.000000e+00 0.000000e+00
    outer loop
      vertex   1.624847e+02 1.300000e+01 -8.195888e+01
      vertex   1.563235e+02 1.300000e+01 -7.720741e+01
      vertex   1.566250e+02 1.300000e+01 -7.708253e+01
    endloop
  endfacet
  facet normal -0.000000e+00 1.000000e+00 0.000000e+00
    outer loop
      vertex   1.566250e+02 1.300000e+01 -7.708253e+01
      vertex   1.568839e+02 1.300000e+01 -7.688388e+01
      vertex   1.624847e+02 1.300000e+01 -8.195888e+01
    endloop
  endfacet
  facet normal 0.000000e+00 1.000000e+00 0.000000e+00
    outer loop
      vertex   1.624847e+02 1.300000e+01 -8.195888e+01
      vertex   1.568839e+02 1.300000e+01 -7.688388e+01
      vertex   1.570825e+02 1.300000e+01 -7.662500e+01
    endloop
  endfacet
  facet normal 0.000000e+00 1.000000e+00 0.000000e+00
    outer loop
      vertex   1.624847e+02 1.300000e+01 -8.195888e+01
      vertex   1.570825e+02 1.300000e+01 -7.662500e+01
      vertex   1.572074e+02 1.300000e+01 -7.632352e+01
    endloop
  endfacet
  facet normal -0.000000e+00 1.000000e+00 0.000000e+00
    outer loop
      vertex   1.572074e+02 1.300000e+01 -7.632352e+01
      vertex   1.572500e+02 1.300000e+01 -7.600000e+01
      vertex   1.624847e+02 1.300000e+01 -8.195888e+01
    endloop
  endfacet
  facet normal 0.000000e+00 1.000000e+00 0.000000e+00
    outer loop
      vertex   1.624847e+02 1.300000e+01 -8.195888e+01
      vertex   1.572500e+02 1.300000e+01 -7.600000e+01
      vertex   1.572074e+02 1.300000e+01 -7.567648e+01
    endloop
  endfacet
  facet normal 0.000000e+00 1.000000e+00 -0.000000e+00
    outer loop
      vertex   1.624847e+02 1.300000e+01 -8.195888e+01
      vertex   1.572074e+02 1.300000e+01 -7.567648e+01
      vertex   1.624847e+02 1.300000e+01 -6.655896e+01
    endloop
  endfacet
  facet normal 0.000000e+00 1.000000e+00 0.000000e+00
    outer loop
      vertex   1.624847e+02 1.300000e+01 -6.655896e+01
      vertex   1.572074e+02 1.300000e+01 -7.567648e+01
      vertex   1.570825e+02 1.300000e+01 -7.537500e+01
    endloop
  endfacet
  facet normal 0.000000e+00 1.000000e+00 0.000000e+00
    outer loop
      vertex   1.624847e+02 1.300000e+01 -6.655896e+01
      vertex   1.570825e+02 1.300000e+01 -7.537500e+01
      vertex   1.568839e+02 1.300000e+01 -7.511612e+01
    endloop
  endfacet
  facet normal 0.000000e+00 1.000000e+00 -0.000000e+00
    outer loop
      vertex   1.568839e+02 1.300000e+01 -7.511612e+01
      vertex   1.566250e+02 1.300000e+01 -7.491747e+01
      vertex   1.624847e+02 1.300000e+01 -6.655896e+01
    endloop
  endfacet
  facet normal 0.000000e+00 1.000000e+00 0.000000e+00
    outer loop
      vertex   1.624847e+02 1.300000e+01 -6.655896e+01
      vertex   1.566250e+02 1.300000e+01 -7.491747e+01
      vertex   1.563235e+02 1.300000e+01 -7.479259e+01
    endloop
  endfacet
  facet normal 0.000000e+00 1.000000e+00 0.000000e+00
    outer loop
      vertex   1.624847e+02 1.300000e+01 -6.655896e+01
      vertex   1.563235e+02 1.300000e+01 -7.479259e+01
      vertex   1.560000e+02 1.300000e+01 -7.475000e+01
    endloop
  endfacet
  facet normal 0.000000e+00 1.000000e+00 0.000000e+00
    outer loop
      vertex   1.624847e+02 1.300000e+01 -6.655896e+01
      vertex   1.560000e+02 1.300000e+01 -7.475000e+01
      vertex   1.500000e+02 1.300000e+01 -6.655896e+01
    endloop
  endfacet
  facet normal 0.000000e+00 1.000000e+00 0.000000e+00
    outer loop
      vertex   1.500000e+02 1.300000e+01 -6.655896e+01
      vertex   1.560000e+02 1.300000e+01 -7.475000e+01
      vertex   1.556765e+02 1.300000e+01 -7.479259e+01
    endloop
  endfacet
  facet normal 0.000000e+00 1.000000e+00 0.000000e+00
    outer loop
      vertex   1.500000e+02 1.300000e+01 -6.655896e+01
      vertex   1.556765e+02 1.300000e+01 -7.479259e+01
      vertex   1.553750e+02 1.300000e+01 -7.491747e+01
    endloop
  endfacet
  facet normal 0.000000e+00 1.000000e+00 0.000000e+00
    outer loop
      vertex   1.553750e+02 1.300000e+01 -7.491747e+01
      vertex   1.551161e+02 1.300000e+01 -7.511612e+01
      vertex   1.500000e+02 1.300000e+01 -6.655896e+01
    endloop
  endfacet
  facet normal 0.000000e+00 1.000000e+00 0.000000e+00
    outer loop
      vertex   1.500000e+02 1.300000e+01 -6.655896e+01
      vertex   1.551161e+02 1.300000e+01 -7.511612e+01
      vertex   1.549175e+02 1.300000e+01 -7.537500e+01
    endloop
  endfacet
  facet normal 0.000000e+00 1.000000e+00 0.000000e+00
    outer loop
      vertex   1.500000e+02 1.300000e+01 -6.655896e+01
      vertex   1.549175e+02 1.300000e+01 -7.537500e+01
      vertex   1.547926e+02 1.300000e+01 -7.567648e+01
    endloop
  endfacet
  facet normal 0.000000e+00 1.000000e+00 0.000000e+00
    outer loop
      vertex   1.500000e+02 1.300000e+01 -6.655896e+01
      vertex   1.547926e+02 1.300000e+01 -7.567648e+01
      vertex   1.500000e+02 1.300000e+01 -8.195888e+01
    endloop
  endfacet
  facet normal -1.000000e+00 0.000000e+00 0.000000e+00
    outer loop
      vertex   1.624847e+02 1.000000e+01 -6.655896e+01
      vertex   1.624847e+02 8.000000e+00 -6.655896e+01
      vertex   1.624847e+02 1.000000e+01 -6.060932e+01
    endloop
  endfacet
  facet normal -1.000000e+00 -0.000000e+00 0.000000e+00
    outer loop
      vertex   1.624847e+02 1.000000e+01 -6.060932e+01
      vertex   1.624847e+02 8.000000e+00 -6.655896e+01
      vertex   1.624847e+02 8.000000e+00 5.000000e+00
    endloop
  endfacet
  facet normal -1.000000e+00 0.000000e+00 0.000000e+00
    outer loop
      vertex   1.624847e+02 1.000000e+01 -6.060932e+01
      vertex   1.624847e+02 8.000000e+00 5.000000e+00
      vertex   1.624847e+02 1.300000e+01 5.000000e+00
    endloop
  endfacet
  facet normal -1.000000e+00 0.000000e+00 0.000000e+00
    outer loop
      vertex   1.624847e+02 1.300000e+01 1.936433e+01
      vertex   1.624847e+02 1.500000e+01 1.936433e+01
      vertex   1.624847e+02 1.300000e+01 5.000000e+00
    endloop
  endfacet
  facet normal -1.000000e+00 0.000000e+00 0.000000e+00
    outer loop
      vertex   1.624847e+02 1.300000e+01 5.000000e+00
      vertex   1.624847e+02 1.500000e+01 1.936433e+01
      vertex   1.624847e+02 1.500000e+01 -6.060932e+01
    endloop
  endfacet
  facet normal -1.000000e+00 0.000000e+00 -0.000000e+00
    outer loop
      vertex   1.624847e+02 1.300000e+01 5.000000e+00
      vertex   1.624847e+02 1.500000e+01 -6.060932e+01
      vertex   1.624847e+02 1.000000e+01 -6.060932e+01
    endloop
  endfacet
  facet normal -0.000000e+00 1.000000e+00 0.000000e+00
    outer loop
      vertex   1.547500e+02 8.000000e+00 -7.600000e+01
      vertex   1.547926e+02 8.000000e+00 -7.567648e+01
      vertex   1.547926e+02 8.000000e+00 -7.632352e+01
    endloop
  endfacet
  facet normal -0.000000e+00 1.000000e+00 0.000000e+00
    outer loop
      vertex   1.547926e+02 8.000000e+00 -7.632352e+01
      vertex   1.547926e+02 8.000000e+00 -7.567648e+01
      vertex   1.549175e+02 8.000000e+00 -7.662500e+01
    endloop
  endfacet
  facet normal 0.000000e+00 1.000000e+00 -0.000000e+00
    outer loop
      vertex   1.549175e+02 8.000000e+00 -7.662500e+01
      vertex   1.547926e+02 8.000000e+00 -7.567648e+01
      vertex   1.549175e+02 8.000000e+00 -7.537500e+01
    endloop
  endfacet
  facet normal -0.000000e+00 1.000000e+00 0.000000e+00
    outer loop
      vertex   1.549175e+02 8.000000e+00 -7.662500e+01
      vertex   1.549175e+02 8.000000e+00 -7.537500e+01
      vertex   1.551161e+02 8.000000e+00 -7.688388e+01
    endloop
  endfacet
  facet normal 0.000000e+00 1.000000e+00 -0.000000e+00
    outer loop
      vertex   1.551161e+02 8.000000e+00 -7.688388e+01
      vertex   1.549175e+02 8.000000e+00 -7.537500e+01
      vertex   1.551161e+02 8.000000e+00 -7.511612e+01
    endloop
  endfacet
  facet normal -0.000000e+00 1.000000e+00 0.000000e+00
    outer loop
      vertex   1.551161e+02 8.000000e+00 -7.688388e+01
      vertex   1.551161e+02 8.000000e+00 -7.511612e+01
      vertex   1.553750e+02 8.000000e+00 -7.708253e+01
    endloop
  endfacet
  facet normal 0.000000e+00 1.000000e+00 -0.000000e+00
    outer loop
      vertex   1.553750e+02 8.000000e+00 -7.708253e+01
      vertex   1.551161e+02 8.000000e+00 -7.511612e+01
      vertex   1.553750e+02 8.000000e+00 -7.491747e+01
    endloop
  endfacet
  facet normal -0.000000e+00 1.000000e+00 0.000000e+00
    outer loop
      vertex   1.553750e+02 8.000000e+00 -7.708253e+01
      vertex   1.553750e+02 8.000000e+00 -7.491747e+01
      vertex   1.556765e+02 8.000000e+00 -7.720741e+01
    endloop
  endfacet
  facet normal 0.000000e+00 1.000000e+00 -0.000000e+00
    outer loop
      vertex   1.556765e+02 8.000000e+00 -7.720741e+01
      vertex   1.553750e+02 8.000000e+00 -7.491747e+01
      vertex   1.556765e+02 8.000000e+00 -7.479259e+01
    endloop
  endfacet
  facet normal -0.000000e+00 1.000000e+00 0.000000e+00
    outer loop
      vertex   1.556765e+02 8.000000e+00 -7.720741e+01
      vertex   1.556765e+02 8.000000e+00 -7.479259e+01
      vertex   1.560000e+02 8.000000e+00 -7.725000e+01
    endloop
  endfacet
  facet normal 0.000000e+00 1.000000e+00 -0.000000e+00
    outer loop
      vertex   1.560000e+02 8.000000e+00 -7.725000e+01
      vertex   1.556765e+02 8.000000e+00 -7.479259e+01
      vertex   1.560000e+02 8.000000e+00 -7.475000e+01
    endloop
  endfacet
  facet normal 0.000000e+00 1.000000e+00 0.000000e+00
    outer loop
      vertex   1.560000e+02 8.000000e+00 -7.725000e+01
      vertex   1.560000e+02 8.000000e+00 -7.475000e+01
      vertex   1.563235e+02 8.000000e+00 -7.720741e+01
    endloop
  endfacet
  facet normal 0.000000e+00 1.000000e+00 -0.000000e+00
    outer loop
      vertex   1.563235e+02 8.000000e+00 -7.720741e+01
      vertex   1.560000e+02 8.000000e+00 -7.475000e+01
      vertex   1.563235e+02 8.000000e+00 -7.479259e+01
    endloop
  endfacet
  facet normal 0.000000e+00 1.000000e+00 0.000000e+00
    outer loop
      vertex   1.563235e+02 8.000000e+00 -7.720741e+01
      vertex   1.563235e+02 8.000000e+00 -7.479259e+01
      vertex   1.566250e+02 8.000000e+00 -7.708253e+01
    endloop
  endfacet
  facet normal 0.000000e+00 1.000000e+00 -0.000000e+00
    outer loop
      vertex   1.566250e+02 8.000000e+00 -7.708253e+01
      vertex   1.563235e+02 8.000000e+00 -7.479259e+01
      vertex   1.566250e+02 8.000000e+00 -7.491747e+01
    endloop
  endfacet
  facet normal 0.000000e+00 1.000000e+00 0.000000e+00
    outer loop
      vertex   1.566250e+02 8.000000e+00 -7.708253e+01
      vertex   1.566250e+02 8.000000e+00 -7.491747e+01
      vertex   1.568839e+02 8.000000e+00 -7.688388e+01
    endloop
  endfacet
  facet normal 0.000000e+00 1.000000e+00 -0.000000e+00
    outer loop
      vertex   1.568839e+02 8.000000e+00 -7.688388e+01
      vertex   1.566250e+02 8.000000e+00 -7.491747e+01
      vertex   1.568839e+02 8.000000e+00 -7.511612e+01
    endloop
  endfacet
  facet normal 0.000000e+00 1.000000e+00 0.000000e+00
    outer loop
      vertex   1.568839e+02 8.000000e+00 -7.688388e+01
      vertex   1.568839e+02 8.000000e+00 -7.511612e+01
      vertex   1.570825e+02 8.000000e+00 -7.662500e+01
    endloop
  endfacet
  facet normal 0.000000e+00 1.000000e+00 -0.000000e+00
    outer loop
      vertex   1.570825e+02 8.000000e+00 -7.662500e+01
      vertex   1.568839e+02 8.000000e+00 -7.511612e+01
      vertex   1.570825e+02 8.000000e+00 -7.537500e+01
    endloop
  endfacet
  facet normal 0.000000e+00 1.000000e+00 0.000000e+00
    outer loop
      vertex   1.570825e+02 8.000000e+00 -7.662500e+01
      vertex   1.570825e+02 8.000000e+00 -7.537500e+01
      vertex   1.572074e+02 8.000000e+00 -7.632352e+01
    endloop
  endfacet
  facet normal 0.000000e+00 1.000000e+00 -0.000000e+00
    outer loop
      vertex   1.572074e+02 8.000000e+00 -7.632352e+01
      vertex   1.570825e+02 8.000000e+00 -7.537500e+01
      vertex   1.572074e+02 8.000000e+00 -7.567648e+01
    endloop
  endfacet
  facet normal 0.000000e+00 1.000000e+00 0.000000e+00
    outer loop
      vertex   1.572074e+02 8.000000e+00 -7.632352e+01
      vertex   1.572074e+02 8.000000e+00 -7.567648e+01
      vertex   1.572500e+02 8.000000e+00 -7.600000e+01
    endloop
  endfacet
  facet normal 9.914449e-01 0.000000e+00 -1.305262e-01
    outer loop
      vertex   1.542926e+02 1.300000e+01 1.232352e+01
      vertex   1.542926e+02 8.000000e+00 1.232352e+01
      vertex   1.542500e+02 1.300000e+01 1.200000e+01
    endloop
  endfacet
  facet normal 9.914449e-01 0.000000e+00 -1.305262e-01
    outer loop
      vertex   1.542500e+02 1.300000e+01 1.200000e+01
      vertex   1.542926e+02 8.000000e+00 1.232352e+01
      vertex   1.542500e+02 8.000000e+00 1.200000e+01
    endloop
  endfacet
  facet normal 9.914449e-01 0.000000e+00 1.305262e-01
    outer loop
      vertex   1.542500e+02 1.300000e+01 1.200000e+01
      vertex   1.542500e+02 8.000000e+00 1.200000e+01
      vertex   1.542926e+02 1.300000e+01 1.167648e+01
    endloop
  endfacet
  facet normal 9.914449e-01 0.000000e+00 1.305262e-01
    outer loop
      vertex   1.542926e+02 1.300000e+01 1.167648e+01
      vertex   1.542500e+02 8.000000e+00 1.200000e+01
      vertex   1.542926e+02 8.000000e+00 1.167648e+01
    endloop
  endfacet
  facet normal 9.238795e-01 0.000000e+00 3.826834e-01
    outer loop
      vertex   1.542926e+02 1.300000e+01 1.167648e+01
      vertex   1.542926e+02 8.000000e+00 1.167648e+01
      vertex   1.544175e+02 1.300000e+01 1.137500e+01
    endloop
  endfacet
  facet normal 9.238795e-01 0.000000e+00 3.826834e-01
    outer loop
      vertex   1.544175e+02 1.300000e+01 1.137500e+01
      vertex   1.542926e+02 8.000000e+00 1.167648e+01
      vertex   1.544175e+02 8.000000e+00 1.137500e+01
    endloop
  endfacet
  facet normal 7.933533e-01 0.000000e+00 6.087614e-01
    outer loop
      vertex   1.544175e+02 1.300000e+01 1.137500e+01
      vertex   1.544175e+02 8.000000e+00 1.137500e+01
      vertex   1.546161e+02 1.300000e+01 1.111612e+01
    endloop
  endfacet
  facet normal 7.933533e-01 0.000000e+00 6.087614e-01
    outer loop
      vertex   1.546161e+02 1.300000e+01 1.111612e+01
      vertex   1.544175e+02 8.000000e+00 1.137500e+01
      vertex   1.546161e+02 8.000000e+00 1.111612e+01
    endloop
  endfacet
  facet normal 6.087614e-01 0.000000e+00 7.933533e-01
    outer loop
      vertex   1.546161e+02 1.300000e+01 1.111612e+01
      vertex   1.546161e+02 8.000000e+00 1.111612e+01
      vertex   1.548750e+02 1.300000e+01 1.091747e+01
    endloop
  endfacet
  facet normal 6.087614e-01 0.000000e+00 7.933533e-01
    outer loop
      vertex   1.548750e+02 1.300000e+01 1.091747e+01
      vertex   1.546161e+02 8.000000e+00 1.111612e+01
      vertex   1.548750e+02 8.000000e+00 1.091747e+01
    endloop
  endfacet
  facet normal 3.826834e-01 0.000000e+00 9.238795e-01
    outer loop
      vertex   1.548750e+02 1.300000e+01 1.091747e+01
      vertex   1.548750e+02 8.000000e+00 1.091747e+01
      vertex   1.551765e+02 1.300000e+01 1.079259e+01
    endloop
  endfacet
  facet normal 3.826834e-01 0.000000e+00 9.238795e-01
    outer loop
      vertex   1.551765e+02 1.300000e+01 1.079259e+01
      vertex   1.548750e+02 8.000000e+00 1.091747e+01
      vertex   1.551765e+02 8.000000e+00 1.079259e+01
    endloop
  endfacet
  facet normal 1.305262e-01 0.000000e+00 9.914449e-01
    outer loop
      vertex   1.551765e+02 1.300000e+01 1.079259e+01
      vertex   1.551765e+02 8.000000e+00 1.079259e+01
      vertex   1.555000e+02 1.300000e+01 1.075000e+01
    endloop
  endfacet
  facet normal 1.305262e-01 0.000000e+00 9.914449e-01
    outer loop
      vertex   1.555000e+02 1.300000e+01 1.075000e+01
      vertex   1.551765e+02 8.000000e+00 1.079259e+01
      vertex   1.555000e+02 8.000000e+00 1.075000e+01
    endloop
  endfacet
  facet normal -1.305262e-01 0.000000e+00 9.914449e-01
    outer loop
      vertex   1.555000e+02 1.300000e+01 1.075000e+01
      vertex   1.555000e+02 8.000000e+00 1.075000e+01
      vertex   1.558235e+02 1.300000e+01 1.079259e+01
    endloop
  endfacet
  facet normal -1.305262e-01 0.000000e+00 9.914449e-01
    outer loop
      vertex   1.558235e+02 1.300000e+01 1.079259e+01
      vertex   1.555000e+02 8.000000e+00 1.075000e+01
      vertex   1.558235e+02 8.000000e+00 1.079259e+01
    endloop
  endfacet
  facet normal -3.826834e-01 0.000000e+00 9.238795e-01
    outer loop
      vertex   1.558235e+02 1.300000e+01 1.079259e+01
      vertex   1.558235e+02 8.000000e+00 1.079259e+01
      vertex   1.561250e+02 1.300000e+01 1.091747e+01
    endloop
  endfacet
  facet normal -3.826834e-01 0.000000e+00 9.238795e-01
    outer loop
      vertex   1.561250e+02 1.300000e+01 1.091747e+01
      vertex   1.558235e+02 8.000000e+00 1.079259e+01
      vertex   1.561250e+02 8.000000e+00 1.091747e+01
    endloop
  endfacet
  facet normal -6.087614e-01 0.000000e+00 7.933533e-01
    outer loop
      vertex   1.561250e+02 1.300000e+01 1.091747e+01
      vertex   1.561250e+02 8.000000e+00 1.091747e+01
      vertex   1.563839e+02 1.300000e+01 1.111612e+01
    endloop
  endfacet
  facet normal -6.087614e-01 0.000000e+00 7.933533e-01
    outer loop
      vertex   1.563839e+02 1.300000e+01 1.111612e+01
      vertex   1.561250e+02 8.000000e+00 1.091747e+01
      vertex   1.563839e+02 8.000000e+00 1.111612e+01
    endloop
  endfacet
  facet normal -7.933533e-01 0.000000e+00 6.087614e-01
    outer loop
      vertex   1.563839e+02 1.300000e+01 1.111612e+01
      vertex   1.563839e+02 8.000000e+00 1.111612e+01
      vertex   1.565825e+02 1.300000e+01 1.137500e+01
    endloop
  endfacet
  facet normal -7.933533e-01 0.000000e+00 6.087614e-01
    outer loop
      vertex   1.565825e+02 1.300000e+01 1.137500e+01
      vertex   1.563839e+02 8.000000e+00 1.111612e+01
      vertex   1.565825e+02 8.000000e+00 1.137500e+01
    endloop
  endfacet
  facet normal -9.238795e-01 0.000000e+00 3.826834e-01
    outer loop
      vertex   1.565825e+02 1.300000e+01 1.137500e+01
      vertex   1.565825e+02 8.000000e+00 1.137500e+01
      vertex   1.567074e+02 1.300000e+01 1.167648e+01
    endloop
  endfacet
  facet normal -9.238795e-01 1.359565e-16 3.826834e-01
    outer loop
      vertex   1.567074e+02 1.300000e+01 1.167648e+01
      vertex   1.565825e+02 8.000000e+00 1.137500e+01
      vertex   1.567074e+02 8.000000e+00 1.167648e+01
    endloop
  endfacet
  facet normal -9.914449e-01 4.637222e-17 1.305262e-01
    outer loop
      vertex   1.567074e+02 1.300000e+01 1.167648e+01
      vertex   1.567074e+02 8.000000e+00 1.167648e+01
      vertex   1.567500e+02 1.300000e+01 1.200000e+01
    endloop
  endfacet
  facet normal -9.914449e-01 0.000000e+00 1.305262e-01
    outer loop
      vertex   1.567500e+02 1.300000e+01 1.200000e+01
      vertex   1.567074e+02 8.000000e+00 1.167648e+01
      vertex   1.567500e+02 8.000000e+00 1.200000e+01
    endloop
  endfacet
  facet normal -9.914449e-01 -0.000000e+00 -1.305262e-01
    outer loop
      vertex   1.567500e+02 1.300000e+01 1.200000e+01
      vertex   1.567500e+02 8.000000e+00 1.200000e+01
      vertex   1.567074e+02 1.300000e+01 1.232352e+01
    endloop
  endfacet
  facet normal -9.914449e-01 -4.637222e-17 -1.305262e-01
    outer loop
      vertex   1.567074e+02 1.300000e+01 1.232352e+01
      vertex   1.567500e+02 8.000000e+00 1.200000e+01
      vertex   1.567074e+02 8.000000e+00 1.232352e+01
    endloop
  endfacet
  facet normal -9.238795e-01 -1.359565e-16 -3.826834e-01
    outer loop
      vertex   1.567074e+02 1.300000e+01 1.232352e+01
      vertex   1.567074e+02 8.000000e+00 1.232352e+01
      vertex   1.565825e+02 1.300000e+01 1.262500e+01
    endloop
  endfacet
  facet normal -9.238795e-01 -0.000000e+00 -3.826834e-01
    outer loop
      vertex   1.565825e+02 1.300000e+01 1.262500e+01
      vertex   1.567074e+02 8.000000e+00 1.232352e+01
      vertex   1.565825e+02 8.000000e+00 1.262500e+01
    endloop
  endfacet
  facet normal -7.933533e-01 -0.000000e+00 -6.087614e-01
    outer loop
      vertex   1.565825e+02 1.300000e+01 1.262500e+01
      vertex   1.565825e+02 8.000000e+00 1.262500e+01
      vertex   1.563839e+02 1.300000e+01 1.288388e+01
    endloop
  endfacet
  facet normal -7.933533e-01 -0.000000e+00 -6.087614e-01
    outer loop
      vertex   1.563839e+02 1.300000e+01 1.288388e+01
      vertex   1.565825e+02 8.000000e+00 1.262500e+01
      vertex   1.563839e+02 8.000000e+00 1.288388e+01
    endloop
  endfacet
  facet normal -6.087614e-01 -0.000000e+00 -7.933533e-01
    outer loop
      vertex   1.563839e+02 1.300000e+01 1.288388e+01
      vertex   1.563839e+02 8.000000e+00 1.288388e+01
      vertex   1.561250e+02 1.300000e+01 1.308253e+01
    endloop
  endfacet
  facet normal -6.087614e-01 -0.000000e+00 -7.933533e-01
    outer loop
      vertex   1.561250e+02 1.300000e+01 1.308253e+01
      vertex   1.563839e+02 8.000000e+00 1.288388e+01
      vertex   1.561250e+02 8.000000e+00 1.308253e+01
    endloop
  endfacet
  facet normal -3.826834e-01 -0.000000e+00 -9.238795e-01
    outer loop
      vertex   1.561250e+02 1.300000e+01 1.308253e+01
      vertex   1.561250e+02 8.000000e+00 1.308253e+01
      vertex   1.558235e+02 1.300000e+01 1.320741e+01
    endloop
  endfacet
  facet normal -3.826834e-01 -0.000000e+00 -9.238795e-01
    outer loop
      vertex   1.558235e+02 1.300000e+01 1.320741e+01
      vertex   1.561250e+02 8.000000e+00 1.308253e+01
      vertex   1.558235e+02 8.000000e+00 1.320741e+01
    endloop
  endfacet
  facet normal -1.305262e-01 -0.000000e+00 -9.914449e-01
    outer loop
      vertex   1.558235e+02 1.300000e+01 1.320741e+01
      vertex   1.558235e+02 8.000000e+00 1.320741e+01
      vertex   1.555000e+02 1.300000e+01 1.325000e+01
    endloop
  endfacet
  facet normal -1.305262e-01 -0.000000e+00 -9.914449e-01
    outer loop
      vertex   1.555000e+02 1.300000e+01 1.325000e+01
      vertex   1.558235e+02 8.000000e+00 1.320741e+01
      vertex   1.555000e+02 8.000000e+00 1.325000e+01
    endloop
  endfacet
  facet normal 1.305262e-01 0.000000e+00 -9.914449e-01
    outer loop
      vertex   1.555000e+02 1.300000e+01 1.325000e+01
      vertex   1.555000e+02 8.000000e+00 1.325000e+01
      vertex   1.551765e+02 1.300000e+01 1.320741e+01
    endloop
  endfacet
  facet normal 1.305262e-01 0.000000e+00 -9.914449e-01
    outer loop
      vertex   1.551765e+02 1.300000e+01 1.320741e+01
      vertex   1.555000e+02 8.000000e+00 1.325000e+01
      vertex   1.551765e+02 8.000000e+00 1.320741e+01
    endloop
  endfacet
  facet normal 3.826834e-01 0.000000e+00 -9.238795e-01
    outer loop
      vertex   1.551765e+02 1.300000e+01 1.320741e+01
      vertex   1.551765e+02 8.000000e+00 1.320741e+01
      vertex   1.548750e+02 1.300000e+01 1.308253e+01
    endloop
  endfacet
  facet normal 3.826834e-01 0.000000e+00 -9.238795e-01
    outer loop
      vertex   1.548750e+02 1.300000e+01 1.308253e+01
      vertex   1.551765e+02 8.000000e+00 1.320741e+01
      vertex   1.548750e+02 8.000000e+00 1.308253e+01
    endloop
  endfacet
  facet normal 6.087614e-01 0.000000e+00 -7.933533e-01
    outer loop
      vertex   1.548750e+02 1.300000e+01 1.308253e+01
      vertex   1.548750e+02 8.000000e+00 1.308253e+01
      vertex   1.546161e+02 1.300000e+01 1.288388e+01
    endloop
  endfacet
  facet normal 6.087614e-01 0.000000e+00 -7.933533e-01
    outer loop
      vertex   1.546161e+02 1.300000e+01 1.288388e+01
      vertex   1.548750e+02 8.000000e+00 1.308253e+01
      vertex   1.546161e+02 8.000000e+00 1.288388e+01
    endloop
  endfacet
  facet normal 7.933533e-01 0.000000e+00 -6.087614e-01
    outer loop
      vertex   1.546161e+02 1.300000e+01 1.288388e+01
      vertex   1.546161e+02 8.000000e+00 1.288388e+01
      vertex   1.544175e+02 1.300000e+01 1.262500e+01
    endloop
  endfacet
  facet normal 7.933533e-01 0.000000e+00 -6.087614e-01
    outer loop
      vertex   1.544175e+02 1.300000e+01 1.262500e+01
      vertex   1.546161e+02 8.000000e+00 1.288388e+01
      vertex   1.544175e+02 8.000000e+00 1.262500e+01
    endloop
  endfacet
  facet normal 9.238795e-01 0.000000e+00 -3.826834e-01
    outer loop
      vertex   1.544175e+02 1.300000e+01 1.262500e+01
      vertex   1.544175e+02 8.000000e+00 1.262500e+01
      vertex   1.542926e+02 1.300000e+01 1.232352e+01
    endloop
  endfacet
  facet normal 9.238795e-01 0.000000e+00 -3.826834e-01
    outer loop
      vertex   1.542926e+02 1.300000e+01 1.232352e+01
      vertex   1.544175e+02 8.000000e+00 1.262500e+01
      vertex   1.542926e+02 8.000000e+00 1.232352e+01
    endloop
  endfacet
  facet normal -1.000000e+00 0.000000e+00 0.000000e+00
    outer loop
      vertex   1.500000e+02 8.000000e+00 5.000000e+00
      vertex   1.500000e+02 8.000000e+00 1.936433e+01
      vertex   1.500000e+02 1.300000e+01 5.000000e+00
    endloop
  endfacet
  facet normal -1.000000e+00 0.000000e+00 0.000000e+00
    outer loop
      vertex   1.500000e+02 1.300000e+01 5.000000e+00
      vertex   1.500000e+02 8.000000e+00 1.936433e+01
      vertex   1.500000e+02 1.300000e+01 1.936433e+01
    endloop
  endfacet
  facet normal 0.000000e+00 0.000000e+00 -1.000000e+00
    outer loop
      vertex   1.624847e+02 8.000000e+00 5.000000e+00
      vertex   1.500000e+02 8.000000e+00 5.000000e+00
      vertex   1.624847e+02 1.300000e+01 5.000000e+00
    endloop
  endfacet
  facet normal -0.000000e+00 0.000000e+00 -1.000000e+00
    outer loop
      vertex   1.624847e+02 1.300000e+01 5.000000e+00
      vertex   1.500000e+02 8.000000e+00 5.000000e+00
      vertex   1.500000e+02 1.300000e+01 5.000000e+00
    endloop
  endfacet
  facet normal 0.000000e+00 1.000000e+00 0.000000e+00
    outer loop
      vertex   1.542926e+02 1.300000e+01 1.167648e+01
      vertex   1.500000e+02 1.300000e+01 5.000000e+00
      vertex   1.542500e+02 1.300000e+01 1.200000e+01
    endloop
  endfacet
  facet normal 0.000000e+00 1.000000e+00 0.000000e+00
    outer loop
      vertex   1.542500e+02 1.300000e+01 1.200000e+01
      vertex   1.500000e+02 1.300000e+01 5.000000e+00
      vertex   1.500000e+02 1.300000e+01 1.936433e+01
    endloop
  endfacet
  facet normal 0.000000e+00 1.000000e+00 -0.000000e+00
    outer loop
      vertex   1.542500e+02 1.300000e+01 1.200000e+01
      vertex   1.500000e+02 1.300000e+01 1.936433e+01
      vertex   1.542926e+02 1.300000e+01 1.232352e+01
    endloop
  endfacet
  facet normal 0.000000e+00 1.000000e+00 -0.000000e+00
    outer loop
      vertex   1.542926e+02 1.300000e+01 1.232352e+01
      vertex   1.500000e+02 1.300000e+01 1.936433e+01
      vertex   1.544175e+02 1.300000e+01 1.262500e+01
    endloop
  endfacet
  facet normal 0.000000e+00 1.000000e+00 -0.000000e+00
    outer loop
      vertex   1.544175e+02 1.300000e+01 1.262500e+01
      vertex   1.500000e+02 1.300000e+01 1.936433e+01
      vertex   1.546161e+02 1.300000e+01 1.288388e+01
    endloop
  endfacet
  facet normal 0.000000e+00 1.000000e+00 -0.000000e+00
    outer loop
      vertex   1.546161e+02 1.300000e+01 1.288388e+01
      vertex   1.500000e+02 1.300000e+01 1.936433e+01
      vertex   1.548750e+02 1.300000e+01 1.308253e+01
    endloop
  endfacet
  facet normal 0.000000e+00 1.000000e+00 -0.000000e+00
    outer loop
      vertex   1.548750e+02 1.300000e+01 1.308253e+01
      vertex   1.500000e+02 1.300000e+01 1.936433e+01
      vertex   1.551765e+02 1.300000e+01 1.320741e+01
    endloop
  endfacet
  facet normal 0.000000e+00 1.000000e+00 -0.000000e+00
    outer loop
      vertex   1.551765e+02 1.300000e+01 1.320741e+01
      vertex   1.500000e+02 1.300000e+01 1.936433e+01
      vertex   1.555000e+02 1.300000e+01 1.325000e+01
    endloop
  endfacet
  facet normal 0.000000e+00 1.000000e+00 -0.000000e+00
    outer loop
      vertex   1.555000e+02 1.300000e+01 1.325000e+01
      vertex   1.500000e+02 1.300000e+01 1.936433e+01
      vertex   1.624847e+02 1.300000e+01 1.936433e+01
    endloop
  endfacet
  facet normal -0.000000e+00 1.000000e+00 0.000000e+00
    outer loop
      vertex   1.555000e+02 1.300000e+01 1.325000e+01
      vertex   1.624847e+02 1.300000e+01 1.936433e+01
      vertex   1.558235e+02 1.300000e+01 1.320741e+01
    endloop
  endfacet
  facet normal -0.000000e+00 1.000000e+00 0.000000e+00
    outer loop
      vertex   1.558235e+02 1.300000e+01 1.320741e+01
      vertex   1.624847e+02 1.300000e+01 1.936433e+01
      vertex   1.561250e+02 1.300000e+01 1.308253e+01
    endloop
  endfacet
  facet normal -0.000000e+00 1.000000e+00 0.000000e+00
    outer loop
      vertex   1.561250e+02 1.300000e+01 1.308253e+01
      vertex   1.624847e+02 1.300000e+01 1.936433e+01
      vertex   1.563839e+02 1.300000e+01 1.288388e+01
    endloop
  endfacet
  facet normal -0.000000e+00 1.000000e+00 0.000000e+00
    outer loop
      vertex   1.563839e+02 1.300000e+01 1.288388e+01
      vertex   1.624847e+02 1.300000e+01 1.936433e+01
      vertex   1.565825e+02 1.300000e+01 1.262500e+01
    endloop
  endfacet
  facet normal -0.000000e+00 1.000000e+00 0.000000e+00
    outer loop
      vertex   1.565825e+02 1.300000e+01 1.262500e+01
      vertex   1.624847e+02 1.300000e+01 1.936433e+01
      vertex   1.567074e+02 1.300000e+01 1.232352e+01
    endloop
  endfacet
  facet normal -0.000000e+00 1.000000e+00 0.000000e+00
    outer loop
      vertex   1.567074e+02 1.300000e+01 1.232352e+01
      vertex   1.624847e+02 1.300000e+01 1.936433e+01
      vertex   1.567500e+02 1.300000e+01 1.200000e+01
    endloop
  endfacet
  facet normal -0.000000e+00 1.000000e+00 0.000000e+00
    outer loop
      vertex   1.567500e+02 1.300000e+01 1.200000e+01
      vertex   1.624847e+02 1.300000e+01 1.936433e+01
      vertex   1.624847e+02 1.300000e+01 5.000000e+00
    endloop
  endfacet
  facet normal 0.000000e+00 1.000000e+00 0.000000e+00
    outer loop
      vertex   1.567500e+02 1.300000e+01 1.200000e+01
      vertex   1.624847e+02 1.300000e+01 5.000000e+00
      vertex   1.567074e+02 1.300000e+01 1.167648e+01
    endloop
  endfacet
  facet normal 0.000000e+00 1.000000e+00 0.000000e+00
    outer loop
      vertex   1.567074e+02 1.300000e+01 1.167648e+01
      vertex   1.624847e+02 1.300000e+01 5.000000e+00
      vertex   1.565825e+02 1.300000e+01 1.137500e+01
    endloop
  endfacet
  facet normal 0.000000e+00 1.000000e+00 0.000000e+00
    outer loop
      vertex   1.565825e+02 1.300000e+01 1.137500e+01
      vertex   1.624847e+02 1.300000e+01 5.000000e+00
      vertex   1.563839e+02 1.300000e+01 1.111612e+01
    endloop
  endfacet
  facet normal 0.000000e+00 1.000000e+00 0.000000e+00
    outer loop
      vertex   1.563839e+02 1.300000e+01 1.111612e+01
      vertex   1.624847e+02 1.300000e+01 5.000000e+00
      vertex   1.561250e+02 1.300000e+01 1.091747e+01
    endloop
  endfacet
  facet normal 0.000000e+00 1.000000e+00 0.000000e+00
    outer loop
      vertex   1.561250e+02 1.300000e+01 1.091747e+01
      vertex   1.624847e+02 1.300000e+01 5.000000e+00
      vertex   1.558235e+02 1.300000e+01 1.079259e+01
    endloop
  endfacet
  facet normal 0.000000e+00 1.000000e+00 0.000000e+00
    outer loop
      vertex   1.558235e+02 1.300000e+01 1.079259e+01
      vertex   1.624847e+02 1.300000e+01 5.000000e+00
      vertex   1.555000e+02 1.300000e+01 1.075000e+01
    endloop
  endfacet
  facet normal 0.000000e+00 1.000000e+00 0.000000e+00
    outer loop
      vertex   1.555000e+02 1.300000e+01 1.075000e+01
      vertex   1.624847e+02 1.300000e+01 5.000000e+00
      vertex   1.500000e+02 1.300000e+01 5.000000e+00
    endloop
  endfacet
  facet normal 0.000000e+00 1.000000e+00 0.000000e+00
    outer loop
      vertex   1.555000e+02 1.300000e+01 1.075000e+01
      vertex   1.500000e+02 1.300000e+01 5.000000e+00
      vertex   1.551765e+02 1.300000e+01 1.079259e+01
    endloop
  endfacet
  facet normal 0.000000e+00 1.000000e+00 0.000000e+00
    outer loop
      vertex   1.551765e+02 1.300000e+01 1.079259e+01
      vertex   1.500000e+02 1.300000e+01 5.000000e+00
      vertex   1.548750e+02 1.300000e+01 1.091747e+01
    endloop
  endfacet
  facet normal 0.000000e+00 1.000000e+00 0.000000e+00
    outer loop
      vertex   1.548750e+02 1.300000e+01 1.091747e+01
      vertex   1.500000e+02 1.300000e+01 5.000000e+00
      vertex   1.546161e+02 1.300000e+01 1.111612e+01
    endloop
  endfacet
  facet normal 0.000000e+00 1.000000e+00 0.000000e+00
    outer loop
      vertex   1.546161e+02 1.300000e+01 1.111612e+01
      vertex   1.500000e+02 1.300000e+01 5.000000e+00
      vertex   1.544175e+02 1.300000e+01 1.137500e+01
    endloop
  endfacet
  facet normal 0.000000e+00 1.000000e+00 0.000000e+00
    outer loop
      vertex   1.544175e+02 1.300000e+01 1.137500e+01
      vertex   1.500000e+02 1.300000e+01 5.000000e+00
      vertex   1.542926e+02 1.300000e+01 1.167648e+01
    endloop
  endfacet
  facet normal 0.000000e+00 1.000000e+00 -0.000000e+00
    outer loop
      vertex   1.500000e+02 8.000000e+00 -8.195888e+01
      vertex   9.000000e+01 8.000000e+00 -8.195888e+01
      vertex   1.500000e+02 8.000000e+00 -6.655896e+01
    endloop
  endfacet
  facet normal 0.000000e+00 1.000000e+00 0.000000e+00
    outer loop
      vertex   1.500000e+02 8.000000e+00 -6.655896e+01
      vertex   9.000000e+01 8.000000e+00 -8.195888e+01
      vertex   9.000000e+01 8.000000e+00 -6.587472e+01
    endloop
  endfacet
  facet normal 0.000000e+00 1.000000e+00 -0.000000e+00
    outer loop
      vertex   1.500000e+02 8.000000e+00 -6.655896e+01
      vertex   9.000000e+01 8.000000e+00 -6.587472e+01
      vertex   1.500000e+02 8.000000e+00 5.000000e+00
    endloop
  endfacet
  facet normal 0.000000e+00 1.000000e+00 0.000000e+00
    outer loop
      vertex   1.500000e+02 8.000000e+00 5.000000e+00
      vertex   9.000000e+01 8.000000e+00 -6.587472e+01
      vertex   9.000000e+01 8.000000e+00 5.000000e+00
    endloop
  endfacet
  facet normal 0.000000e+00 1.000000e+00 0.000000e+00
    outer loop
      vertex   1.500000e+02 8.000000e+00 5.000000e+00
      vertex   9.000000e+01 8.000000e+00 5.000000e+00
      vertex   9.000000e+01 8.000000e+00 1.936433e+01
    endloop
  endfacet
  facet normal 0.000000e+00 1.000000e+00 0.000000e+00
    outer loop
      vertex   7.692751e+01 8.000000e+00 -6.587472e+01
      vertex   7.692751e+01 8.000000e+00 5.000000e+00
      vertex   9.000000e+01 8.000000e+00 -6.587472e+01
    endloop
  endfacet
  facet normal 0.000000e+00 1.000000e+00 -0.000000e+00
    outer loop
      vertex   9.000000e+01 8.000000e+00 -6.587472e+01
      vertex   7.692751e+01 8.000000e+00 5.000000e+00
      vertex   9.000000e+01 8.000000e+00 5.000000e+00
    endloop
  endfacet
  facet normal -0.000000e+00 1.000000e+00 0.000000e+00
    outer loop
      vertex   9.000000e+01 8.000000e+00 1.936433e+01
      vertex   1.500000e+02 8.000000e+00 1.936433e+01
      vertex   1.500000e+02 8.000000e+00 5.000000e+00
    endloop
  endfacet
  facet normal 0.000000e+00 1.000000e+00 0.000000e+00
    outer loop
      vertex   1.624847e+02 8.000000e+00 5.000000e+00
      vertex   1.624847e+02 8.000000e+00 -6.655896e+01
      vertex   1.500000e+02 8.000000e+00 5.000000e+00
    endloop
  endfacet
  facet normal 0.000000e+00 1.000000e+00 0.000000e+00
    outer loop
      vertex   1.500000e+02 8.000000e+00 5.000000e+00
      vertex   1.624847e+02 8.000000e+00 -6.655896e+01
      vertex   1.500000e+02 8.000000e+00 -6.655896e+01
    endloop
  endfacet
  facet normal 0.000000e+00 0.000000e+00 -1.000000e+00
    outer loop
      vertex   9.000000e+01 1.000000e+01 -8.195888e+01
      vertex   7.692751e+01 1.000000e+01 -8.195888e+01
      vertex   9.000000e+01 1.300000e+01 -8.195888e+01
    endloop
  endfacet
  facet normal -0.000000e+00 0.000000e+00 -1.000000e+00
    outer loop
      vertex   9.000000e+01 1.300000e+01 -8.195888e+01
      vertex   7.692751e+01 1.000000e+01 -8.195888e+01
      vertex   7.692751e+01 1.300000e+01 -8.195888e+01
    endloop
  endfacet
  facet normal 9.914449e-01 0.000000e+00 -1.305262e-01
    outer loop
      vertex   8.226728e+01 1.300000e+01 -7.523387e+01
      vertex   8.226728e+01 8.000000e+00 -7.523387e+01
      vertex   8.222469e+01 1.300000e+01 -7.555740e+01
    endloop
  endfacet
  facet normal 9.914449e-01 0.000000e+00 -1.305262e-01
    outer loop
      vertex   8.222469e+01 1.300000e+01 -7.555740e+01
      vertex   8.226728e+01 8.000000e+00 -7.523387e+01
      vertex   8.222469e+01 8.000000e+00 -7.555740e+01
    endloop
  endfacet
  facet normal 9.914449e-01 0.000000e+00 1.305262e-01
    outer loop
      vertex   8.222469e+01 1.300000e+01 -7.555740e+01
      vertex   8.222469e+01 8.000000e+00 -7.555740e+01
      vertex   8.226728e+01 1.300000e+01 -7.588092e+01
    endloop
  endfacet
  facet normal 9.914449e-01 0.000000e+00 1.305262e-01
    outer loop
      vertex   8.226728e+01 1.300000e+01 -7.588092e+01
      vertex   8.222469e+01 8.000000e+00 -7.555740e+01
      vertex   8.226728e+01 8.000000e+00 -7.588092e+01
    endloop
  endfacet
  facet normal 9.238795e-01 0.000000e+00 3.826834e-01
    outer loop
      vertex   8.226728e+01 1.300000e+01 -7.588092e+01
      vertex   8.226728e+01 8.000000e+00 -7.588092e+01
      vertex   8.239216e+01 1.300000e+01 -7.618240e+01
    endloop
  endfacet
  facet normal 9.238795e-01 0.000000e+00 3.826834e-01
    outer loop
      vertex   8.239216e+01 1.300000e+01 -7.618240e+01
      vertex   8.226728e+01 8.000000e+00 -7.588092e+01
      vertex   8.239216e+01 8.000000e+00 -7.618240e+01
    endloop
  endfacet
  facet normal 7.933533e-01 0.000000e+00 6.087614e-01
    outer loop
      vertex   8.239216e+01 1.300000e+01 -7.618240e+01
      vertex   8.239216e+01 8.000000e+00 -7.618240e+01
      vertex   8.259080e+01 1.300000e+01 -7.644128e+01
    endloop
  endfacet
  facet normal 7.933533e-01 0.000000e+00 6.087614e-01
    outer loop
      vertex   8.259080e+01 1.300000e+01 -7.644128e+01
      vertex   8.239216e+01 8.000000e+00 -7.618240e+01
      vertex   8.259080e+01 8.000000e+00 -7.644128e+01
    endloop
  endfacet
  facet normal 6.087614e-01 0.000000e+00 7.933533e-01
    outer loop
      vertex   8.259080e+01 1.300000e+01 -7.644128e+01
      vertex   8.259080e+01 8.000000e+00 -7.644128e+01
      vertex   8.284969e+01 1.300000e+01 -7.663993e+01
    endloop
  endfacet
  facet normal 6.087614e-01 0.000000e+00 7.933533e-01
    outer loop
      vertex   8.284969e+01 1.300000e+01 -7.663993e+01
      vertex   8.259080e+01 8.000000e+00 -7.644128e+01
      vertex   8.284969e+01 8.000000e+00 -7.663993e+01
    endloop
  endfacet
  facet normal 3.826834e-01 0.000000e+00 9.238795e-01
    outer loop
      vertex   8.284969e+01 1.300000e+01 -7.663993e+01
      vertex   8.284969e+01 8.000000e+00 -7.663993e+01
      vertex   8.315116e+01 1.300000e+01 -7.676480e+01
    endloop
  endfacet
  facet normal 3.826834e-01 0.000000e+00 9.238795e-01
    outer loop
      vertex   8.315116e+01 1.300000e+01 -7.676480e+01
      vertex   8.284969e+01 8.000000e+00 -7.663993e+01
      vertex   8.315116e+01 8.000000e+00 -7.676480e+01
    endloop
  endfacet
  facet normal 1.305262e-01 0.000000e+00 9.914449e-01
    outer loop
      vertex   8.315116e+01 1.300000e+01 -7.676480e+01
      vertex   8.315116e+01 8.000000e+00 -7.676480e+01
      vertex   8.347469e+01 1.300000e+01 -7.680740e+01
    endloop
  endfacet
  facet normal 1.305262e-01 0.000000e+00 9.914449e-01
    outer loop
      vertex   8.347469e+01 1.300000e+01 -7.680740e+01
      vertex   8.315116e+01 8.000000e+00 -7.676480e+01
      vertex   8.347469e+01 8.000000e+00 -7.680740e+01
    endloop
  endfacet
  facet normal -1.305262e-01 0.000000e+00 9.914449e-01
    outer loop
      vertex   8.347469e+01 1.300000e+01 -7.680740e+01
      vertex   8.347469e+01 8.000000e+00 -7.680740e+01
      vertex   8.379821e+01 1.300000e+01 -7.676480e+01
    endloop
  endfacet
  facet normal -1.305262e-01 0.000000e+00 9.914449e-01
    outer loop
      vertex   8.379821e+01 1.300000e+01 -7.676480e+01
      vertex   8.347469e+01 8.000000e+00 -7.680740e+01
      vertex   8.379821e+01 8.000000e+00 -7.676480e+01
    endloop
  endfacet
  facet normal -3.826834e-01 0.000000e+00 9.238795e-01
    outer loop
      vertex   8.379821e+01 1.300000e+01 -7.676480e+01
      vertex   8.379821e+01 8.000000e+00 -7.676480e+01
      vertex   8.409969e+01 1.300000e+01 -7.663993e+01
    endloop
  endfacet
  facet normal -3.826834e-01 0.000000e+00 9.238795e-01
    outer loop
      vertex   8.409969e+01 1.300000e+01 -7.663993e+01
      vertex   8.379821e+01 8.000000e+00 -7.676480e+01
      vertex   8.409969e+01 8.000000e+00 -7.663993e+01
    endloop
  endfacet
  facet normal -6.087614e-01 0.000000e+00 7.933533e-01
    outer loop
      vertex   8.409969e+01 1.300000e+01 -7.663993e+01
      vertex   8.409969e+01 8.000000e+00 -7.663993e+01
      vertex   8.435857e+01 1.300000e+01 -7.644128e+01
    endloop
  endfacet
  facet normal -6.087614e-01 0.000000e+00 7.933533e-01
    outer loop
      vertex   8.435857e+01 1.300000e+01 -7.644128e+01
      vertex   8.409969e+01 8.000000e+00 -7.663993e+01
      vertex   8.435857e+01 8.000000e+00 -7.644128e+01
    endloop
  endfacet
  facet normal -7.933533e-01 0.000000e+00 6.087614e-01
    outer loop
      vertex   8.435857e+01 1.300000e+01 -7.644128e+01
      vertex   8.435857e+01 8.000000e+00 -7.644128e+01
      vertex   8.455722e+01 1.300000e+01 -7.618240e+01
    endloop
  endfacet
  facet normal -7.933533e-01 0.000000e+00 6.087614e-01
    outer loop
      vertex   8.455722e+01 1.300000e+01 -7.618240e+01
      vertex   8.435857e+01 8.000000e+00 -7.644128e+01
      vertex   8.455722e+01 8.000000e+00 -7.618240e+01
    endloop
  endfacet
  facet normal -9.238795e-01 0.000000e+00 3.826834e-01
    outer loop
      vertex   8.455722e+01 1.300000e+01 -7.618240e+01
      vertex   8.455722e+01 8.000000e+00 -7.618240e+01
      vertex   8.468210e+01 1.300000e+01 -7.588092e+01
    endloop
  endfacet
  facet normal -9.238795e-01 0.000000e+00 3.826834e-01
    outer loop
      vertex   8.468210e+01 1.300000e+01 -7.588092e+01
      vertex   8.455722e+01 8.000000e+00 -7.618240e+01
      vertex   8.468210e+01 8.000000e+00 -7.588092e+01
    endloop
  endfacet
  facet normal -9.914449e-01 0.000000e+00 1.305262e-01
    outer loop
      vertex   8.468210e+01 1.300000e+01 -7.588092e+01
      vertex   8.468210e+01 8.000000e+00 -7.588092e+01
      vertex   8.472469e+01 1.300000e+01 -7.555740e+01
    endloop
  endfacet
  facet normal -9.914449e-01 0.000000e+00 1.305262e-01
    outer loop
      vertex   8.472469e+01 1.300000e+01 -7.555740e+01
      vertex   8.468210e+01 8.000000e+00 -7.588092e+01
      vertex   8.472469e+01 8.000000e+00 -7.555740e+01
    endloop
  endfacet
  facet normal -9.914449e-01 -0.000000e+00 -1.305262e-01
    outer loop
      vertex   8.472469e+01 1.300000e+01 -7.555740e+01
      vertex   8.472469e+01 8.000000e+00 -7.555740e+01
      vertex   8.468210e+01 1.300000e+01 -7.523387e+01
    endloop
  endfacet
  facet normal -9.914449e-01 -0.000000e+00 -1.305262e-01
    outer loop
      vertex   8.468210e+01 1.300000e+01 -7.523387e+01
      vertex   8.472469e+01 8.000000e+00 -7.555740e+01
      vertex   8.468210e+01 8.000000e+00 -7.523387e+01
    endloop
  endfacet
  facet normal -9.238795e-01 -0.000000e+00 -3.826834e-01
    outer loop
      vertex   8.468210e+01 1.300000e+01 -7.523387e+01
      vertex   8.468210e+01 8.000000e+00 -7.523387e+01
      vertex   8.455722e+01 1.300000e+01 -7.493240e+01
    endloop
  endfacet
  facet normal -9.238795e-01 -0.000000e+00 -3.826834e-01
    outer loop
      vertex   8.455722e+01 1.300000e+01 -7.493240e+01
      vertex   8.468210e+01 8.000000e+00 -7.523387e+01
      vertex   8.455722e+01 8.000000e+00 -7.493240e+01
    endloop
  endfacet
  facet normal -7.933533e-01 -0.000000e+00 -6.087614e-01
    outer loop
      vertex   8.455722e+01 1.300000e+01 -7.493240e+01
      vertex   8.455722e+01 8.000000e+00 -7.493240e+01
      vertex   8.435857e+01 1.300000e+01 -7.467351e+01
    endloop
  endfacet
  facet normal -7.933533e-01 -0.000000e+00 -6.087614e-01
    outer loop
      vertex   8.435857e+01 1.300000e+01 -7.467351e+01
      vertex   8.455722e+01 8.000000e+00 -7.493240e+01
      vertex   8.435857e+01 8.000000e+00 -7.467351e+01
    endloop
  endfacet
  facet normal -6.087614e-01 -0.000000e+00 -7.933533e-01
    outer loop
      vertex   8.435857e+01 1.300000e+01 -7.467351e+01
      vertex   8.435857e+01 8.000000e+00 -7.467351e+01
      vertex   8.409969e+01 1.300000e+01 -7.447486e+01
    endloop
  endfacet
  facet normal -6.087614e-01 -0.000000e+00 -7.933533e-01
    outer loop
      vertex   8.409969e+01 1.300000e+01 -7.447486e+01
      vertex   8.435857e+01 8.000000e+00 -7.467351e+01
      vertex   8.409969e+01 8.000000e+00 -7.447486e+01
    endloop
  endfacet
  facet normal -3.826834e-01 -0.000000e+00 -9.238795e-01
    outer loop
      vertex   8.409969e+01 1.300000e+01 -7.447486e+01
      vertex   8.409969e+01 8.000000e+00 -7.447486e+01
      vertex   8.379821e+01 1.300000e+01 -7.434999e+01
    endloop
  endfacet
  facet normal -3.826834e-01 -0.000000e+00 -9.238795e-01
    outer loop
      vertex   8.379821e+01 1.300000e+01 -7.434999e+01
      vertex   8.409969e+01 8.000000e+00 -7.447486e+01
      vertex   8.379821e+01 8.000000e+00 -7.434999e+01
    endloop
  endfacet
  facet normal -1.305262e-01 -0.000000e+00 -9.914449e-01
    outer loop
      vertex   8.379821e+01 1.300000e+01 -7.434999e+01
      vertex   8.379821e+01 8.000000e+00 -7.434999e+01
      vertex   8.347469e+01 1.300000e+01 -7.430740e+01
    endloop
  endfacet
  facet normal -1.305262e-01 -0.000000e+00 -9.914449e-01
    outer loop
      vertex   8.347469e+01 1.300000e+01 -7.430740e+01
      vertex   8.379821e+01 8.000000e+00 -7.434999e+01
      vertex   8.347469e+01 8.000000e+00 -7.430740e+01
    endloop
  endfacet
  facet normal 1.305262e-01 0.000000e+00 -9.914449e-01
    outer loop
      vertex   8.347469e+01 1.300000e+01 -7.430740e+01
      vertex   8.347469e+01 8.000000e+00 -7.430740e+01
      vertex   8.315116e+01 1.300000e+01 -7.434999e+01
    endloop
  endfacet
  facet normal 1.305262e-01 0.000000e+00 -9.914449e-01
    outer loop
      vertex   8.315116e+01 1.300000e+01 -7.434999e+01
      vertex   8.347469e+01 8.000000e+00 -7.430740e+01
      vertex   8.315116e+01 8.000000e+00 -7.434999e+01
    endloop
  endfacet
  facet normal 3.826834e-01 0.000000e+00 -9.238795e-01
    outer loop
      vertex   8.315116e+01 1.300000e+01 -7.434999e+01
      vertex   8.315116e+01 8.000000e+00 -7.434999e+01
      vertex   8.284969e+01 1.300000e+01 -7.447486e+01
    endloop
  endfacet
  facet normal 3.826834e-01 0.000000e+00 -9.238795e-01
    outer loop
      vertex   8.284969e+01 1.300000e+01 -7.447486e+01
      vertex   8.315116e+01 8.000000e+00 -7.434999e+01
      vertex   8.284969e+01 8.000000e+00 -7.447486e+01
    endloop
  endfacet
  facet normal 6.087614e-01 0.000000e+00 -7.933533e-01
    outer loop
      vertex   8.284969e+01 1.300000e+01 -7.447486e+01
      vertex   8.284969e+01 8.000000e+00 -7.447486e+01
      vertex   8.259080e+01 1.300000e+01 -7.467351e+01
    endloop
  endfacet
  facet normal 6.087614e-01 0.000000e+00 -7.933533e-01
    outer loop
      vertex   8.259080e+01 1.300000e+01 -7.467351e+01
      vertex   8.284969e+01 8.000000e+00 -7.447486e+01
      vertex   8.259080e+01 8.000000e+00 -7.467351e+01
    endloop
  endfacet
  facet normal 7.933533e-01 0.000000e+00 -6.087614e-01
    outer loop
      vertex   8.259080e+01 1.300000e+01 -7.467351e+01
      vertex   8.259080e+01 8.000000e+00 -7.467351e+01
      vertex   8.239216e+01 1.300000e+01 -7.493240e+01
    endloop
  endfacet
  facet normal 7.933533e-01 0.000000e+00 -6.087614e-01
    outer loop
      vertex   8.239216e+01 1.300000e+01 -7.493240e+01
      vertex   8.259080e+01 8.000000e+00 -7.467351e+01
      vertex   8.239216e+01 8.000000e+00 -7.493240e+01
    endloop
  endfacet
  facet normal 9.238795e-01 0.000000e+00 -3.826834e-01
    outer loop
      vertex   8.239216e+01 1.300000e+01 -7.493240e+01
      vertex   8.239216e+01 8.000000e+00 -7.493240e+01
      vertex   8.226728e+01 1.300000e+01 -7.523387e+01
    endloop
  endfacet
  facet normal 9.238795e-01 0.000000e+00 -3.826834e-01
    outer loop
      vertex   8.226728e+01 1.300000e+01 -7.523387e+01
      vertex   8.239216e+01 8.000000e+00 -7.493240e+01
      vertex   8.226728e+01 8.000000e+00 -7.523387e+01
    endloop
  endfacet
  facet normal -1.000000e+00 0.000000e+00 0.000000e+00
    outer loop
      vertex   7.692751e+01 1.000000e+01 -8.195888e+01
      vertex   7.692751e+01 1.000000e+01 -6.587472e+01
      vertex   7.692751e+01 1.300000e+01 -8.195888e+01
    endloop
  endfacet
  facet normal -1.000000e+00 0.000000e+00 0.000000e+00
    outer loop
      vertex   7.692751e+01 1.300000e+01 -8.195888e+01
      vertex   7.692751e+01 1.000000e+01 -6.587472e+01
      vertex   7.692751e+01 1.300000e+01 -6.587472e+01
    endloop
  endfacet
  facet normal 1.000000e+00 0.000000e+00 0.000000e+00
    outer loop
      vertex   9.000000e+01 8.000000e+00 -8.195888e+01
      vertex   9.000000e+01 1.000000e+01 -8.195888e+01
      vertex   9.000000e+01 8.000000e+00 -6.587472e+01
    endloop
  endfacet
  facet normal 1.000000e+00 -0.000000e+00 0.000000e+00
    outer loop
      vertex   9.000000e+01 8.000000e+00 -6.587472e+01
      vertex   9.000000e+01 1.000000e+01 -8.195888e+01
      vertex   9.000000e+01 1.300000e+01 -6.587472e+01
    endloop
  endfacet
  facet normal 1.000000e+00 0.000000e+00 0.000000e+00
    outer loop
      vertex   9.000000e+01 1.300000e+01 -6.587472e+01
      vertex   9.000000e+01 1.000000e+01 -8.195888e+01
      vertex   9.000000e+01 1.300000e+01 -8.195888e+01
    endloop
  endfacet
  facet normal 0.000000e+00 0.000000e+00 1.000000e+00
    outer loop
      vertex   7.692751e+01 8.000000e+00 -6.587472e+01
      vertex   9.000000e+01 8.000000e+00 -6.587472e+01
      vertex   7.692751e+01 1.000000e+01 -6.587472e+01
    endloop
  endfacet
  facet normal -0.000000e+00 0.000000e+00 1.000000e+00
    outer loop
      vertex   7.692751e+01 1.000000e+01 -6.587472e+01
      vertex   9.000000e+01 8.000000e+00 -6.587472e+01
      vertex   9.000000e+01 1.300000e+01 -6.587472e+01
    endloop
  endfacet
  facet normal 0.000000e+00 0.000000e+00 1.000000e+00
    outer loop
      vertex   7.692751e+01 1.000000e+01 -6.587472e+01
      vertex   9.000000e+01 1.300000e+01 -6.587472e+01
      vertex   7.692751e+01 1.300000e+01 -6.587472e+01
    endloop
  endfacet
  facet normal 0.000000e+00 1.000000e+00 0.000000e+00
    outer loop
      vertex   8.226728e+01 1.300000e+01 -7.523387e+01
      vertex   8.222469e+01 1.300000e+01 -7.555740e+01
      vertex   7.692751e+01 1.300000e+01 -8.195888e+01
    endloop
  endfacet
  facet normal 0.000000e+00 1.000000e+00 0.000000e+00
    outer loop
      vertex   7.692751e+01 1.300000e+01 -8.195888e+01
      vertex   8.222469e+01 1.300000e+01 -7.555740e+01
      vertex   8.226728e+01 1.300000e+01 -7.588092e+01
    endloop
  endfacet
  facet normal 0.000000e+00 1.000000e+00 0.000000e+00
    outer loop
      vertex   7.692751e+01 1.300000e+01 -8.195888e+01
      vertex   8.226728e+01 1.300000e+01 -7.588092e+01
      vertex   8.239216e+01 1.300000e+01 -7.618240e+01
    endloop
  endfacet
  facet normal 0.000000e+00 1.000000e+00 0.000000e+00
    outer loop
      vertex   8.239216e+01 1.300000e+01 -7.618240e+01
      vertex   8.259080e+01 1.300000e+01 -7.644128e+01
      vertex   7.692751e+01 1.300000e+01 -8.195888e+01
    endloop
  endfacet
  facet normal 0.000000e+00 1.000000e+00 0.000000e+00
    outer loop
      vertex   7.692751e+01 1.300000e+01 -8.195888e+01
      vertex   8.259080e+01 1.300000e+01 -7.644128e+01
      vertex   8.284969e+01 1.300000e+01 -7.663993e+01
    endloop
  endfacet
  facet normal 0.000000e+00 1.000000e+00 0.000000e+00
    outer loop
      vertex   7.692751e+01 1.300000e+01 -8.195888e+01
      vertex   8.284969e+01 1.300000e+01 -7.663993e+01
      vertex   8.315116e+01 1.300000e+01 -7.676480e+01
    endloop
  endfacet
  facet normal 0.000000e+00 1.000000e+00 0.000000e+00
    outer loop
      vertex   8.315116e+01 1.300000e+01 -7.676480e+01
      vertex   8.347469e+01 1.300000e+01 -7.680740e+01
      vertex   7.692751e+01 1.300000e+01 -8.195888e+01
    endloop
  endfacet
  facet normal 0.000000e+00 1.000000e+00 0.000000e+00
    outer loop
      vertex   7.692751e+01 1.300000e+01 -8.195888e+01
      vertex   8.347469e+01 1.300000e+01 -7.680740e+01
      vertex   9.000000e+01 1.300000e+01 -8.195888e+01
    endloop
  endfacet
  facet normal 0.000000e+00 1.000000e+00 0.000000e+00
    outer loop
      vertex   9.000000e+01 1.300000e+01 -8.195888e+01
      vertex   8.347469e+01 1.300000e+01 -7.680740e+01
      vertex   8.379821e+01 1.300000e+01 -7.676480e+01
    endloop
  endfacet
  facet normal 0.000000e+00 1.000000e+00 0.000000e+00
    outer loop
      vertex   9.000000e+01 1.300000e+01 -8.195888e+01
      vertex   8.379821e+01 1.300000e+01 -7.676480e+01
      vertex   8.409969e+01 1.300000e+01 -7.663993e+01
    endloop
  endfacet
  facet normal -0.000000e+00 1.000000e+00 0.000000e+00
    outer loop
      vertex   8.409969e+01 1.300000e+01 -7.663993e+01
      vertex   8.435857e+01 1.300000e+01 -7.644128e+01
      vertex   9.000000e+01 1.300000e+01 -8.195888e+01
    endloop
  endfacet
  facet normal 0.000000e+00 1.000000e+00 0.000000e+00
    outer loop
      vertex   9.000000e+01 1.300000e+01 -8.195888e+01
      vertex   8.435857e+01 1.300000e+01 -7.644128e+01
      vertex   8.455722e+01 1.300000e+01 -7.618240e+01
    endloop
  endfacet
  facet normal 0.000000e+00 1.000000e+00 0.000000e+00
    outer loop
      vertex   9.000000e+01 1.300000e+01 -8.195888e+01
      vertex   8.455722e+01 1.300000e+01 -7.618240e+01
      vertex   8.468210e+01 1.300000e+01 -7.588092e+01
    endloop
  endfacet
  facet normal -0.000000e+00 1.000000e+00 0.000000e+00
    outer loop
      vertex   8.468210e+01 1.300000e+01 -7.588092e+01
      vertex   8.472469e+01 1.300000e+01 -7.555740e+01
      vertex   9.000000e+01 1.300000e+01 -8.195888e+01
    endloop
  endfacet
  facet normal 0.000000e+00 1.000000e+00 0.000000e+00
    outer loop
      vertex   9.000000e+01 1.300000e+01 -8.195888e+01
      vertex   8.472469e+01 1.300000e+01 -7.555740e+01
      vertex   8.468210e+01 1.300000e+01 -7.523387e+01
    endloop
  endfacet
  facet normal 0.000000e+00 1.000000e+00 -0.000000e+00
    outer loop
      vertex   9.000000e+01 1.300000e+01 -8.195888e+01
      vertex   8.468210e+01 1.300000e+01 -7.523387e+01
      vertex   9.000000e+01 1.300000e+01 -6.587472e+01
    endloop
  endfacet
  facet normal 0.000000e+00 1.000000e+00 0.000000e+00
    outer loop
      vertex   9.000000e+01 1.300000e+01 -6.587472e+01
      vertex   8.468210e+01 1.300000e+01 -7.523387e+01
      vertex   8.455722e+01 1.300000e+01 -7.493240e+01
    endloop
  endfacet
  facet normal 0.000000e+00 1.000000e+00 0.000000e+00
    outer loop
      vertex   9.000000e+01 1.300000e+01 -6.587472e+01
      vertex   8.455722e+01 1.300000e+01 -7.493240e+01
      vertex   8.435857e+01 1.300000e+01 -7.467351e+01
    endloop
  endfacet
  facet normal 0.000000e+00 1.000000e+00 -0.000000e+00
    outer loop
      vertex   8.435857e+01 1.300000e+01 -7.467351e+01
      vertex   8.409969e+01 1.300000e+01 -7.447486e+01
      vertex   9.000000e+01 1.300000e+01 -6.587472e+01
    endloop
  endfacet
  facet normal 0.000000e+00 1.000000e+00 0.000000e+00
    outer loop
      vertex   9.000000e+01 1.300000e+01 -6.587472e+01
      vertex   8.409969e+01 1.300000e+01 -7.447486e+01
      vertex   8.379821e+01 1.300000e+01 -7.434999e+01
    endloop
  endfacet
  facet normal 0.000000e+00 1.000000e+00 0.000000e+00
    outer loop
      vertex   9.000000e+01 1.300000e+01 -6.587472e+01
      vertex   8.379821e+01 1.300000e+01 -7.434999e+01
      vertex   8.347469e+01 1.300000e+01 -7.430740e+01
    endloop
  endfacet
  facet normal 0.000000e+00 1.000000e+00 0.000000e+00
    outer loop
      vertex   9.000000e+01 1.300000e+01 -6.587472e+01
      vertex   8.347469e+01 1.300000e+01 -7.430740e+01
      vertex   7.692751e+01 1.300000e+01 -6.587472e+01
    endloop
  endfacet
  facet normal 0.000000e+00 1.000000e+00 0.000000e+00
    outer loop
      vertex   7.692751e+01 1.300000e+01 -6.587472e+01
      vertex   8.347469e+01 1.300000e+01 -7.430740e+01
      vertex   8.315116e+01 1.300000e+01 -7.434999e+01
    endloop
  endfacet
  facet normal 0.000000e+00 1.000000e+00 0.000000e+00
    outer loop
      vertex   7.692751e+01 1.300000e+01 -6.587472e+01
      vertex   8.315116e+01 1.300000e+01 -7.434999e+01
      vertex   8.284969e+01 1.300000e+01 -7.447486e+01
    endloop
  endfacet
  facet normal 0.000000e+00 1.000000e+00 0.000000e+00
    outer loop
      vertex   8.284969e+01 1.300000e+01 -7.447486e+01
      vertex   8.259080e+01 1.300000e+01 -7.467351e+01
      vertex   7.692751e+01 1.300000e+01 -6.587472e+01
    endloop
  endfacet
  facet normal 0.000000e+00 1.000000e+00 0.000000e+00
    outer loop
      vertex   7.692751e+01 1.300000e+01 -6.587472e+01
      vertex   8.259080e+01 1.300000e+01 -7.467351e+01
      vertex   8.239216e+01 1.300000e+01 -7.493240e+01
    endloop
  endfacet
  facet normal 0.000000e+00 1.000000e+00 0.000000e+00
    outer loop
      vertex   7.692751e+01 1.300000e+01 -6.587472e+01
      vertex   8.239216e+01 1.300000e+01 -7.493240e+01
      vertex   8.226728e+01 1.300000e+01 -7.523387e+01
    endloop
  endfacet
  facet normal 0.000000e+00 1.000000e+00 0.000000e+00
    outer loop
      vertex   7.692751e+01 1.300000e+01 -6.587472e+01
      vertex   8.226728e+01 1.300000e+01 -7.523387e+01
      vertex   7.692751e+01 1.300000e+01 -8.195888e+01
    endloop
  endfacet
  facet normal 0.000000e+00 0.000000e+00 1.000000e+00
    outer loop
      vertex   1.500000e+02 1.000000e+01 -8.195888e+01
      vertex   9.000000e+01 1.000000e+01 -8.195888e+01
      vertex   1.500000e+02 8.000000e+00 -8.195888e+01
    endloop
  endfacet
  facet normal 0.000000e+00 0.000000e+00 1.000000e+00
    outer loop
      vertex   1.500000e+02 8.000000e+00 -8.195888e+01
      vertex   9.000000e+01 1.000000e+01 -8.195888e+01
      vertex   9.000000e+01 8.000000e+00 -8.195888e+01
    endloop
  endfacet
  facet normal -0.000000e+00 1.000000e+00 0.000000e+00
    outer loop
      vertex   1.542500e+02 8.000000e+00 1.200000e+01
      vertex   1.542926e+02 8.000000e+00 1.232352e+01
      vertex   1.542926e+02 8.000000e+00 1.167648e+01
    endloop
  endfacet
  facet normal -0.000000e+00 1.000000e+00 0.000000e+00
    outer loop
      vertex   1.542926e+02 8.000000e+00 1.167648e+01
      vertex   1.542926e+02 8.000000e+00 1.232352e+01
      vertex   1.544175e+02 8.000000e+00 1.137500e+01
    endloop
  endfacet
  facet normal 0.000000e+00 1.000000e+00 -0.000000e+00
    outer loop
      vertex   1.544175e+02 8.000000e+00 1.137500e+01
      vertex   1.542926e+02 8.000000e+00 1.232352e+01
      vertex   1.544175e+02 8.000000e+00 1.262500e+01
    endloop
  endfacet
  facet normal -0.000000e+00 1.000000e+00 0.000000e+00
    outer loop
      vertex   1.544175e+02 8.000000e+00 1.137500e+01
      vertex   1.544175e+02 8.000000e+00 1.262500e+01
      vertex   1.546161e+02 8.000000e+00 1.111612e+01
    endloop
  endfacet
  facet normal 0.000000e+00 1.000000e+00 -0.000000e+00
    outer loop
      vertex   1.546161e+02 8.000000e+00 1.111612e+01
      vertex   1.544175e+02 8.000000e+00 1.262500e+01
      vertex   1.546161e+02 8.000000e+00 1.288388e+01
    endloop
  endfacet
  facet normal -0.000000e+00 1.000000e+00 0.000000e+00
    outer loop
      vertex   1.546161e+02 8.000000e+00 1.111612e+01
      vertex   1.546161e+02 8.000000e+00 1.288388e+01
      vertex   1.548750e+02 8.000000e+00 1.091747e+01
    endloop
  endfacet
  facet normal 0.000000e+00 1.000000e+00 -0.000000e+00
    outer loop
      vertex   1.548750e+02 8.000000e+00 1.091747e+01
      vertex   1.546161e+02 8.000000e+00 1.288388e+01
      vertex   1.548750e+02 8.000000e+00 1.308253e+01
    endloop
  endfacet
  facet normal -0.000000e+00 1.000000e+00 0.000000e+00
    outer loop
      vertex   1.548750e+02 8.000000e+00 1.091747e+01
      vertex   1.548750e+02 8.000000e+00 1.308253e+01
      vertex   1.551765e+02 8.000000e+00 1.079259e+01
    endloop
  endfacet
  facet normal 0.000000e+00 1.000000e+00 -0.000000e+00
    outer loop
      vertex   1.551765e+02 8.000000e+00 1.079259e+01
      vertex   1.548750e+02 8.000000e+00 1.308253e+01
      vertex   1.551765e+02 8.000000e+00 1.320741e+01
    endloop
  endfacet
  facet normal -0.000000e+00 1.000000e+00 0.000000e+00
    outer loop
      vertex   1.551765e+02 8.000000e+00 1.079259e+01
      vertex   1.551765e+02 8.000000e+00 1.320741e+01
      vertex   1.555000e+02 8.000000e+00 1.075000e+01
    endloop
  endfacet
  facet normal 0.000000e+00 1.000000e+00 -0.000000e+00
    outer loop
      vertex   1.555000e+02 8.000000e+00 1.075000e+01
      vertex   1.551765e+02 8.000000e+00 1.320741e+01
      vertex   1.555000e+02 8.000000e+00 1.325000e+01
    endloop
  endfacet
  facet normal 0.000000e+00 1.000000e+00 0.000000e+00
    outer loop
      vertex   1.555000e+02 8.000000e+00 1.075000e+01
      vertex   1.555000e+02 8.000000e+00 1.325000e+01
      vertex   1.558235e+02 8.000000e+00 1.079259e+01
    endloop
  endfacet
  facet normal 0.000000e+00 1.000000e+00 -0.000000e+00
    outer loop
      vertex   1.558235e+02 8.000000e+00 1.079259e+01
      vertex   1.555000e+02 8.000000e+00 1.325000e+01
      vertex   1.558235e+02 8.000000e+00 1.320741e+01
    endloop
  endfacet
  facet normal 0.000000e+00 1.000000e+00 0.000000e+00
    outer loop
      vertex   1.558235e+02 8.000000e+00 1.079259e+01
      vertex   1.558235e+02 8.000000e+00 1.320741e+01
      vertex   1.561250e+02 8.000000e+00 1.091747e+01
    endloop
  endfacet
  facet normal 0.000000e+00 1.000000e+00 -0.000000e+00
    outer loop
      vertex   1.561250e+02 8.000000e+00 1.091747e+01
      vertex   1.558235e+02 8.000000e+00 1.320741e+01
      vertex   1.561250e+02 8.000000e+00 1.308253e+01
    endloop
  endfacet
  facet normal 0.000000e+00 1.000000e+00 0.000000e+00
    outer loop
      vertex   1.561250e+02 8.000000e+00 1.091747e+01
      vertex   1.561250e+02 8.000000e+00 1.308253e+01
      vertex   1.563839e+02 8.000000e+00 1.111612e+01
    endloop
  endfacet
  facet normal 0.000000e+00 1.000000e+00 -0.000000e+00
    outer loop
      vertex   1.563839e+02 8.000000e+00 1.111612e+01
      vertex   1.561250e+02 8.000000e+00 1.308253e+01
      vertex   1.563839e+02 8.000000e+00 1.288388e+01
    endloop
  endfacet
  facet normal 0.000000e+00 1.000000e+00 0.000000e+00
    outer loop
      vertex   1.563839e+02 8.000000e+00 1.111612e+01
      vertex   1.563839e+02 8.000000e+00 1.288388e+01
      vertex   1.565825e+02 8.000000e+00 1.137500e+01
    endloop
  endfacet
  facet normal 0.000000e+00 1.000000e+00 -0.000000e+00
    outer loop
      vertex   1.565825e+02 8.000000e+00 1.137500e+01
      vertex   1.563839e+02 8.000000e+00 1.288388e+01
      vertex   1.565825e+02 8.000000e+00 1.262500e+01
    endloop
  endfacet
  facet normal 0.000000e+00 1.000000e+00 0.000000e+00
    outer loop
      vertex   1.565825e+02 8.000000e+00 1.137500e+01
      vertex   1.565825e+02 8.000000e+00 1.262500e+01
      vertex   1.567074e+02 8.000000e+00 1.167648e+01
    endloop
  endfacet
  facet normal 0.000000e+00 1.000000e+00 -0.000000e+00
    outer loop
      vertex   1.567074e+02 8.000000e+00 1.167648e+01
      vertex   1.565825e+02 8.000000e+00 1.262500e+01
      vertex   1.567074e+02 8.000000e+00 1.232352e+01
    endloop
  endfacet
  facet normal 0.000000e+00 1.000000e+00 0.000000e+00
    outer loop
      vertex   1.567074e+02 8.000000e+00 1.167648e+01
      vertex   1.567074e+02 8.000000e+00 1.232352e+01
      vertex   1.567500e+02 8.000000e+00 1.200000e+01
    endloop
  endfacet
  facet normal 0.000000e+00 0.000000e+00 -1.000000e+00
    outer loop
      vertex   9.000000e+01 8.000000e+00 5.000000e+00
      vertex   7.692751e+01 8.000000e+00 5.000000e+00
      vertex   9.000000e+01 1.300000e+01 5.000000e+00
    endloop
  endfacet
  facet normal -0.000000e+00 0.000000e+00 -1.000000e+00
    outer loop
      vertex   9.000000e+01 1.300000e+01 5.000000e+00
      vertex   7.692751e+01 8.000000e+00 5.000000e+00
      vertex   7.692751e+01 1.300000e+01 5.000000e+00
    endloop
  endfacet
  facet normal 9.914449e-01 0.000000e+00 -1.305262e-01
    outer loop
      vertex   8.329259e+01 1.300000e+01 1.182352e+01
      vertex   8.329259e+01 8.000000e+00 1.182352e+01
      vertex   8.325000e+01 1.300000e+01 1.150000e+01
    endloop
  endfacet
  facet normal 9.914449e-01 0.000000e+00 -1.305262e-01
    outer loop
      vertex   8.325000e+01 1.300000e+01 1.150000e+01
      vertex   8.329259e+01 8.000000e+00 1.182352e+01
      vertex   8.325000e+01 8.000000e+00 1.150000e+01
    endloop
  endfacet
  facet normal 9.914449e-01 0.000000e+00 1.305262e-01
    outer loop
      vertex   8.325000e+01 1.300000e+01 1.150000e+01
      vertex   8.325000e+01 8.000000e+00 1.150000e+01
      vertex   8.329259e+01 1.300000e+01 1.117648e+01
    endloop
  endfacet
  facet normal 9.914449e-01 0.000000e+00 1.305262e-01
    outer loop
      vertex   8.329259e+01 1.300000e+01 1.117648e+01
      vertex   8.325000e+01 8.000000e+00 1.150000e+01
      vertex   8.329259e+01 8.000000e+00 1.117648e+01
    endloop
  endfacet
  facet normal 9.238795e-01 0.000000e+00 3.826834e-01
    outer loop
      vertex   8.329259e+01 1.300000e+01 1.117648e+01
      vertex   8.329259e+01 8.000000e+00 1.117648e+01
      vertex   8.341747e+01 1.300000e+01 1.087500e+01
    endloop
  endfacet
  facet normal 9.238795e-01 0.000000e+00 3.826834e-01
    outer loop
      vertex   8.341747e+01 1.300000e+01 1.087500e+01
      vertex   8.329259e+01 8.000000e+00 1.117648e+01
      vertex   8.341747e+01 8.000000e+00 1.087500e+01
    endloop
  endfacet
  facet normal 7.933533e-01 0.000000e+00 6.087614e-01
    outer loop
      vertex   8.341747e+01 1.300000e+01 1.087500e+01
      vertex   8.341747e+01 8.000000e+00 1.087500e+01
      vertex   8.361612e+01 1.300000e+01 1.061612e+01
    endloop
  endfacet
  facet normal 7.933533e-01 0.000000e+00 6.087614e-01
    outer loop
      vertex   8.361612e+01 1.300000e+01 1.061612e+01
      vertex   8.341747e+01 8.000000e+00 1.087500e+01
      vertex   8.361612e+01 8.000000e+00 1.061612e+01
    endloop
  endfacet
  facet normal 6.087614e-01 0.000000e+00 7.933533e-01
    outer loop
      vertex   8.361612e+01 1.300000e+01 1.061612e+01
      vertex   8.361612e+01 8.000000e+00 1.061612e+01
      vertex   8.387500e+01 1.300000e+01 1.041747e+01
    endloop
  endfacet
  facet normal 6.087614e-01 0.000000e+00 7.933533e-01
    outer loop
      vertex   8.387500e+01 1.300000e+01 1.041747e+01
      vertex   8.361612e+01 8.000000e+00 1.061612e+01
      vertex   8.387500e+01 8.000000e+00 1.041747e+01
    endloop
  endfacet
  facet normal 3.826834e-01 0.000000e+00 9.238795e-01
    outer loop
      vertex   8.387500e+01 1.300000e+01 1.041747e+01
      vertex   8.387500e+01 8.000000e+00 1.041747e+01
      vertex   8.417648e+01 1.300000e+01 1.029259e+01
    endloop
  endfacet
  facet normal 3.826834e-01 0.000000e+00 9.238795e-01
    outer loop
      vertex   8.417648e+01 1.300000e+01 1.029259e+01
      vertex   8.387500e+01 8.000000e+00 1.041747e+01
      vertex   8.417648e+01 8.000000e+00 1.029259e+01
    endloop
  endfacet
  facet normal 1.305262e-01 0.000000e+00 9.914449e-01
    outer loop
      vertex   8.417648e+01 1.300000e+01 1.029259e+01
      vertex   8.417648e+01 8.000000e+00 1.029259e+01
      vertex   8.450000e+01 1.300000e+01 1.025000e+01
    endloop
  endfacet
  facet normal 1.305262e-01 0.000000e+00 9.914449e-01
    outer loop
      vertex   8.450000e+01 1.300000e+01 1.025000e+01
      vertex   8.417648e+01 8.000000e+00 1.029259e+01
      vertex   8.450000e+01 8.000000e+00 1.025000e+01
    endloop
  endfacet
  facet normal -1.305262e-01 0.000000e+00 9.914449e-01
    outer loop
      vertex   8.450000e+01 1.300000e+01 1.025000e+01
      vertex   8.450000e+01 8.000000e+00 1.025000e+01
      vertex   8.482353e+01 1.300000e+01 1.029259e+01
    endloop
  endfacet
  facet normal -1.305262e-01 0.000000e+00 9.914449e-01
    outer loop
      vertex   8.482353e+01 1.300000e+01 1.029259e+01
      vertex   8.450000e+01 8.000000e+00 1.025000e+01
      vertex   8.482353e+01 8.000000e+00 1.029259e+01
    endloop
  endfacet
  facet normal -3.826834e-01 0.000000e+00 9.238795e-01
    outer loop
      vertex   8.482353e+01 1.300000e+01 1.029259e+01
      vertex   8.482353e+01 8.000000e+00 1.029259e+01
      vertex   8.512500e+01 1.300000e+01 1.041747e+01
    endloop
  endfacet
  facet normal -3.826834e-01 0.000000e+00 9.238795e-01
    outer loop
      vertex   8.512500e+01 1.300000e+01 1.041747e+01
      vertex   8.482353e+01 8.000000e+00 1.029259e+01
      vertex   8.512500e+01 8.000000e+00 1.041747e+01
    endloop
  endfacet
  facet normal -6.087614e-01 0.000000e+00 7.933533e-01
    outer loop
      vertex   8.512500e+01 1.300000e+01 1.041747e+01
      vertex   8.512500e+01 8.000000e+00 1.041747e+01
      vertex   8.538388e+01 1.300000e+01 1.061612e+01
    endloop
  endfacet
  facet normal -6.087614e-01 0.000000e+00 7.933533e-01
    outer loop
      vertex   8.538388e+01 1.300000e+01 1.061612e+01
      vertex   8.512500e+01 8.000000e+00 1.041747e+01
      vertex   8.538388e+01 8.000000e+00 1.061612e+01
    endloop
  endfacet
  facet normal -7.933533e-01 0.000000e+00 6.087614e-01
    outer loop
      vertex   8.538388e+01 1.300000e+01 1.061612e+01
      vertex   8.538388e+01 8.000000e+00 1.061612e+01
      vertex   8.558253e+01 1.300000e+01 1.087500e+01
    endloop
  endfacet
  facet normal -7.933533e-01 0.000000e+00 6.087614e-01
    outer loop
      vertex   8.558253e+01 1.300000e+01 1.087500e+01
      vertex   8.538388e+01 8.000000e+00 1.061612e+01
      vertex   8.558253e+01 8.000000e+00 1.087500e+01
    endloop
  endfacet
  facet normal -9.238795e-01 0.000000e+00 3.826834e-01
    outer loop
      vertex   8.558253e+01 1.300000e+01 1.087500e+01
      vertex   8.558253e+01 8.000000e+00 1.087500e+01
      vertex   8.570741e+01 1.300000e+01 1.117648e+01
    endloop
  endfacet
  facet normal -9.238795e-01 1.359565e-16 3.826834e-01
    outer loop
      vertex   8.570741e+01 1.300000e+01 1.117648e+01
      vertex   8.558253e+01 8.000000e+00 1.087500e+01
      vertex   8.570741e+01 8.000000e+00 1.117648e+01
    endloop
  endfacet
  facet normal -9.914449e-01 4.637222e-17 1.305262e-01
    outer loop
      vertex   8.570741e+01 1.300000e+01 1.117648e+01
      vertex   8.570741e+01 8.000000e+00 1.117648e+01
      vertex   8.575000e+01 1.300000e+01 1.150000e+01
    endloop
  endfacet
  facet normal -9.914449e-01 0.000000e+00 1.305262e-01
    outer loop
      vertex   8.575000e+01 1.300000e+01 1.150000e+01
      vertex   8.570741e+01 8.000000e+00 1.117648e+01
      vertex   8.575000e+01 8.000000e+00 1.150000e+01
    endloop
  endfacet
  facet normal -9.914449e-01 -0.000000e+00 -1.305262e-01
    outer loop
      vertex   8.575000e+01 1.300000e+01 1.150000e+01
      vertex   8.575000e+01 8.000000e+00 1.150000e+01
      vertex   8.570741e+01 1.300000e+01 1.182352e+01
    endloop
  endfacet
  facet normal -9.914449e-01 -4.637222e-17 -1.305262e-01
    outer loop
      vertex   8.570741e+01 1.300000e+01 1.182352e+01
      vertex   8.575000e+01 8.000000e+00 1.150000e+01
      vertex   8.570741e+01 8.000000e+00 1.182352e+01
    endloop
  endfacet
  facet normal -9.238795e-01 -1.359565e-16 -3.826834e-01
    outer loop
      vertex   8.570741e+01 1.300000e+01 1.182352e+01
      vertex   8.570741e+01 8.000000e+00 1.182352e+01
      vertex   8.558253e+01 1.300000e+01 1.212500e+01
    endloop
  endfacet
  facet normal -9.238795e-01 -0.000000e+00 -3.826834e-01
    outer loop
      vertex   8.558253e+01 1.300000e+01 1.212500e+01
      vertex   8.570741e+01 8.000000e+00 1.182352e+01
      vertex   8.558253e+01 8.000000e+00 1.212500e+01
    endloop
  endfacet
  facet normal -7.933533e-01 -0.000000e+00 -6.087614e-01
    outer loop
      vertex   8.558253e+01 1.300000e+01 1.212500e+01
      vertex   8.558253e+01 8.000000e+00 1.212500e+01
      vertex   8.538388e+01 1.300000e+01 1.238388e+01
    endloop
  endfacet
  facet normal -7.933533e-01 -0.000000e+00 -6.087614e-01
    outer loop
      vertex   8.538388e+01 1.300000e+01 1.238388e+01
      vertex   8.558253e+01 8.000000e+00 1.212500e+01
      vertex   8.538388e+01 8.000000e+00 1.238388e+01
    endloop
  endfacet
  facet normal -6.087614e-01 -0.000000e+00 -7.933533e-01
    outer loop
      vertex   8.538388e+01 1.300000e+01 1.238388e+01
      vertex   8.538388e+01 8.000000e+00 1.238388e+01
      vertex   8.512500e+01 1.300000e+01 1.258253e+01
    endloop
  endfacet
  facet normal -6.087614e-01 -0.000000e+00 -7.933533e-01
    outer loop
      vertex   8.512500e+01 1.300000e+01 1.258253e+01
      vertex   8.538388e+01 8.000000e+00 1.238388e+01
      vertex   8.512500e+01 8.000000e+00 1.258253e+01
    endloop
  endfacet
  facet normal -3.826834e-01 -0.000000e+00 -9.238795e-01
    outer loop
      vertex   8.512500e+01 1.300000e+01 1.258253e+01
      vertex   8.512500e+01 8.000000e+00 1.258253e+01
      vertex   8.482353e+01 1.300000e+01 1.270741e+01
    endloop
  endfacet
  facet normal -3.826834e-01 -0.000000e+00 -9.238795e-01
    outer loop
      vertex   8.482353e+01 1.300000e+01 1.270741e+01
      vertex   8.512500e+01 8.000000e+00 1.258253e+01
      vertex   8.482353e+01 8.000000e+00 1.270741e+01
    endloop
  endfacet
  facet normal -1.305262e-01 -0.000000e+00 -9.914449e-01
    outer loop
      vertex   8.482353e+01 1.300000e+01 1.270741e+01
      vertex   8.482353e+01 8.000000e+00 1.270741e+01
      vertex   8.450000e+01 1.300000e+01 1.275000e+01
    endloop
  endfacet
  facet normal -1.305262e-01 -0.000000e+00 -9.914449e-01
    outer loop
      vertex   8.450000e+01 1.300000e+01 1.275000e+01
      vertex   8.482353e+01 8.000000e+00 1.270741e+01
      vertex   8.450000e+01 8.000000e+00 1.275000e+01
    endloop
  endfacet
  facet normal 1.305262e-01 0.000000e+00 -9.914449e-01
    outer loop
      vertex   8.450000e+01 1.300000e+01 1.275000e+01
      vertex   8.450000e+01 8.000000e+00 1.275000e+01
      vertex   8.417648e+01 1.300000e+01 1.270741e+01
    endloop
  endfacet
  facet normal 1.305262e-01 0.000000e+00 -9.914449e-01
    outer loop
      vertex   8.417648e+01 1.300000e+01 1.270741e+01
      vertex   8.450000e+01 8.000000e+00 1.275000e+01
      vertex   8.417648e+01 8.000000e+00 1.270741e+01
    endloop
  endfacet
  facet normal 3.826834e-01 0.000000e+00 -9.238795e-01
    outer loop
      vertex   8.417648e+01 1.300000e+01 1.270741e+01
      vertex   8.417648e+01 8.000000e+00 1.270741e+01
      vertex   8.387500e+01 1.300000e+01 1.258253e+01
    endloop
  endfacet
  facet normal 3.826834e-01 0.000000e+00 -9.238795e-01
    outer loop
      vertex   8.387500e+01 1.300000e+01 1.258253e+01
      vertex   8.417648e+01 8.000000e+00 1.270741e+01
      vertex   8.387500e+01 8.000000e+00 1.258253e+01
    endloop
  endfacet
  facet normal 6.087614e-01 0.000000e+00 -7.933533e-01
    outer loop
      vertex   8.387500e+01 1.300000e+01 1.258253e+01
      vertex   8.387500e+01 8.000000e+00 1.258253e+01
      vertex   8.361612e+01 1.300000e+01 1.238388e+01
    endloop
  endfacet
  facet normal 6.087614e-01 0.000000e+00 -7.933533e-01
    outer loop
      vertex   8.361612e+01 1.300000e+01 1.238388e+01
      vertex   8.387500e+01 8.000000e+00 1.258253e+01
      vertex   8.361612e+01 8.000000e+00 1.238388e+01
    endloop
  endfacet
  facet normal 7.933533e-01 0.000000e+00 -6.087614e-01
    outer loop
      vertex   8.361612e+01 1.300000e+01 1.238388e+01
      vertex   8.361612e+01 8.000000e+00 1.238388e+01
      vertex   8.341747e+01 1.300000e+01 1.212500e+01
    endloop
  endfacet
  facet normal 7.933533e-01 0.000000e+00 -6.087614e-01
    outer loop
      vertex   8.341747e+01 1.300000e+01 1.212500e+01
      vertex   8.361612e+01 8.000000e+00 1.238388e+01
      vertex   8.341747e+01 8.000000e+00 1.212500e+01
    endloop
  endfacet
  facet normal 9.238795e-01 0.000000e+00 -3.826834e-01
    outer loop
      vertex   8.341747e+01 1.300000e+01 1.212500e+01
      vertex   8.341747e+01 8.000000e+00 1.212500e+01
      vertex   8.329259e+01 1.300000e+01 1.182352e+01
    endloop
  endfacet
  facet normal 9.238795e-01 0.000000e+00 -3.826834e-01
    outer loop
      vertex   8.329259e+01 1.300000e+01 1.182352e+01
      vertex   8.341747e+01 8.000000e+00 1.212500e+01
      vertex   8.329259e+01 8.000000e+00 1.182352e+01
    endloop
  endfacet
  facet normal 1.000000e+00 -0.000000e+00 0.000000e+00
    outer loop
      vertex   9.000000e+01 8.000000e+00 1.936433e+01
      vertex   9.000000e+01 8.000000e+00 5.000000e+00
      vertex   9.000000e+01 1.300000e+01 1.936433e+01
    endloop
  endfacet
  facet normal 1.000000e+00 0.000000e+00 0.000000e+00
    outer loop
      vertex   9.000000e+01 1.300000e+01 1.936433e+01
      vertex   9.000000e+01 8.000000e+00 5.000000e+00
      vertex   9.000000e+01 1.300000e+01 5.000000e+00
    endloop
  endfacet
  facet normal 0.000000e+00 1.000000e+00 0.000000e+00
    outer loop
      vertex   8.329259e+01 1.300000e+01 1.117648e+01
      vertex   7.692751e+01 1.300000e+01 5.000000e+00
      vertex   8.325000e+01 1.300000e+01 1.150000e+01
    endloop
  endfacet
  facet normal 0.000000e+00 1.000000e+00 0.000000e+00
    outer loop
      vertex   8.325000e+01 1.300000e+01 1.150000e+01
      vertex   7.692751e+01 1.300000e+01 5.000000e+00
      vertex   7.692751e+01 1.300000e+01 1.936433e+01
    endloop
  endfacet
  facet normal 0.000000e+00 1.000000e+00 -0.000000e+00
    outer loop
      vertex   8.325000e+01 1.300000e+01 1.150000e+01
      vertex   7.692751e+01 1.300000e+01 1.936433e+01
      vertex   8.329259e+01 1.300000e+01 1.182352e+01
    endloop
  endfacet
  facet normal 0.000000e+00 1.000000e+00 -0.000000e+00
    outer loop
      vertex   8.329259e+01 1.300000e+01 1.182352e+01
      vertex   7.692751e+01 1.300000e+01 1.936433e+01
      vertex   8.341747e+01 1.300000e+01 1.212500e+01
    endloop
  endfacet
  facet normal 0.000000e+00 1.000000e+00 -0.000000e+00
    outer loop
      vertex   8.341747e+01 1.300000e+01 1.212500e+01
      vertex   7.692751e+01 1.300000e+01 1.936433e+01
      vertex   8.361612e+01 1.300000e+01 1.238388e+01
    endloop
  endfacet
  facet normal 0.000000e+00 1.000000e+00 -0.000000e+00
    outer loop
      vertex   8.361612e+01 1.300000e+01 1.238388e+01
      vertex   7.692751e+01 1.300000e+01 1.936433e+01
      vertex   8.387500e+01 1.300000e+01 1.258253e+01
    endloop
  endfacet
  facet normal 0.000000e+00 1.000000e+00 -0.000000e+00
    outer loop
      vertex   8.387500e+01 1.300000e+01 1.258253e+01
      vertex   7.692751e+01 1.300000e+01 1.936433e+01
      vertex   8.417648e+01 1.300000e+01 1.270741e+01
    endloop
  endfacet
  facet normal 0.000000e+00 1.000000e+00 -0.000000e+00
    outer loop
      vertex   8.417648e+01 1.300000e+01 1.270741e+01
      vertex   7.692751e+01 1.300000e+01 1.936433e+01
      vertex   9.000000e+01 1.300000e+01 1.936433e+01
    endloop
  endfacet
  facet normal 0.000000e+00 1.000000e+00 0.000000e+00
    outer loop
      vertex   8.417648e+01 1.300000e+01 1.270741e+01
      vertex   9.000000e+01 1.300000e+01 1.936433e+01
      vertex   8.450000e+01 1.300000e+01 1.275000e+01
    endloop
  endfacet
  facet normal -0.000000e+00 1.000000e+00 0.000000e+00
    outer loop
      vertex   8.450000e+01 1.300000e+01 1.275000e+01
      vertex   9.000000e+01 1.300000e+01 1.936433e+01
      vertex   8.482353e+01 1.300000e+01 1.270741e+01
    endloop
  endfacet
  facet normal -0.000000e+00 1.000000e+00 0.000000e+00
    outer loop
      vertex   8.482353e+01 1.300000e+01 1.270741e+01
      vertex   9.000000e+01 1.300000e+01 1.936433e+01
      vertex   8.512500e+01 1.300000e+01 1.258253e+01
    endloop
  endfacet
  facet normal -0.000000e+00 1.000000e+00 0.000000e+00
    outer loop
      vertex   8.512500e+01 1.300000e+01 1.258253e+01
      vertex   9.000000e+01 1.300000e+01 1.936433e+01
      vertex   8.538388e+01 1.300000e+01 1.238388e+01
    endloop
  endfacet
  facet normal -0.000000e+00 1.000000e+00 0.000000e+00
    outer loop
      vertex   8.538388e+01 1.300000e+01 1.238388e+01
      vertex   9.000000e+01 1.300000e+01 1.936433e+01
      vertex   8.558253e+01 1.300000e+01 1.212500e+01
    endloop
  endfacet
  facet normal -0.000000e+00 1.000000e+00 0.000000e+00
    outer loop
      vertex   8.558253e+01 1.300000e+01 1.212500e+01
      vertex   9.000000e+01 1.300000e+01 1.936433e+01
      vertex   8.570741e+01 1.300000e+01 1.182352e+01
    endloop
  endfacet
  facet normal -0.000000e+00 1.000000e+00 0.000000e+00
    outer loop
      vertex   8.570741e+01 1.300000e+01 1.182352e+01
      vertex   9.000000e+01 1.300000e+01 1.936433e+01
      vertex   8.575000e+01 1.300000e+01 1.150000e+01
    endloop
  endfacet
  facet normal -0.000000e+00 1.000000e+00 0.000000e+00
    outer loop
      vertex   8.575000e+01 1.300000e+01 1.150000e+01
      vertex   9.000000e+01 1.300000e+01 1.936433e+01
      vertex   9.000000e+01 1.300000e+01 5.000000e+00
    endloop
  endfacet
  facet normal 0.000000e+00 1.000000e+00 0.000000e+00
    outer loop
      vertex   8.575000e+01 1.300000e+01 1.150000e+01
      vertex   9.000000e+01 1.300000e+01 5.000000e+00
      vertex   8.570741e+01 1.300000e+01 1.117648e+01
    endloop
  endfacet
  facet normal 0.000000e+00 1.000000e+00 0.000000e+00
    outer loop
      vertex   8.570741e+01 1.300000e+01 1.117648e+01
      vertex   9.000000e+01 1.300000e+01 5.000000e+00
      vertex   8.558253e+01 1.300000e+01 1.087500e+01
    endloop
  endfacet
  facet normal 0.000000e+00 1.000000e+00 0.000000e+00
    outer loop
      vertex   8.558253e+01 1.300000e+01 1.087500e+01
      vertex   9.000000e+01 1.300000e+01 5.000000e+00
      vertex   8.538388e+01 1.300000e+01 1.061612e+01
    endloop
  endfacet
  facet normal 0.000000e+00 1.000000e+00 0.000000e+00
    outer loop
      vertex   8.538388e+01 1.300000e+01 1.061612e+01
      vertex   9.000000e+01 1.300000e+01 5.000000e+00
      vertex   8.512500e+01 1.300000e+01 1.041747e+01
    endloop
  endfacet
  facet normal 0.000000e+00 1.000000e+00 0.000000e+00
    outer loop
      vertex   8.512500e+01 1.300000e+01 1.041747e+01
      vertex   9.000000e+01 1.300000e+01 5.000000e+00
      vertex   8.482353e+01 1.300000e+01 1.029259e+01
    endloop
  endfacet
  facet normal 0.000000e+00 1.000000e+00 0.000000e+00
    outer loop
      vertex   8.482353e+01 1.300000e+01 1.029259e+01
      vertex   9.000000e+01 1.300000e+01 5.000000e+00
      vertex   8.450000e+01 1.300000e+01 1.025000e+01
    endloop
  endfacet
  facet normal 0.000000e+00 1.000000e+00 0.000000e+00
    outer loop
      vertex   8.450000e+01 1.300000e+01 1.025000e+01
      vertex   9.000000e+01 1.300000e+01 5.000000e+00
      vertex   8.417648e+01 1.300000e+01 1.029259e+01
    endloop
  endfacet
  facet normal 0.000000e+00 1.000000e+00 0.000000e+00
    outer loop
      vertex   8.417648e+01 1.300000e+01 1.029259e+01
      vertex   9.000000e+01 1.300000e+01 5.000000e+00
      vertex   7.692751e+01 1.300000e+01 5.000000e+00
    endloop
  endfacet
  facet normal 0.000000e+00 1.000000e+00 0.000000e+00
    outer loop
      vertex   8.417648e+01 1.300000e+01 1.029259e+01
      vertex   7.692751e+01 1.300000e+01 5.000000e+00
      vertex   8.387500e+01 1.300000e+01 1.041747e+01
    endloop
  endfacet
  facet normal 0.000000e+00 1.000000e+00 0.000000e+00
    outer loop
      vertex   8.387500e+01 1.300000e+01 1.041747e+01
      vertex   7.692751e+01 1.300000e+01 5.000000e+00
      vertex   8.361612e+01 1.300000e+01 1.061612e+01
    endloop
  endfacet
  facet normal 0.000000e+00 1.000000e+00 0.000000e+00
    outer loop
      vertex   8.361612e+01 1.300000e+01 1.061612e+01
      vertex   7.692751e+01 1.300000e+01 5.000000e+00
      vertex   8.341747e+01 1.300000e+01 1.087500e+01
    endloop
  endfacet
  facet normal 0.000000e+00 1.000000e+00 0.000000e+00
    outer loop
      vertex   8.341747e+01 1.300000e+01 1.087500e+01
      vertex   7.692751e+01 1.300000e+01 5.000000e+00
      vertex   8.329259e+01 1.300000e+01 1.117648e+01
    endloop
  endfacet
  facet normal 0.000000e+00 0.000000e+00 -1.000000e+00
    outer loop
      vertex   1.500000e+02 8.000000e+00 1.936433e+01
      vertex   9.000000e+01 8.000000e+00 1.936433e+01
      vertex   1.500000e+02 1.300000e+01 1.936433e+01
    endloop
  endfacet
  facet normal -0.000000e+00 0.000000e+00 -1.000000e+00
    outer loop
      vertex   1.500000e+02 1.300000e+01 1.936433e+01
      vertex   9.000000e+01 8.000000e+00 1.936433e+01
      vertex   9.000000e+01 1.300000e+01 1.936433e+01
    endloop
  endfacet
  facet normal 0.000000e+00 0.000000e+00 -1.000000e+00
    outer loop
      vertex   1.500000e+02 1.300000e+01 1.936433e+01
      vertex   9.000000e+01 1.300000e+01 1.936433e+01
      vertex   1.624847e+02 1.500000e+01 1.936433e+01
    endloop
  endfacet
  facet normal -0.000000e+00 0.000000e+00 -1.000000e+00
    outer loop
      vertex   1.624847e+02 1.500000e+01 1.936433e+01
      vertex   9.000000e+01 1.300000e+01 1.936433e+01
      vertex   7.692751e+01 1.500000e+01 1.936433e+01
    endloop
  endfacet
  facet normal 0.000000e+00 0.000000e+00 -1.000000e+00
    outer loop
      vertex   7.692751e+01 1.500000e+01 1.936433e+01
      vertex   9.000000e+01 1.300000e+01 1.936433e+01
      vertex   7.692751e+01 1.300000e+01 1.936433e+01
    endloop
  endfacet
  facet normal 0.000000e+00 -0.000000e+00 -1.000000e+00
    outer loop
      vertex   1.624847e+02 1.500000e+01 1.936433e+01
      vertex   1.624847e+02 1.300000e+01 1.936433e+01
      vertex   1.500000e+02 1.300000e+01 1.936433e+01
    endloop
  endfacet
  facet normal -0.000000e+00 1.000000e+00 0.000000e+00
    outer loop
      vertex   8.222469e+01 8.000000e+00 -7.555740e+01
      vertex   8.226728e+01 8.000000e+00 -7.523387e+01
      vertex   8.226728e+01 8.000000e+00 -7.588092e+01
    endloop
  endfacet
  facet normal -0.000000e+00 1.000000e+00 0.000000e+00
    outer loop
      vertex   8.226728e+01 8.000000e+00 -7.588092e+01
      vertex   8.226728e+01 8.000000e+00 -7.523387e+01
      vertex   8.239216e+01 8.000000e+00 -7.618240e+01
    endloop
  endfacet
  facet normal 0.000000e+00 1.000000e+00 -0.000000e+00
    outer loop
      vertex   8.239216e+01 8.000000e+00 -7.618240e+01
      vertex   8.226728e+01 8.000000e+00 -7.523387e+01
      vertex   8.239216e+01 8.000000e+00 -7.493240e+01
    endloop
  endfacet
  facet normal -0.000000e+00 1.000000e+00 0.000000e+00
    outer loop
      vertex   8.239216e+01 8.000000e+00 -7.618240e+01
      vertex   8.239216e+01 8.000000e+00 -7.493240e+01
      vertex   8.259080e+01 8.000000e+00 -7.644128e+01
    endloop
  endfacet
  facet normal 0.000000e+00 1.000000e+00 -0.000000e+00
    outer loop
      vertex   8.259080e+01 8.000000e+00 -7.644128e+01
      vertex   8.239216e+01 8.000000e+00 -7.493240e+01
      vertex   8.259080e+01 8.000000e+00 -7.467351e+01
    endloop
  endfacet
  facet normal -0.000000e+00 1.000000e+00 0.000000e+00
    outer loop
      vertex   8.259080e+01 8.000000e+00 -7.644128e+01
      vertex   8.259080e+01 8.000000e+00 -7.467351e+01
      vertex   8.284969e+01 8.000000e+00 -7.663993e+01
    endloop
  endfacet
  facet normal 0.000000e+00 1.000000e+00 -0.000000e+00
    outer loop
      vertex   8.284969e+01 8.000000e+00 -7.663993e+01
      vertex   8.259080e+01 8.000000e+00 -7.467351e+01
      vertex   8.284969e+01 8.000000e+00 -7.447486e+01
    endloop
  endfacet
  facet normal -0.000000e+00 1.000000e+00 0.000000e+00
    outer loop
      vertex   8.284969e+01 8.000000e+00 -7.663993e+01
      vertex   8.284969e+01 8.000000e+00 -7.447486e+01
      vertex   8.315116e+01 8.000000e+00 -7.676480e+01
    endloop
  endfacet
  facet normal 0.000000e+00 1.000000e+00 -0.000000e+00
    outer loop
      vertex   8.315116e+01 8.000000e+00 -7.676480e+01
      vertex   8.284969e+01 8.000000e+00 -7.447486e+01
      vertex   8.315116e+01 8.000000e+00 -7.434999e+01
    endloop
  endfacet
  facet normal -0.000000e+00 1.000000e+00 0.000000e+00
    outer loop
      vertex   8.315116e+01 8.000000e+00 -7.676480e+01
      vertex   8.315116e+01 8.000000e+00 -7.434999e+01
      vertex   8.347469e+01 8.000000e+00 -7.680740e+01
    endloop
  endfacet
  facet normal 0.000000e+00 1.000000e+00 -0.000000e+00
    outer loop
      vertex   8.347469e+01 8.000000e+00 -7.680740e+01
      vertex   8.315116e+01 8.000000e+00 -7.434999e+01
      vertex   8.347469e+01 8.000000e+00 -7.430740e+01
    endloop
  endfacet
  facet normal 0.000000e+00 1.000000e+00 0.000000e+00
    outer loop
      vertex   8.347469e+01 8.000000e+00 -7.680740e+01
      vertex   8.347469e+01 8.000000e+00 -7.430740e+01
      vertex   8.379821e+01 8.000000e+00 -7.676480e+01
    endloop
  endfacet
  facet normal 0.000000e+00 1.000000e+00 -0.000000e+00
    outer loop
      vertex   8.379821e+01 8.000000e+00 -7.676480e+01
      vertex   8.347469e+01 8.000000e+00 -7.430740e+01
      vertex   8.379821e+01 8.000000e+00 -7.434999e+01
    endloop
  endfacet
  facet normal 0.000000e+00 1.000000e+00 0.000000e+00
    outer loop
      vertex   8.379821e+01 8.000000e+00 -7.676480e+01
      vertex   8.379821e+01 8.000000e+00 -7.434999e+01
      vertex   8.409969e+01 8.000000e+00 -7.663993e+01
    endloop
  endfacet
  facet normal 0.000000e+00 1.000000e+00 -0.000000e+00
    outer loop
      vertex   8.409969e+01 8.000000e+00 -7.663993e+01
      vertex   8.379821e+01 8.000000e+00 -7.434999e+01
      vertex   8.409969e+01 8.000000e+00 -7.447486e+01
    endloop
  endfacet
  facet normal 0.000000e+00 1.000000e+00 0.000000e+00
    outer loop
      vertex   8.409969e+01 8.000000e+00 -7.663993e+01
      vertex   8.409969e+01 8.000000e+00 -7.447486e+01
      vertex   8.435857e+01 8.000000e+00 -7.644128e+01
    endloop
  endfacet
  facet normal 0.000000e+00 1.000000e+00 -0.000000e+00
    outer loop
      vertex   8.435857e+01 8.000000e+00 -7.644128e+01
      vertex   8.409969e+01 8.000000e+00 -7.447486e+01
      vertex   8.435857e+01 8.000000e+00 -7.467351e+01
    endloop
  endfacet
  facet normal 0.000000e+00 1.000000e+00 0.000000e+00
    outer loop
      vertex   8.435857e+01 8.000000e+00 -7.644128e+01
      vertex   8.435857e+01 8.000000e+00 -7.467351e+01
      vertex   8.455722e+01 8.000000e+00 -7.618240e+01
    endloop
  endfacet
  facet normal 0.000000e+00 1.000000e+00 -0.000000e+00
    outer loop
      vertex   8.455722e+01 8.000000e+00 -7.618240e+01
      vertex   8.435857e+01 8.000000e+00 -7.467351e+01
      vertex   8.455722e+01 8.000000e+00 -7.493240e+01
    endloop
  endfacet
  facet normal 0.000000e+00 1.000000e+00 0.000000e+00
    outer loop
      vertex   8.455722e+01 8.000000e+00 -7.618240e+01
      vertex   8.455722e+01 8.000000e+00 -7.493240e+01
      vertex   8.468210e+01 8.000000e+00 -7.588092e+01
    endloop
  endfacet
  facet normal 0.000000e+00 1.000000e+00 -0.000000e+00
    outer loop
      vertex   8.468210e+01 8.000000e+00 -7.588092e+01
      vertex   8.455722e+01 8.000000e+00 -7.493240e+01
      vertex   8.468210e+01 8.000000e+00 -7.523387e+01
    endloop
  endfacet
  facet normal 0.000000e+00 1.000000e+00 0.000000e+00
    outer loop
      vertex   8.468210e+01 8.000000e+00 -7.588092e+01
      vertex   8.468210e+01 8.000000e+00 -7.523387e+01
      vertex   8.472469e+01 8.000000e+00 -7.555740e+01
    endloop
  endfacet
  facet normal -9.914449e-01 0.000000e+00 1.305262e-01
    outer loop
      vertex   1.666904e+02 1.500000e+01 2.154707e+01
      vertex   1.666904e+02 9.000000e+00 2.154707e+01
      vertex   1.667500e+02 1.500000e+01 2.200000e+01
    endloop
  endfacet
  facet normal -9.914449e-01 0.000000e+00 1.305262e-01
    outer loop
      vertex   1.667500e+02 1.500000e+01 2.200000e+01
      vertex   1.666904e+02 9.000000e+00 2.154707e+01
      vertex   1.667500e+02 9.000000e+00 2.200000e+01
    endloop
  endfacet
  facet normal -9.914449e-01 -0.000000e+00 -1.305262e-01
    outer loop
      vertex   1.667500e+02 1.500000e+01 2.200000e+01
      vertex   1.667500e+02 9.000000e+00 2.200000e+01
      vertex   1.666904e+02 1.500000e+01 2.245293e+01
    endloop
  endfacet
  facet normal -9.914449e-01 -0.000000e+00 -1.305262e-01
    outer loop
      vertex   1.666904e+02 1.500000e+01 2.245293e+01
      vertex   1.667500e+02 9.000000e+00 2.200000e+01
      vertex   1.666904e+02 9.000000e+00 2.245293e+01
    endloop
  endfacet
  facet normal -9.238795e-01 -0.000000e+00 -3.826834e-01
    outer loop
      vertex   1.666904e+02 1.500000e+01 2.245293e+01
      vertex   1.666904e+02 9.000000e+00 2.245293e+01
      vertex   1.665155e+02 1.500000e+01 2.287500e+01
    endloop
  endfacet
  facet normal -9.238795e-01 -0.000000e+00 -3.826834e-01
    outer loop
      vertex   1.665155e+02 1.500000e+01 2.287500e+01
      vertex   1.666904e+02 9.000000e+00 2.245293e+01
      vertex   1.665155e+02 9.000000e+00 2.287500e+01
    endloop
  endfacet
  facet normal -7.933533e-01 -0.000000e+00 -6.087614e-01
    outer loop
      vertex   1.665155e+02 1.500000e+01 2.287500e+01
      vertex   1.665155e+02 9.000000e+00 2.287500e+01
      vertex   1.662374e+02 1.500000e+01 2.323744e+01
    endloop
  endfacet
  facet normal -7.933533e-01 -0.000000e+00 -6.087614e-01
    outer loop
      vertex   1.662374e+02 1.500000e+01 2.323744e+01
      vertex   1.665155e+02 9.000000e+00 2.287500e+01
      vertex   1.662374e+02 9.000000e+00 2.323744e+01
    endloop
  endfacet
  facet normal -6.087614e-01 -0.000000e+00 -7.933533e-01
    outer loop
      vertex   1.662374e+02 1.500000e+01 2.323744e+01
      vertex   1.662374e+02 9.000000e+00 2.323744e+01
      vertex   1.658750e+02 1.500000e+01 2.351554e+01
    endloop
  endfacet
  facet normal -6.087614e-01 -0.000000e+00 -7.933533e-01
    outer loop
      vertex   1.658750e+02 1.500000e+01 2.351554e+01
      vertex   1.662374e+02 9.000000e+00 2.323744e+01
      vertex   1.658750e+02 9.000000e+00 2.351554e+01
    endloop
  endfacet
  facet normal -3.826834e-01 -0.000000e+00 -9.238795e-01
    outer loop
      vertex   1.658750e+02 1.500000e+01 2.351554e+01
      vertex   1.658750e+02 9.000000e+00 2.351554e+01
      vertex   1.654529e+02 1.500000e+01 2.369037e+01
    endloop
  endfacet
  facet normal -3.826834e-01 -0.000000e+00 -9.238795e-01
    outer loop
      vertex   1.654529e+02 1.500000e+01 2.369037e+01
      vertex   1.658750e+02 9.000000e+00 2.351554e+01
      vertex   1.654529e+02 9.000000e+00 2.369037e+01
    endloop
  endfacet
  facet normal -1.305262e-01 -0.000000e+00 -9.914449e-01
    outer loop
      vertex   1.654529e+02 1.500000e+01 2.369037e+01
      vertex   1.654529e+02 9.000000e+00 2.369037e+01
      vertex   1.650000e+02 1.500000e+01 2.375000e+01
    endloop
  endfacet
  facet normal -1.305262e-01 -0.000000e+00 -9.914449e-01
    outer loop
      vertex   1.650000e+02 1.500000e+01 2.375000e+01
      vertex   1.654529e+02 9.000000e+00 2.369037e+01
      vertex   1.650000e+02 9.000000e+00 2.375000e+01
    endloop
  endfacet
  facet normal 1.305262e-01 0.000000e+00 -9.914449e-01
    outer loop
      vertex   1.650000e+02 1.500000e+01 2.375000e+01
      vertex   1.650000e+02 9.000000e+00 2.375000e+01
      vertex   1.645471e+02 1.500000e+01 2.369037e+01
    endloop
  endfacet
  facet normal 1.305262e-01 0.000000e+00 -9.914449e-01
    outer loop
      vertex   1.645471e+02 1.500000e+01 2.369037e+01
      vertex   1.650000e+02 9.000000e+00 2.375000e+01
      vertex   1.645471e+02 9.000000e+00 2.369037e+01
    endloop
  endfacet
  facet normal 3.826834e-01 0.000000e+00 -9.238795e-01
    outer loop
      vertex   1.645471e+02 1.500000e+01 2.369037e+01
      vertex   1.645471e+02 9.000000e+00 2.369037e+01
      vertex   1.641250e+02 1.500000e+01 2.351554e+01
    endloop
  endfacet
  facet normal 3.826834e-01 0.000000e+00 -9.238795e-01
    outer loop
      vertex   1.641250e+02 1.500000e+01 2.351554e+01
      vertex   1.645471e+02 9.000000e+00 2.369037e+01
      vertex   1.641250e+02 9.000000e+00 2.351554e+01
    endloop
  endfacet
  facet normal 6.087614e-01 0.000000e+00 -7.933533e-01
    outer loop
      vertex   1.641250e+02 1.500000e+01 2.351554e+01
      vertex   1.641250e+02 9.000000e+00 2.351554e+01
      vertex   1.637626e+02 1.500000e+01 2.323744e+01
    endloop
  endfacet
  facet normal 6.087614e-01 0.000000e+00 -7.933533e-01
    outer loop
      vertex   1.637626e+02 1.500000e+01 2.323744e+01
      vertex   1.641250e+02 9.000000e+00 2.351554e+01
      vertex   1.637626e+02 9.000000e+00 2.323744e+01
    endloop
  endfacet
  facet normal 7.933533e-01 0.000000e+00 -6.087614e-01
    outer loop
      vertex   1.637626e+02 1.500000e+01 2.323744e+01
      vertex   1.637626e+02 9.000000e+00 2.323744e+01
      vertex   1.634845e+02 1.500000e+01 2.287500e+01
    endloop
  endfacet
  facet normal 7.933533e-01 0.000000e+00 -6.087614e-01
    outer loop
      vertex   1.634845e+02 1.500000e+01 2.287500e+01
      vertex   1.637626e+02 9.000000e+00 2.323744e+01
      vertex   1.634845e+02 9.000000e+00 2.287500e+01
    endloop
  endfacet
  facet normal 9.238795e-01 0.000000e+00 -3.826834e-01
    outer loop
      vertex   1.634845e+02 1.500000e+01 2.287500e+01
      vertex   1.634845e+02 9.000000e+00 2.287500e+01
      vertex   1.633096e+02 1.500000e+01 2.245293e+01
    endloop
  endfacet
  facet normal 9.238795e-01 0.000000e+00 -3.826834e-01
    outer loop
      vertex   1.633096e+02 1.500000e+01 2.245293e+01
      vertex   1.634845e+02 9.000000e+00 2.287500e+01
      vertex   1.633096e+02 9.000000e+00 2.245293e+01
    endloop
  endfacet
  facet normal 9.914449e-01 0.000000e+00 -1.305262e-01
    outer loop
      vertex   1.633096e+02 1.500000e+01 2.245293e+01
      vertex   1.633096e+02 9.000000e+00 2.245293e+01
      vertex   1.632500e+02 1.500000e+01 2.200000e+01
    endloop
  endfacet
  facet normal 9.914449e-01 0.000000e+00 -1.305262e-01
    outer loop
      vertex   1.632500e+02 1.500000e+01 2.200000e+01
      vertex   1.633096e+02 9.000000e+00 2.245293e+01
      vertex   1.632500e+02 9.000000e+00 2.200000e+01
    endloop
  endfacet
  facet normal 9.914449e-01 0.000000e+00 1.305262e-01
    outer loop
      vertex   1.632500e+02 1.500000e+01 2.200000e+01
      vertex   1.632500e+02 9.000000e+00 2.200000e+01
      vertex   1.633096e+02 1.500000e+01 2.154707e+01
    endloop
  endfacet
  facet normal 9.914449e-01 0.000000e+00 1.305262e-01
    outer loop
      vertex   1.633096e+02 1.500000e+01 2.154707e+01
      vertex   1.632500e+02 9.000000e+00 2.200000e+01
      vertex   1.633096e+02 9.000000e+00 2.154707e+01
    endloop
  endfacet
  facet normal 9.238795e-01 0.000000e+00 3.826834e-01
    outer loop
      vertex   1.633096e+02 1.500000e+01 2.154707e+01
      vertex   1.633096e+02 9.000000e+00 2.154707e+01
      vertex   1.634845e+02 1.500000e+01 2.112500e+01
    endloop
  endfacet
  facet normal 9.238795e-01 0.000000e+00 3.826834e-01
    outer loop
      vertex   1.634845e+02 1.500000e+01 2.112500e+01
      vertex   1.633096e+02 9.000000e+00 2.154707e+01
      vertex   1.634845e+02 9.000000e+00 2.112500e+01
    endloop
  endfacet
  facet normal 7.933533e-01 0.000000e+00 6.087614e-01
    outer loop
      vertex   1.634845e+02 1.500000e+01 2.112500e+01
      vertex   1.634845e+02 9.000000e+00 2.112500e+01
      vertex   1.637626e+02 1.500000e+01 2.076256e+01
    endloop
  endfacet
  facet normal 7.933533e-01 0.000000e+00 6.087614e-01
    outer loop
      vertex   1.637626e+02 1.500000e+01 2.076256e+01
      vertex   1.634845e+02 9.000000e+00 2.112500e+01
      vertex   1.637626e+02 9.000000e+00 2.076256e+01
    endloop
  endfacet
  facet normal 6.087614e-01 0.000000e+00 7.933533e-01
    outer loop
      vertex   1.637626e+02 1.500000e+01 2.076256e+01
      vertex   1.637626e+02 9.000000e+00 2.076256e+01
      vertex   1.641250e+02 1.500000e+01 2.048446e+01
    endloop
  endfacet
  facet normal 6.087614e-01 0.000000e+00 7.933533e-01
    outer loop
      vertex   1.641250e+02 1.500000e+01 2.048446e+01
      vertex   1.637626e+02 9.000000e+00 2.076256e+01
      vertex   1.641250e+02 9.000000e+00 2.048446e+01
    endloop
  endfacet
  facet normal 3.826834e-01 0.000000e+00 9.238795e-01
    outer loop
      vertex   1.641250e+02 1.500000e+01 2.048446e+01
      vertex   1.641250e+02 9.000000e+00 2.048446e+01
      vertex   1.645471e+02 1.500000e+01 2.030963e+01
    endloop
  endfacet
  facet normal 3.826834e-01 0.000000e+00 9.238795e-01
    outer loop
      vertex   1.645471e+02 1.500000e+01 2.030963e+01
      vertex   1.641250e+02 9.000000e+00 2.048446e+01
      vertex   1.645471e+02 9.000000e+00 2.030963e+01
    endloop
  endfacet
  facet normal 1.305262e-01 0.000000e+00 9.914449e-01
    outer loop
      vertex   1.645471e+02 1.500000e+01 2.030963e+01
      vertex   1.645471e+02 9.000000e+00 2.030963e+01
      vertex   1.650000e+02 1.500000e+01 2.025000e+01
    endloop
  endfacet
  facet normal 1.305262e-01 0.000000e+00 9.914449e-01
    outer loop
      vertex   1.650000e+02 1.500000e+01 2.025000e+01
      vertex   1.645471e+02 9.000000e+00 2.030963e+01
      vertex   1.650000e+02 9.000000e+00 2.025000e+01
    endloop
  endfacet
  facet normal -1.305262e-01 0.000000e+00 9.914449e-01
    outer loop
      vertex   1.650000e+02 1.500000e+01 2.025000e+01
      vertex   1.650000e+02 9.000000e+00 2.025000e+01
      vertex   1.654529e+02 1.500000e+01 2.030963e+01
    endloop
  endfacet
  facet normal -1.305262e-01 0.000000e+00 9.914449e-01
    outer loop
      vertex   1.654529e+02 1.500000e+01 2.030963e+01
      vertex   1.650000e+02 9.000000e+00 2.025000e+01
      vertex   1.654529e+02 9.000000e+00 2.030963e+01
    endloop
  endfacet
  facet normal -3.826834e-01 0.000000e+00 9.238795e-01
    outer loop
      vertex   1.654529e+02 1.500000e+01 2.030963e+01
      vertex   1.654529e+02 9.000000e+00 2.030963e+01
      vertex   1.658750e+02 1.500000e+01 2.048446e+01
    endloop
  endfacet
  facet normal -3.826834e-01 0.000000e+00 9.238795e-01
    outer loop
      vertex   1.658750e+02 1.500000e+01 2.048446e+01
      vertex   1.654529e+02 9.000000e+00 2.030963e+01
      vertex   1.658750e+02 9.000000e+00 2.048446e+01
    endloop
  endfacet
  facet normal -6.087614e-01 0.000000e+00 7.933533e-01
    outer loop
      vertex   1.658750e+02 1.500000e+01 2.048446e+01
      vertex   1.658750e+02 9.000000e+00 2.048446e+01
      vertex   1.662374e+02 1.500000e+01 2.076256e+01
    endloop
  endfacet
  facet normal -6.087614e-01 0.000000e+00 7.933533e-01
    outer loop
      vertex   1.662374e+02 1.500000e+01 2.076256e+01
      vertex   1.658750e+02 9.000000e+00 2.048446e+01
      vertex   1.662374e+02 9.000000e+00 2.076256e+01
    endloop
  endfacet
  facet normal -7.933533e-01 0.000000e+00 6.087614e-01
    outer loop
      vertex   1.662374e+02 1.500000e+01 2.076256e+01
      vertex   1.662374e+02 9.000000e+00 2.076256e+01
      vertex   1.665155e+02 1.500000e+01 2.112500e+01
    endloop
  endfacet
  facet normal -7.933533e-01 0.000000e+00 6.087614e-01
    outer loop
      vertex   1.665155e+02 1.500000e+01 2.112500e+01
      vertex   1.662374e+02 9.000000e+00 2.076256e+01
      vertex   1.665155e+02 9.000000e+00 2.112500e+01
    endloop
  endfacet
  facet normal -9.238795e-01 0.000000e+00 3.826834e-01
    outer loop
      vertex   1.665155e+02 1.500000e+01 2.112500e+01
      vertex   1.665155e+02 9.000000e+00 2.112500e+01
      vertex   1.666904e+02 1.500000e+01 2.154707e+01
    endloop
  endfacet
  facet normal -9.238795e-01 0.000000e+00 3.826834e-01
    outer loop
      vertex   1.666904e+02 1.500000e+01 2.154707e+01
      vertex   1.665155e+02 9.000000e+00 2.112500e+01
      vertex   1.666904e+02 9.000000e+00 2.154707e+01
    endloop
  endfacet
  facet normal 0.000000e+00 1.000000e+00 -0.000000e+00
    outer loop
      vertex   1.666904e+02 9.000000e+00 2.154707e+01
      vertex   1.633096e+02 9.000000e+00 2.154707e+01
      vertex   1.667500e+02 9.000000e+00 2.200000e+01
    endloop
  endfacet
  facet normal 0.000000e+00 1.000000e+00 0.000000e+00
    outer loop
      vertex   1.667500e+02 9.000000e+00 2.200000e+01
      vertex   1.633096e+02 9.000000e+00 2.154707e+01
      vertex   1.632500e+02 9.000000e+00 2.200000e+01
    endloop
  endfacet
  facet normal 0.000000e+00 1.000000e+00 0.000000e+00
    outer loop
      vertex   1.667500e+02 9.000000e+00 2.200000e+01
      vertex   1.632500e+02 9.000000e+00 2.200000e+01
      vertex   1.666904e+02 9.000000e+00 2.245293e+01
    endloop
  endfacet
  facet normal 0.000000e+00 1.000000e+00 0.000000e+00
    outer loop
      vertex   1.666904e+02 9.000000e+00 2.245293e+01
      vertex   1.632500e+02 9.000000e+00 2.200000e+01
      vertex   1.633096e+02 9.000000e+00 2.245293e+01
    endloop
  endfacet
  facet normal 0.000000e+00 1.000000e+00 0.000000e+00
    outer loop
      vertex   1.666904e+02 9.000000e+00 2.245293e+01
      vertex   1.633096e+02 9.000000e+00 2.245293e+01
      vertex   1.665155e+02 9.000000e+00 2.287500e+01
    endloop
  endfacet
  facet normal 0.000000e+00 1.000000e+00 0.000000e+00
    outer loop
      vertex   1.665155e+02 9.000000e+00 2.287500e+01
      vertex   1.633096e+02 9.000000e+00 2.245293e+01
      vertex   1.634845e+02 9.000000e+00 2.287500e+01
    endloop
  endfacet
  facet normal 0.000000e+00 1.000000e+00 0.000000e+00
    outer loop
      vertex   1.665155e+02 9.000000e+00 2.287500e+01
      vertex   1.634845e+02 9.000000e+00 2.287500e+01
      vertex   1.662374e+02 9.000000e+00 2.323744e+01
    endloop
  endfacet
  facet normal 0.000000e+00 1.000000e+00 0.000000e+00
    outer loop
      vertex   1.662374e+02 9.000000e+00 2.323744e+01
      vertex   1.634845e+02 9.000000e+00 2.287500e+01
      vertex   1.637626e+02 9.000000e+00 2.323744e+01
    endloop
  endfacet
  facet normal 0.000000e+00 1.000000e+00 0.000000e+00
    outer loop
      vertex   1.662374e+02 9.000000e+00 2.323744e+01
      vertex   1.637626e+02 9.000000e+00 2.323744e+01
      vertex   1.658750e+02 9.000000e+00 2.351554e+01
    endloop
  endfacet
  facet normal 0.000000e+00 1.000000e+00 0.000000e+00
    outer loop
      vertex   1.658750e+02 9.000000e+00 2.351554e+01
      vertex   1.637626e+02 9.000000e+00 2.323744e+01
      vertex   1.641250e+02 9.000000e+00 2.351554e+01
    endloop
  endfacet
  facet normal 0.000000e+00 1.000000e+00 0.000000e+00
    outer loop
      vertex   1.658750e+02 9.000000e+00 2.351554e+01
      vertex   1.641250e+02 9.000000e+00 2.351554e+01
      vertex   1.654529e+02 9.000000e+00 2.369037e+01
    endloop
  endfacet
  facet normal 0.000000e+00 1.000000e+00 0.000000e+00
    outer loop
      vertex   1.654529e+02 9.000000e+00 2.369037e+01
      vertex   1.641250e+02 9.000000e+00 2.351554e+01
      vertex   1.645471e+02 9.000000e+00 2.369037e+01
    endloop
  endfacet
  facet normal 0.000000e+00 1.000000e+00 0.000000e+00
    outer loop
      vertex   1.654529e+02 9.000000e+00 2.369037e+01
      vertex   1.645471e+02 9.000000e+00 2.369037e+01
      vertex   1.650000e+02 9.000000e+00 2.375000e+01
    endloop
  endfacet
  facet normal -0.000000e+00 1.000000e+00 0.000000e+00
    outer loop
      vertex   1.633096e+02 9.000000e+00 2.154707e+01
      vertex   1.666904e+02 9.000000e+00 2.154707e+01
      vertex   1.634845e+02 9.000000e+00 2.112500e+01
    endloop
  endfacet
  facet normal 0.000000e+00 1.000000e+00 0.000000e+00
    outer loop
      vertex   1.634845e+02 9.000000e+00 2.112500e+01
      vertex   1.666904e+02 9.000000e+00 2.154707e+01
      vertex   1.665155e+02 9.000000e+00 2.112500e+01
    endloop
  endfacet
  facet normal -0.000000e+00 1.000000e+00 0.000000e+00
    outer loop
      vertex   1.634845e+02 9.000000e+00 2.112500e+01
      vertex   1.665155e+02 9.000000e+00 2.112500e+01
      vertex   1.637626e+02 9.000000e+00 2.076256e+01
    endloop
  endfacet
  facet normal 0.000000e+00 1.000000e+00 0.000000e+00
    outer loop
      vertex   1.637626e+02 9.000000e+00 2.076256e+01
      vertex   1.665155e+02 9.000000e+00 2.112500e+01
      vertex   1.662374e+02 9.000000e+00 2.076256e+01
    endloop
  endfacet
  facet normal -0.000000e+00 1.000000e+00 0.000000e+00
    outer loop
      vertex   1.637626e+02 9.000000e+00 2.076256e+01
      vertex   1.662374e+02 9.000000e+00 2.076256e+01
      vertex   1.641250e+02 9.000000e+00 2.048446e+01
    endloop
  endfacet
  facet normal 0.000000e+00 1.000000e+00 0.000000e+00
    outer loop
      vertex   1.641250e+02 9.000000e+00 2.048446e+01
      vertex   1.662374e+02 9.000000e+00 2.076256e+01
      vertex   1.658750e+02 9.000000e+00 2.048446e+01
    endloop
  endfacet
  facet normal -0.000000e+00 1.000000e+00 0.000000e+00
    outer loop
      vertex   1.641250e+02 9.000000e+00 2.048446e+01
      vertex   1.658750e+02 9.000000e+00 2.048446e+01
      vertex   1.645471e+02 9.000000e+00 2.030963e+01
    endloop
  endfacet
  facet normal 0.000000e+00 1.000000e+00 0.000000e+00
    outer loop
      vertex   1.645471e+02 9.000000e+00 2.030963e+01
      vertex   1.658750e+02 9.000000e+00 2.048446e+01
      vertex   1.654529e+02 9.000000e+00 2.030963e+01
    endloop
  endfacet
  facet normal -0.000000e+00 1.000000e+00 0.000000e+00
    outer loop
      vertex   1.645471e+02 9.000000e+00 2.030963e+01
      vertex   1.654529e+02 9.000000e+00 2.030963e+01
      vertex   1.650000e+02 9.000000e+00 2.025000e+01
    endloop
  endfacet
  facet normal -9.914449e-01 0.000000e+00 1.305262e-01
    outer loop
      vertex   7.669037e+01 1.500000e+01 2.254707e+01
      vertex   7.669037e+01 9.000000e+00 2.254707e+01
      vertex   7.675000e+01 1.500000e+01 2.300000e+01
    endloop
  endfacet
  facet normal -9.914449e-01 0.000000e+00 1.305262e-01
    outer loop
      vertex   7.675000e+01 1.500000e+01 2.300000e+01
      vertex   7.669037e+01 9.000000e+00 2.254707e+01
      vertex   7.675000e+01 9.000000e+00 2.300000e+01
    endloop
  endfacet
  facet normal -9.914449e-01 -0.000000e+00 -1.305262e-01
    outer loop
      vertex   7.675000e+01 1.500000e+01 2.300000e+01
      vertex   7.675000e+01 9.000000e+00 2.300000e+01
      vertex   7.669037e+01 1.500000e+01 2.345293e+01
    endloop
  endfacet
  facet normal -9.914449e-01 -0.000000e+00 -1.305262e-01
    outer loop
      vertex   7.669037e+01 1.500000e+01 2.345293e+01
      vertex   7.675000e+01 9.000000e+00 2.300000e+01
      vertex   7.669037e+01 9.000000e+00 2.345293e+01
    endloop
  endfacet
  facet normal -9.238795e-01 -0.000000e+00 -3.826834e-01
    outer loop
      vertex   7.669037e+01 1.500000e+01 2.345293e+01
      vertex   7.669037e+01 9.000000e+00 2.345293e+01
      vertex   7.651555e+01 1.500000e+01 2.387500e+01
    endloop
  endfacet
  facet normal -9.238795e-01 -0.000000e+00 -3.826834e-01
    outer loop
      vertex   7.651555e+01 1.500000e+01 2.387500e+01
      vertex   7.669037e+01 9.000000e+00 2.345293e+01
      vertex   7.651555e+01 9.000000e+00 2.387500e+01
    endloop
  endfacet
  facet normal -7.933533e-01 -0.000000e+00 -6.087614e-01
    outer loop
      vertex   7.651555e+01 1.500000e+01 2.387500e+01
      vertex   7.651555e+01 9.000000e+00 2.387500e+01
      vertex   7.623744e+01 1.500000e+01 2.423744e+01
    endloop
  endfacet
  facet normal -7.933533e-01 -0.000000e+00 -6.087614e-01
    outer loop
      vertex   7.623744e+01 1.500000e+01 2.423744e+01
      vertex   7.651555e+01 9.000000e+00 2.387500e+01
      vertex   7.623744e+01 9.000000e+00 2.423744e+01
    endloop
  endfacet
  facet normal -6.087614e-01 -0.000000e+00 -7.933533e-01
    outer loop
      vertex   7.623744e+01 1.500000e+01 2.423744e+01
      vertex   7.623744e+01 9.000000e+00 2.423744e+01
      vertex   7.587500e+01 1.500000e+01 2.451554e+01
    endloop
  endfacet
  facet normal -6.087614e-01 -0.000000e+00 -7.933533e-01
    outer loop
      vertex   7.587500e+01 1.500000e+01 2.451554e+01
      vertex   7.623744e+01 9.000000e+00 2.423744e+01
      vertex   7.587500e+01 9.000000e+00 2.451554e+01
    endloop
  endfacet
  facet normal -3.826834e-01 -0.000000e+00 -9.238795e-01
    outer loop
      vertex   7.587500e+01 1.500000e+01 2.451554e+01
      vertex   7.587500e+01 9.000000e+00 2.451554e+01
      vertex   7.545293e+01 1.500000e+01 2.469037e+01
    endloop
  endfacet
  facet normal -3.826834e-01 -0.000000e+00 -9.238795e-01
    outer loop
      vertex   7.545293e+01 1.500000e+01 2.469037e+01
      vertex   7.587500e+01 9.000000e+00 2.451554e+01
      vertex   7.545293e+01 9.000000e+00 2.469037e+01
    endloop
  endfacet
  facet normal -1.305262e-01 -0.000000e+00 -9.914449e-01
    outer loop
      vertex   7.545293e+01 1.500000e+01 2.469037e+01
      vertex   7.545293e+01 9.000000e+00 2.469037e+01
      vertex   7.500000e+01 1.500000e+01 2.475000e+01
    endloop
  endfacet
  facet normal -1.305262e-01 -0.000000e+00 -9.914449e-01
    outer loop
      vertex   7.500000e+01 1.500000e+01 2.475000e+01
      vertex   7.545293e+01 9.000000e+00 2.469037e+01
      vertex   7.500000e+01 9.000000e+00 2.475000e+01
    endloop
  endfacet
  facet normal 1.305262e-01 0.000000e+00 -9.914449e-01
    outer loop
      vertex   7.500000e+01 1.500000e+01 2.475000e+01
      vertex   7.500000e+01 9.000000e+00 2.475000e+01
      vertex   7.454707e+01 1.500000e+01 2.469037e+01
    endloop
  endfacet
  facet normal 1.305262e-01 0.000000e+00 -9.914449e-01
    outer loop
      vertex   7.454707e+01 1.500000e+01 2.469037e+01
      vertex   7.500000e+01 9.000000e+00 2.475000e+01
      vertex   7.454707e+01 9.000000e+00 2.469037e+01
    endloop
  endfacet
  facet normal 3.826834e-01 0.000000e+00 -9.238795e-01
    outer loop
      vertex   7.454707e+01 1.500000e+01 2.469037e+01
      vertex   7.454707e+01 9.000000e+00 2.469037e+01
      vertex   7.412500e+01 1.500000e+01 2.451554e+01
    endloop
  endfacet
  facet normal 3.826834e-01 0.000000e+00 -9.238795e-01
    outer loop
      vertex   7.412500e+01 1.500000e+01 2.451554e+01
      vertex   7.454707e+01 9.000000e+00 2.469037e+01
      vertex   7.412500e+01 9.000000e+00 2.451554e+01
    endloop
  endfacet
  facet normal 6.087614e-01 0.000000e+00 -7.933533e-01
    outer loop
      vertex   7.412500e+01 1.500000e+01 2.451554e+01
      vertex   7.412500e+01 9.000000e+00 2.451554e+01
      vertex   7.376256e+01 1.500000e+01 2.423744e+01
    endloop
  endfacet
  facet normal 6.087614e-01 0.000000e+00 -7.933533e-01
    outer loop
      vertex   7.376256e+01 1.500000e+01 2.423744e+01
      vertex   7.412500e+01 9.000000e+00 2.451554e+01
      vertex   7.376256e+01 9.000000e+00 2.423744e+01
    endloop
  endfacet
  facet normal 7.933533e-01 0.000000e+00 -6.087614e-01
    outer loop
      vertex   7.376256e+01 1.500000e+01 2.423744e+01
      vertex   7.376256e+01 9.000000e+00 2.423744e+01
      vertex   7.348446e+01 1.500000e+01 2.387500e+01
    endloop
  endfacet
  facet normal 7.933533e-01 0.000000e+00 -6.087614e-01
    outer loop
      vertex   7.348446e+01 1.500000e+01 2.387500e+01
      vertex   7.376256e+01 9.000000e+00 2.423744e+01
      vertex   7.348446e+01 9.000000e+00 2.387500e+01
    endloop
  endfacet
  facet normal 9.238795e-01 0.000000e+00 -3.826834e-01
    outer loop
      vertex   7.348446e+01 1.500000e+01 2.387500e+01
      vertex   7.348446e+01 9.000000e+00 2.387500e+01
      vertex   7.330963e+01 1.500000e+01 2.345293e+01
    endloop
  endfacet
  facet normal 9.238795e-01 0.000000e+00 -3.826834e-01
    outer loop
      vertex   7.330963e+01 1.500000e+01 2.345293e+01
      vertex   7.348446e+01 9.000000e+00 2.387500e+01
      vertex   7.330963e+01 9.000000e+00 2.345293e+01
    endloop
  endfacet
  facet normal 9.914449e-01 0.000000e+00 -1.305262e-01
    outer loop
      vertex   7.330963e+01 1.500000e+01 2.345293e+01
      vertex   7.330963e+01 9.000000e+00 2.345293e+01
      vertex   7.325000e+01 1.500000e+01 2.300000e+01
    endloop
  endfacet
  facet normal 9.914449e-01 0.000000e+00 -1.305262e-01
    outer loop
      vertex   7.325000e+01 1.500000e+01 2.300000e+01
      vertex   7.330963e+01 9.000000e+00 2.345293e+01
      vertex   7.325000e+01 9.000000e+00 2.300000e+01
    endloop
  endfacet
  facet normal 9.914449e-01 0.000000e+00 1.305262e-01
    outer loop
      vertex   7.325000e+01 1.500000e+01 2.300000e+01
      vertex   7.325000e+01 9.000000e+00 2.300000e+01
      vertex   7.330963e+01 1.500000e+01 2.254707e+01
    endloop
  endfacet
  facet normal 9.914449e-01 0.000000e+00 1.305262e-01
    outer loop
      vertex   7.330963e+01 1.500000e+01 2.254707e+01
      vertex   7.325000e+01 9.000000e+00 2.300000e+01
      vertex   7.330963e+01 9.000000e+00 2.254707e+01
    endloop
  endfacet
  facet normal 9.238795e-01 0.000000e+00 3.826834e-01
    outer loop
      vertex   7.330963e+01 1.500000e+01 2.254707e+01
      vertex   7.330963e+01 9.000000e+00 2.254707e+01
      vertex   7.348446e+01 1.500000e+01 2.212500e+01
    endloop
  endfacet
  facet normal 9.238795e-01 0.000000e+00 3.826834e-01
    outer loop
      vertex   7.348446e+01 1.500000e+01 2.212500e+01
      vertex   7.330963e+01 9.000000e+00 2.254707e+01
      vertex   7.348446e+01 9.000000e+00 2.212500e+01
    endloop
  endfacet
  facet normal 7.933533e-01 0.000000e+00 6.087614e-01
    outer loop
      vertex   7.348446e+01 1.500000e+01 2.212500e+01
      vertex   7.348446e+01 9.000000e+00 2.212500e+01
      vertex   7.376256e+01 1.500000e+01 2.176256e+01
    endloop
  endfacet
  facet normal 7.933533e-01 0.000000e+00 6.087614e-01
    outer loop
      vertex   7.376256e+01 1.500000e+01 2.176256e+01
      vertex   7.348446e+01 9.000000e+00 2.212500e+01
      vertex   7.376256e+01 9.000000e+00 2.176256e+01
    endloop
  endfacet
  facet normal 6.087614e-01 0.000000e+00 7.933533e-01
    outer loop
      vertex   7.376256e+01 1.500000e+01 2.176256e+01
      vertex   7.376256e+01 9.000000e+00 2.176256e+01
      vertex   7.412500e+01 1.500000e+01 2.148446e+01
    endloop
  endfacet
  facet normal 6.087614e-01 0.000000e+00 7.933533e-01
    outer loop
      vertex   7.412500e+01 1.500000e+01 2.148446e+01
      vertex   7.376256e+01 9.000000e+00 2.176256e+01
      vertex   7.412500e+01 9.000000e+00 2.148446e+01
    endloop
  endfacet
  facet normal 3.826834e-01 0.000000e+00 9.238795e-01
    outer loop
      vertex   7.412500e+01 1.500000e+01 2.148446e+01
      vertex   7.412500e+01 9.000000e+00 2.148446e+01
      vertex   7.454707e+01 1.500000e+01 2.130963e+01
    endloop
  endfacet
  facet normal 3.826834e-01 0.000000e+00 9.238795e-01
    outer loop
      vertex   7.454707e+01 1.500000e+01 2.130963e+01
      vertex   7.412500e+01 9.000000e+00 2.148446e+01
      vertex   7.454707e+01 9.000000e+00 2.130963e+01
    endloop
  endfacet
  facet normal 1.305262e-01 0.000000e+00 9.914449e-01
    outer loop
      vertex   7.454707e+01 1.500000e+01 2.130963e+01
      vertex   7.454707e+01 9.000000e+00 2.130963e+01
      vertex   7.500000e+01 1.500000e+01 2.125000e+01
    endloop
  endfacet
  facet normal 1.305262e-01 0.000000e+00 9.914449e-01
    outer loop
      vertex   7.500000e+01 1.500000e+01 2.125000e+01
      vertex   7.454707e+01 9.000000e+00 2.130963e+01
      vertex   7.500000e+01 9.000000e+00 2.125000e+01
    endloop
  endfacet
  facet normal -1.305262e-01 0.000000e+00 9.914449e-01
    outer loop
      vertex   7.500000e+01 1.500000e+01 2.125000e+01
      vertex   7.500000e+01 9.000000e+00 2.125000e+01
      vertex   7.545293e+01 1.500000e+01 2.130963e+01
    endloop
  endfacet
  facet normal -1.305262e-01 0.000000e+00 9.914449e-01
    outer loop
      vertex   7.545293e+01 1.500000e+01 2.130963e+01
      vertex   7.500000e+01 9.000000e+00 2.125000e+01
      vertex   7.545293e+01 9.000000e+00 2.130963e+01
    endloop
  endfacet
  facet normal -3.826834e-01 0.000000e+00 9.238795e-01
    outer loop
      vertex   7.545293e+01 1.500000e+01 2.130963e+01
      vertex   7.545293e+01 9.000000e+00 2.130963e+01
      vertex   7.587500e+01 1.500000e+01 2.148446e+01
    endloop
  endfacet
  facet normal -3.826834e-01 0.000000e+00 9.238795e-01
    outer loop
      vertex   7.587500e+01 1.500000e+01 2.148446e+01
      vertex   7.545293e+01 9.000000e+00 2.130963e+01
      vertex   7.587500e+01 9.000000e+00 2.148446e+01
    endloop
  endfacet
  facet normal -6.087614e-01 0.000000e+00 7.933533e-01
    outer loop
      vertex   7.587500e+01 1.500000e+01 2.148446e+01
      vertex   7.587500e+01 9.000000e+00 2.148446e+01
      vertex   7.623744e+01 1.500000e+01 2.176256e+01
    endloop
  endfacet
  facet normal -6.087614e-01 0.000000e+00 7.933533e-01
    outer loop
      vertex   7.623744e+01 1.500000e+01 2.176256e+01
      vertex   7.587500e+01 9.000000e+00 2.148446e+01
      vertex   7.623744e+01 9.000000e+00 2.176256e+01
    endloop
  endfacet
  facet normal -7.933533e-01 0.000000e+00 6.087614e-01
    outer loop
      vertex   7.623744e+01 1.500000e+01 2.176256e+01
      vertex   7.623744e+01 9.000000e+00 2.176256e+01
      vertex   7.651555e+01 1.500000e+01 2.212500e+01
    endloop
  endfacet
  facet normal -7.933533e-01 0.000000e+00 6.087614e-01
    outer loop
      vertex   7.651555e+01 1.500000e+01 2.212500e+01
      vertex   7.623744e+01 9.000000e+00 2.176256e+01
      vertex   7.651555e+01 9.000000e+00 2.212500e+01
    endloop
  endfacet
  facet normal -9.238795e-01 0.000000e+00 3.826834e-01
    outer loop
      vertex   7.651555e+01 1.500000e+01 2.212500e+01
      vertex   7.651555e+01 9.000000e+00 2.212500e+01
      vertex   7.669037e+01 1.500000e+01 2.254707e+01
    endloop
  endfacet
  facet normal -9.238795e-01 0.000000e+00 3.826834e-01
    outer loop
      vertex   7.669037e+01 1.500000e+01 2.254707e+01
      vertex   7.651555e+01 9.000000e+00 2.212500e+01
      vertex   7.669037e+01 9.000000e+00 2.254707e+01
    endloop
  endfacet
  facet normal 0.000000e+00 1.000000e+00 -0.000000e+00
    outer loop
      vertex   7.669037e+01 9.000000e+00 2.254707e+01
      vertex   7.330963e+01 9.000000e+00 2.254707e+01
      vertex   7.675000e+01 9.000000e+00 2.300000e+01
    endloop
  endfacet
  facet normal 0.000000e+00 1.000000e+00 0.000000e+00
    outer loop
      vertex   7.675000e+01 9.000000e+00 2.300000e+01
      vertex   7.330963e+01 9.000000e+00 2.254707e+01
      vertex   7.325000e+01 9.000000e+00 2.300000e+01
    endloop
  endfacet
  facet normal 0.000000e+00 1.000000e+00 0.000000e+00
    outer loop
      vertex   7.675000e+01 9.000000e+00 2.300000e+01
      vertex   7.325000e+01 9.000000e+00 2.300000e+01
      vertex   7.669037e+01 9.000000e+00 2.345293e+01
    endloop
  endfacet
  facet normal 0.000000e+00 1.000000e+00 0.000000e+00
    outer loop
      vertex   7.669037e+01 9.000000e+00 2.345293e+01
      vertex   7.325000e+01 9.000000e+00 2.300000e+01
      vertex   7.330963e+01 9.000000e+00 2.345293e+01
    endloop
  endfacet
  facet normal 0.000000e+00 1.000000e+00 0.000000e+00
    outer loop
      vertex   7.669037e+01 9.000000e+00 2.345293e+01
      vertex   7.330963e+01 9.000000e+00 2.345293e+01
      vertex   7.651555e+01 9.000000e+00 2.387500e+01
    endloop
  endfacet
  facet normal 0.000000e+00 1.000000e+00 0.000000e+00
    outer loop
      vertex   7.651555e+01 9.000000e+00 2.387500e+01
      vertex   7.330963e+01 9.000000e+00 2.345293e+01
      vertex   7.348446e+01 9.000000e+00 2.387500e+01
    endloop
  endfacet
  facet normal 0.000000e+00 1.000000e+00 0.000000e+00
    outer loop
      vertex   7.651555e+01 9.000000e+00 2.387500e+01
      vertex   7.348446e+01 9.000000e+00 2.387500e+01
      vertex   7.623744e+01 9.000000e+00 2.423744e+01
    endloop
  endfacet
  facet normal 0.000000e+00 1.000000e+00 0.000000e+00
    outer loop
      vertex   7.623744e+01 9.000000e+00 2.423744e+01
      vertex   7.348446e+01 9.000000e+00 2.387500e+01
      vertex   7.376256e+01 9.000000e+00 2.423744e+01
    endloop
  endfacet
  facet normal 0.000000e+00 1.000000e+00 0.000000e+00
    outer loop
      vertex   7.623744e+01 9.000000e+00 2.423744e+01
      vertex   7.376256e+01 9.000000e+00 2.423744e+01
      vertex   7.587500e+01 9.000000e+00 2.451554e+01
    endloop
  endfacet
  facet normal 0.000000e+00 1.000000e+00 0.000000e+00
    outer loop
      vertex   7.587500e+01 9.000000e+00 2.451554e+01
      vertex   7.376256e+01 9.000000e+00 2.423744e+01
      vertex   7.412500e+01 9.000000e+00 2.451554e+01
    endloop
  endfacet
  facet normal 0.000000e+00 1.000000e+00 0.000000e+00
    outer loop
      vertex   7.587500e+01 9.000000e+00 2.451554e+01
      vertex   7.412500e+01 9.000000e+00 2.451554e+01
      vertex   7.545293e+01 9.000000e+00 2.469037e+01
    endloop
  endfacet
  facet normal 0.000000e+00 1.000000e+00 0.000000e+00
    outer loop
      vertex   7.545293e+01 9.000000e+00 2.469037e+01
      vertex   7.412500e+01 9.000000e+00 2.451554e+01
      vertex   7.454707e+01 9.000000e+00 2.469037e+01
    endloop
  endfacet
  facet normal 0.000000e+00 1.000000e+00 0.000000e+00
    outer loop
      vertex   7.545293e+01 9.000000e+00 2.469037e+01
      vertex   7.454707e+01 9.000000e+00 2.469037e+01
      vertex   7.500000e+01 9.000000e+00 2.475000e+01
    endloop
  endfacet
  facet normal -0.000000e+00 1.000000e+00 0.000000e+00
    outer loop
      vertex   7.330963e+01 9.000000e+00 2.254707e+01
      vertex   7.669037e+01 9.000000e+00 2.254707e+01
      vertex   7.348446e+01 9.000000e+00 2.212500e+01
    endloop
  endfacet
  facet normal 0.000000e+00 1.000000e+00 0.000000e+00
    outer loop
      vertex   7.348446e+01 9.000000e+00 2.212500e+01
      vertex   7.669037e+01 9.000000e+00 2.254707e+01
      vertex   7.651555e+01 9.000000e+00 2.212500e+01
    endloop
  endfacet
  facet normal -0.000000e+00 1.000000e+00 0.000000e+00
    outer loop
      vertex   7.348446e+01 9.000000e+00 2.212500e+01
      vertex   7.651555e+01 9.000000e+00 2.212500e+01
      vertex   7.376256e+01 9.000000e+00 2.176256e+01
    endloop
  endfacet
  facet normal 0.000000e+00 1.000000e+00 0.000000e+00
    outer loop
      vertex   7.376256e+01 9.000000e+00 2.176256e+01
      vertex   7.651555e+01 9.000000e+00 2.212500e+01
      vertex   7.623744e+01 9.000000e+00 2.176256e+01
    endloop
  endfacet
  facet normal -0.000000e+00 1.000000e+00 0.000000e+00
    outer loop
      vertex   7.376256e+01 9.000000e+00 2.176256e+01
      vertex   7.623744e+01 9.000000e+00 2.176256e+01
      vertex   7.412500e+01 9.000000e+00 2.148446e+01
    endloop
  endfacet
  facet normal -0.000000e+00 1.000000e+00 0.000000e+00
    outer loop
      vertex   7.412500e+01 9.000000e+00 2.148446e+01
      vertex   7.623744e+01 9.000000e+00 2.176256e+01
      vertex   7.587500e+01 9.000000e+00 2.148446e+01
    endloop
  endfacet
  facet normal 0.000000e+00 1.000000e+00 0.000000e+00
    outer loop
      vertex   7.412500e+01 9.000000e+00 2.148446e+01
      vertex   7.587500e+01 9.000000e+00 2.148446e+01
      vertex   7.454707e+01 9.000000e+00 2.130963e+01
    endloop
  endfacet
  facet normal 0.000000e+00 1.000000e+00 0.000000e+00
    outer loop
      vertex   7.454707e+01 9.000000e+00 2.130963e+01
      vertex   7.587500e+01 9.000000e+00 2.148446e+01
      vertex   7.545293e+01 9.000000e+00 2.130963e+01
    endloop
  endfacet
  facet normal -0.000000e+00 1.000000e+00 0.000000e+00
    outer loop
      vertex   7.454707e+01 9.000000e+00 2.130963e+01
      vertex   7.545293e+01 9.000000e+00 2.130963e+01
      vertex   7.500000e+01 9.000000e+00 2.125000e+01
    endloop
  endfacet
  facet normal 1.000000e+00 0.000000e+00 -0.000000e+00
    outer loop
      vertex   7.692751e+01 1.000000e+01 -6.587472e+01
      vertex   7.692751e+01 1.000000e+01 -6.060932e+01
      vertex   7.692751e+01 8.000000e+00 -6.587472e+01
    endloop
  endfacet
  facet normal 1.000000e+00 5.278733e-16 -2.005067e-16
    outer loop
      vertex   7.692751e+01 8.000000e+00 -6.587472e+01
      vertex   7.692751e+01 1.000000e+01 -6.060932e+01
      vertex   7.692751e+01 8.000000e+00 5.000000e+00
    endloop
  endfacet
  facet normal 1.000000e+00 2.842171e-15 -1.299589e-16
    outer loop
      vertex   7.692751e+01 8.000000e+00 5.000000e+00
      vertex   7.692751e+01 1.000000e+01 -6.060932e+01
      vertex   7.692751e+01 1.300000e+01 5.000000e+00
    endloop
  endfacet
  facet normal 1.000000e+00 0.000000e+00 0.000000e+00
    outer loop
      vertex   7.692751e+01 1.300000e+01 5.000000e+00
      vertex   7.692751e+01 1.000000e+01 -6.060932e+01
      vertex   7.692751e+01 1.500000e+01 -6.060932e+01
    endloop
  endfacet
  facet normal 1.000000e+00 -0.000000e+00 0.000000e+00
    outer loop
      vertex   7.692751e+01 1.300000e+01 5.000000e+00
      vertex   7.692751e+01 1.500000e+01 -6.060932e+01
      vertex   7.692751e+01 1.500000e+01 1.936433e+01
    endloop
  endfacet
  facet normal 1.000000e+00 0.000000e+00 0.000000e+00
    outer loop
      vertex   7.692751e+01 1.500000e+01 1.936433e+01
      vertex   7.692751e+01 1.300000e+01 1.936433e+01
      vertex   7.692751e+01 1.300000e+01 5.000000e+00
    endloop
  endfacet
  facet normal 1.000000e+00 0.000000e+00 -0.000000e+00
    outer loop
      vertex   7.465450e+01 1.500000e+01 -8.560932e+01
      vertex   7.465450e+01 1.500000e+01 -6.060932e+01
      vertex   7.465450e+01 1.000000e+01 -8.560932e+01
    endloop
  endfacet
  facet normal 1.000000e+00 0.000000e+00 0.000000e+00
    outer loop
      vertex   7.465450e+01 1.000000e+01 -8.560932e+01
      vertex   7.465450e+01 1.500000e+01 -6.060932e+01
      vertex   7.465450e+01 1.000000e+01 -6.060932e+01
    endloop
  endfacet
  facet normal -0.000000e+00 1.000000e+00 0.000000e+00
    outer loop
      vertex   1.624847e+02 1.000000e+01 -6.060932e+01
      vertex   1.647577e+02 1.000000e+01 -6.060932e+01
      vertex   1.624847e+02 1.000000e+01 -6.655896e+01
    endloop
  endfacet
  facet normal -0.000000e+00 1.000000e+00 0.000000e+00
    outer loop
      vertex   1.624847e+02 1.000000e+01 -6.655896e+01
      vertex   1.647577e+02 1.000000e+01 -6.060932e+01
      vertex   1.647577e+02 1.000000e+01 -8.560932e+01
    endloop
  endfacet
  facet normal 0.000000e+00 1.000000e+00 0.000000e+00
    outer loop
      vertex   1.624847e+02 1.000000e+01 -6.655896e+01
      vertex   1.647577e+02 1.000000e+01 -8.560932e+01
      vertex   1.624847e+02 1.000000e+01 -8.195888e+01
    endloop
  endfacet
  facet normal 0.000000e+00 1.000000e+00 0.000000e+00
    outer loop
      vertex   1.624847e+02 1.000000e+01 -8.195888e+01
      vertex   1.647577e+02 1.000000e+01 -8.560932e+01
      vertex   1.500000e+02 1.000000e+01 -8.195888e+01
    endloop
  endfacet
  facet normal 0.000000e+00 1.000000e+00 0.000000e+00
    outer loop
      vertex   1.500000e+02 1.000000e+01 -8.195888e+01
      vertex   1.647577e+02 1.000000e+01 -8.560932e+01
      vertex   9.000000e+01 1.000000e+01 -8.195888e+01
    endloop
  endfacet
  facet normal 0.000000e+00 1.000000e+00 0.000000e+00
    outer loop
      vertex   9.000000e+01 1.000000e+01 -8.195888e+01
      vertex   1.647577e+02 1.000000e+01 -8.560932e+01
      vertex   7.465450e+01 1.000000e+01 -8.560932e+01
    endloop
  endfacet
  facet normal 0.000000e+00 1.000000e+00 0.000000e+00
    outer loop
      vertex   9.000000e+01 1.000000e+01 -8.195888e+01
      vertex   7.465450e+01 1.000000e+01 -8.560932e+01
      vertex   7.692751e+01 1.000000e+01 -8.195888e+01
    endloop
  endfacet
  facet normal 0.000000e+00 1.000000e+00 -0.000000e+00
    outer loop
      vertex   7.692751e+01 1.000000e+01 -8.195888e+01
      vertex   7.465450e+01 1.000000e+01 -8.560932e+01
      vertex   7.692751e+01 1.000000e+01 -6.587472e+01
    endloop
  endfacet
  facet normal 0.000000e+00 1.000000e+00 0.000000e+00
    outer loop
      vertex   7.692751e+01 1.000000e+01 -6.587472e+01
      vertex   7.465450e+01 1.000000e+01 -8.560932e+01
      vertex   7.465450e+01 1.000000e+01 -6.060932e+01
    endloop
  endfacet
  facet normal 0.000000e+00 1.000000e+00 -0.000000e+00
    outer loop
      vertex   7.692751e+01 1.000000e+01 -6.587472e+01
      vertex   7.465450e+01 1.000000e+01 -6.060932e+01
      vertex   7.692751e+01 1.000000e+01 -6.060932e+01
    endloop
  endfacet
  facet normal 0.000000e+00 1.000000e+00 0.000000e+00
    outer loop
      vertex   1.666904e+02 1.500000e+01 2.154707e+01
      vertex   1.667500e+02 1.500000e+01 2.200000e+01
      vertex   1.712531e+02 1.500000e+01 2.870272e+01
    endloop
  endfacet
  facet normal 0.000000e+00 1.000000e+00 0.000000e+00
    outer loop
      vertex   1.712531e+02 1.500000e+01 2.870272e+01
      vertex   1.667500e+02 1.500000e+01 2.200000e+01
      vertex   1.666904e+02 1.500000e+01 2.245293e+01
    endloop
  endfacet
  facet normal 0.000000e+00 1.000000e+00 0.000000e+00
    outer loop
      vertex   1.712531e+02 1.500000e+01 2.870272e+01
      vertex   1.666904e+02 1.500000e+01 2.245293e+01
      vertex   1.665155e+02 1.500000e+01 2.287500e+01
    endloop
  endfacet
  facet normal 0.000000e+00 1.000000e+00 -0.000000e+00
    outer loop
      vertex   1.665155e+02 1.500000e+01 2.287500e+01
      vertex   1.662374e+02 1.500000e+01 2.323744e+01
      vertex   1.712531e+02 1.500000e+01 2.870272e+01
    endloop
  endfacet
  facet normal 0.000000e+00 1.000000e+00 0.000000e+00
    outer loop
      vertex   1.712531e+02 1.500000e+01 2.870272e+01
      vertex   1.662374e+02 1.500000e+01 2.323744e+01
      vertex   1.658750e+02 1.500000e+01 2.351554e+01
    endloop
  endfacet
  facet normal 0.000000e+00 1.000000e+00 0.000000e+00
    outer loop
      vertex   1.712531e+02 1.500000e+01 2.870272e+01
      vertex   1.658750e+02 1.500000e+01 2.351554e+01
      vertex   1.654529e+02 1.500000e+01 2.369037e+01
    endloop
  endfacet
  facet normal 0.000000e+00 1.000000e+00 -0.000000e+00
    outer loop
      vertex   1.654529e+02 1.500000e+01 2.369037e+01
      vertex   1.650000e+02 1.500000e+01 2.375000e+01
      vertex   1.712531e+02 1.500000e+01 2.870272e+01
    endloop
  endfacet
  facet normal 0.000000e+00 1.000000e+00 0.000000e+00
    outer loop
      vertex   1.712531e+02 1.500000e+01 2.870272e+01
      vertex   1.650000e+02 1.500000e+01 2.375000e+01
      vertex   1.645471e+02 1.500000e+01 2.369037e+01
    endloop
  endfacet
  facet normal 0.000000e+00 1.000000e+00 0.000000e+00
    outer loop
      vertex   1.712531e+02 1.500000e+01 2.870272e+01
      vertex   1.645471e+02 1.500000e+01 2.369037e+01
      vertex   1.641250e+02 1.500000e+01 2.351554e+01
    endloop
  endfacet
  facet normal 0.000000e+00 1.000000e+00 -0.000000e+00
    outer loop
      vertex   1.637626e+02 1.500000e+01 2.323744e+01
      vertex   7.623744e+01 1.500000e+01 2.423744e+01
      vertex   1.641250e+02 1.500000e+01 2.351554e+01
    endloop
  endfacet
  facet normal 0.000000e+00 1.000000e+00 0.000000e+00
    outer loop
      vertex   1.641250e+02 1.500000e+01 2.351554e+01
      vertex   7.623744e+01 1.500000e+01 2.423744e+01
      vertex   7.587500e+01 1.500000e+01 2.451554e+01
    endloop
  endfacet
  facet normal 0.000000e+00 1.000000e+00 -0.000000e+00
    outer loop
      vertex   1.641250e+02 1.500000e+01 2.351554e+01
      vertex   7.587500e+01 1.500000e+01 2.451554e+01
      vertex   1.712531e+02 1.500000e+01 2.870272e+01
    endloop
  endfacet
  facet normal 0.000000e+00 1.000000e+00 0.000000e+00
    outer loop
      vertex   1.712531e+02 1.500000e+01 2.870272e+01
      vertex   7.587500e+01 1.500000e+01 2.451554e+01
      vertex   6.815904e+01 1.500000e+01 2.870272e+01
    endloop
  endfacet
  facet normal 0.000000e+00 1.000000e+00 0.000000e+00
    outer loop
      vertex   6.815904e+01 1.500000e+01 2.870272e+01
      vertex   7.587500e+01 1.500000e+01 2.451554e+01
      vertex   7.545293e+01 1.500000e+01 2.469037e+01
    endloop
  endfacet
  facet normal 0.000000e+00 1.000000e+00 0.000000e+00
    outer loop
      vertex   6.815904e+01 1.500000e+01 2.870272e+01
      vertex   7.545293e+01 1.500000e+01 2.469037e+01
      vertex   7.500000e+01 1.500000e+01 2.475000e+01
    endloop
  endfacet
  facet normal 0.000000e+00 1.000000e+00 0.000000e+00
    outer loop
      vertex   7.623744e+01 1.500000e+01 2.423744e+01
      vertex   1.637626e+02 1.500000e+01 2.323744e+01
      vertex   7.651555e+01 1.500000e+01 2.387500e+01
    endloop
  endfacet
  facet normal 0.000000e+00 1.000000e+00 0.000000e+00
    outer loop
      vertex   7.651555e+01 1.500000e+01 2.387500e+01
      vertex   1.637626e+02 1.500000e+01 2.323744e+01
      vertex   1.634845e+02 1.500000e+01 2.287500e+01
    endloop
  endfacet
  facet normal 0.000000e+00 1.000000e+00 0.000000e+00
    outer loop
      vertex   7.651555e+01 1.500000e+01 2.387500e+01
      vertex   1.634845e+02 1.500000e+01 2.287500e+01
      vertex   7.669037e+01 1.500000e+01 2.345293e+01
    endloop
  endfacet
  facet normal 0.000000e+00 1.000000e+00 0.000000e+00
    outer loop
      vertex   7.669037e+01 1.500000e+01 2.345293e+01
      vertex   1.634845e+02 1.500000e+01 2.287500e+01
      vertex   1.633096e+02 1.500000e+01 2.245293e+01
    endloop
  endfacet
  facet normal 0.000000e+00 1.000000e+00 0.000000e+00
    outer loop
      vertex   7.669037e+01 1.500000e+01 2.345293e+01
      vertex   1.633096e+02 1.500000e+01 2.245293e+01
      vertex   1.624847e+02 1.500000e+01 1.936433e+01
    endloop
  endfacet
  facet normal 0.000000e+00 1.000000e+00 0.000000e+00
    outer loop
      vertex   1.624847e+02 1.500000e+01 1.936433e+01
      vertex   1.633096e+02 1.500000e+01 2.245293e+01
      vertex   1.632500e+02 1.500000e+01 2.200000e+01
    endloop
  endfacet
  facet normal 0.000000e+00 1.000000e+00 0.000000e+00
    outer loop
      vertex   1.624847e+02 1.500000e+01 1.936433e+01
      vertex   1.632500e+02 1.500000e+01 2.200000e+01
      vertex   1.633096e+02 1.500000e+01 2.154707e+01
    endloop
  endfacet
  facet normal 0.000000e+00 1.000000e+00 0.000000e+00
    outer loop
      vertex   1.633096e+02 1.500000e+01 2.154707e+01
      vertex   1.634845e+02 1.500000e+01 2.112500e+01
      vertex   1.624847e+02 1.500000e+01 1.936433e+01
    endloop
  endfacet
  facet normal 0.000000e+00 1.000000e+00 0.000000e+00
    outer loop
      vertex   1.624847e+02 1.500000e+01 1.936433e+01
      vertex   1.634845e+02 1.500000e+01 2.112500e+01
      vertex   1.637626e+02 1.500000e+01 2.076256e+01
    endloop
  endfacet
  facet normal 0.000000e+00 1.000000e+00 0.000000e+00
    outer loop
      vertex   1.624847e+02 1.500000e+01 1.936433e+01
      vertex   1.637626e+02 1.500000e+01 2.076256e+01
      vertex   1.641250e+02 1.500000e+01 2.048446e+01
    endloop
  endfacet
  facet normal 0.000000e+00 1.000000e+00 0.000000e+00
    outer loop
      vertex   1.641250e+02 1.500000e+01 2.048446e+01
      vertex   1.645471e+02 1.500000e+01 2.030963e+01
      vertex   1.624847e+02 1.500000e+01 1.936433e+01
    endloop
  endfacet
  facet normal 0.000000e+00 1.000000e+00 0.000000e+00
    outer loop
      vertex   1.624847e+02 1.500000e+01 1.936433e+01
      vertex   1.645471e+02 1.500000e+01 2.030963e+01
      vertex   1.650000e+02 1.500000e+01 2.025000e+01
    endloop
  endfacet
  facet normal 0.000000e+00 1.000000e+00 0.000000e+00
    outer loop
      vertex   1.624847e+02 1.500000e+01 1.936433e+01
      vertex   1.650000e+02 1.500000e+01 2.025000e+01
      vertex   1.654529e+02 1.500000e+01 2.030963e+01
    endloop
  endfacet
  facet normal -0.000000e+00 1.000000e+00 0.000000e+00
    outer loop
      vertex   1.624847e+02 1.500000e+01 1.936433e+01
      vertex   1.654529e+02 1.500000e+01 2.030963e+01
      vertex   1.647577e+02 1.500000e+01 -6.060932e+01
    endloop
  endfacet
  facet normal 0.000000e+00 1.000000e+00 0.000000e+00
    outer loop
      vertex   1.647577e+02 1.500000e+01 -6.060932e+01
      vertex   1.654529e+02 1.500000e+01 2.030963e+01
      vertex   1.658750e+02 1.500000e+01 2.048446e+01
    endloop
  endfacet
  facet normal 0.000000e+00 1.000000e+00 0.000000e+00
    outer loop
      vertex   1.647577e+02 1.500000e+01 -6.060932e+01
      vertex   1.658750e+02 1.500000e+01 2.048446e+01
      vertex   1.662374e+02 1.500000e+01 2.076256e+01
    endloop
  endfacet
  facet normal -0.000000e+00 1.000000e+00 0.000000e+00
    outer loop
      vertex   1.662374e+02 1.500000e+01 2.076256e+01
      vertex   1.665155e+02 1.500000e+01 2.112500e+01
      vertex   1.647577e+02 1.500000e+01 -6.060932e+01
    endloop
  endfacet
  facet normal 0.000000e+00 1.000000e+00 0.000000e+00
    outer loop
      vertex   1.647577e+02 1.500000e+01 -6.060932e+01
      vertex   1.665155e+02 1.500000e+01 2.112500e+01
      vertex   1.712531e+02 1.500000e+01 2.870272e+01
    endloop
  endfacet
  facet normal -0.000000e+00 1.000000e+00 0.000000e+00
    outer loop
      vertex   1.647577e+02 1.500000e+01 -6.060932e+01
      vertex   1.712531e+02 1.500000e+01 2.870272e+01
      vertex   1.712531e+02 1.500000e+01 -9.129728e+01
    endloop
  endfacet
  facet normal 0.000000e+00 1.000000e+00 0.000000e+00
    outer loop
      vertex   1.665155e+02 1.500000e+01 2.112500e+01
      vertex   1.666904e+02 1.500000e+01 2.154707e+01
      vertex   1.712531e+02 1.500000e+01 2.870272e+01
    endloop
  endfacet
  facet normal 0.000000e+00 1.000000e+00 0.000000e+00
    outer loop
      vertex   7.669037e+01 1.500000e+01 2.345293e+01
      vertex   1.624847e+02 1.500000e+01 1.936433e+01
      vertex   7.675000e+01 1.500000e+01 2.300000e+01
    endloop
  endfacet
  facet normal 0.000000e+00 1.000000e+00 0.000000e+00
    outer loop
      vertex   7.675000e+01 1.500000e+01 2.300000e+01
      vertex   1.624847e+02 1.500000e+01 1.936433e+01
      vertex   7.692751e+01 1.500000e+01 1.936433e+01
    endloop
  endfacet
  facet normal 0.000000e+00 1.000000e+00 0.000000e+00
    outer loop
      vertex   7.675000e+01 1.500000e+01 2.300000e+01
      vertex   7.692751e+01 1.500000e+01 1.936433e+01
      vertex   7.669037e+01 1.500000e+01 2.254707e+01
    endloop
  endfacet
  facet normal 0.000000e+00 1.000000e+00 0.000000e+00
    outer loop
      vertex   7.669037e+01 1.500000e+01 2.254707e+01
      vertex   7.692751e+01 1.500000e+01 1.936433e+01
      vertex   7.651555e+01 1.500000e+01 2.212500e+01
    endloop
  endfacet
  facet normal 0.000000e+00 1.000000e+00 0.000000e+00
    outer loop
      vertex   7.651555e+01 1.500000e+01 2.212500e+01
      vertex   7.692751e+01 1.500000e+01 1.936433e+01
      vertex   7.623744e+01 1.500000e+01 2.176256e+01
    endloop
  endfacet
  facet normal 0.000000e+00 1.000000e+00 0.000000e+00
    outer loop
      vertex   7.623744e+01 1.500000e+01 2.176256e+01
      vertex   7.692751e+01 1.500000e+01 1.936433e+01
      vertex   7.587500e+01 1.500000e+01 2.148446e+01
    endloop
  endfacet
  facet normal 0.000000e+00 1.000000e+00 0.000000e+00
    outer loop
      vertex   7.587500e+01 1.500000e+01 2.148446e+01
      vertex   7.692751e+01 1.500000e+01 1.936433e+01
      vertex   7.545293e+01 1.500000e+01 2.130963e+01
    endloop
  endfacet
  facet normal 0.000000e+00 1.000000e+00 0.000000e+00
    outer loop
      vertex   7.545293e+01 1.500000e+01 2.130963e+01
      vertex   7.692751e+01 1.500000e+01 1.936433e+01
      vertex   7.500000e+01 1.500000e+01 2.125000e+01
    endloop
  endfacet
  facet normal 0.000000e+00 1.000000e+00 0.000000e+00
    outer loop
      vertex   7.500000e+01 1.500000e+01 2.125000e+01
      vertex   7.692751e+01 1.500000e+01 1.936433e+01
      vertex   7.454707e+01 1.500000e+01 2.130963e+01
    endloop
  endfacet
  facet normal 0.000000e+00 1.000000e+00 0.000000e+00
    outer loop
      vertex   7.454707e+01 1.500000e+01 2.130963e+01
      vertex   7.692751e+01 1.500000e+01 1.936433e+01
      vertex   7.412500e+01 1.500000e+01 2.148446e+01
    endloop
  endfacet
  facet normal 0.000000e+00 1.000000e+00 0.000000e+00
    outer loop
      vertex   7.412500e+01 1.500000e+01 2.148446e+01
      vertex   7.692751e+01 1.500000e+01 1.936433e+01
      vertex   7.465450e+01 1.500000e+01 -6.060932e+01
    endloop
  endfacet
  facet normal 0.000000e+00 1.000000e+00 0.000000e+00
    outer loop
      vertex   7.412500e+01 1.500000e+01 2.148446e+01
      vertex   7.465450e+01 1.500000e+01 -6.060932e+01
      vertex   7.376256e+01 1.500000e+01 2.176256e+01
    endloop
  endfacet
  facet normal 0.000000e+00 1.000000e+00 0.000000e+00
    outer loop
      vertex   7.376256e+01 1.500000e+01 2.176256e+01
      vertex   7.465450e+01 1.500000e+01 -6.060932e+01
      vertex   7.348446e+01 1.500000e+01 2.212500e+01
    endloop
  endfacet
  facet normal 0.000000e+00 1.000000e+00 0.000000e+00
    outer loop
      vertex   7.348446e+01 1.500000e+01 2.212500e+01
      vertex   7.465450e+01 1.500000e+01 -6.060932e+01
      vertex   6.815904e+01 1.500000e+01 2.870272e+01
    endloop
  endfacet
  facet normal 0.000000e+00 1.000000e+00 0.000000e+00
    outer loop
      vertex   7.348446e+01 1.500000e+01 2.212500e+01
      vertex   6.815904e+01 1.500000e+01 2.870272e+01
      vertex   7.330963e+01 1.500000e+01 2.254707e+01
    endloop
  endfacet
  facet normal 0.000000e+00 1.000000e+00 0.000000e+00
    outer loop
      vertex   7.330963e+01 1.500000e+01 2.254707e+01
      vertex   6.815904e+01 1.500000e+01 2.870272e+01
      vertex   7.325000e+01 1.500000e+01 2.300000e+01
    endloop
  endfacet
  facet normal 0.000000e+00 1.000000e+00 -0.000000e+00
    outer loop
      vertex   7.325000e+01 1.500000e+01 2.300000e+01
      vertex   6.815904e+01 1.500000e+01 2.870272e+01
      vertex   7.330963e+01 1.500000e+01 2.345293e+01
    endloop
  endfacet
  facet normal 0.000000e+00 1.000000e+00 -0.000000e+00
    outer loop
      vertex   7.330963e+01 1.500000e+01 2.345293e+01
      vertex   6.815904e+01 1.500000e+01 2.870272e+01
      vertex   7.348446e+01 1.500000e+01 2.387500e+01
    endloop
  endfacet
  facet normal 0.000000e+00 1.000000e+00 -0.000000e+00
    outer loop
      vertex   7.348446e+01 1.500000e+01 2.387500e+01
      vertex   6.815904e+01 1.500000e+01 2.870272e+01
      vertex   7.376256e+01 1.500000e+01 2.423744e+01
    endloop
  endfacet
  facet normal 0.000000e+00 1.000000e+00 -0.000000e+00
    outer loop
      vertex   7.376256e+01 1.500000e+01 2.423744e+01
      vertex   6.815904e+01 1.500000e+01 2.870272e+01
      vertex   7.412500e+01 1.500000e+01 2.451554e+01
    endloop
  endfacet
  facet normal 0.000000e+00 1.000000e+00 -0.000000e+00
    outer loop
      vertex   7.412500e+01 1.500000e+01 2.451554e+01
      vertex   6.815904e+01 1.500000e+01 2.870272e+01
      vertex   7.454707e+01 1.500000e+01 2.469037e+01
    endloop
  endfacet
  facet normal 0.000000e+00 1.000000e+00 -0.000000e+00
    outer loop
      vertex   7.454707e+01 1.500000e+01 2.469037e+01
      vertex   6.815904e+01 1.500000e+01 2.870272e+01
      vertex   7.500000e+01 1.500000e+01 2.475000e+01
    endloop
  endfacet
  facet normal 0.000000e+00 1.000000e+00 0.000000e+00
    outer loop
      vertex   7.465450e+01 1.500000e+01 -6.060932e+01
      vertex   7.465450e+01 1.500000e+01 -8.560932e+01
      vertex   6.815904e+01 1.500000e+01 -9.129728e+01
    endloop
  endfacet
  facet normal 0.000000e+00 1.000000e+00 0.000000e+00
    outer loop
      vertex   6.815904e+01 1.500000e+01 -9.129728e+01
      vertex   7.465450e+01 1.500000e+01 -8.560932e+01
      vertex   1.647577e+02 1.500000e+01 -8.560932e+01
    endloop
  endfacet
  facet normal 0.000000e+00 1.000000e+00 0.000000e+00
    outer loop
      vertex   6.815904e+01 1.500000e+01 -9.129728e+01
      vertex   1.647577e+02 1.500000e+01 -8.560932e+01
      vertex   1.712531e+02 1.500000e+01 -9.129728e+01
    endloop
  endfacet
  facet normal 0.000000e+00 1.000000e+00 0.000000e+00
    outer loop
      vertex   1.712531e+02 1.500000e+01 -9.129728e+01
      vertex   1.647577e+02 1.500000e+01 -8.560932e+01
      vertex   1.647577e+02 1.500000e+01 -6.060932e+01
    endloop
  endfacet
  facet normal 0.000000e+00 1.000000e+00 0.000000e+00
    outer loop
      vertex   1.647577e+02 1.500000e+01 -6.060932e+01
      vertex   1.624847e+02 1.500000e+01 -6.060932e+01
      vertex   1.624847e+02 1.500000e+01 1.936433e+01
    endloop
  endfacet
  facet normal 0.000000e+00 1.000000e+00 0.000000e+00
    outer loop
      vertex   7.692751e+01 1.500000e+01 1.936433e+01
      vertex   7.692751e+01 1.500000e+01 -6.060932e+01
      vertex   7.465450e+01 1.500000e+01 -6.060932e+01
    endloop
  endfacet
  facet normal 0.000000e+00 1.000000e+00 0.000000e+00
    outer loop
      vertex   6.815904e+01 1.500000e+01 2.870272e+01
      vertex   7.465450e+01 1.500000e+01 -6.060932e+01
      vertex   6.815904e+01 1.500000e+01 -9.129728e+01
    endloop
  endfacet
  facet normal 0.000000e+00 0.000000e+00 1.000000e+00
    outer loop
      vertex   1.647577e+02 1.500000e+01 -8.560932e+01
      vertex   7.465450e+01 1.500000e+01 -8.560932e+01
      vertex   1.647577e+02 1.000000e+01 -8.560932e+01
    endloop
  endfacet
  facet normal 0.000000e+00 0.000000e+00 1.000000e+00
    outer loop
      vertex   1.647577e+02 1.000000e+01 -8.560932e+01
      vertex   7.465450e+01 1.500000e+01 -8.560932e+01
      vertex   7.465450e+01 1.000000e+01 -8.560932e+01
    endloop
  endfacet
  facet normal -1.000000e+00 -0.000000e+00 -0.000000e+00
    outer loop
      vertex   1.647577e+02 1.500000e+01 -6.060932e+01
      vertex   1.647577e+02 1.500000e+01 -8.560932e+01
      vertex   1.647577e+02 1.000000e+01 -6.060932e+01
    endloop
  endfacet
  facet normal -1.000000e+00 0.000000e+00 0.000000e+00
    outer loop
      vertex   1.647577e+02 1.000000e+01 -6.060932e+01
      vertex   1.647577e+02 1.500000e+01 -8.560932e+01
      vertex   1.647577e+02 1.000000e+01 -8.560932e+01
    endloop
  endfacet
  facet normal 0.000000e+00 0.000000e+00 -1.000000e+00
    outer loop
      vertex   1.624847e+02 1.500000e+01 -6.060932e+01
      vertex   1.647577e+02 1.500000e+01 -6.060932e+01
      vertex   1.624847e+02 1.000000e+01 -6.060932e+01
    endloop
  endfacet
  facet normal 0.000000e+00 0.000000e+00 -1.000000e+00
    outer loop
      vertex   1.624847e+02 1.000000e+01 -6.060932e+01
      vertex   1.647577e+02 1.500000e+01 -6.060932e+01
      vertex   1.647577e+02 1.000000e+01 -6.060932e+01
    endloop
  endfacet
  facet normal 0.000000e+00 0.000000e+00 -1.000000e+00
    outer loop
      vertex   7.465450e+01 1.500000e+01 -6.060932e+01
      vertex   7.692751e+01 1.500000e+01 -6.060932e+01
      vertex   7.465450e+01 1.000000e+01 -6.060932e+01
    endloop
  endfacet
  facet normal 0.000000e+00 0.000000e+00 -1.000000e+00
    outer loop
      vertex   7.465450e+01 1.000000e+01 -6.060932e+01
      vertex   7.692751e+01 1.500000e+01 -6.060932e+01
      vertex   7.692751e+01 1.000000e+01 -6.060932e+01
    endloop
  endfacet
  facet normal 0.000000e+00 0.000000e+00 1.000000e+00
    outer loop
      vertex   6.815904e+01 0.000000e+00 2.870272e+01
      vertex   1.712531e+02 0.000000e+00 2.870272e+01
      vertex   6.815904e+01 1.500000e+01 2.870272e+01
    endloop
  endfacet
  facet normal -0.000000e+00 0.000000e+00 1.000000e+00
    outer loop
      vertex   6.815904e+01 1.500000e+01 2.870272e+01
      vertex   1.712531e+02 0.000000e+00 2.870272e+01
      vertex   1.712531e+02 1.500000e+01 2.870272e+01
    endloop
  endfacet
  facet normal -1.000000e+00 0.000000e+00 0.000000e+00
    outer loop
      vertex   6.815904e+01 0.000000e+00 -9.129728e+01
      vertex   6.815904e+01 0.000000e+00 2.870272e+01
      vertex   6.815904e+01 1.500000e+01 -9.129728e+01
    endloop
  endfacet
  facet normal -1.000000e+00 0.000000e+00 0.000000e+00
    outer loop
      vertex   6.815904e+01 1.500000e+01 -9.129728e+01
      vertex   6.815904e+01 0.000000e+00 2.870272e+01
      vertex   6.815904e+01 1.500000e+01 2.870272e+01
    endloop
  endfacet
  facet normal 0.000000e+00 0.000000e+00 -1.000000e+00
    outer loop
      vertex   1.712531e+02 0.000000e+00 -9.129728e+01
      vertex   6.815904e+01 0.000000e+00 -9.129728e+01
      vertex   1.712531e+02 1.500000e+01 -9.129728e+01
    endloop
  endfacet
  facet normal -0.000000e+00 0.000000e+00 -1.000000e+00
    outer loop
      vertex   1.712531e+02 1.500000e+01 -9.129728e+01
      vertex   6.815904e+01 0.000000e+00 -9.129728e+01
      vertex   6.815904e+01 1.500000e+01 -9.129728e+01
    endloop
  endfacet
  facet normal 1.000000e+00 -0.000000e+00 0.000000e+00
    outer loop
      vertex   1.712531e+02 0.000000e+00 2.870272e+01
      vertex   1.712531e+02 0.000000e+00 -9.129728e+01
      vertex   1.712531e+02 1.500000e+01 2.870272e+01
    endloop
  endfacet
  facet normal 1.000000e+00 0.000000e+00 0.000000e+00
    outer loop
      vertex   1.712531e+02 1.500000e+01 2.870272e+01
      vertex   1.712531e+02 0.000000e+00 -9.129728e+01
      vertex   1.712531e+02 1.500000e+01 -9.129728e+01
    endloop
  endfacet
  facet normal -0.000000e+00 1.000000e+00 0.000000e+00
    outer loop
      vertex   8.325000e+01 8.000000e+00 1.150000e+01
      vertex   8.329259e+01 8.000000e+00 1.182352e+01
      vertex   8.329259e+01 8.000000e+00 1.117648e+01
    endloop
  endfacet
  facet normal -0.000000e+00 1.000000e+00 0.000000e+00
    outer loop
      vertex   8.329259e+01 8.000000e+00 1.117648e+01
      vertex   8.329259e+01 8.000000e+00 1.182352e+01
      vertex   8.341747e+01 8.000000e+00 1.087500e+01
    endloop
  endfacet
  facet normal 0.000000e+00 1.000000e+00 -0.000000e+00
    outer loop
      vertex   8.341747e+01 8.000000e+00 1.087500e+01
      vertex   8.329259e+01 8.000000e+00 1.182352e+01
      vertex   8.341747e+01 8.000000e+00 1.212500e+01
    endloop
  endfacet
  facet normal -0.000000e+00 1.000000e+00 0.000000e+00
    outer loop
      vertex   8.341747e+01 8.000000e+00 1.087500e+01
      vertex   8.341747e+01 8.000000e+00 1.212500e+01
      vertex   8.361612e+01 8.000000e+00 1.061612e+01
    endloop
  endfacet
  facet normal 0.000000e+00 1.000000e+00 -0.000000e+00
    outer loop
      vertex   8.361612e+01 8.000000e+00 1.061612e+01
      vertex   8.341747e+01 8.000000e+00 1.212500e+01
      vertex   8.361612e+01 8.000000e+00 1.238388e+01
    endloop
  endfacet
  facet normal -0.000000e+00 1.000000e+00 0.000000e+00
    outer loop
      vertex   8.361612e+01 8.000000e+00 1.061612e+01
      vertex   8.361612e+01 8.000000e+00 1.238388e+01
      vertex   8.387500e+01 8.000000e+00 1.041747e+01
    endloop
  endfacet
  facet normal 0.000000e+00 1.000000e+00 -0.000000e+00
    outer loop
      vertex   8.387500e+01 8.000000e+00 1.041747e+01
      vertex   8.361612e+01 8.000000e+00 1.238388e+01
      vertex   8.387500e+01 8.000000e+00 1.258253e+01
    endloop
  endfacet
  facet normal -0.000000e+00 1.000000e+00 0.000000e+00
    outer loop
      vertex   8.387500e+01 8.000000e+00 1.041747e+01
      vertex   8.387500e+01 8.000000e+00 1.258253e+01
      vertex   8.417648e+01 8.000000e+00 1.029259e+01
    endloop
  endfacet
  facet normal 0.000000e+00 1.000000e+00 -0.000000e+00
    outer loop
      vertex   8.417648e+01 8.000000e+00 1.029259e+01
      vertex   8.387500e+01 8.000000e+00 1.258253e+01
      vertex   8.417648e+01 8.000000e+00 1.270741e+01
    endloop
  endfacet
  facet normal -0.000000e+00 1.000000e+00 0.000000e+00
    outer loop
      vertex   8.417648e+01 8.000000e+00 1.029259e+01
      vertex   8.417648e+01 8.000000e+00 1.270741e+01
      vertex   8.450000e+01 8.000000e+00 1.025000e+01
    endloop
  endfacet
  facet normal 0.000000e+00 1.000000e+00 -0.000000e+00
    outer loop
      vertex   8.450000e+01 8.000000e+00 1.025000e+01
      vertex   8.417648e+01 8.000000e+00 1.270741e+01
      vertex   8.450000e+01 8.000000e+00 1.275000e+01
    endloop
  endfacet
  facet normal 0.000000e+00 1.000000e+00 0.000000e+00
    outer loop
      vertex   8.450000e+01 8.000000e+00 1.025000e+01
      vertex   8.450000e+01 8.000000e+00 1.275000e+01
      vertex   8.482353e+01 8.000000e+00 1.029259e+01
    endloop
  endfacet
  facet normal 0.000000e+00 1.000000e+00 -0.000000e+00
    outer loop
      vertex   8.482353e+01 8.000000e+00 1.029259e+01
      vertex   8.450000e+01 8.000000e+00 1.275000e+01
      vertex   8.482353e+01 8.000000e+00 1.270741e+01
    endloop
  endfacet
  facet normal 0.000000e+00 1.000000e+00 0.000000e+00
    outer loop
      vertex   8.482353e+01 8.000000e+00 1.029259e+01
      vertex   8.482353e+01 8.000000e+00 1.270741e+01
      vertex   8.512500e+01 8.000000e+00 1.041747e+01
    endloop
  endfacet
  facet normal 0.000000e+00 1.000000e+00 -0.000000e+00
    outer loop
      vertex   8.512500e+01 8.000000e+00 1.041747e+01
      vertex   8.482353e+01 8.000000e+00 1.270741e+01
      vertex   8.512500e+01 8.000000e+00 1.258253e+01
    endloop
  endfacet
  facet normal 0.000000e+00 1.000000e+00 0.000000e+00
    outer loop
      vertex   8.512500e+01 8.000000e+00 1.041747e+01
      vertex   8.512500e+01 8.000000e+00 1.258253e+01
      vertex   8.538388e+01 8.000000e+00 1.061612e+01
    endloop
  endfacet
  facet normal 0.000000e+00 1.000000e+00 -0.000000e+00
    outer loop
      vertex   8.538388e+01 8.000000e+00 1.061612e+01
      vertex   8.512500e+01 8.000000e+00 1.258253e+01
      vertex   8.538388e+01 8.000000e+00 1.238388e+01
    endloop
  endfacet
  facet normal 0.000000e+00 1.000000e+00 0.000000e+00
    outer loop
      vertex   8.538388e+01 8.000000e+00 1.061612e+01
      vertex   8.538388e+01 8.000000e+00 1.238388e+01
      vertex   8.558253e+01 8.000000e+00 1.087500e+01
    endloop
  endfacet
  facet normal 0.000000e+00 1.000000e+00 -0.000000e+00
    outer loop
      vertex   8.558253e+01 8.000000e+00 1.087500e+01
      vertex   8.538388e+01 8.000000e+00 1.238388e+01
      vertex   8.558253e+01 8.000000e+00 1.212500e+01
    endloop
  endfacet
  facet normal 0.000000e+00 1.000000e+00 0.000000e+00
    outer loop
      vertex   8.558253e+01 8.000000e+00 1.087500e+01
      vertex   8.558253e+01 8.000000e+00 1.212500e+01
      vertex   8.570741e+01 8.000000e+00 1.117648e+01
    endloop
  endfacet
  facet normal 0.000000e+00 1.000000e+00 -0.000000e+00
    outer loop
      vertex   8.570741e+01 8.000000e+00 1.117648e+01
      vertex   8.558253e+01 8.000000e+00 1.212500e+01
      vertex   8.570741e+01 8.000000e+00 1.182352e+01
    endloop
  endfacet
  facet normal 0.000000e+00 1.000000e+00 0.000000e+00
    outer loop
      vertex   8.570741e+01 8.000000e+00 1.117648e+01
      vertex   8.570741e+01 8.000000e+00 1.182352e+01
      vertex   8.575000e+01 8.000000e+00 1.150000e+01
    endloop
  endfacet
  facet normal -0.000000e+00 -1.000000e+00 -0.000000e+00
    outer loop
      vertex   1.712531e+02 0.000000e+00 2.870272e+01
      vertex   6.815904e+01 0.000000e+00 2.870272e+01
      vertex   1.712531e+02 0.000000e+00 -9.129728e+01
    endloop
  endfacet
  facet normal 0.000000e+00 -1.000000e+00 0.000000e+00
    outer loop
      vertex   1.712531e+02 0.000000e+00 -9.129728e+01
      vertex   6.815904e+01 0.000000e+00 2.870272e+01
      vertex   6.815904e+01 0.000000e+00 -9.129728e+01
    endloop
  endfacet
endsolid
