ISO-10303-21;
HEADER;
/* Generated by software containing ST-Developer
 * from STEP Tools, Inc. (www.steptools.com) 
 */

FILE_DESCRIPTION(
/* description */ ('KiCad electronic assembly'),
/* implementation_level */ '2;1');

FILE_NAME(
/* name */ 'yousnoozeyousolveFULLCASEASSEMBLY.step',
/* time_stamp */ '2026-09-15T17:00:18+08:00',
/* author */ (''),
/* organization */ (''),
/* preprocessor_version */ 'ST-DEVELOPER v20.2',
/* originating_system */ 'Autodesk Translation Framework v15.15.0.0',
/* authorisation */ '');

FILE_SCHEMA (('AUTOMOTIVE_DESIGN { 1 0 10303 214 3 1 1 }'));
ENDSEC;

DATA;
#10=MECHANICAL_DESIGN_GEOMETRIC_PRESENTATION_REPRESENTATION('',(#1025,#1026,
#1027,#1028,#1029,#1030,#1031,#1032,#1033,#1034,#1035,#1036,#1037,#1038,
#1039,#1040,#1041,#1042,#1043,#1044,#1045,#1046,#1047,#1048,#1049,#1050,
#1051,#1052,#1053,#1054,#1055,#1056,#1057,#1058,#1059,#1060,#1061,#1062,
#1063,#1064,#1065,#1066,#1067,#1068,#1069,#1070,#1071,#1072,#1073,#1074,
#1075,#1076,#1077,#1078,#1079,#1080,#1081,#1082,#1083,#1084,#1085,#1086,
#1087,#1088,#1089,#1090,#1091,#1092,#1093,#1094,#1095,#1096,#1097,#1098,
#1099,#1100,#1101,#1102,#1103,#1104,#1105,#1106,#1107,#1108,#1109,#1110,
#1111,#1112,#1113,#1114,#1115,#1116,#1117,#1118,#1119,#1120,#1121,#1122,
#1123,#1124,#1125,#1126,#1127,#1128,#1129,#1130,#1131,#1132,#1133,#1134,
#1135,#1136,#1137,#1138,#1139,#1140,#1141,#1142,#1143,#1144,#1145,#1146,
#1147,#1148,#1149,#1150,#1151,#1152,#1153,#1154,#1155,#1156,#1157,#1158,
#1159,#1160,#1161,#1162,#1163,#1164,#1165,#1166,#1167,#1168,#1169,#1170,
#1171,#1172,#1173,#1174,#1175,#1176,#1177,#1178,#1179,#1180,#1181,#1182,
#1183,#1184,#1185,#1186,#1187,#1188,#1189,#1190,#1191,#1192,#1193,#1194,
#1195,#1196,#1197,#1198,#1199,#1200,#1201,#1202,#1203,#1204,#1205,#1206,
#1207,#1208,#1209,#1210,#1211,#1212,#1213,#1214,#1215,#1216,#1217,#1218,
#1219,#1220,#1221,#1222,#1223,#1224,#1225,#1226,#1227,#1228,#1229,#1230,
#1231,#1232,#1233,#1234,#1235,#1236,#1237,#1238,#1239,#1240,#1241,#1242,
#1243,#1244,#1245,#1246,#1247,#1248,#1249,#1250,#1251,#1252,#1253,#1254,
#1255,#1256,#1257,#1258,#1259,#1260,#1261,#1262,#1263,#1264,#1265,#1266,
#1267,#1268,#1269,#1270,#1271,#1272,#1273,#1274,#1275,#1276,#1277,#1278,
#1279,#1280,#1281,#1282,#1283,#1284,#1285,#1286,#1287,#1288,#1289,#1290,
#1291,#1292,#1293,#1294,#1295,#1296,#1297,#1298,#1299,#1300,#1301,#1302,
#1303,#1304,#1305,#1306,#1307,#1308,#1309,#1310,#1311,#1312,#1313,#1314,
#1315,#1316,#1317,#1318,#1319,#1320,#1321,#1322,#1323,#1324,#1325,#1326,
#1327,#1328,#1329,#1330,#1331,#1332,#1333,#1334,#1335,#1336,#1337,#1338,
#1339,#1340,#1341),#18236);
#11=CONICAL_SURFACE('',#11644,1.65,0.367173833818);
#12=ELLIPSE('',#11542,1.546412746103,0.9);
#13=ELLIPSE('',#11543,1.546412746103,0.9);
#14=ELLIPSE('',#11544,3.006913672978,1.75);
#15=ELLIPSE('',#11545,3.006913672978,1.75);
#16=ELLIPSE('',#11898,7.07106781186548,5.);
#17=ELLIPSE('',#11901,7.07106781186548,5.);
#18=ITEM_DEFINED_TRANSFORMATION($,$,#11006,#11028);
#19=ITEM_DEFINED_TRANSFORMATION($,$,#11030,#11145);
#20=ITEM_DEFINED_TRANSFORMATION($,$,#11460,#11499);
#21=ITEM_DEFINED_TRANSFORMATION($,$,#11460,#11500);
#22=ITEM_DEFINED_TRANSFORMATION($,$,#11460,#11501);
#23=ITEM_DEFINED_TRANSFORMATION($,$,#11460,#11502);
#24=ITEM_DEFINED_TRANSFORMATION($,$,#11460,#11503);
#25=ITEM_DEFINED_TRANSFORMATION($,$,#11460,#11504);
#26=ITEM_DEFINED_TRANSFORMATION($,$,#11460,#11505);
#27=ITEM_DEFINED_TRANSFORMATION($,$,#11460,#11506);
#28=ITEM_DEFINED_TRANSFORMATION($,$,#11460,#11507);
#29=ITEM_DEFINED_TRANSFORMATION($,$,#11512,#11712);
#30=ITEM_DEFINED_TRANSFORMATION($,$,#11649,#11713);
#31=ITEM_DEFINED_TRANSFORMATION($,$,#11695,#11714);
#32=ITEM_DEFINED_TRANSFORMATION($,$,#11439,#11715);
#33=ITEM_DEFINED_TRANSFORMATION($,$,#11512,#11716);
#34=ITEM_DEFINED_TRANSFORMATION($,$,#11649,#11717);
#35=ITEM_DEFINED_TRANSFORMATION($,$,#11695,#11718);
#36=ITEM_DEFINED_TRANSFORMATION($,$,#11441,#11719);
#37=ITEM_DEFINED_TRANSFORMATION($,$,#11512,#11720);
#38=ITEM_DEFINED_TRANSFORMATION($,$,#11649,#11721);
#39=ITEM_DEFINED_TRANSFORMATION($,$,#11695,#11722);
#40=ITEM_DEFINED_TRANSFORMATION($,$,#11443,#11723);
#41=ITEM_DEFINED_TRANSFORMATION($,$,#11512,#11724);
#42=ITEM_DEFINED_TRANSFORMATION($,$,#11649,#11725);
#43=ITEM_DEFINED_TRANSFORMATION($,$,#11695,#11726);
#44=ITEM_DEFINED_TRANSFORMATION($,$,#11445,#11727);
#45=ITEM_DEFINED_TRANSFORMATION($,$,#11512,#11728);
#46=ITEM_DEFINED_TRANSFORMATION($,$,#11649,#11729);
#47=ITEM_DEFINED_TRANSFORMATION($,$,#11695,#11730);
#48=ITEM_DEFINED_TRANSFORMATION($,$,#11449,#11731);
#49=ITEM_DEFINED_TRANSFORMATION($,$,#11512,#11732);
#50=ITEM_DEFINED_TRANSFORMATION($,$,#11649,#11733);
#51=ITEM_DEFINED_TRANSFORMATION($,$,#11695,#11734);
#52=ITEM_DEFINED_TRANSFORMATION($,$,#11451,#11735);
#53=ITEM_DEFINED_TRANSFORMATION($,$,#11512,#11736);
#54=ITEM_DEFINED_TRANSFORMATION($,$,#11649,#11737);
#55=ITEM_DEFINED_TRANSFORMATION($,$,#11695,#11738);
#56=ITEM_DEFINED_TRANSFORMATION($,$,#11454,#11739);
#57=ITEM_DEFINED_TRANSFORMATION($,$,#11512,#11740);
#58=ITEM_DEFINED_TRANSFORMATION($,$,#11649,#11741);
#59=ITEM_DEFINED_TRANSFORMATION($,$,#11695,#11742);
#60=ITEM_DEFINED_TRANSFORMATION($,$,#11509,#11743);
#61=ITEM_DEFINED_TRANSFORMATION($,$,#11512,#11744);
#62=ITEM_DEFINED_TRANSFORMATION($,$,#11649,#11745);
#63=ITEM_DEFINED_TRANSFORMATION($,$,#11695,#11746);
#64=ITEM_DEFINED_TRANSFORMATION($,$,#11511,#11747);
#65=ITEM_DEFINED_TRANSFORMATION($,$,#11004,#11947);
#66=ITEM_DEFINED_TRANSFORMATION($,$,#11005,#11948);
#67=ITEM_DEFINED_TRANSFORMATION($,$,#11029,#11949);
#68=ITEM_DEFINED_TRANSFORMATION($,$,#11146,#11950);
#69=ITEM_DEFINED_TRANSFORMATION($,$,#11438,#11951);
#70=ITEM_DEFINED_TRANSFORMATION($,$,#11440,#11952);
#71=ITEM_DEFINED_TRANSFORMATION($,$,#11442,#11953);
#72=ITEM_DEFINED_TRANSFORMATION($,$,#11444,#11954);
#73=ITEM_DEFINED_TRANSFORMATION($,$,#11446,#11955);
#74=ITEM_DEFINED_TRANSFORMATION($,$,#11447,#11956);
#75=ITEM_DEFINED_TRANSFORMATION($,$,#11448,#11957);
#76=ITEM_DEFINED_TRANSFORMATION($,$,#11450,#11958);
#77=ITEM_DEFINED_TRANSFORMATION($,$,#11452,#11959);
#78=ITEM_DEFINED_TRANSFORMATION($,$,#11453,#11960);
#79=ITEM_DEFINED_TRANSFORMATION($,$,#11455,#11961);
#80=ITEM_DEFINED_TRANSFORMATION($,$,#11456,#11962);
#81=ITEM_DEFINED_TRANSFORMATION($,$,#11457,#11963);
#82=ITEM_DEFINED_TRANSFORMATION($,$,#11458,#11964);
#83=ITEM_DEFINED_TRANSFORMATION($,$,#11459,#11965);
#84=ITEM_DEFINED_TRANSFORMATION($,$,#11508,#11966);
#85=ITEM_DEFINED_TRANSFORMATION($,$,#11510,#11967);
#86=(
REPRESENTATION_RELATIONSHIP($,$,#18386,#18385)
REPRESENTATION_RELATIONSHIP_WITH_TRANSFORMATION(#18)
SHAPE_REPRESENTATION_RELATIONSHIP()
);
#87=(
REPRESENTATION_RELATIONSHIP($,$,#18388,#18387)
REPRESENTATION_RELATIONSHIP_WITH_TRANSFORMATION(#19)
SHAPE_REPRESENTATION_RELATIONSHIP()
);
#88=(
REPRESENTATION_RELATIONSHIP($,$,#18412,#18384)
REPRESENTATION_RELATIONSHIP_WITH_TRANSFORMATION(#20)
SHAPE_REPRESENTATION_RELATIONSHIP()
);
#89=(
REPRESENTATION_RELATIONSHIP($,$,#18412,#18398)
REPRESENTATION_RELATIONSHIP_WITH_TRANSFORMATION(#21)
SHAPE_REPRESENTATION_RELATIONSHIP()
);
#90=(
REPRESENTATION_RELATIONSHIP($,$,#18412,#18399)
REPRESENTATION_RELATIONSHIP_WITH_TRANSFORMATION(#22)
SHAPE_REPRESENTATION_RELATIONSHIP()
);
#91=(
REPRESENTATION_RELATIONSHIP($,$,#18412,#18404)
REPRESENTATION_RELATIONSHIP_WITH_TRANSFORMATION(#23)
SHAPE_REPRESENTATION_RELATIONSHIP()
);
#92=(
REPRESENTATION_RELATIONSHIP($,$,#18412,#18407)
REPRESENTATION_RELATIONSHIP_WITH_TRANSFORMATION(#24)
SHAPE_REPRESENTATION_RELATIONSHIP()
);
#93=(
REPRESENTATION_RELATIONSHIP($,$,#18412,#18408)
REPRESENTATION_RELATIONSHIP_WITH_TRANSFORMATION(#25)
SHAPE_REPRESENTATION_RELATIONSHIP()
);
#94=(
REPRESENTATION_RELATIONSHIP($,$,#18412,#18409)
REPRESENTATION_RELATIONSHIP_WITH_TRANSFORMATION(#26)
SHAPE_REPRESENTATION_RELATIONSHIP()
);
#95=(
REPRESENTATION_RELATIONSHIP($,$,#18412,#18410)
REPRESENTATION_RELATIONSHIP_WITH_TRANSFORMATION(#27)
SHAPE_REPRESENTATION_RELATIONSHIP()
);
#96=(
REPRESENTATION_RELATIONSHIP($,$,#18412,#18411)
REPRESENTATION_RELATIONSHIP_WITH_TRANSFORMATION(#28)
SHAPE_REPRESENTATION_RELATIONSHIP()
);
#97=(
REPRESENTATION_RELATIONSHIP($,$,#18417,#18391)
REPRESENTATION_RELATIONSHIP_WITH_TRANSFORMATION(#29)
SHAPE_REPRESENTATION_RELATIONSHIP()
);
#98=(
REPRESENTATION_RELATIONSHIP($,$,#18418,#18391)
REPRESENTATION_RELATIONSHIP_WITH_TRANSFORMATION(#30)
SHAPE_REPRESENTATION_RELATIONSHIP()
);
#99=(
REPRESENTATION_RELATIONSHIP($,$,#18419,#18391)
REPRESENTATION_RELATIONSHIP_WITH_TRANSFORMATION(#31)
SHAPE_REPRESENTATION_RELATIONSHIP()
);
#100=(
REPRESENTATION_RELATIONSHIP($,$,#18391,#18390)
REPRESENTATION_RELATIONSHIP_WITH_TRANSFORMATION(#32)
SHAPE_REPRESENTATION_RELATIONSHIP()
);
#101=(
REPRESENTATION_RELATIONSHIP($,$,#18417,#18393)
REPRESENTATION_RELATIONSHIP_WITH_TRANSFORMATION(#33)
SHAPE_REPRESENTATION_RELATIONSHIP()
);
#102=(
REPRESENTATION_RELATIONSHIP($,$,#18418,#18393)
REPRESENTATION_RELATIONSHIP_WITH_TRANSFORMATION(#34)
SHAPE_REPRESENTATION_RELATIONSHIP()
);
#103=(
REPRESENTATION_RELATIONSHIP($,$,#18419,#18393)
REPRESENTATION_RELATIONSHIP_WITH_TRANSFORMATION(#35)
SHAPE_REPRESENTATION_RELATIONSHIP()
);
#104=(
REPRESENTATION_RELATIONSHIP($,$,#18393,#18392)
REPRESENTATION_RELATIONSHIP_WITH_TRANSFORMATION(#36)
SHAPE_REPRESENTATION_RELATIONSHIP()
);
#105=(
REPRESENTATION_RELATIONSHIP($,$,#18417,#18395)
REPRESENTATION_RELATIONSHIP_WITH_TRANSFORMATION(#37)
SHAPE_REPRESENTATION_RELATIONSHIP()
);
#106=(
REPRESENTATION_RELATIONSHIP($,$,#18418,#18395)
REPRESENTATION_RELATIONSHIP_WITH_TRANSFORMATION(#38)
SHAPE_REPRESENTATION_RELATIONSHIP()
);
#107=(
REPRESENTATION_RELATIONSHIP($,$,#18419,#18395)
REPRESENTATION_RELATIONSHIP_WITH_TRANSFORMATION(#39)
SHAPE_REPRESENTATION_RELATIONSHIP()
);
#108=(
REPRESENTATION_RELATIONSHIP($,$,#18395,#18394)
REPRESENTATION_RELATIONSHIP_WITH_TRANSFORMATION(#40)
SHAPE_REPRESENTATION_RELATIONSHIP()
);
#109=(
REPRESENTATION_RELATIONSHIP($,$,#18417,#18397)
REPRESENTATION_RELATIONSHIP_WITH_TRANSFORMATION(#41)
SHAPE_REPRESENTATION_RELATIONSHIP()
);
#110=(
REPRESENTATION_RELATIONSHIP($,$,#18418,#18397)
REPRESENTATION_RELATIONSHIP_WITH_TRANSFORMATION(#42)
SHAPE_REPRESENTATION_RELATIONSHIP()
);
#111=(
REPRESENTATION_RELATIONSHIP($,$,#18419,#18397)
REPRESENTATION_RELATIONSHIP_WITH_TRANSFORMATION(#43)
SHAPE_REPRESENTATION_RELATIONSHIP()
);
#112=(
REPRESENTATION_RELATIONSHIP($,$,#18397,#18396)
REPRESENTATION_RELATIONSHIP_WITH_TRANSFORMATION(#44)
SHAPE_REPRESENTATION_RELATIONSHIP()
);
#113=(
REPRESENTATION_RELATIONSHIP($,$,#18417,#18401)
REPRESENTATION_RELATIONSHIP_WITH_TRANSFORMATION(#45)
SHAPE_REPRESENTATION_RELATIONSHIP()
);
#114=(
REPRESENTATION_RELATIONSHIP($,$,#18418,#18401)
REPRESENTATION_RELATIONSHIP_WITH_TRANSFORMATION(#46)
SHAPE_REPRESENTATION_RELATIONSHIP()
);
#115=(
REPRESENTATION_RELATIONSHIP($,$,#18419,#18401)
REPRESENTATION_RELATIONSHIP_WITH_TRANSFORMATION(#47)
SHAPE_REPRESENTATION_RELATIONSHIP()
);
#116=(
REPRESENTATION_RELATIONSHIP($,$,#18401,#18400)
REPRESENTATION_RELATIONSHIP_WITH_TRANSFORMATION(#48)
SHAPE_REPRESENTATION_RELATIONSHIP()
);
#117=(
REPRESENTATION_RELATIONSHIP($,$,#18417,#18403)
REPRESENTATION_RELATIONSHIP_WITH_TRANSFORMATION(#49)
SHAPE_REPRESENTATION_RELATIONSHIP()
);
#118=(
REPRESENTATION_RELATIONSHIP($,$,#18418,#18403)
REPRESENTATION_RELATIONSHIP_WITH_TRANSFORMATION(#50)
SHAPE_REPRESENTATION_RELATIONSHIP()
);
#119=(
REPRESENTATION_RELATIONSHIP($,$,#18419,#18403)
REPRESENTATION_RELATIONSHIP_WITH_TRANSFORMATION(#51)
SHAPE_REPRESENTATION_RELATIONSHIP()
);
#120=(
REPRESENTATION_RELATIONSHIP($,$,#18403,#18402)
REPRESENTATION_RELATIONSHIP_WITH_TRANSFORMATION(#52)
SHAPE_REPRESENTATION_RELATIONSHIP()
);
#121=(
REPRESENTATION_RELATIONSHIP($,$,#18417,#18406)
REPRESENTATION_RELATIONSHIP_WITH_TRANSFORMATION(#53)
SHAPE_REPRESENTATION_RELATIONSHIP()
);
#122=(
REPRESENTATION_RELATIONSHIP($,$,#18418,#18406)
REPRESENTATION_RELATIONSHIP_WITH_TRANSFORMATION(#54)
SHAPE_REPRESENTATION_RELATIONSHIP()
);
#123=(
REPRESENTATION_RELATIONSHIP($,$,#18419,#18406)
REPRESENTATION_RELATIONSHIP_WITH_TRANSFORMATION(#55)
SHAPE_REPRESENTATION_RELATIONSHIP()
);
#124=(
REPRESENTATION_RELATIONSHIP($,$,#18406,#18405)
REPRESENTATION_RELATIONSHIP_WITH_TRANSFORMATION(#56)
SHAPE_REPRESENTATION_RELATIONSHIP()
);
#125=(
REPRESENTATION_RELATIONSHIP($,$,#18417,#18414)
REPRESENTATION_RELATIONSHIP_WITH_TRANSFORMATION(#57)
SHAPE_REPRESENTATION_RELATIONSHIP()
);
#126=(
REPRESENTATION_RELATIONSHIP($,$,#18418,#18414)
REPRESENTATION_RELATIONSHIP_WITH_TRANSFORMATION(#58)
SHAPE_REPRESENTATION_RELATIONSHIP()
);
#127=(
REPRESENTATION_RELATIONSHIP($,$,#18419,#18414)
REPRESENTATION_RELATIONSHIP_WITH_TRANSFORMATION(#59)
SHAPE_REPRESENTATION_RELATIONSHIP()
);
#128=(
REPRESENTATION_RELATIONSHIP($,$,#18414,#18413)
REPRESENTATION_RELATIONSHIP_WITH_TRANSFORMATION(#60)
SHAPE_REPRESENTATION_RELATIONSHIP()
);
#129=(
REPRESENTATION_RELATIONSHIP($,$,#18417,#18416)
REPRESENTATION_RELATIONSHIP_WITH_TRANSFORMATION(#61)
SHAPE_REPRESENTATION_RELATIONSHIP()
);
#130=(
REPRESENTATION_RELATIONSHIP($,$,#18418,#18416)
REPRESENTATION_RELATIONSHIP_WITH_TRANSFORMATION(#62)
SHAPE_REPRESENTATION_RELATIONSHIP()
);
#131=(
REPRESENTATION_RELATIONSHIP($,$,#18419,#18416)
REPRESENTATION_RELATIONSHIP_WITH_TRANSFORMATION(#63)
SHAPE_REPRESENTATION_RELATIONSHIP()
);
#132=(
REPRESENTATION_RELATIONSHIP($,$,#18416,#18415)
REPRESENTATION_RELATIONSHIP_WITH_TRANSFORMATION(#64)
SHAPE_REPRESENTATION_RELATIONSHIP()
);
#133=(
REPRESENTATION_RELATIONSHIP($,$,#18384,#18383)
REPRESENTATION_RELATIONSHIP_WITH_TRANSFORMATION(#65)
SHAPE_REPRESENTATION_RELATIONSHIP()
);
#134=(
REPRESENTATION_RELATIONSHIP($,$,#18385,#18383)
REPRESENTATION_RELATIONSHIP_WITH_TRANSFORMATION(#66)
SHAPE_REPRESENTATION_RELATIONSHIP()
);
#135=(
REPRESENTATION_RELATIONSHIP($,$,#18387,#18383)
REPRESENTATION_RELATIONSHIP_WITH_TRANSFORMATION(#67)
SHAPE_REPRESENTATION_RELATIONSHIP()
);
#136=(
REPRESENTATION_RELATIONSHIP($,$,#18389,#18383)
REPRESENTATION_RELATIONSHIP_WITH_TRANSFORMATION(#68)
SHAPE_REPRESENTATION_RELATIONSHIP()
);
#137=(
REPRESENTATION_RELATIONSHIP($,$,#18390,#18383)
REPRESENTATION_RELATIONSHIP_WITH_TRANSFORMATION(#69)
SHAPE_REPRESENTATION_RELATIONSHIP()
);
#138=(
REPRESENTATION_RELATIONSHIP($,$,#18392,#18383)
REPRESENTATION_RELATIONSHIP_WITH_TRANSFORMATION(#70)
SHAPE_REPRESENTATION_RELATIONSHIP()
);
#139=(
REPRESENTATION_RELATIONSHIP($,$,#18394,#18383)
REPRESENTATION_RELATIONSHIP_WITH_TRANSFORMATION(#71)
SHAPE_REPRESENTATION_RELATIONSHIP()
);
#140=(
REPRESENTATION_RELATIONSHIP($,$,#18396,#18383)
REPRESENTATION_RELATIONSHIP_WITH_TRANSFORMATION(#72)
SHAPE_REPRESENTATION_RELATIONSHIP()
);
#141=(
REPRESENTATION_RELATIONSHIP($,$,#18398,#18383)
REPRESENTATION_RELATIONSHIP_WITH_TRANSFORMATION(#73)
SHAPE_REPRESENTATION_RELATIONSHIP()
);
#142=(
REPRESENTATION_RELATIONSHIP($,$,#18399,#18383)
REPRESENTATION_RELATIONSHIP_WITH_TRANSFORMATION(#74)
SHAPE_REPRESENTATION_RELATIONSHIP()
);
#143=(
REPRESENTATION_RELATIONSHIP($,$,#18400,#18383)
REPRESENTATION_RELATIONSHIP_WITH_TRANSFORMATION(#75)
SHAPE_REPRESENTATION_RELATIONSHIP()
);
#144=(
REPRESENTATION_RELATIONSHIP($,$,#18402,#18383)
REPRESENTATION_RELATIONSHIP_WITH_TRANSFORMATION(#76)
SHAPE_REPRESENTATION_RELATIONSHIP()
);
#145=(
REPRESENTATION_RELATIONSHIP($,$,#18404,#18383)
REPRESENTATION_RELATIONSHIP_WITH_TRANSFORMATION(#77)
SHAPE_REPRESENTATION_RELATIONSHIP()
);
#146=(
REPRESENTATION_RELATIONSHIP($,$,#18405,#18383)
REPRESENTATION_RELATIONSHIP_WITH_TRANSFORMATION(#78)
SHAPE_REPRESENTATION_RELATIONSHIP()
);
#147=(
REPRESENTATION_RELATIONSHIP($,$,#18407,#18383)
REPRESENTATION_RELATIONSHIP_WITH_TRANSFORMATION(#79)
SHAPE_REPRESENTATION_RELATIONSHIP()
);
#148=(
REPRESENTATION_RELATIONSHIP($,$,#18408,#18383)
REPRESENTATION_RELATIONSHIP_WITH_TRANSFORMATION(#80)
SHAPE_REPRESENTATION_RELATIONSHIP()
);
#149=(
REPRESENTATION_RELATIONSHIP($,$,#18409,#18383)
REPRESENTATION_RELATIONSHIP_WITH_TRANSFORMATION(#81)
SHAPE_REPRESENTATION_RELATIONSHIP()
);
#150=(
REPRESENTATION_RELATIONSHIP($,$,#18410,#18383)
REPRESENTATION_RELATIONSHIP_WITH_TRANSFORMATION(#82)
SHAPE_REPRESENTATION_RELATIONSHIP()
);
#151=(
REPRESENTATION_RELATIONSHIP($,$,#18411,#18383)
REPRESENTATION_RELATIONSHIP_WITH_TRANSFORMATION(#83)
SHAPE_REPRESENTATION_RELATIONSHIP()
);
#152=(
REPRESENTATION_RELATIONSHIP($,$,#18413,#18383)
REPRESENTATION_RELATIONSHIP_WITH_TRANSFORMATION(#84)
SHAPE_REPRESENTATION_RELATIONSHIP()
);
#153=(
REPRESENTATION_RELATIONSHIP($,$,#18415,#18383)
REPRESENTATION_RELATIONSHIP_WITH_TRANSFORMATION(#85)
SHAPE_REPRESENTATION_RELATIONSHIP()
);
#154=CONTEXT_DEPENDENT_SHAPE_REPRESENTATION(#86,#18282);
#155=CONTEXT_DEPENDENT_SHAPE_REPRESENTATION(#87,#18285);
#156=CONTEXT_DEPENDENT_SHAPE_REPRESENTATION(#88,#18310);
#157=CONTEXT_DEPENDENT_SHAPE_REPRESENTATION(#89,#18311);
#158=CONTEXT_DEPENDENT_SHAPE_REPRESENTATION(#90,#18312);
#159=CONTEXT_DEPENDENT_SHAPE_REPRESENTATION(#91,#18313);
#160=CONTEXT_DEPENDENT_SHAPE_REPRESENTATION(#92,#18314);
#161=CONTEXT_DEPENDENT_SHAPE_REPRESENTATION(#93,#18315);
#162=CONTEXT_DEPENDENT_SHAPE_REPRESENTATION(#94,#18316);
#163=CONTEXT_DEPENDENT_SHAPE_REPRESENTATION(#95,#18317);
#164=CONTEXT_DEPENDENT_SHAPE_REPRESENTATION(#96,#18318);
#165=CONTEXT_DEPENDENT_SHAPE_REPRESENTATION(#97,#18326);
#166=CONTEXT_DEPENDENT_SHAPE_REPRESENTATION(#98,#18327);
#167=CONTEXT_DEPENDENT_SHAPE_REPRESENTATION(#99,#18328);
#168=CONTEXT_DEPENDENT_SHAPE_REPRESENTATION(#100,#18329);
#169=CONTEXT_DEPENDENT_SHAPE_REPRESENTATION(#101,#18330);
#170=CONTEXT_DEPENDENT_SHAPE_REPRESENTATION(#102,#18331);
#171=CONTEXT_DEPENDENT_SHAPE_REPRESENTATION(#103,#18332);
#172=CONTEXT_DEPENDENT_SHAPE_REPRESENTATION(#104,#18333);
#173=CONTEXT_DEPENDENT_SHAPE_REPRESENTATION(#105,#18334);
#174=CONTEXT_DEPENDENT_SHAPE_REPRESENTATION(#106,#18335);
#175=CONTEXT_DEPENDENT_SHAPE_REPRESENTATION(#107,#18336);
#176=CONTEXT_DEPENDENT_SHAPE_REPRESENTATION(#108,#18337);
#177=CONTEXT_DEPENDENT_SHAPE_REPRESENTATION(#109,#18338);
#178=CONTEXT_DEPENDENT_SHAPE_REPRESENTATION(#110,#18339);
#179=CONTEXT_DEPENDENT_SHAPE_REPRESENTATION(#111,#18340);
#180=CONTEXT_DEPENDENT_SHAPE_REPRESENTATION(#112,#18341);
#181=CONTEXT_DEPENDENT_SHAPE_REPRESENTATION(#113,#18342);
#182=CONTEXT_DEPENDENT_SHAPE_REPRESENTATION(#114,#18343);
#183=CONTEXT_DEPENDENT_SHAPE_REPRESENTATION(#115,#18344);
#184=CONTEXT_DEPENDENT_SHAPE_REPRESENTATION(#116,#18345);
#185=CONTEXT_DEPENDENT_SHAPE_REPRESENTATION(#117,#18346);
#186=CONTEXT_DEPENDENT_SHAPE_REPRESENTATION(#118,#18347);
#187=CONTEXT_DEPENDENT_SHAPE_REPRESENTATION(#119,#18348);
#188=CONTEXT_DEPENDENT_SHAPE_REPRESENTATION(#120,#18349);
#189=CONTEXT_DEPENDENT_SHAPE_REPRESENTATION(#121,#18350);
#190=CONTEXT_DEPENDENT_SHAPE_REPRESENTATION(#122,#18351);
#191=CONTEXT_DEPENDENT_SHAPE_REPRESENTATION(#123,#18352);
#192=CONTEXT_DEPENDENT_SHAPE_REPRESENTATION(#124,#18353);
#193=CONTEXT_DEPENDENT_SHAPE_REPRESENTATION(#125,#18354);
#194=CONTEXT_DEPENDENT_SHAPE_REPRESENTATION(#126,#18355);
#195=CONTEXT_DEPENDENT_SHAPE_REPRESENTATION(#127,#18356);
#196=CONTEXT_DEPENDENT_SHAPE_REPRESENTATION(#128,#18357);
#197=CONTEXT_DEPENDENT_SHAPE_REPRESENTATION(#129,#18358);
#198=CONTEXT_DEPENDENT_SHAPE_REPRESENTATION(#130,#18359);
#199=CONTEXT_DEPENDENT_SHAPE_REPRESENTATION(#131,#18360);
#200=CONTEXT_DEPENDENT_SHAPE_REPRESENTATION(#132,#18361);
#201=CONTEXT_DEPENDENT_SHAPE_REPRESENTATION(#133,#18362);
#202=CONTEXT_DEPENDENT_SHAPE_REPRESENTATION(#134,#18363);
#203=CONTEXT_DEPENDENT_SHAPE_REPRESENTATION(#135,#18364);
#204=CONTEXT_DEPENDENT_SHAPE_REPRESENTATION(#136,#18365);
#205=CONTEXT_DEPENDENT_SHAPE_REPRESENTATION(#137,#18366);
#206=CONTEXT_DEPENDENT_SHAPE_REPRESENTATION(#138,#18367);
#207=CONTEXT_DEPENDENT_SHAPE_REPRESENTATION(#139,#18368);
#208=CONTEXT_DEPENDENT_SHAPE_REPRESENTATION(#140,#18369);
#209=CONTEXT_DEPENDENT_SHAPE_REPRESENTATION(#141,#18370);
#210=CONTEXT_DEPENDENT_SHAPE_REPRESENTATION(#142,#18371);
#211=CONTEXT_DEPENDENT_SHAPE_REPRESENTATION(#143,#18372);
#212=CONTEXT_DEPENDENT_SHAPE_REPRESENTATION(#144,#18373);
#213=CONTEXT_DEPENDENT_SHAPE_REPRESENTATION(#145,#18374);
#214=CONTEXT_DEPENDENT_SHAPE_REPRESENTATION(#146,#18375);
#215=CONTEXT_DEPENDENT_SHAPE_REPRESENTATION(#147,#18376);
#216=CONTEXT_DEPENDENT_SHAPE_REPRESENTATION(#148,#18377);
#217=CONTEXT_DEPENDENT_SHAPE_REPRESENTATION(#149,#18378);
#218=CONTEXT_DEPENDENT_SHAPE_REPRESENTATION(#150,#18379);
#219=CONTEXT_DEPENDENT_SHAPE_REPRESENTATION(#151,#18380);
#220=CONTEXT_DEPENDENT_SHAPE_REPRESENTATION(#152,#18381);
#221=CONTEXT_DEPENDENT_SHAPE_REPRESENTATION(#153,#18382);
#222=NEXT_ASSEMBLY_USAGE_OCCURRENCE('Buzzer_12x95RM76:1',
'Buzzer_12x95RM76:1','Buzzer_12x95RM76:1',#18423,#18424,
'Buzzer_12x95RM76:1');
#223=NEXT_ASSEMBLY_USAGE_OCCURRENCE('PinSocket_1x08_P2.54mm_Vertical:1',
'PinSocket_1x08_P2.54mm_Vertical:1','PinSocket_1x08_P2.54mm_Vertical:1',
#18425,#18426,'PinSocket_1x08_P2.54mm_Vertical:1');
#224=NEXT_ASSEMBLY_USAGE_OCCURRENCE(
'D_DO-35_SOD27_P7.62mm_Horizontal:1',
'D_DO-35_SOD27_P7.62mm_Horizontal:1',
'D_DO-35_SOD27_P7.62mm_Horizontal:1',#18422,#18450,
'D_DO-35_SOD27_P7.62mm_Horizontal:1');
#225=NEXT_ASSEMBLY_USAGE_OCCURRENCE(
'D_DO-35_SOD27_P7.62mm_Horizontal:1',
'D_DO-35_SOD27_P7.62mm_Horizontal:1',
'D_DO-35_SOD27_P7.62mm_Horizontal:1',#18436,#18450,
'D_DO-35_SOD27_P7.62mm_Horizontal:1');
#226=NEXT_ASSEMBLY_USAGE_OCCURRENCE(
'D_DO-35_SOD27_P7.62mm_Horizontal:1',
'D_DO-35_SOD27_P7.62mm_Horizontal:1',
'D_DO-35_SOD27_P7.62mm_Horizontal:1',#18437,#18450,
'D_DO-35_SOD27_P7.62mm_Horizontal:1');
#227=NEXT_ASSEMBLY_USAGE_OCCURRENCE(
'D_DO-35_SOD27_P7.62mm_Horizontal:1',
'D_DO-35_SOD27_P7.62mm_Horizontal:1',
'D_DO-35_SOD27_P7.62mm_Horizontal:1',#18442,#18450,
'D_DO-35_SOD27_P7.62mm_Horizontal:1');
#228=NEXT_ASSEMBLY_USAGE_OCCURRENCE(
'D_DO-35_SOD27_P7.62mm_Horizontal:1',
'D_DO-35_SOD27_P7.62mm_Horizontal:1',
'D_DO-35_SOD27_P7.62mm_Horizontal:1',#18445,#18450,
'D_DO-35_SOD27_P7.62mm_Horizontal:1');
#229=NEXT_ASSEMBLY_USAGE_OCCURRENCE(
'D_DO-35_SOD27_P7.62mm_Horizontal:1',
'D_DO-35_SOD27_P7.62mm_Horizontal:1',
'D_DO-35_SOD27_P7.62mm_Horizontal:1',#18446,#18450,
'D_DO-35_SOD27_P7.62mm_Horizontal:1');
#230=NEXT_ASSEMBLY_USAGE_OCCURRENCE(
'D_DO-35_SOD27_P7.62mm_Horizontal:1',
'D_DO-35_SOD27_P7.62mm_Horizontal:1',
'D_DO-35_SOD27_P7.62mm_Horizontal:1',#18447,#18450,
'D_DO-35_SOD27_P7.62mm_Horizontal:1');
#231=NEXT_ASSEMBLY_USAGE_OCCURRENCE(
'D_DO-35_SOD27_P7.62mm_Horizontal:1',
'D_DO-35_SOD27_P7.62mm_Horizontal:1',
'D_DO-35_SOD27_P7.62mm_Horizontal:1',#18448,#18450,
'D_DO-35_SOD27_P7.62mm_Horizontal:1');
#232=NEXT_ASSEMBLY_USAGE_OCCURRENCE(
'D_DO-35_SOD27_P7.62mm_Horizontal:1',
'D_DO-35_SOD27_P7.62mm_Horizontal:1',
'D_DO-35_SOD27_P7.62mm_Horizontal:1',#18449,#18450,
'D_DO-35_SOD27_P7.62mm_Horizontal:1');
#233=NEXT_ASSEMBLY_USAGE_OCCURRENCE('Body:1','Body:1','Body:1',#18429,#18455,
'Body:1');
#234=NEXT_ASSEMBLY_USAGE_OCCURRENCE('Button:1','Button:1','Button:1',#18429,
#18456,'Button:1');
#235=NEXT_ASSEMBLY_USAGE_OCCURRENCE('Pins:1','Pins:1','Pins:1',#18429,#18457,
'Pins:1');
#236=NEXT_ASSEMBLY_USAGE_OCCURRENCE('REDragon-MX-ZT02:1',
'REDragon-MX-ZT02:1','REDragon-MX-ZT02:1',#18428,#18429,
'REDragon-MX-ZT02:1');
#237=NEXT_ASSEMBLY_USAGE_OCCURRENCE('Body:1','Body:1','Body:1',#18431,#18455,
'Body:1');
#238=NEXT_ASSEMBLY_USAGE_OCCURRENCE('Button:1','Button:1','Button:1',#18431,
#18456,'Button:1');
#239=NEXT_ASSEMBLY_USAGE_OCCURRENCE('Pins:1','Pins:1','Pins:1',#18431,#18457,
'Pins:1');
#240=NEXT_ASSEMBLY_USAGE_OCCURRENCE('REDragon-MX-ZT02:1',
'REDragon-MX-ZT02:1','REDragon-MX-ZT02:1',#18430,#18431,
'REDragon-MX-ZT02:1');
#241=NEXT_ASSEMBLY_USAGE_OCCURRENCE('Body:1','Body:1','Body:1',#18433,#18455,
'Body:1');
#242=NEXT_ASSEMBLY_USAGE_OCCURRENCE('Button:1','Button:1','Button:1',#18433,
#18456,'Button:1');
#243=NEXT_ASSEMBLY_USAGE_OCCURRENCE('Pins:1','Pins:1','Pins:1',#18433,#18457,
'Pins:1');
#244=NEXT_ASSEMBLY_USAGE_OCCURRENCE('REDragon-MX-ZT02:1',
'REDragon-MX-ZT02:1','REDragon-MX-ZT02:1',#18432,#18433,
'REDragon-MX-ZT02:1');
#245=NEXT_ASSEMBLY_USAGE_OCCURRENCE('Body:1','Body:1','Body:1',#18435,#18455,
'Body:1');
#246=NEXT_ASSEMBLY_USAGE_OCCURRENCE('Button:1','Button:1','Button:1',#18435,
#18456,'Button:1');
#247=NEXT_ASSEMBLY_USAGE_OCCURRENCE('Pins:1','Pins:1','Pins:1',#18435,#18457,
'Pins:1');
#248=NEXT_ASSEMBLY_USAGE_OCCURRENCE('REDragon-MX-ZT02:1',
'REDragon-MX-ZT02:1','REDragon-MX-ZT02:1',#18434,#18435,
'REDragon-MX-ZT02:1');
#249=NEXT_ASSEMBLY_USAGE_OCCURRENCE('Body:1','Body:1','Body:1',#18439,#18455,
'Body:1');
#250=NEXT_ASSEMBLY_USAGE_OCCURRENCE('Button:1','Button:1','Button:1',#18439,
#18456,'Button:1');
#251=NEXT_ASSEMBLY_USAGE_OCCURRENCE('Pins:1','Pins:1','Pins:1',#18439,#18457,
'Pins:1');
#252=NEXT_ASSEMBLY_USAGE_OCCURRENCE('REDragon-MX-ZT02:1',
'REDragon-MX-ZT02:1','REDragon-MX-ZT02:1',#18438,#18439,
'REDragon-MX-ZT02:1');
#253=NEXT_ASSEMBLY_USAGE_OCCURRENCE('Body:1','Body:1','Body:1',#18441,#18455,
'Body:1');
#254=NEXT_ASSEMBLY_USAGE_OCCURRENCE('Button:1','Button:1','Button:1',#18441,
#18456,'Button:1');
#255=NEXT_ASSEMBLY_USAGE_OCCURRENCE('Pins:1','Pins:1','Pins:1',#18441,#18457,
'Pins:1');
#256=NEXT_ASSEMBLY_USAGE_OCCURRENCE('REDragon-MX-ZT02:1',
'REDragon-MX-ZT02:1','REDragon-MX-ZT02:1',#18440,#18441,
'REDragon-MX-ZT02:1');
#257=NEXT_ASSEMBLY_USAGE_OCCURRENCE('Body:1','Body:1','Body:1',#18444,#18455,
'Body:1');
#258=NEXT_ASSEMBLY_USAGE_OCCURRENCE('Button:1','Button:1','Button:1',#18444,
#18456,'Button:1');
#259=NEXT_ASSEMBLY_USAGE_OCCURRENCE('Pins:1','Pins:1','Pins:1',#18444,#18457,
'Pins:1');
#260=NEXT_ASSEMBLY_USAGE_OCCURRENCE('REDragon-MX-ZT02:1',
'REDragon-MX-ZT02:1','REDragon-MX-ZT02:1',#18443,#18444,
'REDragon-MX-ZT02:1');
#261=NEXT_ASSEMBLY_USAGE_OCCURRENCE('Body:1','Body:1','Body:1',#18452,#18455,
'Body:1');
#262=NEXT_ASSEMBLY_USAGE_OCCURRENCE('Button:1','Button:1','Button:1',#18452,
#18456,'Button:1');
#263=NEXT_ASSEMBLY_USAGE_OCCURRENCE('Pins:1','Pins:1','Pins:1',#18452,#18457,
'Pins:1');
#264=NEXT_ASSEMBLY_USAGE_OCCURRENCE('REDragon-MX-ZT02:1',
'REDragon-MX-ZT02:1','REDragon-MX-ZT02:1',#18451,#18452,
'REDragon-MX-ZT02:1');
#265=NEXT_ASSEMBLY_USAGE_OCCURRENCE('Body:1','Body:1','Body:1',#18454,#18455,
'Body:1');
#266=NEXT_ASSEMBLY_USAGE_OCCURRENCE('Button:1','Button:1','Button:1',#18454,
#18456,'Button:1');
#267=NEXT_ASSEMBLY_USAGE_OCCURRENCE('Pins:1','Pins:1','Pins:1',#18454,#18457,
'Pins:1');
#268=NEXT_ASSEMBLY_USAGE_OCCURRENCE('REDragon-MX-ZT02:1',
'REDragon-MX-ZT02:1','REDragon-MX-ZT02:1',#18453,#18454,
'REDragon-MX-ZT02:1');
#269=NEXT_ASSEMBLY_USAGE_OCCURRENCE(
'D_DO-35_SOD27_P7.62mm_Horizontal (1):1',
'D_DO-35_SOD27_P7.62mm_Horizontal (1):1',
'D_DO-35_SOD27_P7.62mm_Horizontal (1):1',#18421,#18422,
'D_DO-35_SOD27_P7.62mm_Horizontal (1):1');
#270=NEXT_ASSEMBLY_USAGE_OCCURRENCE('Buzzer_12x9.5RM7.6:1',
'Buzzer_12x9.5RM7.6:1','Buzzer_12x9.5RM7.6:1',#18421,#18423,
'Buzzer_12x9.5RM7.6:1');
#271=NEXT_ASSEMBLY_USAGE_OCCURRENCE(
'PinSocket_1x08_P2.54mm_Vertical (1):1',
'PinSocket_1x08_P2.54mm_Vertical (1):1',
'PinSocket_1x08_P2.54mm_Vertical (1):1',#18421,#18425,
'PinSocket_1x08_P2.54mm_Vertical (1):1');
#272=NEXT_ASSEMBLY_USAGE_OCCURRENCE('you80E6_PCB:1','you80E6_PCB:1',
'you80E6_PCB:1',#18421,#18427,'you80E6_PCB:1');
#273=NEXT_ASSEMBLY_USAGE_OCCURRENCE('REDragon-MX-ZT02 (1):2',
'REDragon-MX-ZT02 (1):2','REDragon-MX-ZT02 (1):2',#18421,#18428,
'REDragon-MX-ZT02 (1):2');
#274=NEXT_ASSEMBLY_USAGE_OCCURRENCE('REDragon-MX-ZT02 (1):3',
'REDragon-MX-ZT02 (1):3','REDragon-MX-ZT02 (1):3',#18421,#18430,
'REDragon-MX-ZT02 (1):3');
#275=NEXT_ASSEMBLY_USAGE_OCCURRENCE('REDragon-MX-ZT02 (1):4',
'REDragon-MX-ZT02 (1):4','REDragon-MX-ZT02 (1):4',#18421,#18432,
'REDragon-MX-ZT02 (1):4');
#276=NEXT_ASSEMBLY_USAGE_OCCURRENCE('REDragon-MX-ZT02 (1):5',
'REDragon-MX-ZT02 (1):5','REDragon-MX-ZT02 (1):5',#18421,#18434,
'REDragon-MX-ZT02 (1):5');
#277=NEXT_ASSEMBLY_USAGE_OCCURRENCE(
'D_DO-35_SOD27_P7.62mm_Horizontal (1):2',
'D_DO-35_SOD27_P7.62mm_Horizontal (1):2',
'D_DO-35_SOD27_P7.62mm_Horizontal (1):2',#18421,#18436,
'D_DO-35_SOD27_P7.62mm_Horizontal (1):2');
#278=NEXT_ASSEMBLY_USAGE_OCCURRENCE(
'D_DO-35_SOD27_P7.62mm_Horizontal (1):3',
'D_DO-35_SOD27_P7.62mm_Horizontal (1):3',
'D_DO-35_SOD27_P7.62mm_Horizontal (1):3',#18421,#18437,
'D_DO-35_SOD27_P7.62mm_Horizontal (1):3');
#279=NEXT_ASSEMBLY_USAGE_OCCURRENCE('REDragon-MX-ZT02 (1):6',
'REDragon-MX-ZT02 (1):6','REDragon-MX-ZT02 (1):6',#18421,#18438,
'REDragon-MX-ZT02 (1):6');
#280=NEXT_ASSEMBLY_USAGE_OCCURRENCE('REDragon-MX-ZT02 (1):7',
'REDragon-MX-ZT02 (1):7','REDragon-MX-ZT02 (1):7',#18421,#18440,
'REDragon-MX-ZT02 (1):7');
#281=NEXT_ASSEMBLY_USAGE_OCCURRENCE(
'D_DO-35_SOD27_P7.62mm_Horizontal (1):4',
'D_DO-35_SOD27_P7.62mm_Horizontal (1):4',
'D_DO-35_SOD27_P7.62mm_Horizontal (1):4',#18421,#18442,
'D_DO-35_SOD27_P7.62mm_Horizontal (1):4');
#282=NEXT_ASSEMBLY_USAGE_OCCURRENCE('REDragon-MX-ZT02 (1):8',
'REDragon-MX-ZT02 (1):8','REDragon-MX-ZT02 (1):8',#18421,#18443,
'REDragon-MX-ZT02 (1):8');
#283=NEXT_ASSEMBLY_USAGE_OCCURRENCE(
'D_DO-35_SOD27_P7.62mm_Horizontal (1):5',
'D_DO-35_SOD27_P7.62mm_Horizontal (1):5',
'D_DO-35_SOD27_P7.62mm_Horizontal (1):5',#18421,#18445,
'D_DO-35_SOD27_P7.62mm_Horizontal (1):5');
#284=NEXT_ASSEMBLY_USAGE_OCCURRENCE(
'D_DO-35_SOD27_P7.62mm_Horizontal (1):6',
'D_DO-35_SOD27_P7.62mm_Horizontal (1):6',
'D_DO-35_SOD27_P7.62mm_Horizontal (1):6',#18421,#18446,
'D_DO-35_SOD27_P7.62mm_Horizontal (1):6');
#285=NEXT_ASSEMBLY_USAGE_OCCURRENCE(
'D_DO-35_SOD27_P7.62mm_Horizontal (1):7',
'D_DO-35_SOD27_P7.62mm_Horizontal (1):7',
'D_DO-35_SOD27_P7.62mm_Horizontal (1):7',#18421,#18447,
'D_DO-35_SOD27_P7.62mm_Horizontal (1):7');
#286=NEXT_ASSEMBLY_USAGE_OCCURRENCE(
'D_DO-35_SOD27_P7.62mm_Horizontal (1):8',
'D_DO-35_SOD27_P7.62mm_Horizontal (1):8',
'D_DO-35_SOD27_P7.62mm_Horizontal (1):8',#18421,#18448,
'D_DO-35_SOD27_P7.62mm_Horizontal (1):8');
#287=NEXT_ASSEMBLY_USAGE_OCCURRENCE(
'D_DO-35_SOD27_P7.62mm_Horizontal (1):9',
'D_DO-35_SOD27_P7.62mm_Horizontal (1):9',
'D_DO-35_SOD27_P7.62mm_Horizontal (1):9',#18421,#18449,
'D_DO-35_SOD27_P7.62mm_Horizontal (1):9');
#288=NEXT_ASSEMBLY_USAGE_OCCURRENCE('REDragon-MX-ZT02 (1):9',
'REDragon-MX-ZT02 (1):9','REDragon-MX-ZT02 (1):9',#18421,#18451,
'REDragon-MX-ZT02 (1):9');
#289=NEXT_ASSEMBLY_USAGE_OCCURRENCE('REDragon-MX-ZT02 (1):1',
'REDragon-MX-ZT02 (1):1','REDragon-MX-ZT02 (1):1',#18421,#18453,
'REDragon-MX-ZT02 (1):1');
#290=SHAPE_REPRESENTATION_RELATIONSHIP('SRR','None',#18386,#298);
#291=SHAPE_REPRESENTATION_RELATIONSHIP('SRR','None',#18388,#299);
#292=SHAPE_REPRESENTATION_RELATIONSHIP('SRR','None',#18389,#300);
#293=SHAPE_REPRESENTATION_RELATIONSHIP('SRR','None',#18412,#301);
#294=SHAPE_REPRESENTATION_RELATIONSHIP('SRR','None',#18417,#302);
#295=SHAPE_REPRESENTATION_RELATIONSHIP('SRR','None',#18418,#303);
#296=SHAPE_REPRESENTATION_RELATIONSHIP('SRR','None',#18419,#304);
#297=SHAPE_REPRESENTATION_RELATIONSHIP('SRR','None',#18383,#305);
#298=ADVANCED_BREP_SHAPE_REPRESENTATION('',(#306),#18202);
#299=ADVANCED_BREP_SHAPE_REPRESENTATION('',(#307),#18204);
#300=ADVANCED_BREP_SHAPE_REPRESENTATION('',(#308),#18205);
#301=ADVANCED_BREP_SHAPE_REPRESENTATION('',(#309,#310),#18228);
#302=ADVANCED_BREP_SHAPE_REPRESENTATION('',(#311),#18233);
#303=ADVANCED_BREP_SHAPE_REPRESENTATION('',(#312),#18234);
#304=ADVANCED_BREP_SHAPE_REPRESENTATION('',(#313,#314),#18235);
#305=ADVANCED_BREP_SHAPE_REPRESENTATION('',(#315,#316,#317),#18199);
#306=MANIFOLD_SOLID_BREP('Body1',#10913);
#307=MANIFOLD_SOLID_BREP('Body1',#10914);
#308=MANIFOLD_SOLID_BREP('Body1',#10915);
#309=MANIFOLD_SOLID_BREP('Body1',#10916);
#310=MANIFOLD_SOLID_BREP('Body2',#10917);
#311=MANIFOLD_SOLID_BREP('Body1',#10918);
#312=MANIFOLD_SOLID_BREP('Body1',#10919);
#313=MANIFOLD_SOLID_BREP('Body1',#10920);
#314=MANIFOLD_SOLID_BREP('Body2',#10921);
#315=MANIFOLD_SOLID_BREP('Body1',#10922);
#316=MANIFOLD_SOLID_BREP('Body4',#10923);
#317=MANIFOLD_SOLID_BREP('Body6',#10924);
#318=FACE_BOUND('',#1893,.T.);
#319=FACE_BOUND('',#1901,.T.);
#320=FACE_BOUND('',#1902,.T.);
#321=FACE_BOUND('',#1903,.T.);
#322=FACE_BOUND('',#1904,.T.);
#323=FACE_BOUND('',#1909,.T.);
#324=FACE_BOUND('',#1910,.T.);
#325=FACE_BOUND('',#1911,.T.);
#326=FACE_BOUND('',#1912,.T.);
#327=FACE_BOUND('',#2023,.T.);
#328=FACE_BOUND('',#2024,.T.);
#329=FACE_BOUND('',#2025,.T.);
#330=FACE_BOUND('',#2026,.T.);
#331=FACE_BOUND('',#2027,.T.);
#332=FACE_BOUND('',#2028,.T.);
#333=FACE_BOUND('',#2029,.T.);
#334=FACE_BOUND('',#2030,.T.);
#335=FACE_BOUND('',#2031,.T.);
#336=FACE_BOUND('',#2032,.T.);
#337=FACE_BOUND('',#2033,.T.);
#338=FACE_BOUND('',#2034,.T.);
#339=FACE_BOUND('',#2035,.T.);
#340=FACE_BOUND('',#2036,.T.);
#341=FACE_BOUND('',#2037,.T.);
#342=FACE_BOUND('',#2038,.T.);
#343=FACE_BOUND('',#2039,.T.);
#344=FACE_BOUND('',#2040,.T.);
#345=FACE_BOUND('',#2041,.T.);
#346=FACE_BOUND('',#2042,.T.);
#347=FACE_BOUND('',#2043,.T.);
#348=FACE_BOUND('',#2044,.T.);
#349=FACE_BOUND('',#2045,.T.);
#350=FACE_BOUND('',#2046,.T.);
#351=FACE_BOUND('',#2047,.T.);
#352=FACE_BOUND('',#2048,.T.);
#353=FACE_BOUND('',#2049,.T.);
#354=FACE_BOUND('',#2050,.T.);
#355=FACE_BOUND('',#2051,.T.);
#356=FACE_BOUND('',#2052,.T.);
#357=FACE_BOUND('',#2053,.T.);
#358=FACE_BOUND('',#2054,.T.);
#359=FACE_BOUND('',#2055,.T.);
#360=FACE_BOUND('',#2056,.T.);
#361=FACE_BOUND('',#2057,.T.);
#362=FACE_BOUND('',#2058,.T.);
#363=FACE_BOUND('',#2059,.T.);
#364=FACE_BOUND('',#2060,.T.);
#365=FACE_BOUND('',#2061,.T.);
#366=FACE_BOUND('',#2062,.T.);
#367=FACE_BOUND('',#2063,.T.);
#368=FACE_BOUND('',#2064,.T.);
#369=FACE_BOUND('',#2065,.T.);
#370=FACE_BOUND('',#2066,.T.);
#371=FACE_BOUND('',#2067,.T.);
#372=FACE_BOUND('',#2068,.T.);
#373=FACE_BOUND('',#2069,.T.);
#374=FACE_BOUND('',#2070,.T.);
#375=FACE_BOUND('',#2071,.T.);
#376=FACE_BOUND('',#2072,.T.);
#377=FACE_BOUND('',#2073,.T.);
#378=FACE_BOUND('',#2074,.T.);
#379=FACE_BOUND('',#2075,.T.);
#380=FACE_BOUND('',#2076,.T.);
#381=FACE_BOUND('',#2077,.T.);
#382=FACE_BOUND('',#2078,.T.);
#383=FACE_BOUND('',#2079,.T.);
#384=FACE_BOUND('',#2080,.T.);
#385=FACE_BOUND('',#2081,.T.);
#386=FACE_BOUND('',#2082,.T.);
#387=FACE_BOUND('',#2083,.T.);
#388=FACE_BOUND('',#2084,.T.);
#389=FACE_BOUND('',#2085,.T.);
#390=FACE_BOUND('',#2086,.T.);
#391=FACE_BOUND('',#2087,.T.);
#392=FACE_BOUND('',#2088,.T.);
#393=FACE_BOUND('',#2089,.T.);
#394=FACE_BOUND('',#2090,.T.);
#395=FACE_BOUND('',#2091,.T.);
#396=FACE_BOUND('',#2092,.T.);
#397=FACE_BOUND('',#2093,.T.);
#398=FACE_BOUND('',#2094,.T.);
#399=FACE_BOUND('',#2095,.T.);
#400=FACE_BOUND('',#2096,.T.);
#401=FACE_BOUND('',#2097,.T.);
#402=FACE_BOUND('',#2098,.T.);
#403=FACE_BOUND('',#2099,.T.);
#404=FACE_BOUND('',#2100,.T.);
#405=FACE_BOUND('',#2101,.T.);
#406=FACE_BOUND('',#2102,.T.);
#407=FACE_BOUND('',#2103,.T.);
#408=FACE_BOUND('',#2104,.T.);
#409=FACE_BOUND('',#2105,.T.);
#410=FACE_BOUND('',#2106,.T.);
#411=FACE_BOUND('',#2107,.T.);
#412=FACE_BOUND('',#2108,.T.);
#413=FACE_BOUND('',#2109,.T.);
#414=FACE_BOUND('',#2110,.T.);
#415=FACE_BOUND('',#2111,.T.);
#416=FACE_BOUND('',#2112,.T.);
#417=FACE_BOUND('',#2113,.T.);
#418=FACE_BOUND('',#2115,.T.);
#419=FACE_BOUND('',#2116,.T.);
#420=FACE_BOUND('',#2117,.T.);
#421=FACE_BOUND('',#2118,.T.);
#422=FACE_BOUND('',#2119,.T.);
#423=FACE_BOUND('',#2120,.T.);
#424=FACE_BOUND('',#2121,.T.);
#425=FACE_BOUND('',#2122,.T.);
#426=FACE_BOUND('',#2123,.T.);
#427=FACE_BOUND('',#2124,.T.);
#428=FACE_BOUND('',#2125,.T.);
#429=FACE_BOUND('',#2126,.T.);
#430=FACE_BOUND('',#2127,.T.);
#431=FACE_BOUND('',#2128,.T.);
#432=FACE_BOUND('',#2129,.T.);
#433=FACE_BOUND('',#2130,.T.);
#434=FACE_BOUND('',#2131,.T.);
#435=FACE_BOUND('',#2132,.T.);
#436=FACE_BOUND('',#2133,.T.);
#437=FACE_BOUND('',#2134,.T.);
#438=FACE_BOUND('',#2135,.T.);
#439=FACE_BOUND('',#2136,.T.);
#440=FACE_BOUND('',#2137,.T.);
#441=FACE_BOUND('',#2138,.T.);
#442=FACE_BOUND('',#2139,.T.);
#443=FACE_BOUND('',#2140,.T.);
#444=FACE_BOUND('',#2141,.T.);
#445=FACE_BOUND('',#2142,.T.);
#446=FACE_BOUND('',#2143,.T.);
#447=FACE_BOUND('',#2144,.T.);
#448=FACE_BOUND('',#2145,.T.);
#449=FACE_BOUND('',#2146,.T.);
#450=FACE_BOUND('',#2147,.T.);
#451=FACE_BOUND('',#2148,.T.);
#452=FACE_BOUND('',#2149,.T.);
#453=FACE_BOUND('',#2150,.T.);
#454=FACE_BOUND('',#2151,.T.);
#455=FACE_BOUND('',#2152,.T.);
#456=FACE_BOUND('',#2153,.T.);
#457=FACE_BOUND('',#2154,.T.);
#458=FACE_BOUND('',#2155,.T.);
#459=FACE_BOUND('',#2156,.T.);
#460=FACE_BOUND('',#2157,.T.);
#461=FACE_BOUND('',#2158,.T.);
#462=FACE_BOUND('',#2159,.T.);
#463=FACE_BOUND('',#2160,.T.);
#464=FACE_BOUND('',#2161,.T.);
#465=FACE_BOUND('',#2162,.T.);
#466=FACE_BOUND('',#2163,.T.);
#467=FACE_BOUND('',#2164,.T.);
#468=FACE_BOUND('',#2165,.T.);
#469=FACE_BOUND('',#2166,.T.);
#470=FACE_BOUND('',#2167,.T.);
#471=FACE_BOUND('',#2168,.T.);
#472=FACE_BOUND('',#2169,.T.);
#473=FACE_BOUND('',#2170,.T.);
#474=FACE_BOUND('',#2171,.T.);
#475=FACE_BOUND('',#2172,.T.);
#476=FACE_BOUND('',#2173,.T.);
#477=FACE_BOUND('',#2174,.T.);
#478=FACE_BOUND('',#2175,.T.);
#479=FACE_BOUND('',#2176,.T.);
#480=FACE_BOUND('',#2177,.T.);
#481=FACE_BOUND('',#2178,.T.);
#482=FACE_BOUND('',#2179,.T.);
#483=FACE_BOUND('',#2180,.T.);
#484=FACE_BOUND('',#2181,.T.);
#485=FACE_BOUND('',#2182,.T.);
#486=FACE_BOUND('',#2183,.T.);
#487=FACE_BOUND('',#2184,.T.);
#488=FACE_BOUND('',#2185,.T.);
#489=FACE_BOUND('',#2186,.T.);
#490=FACE_BOUND('',#2187,.T.);
#491=FACE_BOUND('',#2188,.T.);
#492=FACE_BOUND('',#2189,.T.);
#493=FACE_BOUND('',#2190,.T.);
#494=FACE_BOUND('',#2191,.T.);
#495=FACE_BOUND('',#2192,.T.);
#496=FACE_BOUND('',#2193,.T.);
#497=FACE_BOUND('',#2194,.T.);
#498=FACE_BOUND('',#2195,.T.);
#499=FACE_BOUND('',#2196,.T.);
#500=FACE_BOUND('',#2197,.T.);
#501=FACE_BOUND('',#2198,.T.);
#502=FACE_BOUND('',#2199,.T.);
#503=FACE_BOUND('',#2200,.T.);
#504=FACE_BOUND('',#2201,.T.);
#505=FACE_BOUND('',#2202,.T.);
#506=FACE_BOUND('',#2203,.T.);
#507=FACE_BOUND('',#2204,.T.);
#508=FACE_BOUND('',#2205,.T.);
#509=FACE_BOUND('',#2311,.T.);
#510=FACE_BOUND('',#2313,.T.);
#511=FACE_BOUND('',#2335,.T.);
#512=FACE_BOUND('',#2352,.T.);
#513=FACE_BOUND('',#2383,.T.);
#514=FACE_BOUND('',#2388,.T.);
#515=FACE_BOUND('',#2404,.T.);
#516=FACE_BOUND('',#2416,.T.);
#517=FACE_BOUND('',#2417,.T.);
#518=FACE_BOUND('',#2418,.T.);
#519=FACE_BOUND('',#2481,.T.);
#520=FACE_BOUND('',#2505,.T.);
#521=FACE_BOUND('',#2512,.T.);
#522=FACE_BOUND('',#2520,.T.);
#523=FACE_BOUND('',#2527,.T.);
#524=FACE_BOUND('',#2538,.T.);
#525=FACE_BOUND('',#2539,.T.);
#526=FACE_BOUND('',#2540,.T.);
#527=FACE_BOUND('',#2557,.T.);
#528=FACE_BOUND('',#2562,.T.);
#529=FACE_BOUND('',#2563,.T.);
#530=FACE_BOUND('',#2564,.T.);
#531=FACE_BOUND('',#2565,.T.);
#532=FACE_BOUND('',#2568,.T.);
#533=FACE_BOUND('',#2574,.T.);
#534=FACE_BOUND('',#2579,.T.);
#535=FACE_BOUND('',#2587,.T.);
#536=FACE_BOUND('',#2609,.T.);
#537=FACE_BOUND('',#2610,.T.);
#538=FACE_BOUND('',#2611,.T.);
#539=FACE_BOUND('',#2612,.T.);
#540=FACE_BOUND('',#2613,.T.);
#541=FACE_BOUND('',#2620,.T.);
#542=FACE_BOUND('',#2629,.T.);
#543=FACE_BOUND('',#2638,.T.);
#544=FACE_BOUND('',#2641,.T.);
#545=FACE_BOUND('',#2643,.T.);
#546=FACE_BOUND('',#2652,.T.);
#547=FACE_BOUND('',#2655,.T.);
#548=FACE_BOUND('',#2656,.T.);
#549=TOROIDAL_SURFACE('',#11017,5.7,0.3);
#550=TOROIDAL_SURFACE('',#11019,4.518518518519,1.481481481481);
#551=TOROIDAL_SURFACE('',#11024,0.27,0.18);
#552=TOROIDAL_SURFACE('',#11465,0.5,0.25);
#553=TOROIDAL_SURFACE('',#11472,0.5,0.25);
#554=TOROIDAL_SURFACE('',#11491,0.6,0.4);
#555=TOROIDAL_SURFACE('',#11494,0.6,0.4);
#556=CYLINDRICAL_SURFACE('',#11010,1.);
#557=CYLINDRICAL_SURFACE('',#11014,6.);
#558=CYLINDRICAL_SURFACE('',#11022,0.45);
#559=CYLINDRICAL_SURFACE('',#11147,4.999999678834);
#560=CYLINDRICAL_SURFACE('',#11342,4.999999678834);
#561=CYLINDRICAL_SURFACE('',#11343,4.999999678834);
#562=CYLINDRICAL_SURFACE('',#11346,4.999999678834);
#563=CYLINDRICAL_SURFACE('',#11347,1.6);
#564=CYLINDRICAL_SURFACE('',#11348,0.4);
#565=CYLINDRICAL_SURFACE('',#11349,0.85);
#566=CYLINDRICAL_SURFACE('',#11350,0.75);
#567=CYLINDRICAL_SURFACE('',#11351,2.);
#568=CYLINDRICAL_SURFACE('',#11352,0.4);
#569=CYLINDRICAL_SURFACE('',#11353,0.4);
#570=CYLINDRICAL_SURFACE('',#11354,0.4);
#571=CYLINDRICAL_SURFACE('',#11355,0.85);
#572=CYLINDRICAL_SURFACE('',#11356,0.75);
#573=CYLINDRICAL_SURFACE('',#11357,0.4);
#574=CYLINDRICAL_SURFACE('',#11358,0.85);
#575=CYLINDRICAL_SURFACE('',#11359,0.75);
#576=CYLINDRICAL_SURFACE('',#11360,2.);
#577=CYLINDRICAL_SURFACE('',#11361,0.4);
#578=CYLINDRICAL_SURFACE('',#11362,0.85);
#579=CYLINDRICAL_SURFACE('',#11363,0.75);
#580=CYLINDRICAL_SURFACE('',#11364,2.);
#581=CYLINDRICAL_SURFACE('',#11365,0.4);
#582=CYLINDRICAL_SURFACE('',#11366,0.85);
#583=CYLINDRICAL_SURFACE('',#11367,0.85);
#584=CYLINDRICAL_SURFACE('',#11368,0.75);
#585=CYLINDRICAL_SURFACE('',#11369,2.);
#586=CYLINDRICAL_SURFACE('',#11370,0.75);
#587=CYLINDRICAL_SURFACE('',#11371,0.4);
#588=CYLINDRICAL_SURFACE('',#11372,0.4);
#589=CYLINDRICAL_SURFACE('',#11373,0.4);
#590=CYLINDRICAL_SURFACE('',#11374,0.4);
#591=CYLINDRICAL_SURFACE('',#11375,0.85);
#592=CYLINDRICAL_SURFACE('',#11376,0.75);
#593=CYLINDRICAL_SURFACE('',#11377,0.4);
#594=CYLINDRICAL_SURFACE('',#11378,0.85);
#595=CYLINDRICAL_SURFACE('',#11379,0.75);
#596=CYLINDRICAL_SURFACE('',#11380,2.);
#597=CYLINDRICAL_SURFACE('',#11381,0.4);
#598=CYLINDRICAL_SURFACE('',#11382,0.4);
#599=CYLINDRICAL_SURFACE('',#11383,1.6);
#600=CYLINDRICAL_SURFACE('',#11384,0.85);
#601=CYLINDRICAL_SURFACE('',#11385,0.75);
#602=CYLINDRICAL_SURFACE('',#11386,0.4);
#603=CYLINDRICAL_SURFACE('',#11387,0.85);
#604=CYLINDRICAL_SURFACE('',#11388,0.85);
#605=CYLINDRICAL_SURFACE('',#11389,0.75);
#606=CYLINDRICAL_SURFACE('',#11390,2.);
#607=CYLINDRICAL_SURFACE('',#11391,0.75);
#608=CYLINDRICAL_SURFACE('',#11392,0.4);
#609=CYLINDRICAL_SURFACE('',#11393,0.4);
#610=CYLINDRICAL_SURFACE('',#11394,0.85);
#611=CYLINDRICAL_SURFACE('',#11395,0.75);
#612=CYLINDRICAL_SURFACE('',#11396,0.4);
#613=CYLINDRICAL_SURFACE('',#11397,0.85);
#614=CYLINDRICAL_SURFACE('',#11398,2.);
#615=CYLINDRICAL_SURFACE('',#11399,0.75);
#616=CYLINDRICAL_SURFACE('',#11400,0.5);
#617=CYLINDRICAL_SURFACE('',#11401,0.85);
#618=CYLINDRICAL_SURFACE('',#11402,0.75);
#619=CYLINDRICAL_SURFACE('',#11403,0.85);
#620=CYLINDRICAL_SURFACE('',#11404,2.);
#621=CYLINDRICAL_SURFACE('',#11405,0.75);
#622=CYLINDRICAL_SURFACE('',#11406,0.5);
#623=CYLINDRICAL_SURFACE('',#11407,0.5);
#624=CYLINDRICAL_SURFACE('',#11408,0.5);
#625=CYLINDRICAL_SURFACE('',#11409,0.5);
#626=CYLINDRICAL_SURFACE('',#11410,0.5);
#627=CYLINDRICAL_SURFACE('',#11411,1.6);
#628=CYLINDRICAL_SURFACE('',#11412,0.5);
#629=CYLINDRICAL_SURFACE('',#11413,0.5);
#630=CYLINDRICAL_SURFACE('',#11414,0.5);
#631=CYLINDRICAL_SURFACE('',#11415,0.5);
#632=CYLINDRICAL_SURFACE('',#11416,0.85);
#633=CYLINDRICAL_SURFACE('',#11417,0.75);
#634=CYLINDRICAL_SURFACE('',#11418,0.85);
#635=CYLINDRICAL_SURFACE('',#11419,2.);
#636=CYLINDRICAL_SURFACE('',#11420,0.75);
#637=CYLINDRICAL_SURFACE('',#11421,0.4445);
#638=CYLINDRICAL_SURFACE('',#11422,0.85);
#639=CYLINDRICAL_SURFACE('',#11423,0.75);
#640=CYLINDRICAL_SURFACE('',#11424,0.4445);
#641=CYLINDRICAL_SURFACE('',#11425,0.4445);
#642=CYLINDRICAL_SURFACE('',#11426,0.4445);
#643=CYLINDRICAL_SURFACE('',#11427,0.4445);
#644=CYLINDRICAL_SURFACE('',#11428,0.4445);
#645=CYLINDRICAL_SURFACE('',#11429,0.4445);
#646=CYLINDRICAL_SURFACE('',#11430,0.4445);
#647=CYLINDRICAL_SURFACE('',#11431,0.4445);
#648=CYLINDRICAL_SURFACE('',#11432,0.4445);
#649=CYLINDRICAL_SURFACE('',#11433,0.4445);
#650=CYLINDRICAL_SURFACE('',#11434,0.4445);
#651=CYLINDRICAL_SURFACE('',#11435,0.4445);
#652=CYLINDRICAL_SURFACE('',#11436,0.4445);
#653=CYLINDRICAL_SURFACE('',#11437,1.6);
#654=CYLINDRICAL_SURFACE('',#11461,0.25);
#655=CYLINDRICAL_SURFACE('',#11469,0.25);
#656=CYLINDRICAL_SURFACE('',#11476,0.25);
#657=CYLINDRICAL_SURFACE('',#11480,1.01);
#658=CYLINDRICAL_SURFACE('',#11487,1.);
#659=CYLINDRICAL_SURFACE('',#11489,1.);
#660=CYLINDRICAL_SURFACE('',#11531,1.);
#661=CYLINDRICAL_SURFACE('',#11562,1.75);
#662=CYLINDRICAL_SURFACE('',#11576,0.9);
#663=CYLINDRICAL_SURFACE('',#11579,0.9);
#664=CYLINDRICAL_SURFACE('',#11582,0.9);
#665=CYLINDRICAL_SURFACE('',#11585,0.9);
#666=CYLINDRICAL_SURFACE('',#11588,1.35);
#667=CYLINDRICAL_SURFACE('',#11594,1.35);
#668=CYLINDRICAL_SURFACE('',#11636,0.5);
#669=CYLINDRICAL_SURFACE('',#11638,0.5);
#670=CYLINDRICAL_SURFACE('',#11647,1.9);
#671=CYLINDRICAL_SURFACE('',#11750,1.25);
#672=CYLINDRICAL_SURFACE('',#11758,1.25);
#673=CYLINDRICAL_SURFACE('',#11766,1.25);
#674=CYLINDRICAL_SURFACE('',#11776,1.25);
#675=CYLINDRICAL_SURFACE('',#11783,1.75000000000001);
#676=CYLINDRICAL_SURFACE('',#11787,1.75);
#677=CYLINDRICAL_SURFACE('',#11805,2.5);
#678=CYLINDRICAL_SURFACE('',#11807,2.5);
#679=CYLINDRICAL_SURFACE('',#11809,2.5);
#680=CYLINDRICAL_SURFACE('',#11811,2.5);
#681=CYLINDRICAL_SURFACE('',#11813,2.5);
#682=CYLINDRICAL_SURFACE('',#11817,5.);
#683=CYLINDRICAL_SURFACE('',#11819,5.);
#684=CYLINDRICAL_SURFACE('',#11821,5.);
#685=CYLINDRICAL_SURFACE('',#11829,2.5);
#686=CYLINDRICAL_SURFACE('',#11833,5.);
#687=CYLINDRICAL_SURFACE('',#11834,5.);
#688=CYLINDRICAL_SURFACE('',#11836,5.);
#689=CYLINDRICAL_SURFACE('',#11838,2.5);
#690=CYLINDRICAL_SURFACE('',#11842,5.);
#691=CYLINDRICAL_SURFACE('',#11844,5.);
#692=CYLINDRICAL_SURFACE('',#11846,2.5);
#693=CYLINDRICAL_SURFACE('',#11850,5.);
#694=CYLINDRICAL_SURFACE('',#11852,5.);
#695=CYLINDRICAL_SURFACE('',#11854,0.875000000000004);
#696=CYLINDRICAL_SURFACE('',#11855,0.874999999999995);
#697=CYLINDRICAL_SURFACE('',#11856,0.875000000000004);
#698=CYLINDRICAL_SURFACE('',#11857,0.874999999999999);
#699=CYLINDRICAL_SURFACE('',#11866,5.00000007450581);
#700=CYLINDRICAL_SURFACE('',#11868,9.00000013411045);
#701=CYLINDRICAL_SURFACE('',#11871,5.00000007450581);
#702=CYLINDRICAL_SURFACE('',#11874,9.00000013411045);
#703=CYLINDRICAL_SURFACE('',#11879,0.874999999999995);
#704=CYLINDRICAL_SURFACE('',#11883,0.874999999999999);
#705=CYLINDRICAL_SURFACE('',#11887,0.875000000000004);
#706=CYLINDRICAL_SURFACE('',#11891,0.874999999999999);
#707=CYLINDRICAL_SURFACE('',#11897,5.);
#708=CYLINDRICAL_SURFACE('',#11900,5.);
#709=CYLINDRICAL_SURFACE('',#11902,5.);
#710=CYLINDRICAL_SURFACE('',#11904,1.75000000000001);
#711=CYLINDRICAL_SURFACE('',#11914,8.00000000000001);
#712=CYLINDRICAL_SURFACE('',#11917,1.75);
#713=CYLINDRICAL_SURFACE('',#11944,15.);
#714=CIRCLE('',#11009,1.);
#715=CIRCLE('',#11011,1.);
#716=CIRCLE('',#11013,4.518518518519);
#717=CIRCLE('',#11015,6.);
#718=CIRCLE('',#11016,6.);
#719=CIRCLE('',#11018,5.7);
#720=CIRCLE('',#11021,0.45);
#721=CIRCLE('',#11023,0.45);
#722=CIRCLE('',#11025,0.27);
#723=CIRCLE('',#11026,0.18);
#724=CIRCLE('',#11148,4.999999678834);
#725=CIRCLE('',#11149,4.999999678834);
#726=CIRCLE('',#11153,4.999999678834);
#727=CIRCLE('',#11154,4.999999678834);
#728=CIRCLE('',#11155,4.999999678834);
#729=CIRCLE('',#11156,1.6);
#730=CIRCLE('',#11157,0.4);
#731=CIRCLE('',#11158,0.85);
#732=CIRCLE('',#11159,0.75);
#733=CIRCLE('',#11160,2.);
#734=CIRCLE('',#11161,0.4);
#735=CIRCLE('',#11162,0.4);
#736=CIRCLE('',#11163,0.4);
#737=CIRCLE('',#11164,0.85);
#738=CIRCLE('',#11165,0.75);
#739=CIRCLE('',#11166,0.4);
#740=CIRCLE('',#11167,0.85);
#741=CIRCLE('',#11168,0.75);
#742=CIRCLE('',#11169,2.);
#743=CIRCLE('',#11170,0.4);
#744=CIRCLE('',#11171,0.85);
#745=CIRCLE('',#11172,0.75);
#746=CIRCLE('',#11173,2.);
#747=CIRCLE('',#11174,0.4);
#748=CIRCLE('',#11175,0.85);
#749=CIRCLE('',#11176,0.85);
#750=CIRCLE('',#11177,0.75);
#751=CIRCLE('',#11178,2.);
#752=CIRCLE('',#11179,0.75);
#753=CIRCLE('',#11180,0.4);
#754=CIRCLE('',#11181,0.4);
#755=CIRCLE('',#11182,0.4);
#756=CIRCLE('',#11183,0.4);
#757=CIRCLE('',#11184,0.85);
#758=CIRCLE('',#11185,0.75);
#759=CIRCLE('',#11186,0.4);
#760=CIRCLE('',#11187,0.85);
#761=CIRCLE('',#11188,0.75);
#762=CIRCLE('',#11189,2.);
#763=CIRCLE('',#11190,0.4);
#764=CIRCLE('',#11191,0.4);
#765=CIRCLE('',#11192,1.6);
#766=CIRCLE('',#11193,0.85);
#767=CIRCLE('',#11194,0.75);
#768=CIRCLE('',#11195,0.4);
#769=CIRCLE('',#11196,0.85);
#770=CIRCLE('',#11197,0.85);
#771=CIRCLE('',#11198,0.75);
#772=CIRCLE('',#11199,2.);
#773=CIRCLE('',#11200,0.75);
#774=CIRCLE('',#11201,0.4);
#775=CIRCLE('',#11202,0.4);
#776=CIRCLE('',#11203,0.85);
#777=CIRCLE('',#11204,0.75);
#778=CIRCLE('',#11205,0.4);
#779=CIRCLE('',#11206,0.85);
#780=CIRCLE('',#11207,2.);
#781=CIRCLE('',#11208,0.75);
#782=CIRCLE('',#11209,0.5);
#783=CIRCLE('',#11210,0.85);
#784=CIRCLE('',#11211,0.75);
#785=CIRCLE('',#11212,0.85);
#786=CIRCLE('',#11213,2.);
#787=CIRCLE('',#11214,0.75);
#788=CIRCLE('',#11215,0.5);
#789=CIRCLE('',#11216,0.5);
#790=CIRCLE('',#11217,0.5);
#791=CIRCLE('',#11218,0.5);
#792=CIRCLE('',#11219,0.5);
#793=CIRCLE('',#11220,1.6);
#794=CIRCLE('',#11221,0.5);
#795=CIRCLE('',#11222,0.5);
#796=CIRCLE('',#11223,0.5);
#797=CIRCLE('',#11224,0.5);
#798=CIRCLE('',#11225,0.85);
#799=CIRCLE('',#11226,0.75);
#800=CIRCLE('',#11227,0.85);
#801=CIRCLE('',#11228,2.);
#802=CIRCLE('',#11229,0.75);
#803=CIRCLE('',#11230,0.4445);
#804=CIRCLE('',#11231,0.85);
#805=CIRCLE('',#11232,0.75);
#806=CIRCLE('',#11233,0.4445);
#807=CIRCLE('',#11234,0.4445);
#808=CIRCLE('',#11235,0.4445);
#809=CIRCLE('',#11236,0.4445);
#810=CIRCLE('',#11237,0.4445);
#811=CIRCLE('',#11238,0.4445);
#812=CIRCLE('',#11239,0.4445);
#813=CIRCLE('',#11240,0.4445);
#814=CIRCLE('',#11241,0.4445);
#815=CIRCLE('',#11242,0.4445);
#816=CIRCLE('',#11243,0.4445);
#817=CIRCLE('',#11244,0.4445);
#818=CIRCLE('',#11245,0.4445);
#819=CIRCLE('',#11246,1.6);
#820=CIRCLE('',#11248,4.999999678834);
#821=CIRCLE('',#11249,4.999999678834);
#822=CIRCLE('',#11250,4.999999678834);
#823=CIRCLE('',#11251,1.6);
#824=CIRCLE('',#11252,0.4);
#825=CIRCLE('',#11253,0.85);
#826=CIRCLE('',#11254,0.75);
#827=CIRCLE('',#11255,2.);
#828=CIRCLE('',#11256,0.4);
#829=CIRCLE('',#11257,0.4);
#830=CIRCLE('',#11258,0.4);
#831=CIRCLE('',#11259,0.85);
#832=CIRCLE('',#11260,0.75);
#833=CIRCLE('',#11261,0.4);
#834=CIRCLE('',#11262,0.85);
#835=CIRCLE('',#11263,0.75);
#836=CIRCLE('',#11264,2.);
#837=CIRCLE('',#11265,0.4);
#838=CIRCLE('',#11266,0.85);
#839=CIRCLE('',#11267,0.75);
#840=CIRCLE('',#11268,2.);
#841=CIRCLE('',#11269,0.4);
#842=CIRCLE('',#11270,0.85);
#843=CIRCLE('',#11271,0.85);
#844=CIRCLE('',#11272,0.75);
#845=CIRCLE('',#11273,2.);
#846=CIRCLE('',#11274,0.75);
#847=CIRCLE('',#11275,0.4);
#848=CIRCLE('',#11276,0.4);
#849=CIRCLE('',#11277,0.4);
#850=CIRCLE('',#11278,0.4);
#851=CIRCLE('',#11279,0.85);
#852=CIRCLE('',#11280,0.75);
#853=CIRCLE('',#11281,0.4);
#854=CIRCLE('',#11282,0.85);
#855=CIRCLE('',#11283,0.75);
#856=CIRCLE('',#11284,2.);
#857=CIRCLE('',#11285,0.4);
#858=CIRCLE('',#11286,0.4);
#859=CIRCLE('',#11287,1.6);
#860=CIRCLE('',#11288,0.85);
#861=CIRCLE('',#11289,0.75);
#862=CIRCLE('',#11290,0.4);
#863=CIRCLE('',#11291,0.85);
#864=CIRCLE('',#11292,0.85);
#865=CIRCLE('',#11293,0.75);
#866=CIRCLE('',#11294,2.);
#867=CIRCLE('',#11295,0.75);
#868=CIRCLE('',#11296,0.4);
#869=CIRCLE('',#11297,0.4);
#870=CIRCLE('',#11298,0.85);
#871=CIRCLE('',#11299,0.75);
#872=CIRCLE('',#11300,0.4);
#873=CIRCLE('',#11301,0.85);
#874=CIRCLE('',#11302,2.);
#875=CIRCLE('',#11303,0.75);
#876=CIRCLE('',#11304,0.5);
#877=CIRCLE('',#11305,0.85);
#878=CIRCLE('',#11306,0.75);
#879=CIRCLE('',#11307,0.85);
#880=CIRCLE('',#11308,2.);
#881=CIRCLE('',#11309,0.75);
#882=CIRCLE('',#11310,0.5);
#883=CIRCLE('',#11311,0.5);
#884=CIRCLE('',#11312,0.5);
#885=CIRCLE('',#11313,0.5);
#886=CIRCLE('',#11314,0.5);
#887=CIRCLE('',#11315,1.6);
#888=CIRCLE('',#11316,0.5);
#889=CIRCLE('',#11317,0.5);
#890=CIRCLE('',#11318,0.5);
#891=CIRCLE('',#11319,0.5);
#892=CIRCLE('',#11320,0.85);
#893=CIRCLE('',#11321,0.75);
#894=CIRCLE('',#11322,0.85);
#895=CIRCLE('',#11323,2.);
#896=CIRCLE('',#11324,0.75);
#897=CIRCLE('',#11325,0.4445);
#898=CIRCLE('',#11326,0.85);
#899=CIRCLE('',#11327,0.75);
#900=CIRCLE('',#11328,0.4445);
#901=CIRCLE('',#11329,0.4445);
#902=CIRCLE('',#11330,0.4445);
#903=CIRCLE('',#11331,0.4445);
#904=CIRCLE('',#11332,0.4445);
#905=CIRCLE('',#11333,0.4445);
#906=CIRCLE('',#11334,0.4445);
#907=CIRCLE('',#11335,0.4445);
#908=CIRCLE('',#11336,0.4445);
#909=CIRCLE('',#11337,0.4445);
#910=CIRCLE('',#11338,0.4445);
#911=CIRCLE('',#11339,0.4445);
#912=CIRCLE('',#11340,0.4445);
#913=CIRCLE('',#11341,1.6);
#914=CIRCLE('',#11462,0.25);
#915=CIRCLE('',#11463,0.25);
#916=CIRCLE('',#11464,0.25);
#917=CIRCLE('',#11466,0.25);
#918=CIRCLE('',#11467,0.25);
#919=CIRCLE('',#11468,0.25);
#920=CIRCLE('',#11470,0.25);
#921=CIRCLE('',#11471,0.25);
#922=CIRCLE('',#11473,0.25);
#923=CIRCLE('',#11474,0.25);
#924=CIRCLE('',#11475,0.25);
#925=CIRCLE('',#11477,0.25);
#926=CIRCLE('',#11481,1.01);
#927=CIRCLE('',#11482,1.01);
#928=CIRCLE('',#11484,1.);
#929=CIRCLE('',#11486,1.);
#930=CIRCLE('',#11488,1.);
#931=CIRCLE('',#11490,1.);
#932=CIRCLE('',#11492,0.6);
#933=CIRCLE('',#11493,0.4);
#934=CIRCLE('',#11495,0.4);
#935=CIRCLE('',#11496,0.6);
#936=CIRCLE('',#11528,1.75);
#937=CIRCLE('',#11532,1.);
#938=CIRCLE('',#11533,1.);
#939=CIRCLE('',#11548,0.9);
#940=CIRCLE('',#11552,0.9);
#941=CIRCLE('',#11553,0.9);
#942=CIRCLE('',#11554,0.9);
#943=CIRCLE('',#11555,0.9);
#944=CIRCLE('',#11563,1.75);
#945=CIRCLE('',#11570,0.9);
#946=CIRCLE('',#11572,0.9);
#947=CIRCLE('',#11574,0.9);
#948=CIRCLE('',#11589,1.35);
#949=CIRCLE('',#11590,1.35);
#950=CIRCLE('',#11595,1.35);
#951=CIRCLE('',#11596,1.35);
#952=CIRCLE('',#11624,1.9);
#953=CIRCLE('',#11625,0.5);
#954=CIRCLE('',#11626,0.5);
#955=CIRCLE('',#11637,0.5);
#956=CIRCLE('',#11639,0.5);
#957=CIRCLE('',#11645,1.9);
#958=CIRCLE('',#11646,1.4);
#959=CIRCLE('',#11751,1.25);
#960=CIRCLE('',#11752,1.25);
#961=CIRCLE('',#11759,1.25);
#962=CIRCLE('',#11760,1.25);
#963=CIRCLE('',#11767,1.25);
#964=CIRCLE('',#11768,1.25);
#965=CIRCLE('',#11777,1.25);
#966=CIRCLE('',#11778,1.25);
#967=CIRCLE('',#11784,1.75000000000001);
#968=CIRCLE('',#11785,1.75000000000001);
#969=CIRCLE('',#11788,1.75);
#970=CIRCLE('',#11789,1.75);
#971=CIRCLE('',#11806,2.5);
#972=CIRCLE('',#11808,2.5);
#973=CIRCLE('',#11810,2.5);
#974=CIRCLE('',#11812,2.5);
#975=CIRCLE('',#11814,2.5);
#976=CIRCLE('',#11816,0.874999999999995);
#977=CIRCLE('',#11818,5.);
#978=CIRCLE('',#11820,5.);
#979=CIRCLE('',#11822,5.00000000000001);
#980=CIRCLE('',#11823,5.);
#981=CIRCLE('',#11825,0.875000000000004);
#982=CIRCLE('',#11826,0.875000000000004);
#983=CIRCLE('',#11827,0.874999999999999);
#984=CIRCLE('',#11828,0.874999999999995);
#985=CIRCLE('',#11830,2.5);
#986=CIRCLE('',#11832,0.874999999999999);
#987=CIRCLE('',#11835,5.);
#988=CIRCLE('',#11837,5.);
#989=CIRCLE('',#11839,2.5);
#990=CIRCLE('',#11841,0.875000000000004);
#991=CIRCLE('',#11843,5.);
#992=CIRCLE('',#11845,5.);
#993=CIRCLE('',#11847,2.5);
#994=CIRCLE('',#11849,0.875000000000004);
#995=CIRCLE('',#11851,5.);
#996=CIRCLE('',#11853,5.);
#997=CIRCLE('',#11861,9.00000013411045);
#998=CIRCLE('',#11862,5.00000007450581);
#999=CIRCLE('',#11864,5.00000007450581);
#1000=CIRCLE('',#11865,9.00000013411045);
#1001=CIRCLE('',#11867,5.00000007450581);
#1002=CIRCLE('',#11869,9.00000013411045);
#1003=CIRCLE('',#11872,5.00000007450581);
#1004=CIRCLE('',#11875,9.00000013411045);
#1005=CIRCLE('',#11880,0.874999999999995);
#1006=CIRCLE('',#11881,0.874999999999995);
#1007=CIRCLE('',#11884,0.874999999999999);
#1008=CIRCLE('',#11885,0.874999999999999);
#1009=CIRCLE('',#11888,0.875000000000004);
#1010=CIRCLE('',#11889,0.875000000000004);
#1011=CIRCLE('',#11892,0.874999999999999);
#1012=CIRCLE('',#11893,0.874999999999999);
#1013=CIRCLE('',#11899,5.);
#1014=CIRCLE('',#11903,5.);
#1015=CIRCLE('',#11905,1.75000000000001);
#1016=CIRCLE('',#11906,1.75000000000001);
#1017=CIRCLE('',#11907,1.75000000000001);
#1018=CIRCLE('',#11909,1.75);
#1019=CIRCLE('',#11910,1.75);
#1020=CIRCLE('',#11913,15.);
#1021=CIRCLE('',#11915,8.00000000000001);
#1022=CIRCLE('',#11916,8.00000000000001);
#1023=CIRCLE('',#11918,1.75);
#1024=CIRCLE('',#11945,15.);
#1025=STYLED_ITEM('',(#18573),#10371);
#1026=STYLED_ITEM('',(#18574),#10372);
#1027=STYLED_ITEM('',(#18574),#10373);
#1028=STYLED_ITEM('',(#18574),#10374);
#1029=STYLED_ITEM('',(#18574),#10375);
#1030=STYLED_ITEM('',(#18574),#10376);
#1031=STYLED_ITEM('',(#18574),#10377);
#1032=STYLED_ITEM('',(#18575),#10378);
#1033=STYLED_ITEM('',(#18575),#10379);
#1034=STYLED_ITEM('',(#18575),#10380);
#1035=STYLED_ITEM('',(#18572),#306);
#1036=STYLED_ITEM('',(#18574),#10382);
#1037=STYLED_ITEM('',(#18574),#10383);
#1038=STYLED_ITEM('',(#18574),#10384);
#1039=STYLED_ITEM('',(#18574),#10385);
#1040=STYLED_ITEM('',(#18574),#10386);
#1041=STYLED_ITEM('',(#18574),#10387);
#1042=STYLED_ITEM('',(#18574),#10388);
#1043=STYLED_ITEM('',(#18574),#10389);
#1044=STYLED_ITEM('',(#18574),#10390);
#1045=STYLED_ITEM('',(#18574),#10391);
#1046=STYLED_ITEM('',(#18574),#10392);
#1047=STYLED_ITEM('',(#18574),#10393);
#1048=STYLED_ITEM('',(#18574),#10394);
#1049=STYLED_ITEM('',(#18574),#10395);
#1050=STYLED_ITEM('',(#18574),#10396);
#1051=STYLED_ITEM('',(#18574),#10397);
#1052=STYLED_ITEM('',(#18574),#10398);
#1053=STYLED_ITEM('',(#18574),#10399);
#1054=STYLED_ITEM('',(#18574),#10400);
#1055=STYLED_ITEM('',(#18574),#10401);
#1056=STYLED_ITEM('',(#18574),#10402);
#1057=STYLED_ITEM('',(#18574),#10403);
#1058=STYLED_ITEM('',(#18574),#10404);
#1059=STYLED_ITEM('',(#18574),#10405);
#1060=STYLED_ITEM('',(#18574),#10406);
#1061=STYLED_ITEM('',(#18576),#10407);
#1062=STYLED_ITEM('',(#18576),#10408);
#1063=STYLED_ITEM('',(#18576),#10409);
#1064=STYLED_ITEM('',(#18576),#10410);
#1065=STYLED_ITEM('',(#18576),#10411);
#1066=STYLED_ITEM('',(#18576),#10412);
#1067=STYLED_ITEM('',(#18576),#10413);
#1068=STYLED_ITEM('',(#18576),#10414);
#1069=STYLED_ITEM('',(#18576),#10415);
#1070=STYLED_ITEM('',(#18576),#10416);
#1071=STYLED_ITEM('',(#18576),#10417);
#1072=STYLED_ITEM('',(#18576),#10418);
#1073=STYLED_ITEM('',(#18576),#10419);
#1074=STYLED_ITEM('',(#18576),#10420);
#1075=STYLED_ITEM('',(#18576),#10421);
#1076=STYLED_ITEM('',(#18576),#10422);
#1077=STYLED_ITEM('',(#18574),#10423);
#1078=STYLED_ITEM('',(#18574),#10424);
#1079=STYLED_ITEM('',(#18574),#10425);
#1080=STYLED_ITEM('',(#18574),#10426);
#1081=STYLED_ITEM('',(#18574),#10427);
#1082=STYLED_ITEM('',(#18574),#10428);
#1083=STYLED_ITEM('',(#18574),#10429);
#1084=STYLED_ITEM('',(#18574),#10430);
#1085=STYLED_ITEM('',(#18574),#10431);
#1086=STYLED_ITEM('',(#18574),#10432);
#1087=STYLED_ITEM('',(#18574),#10433);
#1088=STYLED_ITEM('',(#18574),#10434);
#1089=STYLED_ITEM('',(#18574),#10435);
#1090=STYLED_ITEM('',(#18574),#10436);
#1091=STYLED_ITEM('',(#18574),#10437);
#1092=STYLED_ITEM('',(#18574),#10438);
#1093=STYLED_ITEM('',(#18576),#10439);
#1094=STYLED_ITEM('',(#18576),#10440);
#1095=STYLED_ITEM('',(#18576),#10441);
#1096=STYLED_ITEM('',(#18576),#10442);
#1097=STYLED_ITEM('',(#18576),#10443);
#1098=STYLED_ITEM('',(#18576),#10444);
#1099=STYLED_ITEM('',(#18576),#10445);
#1100=STYLED_ITEM('',(#18576),#10446);
#1101=STYLED_ITEM('',(#18576),#10447);
#1102=STYLED_ITEM('',(#18576),#10448);
#1103=STYLED_ITEM('',(#18576),#10449);
#1104=STYLED_ITEM('',(#18576),#10450);
#1105=STYLED_ITEM('',(#18576),#10451);
#1106=STYLED_ITEM('',(#18576),#10452);
#1107=STYLED_ITEM('',(#18576),#10453);
#1108=STYLED_ITEM('',(#18576),#10454);
#1109=STYLED_ITEM('',(#18576),#10455);
#1110=STYLED_ITEM('',(#18576),#10456);
#1111=STYLED_ITEM('',(#18576),#10457);
#1112=STYLED_ITEM('',(#18576),#10458);
#1113=STYLED_ITEM('',(#18574),#10459);
#1114=STYLED_ITEM('',(#18574),#10460);
#1115=STYLED_ITEM('',(#18576),#10461);
#1116=STYLED_ITEM('',(#18576),#10462);
#1117=STYLED_ITEM('',(#18576),#10463);
#1118=STYLED_ITEM('',(#18576),#10464);
#1119=STYLED_ITEM('',(#18574),#10465);
#1120=STYLED_ITEM('',(#18574),#10466);
#1121=STYLED_ITEM('',(#18576),#10467);
#1122=STYLED_ITEM('',(#18576),#10468);
#1123=STYLED_ITEM('',(#18576),#10469);
#1124=STYLED_ITEM('',(#18576),#10470);
#1125=STYLED_ITEM('',(#18574),#10471);
#1126=STYLED_ITEM('',(#18574),#10472);
#1127=STYLED_ITEM('',(#18576),#10473);
#1128=STYLED_ITEM('',(#18576),#10474);
#1129=STYLED_ITEM('',(#18576),#10475);
#1130=STYLED_ITEM('',(#18576),#10476);
#1131=STYLED_ITEM('',(#18574),#10477);
#1132=STYLED_ITEM('',(#18574),#10478);
#1133=STYLED_ITEM('',(#18576),#10479);
#1134=STYLED_ITEM('',(#18576),#10480);
#1135=STYLED_ITEM('',(#18576),#10481);
#1136=STYLED_ITEM('',(#18576),#10482);
#1137=STYLED_ITEM('',(#18576),#10483);
#1138=STYLED_ITEM('',(#18576),#10484);
#1139=STYLED_ITEM('',(#18576),#10485);
#1140=STYLED_ITEM('',(#18576),#10486);
#1141=STYLED_ITEM('',(#18576),#10487);
#1142=STYLED_ITEM('',(#18576),#10488);
#1143=STYLED_ITEM('',(#18576),#10489);
#1144=STYLED_ITEM('',(#18576),#10490);
#1145=STYLED_ITEM('',(#18576),#10491);
#1146=STYLED_ITEM('',(#18576),#10492);
#1147=STYLED_ITEM('',(#18576),#10493);
#1148=STYLED_ITEM('',(#18576),#10494);
#1149=STYLED_ITEM('',(#18572),#307);
#1150=STYLED_ITEM('',(#18577),#308);
#1151=STYLED_ITEM('',(#18575),#10596);
#1152=STYLED_ITEM('',(#18575),#10597);
#1153=STYLED_ITEM('',(#18575),#10598);
#1154=STYLED_ITEM('',(#18575),#10599);
#1155=STYLED_ITEM('',(#18575),#10600);
#1156=STYLED_ITEM('',(#18575),#10601);
#1157=STYLED_ITEM('',(#18575),#10602);
#1158=STYLED_ITEM('',(#18572),#309);
#1159=STYLED_ITEM('',(#18578),#10603);
#1160=STYLED_ITEM('',(#18578),#10604);
#1161=STYLED_ITEM('',(#18578),#10605);
#1162=STYLED_ITEM('',(#18579),#10606);
#1163=STYLED_ITEM('',(#18579),#10607);
#1164=STYLED_ITEM('',(#18579),#10608);
#1165=STYLED_ITEM('',(#18579),#10609);
#1166=STYLED_ITEM('',(#18579),#10610);
#1167=STYLED_ITEM('',(#18579),#10611);
#1168=STYLED_ITEM('',(#18572),#310);
#1169=STYLED_ITEM('',(#18581),#10616);
#1170=STYLED_ITEM('',(#18581),#10617);
#1171=STYLED_ITEM('',(#18581),#10618);
#1172=STYLED_ITEM('',(#18581),#10619);
#1173=STYLED_ITEM('',(#18581),#10620);
#1174=STYLED_ITEM('',(#18581),#10621);
#1175=STYLED_ITEM('',(#18581),#10622);
#1176=STYLED_ITEM('',(#18581),#10623);
#1177=STYLED_ITEM('',(#18582),#10624);
#1178=STYLED_ITEM('',(#18582),#10625);
#1179=STYLED_ITEM('',(#18582),#10626);
#1180=STYLED_ITEM('',(#18582),#10627);
#1181=STYLED_ITEM('',(#18582),#10628);
#1182=STYLED_ITEM('',(#18582),#10629);
#1183=STYLED_ITEM('',(#18582),#10630);
#1184=STYLED_ITEM('',(#18582),#10631);
#1185=STYLED_ITEM('',(#18582),#10632);
#1186=STYLED_ITEM('',(#18582),#10633);
#1187=STYLED_ITEM('',(#18582),#10634);
#1188=STYLED_ITEM('',(#18582),#10635);
#1189=STYLED_ITEM('',(#18582),#10636);
#1190=STYLED_ITEM('',(#18582),#10637);
#1191=STYLED_ITEM('',(#18582),#10638);
#1192=STYLED_ITEM('',(#18582),#10639);
#1193=STYLED_ITEM('',(#18582),#10640);
#1194=STYLED_ITEM('',(#18582),#10641);
#1195=STYLED_ITEM('',(#18581),#10642);
#1196=STYLED_ITEM('',(#18582),#10643);
#1197=STYLED_ITEM('',(#18582),#10644);
#1198=STYLED_ITEM('',(#18582),#10645);
#1199=STYLED_ITEM('',(#18582),#10646);
#1200=STYLED_ITEM('',(#18582),#10647);
#1201=STYLED_ITEM('',(#18582),#10648);
#1202=STYLED_ITEM('',(#18582),#10649);
#1203=STYLED_ITEM('',(#18582),#10650);
#1204=STYLED_ITEM('',(#18582),#10651);
#1205=STYLED_ITEM('',(#18582),#10652);
#1206=STYLED_ITEM('',(#18582),#10653);
#1207=STYLED_ITEM('',(#18582),#10654);
#1208=STYLED_ITEM('',(#18582),#10655);
#1209=STYLED_ITEM('',(#18582),#10656);
#1210=STYLED_ITEM('',(#18582),#10657);
#1211=STYLED_ITEM('',(#18582),#10658);
#1212=STYLED_ITEM('',(#18582),#10659);
#1213=STYLED_ITEM('',(#18582),#10660);
#1214=STYLED_ITEM('',(#18582),#10661);
#1215=STYLED_ITEM('',(#18582),#10662);
#1216=STYLED_ITEM('',(#18582),#10663);
#1217=STYLED_ITEM('',(#18582),#10664);
#1218=STYLED_ITEM('',(#18582),#10665);
#1219=STYLED_ITEM('',(#18582),#10666);
#1220=STYLED_ITEM('',(#18582),#10667);
#1221=STYLED_ITEM('',(#18582),#10668);
#1222=STYLED_ITEM('',(#18581),#10669);
#1223=STYLED_ITEM('',(#18581),#10670);
#1224=STYLED_ITEM('',(#18581),#10671);
#1225=STYLED_ITEM('',(#18581),#10672);
#1226=STYLED_ITEM('',(#18581),#10673);
#1227=STYLED_ITEM('',(#18581),#10674);
#1228=STYLED_ITEM('',(#18581),#10675);
#1229=STYLED_ITEM('',(#18581),#10676);
#1230=STYLED_ITEM('',(#18581),#10677);
#1231=STYLED_ITEM('',(#18581),#10678);
#1232=STYLED_ITEM('',(#18581),#10679);
#1233=STYLED_ITEM('',(#18581),#10680);
#1234=STYLED_ITEM('',(#18581),#10681);
#1235=STYLED_ITEM('',(#18581),#10682);
#1236=STYLED_ITEM('',(#18581),#10683);
#1237=STYLED_ITEM('',(#18581),#10684);
#1238=STYLED_ITEM('',(#18581),#10685);
#1239=STYLED_ITEM('',(#18581),#10686);
#1240=STYLED_ITEM('',(#18581),#10687);
#1241=STYLED_ITEM('',(#18581),#10688);
#1242=STYLED_ITEM('',(#18581),#10689);
#1243=STYLED_ITEM('',(#18581),#10690);
#1244=STYLED_ITEM('',(#18581),#10691);
#1245=STYLED_ITEM('',(#18581),#10692);
#1246=STYLED_ITEM('',(#18581),#10693);
#1247=STYLED_ITEM('',(#18581),#10694);
#1248=STYLED_ITEM('',(#18581),#10695);
#1249=STYLED_ITEM('',(#18581),#10696);
#1250=STYLED_ITEM('',(#18581),#10697);
#1251=STYLED_ITEM('',(#18581),#10698);
#1252=STYLED_ITEM('',(#18581),#10699);
#1253=STYLED_ITEM('',(#18581),#10700);
#1254=STYLED_ITEM('',(#18581),#10701);
#1255=STYLED_ITEM('',(#18581),#10702);
#1256=STYLED_ITEM('',(#18581),#10703);
#1257=STYLED_ITEM('',(#18581),#10704);
#1258=STYLED_ITEM('',(#18581),#10705);
#1259=STYLED_ITEM('',(#18581),#10706);
#1260=STYLED_ITEM('',(#18581),#10707);
#1261=STYLED_ITEM('',(#18581),#10708);
#1262=STYLED_ITEM('',(#18581),#10709);
#1263=STYLED_ITEM('',(#18581),#10710);
#1264=STYLED_ITEM('',(#18581),#10711);
#1265=STYLED_ITEM('',(#18581),#10712);
#1266=STYLED_ITEM('',(#18581),#10713);
#1267=STYLED_ITEM('',(#18581),#10714);
#1268=STYLED_ITEM('',(#18581),#10715);
#1269=STYLED_ITEM('',(#18581),#10716);
#1270=STYLED_ITEM('',(#18581),#10717);
#1271=STYLED_ITEM('',(#18581),#10718);
#1272=STYLED_ITEM('',(#18581),#10719);
#1273=STYLED_ITEM('',(#18581),#10720);
#1274=STYLED_ITEM('',(#18580),#311);
#1275=STYLED_ITEM('',(#18583),#10721);
#1276=STYLED_ITEM('',(#18583),#10722);
#1277=STYLED_ITEM('',(#18583),#10723);
#1278=STYLED_ITEM('',(#18583),#10724);
#1279=STYLED_ITEM('',(#18583),#10725);
#1280=STYLED_ITEM('',(#18583),#10726);
#1281=STYLED_ITEM('',(#18583),#10727);
#1282=STYLED_ITEM('',(#18583),#10728);
#1283=STYLED_ITEM('',(#18583),#10729);
#1284=STYLED_ITEM('',(#18583),#10730);
#1285=STYLED_ITEM('',(#18583),#10731);
#1286=STYLED_ITEM('',(#18583),#10732);
#1287=STYLED_ITEM('',(#18583),#10733);
#1288=STYLED_ITEM('',(#18583),#10734);
#1289=STYLED_ITEM('',(#18583),#10735);
#1290=STYLED_ITEM('',(#18583),#10736);
#1291=STYLED_ITEM('',(#18583),#10737);
#1292=STYLED_ITEM('',(#18583),#10738);
#1293=STYLED_ITEM('',(#18583),#10739);
#1294=STYLED_ITEM('',(#18583),#10740);
#1295=STYLED_ITEM('',(#18583),#10741);
#1296=STYLED_ITEM('',(#18583),#10742);
#1297=STYLED_ITEM('',(#18583),#10743);
#1298=STYLED_ITEM('',(#18583),#10744);
#1299=STYLED_ITEM('',(#18583),#10745);
#1300=STYLED_ITEM('',(#18583),#10746);
#1301=STYLED_ITEM('',(#18583),#10747);
#1302=STYLED_ITEM('',(#18583),#10748);
#1303=STYLED_ITEM('',(#18583),#10749);
#1304=STYLED_ITEM('',(#18583),#10750);
#1305=STYLED_ITEM('',(#18583),#10751);
#1306=STYLED_ITEM('',(#18583),#10752);
#1307=STYLED_ITEM('',(#18583),#10753);
#1308=STYLED_ITEM('',(#18583),#10754);
#1309=STYLED_ITEM('',(#18583),#10755);
#1310=STYLED_ITEM('',(#18583),#10756);
#1311=STYLED_ITEM('',(#18583),#10757);
#1312=STYLED_ITEM('',(#18583),#10758);
#1313=STYLED_ITEM('',(#18583),#10759);
#1314=STYLED_ITEM('',(#18583),#10760);
#1315=STYLED_ITEM('',(#18583),#10761);
#1316=STYLED_ITEM('',(#18583),#10762);
#1317=STYLED_ITEM('',(#18583),#10763);
#1318=STYLED_ITEM('',(#18583),#10764);
#1319=STYLED_ITEM('',(#18583),#10765);
#1320=STYLED_ITEM('',(#18580),#312);
#1321=STYLED_ITEM('',(#18584),#10766);
#1322=STYLED_ITEM('',(#18584),#10767);
#1323=STYLED_ITEM('',(#18584),#10768);
#1324=STYLED_ITEM('',(#18584),#10769);
#1325=STYLED_ITEM('',(#18584),#10770);
#1326=STYLED_ITEM('',(#18584),#10771);
#1327=STYLED_ITEM('',(#18584),#10772);
#1328=STYLED_ITEM('',(#18584),#10773);
#1329=STYLED_ITEM('',(#18580),#313);
#1330=STYLED_ITEM('',(#18584),#10774);
#1331=STYLED_ITEM('',(#18584),#10775);
#1332=STYLED_ITEM('',(#18584),#10776);
#1333=STYLED_ITEM('',(#18584),#10777);
#1334=STYLED_ITEM('',(#18584),#10778);
#1335=STYLED_ITEM('',(#18584),#10779);
#1336=STYLED_ITEM('',(#18584),#10780);
#1337=STYLED_ITEM('',(#18584),#10781);
#1338=STYLED_ITEM('',(#18580),#314);
#1339=STYLED_ITEM('',(#18572),#315);
#1340=STYLED_ITEM('',(#18572),#316);
#1341=STYLED_ITEM('',(#18572),#317);
#1342=FACE_OUTER_BOUND('',#1885,.T.);
#1343=FACE_OUTER_BOUND('',#1886,.T.);
#1344=FACE_OUTER_BOUND('',#1887,.T.);
#1345=FACE_OUTER_BOUND('',#1888,.T.);
#1346=FACE_OUTER_BOUND('',#1889,.T.);
#1347=FACE_OUTER_BOUND('',#1890,.T.);
#1348=FACE_OUTER_BOUND('',#1891,.T.);
#1349=FACE_OUTER_BOUND('',#1892,.T.);
#1350=FACE_OUTER_BOUND('',#1894,.T.);
#1351=FACE_OUTER_BOUND('',#1895,.T.);
#1352=FACE_OUTER_BOUND('',#1896,.T.);
#1353=FACE_OUTER_BOUND('',#1897,.T.);
#1354=FACE_OUTER_BOUND('',#1898,.T.);
#1355=FACE_OUTER_BOUND('',#1899,.T.);
#1356=FACE_OUTER_BOUND('',#1900,.T.);
#1357=FACE_OUTER_BOUND('',#1905,.T.);
#1358=FACE_OUTER_BOUND('',#1906,.T.);
#1359=FACE_OUTER_BOUND('',#1907,.T.);
#1360=FACE_OUTER_BOUND('',#1908,.T.);
#1361=FACE_OUTER_BOUND('',#1913,.T.);
#1362=FACE_OUTER_BOUND('',#1914,.T.);
#1363=FACE_OUTER_BOUND('',#1915,.T.);
#1364=FACE_OUTER_BOUND('',#1916,.T.);
#1365=FACE_OUTER_BOUND('',#1917,.T.);
#1366=FACE_OUTER_BOUND('',#1918,.T.);
#1367=FACE_OUTER_BOUND('',#1919,.T.);
#1368=FACE_OUTER_BOUND('',#1920,.T.);
#1369=FACE_OUTER_BOUND('',#1921,.T.);
#1370=FACE_OUTER_BOUND('',#1922,.T.);
#1371=FACE_OUTER_BOUND('',#1923,.T.);
#1372=FACE_OUTER_BOUND('',#1924,.T.);
#1373=FACE_OUTER_BOUND('',#1925,.T.);
#1374=FACE_OUTER_BOUND('',#1926,.T.);
#1375=FACE_OUTER_BOUND('',#1927,.T.);
#1376=FACE_OUTER_BOUND('',#1928,.T.);
#1377=FACE_OUTER_BOUND('',#1929,.T.);
#1378=FACE_OUTER_BOUND('',#1930,.T.);
#1379=FACE_OUTER_BOUND('',#1931,.T.);
#1380=FACE_OUTER_BOUND('',#1932,.T.);
#1381=FACE_OUTER_BOUND('',#1933,.T.);
#1382=FACE_OUTER_BOUND('',#1934,.T.);
#1383=FACE_OUTER_BOUND('',#1935,.T.);
#1384=FACE_OUTER_BOUND('',#1936,.T.);
#1385=FACE_OUTER_BOUND('',#1937,.T.);
#1386=FACE_OUTER_BOUND('',#1938,.T.);
#1387=FACE_OUTER_BOUND('',#1939,.T.);
#1388=FACE_OUTER_BOUND('',#1940,.T.);
#1389=FACE_OUTER_BOUND('',#1941,.T.);
#1390=FACE_OUTER_BOUND('',#1942,.T.);
#1391=FACE_OUTER_BOUND('',#1943,.T.);
#1392=FACE_OUTER_BOUND('',#1944,.T.);
#1393=FACE_OUTER_BOUND('',#1945,.T.);
#1394=FACE_OUTER_BOUND('',#1946,.T.);
#1395=FACE_OUTER_BOUND('',#1947,.T.);
#1396=FACE_OUTER_BOUND('',#1948,.T.);
#1397=FACE_OUTER_BOUND('',#1949,.T.);
#1398=FACE_OUTER_BOUND('',#1950,.T.);
#1399=FACE_OUTER_BOUND('',#1951,.T.);
#1400=FACE_OUTER_BOUND('',#1952,.T.);
#1401=FACE_OUTER_BOUND('',#1953,.T.);
#1402=FACE_OUTER_BOUND('',#1954,.T.);
#1403=FACE_OUTER_BOUND('',#1955,.T.);
#1404=FACE_OUTER_BOUND('',#1956,.T.);
#1405=FACE_OUTER_BOUND('',#1957,.T.);
#1406=FACE_OUTER_BOUND('',#1958,.T.);
#1407=FACE_OUTER_BOUND('',#1959,.T.);
#1408=FACE_OUTER_BOUND('',#1960,.T.);
#1409=FACE_OUTER_BOUND('',#1961,.T.);
#1410=FACE_OUTER_BOUND('',#1962,.T.);
#1411=FACE_OUTER_BOUND('',#1963,.T.);
#1412=FACE_OUTER_BOUND('',#1964,.T.);
#1413=FACE_OUTER_BOUND('',#1965,.T.);
#1414=FACE_OUTER_BOUND('',#1966,.T.);
#1415=FACE_OUTER_BOUND('',#1967,.T.);
#1416=FACE_OUTER_BOUND('',#1968,.T.);
#1417=FACE_OUTER_BOUND('',#1969,.T.);
#1418=FACE_OUTER_BOUND('',#1970,.T.);
#1419=FACE_OUTER_BOUND('',#1971,.T.);
#1420=FACE_OUTER_BOUND('',#1972,.T.);
#1421=FACE_OUTER_BOUND('',#1973,.T.);
#1422=FACE_OUTER_BOUND('',#1974,.T.);
#1423=FACE_OUTER_BOUND('',#1975,.T.);
#1424=FACE_OUTER_BOUND('',#1976,.T.);
#1425=FACE_OUTER_BOUND('',#1977,.T.);
#1426=FACE_OUTER_BOUND('',#1978,.T.);
#1427=FACE_OUTER_BOUND('',#1979,.T.);
#1428=FACE_OUTER_BOUND('',#1980,.T.);
#1429=FACE_OUTER_BOUND('',#1981,.T.);
#1430=FACE_OUTER_BOUND('',#1982,.T.);
#1431=FACE_OUTER_BOUND('',#1983,.T.);
#1432=FACE_OUTER_BOUND('',#1984,.T.);
#1433=FACE_OUTER_BOUND('',#1985,.T.);
#1434=FACE_OUTER_BOUND('',#1986,.T.);
#1435=FACE_OUTER_BOUND('',#1987,.T.);
#1436=FACE_OUTER_BOUND('',#1988,.T.);
#1437=FACE_OUTER_BOUND('',#1989,.T.);
#1438=FACE_OUTER_BOUND('',#1990,.T.);
#1439=FACE_OUTER_BOUND('',#1991,.T.);
#1440=FACE_OUTER_BOUND('',#1992,.T.);
#1441=FACE_OUTER_BOUND('',#1993,.T.);
#1442=FACE_OUTER_BOUND('',#1994,.T.);
#1443=FACE_OUTER_BOUND('',#1995,.T.);
#1444=FACE_OUTER_BOUND('',#1996,.T.);
#1445=FACE_OUTER_BOUND('',#1997,.T.);
#1446=FACE_OUTER_BOUND('',#1998,.T.);
#1447=FACE_OUTER_BOUND('',#1999,.T.);
#1448=FACE_OUTER_BOUND('',#2000,.T.);
#1449=FACE_OUTER_BOUND('',#2001,.T.);
#1450=FACE_OUTER_BOUND('',#2002,.T.);
#1451=FACE_OUTER_BOUND('',#2003,.T.);
#1452=FACE_OUTER_BOUND('',#2004,.T.);
#1453=FACE_OUTER_BOUND('',#2005,.T.);
#1454=FACE_OUTER_BOUND('',#2006,.T.);
#1455=FACE_OUTER_BOUND('',#2007,.T.);
#1456=FACE_OUTER_BOUND('',#2008,.T.);
#1457=FACE_OUTER_BOUND('',#2009,.T.);
#1458=FACE_OUTER_BOUND('',#2010,.T.);
#1459=FACE_OUTER_BOUND('',#2011,.T.);
#1460=FACE_OUTER_BOUND('',#2012,.T.);
#1461=FACE_OUTER_BOUND('',#2013,.T.);
#1462=FACE_OUTER_BOUND('',#2014,.T.);
#1463=FACE_OUTER_BOUND('',#2015,.T.);
#1464=FACE_OUTER_BOUND('',#2016,.T.);
#1465=FACE_OUTER_BOUND('',#2017,.T.);
#1466=FACE_OUTER_BOUND('',#2018,.T.);
#1467=FACE_OUTER_BOUND('',#2019,.T.);
#1468=FACE_OUTER_BOUND('',#2020,.T.);
#1469=FACE_OUTER_BOUND('',#2021,.T.);
#1470=FACE_OUTER_BOUND('',#2022,.T.);
#1471=FACE_OUTER_BOUND('',#2114,.T.);
#1472=FACE_OUTER_BOUND('',#2206,.T.);
#1473=FACE_OUTER_BOUND('',#2207,.T.);
#1474=FACE_OUTER_BOUND('',#2208,.T.);
#1475=FACE_OUTER_BOUND('',#2209,.T.);
#1476=FACE_OUTER_BOUND('',#2210,.T.);
#1477=FACE_OUTER_BOUND('',#2211,.T.);
#1478=FACE_OUTER_BOUND('',#2212,.T.);
#1479=FACE_OUTER_BOUND('',#2213,.T.);
#1480=FACE_OUTER_BOUND('',#2214,.T.);
#1481=FACE_OUTER_BOUND('',#2215,.T.);
#1482=FACE_OUTER_BOUND('',#2216,.T.);
#1483=FACE_OUTER_BOUND('',#2217,.T.);
#1484=FACE_OUTER_BOUND('',#2218,.T.);
#1485=FACE_OUTER_BOUND('',#2219,.T.);
#1486=FACE_OUTER_BOUND('',#2220,.T.);
#1487=FACE_OUTER_BOUND('',#2221,.T.);
#1488=FACE_OUTER_BOUND('',#2222,.T.);
#1489=FACE_OUTER_BOUND('',#2223,.T.);
#1490=FACE_OUTER_BOUND('',#2224,.T.);
#1491=FACE_OUTER_BOUND('',#2225,.T.);
#1492=FACE_OUTER_BOUND('',#2226,.T.);
#1493=FACE_OUTER_BOUND('',#2227,.T.);
#1494=FACE_OUTER_BOUND('',#2228,.T.);
#1495=FACE_OUTER_BOUND('',#2229,.T.);
#1496=FACE_OUTER_BOUND('',#2230,.T.);
#1497=FACE_OUTER_BOUND('',#2231,.T.);
#1498=FACE_OUTER_BOUND('',#2232,.T.);
#1499=FACE_OUTER_BOUND('',#2233,.T.);
#1500=FACE_OUTER_BOUND('',#2234,.T.);
#1501=FACE_OUTER_BOUND('',#2235,.T.);
#1502=FACE_OUTER_BOUND('',#2236,.T.);
#1503=FACE_OUTER_BOUND('',#2237,.T.);
#1504=FACE_OUTER_BOUND('',#2238,.T.);
#1505=FACE_OUTER_BOUND('',#2239,.T.);
#1506=FACE_OUTER_BOUND('',#2240,.T.);
#1507=FACE_OUTER_BOUND('',#2241,.T.);
#1508=FACE_OUTER_BOUND('',#2242,.T.);
#1509=FACE_OUTER_BOUND('',#2243,.T.);
#1510=FACE_OUTER_BOUND('',#2244,.T.);
#1511=FACE_OUTER_BOUND('',#2245,.T.);
#1512=FACE_OUTER_BOUND('',#2246,.T.);
#1513=FACE_OUTER_BOUND('',#2247,.T.);
#1514=FACE_OUTER_BOUND('',#2248,.T.);
#1515=FACE_OUTER_BOUND('',#2249,.T.);
#1516=FACE_OUTER_BOUND('',#2250,.T.);
#1517=FACE_OUTER_BOUND('',#2251,.T.);
#1518=FACE_OUTER_BOUND('',#2252,.T.);
#1519=FACE_OUTER_BOUND('',#2253,.T.);
#1520=FACE_OUTER_BOUND('',#2254,.T.);
#1521=FACE_OUTER_BOUND('',#2255,.T.);
#1522=FACE_OUTER_BOUND('',#2256,.T.);
#1523=FACE_OUTER_BOUND('',#2257,.T.);
#1524=FACE_OUTER_BOUND('',#2258,.T.);
#1525=FACE_OUTER_BOUND('',#2259,.T.);
#1526=FACE_OUTER_BOUND('',#2260,.T.);
#1527=FACE_OUTER_BOUND('',#2261,.T.);
#1528=FACE_OUTER_BOUND('',#2262,.T.);
#1529=FACE_OUTER_BOUND('',#2263,.T.);
#1530=FACE_OUTER_BOUND('',#2264,.T.);
#1531=FACE_OUTER_BOUND('',#2265,.T.);
#1532=FACE_OUTER_BOUND('',#2266,.T.);
#1533=FACE_OUTER_BOUND('',#2267,.T.);
#1534=FACE_OUTER_BOUND('',#2268,.T.);
#1535=FACE_OUTER_BOUND('',#2269,.T.);
#1536=FACE_OUTER_BOUND('',#2270,.T.);
#1537=FACE_OUTER_BOUND('',#2271,.T.);
#1538=FACE_OUTER_BOUND('',#2272,.T.);
#1539=FACE_OUTER_BOUND('',#2273,.T.);
#1540=FACE_OUTER_BOUND('',#2274,.T.);
#1541=FACE_OUTER_BOUND('',#2275,.T.);
#1542=FACE_OUTER_BOUND('',#2276,.T.);
#1543=FACE_OUTER_BOUND('',#2277,.T.);
#1544=FACE_OUTER_BOUND('',#2278,.T.);
#1545=FACE_OUTER_BOUND('',#2279,.T.);
#1546=FACE_OUTER_BOUND('',#2280,.T.);
#1547=FACE_OUTER_BOUND('',#2281,.T.);
#1548=FACE_OUTER_BOUND('',#2282,.T.);
#1549=FACE_OUTER_BOUND('',#2283,.T.);
#1550=FACE_OUTER_BOUND('',#2284,.T.);
#1551=FACE_OUTER_BOUND('',#2285,.T.);
#1552=FACE_OUTER_BOUND('',#2286,.T.);
#1553=FACE_OUTER_BOUND('',#2287,.T.);
#1554=FACE_OUTER_BOUND('',#2288,.T.);
#1555=FACE_OUTER_BOUND('',#2289,.T.);
#1556=FACE_OUTER_BOUND('',#2290,.T.);
#1557=FACE_OUTER_BOUND('',#2291,.T.);
#1558=FACE_OUTER_BOUND('',#2292,.T.);
#1559=FACE_OUTER_BOUND('',#2293,.T.);
#1560=FACE_OUTER_BOUND('',#2294,.T.);
#1561=FACE_OUTER_BOUND('',#2295,.T.);
#1562=FACE_OUTER_BOUND('',#2296,.T.);
#1563=FACE_OUTER_BOUND('',#2297,.T.);
#1564=FACE_OUTER_BOUND('',#2298,.T.);
#1565=FACE_OUTER_BOUND('',#2299,.T.);
#1566=FACE_OUTER_BOUND('',#2300,.T.);
#1567=FACE_OUTER_BOUND('',#2301,.T.);
#1568=FACE_OUTER_BOUND('',#2302,.T.);
#1569=FACE_OUTER_BOUND('',#2303,.T.);
#1570=FACE_OUTER_BOUND('',#2304,.T.);
#1571=FACE_OUTER_BOUND('',#2305,.T.);
#1572=FACE_OUTER_BOUND('',#2306,.T.);
#1573=FACE_OUTER_BOUND('',#2307,.T.);
#1574=FACE_OUTER_BOUND('',#2308,.T.);
#1575=FACE_OUTER_BOUND('',#2309,.T.);
#1576=FACE_OUTER_BOUND('',#2310,.T.);
#1577=FACE_OUTER_BOUND('',#2312,.T.);
#1578=FACE_OUTER_BOUND('',#2314,.T.);
#1579=FACE_OUTER_BOUND('',#2315,.T.);
#1580=FACE_OUTER_BOUND('',#2316,.T.);
#1581=FACE_OUTER_BOUND('',#2317,.T.);
#1582=FACE_OUTER_BOUND('',#2318,.T.);
#1583=FACE_OUTER_BOUND('',#2319,.T.);
#1584=FACE_OUTER_BOUND('',#2320,.T.);
#1585=FACE_OUTER_BOUND('',#2321,.T.);
#1586=FACE_OUTER_BOUND('',#2322,.T.);
#1587=FACE_OUTER_BOUND('',#2323,.T.);
#1588=FACE_OUTER_BOUND('',#2324,.T.);
#1589=FACE_OUTER_BOUND('',#2325,.T.);
#1590=FACE_OUTER_BOUND('',#2326,.T.);
#1591=FACE_OUTER_BOUND('',#2327,.T.);
#1592=FACE_OUTER_BOUND('',#2328,.T.);
#1593=FACE_OUTER_BOUND('',#2329,.T.);
#1594=FACE_OUTER_BOUND('',#2330,.T.);
#1595=FACE_OUTER_BOUND('',#2331,.T.);
#1596=FACE_OUTER_BOUND('',#2332,.T.);
#1597=FACE_OUTER_BOUND('',#2333,.T.);
#1598=FACE_OUTER_BOUND('',#2334,.T.);
#1599=FACE_OUTER_BOUND('',#2336,.T.);
#1600=FACE_OUTER_BOUND('',#2337,.T.);
#1601=FACE_OUTER_BOUND('',#2338,.T.);
#1602=FACE_OUTER_BOUND('',#2339,.T.);
#1603=FACE_OUTER_BOUND('',#2340,.T.);
#1604=FACE_OUTER_BOUND('',#2341,.T.);
#1605=FACE_OUTER_BOUND('',#2342,.T.);
#1606=FACE_OUTER_BOUND('',#2343,.T.);
#1607=FACE_OUTER_BOUND('',#2344,.T.);
#1608=FACE_OUTER_BOUND('',#2345,.T.);
#1609=FACE_OUTER_BOUND('',#2346,.T.);
#1610=FACE_OUTER_BOUND('',#2347,.T.);
#1611=FACE_OUTER_BOUND('',#2348,.T.);
#1612=FACE_OUTER_BOUND('',#2349,.T.);
#1613=FACE_OUTER_BOUND('',#2350,.T.);
#1614=FACE_OUTER_BOUND('',#2351,.T.);
#1615=FACE_OUTER_BOUND('',#2353,.T.);
#1616=FACE_OUTER_BOUND('',#2354,.T.);
#1617=FACE_OUTER_BOUND('',#2355,.T.);
#1618=FACE_OUTER_BOUND('',#2356,.T.);
#1619=FACE_OUTER_BOUND('',#2357,.T.);
#1620=FACE_OUTER_BOUND('',#2358,.T.);
#1621=FACE_OUTER_BOUND('',#2359,.T.);
#1622=FACE_OUTER_BOUND('',#2360,.T.);
#1623=FACE_OUTER_BOUND('',#2361,.T.);
#1624=FACE_OUTER_BOUND('',#2362,.T.);
#1625=FACE_OUTER_BOUND('',#2363,.T.);
#1626=FACE_OUTER_BOUND('',#2364,.T.);
#1627=FACE_OUTER_BOUND('',#2365,.T.);
#1628=FACE_OUTER_BOUND('',#2366,.T.);
#1629=FACE_OUTER_BOUND('',#2367,.T.);
#1630=FACE_OUTER_BOUND('',#2368,.T.);
#1631=FACE_OUTER_BOUND('',#2369,.T.);
#1632=FACE_OUTER_BOUND('',#2370,.T.);
#1633=FACE_OUTER_BOUND('',#2371,.T.);
#1634=FACE_OUTER_BOUND('',#2372,.T.);
#1635=FACE_OUTER_BOUND('',#2373,.T.);
#1636=FACE_OUTER_BOUND('',#2374,.T.);
#1637=FACE_OUTER_BOUND('',#2375,.T.);
#1638=FACE_OUTER_BOUND('',#2376,.T.);
#1639=FACE_OUTER_BOUND('',#2377,.T.);
#1640=FACE_OUTER_BOUND('',#2378,.T.);
#1641=FACE_OUTER_BOUND('',#2379,.T.);
#1642=FACE_OUTER_BOUND('',#2380,.T.);
#1643=FACE_OUTER_BOUND('',#2381,.T.);
#1644=FACE_OUTER_BOUND('',#2382,.T.);
#1645=FACE_OUTER_BOUND('',#2384,.T.);
#1646=FACE_OUTER_BOUND('',#2385,.T.);
#1647=FACE_OUTER_BOUND('',#2386,.T.);
#1648=FACE_OUTER_BOUND('',#2387,.T.);
#1649=FACE_OUTER_BOUND('',#2389,.T.);
#1650=FACE_OUTER_BOUND('',#2390,.T.);
#1651=FACE_OUTER_BOUND('',#2391,.T.);
#1652=FACE_OUTER_BOUND('',#2392,.T.);
#1653=FACE_OUTER_BOUND('',#2393,.T.);
#1654=FACE_OUTER_BOUND('',#2394,.T.);
#1655=FACE_OUTER_BOUND('',#2395,.T.);
#1656=FACE_OUTER_BOUND('',#2396,.T.);
#1657=FACE_OUTER_BOUND('',#2397,.T.);
#1658=FACE_OUTER_BOUND('',#2398,.T.);
#1659=FACE_OUTER_BOUND('',#2399,.T.);
#1660=FACE_OUTER_BOUND('',#2400,.T.);
#1661=FACE_OUTER_BOUND('',#2401,.T.);
#1662=FACE_OUTER_BOUND('',#2402,.T.);
#1663=FACE_OUTER_BOUND('',#2403,.T.);
#1664=FACE_OUTER_BOUND('',#2405,.T.);
#1665=FACE_OUTER_BOUND('',#2406,.T.);
#1666=FACE_OUTER_BOUND('',#2407,.T.);
#1667=FACE_OUTER_BOUND('',#2408,.T.);
#1668=FACE_OUTER_BOUND('',#2409,.T.);
#1669=FACE_OUTER_BOUND('',#2410,.T.);
#1670=FACE_OUTER_BOUND('',#2411,.T.);
#1671=FACE_OUTER_BOUND('',#2412,.T.);
#1672=FACE_OUTER_BOUND('',#2413,.T.);
#1673=FACE_OUTER_BOUND('',#2414,.T.);
#1674=FACE_OUTER_BOUND('',#2415,.T.);
#1675=FACE_OUTER_BOUND('',#2419,.T.);
#1676=FACE_OUTER_BOUND('',#2420,.T.);
#1677=FACE_OUTER_BOUND('',#2421,.T.);
#1678=FACE_OUTER_BOUND('',#2422,.T.);
#1679=FACE_OUTER_BOUND('',#2423,.T.);
#1680=FACE_OUTER_BOUND('',#2424,.T.);
#1681=FACE_OUTER_BOUND('',#2425,.T.);
#1682=FACE_OUTER_BOUND('',#2426,.T.);
#1683=FACE_OUTER_BOUND('',#2427,.T.);
#1684=FACE_OUTER_BOUND('',#2428,.T.);
#1685=FACE_OUTER_BOUND('',#2429,.T.);
#1686=FACE_OUTER_BOUND('',#2430,.T.);
#1687=FACE_OUTER_BOUND('',#2431,.T.);
#1688=FACE_OUTER_BOUND('',#2432,.T.);
#1689=FACE_OUTER_BOUND('',#2433,.T.);
#1690=FACE_OUTER_BOUND('',#2434,.T.);
#1691=FACE_OUTER_BOUND('',#2435,.T.);
#1692=FACE_OUTER_BOUND('',#2436,.T.);
#1693=FACE_OUTER_BOUND('',#2437,.T.);
#1694=FACE_OUTER_BOUND('',#2438,.T.);
#1695=FACE_OUTER_BOUND('',#2439,.T.);
#1696=FACE_OUTER_BOUND('',#2440,.T.);
#1697=FACE_OUTER_BOUND('',#2441,.T.);
#1698=FACE_OUTER_BOUND('',#2442,.T.);
#1699=FACE_OUTER_BOUND('',#2443,.T.);
#1700=FACE_OUTER_BOUND('',#2444,.T.);
#1701=FACE_OUTER_BOUND('',#2445,.T.);
#1702=FACE_OUTER_BOUND('',#2446,.T.);
#1703=FACE_OUTER_BOUND('',#2447,.T.);
#1704=FACE_OUTER_BOUND('',#2448,.T.);
#1705=FACE_OUTER_BOUND('',#2449,.T.);
#1706=FACE_OUTER_BOUND('',#2450,.T.);
#1707=FACE_OUTER_BOUND('',#2451,.T.);
#1708=FACE_OUTER_BOUND('',#2452,.T.);
#1709=FACE_OUTER_BOUND('',#2453,.T.);
#1710=FACE_OUTER_BOUND('',#2454,.T.);
#1711=FACE_OUTER_BOUND('',#2455,.T.);
#1712=FACE_OUTER_BOUND('',#2456,.T.);
#1713=FACE_OUTER_BOUND('',#2457,.T.);
#1714=FACE_OUTER_BOUND('',#2458,.T.);
#1715=FACE_OUTER_BOUND('',#2459,.T.);
#1716=FACE_OUTER_BOUND('',#2460,.T.);
#1717=FACE_OUTER_BOUND('',#2461,.T.);
#1718=FACE_OUTER_BOUND('',#2462,.T.);
#1719=FACE_OUTER_BOUND('',#2463,.T.);
#1720=FACE_OUTER_BOUND('',#2464,.T.);
#1721=FACE_OUTER_BOUND('',#2465,.T.);
#1722=FACE_OUTER_BOUND('',#2466,.T.);
#1723=FACE_OUTER_BOUND('',#2467,.T.);
#1724=FACE_OUTER_BOUND('',#2468,.T.);
#1725=FACE_OUTER_BOUND('',#2469,.T.);
#1726=FACE_OUTER_BOUND('',#2470,.T.);
#1727=FACE_OUTER_BOUND('',#2471,.T.);
#1728=FACE_OUTER_BOUND('',#2472,.T.);
#1729=FACE_OUTER_BOUND('',#2473,.T.);
#1730=FACE_OUTER_BOUND('',#2474,.T.);
#1731=FACE_OUTER_BOUND('',#2475,.T.);
#1732=FACE_OUTER_BOUND('',#2476,.T.);
#1733=FACE_OUTER_BOUND('',#2477,.T.);
#1734=FACE_OUTER_BOUND('',#2478,.T.);
#1735=FACE_OUTER_BOUND('',#2479,.T.);
#1736=FACE_OUTER_BOUND('',#2480,.T.);
#1737=FACE_OUTER_BOUND('',#2482,.T.);
#1738=FACE_OUTER_BOUND('',#2483,.T.);
#1739=FACE_OUTER_BOUND('',#2484,.T.);
#1740=FACE_OUTER_BOUND('',#2485,.T.);
#1741=FACE_OUTER_BOUND('',#2486,.T.);
#1742=FACE_OUTER_BOUND('',#2487,.T.);
#1743=FACE_OUTER_BOUND('',#2488,.T.);
#1744=FACE_OUTER_BOUND('',#2489,.T.);
#1745=FACE_OUTER_BOUND('',#2490,.T.);
#1746=FACE_OUTER_BOUND('',#2491,.T.);
#1747=FACE_OUTER_BOUND('',#2492,.T.);
#1748=FACE_OUTER_BOUND('',#2493,.T.);
#1749=FACE_OUTER_BOUND('',#2494,.T.);
#1750=FACE_OUTER_BOUND('',#2495,.T.);
#1751=FACE_OUTER_BOUND('',#2496,.T.);
#1752=FACE_OUTER_BOUND('',#2497,.T.);
#1753=FACE_OUTER_BOUND('',#2498,.T.);
#1754=FACE_OUTER_BOUND('',#2499,.T.);
#1755=FACE_OUTER_BOUND('',#2500,.T.);
#1756=FACE_OUTER_BOUND('',#2501,.T.);
#1757=FACE_OUTER_BOUND('',#2502,.T.);
#1758=FACE_OUTER_BOUND('',#2503,.T.);
#1759=FACE_OUTER_BOUND('',#2504,.T.);
#1760=FACE_OUTER_BOUND('',#2506,.T.);
#1761=FACE_OUTER_BOUND('',#2507,.T.);
#1762=FACE_OUTER_BOUND('',#2508,.T.);
#1763=FACE_OUTER_BOUND('',#2509,.T.);
#1764=FACE_OUTER_BOUND('',#2510,.T.);
#1765=FACE_OUTER_BOUND('',#2511,.T.);
#1766=FACE_OUTER_BOUND('',#2513,.T.);
#1767=FACE_OUTER_BOUND('',#2514,.T.);
#1768=FACE_OUTER_BOUND('',#2515,.T.);
#1769=FACE_OUTER_BOUND('',#2516,.T.);
#1770=FACE_OUTER_BOUND('',#2517,.T.);
#1771=FACE_OUTER_BOUND('',#2518,.T.);
#1772=FACE_OUTER_BOUND('',#2519,.T.);
#1773=FACE_OUTER_BOUND('',#2521,.T.);
#1774=FACE_OUTER_BOUND('',#2522,.T.);
#1775=FACE_OUTER_BOUND('',#2523,.T.);
#1776=FACE_OUTER_BOUND('',#2524,.T.);
#1777=FACE_OUTER_BOUND('',#2525,.T.);
#1778=FACE_OUTER_BOUND('',#2526,.T.);
#1779=FACE_OUTER_BOUND('',#2528,.T.);
#1780=FACE_OUTER_BOUND('',#2529,.T.);
#1781=FACE_OUTER_BOUND('',#2530,.T.);
#1782=FACE_OUTER_BOUND('',#2531,.T.);
#1783=FACE_OUTER_BOUND('',#2532,.T.);
#1784=FACE_OUTER_BOUND('',#2533,.T.);
#1785=FACE_OUTER_BOUND('',#2534,.T.);
#1786=FACE_OUTER_BOUND('',#2535,.T.);
#1787=FACE_OUTER_BOUND('',#2536,.T.);
#1788=FACE_OUTER_BOUND('',#2537,.T.);
#1789=FACE_OUTER_BOUND('',#2541,.T.);
#1790=FACE_OUTER_BOUND('',#2542,.T.);
#1791=FACE_OUTER_BOUND('',#2543,.T.);
#1792=FACE_OUTER_BOUND('',#2544,.T.);
#1793=FACE_OUTER_BOUND('',#2545,.T.);
#1794=FACE_OUTER_BOUND('',#2546,.T.);
#1795=FACE_OUTER_BOUND('',#2547,.T.);
#1796=FACE_OUTER_BOUND('',#2548,.T.);
#1797=FACE_OUTER_BOUND('',#2549,.T.);
#1798=FACE_OUTER_BOUND('',#2550,.T.);
#1799=FACE_OUTER_BOUND('',#2551,.T.);
#1800=FACE_OUTER_BOUND('',#2552,.T.);
#1801=FACE_OUTER_BOUND('',#2553,.T.);
#1802=FACE_OUTER_BOUND('',#2554,.T.);
#1803=FACE_OUTER_BOUND('',#2555,.T.);
#1804=FACE_OUTER_BOUND('',#2556,.T.);
#1805=FACE_OUTER_BOUND('',#2558,.T.);
#1806=FACE_OUTER_BOUND('',#2559,.T.);
#1807=FACE_OUTER_BOUND('',#2560,.T.);
#1808=FACE_OUTER_BOUND('',#2561,.T.);
#1809=FACE_OUTER_BOUND('',#2566,.T.);
#1810=FACE_OUTER_BOUND('',#2567,.T.);
#1811=FACE_OUTER_BOUND('',#2569,.T.);
#1812=FACE_OUTER_BOUND('',#2570,.T.);
#1813=FACE_OUTER_BOUND('',#2571,.T.);
#1814=FACE_OUTER_BOUND('',#2572,.T.);
#1815=FACE_OUTER_BOUND('',#2573,.T.);
#1816=FACE_OUTER_BOUND('',#2575,.T.);
#1817=FACE_OUTER_BOUND('',#2576,.T.);
#1818=FACE_OUTER_BOUND('',#2577,.T.);
#1819=FACE_OUTER_BOUND('',#2578,.T.);
#1820=FACE_OUTER_BOUND('',#2580,.T.);
#1821=FACE_OUTER_BOUND('',#2581,.T.);
#1822=FACE_OUTER_BOUND('',#2582,.T.);
#1823=FACE_OUTER_BOUND('',#2583,.T.);
#1824=FACE_OUTER_BOUND('',#2584,.T.);
#1825=FACE_OUTER_BOUND('',#2585,.T.);
#1826=FACE_OUTER_BOUND('',#2586,.T.);
#1827=FACE_OUTER_BOUND('',#2588,.T.);
#1828=FACE_OUTER_BOUND('',#2589,.T.);
#1829=FACE_OUTER_BOUND('',#2590,.T.);
#1830=FACE_OUTER_BOUND('',#2591,.T.);
#1831=FACE_OUTER_BOUND('',#2592,.T.);
#1832=FACE_OUTER_BOUND('',#2593,.T.);
#1833=FACE_OUTER_BOUND('',#2594,.T.);
#1834=FACE_OUTER_BOUND('',#2595,.T.);
#1835=FACE_OUTER_BOUND('',#2596,.T.);
#1836=FACE_OUTER_BOUND('',#2597,.T.);
#1837=FACE_OUTER_BOUND('',#2598,.T.);
#1838=FACE_OUTER_BOUND('',#2599,.T.);
#1839=FACE_OUTER_BOUND('',#2600,.T.);
#1840=FACE_OUTER_BOUND('',#2601,.T.);
#1841=FACE_OUTER_BOUND('',#2602,.T.);
#1842=FACE_OUTER_BOUND('',#2603,.T.);
#1843=FACE_OUTER_BOUND('',#2604,.T.);
#1844=FACE_OUTER_BOUND('',#2605,.T.);
#1845=FACE_OUTER_BOUND('',#2606,.T.);
#1846=FACE_OUTER_BOUND('',#2607,.T.);
#1847=FACE_OUTER_BOUND('',#2608,.T.);
#1848=FACE_OUTER_BOUND('',#2614,.T.);
#1849=FACE_OUTER_BOUND('',#2615,.T.);
#1850=FACE_OUTER_BOUND('',#2616,.T.);
#1851=FACE_OUTER_BOUND('',#2617,.T.);
#1852=FACE_OUTER_BOUND('',#2618,.T.);
#1853=FACE_OUTER_BOUND('',#2619,.T.);
#1854=FACE_OUTER_BOUND('',#2621,.T.);
#1855=FACE_OUTER_BOUND('',#2622,.T.);
#1856=FACE_OUTER_BOUND('',#2623,.T.);
#1857=FACE_OUTER_BOUND('',#2624,.T.);
#1858=FACE_OUTER_BOUND('',#2625,.T.);
#1859=FACE_OUTER_BOUND('',#2626,.T.);
#1860=FACE_OUTER_BOUND('',#2627,.T.);
#1861=FACE_OUTER_BOUND('',#2628,.T.);
#1862=FACE_OUTER_BOUND('',#2630,.T.);
#1863=FACE_OUTER_BOUND('',#2631,.T.);
#1864=FACE_OUTER_BOUND('',#2632,.T.);
#1865=FACE_OUTER_BOUND('',#2633,.T.);
#1866=FACE_OUTER_BOUND('',#2634,.T.);
#1867=FACE_OUTER_BOUND('',#2635,.T.);
#1868=FACE_OUTER_BOUND('',#2636,.T.);
#1869=FACE_OUTER_BOUND('',#2637,.T.);
#1870=FACE_OUTER_BOUND('',#2639,.T.);
#1871=FACE_OUTER_BOUND('',#2640,.T.);
#1872=FACE_OUTER_BOUND('',#2642,.T.);
#1873=FACE_OUTER_BOUND('',#2644,.T.);
#1874=FACE_OUTER_BOUND('',#2645,.T.);
#1875=FACE_OUTER_BOUND('',#2646,.T.);
#1876=FACE_OUTER_BOUND('',#2647,.T.);
#1877=FACE_OUTER_BOUND('',#2648,.T.);
#1878=FACE_OUTER_BOUND('',#2649,.T.);
#1879=FACE_OUTER_BOUND('',#2650,.T.);
#1880=FACE_OUTER_BOUND('',#2651,.T.);
#1881=FACE_OUTER_BOUND('',#2653,.T.);
#1882=FACE_OUTER_BOUND('',#2654,.T.);
#1883=FACE_OUTER_BOUND('',#2657,.T.);
#1884=FACE_OUTER_BOUND('',#2658,.T.);
#1885=EDGE_LOOP('',(#7165,#7166,#7167,#7168,#7169,#7170,#7171,#7172,#7173,
#7174,#7175,#7176));
#1886=EDGE_LOOP('',(#7177,#7178));
#1887=EDGE_LOOP('',(#7179,#7180,#7181,#7182));
#1888=EDGE_LOOP('',(#7183,#7184,#7185,#7186));
#1889=EDGE_LOOP('',(#7187,#7188,#7189,#7190));
#1890=EDGE_LOOP('',(#7191,#7192,#7193,#7194));
#1891=EDGE_LOOP('',(#7195,#7196,#7197,#7198));
#1892=EDGE_LOOP('',(#7199,#7200));
#1893=EDGE_LOOP('',(#7201));
#1894=EDGE_LOOP('',(#7202,#7203,#7204,#7205));
#1895=EDGE_LOOP('',(#7206,#7207,#7208,#7209));
#1896=EDGE_LOOP('',(#7210));
#1897=EDGE_LOOP('',(#7211,#7212,#7213,#7214,#7215,#7216,#7217,#7218));
#1898=EDGE_LOOP('',(#7219,#7220,#7221,#7222));
#1899=EDGE_LOOP('',(#7223,#7224,#7225,#7226));
#1900=EDGE_LOOP('',(#7227,#7228,#7229,#7230));
#1901=EDGE_LOOP('',(#7231,#7232,#7233,#7234,#7235,#7236,#7237,#7238));
#1902=EDGE_LOOP('',(#7239,#7240,#7241,#7242,#7243,#7244,#7245,#7246));
#1903=EDGE_LOOP('',(#7247,#7248,#7249,#7250,#7251,#7252,#7253,#7254));
#1904=EDGE_LOOP('',(#7255,#7256,#7257,#7258,#7259,#7260,#7261,#7262));
#1905=EDGE_LOOP('',(#7263,#7264,#7265,#7266));
#1906=EDGE_LOOP('',(#7267,#7268,#7269,#7270));
#1907=EDGE_LOOP('',(#7271,#7272,#7273,#7274,#7275,#7276,#7277,#7278));
#1908=EDGE_LOOP('',(#7279,#7280,#7281,#7282));
#1909=EDGE_LOOP('',(#7283,#7284,#7285,#7286));
#1910=EDGE_LOOP('',(#7287,#7288,#7289,#7290));
#1911=EDGE_LOOP('',(#7291,#7292,#7293,#7294));
#1912=EDGE_LOOP('',(#7295,#7296,#7297,#7298));
#1913=EDGE_LOOP('',(#7299,#7300,#7301,#7302));
#1914=EDGE_LOOP('',(#7303,#7304,#7305,#7306));
#1915=EDGE_LOOP('',(#7307,#7308,#7309,#7310));
#1916=EDGE_LOOP('',(#7311,#7312,#7313,#7314));
#1917=EDGE_LOOP('',(#7315,#7316,#7317,#7318));
#1918=EDGE_LOOP('',(#7319,#7320,#7321,#7322));
#1919=EDGE_LOOP('',(#7323,#7324,#7325,#7326));
#1920=EDGE_LOOP('',(#7327,#7328,#7329,#7330));
#1921=EDGE_LOOP('',(#7331,#7332,#7333,#7334));
#1922=EDGE_LOOP('',(#7335,#7336,#7337,#7338));
#1923=EDGE_LOOP('',(#7339,#7340,#7341,#7342));
#1924=EDGE_LOOP('',(#7343,#7344,#7345,#7346));
#1925=EDGE_LOOP('',(#7347,#7348,#7349,#7350));
#1926=EDGE_LOOP('',(#7351,#7352,#7353,#7354));
#1927=EDGE_LOOP('',(#7355,#7356,#7357,#7358));
#1928=EDGE_LOOP('',(#7359,#7360,#7361,#7362));
#1929=EDGE_LOOP('',(#7363,#7364,#7365,#7366));
#1930=EDGE_LOOP('',(#7367,#7368,#7369,#7370));
#1931=EDGE_LOOP('',(#7371,#7372,#7373,#7374));
#1932=EDGE_LOOP('',(#7375,#7376,#7377,#7378,#7379,#7380));
#1933=EDGE_LOOP('',(#7381,#7382,#7383,#7384));
#1934=EDGE_LOOP('',(#7385,#7386,#7387,#7388,#7389,#7390));
#1935=EDGE_LOOP('',(#7391,#7392,#7393,#7394));
#1936=EDGE_LOOP('',(#7395,#7396,#7397,#7398,#7399,#7400));
#1937=EDGE_LOOP('',(#7401,#7402,#7403,#7404));
#1938=EDGE_LOOP('',(#7405,#7406,#7407,#7408,#7409,#7410));
#1939=EDGE_LOOP('',(#7411,#7412,#7413,#7414));
#1940=EDGE_LOOP('',(#7415,#7416,#7417,#7418,#7419,#7420));
#1941=EDGE_LOOP('',(#7421,#7422,#7423,#7424));
#1942=EDGE_LOOP('',(#7425,#7426,#7427,#7428,#7429,#7430));
#1943=EDGE_LOOP('',(#7431,#7432,#7433,#7434));
#1944=EDGE_LOOP('',(#7435,#7436,#7437,#7438,#7439,#7440));
#1945=EDGE_LOOP('',(#7441,#7442,#7443,#7444));
#1946=EDGE_LOOP('',(#7445,#7446,#7447,#7448,#7449,#7450));
#1947=EDGE_LOOP('',(#7451,#7452,#7453,#7454));
#1948=EDGE_LOOP('',(#7455,#7456,#7457,#7458,#7459,#7460,#7461,#7462));
#1949=EDGE_LOOP('',(#7463,#7464,#7465,#7466));
#1950=EDGE_LOOP('',(#7467,#7468,#7469,#7470,#7471,#7472,#7473,#7474));
#1951=EDGE_LOOP('',(#7475,#7476,#7477,#7478));
#1952=EDGE_LOOP('',(#7479,#7480,#7481,#7482,#7483,#7484,#7485,#7486));
#1953=EDGE_LOOP('',(#7487,#7488,#7489,#7490));
#1954=EDGE_LOOP('',(#7491,#7492,#7493,#7494,#7495,#7496,#7497,#7498));
#1955=EDGE_LOOP('',(#7499,#7500,#7501,#7502));
#1956=EDGE_LOOP('',(#7503,#7504,#7505,#7506,#7507,#7508,#7509,#7510));
#1957=EDGE_LOOP('',(#7511,#7512,#7513,#7514));
#1958=EDGE_LOOP('',(#7515,#7516,#7517,#7518,#7519,#7520,#7521,#7522));
#1959=EDGE_LOOP('',(#7523,#7524,#7525,#7526));
#1960=EDGE_LOOP('',(#7527,#7528,#7529,#7530,#7531,#7532,#7533,#7534));
#1961=EDGE_LOOP('',(#7535,#7536,#7537,#7538));
#1962=EDGE_LOOP('',(#7539,#7540,#7541,#7542,#7543,#7544,#7545,#7546));
#1963=EDGE_LOOP('',(#7547,#7548,#7549,#7550));
#1964=EDGE_LOOP('',(#7551,#7552,#7553,#7554));
#1965=EDGE_LOOP('',(#7555,#7556,#7557,#7558));
#1966=EDGE_LOOP('',(#7559,#7560,#7561,#7562));
#1967=EDGE_LOOP('',(#7563,#7564,#7565,#7566));
#1968=EDGE_LOOP('',(#7567,#7568,#7569,#7570));
#1969=EDGE_LOOP('',(#7571,#7572,#7573,#7574));
#1970=EDGE_LOOP('',(#7575,#7576,#7577,#7578));
#1971=EDGE_LOOP('',(#7579,#7580,#7581,#7582));
#1972=EDGE_LOOP('',(#7583,#7584,#7585,#7586));
#1973=EDGE_LOOP('',(#7587,#7588,#7589,#7590));
#1974=EDGE_LOOP('',(#7591,#7592,#7593,#7594));
#1975=EDGE_LOOP('',(#7595,#7596,#7597,#7598));
#1976=EDGE_LOOP('',(#7599,#7600,#7601,#7602));
#1977=EDGE_LOOP('',(#7603,#7604,#7605,#7606));
#1978=EDGE_LOOP('',(#7607,#7608,#7609,#7610));
#1979=EDGE_LOOP('',(#7611,#7612,#7613,#7614));
#1980=EDGE_LOOP('',(#7615,#7616,#7617,#7618));
#1981=EDGE_LOOP('',(#7619,#7620,#7621,#7622));
#1982=EDGE_LOOP('',(#7623,#7624,#7625,#7626));
#1983=EDGE_LOOP('',(#7627,#7628,#7629,#7630));
#1984=EDGE_LOOP('',(#7631,#7632,#7633,#7634));
#1985=EDGE_LOOP('',(#7635,#7636,#7637,#7638,#7639,#7640,#7641,#7642));
#1986=EDGE_LOOP('',(#7643,#7644,#7645,#7646));
#1987=EDGE_LOOP('',(#7647,#7648,#7649,#7650,#7651,#7652,#7653,#7654));
#1988=EDGE_LOOP('',(#7655,#7656,#7657,#7658));
#1989=EDGE_LOOP('',(#7659,#7660,#7661,#7662));
#1990=EDGE_LOOP('',(#7663,#7664,#7665,#7666));
#1991=EDGE_LOOP('',(#7667,#7668,#7669,#7670,#7671,#7672,#7673,#7674));
#1992=EDGE_LOOP('',(#7675,#7676,#7677,#7678));
#1993=EDGE_LOOP('',(#7679,#7680,#7681,#7682,#7683,#7684,#7685,#7686));
#1994=EDGE_LOOP('',(#7687,#7688,#7689,#7690));
#1995=EDGE_LOOP('',(#7691,#7692,#7693,#7694));
#1996=EDGE_LOOP('',(#7695,#7696,#7697,#7698));
#1997=EDGE_LOOP('',(#7699,#7700,#7701,#7702,#7703,#7704,#7705,#7706));
#1998=EDGE_LOOP('',(#7707,#7708,#7709,#7710));
#1999=EDGE_LOOP('',(#7711,#7712,#7713,#7714,#7715,#7716,#7717,#7718));
#2000=EDGE_LOOP('',(#7719,#7720,#7721,#7722));
#2001=EDGE_LOOP('',(#7723,#7724,#7725,#7726));
#2002=EDGE_LOOP('',(#7727,#7728,#7729,#7730));
#2003=EDGE_LOOP('',(#7731,#7732,#7733,#7734,#7735,#7736,#7737,#7738));
#2004=EDGE_LOOP('',(#7739,#7740,#7741,#7742));
#2005=EDGE_LOOP('',(#7743,#7744,#7745,#7746,#7747,#7748,#7749,#7750));
#2006=EDGE_LOOP('',(#7751,#7752,#7753,#7754));
#2007=EDGE_LOOP('',(#7755,#7756,#7757,#7758));
#2008=EDGE_LOOP('',(#7759,#7760,#7761,#7762));
#2009=EDGE_LOOP('',(#7763,#7764,#7765,#7766));
#2010=EDGE_LOOP('',(#7767,#7768,#7769,#7770));
#2011=EDGE_LOOP('',(#7771,#7772,#7773,#7774));
#2012=EDGE_LOOP('',(#7775,#7776,#7777,#7778));
#2013=EDGE_LOOP('',(#7779,#7780,#7781,#7782));
#2014=EDGE_LOOP('',(#7783,#7784,#7785,#7786));
#2015=EDGE_LOOP('',(#7787,#7788,#7789,#7790));
#2016=EDGE_LOOP('',(#7791,#7792,#7793,#7794));
#2017=EDGE_LOOP('',(#7795,#7796,#7797,#7798));
#2018=EDGE_LOOP('',(#7799,#7800,#7801,#7802));
#2019=EDGE_LOOP('',(#7803,#7804,#7805,#7806));
#2020=EDGE_LOOP('',(#7807,#7808,#7809,#7810));
#2021=EDGE_LOOP('',(#7811,#7812,#7813,#7814));
#2022=EDGE_LOOP('',(#7815,#7816,#7817,#7818,#7819,#7820,#7821,#7822));
#2023=EDGE_LOOP('',(#7823));
#2024=EDGE_LOOP('',(#7824));
#2025=EDGE_LOOP('',(#7825));
#2026=EDGE_LOOP('',(#7826));
#2027=EDGE_LOOP('',(#7827));
#2028=EDGE_LOOP('',(#7828));
#2029=EDGE_LOOP('',(#7829));
#2030=EDGE_LOOP('',(#7830));
#2031=EDGE_LOOP('',(#7831));
#2032=EDGE_LOOP('',(#7832));
#2033=EDGE_LOOP('',(#7833));
#2034=EDGE_LOOP('',(#7834));
#2035=EDGE_LOOP('',(#7835));
#2036=EDGE_LOOP('',(#7836));
#2037=EDGE_LOOP('',(#7837));
#2038=EDGE_LOOP('',(#7838));
#2039=EDGE_LOOP('',(#7839));
#2040=EDGE_LOOP('',(#7840));
#2041=EDGE_LOOP('',(#7841));
#2042=EDGE_LOOP('',(#7842));
#2043=EDGE_LOOP('',(#7843));
#2044=EDGE_LOOP('',(#7844));
#2045=EDGE_LOOP('',(#7845));
#2046=EDGE_LOOP('',(#7846));
#2047=EDGE_LOOP('',(#7847));
#2048=EDGE_LOOP('',(#7848));
#2049=EDGE_LOOP('',(#7849));
#2050=EDGE_LOOP('',(#7850));
#2051=EDGE_LOOP('',(#7851));
#2052=EDGE_LOOP('',(#7852));
#2053=EDGE_LOOP('',(#7853));
#2054=EDGE_LOOP('',(#7854));
#2055=EDGE_LOOP('',(#7855));
#2056=EDGE_LOOP('',(#7856));
#2057=EDGE_LOOP('',(#7857));
#2058=EDGE_LOOP('',(#7858));
#2059=EDGE_LOOP('',(#7859));
#2060=EDGE_LOOP('',(#7860));
#2061=EDGE_LOOP('',(#7861));
#2062=EDGE_LOOP('',(#7862));
#2063=EDGE_LOOP('',(#7863));
#2064=EDGE_LOOP('',(#7864));
#2065=EDGE_LOOP('',(#7865));
#2066=EDGE_LOOP('',(#7866));
#2067=EDGE_LOOP('',(#7867));
#2068=EDGE_LOOP('',(#7868));
#2069=EDGE_LOOP('',(#7869));
#2070=EDGE_LOOP('',(#7870));
#2071=EDGE_LOOP('',(#7871));
#2072=EDGE_LOOP('',(#7872));
#2073=EDGE_LOOP('',(#7873));
#2074=EDGE_LOOP('',(#7874));
#2075=EDGE_LOOP('',(#7875));
#2076=EDGE_LOOP('',(#7876));
#2077=EDGE_LOOP('',(#7877));
#2078=EDGE_LOOP('',(#7878));
#2079=EDGE_LOOP('',(#7879));
#2080=EDGE_LOOP('',(#7880));
#2081=EDGE_LOOP('',(#7881));
#2082=EDGE_LOOP('',(#7882));
#2083=EDGE_LOOP('',(#7883));
#2084=EDGE_LOOP('',(#7884));
#2085=EDGE_LOOP('',(#7885));
#2086=EDGE_LOOP('',(#7886));
#2087=EDGE_LOOP('',(#7887));
#2088=EDGE_LOOP('',(#7888));
#2089=EDGE_LOOP('',(#7889));
#2090=EDGE_LOOP('',(#7890));
#2091=EDGE_LOOP('',(#7891));
#2092=EDGE_LOOP('',(#7892));
#2093=EDGE_LOOP('',(#7893));
#2094=EDGE_LOOP('',(#7894));
#2095=EDGE_LOOP('',(#7895));
#2096=EDGE_LOOP('',(#7896));
#2097=EDGE_LOOP('',(#7897));
#2098=EDGE_LOOP('',(#7898));
#2099=EDGE_LOOP('',(#7899));
#2100=EDGE_LOOP('',(#7900));
#2101=EDGE_LOOP('',(#7901));
#2102=EDGE_LOOP('',(#7902));
#2103=EDGE_LOOP('',(#7903));
#2104=EDGE_LOOP('',(#7904));
#2105=EDGE_LOOP('',(#7905));
#2106=EDGE_LOOP('',(#7906));
#2107=EDGE_LOOP('',(#7907));
#2108=EDGE_LOOP('',(#7908));
#2109=EDGE_LOOP('',(#7909));
#2110=EDGE_LOOP('',(#7910));
#2111=EDGE_LOOP('',(#7911));
#2112=EDGE_LOOP('',(#7912));
#2113=EDGE_LOOP('',(#7913));
#2114=EDGE_LOOP('',(#7914,#7915,#7916,#7917,#7918,#7919,#7920,#7921));
#2115=EDGE_LOOP('',(#7922));
#2116=EDGE_LOOP('',(#7923));
#2117=EDGE_LOOP('',(#7924));
#2118=EDGE_LOOP('',(#7925));
#2119=EDGE_LOOP('',(#7926));
#2120=EDGE_LOOP('',(#7927));
#2121=EDGE_LOOP('',(#7928));
#2122=EDGE_LOOP('',(#7929));
#2123=EDGE_LOOP('',(#7930));
#2124=EDGE_LOOP('',(#7931));
#2125=EDGE_LOOP('',(#7932));
#2126=EDGE_LOOP('',(#7933));
#2127=EDGE_LOOP('',(#7934));
#2128=EDGE_LOOP('',(#7935));
#2129=EDGE_LOOP('',(#7936));
#2130=EDGE_LOOP('',(#7937));
#2131=EDGE_LOOP('',(#7938));
#2132=EDGE_LOOP('',(#7939));
#2133=EDGE_LOOP('',(#7940));
#2134=EDGE_LOOP('',(#7941));
#2135=EDGE_LOOP('',(#7942));
#2136=EDGE_LOOP('',(#7943));
#2137=EDGE_LOOP('',(#7944));
#2138=EDGE_LOOP('',(#7945));
#2139=EDGE_LOOP('',(#7946));
#2140=EDGE_LOOP('',(#7947));
#2141=EDGE_LOOP('',(#7948));
#2142=EDGE_LOOP('',(#7949));
#2143=EDGE_LOOP('',(#7950));
#2144=EDGE_LOOP('',(#7951));
#2145=EDGE_LOOP('',(#7952));
#2146=EDGE_LOOP('',(#7953));
#2147=EDGE_LOOP('',(#7954));
#2148=EDGE_LOOP('',(#7955));
#2149=EDGE_LOOP('',(#7956));
#2150=EDGE_LOOP('',(#7957));
#2151=EDGE_LOOP('',(#7958));
#2152=EDGE_LOOP('',(#7959));
#2153=EDGE_LOOP('',(#7960));
#2154=EDGE_LOOP('',(#7961));
#2155=EDGE_LOOP('',(#7962));
#2156=EDGE_LOOP('',(#7963));
#2157=EDGE_LOOP('',(#7964));
#2158=EDGE_LOOP('',(#7965));
#2159=EDGE_LOOP('',(#7966));
#2160=EDGE_LOOP('',(#7967));
#2161=EDGE_LOOP('',(#7968));
#2162=EDGE_LOOP('',(#7969));
#2163=EDGE_LOOP('',(#7970));
#2164=EDGE_LOOP('',(#7971));
#2165=EDGE_LOOP('',(#7972));
#2166=EDGE_LOOP('',(#7973));
#2167=EDGE_LOOP('',(#7974));
#2168=EDGE_LOOP('',(#7975));
#2169=EDGE_LOOP('',(#7976));
#2170=EDGE_LOOP('',(#7977));
#2171=EDGE_LOOP('',(#7978));
#2172=EDGE_LOOP('',(#7979));
#2173=EDGE_LOOP('',(#7980));
#2174=EDGE_LOOP('',(#7981));
#2175=EDGE_LOOP('',(#7982));
#2176=EDGE_LOOP('',(#7983));
#2177=EDGE_LOOP('',(#7984));
#2178=EDGE_LOOP('',(#7985));
#2179=EDGE_LOOP('',(#7986));
#2180=EDGE_LOOP('',(#7987));
#2181=EDGE_LOOP('',(#7988));
#2182=EDGE_LOOP('',(#7989));
#2183=EDGE_LOOP('',(#7990));
#2184=EDGE_LOOP('',(#7991));
#2185=EDGE_LOOP('',(#7992));
#2186=EDGE_LOOP('',(#7993));
#2187=EDGE_LOOP('',(#7994));
#2188=EDGE_LOOP('',(#7995));
#2189=EDGE_LOOP('',(#7996));
#2190=EDGE_LOOP('',(#7997));
#2191=EDGE_LOOP('',(#7998));
#2192=EDGE_LOOP('',(#7999));
#2193=EDGE_LOOP('',(#8000));
#2194=EDGE_LOOP('',(#8001));
#2195=EDGE_LOOP('',(#8002));
#2196=EDGE_LOOP('',(#8003));
#2197=EDGE_LOOP('',(#8004));
#2198=EDGE_LOOP('',(#8005));
#2199=EDGE_LOOP('',(#8006));
#2200=EDGE_LOOP('',(#8007));
#2201=EDGE_LOOP('',(#8008));
#2202=EDGE_LOOP('',(#8009));
#2203=EDGE_LOOP('',(#8010));
#2204=EDGE_LOOP('',(#8011));
#2205=EDGE_LOOP('',(#8012));
#2206=EDGE_LOOP('',(#8013,#8014,#8015,#8016));
#2207=EDGE_LOOP('',(#8017,#8018,#8019,#8020));
#2208=EDGE_LOOP('',(#8021,#8022,#8023,#8024));
#2209=EDGE_LOOP('',(#8025,#8026,#8027,#8028));
#2210=EDGE_LOOP('',(#8029,#8030,#8031,#8032));
#2211=EDGE_LOOP('',(#8033,#8034,#8035,#8036));
#2212=EDGE_LOOP('',(#8037,#8038,#8039,#8040));
#2213=EDGE_LOOP('',(#8041,#8042,#8043,#8044));
#2214=EDGE_LOOP('',(#8045,#8046,#8047,#8048));
#2215=EDGE_LOOP('',(#8049,#8050,#8051,#8052));
#2216=EDGE_LOOP('',(#8053,#8054,#8055,#8056));
#2217=EDGE_LOOP('',(#8057,#8058,#8059,#8060));
#2218=EDGE_LOOP('',(#8061,#8062,#8063,#8064));
#2219=EDGE_LOOP('',(#8065,#8066,#8067,#8068));
#2220=EDGE_LOOP('',(#8069,#8070,#8071,#8072));
#2221=EDGE_LOOP('',(#8073,#8074,#8075,#8076));
#2222=EDGE_LOOP('',(#8077,#8078,#8079,#8080));
#2223=EDGE_LOOP('',(#8081,#8082,#8083,#8084));
#2224=EDGE_LOOP('',(#8085,#8086,#8087,#8088));
#2225=EDGE_LOOP('',(#8089,#8090,#8091,#8092));
#2226=EDGE_LOOP('',(#8093,#8094,#8095,#8096));
#2227=EDGE_LOOP('',(#8097,#8098,#8099,#8100));
#2228=EDGE_LOOP('',(#8101,#8102,#8103,#8104));
#2229=EDGE_LOOP('',(#8105,#8106,#8107,#8108));
#2230=EDGE_LOOP('',(#8109,#8110,#8111,#8112));
#2231=EDGE_LOOP('',(#8113,#8114,#8115,#8116));
#2232=EDGE_LOOP('',(#8117,#8118,#8119,#8120));
#2233=EDGE_LOOP('',(#8121,#8122,#8123,#8124));
#2234=EDGE_LOOP('',(#8125,#8126,#8127,#8128));
#2235=EDGE_LOOP('',(#8129,#8130,#8131,#8132));
#2236=EDGE_LOOP('',(#8133,#8134,#8135,#8136));
#2237=EDGE_LOOP('',(#8137,#8138,#8139,#8140));
#2238=EDGE_LOOP('',(#8141,#8142,#8143,#8144));
#2239=EDGE_LOOP('',(#8145,#8146,#8147,#8148));
#2240=EDGE_LOOP('',(#8149,#8150,#8151,#8152));
#2241=EDGE_LOOP('',(#8153,#8154,#8155,#8156));
#2242=EDGE_LOOP('',(#8157,#8158,#8159,#8160));
#2243=EDGE_LOOP('',(#8161,#8162,#8163,#8164));
#2244=EDGE_LOOP('',(#8165,#8166,#8167,#8168));
#2245=EDGE_LOOP('',(#8169,#8170,#8171,#8172));
#2246=EDGE_LOOP('',(#8173,#8174,#8175,#8176));
#2247=EDGE_LOOP('',(#8177,#8178,#8179,#8180));
#2248=EDGE_LOOP('',(#8181,#8182,#8183,#8184));
#2249=EDGE_LOOP('',(#8185,#8186,#8187,#8188));
#2250=EDGE_LOOP('',(#8189,#8190,#8191,#8192));
#2251=EDGE_LOOP('',(#8193,#8194,#8195,#8196));
#2252=EDGE_LOOP('',(#8197,#8198,#8199,#8200));
#2253=EDGE_LOOP('',(#8201,#8202,#8203,#8204));
#2254=EDGE_LOOP('',(#8205,#8206,#8207,#8208));
#2255=EDGE_LOOP('',(#8209,#8210,#8211,#8212));
#2256=EDGE_LOOP('',(#8213,#8214,#8215,#8216));
#2257=EDGE_LOOP('',(#8217,#8218,#8219,#8220));
#2258=EDGE_LOOP('',(#8221,#8222,#8223,#8224));
#2259=EDGE_LOOP('',(#8225,#8226,#8227,#8228));
#2260=EDGE_LOOP('',(#8229,#8230,#8231,#8232));
#2261=EDGE_LOOP('',(#8233,#8234,#8235,#8236));
#2262=EDGE_LOOP('',(#8237,#8238,#8239,#8240));
#2263=EDGE_LOOP('',(#8241,#8242,#8243,#8244));
#2264=EDGE_LOOP('',(#8245,#8246,#8247,#8248));
#2265=EDGE_LOOP('',(#8249,#8250,#8251,#8252));
#2266=EDGE_LOOP('',(#8253,#8254,#8255,#8256));
#2267=EDGE_LOOP('',(#8257,#8258,#8259,#8260));
#2268=EDGE_LOOP('',(#8261,#8262,#8263,#8264));
#2269=EDGE_LOOP('',(#8265,#8266,#8267,#8268));
#2270=EDGE_LOOP('',(#8269,#8270,#8271,#8272));
#2271=EDGE_LOOP('',(#8273,#8274,#8275,#8276));
#2272=EDGE_LOOP('',(#8277,#8278,#8279,#8280));
#2273=EDGE_LOOP('',(#8281,#8282,#8283,#8284));
#2274=EDGE_LOOP('',(#8285,#8286,#8287,#8288));
#2275=EDGE_LOOP('',(#8289,#8290,#8291,#8292));
#2276=EDGE_LOOP('',(#8293,#8294,#8295,#8296));
#2277=EDGE_LOOP('',(#8297,#8298,#8299,#8300));
#2278=EDGE_LOOP('',(#8301,#8302,#8303,#8304));
#2279=EDGE_LOOP('',(#8305,#8306,#8307,#8308));
#2280=EDGE_LOOP('',(#8309,#8310,#8311,#8312));
#2281=EDGE_LOOP('',(#8313,#8314,#8315,#8316));
#2282=EDGE_LOOP('',(#8317,#8318,#8319,#8320));
#2283=EDGE_LOOP('',(#8321,#8322,#8323,#8324));
#2284=EDGE_LOOP('',(#8325,#8326,#8327,#8328));
#2285=EDGE_LOOP('',(#8329,#8330,#8331,#8332));
#2286=EDGE_LOOP('',(#8333,#8334,#8335,#8336));
#2287=EDGE_LOOP('',(#8337,#8338,#8339,#8340));
#2288=EDGE_LOOP('',(#8341,#8342,#8343,#8344));
#2289=EDGE_LOOP('',(#8345,#8346,#8347,#8348));
#2290=EDGE_LOOP('',(#8349,#8350,#8351,#8352));
#2291=EDGE_LOOP('',(#8353,#8354,#8355,#8356));
#2292=EDGE_LOOP('',(#8357,#8358,#8359,#8360));
#2293=EDGE_LOOP('',(#8361,#8362,#8363,#8364));
#2294=EDGE_LOOP('',(#8365,#8366,#8367,#8368));
#2295=EDGE_LOOP('',(#8369,#8370,#8371,#8372));
#2296=EDGE_LOOP('',(#8373,#8374,#8375,#8376));
#2297=EDGE_LOOP('',(#8377,#8378,#8379,#8380));
#2298=EDGE_LOOP('',(#8381,#8382,#8383,#8384));
#2299=EDGE_LOOP('',(#8385,#8386,#8387,#8388));
#2300=EDGE_LOOP('',(#8389,#8390,#8391,#8392));
#2301=EDGE_LOOP('',(#8393,#8394,#8395,#8396));
#2302=EDGE_LOOP('',(#8397,#8398,#8399,#8400,#8401));
#2303=EDGE_LOOP('',(#8402,#8403,#8404,#8405,#8406,#8407));
#2304=EDGE_LOOP('',(#8408,#8409,#8410,#8411,#8412,#8413));
#2305=EDGE_LOOP('',(#8414,#8415,#8416,#8417,#8418,#8419));
#2306=EDGE_LOOP('',(#8420,#8421,#8422,#8423,#8424));
#2307=EDGE_LOOP('',(#8425));
#2308=EDGE_LOOP('',(#8426));
#2309=EDGE_LOOP('',(#8427,#8428,#8429,#8430));
#2310=EDGE_LOOP('',(#8431));
#2311=EDGE_LOOP('',(#8432));
#2312=EDGE_LOOP('',(#8433));
#2313=EDGE_LOOP('',(#8434));
#2314=EDGE_LOOP('',(#8435,#8436,#8437,#8438));
#2315=EDGE_LOOP('',(#8439,#8440,#8441,#8442));
#2316=EDGE_LOOP('',(#8443,#8444,#8445,#8446));
#2317=EDGE_LOOP('',(#8447,#8448,#8449,#8450));
#2318=EDGE_LOOP('',(#8451));
#2319=EDGE_LOOP('',(#8452));
#2320=EDGE_LOOP('',(#8453,#8454,#8455,#8456));
#2321=EDGE_LOOP('',(#8457,#8458,#8459,#8460));
#2322=EDGE_LOOP('',(#8461,#8462,#8463,#8464));
#2323=EDGE_LOOP('',(#8465,#8466,#8467,#8468));
#2324=EDGE_LOOP('',(#8469,#8470,#8471,#8472,#8473,#8474,#8475,#8476));
#2325=EDGE_LOOP('',(#8477,#8478,#8479,#8480));
#2326=EDGE_LOOP('',(#8481,#8482,#8483,#8484));
#2327=EDGE_LOOP('',(#8485,#8486,#8487,#8488));
#2328=EDGE_LOOP('',(#8489,#8490,#8491,#8492));
#2329=EDGE_LOOP('',(#8493,#8494,#8495,#8496,#8497,#8498,#8499,#8500));
#2330=EDGE_LOOP('',(#8501,#8502,#8503,#8504,#8505,#8506,#8507,#8508));
#2331=EDGE_LOOP('',(#8509,#8510,#8511,#8512,#8513,#8514,#8515,#8516));
#2332=EDGE_LOOP('',(#8517,#8518,#8519,#8520));
#2333=EDGE_LOOP('',(#8521,#8522,#8523,#8524,#8525));
#2334=EDGE_LOOP('',(#8526,#8527,#8528,#8529,#8530,#8531,#8532,#8533,#8534,
#8535,#8536,#8537,#8538,#8539));
#2335=EDGE_LOOP('',(#8540,#8541,#8542,#8543));
#2336=EDGE_LOOP('',(#8544,#8545,#8546,#8547));
#2337=EDGE_LOOP('',(#8548,#8549,#8550,#8551,#8552));
#2338=EDGE_LOOP('',(#8553,#8554,#8555,#8556));
#2339=EDGE_LOOP('',(#8557,#8558,#8559,#8560,#8561,#8562,#8563));
#2340=EDGE_LOOP('',(#8564,#8565,#8566,#8567));
#2341=EDGE_LOOP('',(#8568,#8569,#8570,#8571));
#2342=EDGE_LOOP('',(#8572,#8573,#8574,#8575));
#2343=EDGE_LOOP('',(#8576,#8577,#8578,#8579));
#2344=EDGE_LOOP('',(#8580,#8581,#8582,#8583));
#2345=EDGE_LOOP('',(#8584,#8585,#8586,#8587));
#2346=EDGE_LOOP('',(#8588,#8589,#8590,#8591,#8592,#8593,#8594,#8595,#8596,
#8597,#8598,#8599,#8600,#8601,#8602,#8603,#8604,#8605,#8606,#8607));
#2347=EDGE_LOOP('',(#8608,#8609,#8610,#8611,#8612,#8613,#8614));
#2348=EDGE_LOOP('',(#8615,#8616,#8617,#8618,#8619));
#2349=EDGE_LOOP('',(#8620,#8621,#8622));
#2350=EDGE_LOOP('',(#8623,#8624,#8625,#8626));
#2351=EDGE_LOOP('',(#8627,#8628,#8629,#8630,#8631,#8632,#8633,#8634,#8635,
#8636,#8637,#8638));
#2352=EDGE_LOOP('',(#8639,#8640,#8641,#8642,#8643,#8644,#8645,#8646,#8647,
#8648,#8649,#8650,#8651,#8652,#8653,#8654));
#2353=EDGE_LOOP('',(#8655,#8656,#8657,#8658));
#2354=EDGE_LOOP('',(#8659,#8660,#8661,#8662,#8663,#8664,#8665));
#2355=EDGE_LOOP('',(#8666,#8667,#8668,#8669));
#2356=EDGE_LOOP('',(#8670,#8671,#8672,#8673,#8674,#8675,#8676));
#2357=EDGE_LOOP('',(#8677,#8678,#8679,#8680));
#2358=EDGE_LOOP('',(#8681,#8682,#8683,#8684));
#2359=EDGE_LOOP('',(#8685,#8686,#8687,#8688,#8689,#8690));
#2360=EDGE_LOOP('',(#8691,#8692,#8693,#8694));
#2361=EDGE_LOOP('',(#8695,#8696,#8697,#8698));
#2362=EDGE_LOOP('',(#8699,#8700,#8701,#8702,#8703,#8704));
#2363=EDGE_LOOP('',(#8705,#8706,#8707,#8708,#8709));
#2364=EDGE_LOOP('',(#8710,#8711,#8712,#8713,#8714));
#2365=EDGE_LOOP('',(#8715,#8716,#8717,#8718,#8719));
#2366=EDGE_LOOP('',(#8720,#8721,#8722,#8723,#8724));
#2367=EDGE_LOOP('',(#8725,#8726,#8727,#8728,#8729));
#2368=EDGE_LOOP('',(#8730,#8731,#8732,#8733,#8734,#8735,#8736,#8737));
#2369=EDGE_LOOP('',(#8738,#8739,#8740,#8741));
#2370=EDGE_LOOP('',(#8742,#8743,#8744,#8745));
#2371=EDGE_LOOP('',(#8746,#8747,#8748,#8749,#8750,#8751,#8752,#8753));
#2372=EDGE_LOOP('',(#8754,#8755,#8756,#8757,#8758));
#2373=EDGE_LOOP('',(#8759,#8760,#8761,#8762));
#2374=EDGE_LOOP('',(#8763,#8764,#8765,#8766));
#2375=EDGE_LOOP('',(#8767,#8768,#8769,#8770));
#2376=EDGE_LOOP('',(#8771,#8772,#8773));
#2377=EDGE_LOOP('',(#8774,#8775,#8776,#8777));
#2378=EDGE_LOOP('',(#8778,#8779,#8780,#8781,#8782));
#2379=EDGE_LOOP('',(#8783,#8784,#8785,#8786));
#2380=EDGE_LOOP('',(#8787,#8788,#8789,#8790));
#2381=EDGE_LOOP('',(#8791,#8792,#8793,#8794));
#2382=EDGE_LOOP('',(#8795,#8796,#8797,#8798,#8799));
#2383=EDGE_LOOP('',(#8800,#8801,#8802,#8803));
#2384=EDGE_LOOP('',(#8804,#8805,#8806,#8807));
#2385=EDGE_LOOP('',(#8808,#8809,#8810,#8811));
#2386=EDGE_LOOP('',(#8812,#8813,#8814,#8815));
#2387=EDGE_LOOP('',(#8816,#8817,#8818,#8819));
#2388=EDGE_LOOP('',(#8820,#8821,#8822,#8823));
#2389=EDGE_LOOP('',(#8824,#8825,#8826,#8827,#8828,#8829,#8830,#8831));
#2390=EDGE_LOOP('',(#8832,#8833,#8834,#8835));
#2391=EDGE_LOOP('',(#8836,#8837,#8838,#8839));
#2392=EDGE_LOOP('',(#8840,#8841,#8842,#8843,#8844,#8845,#8846,#8847));
#2393=EDGE_LOOP('',(#8848,#8849,#8850,#8851));
#2394=EDGE_LOOP('',(#8852,#8853,#8854,#8855));
#2395=EDGE_LOOP('',(#8856,#8857,#8858,#8859));
#2396=EDGE_LOOP('',(#8860,#8861,#8862,#8863));
#2397=EDGE_LOOP('',(#8864,#8865,#8866,#8867));
#2398=EDGE_LOOP('',(#8868,#8869,#8870,#8871));
#2399=EDGE_LOOP('',(#8872,#8873,#8874,#8875));
#2400=EDGE_LOOP('',(#8876,#8877,#8878,#8879));
#2401=EDGE_LOOP('',(#8880,#8881,#8882,#8883));
#2402=EDGE_LOOP('',(#8884,#8885,#8886,#8887));
#2403=EDGE_LOOP('',(#8888,#8889,#8890,#8891));
#2404=EDGE_LOOP('',(#8892,#8893,#8894,#8895));
#2405=EDGE_LOOP('',(#8896,#8897,#8898,#8899,#8900,#8901));
#2406=EDGE_LOOP('',(#8902,#8903,#8904,#8905,#8906,#8907));
#2407=EDGE_LOOP('',(#8908,#8909,#8910,#8911,#8912,#8913,#8914,#8915));
#2408=EDGE_LOOP('',(#8916,#8917,#8918,#8919));
#2409=EDGE_LOOP('',(#8920,#8921,#8922,#8923));
#2410=EDGE_LOOP('',(#8924,#8925,#8926,#8927));
#2411=EDGE_LOOP('',(#8928,#8929,#8930,#8931));
#2412=EDGE_LOOP('',(#8932,#8933,#8934,#8935,#8936,#8937,#8938,#8939));
#2413=EDGE_LOOP('',(#8940,#8941,#8942,#8943,#8944,#8945,#8946,#8947));
#2414=EDGE_LOOP('',(#8948,#8949,#8950,#8951,#8952,#8953,#8954,#8955,#8956));
#2415=EDGE_LOOP('',(#8957,#8958,#8959,#8960,#8961,#8962,#8963,#8964,#8965,
#8966,#8967,#8968,#8969,#8970,#8971,#8972,#8973,#8974));
#2416=EDGE_LOOP('',(#8975));
#2417=EDGE_LOOP('',(#8976));
#2418=EDGE_LOOP('',(#8977));
#2419=EDGE_LOOP('',(#8978,#8979,#8980,#8981,#8982,#8983));
#2420=EDGE_LOOP('',(#8984,#8985,#8986,#8987));
#2421=EDGE_LOOP('',(#8988,#8989,#8990,#8991,#8992,#8993));
#2422=EDGE_LOOP('',(#8994,#8995,#8996,#8997));
#2423=EDGE_LOOP('',(#8998,#8999,#9000,#9001));
#2424=EDGE_LOOP('',(#9002,#9003,#9004,#9005));
#2425=EDGE_LOOP('',(#9006,#9007,#9008,#9009));
#2426=EDGE_LOOP('',(#9010,#9011,#9012,#9013,#9014,#9015));
#2427=EDGE_LOOP('',(#9016,#9017,#9018,#9019,#9020,#9021));
#2428=EDGE_LOOP('',(#9022,#9023,#9024,#9025));
#2429=EDGE_LOOP('',(#9026,#9027,#9028,#9029));
#2430=EDGE_LOOP('',(#9030));
#2431=EDGE_LOOP('',(#9031));
#2432=EDGE_LOOP('',(#9032,#9033,#9034,#9035));
#2433=EDGE_LOOP('',(#9036,#9037,#9038,#9039));
#2434=EDGE_LOOP('',(#9040,#9041,#9042,#9043));
#2435=EDGE_LOOP('',(#9044,#9045,#9046,#9047));
#2436=EDGE_LOOP('',(#9048));
#2437=EDGE_LOOP('',(#9049,#9050,#9051,#9052,#9053));
#2438=EDGE_LOOP('',(#9054,#9055,#9056,#9057));
#2439=EDGE_LOOP('',(#9058,#9059,#9060,#9061,#9062));
#2440=EDGE_LOOP('',(#9063,#9064,#9065,#9066));
#2441=EDGE_LOOP('',(#9067,#9068,#9069,#9070,#9071));
#2442=EDGE_LOOP('',(#9072,#9073,#9074,#9075));
#2443=EDGE_LOOP('',(#9076,#9077,#9078,#9079));
#2444=EDGE_LOOP('',(#9080,#9081,#9082,#9083));
#2445=EDGE_LOOP('',(#9084,#9085,#9086,#9087,#9088,#9089,#9090,#9091,#9092,
#9093,#9094,#9095));
#2446=EDGE_LOOP('',(#9096,#9097,#9098,#9099,#9100));
#2447=EDGE_LOOP('',(#9101,#9102,#9103,#9104));
#2448=EDGE_LOOP('',(#9105,#9106,#9107,#9108));
#2449=EDGE_LOOP('',(#9109,#9110,#9111,#9112));
#2450=EDGE_LOOP('',(#9113,#9114,#9115,#9116));
#2451=EDGE_LOOP('',(#9117,#9118,#9119,#9120));
#2452=EDGE_LOOP('',(#9121,#9122,#9123,#9124));
#2453=EDGE_LOOP('',(#9125,#9126,#9127,#9128));
#2454=EDGE_LOOP('',(#9129,#9130,#9131,#9132));
#2455=EDGE_LOOP('',(#9133,#9134,#9135,#9136));
#2456=EDGE_LOOP('',(#9137,#9138,#9139,#9140));
#2457=EDGE_LOOP('',(#9141,#9142,#9143,#9144));
#2458=EDGE_LOOP('',(#9145,#9146,#9147,#9148));
#2459=EDGE_LOOP('',(#9149,#9150,#9151,#9152));
#2460=EDGE_LOOP('',(#9153,#9154,#9155,#9156));
#2461=EDGE_LOOP('',(#9157,#9158,#9159,#9160));
#2462=EDGE_LOOP('',(#9161,#9162,#9163,#9164));
#2463=EDGE_LOOP('',(#9165,#9166,#9167,#9168));
#2464=EDGE_LOOP('',(#9169,#9170,#9171,#9172));
#2465=EDGE_LOOP('',(#9173,#9174,#9175,#9176));
#2466=EDGE_LOOP('',(#9177,#9178,#9179,#9180,#9181,#9182,#9183,#9184));
#2467=EDGE_LOOP('',(#9185,#9186,#9187,#9188));
#2468=EDGE_LOOP('',(#9189,#9190,#9191,#9192));
#2469=EDGE_LOOP('',(#9193,#9194,#9195,#9196));
#2470=EDGE_LOOP('',(#9197,#9198,#9199,#9200));
#2471=EDGE_LOOP('',(#9201,#9202,#9203,#9204));
#2472=EDGE_LOOP('',(#9205,#9206,#9207,#9208,#9209,#9210,#9211,#9212));
#2473=EDGE_LOOP('',(#9213,#9214,#9215,#9216));
#2474=EDGE_LOOP('',(#9217,#9218,#9219,#9220));
#2475=EDGE_LOOP('',(#9221,#9222,#9223,#9224));
#2476=EDGE_LOOP('',(#9225,#9226,#9227,#9228,#9229,#9230,#9231,#9232));
#2477=EDGE_LOOP('',(#9233,#9234,#9235,#9236));
#2478=EDGE_LOOP('',(#9237,#9238,#9239,#9240,#9241,#9242,#9243,#9244));
#2479=EDGE_LOOP('',(#9245,#9246,#9247,#9248));
#2480=EDGE_LOOP('',(#9249,#9250,#9251,#9252,#9253,#9254,#9255,#9256,#9257,
#9258,#9259,#9260));
#2481=EDGE_LOOP('',(#9261,#9262,#9263,#9264,#9265,#9266,#9267,#9268,#9269,
#9270,#9271,#9272));
#2482=EDGE_LOOP('',(#9273,#9274,#9275,#9276));
#2483=EDGE_LOOP('',(#9277,#9278,#9279,#9280));
#2484=EDGE_LOOP('',(#9281,#9282,#9283,#9284,#9285,#9286));
#2485=EDGE_LOOP('',(#9287,#9288,#9289,#9290));
#2486=EDGE_LOOP('',(#9291,#9292,#9293,#9294));
#2487=EDGE_LOOP('',(#9295,#9296,#9297,#9298));
#2488=EDGE_LOOP('',(#9299,#9300,#9301,#9302,#9303,#9304));
#2489=EDGE_LOOP('',(#9305,#9306,#9307,#9308));
#2490=EDGE_LOOP('',(#9309,#9310,#9311,#9312));
#2491=EDGE_LOOP('',(#9313,#9314,#9315,#9316));
#2492=EDGE_LOOP('',(#9317,#9318,#9319,#9320));
#2493=EDGE_LOOP('',(#9321,#9322,#9323,#9324,#9325,#9326));
#2494=EDGE_LOOP('',(#9327,#9328,#9329,#9330));
#2495=EDGE_LOOP('',(#9331,#9332,#9333,#9334,#9335,#9336));
#2496=EDGE_LOOP('',(#9337,#9338,#9339,#9340));
#2497=EDGE_LOOP('',(#9341,#9342,#9343,#9344));
#2498=EDGE_LOOP('',(#9345,#9346,#9347,#9348));
#2499=EDGE_LOOP('',(#9349,#9350,#9351,#9352,#9353));
#2500=EDGE_LOOP('',(#9354,#9355,#9356,#9357,#9358));
#2501=EDGE_LOOP('',(#9359,#9360,#9361,#9362));
#2502=EDGE_LOOP('',(#9363,#9364,#9365,#9366));
#2503=EDGE_LOOP('',(#9367,#9368,#9369,#9370));
#2504=EDGE_LOOP('',(#9371,#9372,#9373,#9374));
#2505=EDGE_LOOP('',(#9375));
#2506=EDGE_LOOP('',(#9376,#9377,#9378,#9379,#9380,#9381,#9382,#9383));
#2507=EDGE_LOOP('',(#9384));
#2508=EDGE_LOOP('',(#9385,#9386,#9387,#9388));
#2509=EDGE_LOOP('',(#9389,#9390,#9391,#9392));
#2510=EDGE_LOOP('',(#9393,#9394,#9395,#9396));
#2511=EDGE_LOOP('',(#9397,#9398,#9399,#9400));
#2512=EDGE_LOOP('',(#9401));
#2513=EDGE_LOOP('',(#9402,#9403,#9404,#9405,#9406,#9407,#9408,#9409,#9410,
#9411,#9412,#9413));
#2514=EDGE_LOOP('',(#9414,#9415,#9416,#9417));
#2515=EDGE_LOOP('',(#9418,#9419,#9420,#9421));
#2516=EDGE_LOOP('',(#9422,#9423,#9424,#9425));
#2517=EDGE_LOOP('',(#9426,#9427,#9428,#9429,#9430));
#2518=EDGE_LOOP('',(#9431,#9432,#9433,#9434,#9435));
#2519=EDGE_LOOP('',(#9436,#9437,#9438,#9439));
#2520=EDGE_LOOP('',(#9440));
#2521=EDGE_LOOP('',(#9441,#9442,#9443,#9444));
#2522=EDGE_LOOP('',(#9445));
#2523=EDGE_LOOP('',(#9446,#9447,#9448,#9449));
#2524=EDGE_LOOP('',(#9450,#9451,#9452,#9453));
#2525=EDGE_LOOP('',(#9454,#9455,#9456,#9457));
#2526=EDGE_LOOP('',(#9458,#9459,#9460,#9461));
#2527=EDGE_LOOP('',(#9462));
#2528=EDGE_LOOP('',(#9463,#9464,#9465,#9466,#9467,#9468,#9469,#9470));
#2529=EDGE_LOOP('',(#9471));
#2530=EDGE_LOOP('',(#9472,#9473,#9474,#9475));
#2531=EDGE_LOOP('',(#9476));
#2532=EDGE_LOOP('',(#9477,#9478,#9479,#9480));
#2533=EDGE_LOOP('',(#9481));
#2534=EDGE_LOOP('',(#9482,#9483,#9484,#9485,#9486,#9487,#9488,#9489));
#2535=EDGE_LOOP('',(#9490,#9491,#9492,#9493));
#2536=EDGE_LOOP('',(#9494,#9495,#9496,#9497,#9498,#9499,#9500,#9501,#9502,
#9503,#9504,#9505));
#2537=EDGE_LOOP('',(#9506,#9507,#9508,#9509));
#2538=EDGE_LOOP('',(#9510));
#2539=EDGE_LOOP('',(#9511));
#2540=EDGE_LOOP('',(#9512,#9513,#9514,#9515,#9516,#9517,#9518,#9519));
#2541=EDGE_LOOP('',(#9520,#9521,#9522,#9523));
#2542=EDGE_LOOP('',(#9524,#9525,#9526,#9527));
#2543=EDGE_LOOP('',(#9528,#9529,#9530,#9531));
#2544=EDGE_LOOP('',(#9532,#9533,#9534,#9535));
#2545=EDGE_LOOP('',(#9536,#9537,#9538,#9539));
#2546=EDGE_LOOP('',(#9540,#9541,#9542,#9543));
#2547=EDGE_LOOP('',(#9544,#9545,#9546,#9547));
#2548=EDGE_LOOP('',(#9548,#9549,#9550,#9551));
#2549=EDGE_LOOP('',(#9552));
#2550=EDGE_LOOP('',(#9553,#9554,#9555,#9556));
#2551=EDGE_LOOP('',(#9557,#9558,#9559));
#2552=EDGE_LOOP('',(#9560,#9561,#9562,#9563));
#2553=EDGE_LOOP('',(#9564,#9565,#9566));
#2554=EDGE_LOOP('',(#9567,#9568,#9569,#9570,#9571));
#2555=EDGE_LOOP('',(#9572,#9573,#9574));
#2556=EDGE_LOOP('',(#9575,#9576));
#2557=EDGE_LOOP('',(#9577));
#2558=EDGE_LOOP('',(#9578,#9579,#9580));
#2559=EDGE_LOOP('',(#9581,#9582,#9583));
#2560=EDGE_LOOP('',(#9584,#9585,#9586,#9587,#9588,#9589,#9590,#9591,#9592));
#2561=EDGE_LOOP('',(#9593,#9594,#9595,#9596,#9597,#9598,#9599,#9600));
#2562=EDGE_LOOP('',(#9601));
#2563=EDGE_LOOP('',(#9602));
#2564=EDGE_LOOP('',(#9603));
#2565=EDGE_LOOP('',(#9604));
#2566=EDGE_LOOP('',(#9605,#9606,#9607,#9608,#9609));
#2567=EDGE_LOOP('',(#9610,#9611));
#2568=EDGE_LOOP('',(#9612));
#2569=EDGE_LOOP('',(#9613,#9614,#9615,#9616,#9617));
#2570=EDGE_LOOP('',(#9618,#9619,#9620));
#2571=EDGE_LOOP('',(#9621,#9622,#9623));
#2572=EDGE_LOOP('',(#9624,#9625,#9626));
#2573=EDGE_LOOP('',(#9627,#9628));
#2574=EDGE_LOOP('',(#9629));
#2575=EDGE_LOOP('',(#9630,#9631,#9632));
#2576=EDGE_LOOP('',(#9633,#9634,#9635));
#2577=EDGE_LOOP('',(#9636,#9637,#9638,#9639));
#2578=EDGE_LOOP('',(#9640,#9641));
#2579=EDGE_LOOP('',(#9642));
#2580=EDGE_LOOP('',(#9643,#9644,#9645));
#2581=EDGE_LOOP('',(#9646,#9647,#9648));
#2582=EDGE_LOOP('',(#9649,#9650,#9651,#9652));
#2583=EDGE_LOOP('',(#9653,#9654,#9655,#9656));
#2584=EDGE_LOOP('',(#9657,#9658,#9659,#9660));
#2585=EDGE_LOOP('',(#9661,#9662,#9663,#9664));
#2586=EDGE_LOOP('',(#9665,#9666,#9667,#9668,#9669,#9670,#9671,#9672,#9673,
#9674,#9675,#9676));
#2587=EDGE_LOOP('',(#9677,#9678,#9679,#9680));
#2588=EDGE_LOOP('',(#9681,#9682,#9683,#9684,#9685,#9686));
#2589=EDGE_LOOP('',(#9687,#9688,#9689,#9690));
#2590=EDGE_LOOP('',(#9691,#9692,#9693,#9694,#9695));
#2591=EDGE_LOOP('',(#9696,#9697,#9698,#9699));
#2592=EDGE_LOOP('',(#9700,#9701,#9702,#9703));
#2593=EDGE_LOOP('',(#9704,#9705,#9706,#9707));
#2594=EDGE_LOOP('',(#9708,#9709,#9710,#9711));
#2595=EDGE_LOOP('',(#9712,#9713,#9714,#9715));
#2596=EDGE_LOOP('',(#9716,#9717,#9718,#9719));
#2597=EDGE_LOOP('',(#9720,#9721,#9722,#9723));
#2598=EDGE_LOOP('',(#9724,#9725,#9726,#9727,#9728));
#2599=EDGE_LOOP('',(#9729,#9730,#9731,#9732,#9733,#9734));
#2600=EDGE_LOOP('',(#9735,#9736,#9737,#9738));
#2601=EDGE_LOOP('',(#9739));
#2602=EDGE_LOOP('',(#9740,#9741,#9742,#9743));
#2603=EDGE_LOOP('',(#9744));
#2604=EDGE_LOOP('',(#9745,#9746,#9747,#9748));
#2605=EDGE_LOOP('',(#9749));
#2606=EDGE_LOOP('',(#9750,#9751,#9752,#9753));
#2607=EDGE_LOOP('',(#9754));
#2608=EDGE_LOOP('',(#9755,#9756,#9757,#9758));
#2609=EDGE_LOOP('',(#9759,#9760,#9761,#9762));
#2610=EDGE_LOOP('',(#9763));
#2611=EDGE_LOOP('',(#9764));
#2612=EDGE_LOOP('',(#9765));
#2613=EDGE_LOOP('',(#9766));
#2614=EDGE_LOOP('',(#9767,#9768,#9769,#9770,#9771,#9772));
#2615=EDGE_LOOP('',(#9773,#9774,#9775,#9776,#9777,#9778,#9779));
#2616=EDGE_LOOP('',(#9780,#9781,#9782,#9783,#9784,#9785,#9786,#9787));
#2617=EDGE_LOOP('',(#9788,#9789,#9790,#9791));
#2618=EDGE_LOOP('',(#9792,#9793,#9794,#9795,#9796,#9797,#9798,#9799));
#2619=EDGE_LOOP('',(#9800,#9801,#9802,#9803,#9804,#9805,#9806,#9807,#9808,
#9809));
#2620=EDGE_LOOP('',(#9810,#9811,#9812,#9813));
#2621=EDGE_LOOP('',(#9814,#9815,#9816,#9817));
#2622=EDGE_LOOP('',(#9818,#9819,#9820,#9821,#9822,#9823,#9824,#9825));
#2623=EDGE_LOOP('',(#9826,#9827,#9828,#9829));
#2624=EDGE_LOOP('',(#9830,#9831,#9832,#9833,#9834,#9835));
#2625=EDGE_LOOP('',(#9836,#9837,#9838,#9839));
#2626=EDGE_LOOP('',(#9840,#9841,#9842,#9843,#9844,#9845));
#2627=EDGE_LOOP('',(#9846,#9847,#9848,#9849));
#2628=EDGE_LOOP('',(#9850,#9851,#9852,#9853,#9854,#9855,#9856,#9857));
#2629=EDGE_LOOP('',(#9858));
#2630=EDGE_LOOP('',(#9859,#9860,#9861,#9862));
#2631=EDGE_LOOP('',(#9863,#9864,#9865,#9866));
#2632=EDGE_LOOP('',(#9867,#9868,#9869,#9870));
#2633=EDGE_LOOP('',(#9871,#9872,#9873,#9874));
#2634=EDGE_LOOP('',(#9875,#9876,#9877,#9878));
#2635=EDGE_LOOP('',(#9879,#9880,#9881,#9882));
#2636=EDGE_LOOP('',(#9883,#9884,#9885,#9886));
#2637=EDGE_LOOP('',(#9887,#9888,#9889,#9890,#9891,#9892,#9893,#9894));
#2638=EDGE_LOOP('',(#9895,#9896,#9897,#9898));
#2639=EDGE_LOOP('',(#9899,#9900,#9901,#9902));
#2640=EDGE_LOOP('',(#9903,#9904,#9905,#9906,#9907,#9908,#9909,#9910));
#2641=EDGE_LOOP('',(#9911));
#2642=EDGE_LOOP('',(#9912,#9913,#9914,#9915,#9916,#9917,#9918,#9919));
#2643=EDGE_LOOP('',(#9920,#9921,#9922,#9923));
#2644=EDGE_LOOP('',(#9924,#9925,#9926,#9927));
#2645=EDGE_LOOP('',(#9928,#9929,#9930));
#2646=EDGE_LOOP('',(#9931,#9932,#9933,#9934));
#2647=EDGE_LOOP('',(#9935,#9936,#9937,#9938));
#2648=EDGE_LOOP('',(#9939,#9940,#9941,#9942));
#2649=EDGE_LOOP('',(#9943,#9944,#9945,#9946));
#2650=EDGE_LOOP('',(#9947,#9948,#9949,#9950));
#2651=EDGE_LOOP('',(#9951,#9952,#9953,#9954));
#2652=EDGE_LOOP('',(#9955,#9956,#9957,#9958));
#2653=EDGE_LOOP('',(#9959,#9960,#9961,#9962,#9963,#9964));
#2654=EDGE_LOOP('',(#9965,#9966,#9967,#9968,#9969,#9970,#9971,#9972,#9973,
#9974,#9975,#9976,#9977,#9978,#9979,#9980,#9981,#9982,#9983,#9984));
#2655=EDGE_LOOP('',(#9985));
#2656=EDGE_LOOP('',(#9986));
#2657=EDGE_LOOP('',(#9987,#9988,#9989,#9990));
#2658=EDGE_LOOP('',(#9991,#9992));
#2659=B_SPLINE_CURVE_WITH_KNOTS('',3,(#14982,#14983,#14984,#14985,#14986,
#14987,#14988,#14989,#14990,#14991),.UNSPECIFIED.,.F.,.F.,(4,2,2,2,4),(-0.219489893175632,
-0.164573316994188,-0.109692726403637,-0.0548382153702378,0.),
 .UNSPECIFIED.);
#2660=B_SPLINE_CURVE_WITH_KNOTS('',3,(#15003,#15004,#15005,#15006,#15007,
#15008,#15009,#15010,#15011,#15012),.UNSPECIFIED.,.F.,.F.,(4,2,2,2,4),(0.,
0.0548382153702378,0.109692726403637,0.164573316994188,0.219489893175632),
 .UNSPECIFIED.);
#2661=B_SPLINE_CURVE_WITH_KNOTS('',3,(#15016,#15017,#15018,#15019,#15020,
#15021,#15022,#15023,#15024,#15025),.UNSPECIFIED.,.F.,.F.,(4,2,2,2,4),(-0.0444425541800988,
-0.0333260866237461,-0.0222134861076673,-0.0111050951207219,0.),
 .UNSPECIFIED.);
#2662=B_SPLINE_CURVE_WITH_KNOTS('',3,(#15028,#15029,#15030,#15031,#15032,
#15033,#15034,#15035,#15036,#15037),.UNSPECIFIED.,.F.,.F.,(4,2,2,2,4),(0.,
0.0111050951207219,0.0222134861076673,0.0333260866237461,0.0444425541800988),
 .UNSPECIFIED.);
#2663=B_SPLINE_CURVE_WITH_KNOTS('',3,(#17536,#17537,#17538,#17539,#17540,
#17541,#17542,#17543,#17544,#17545),.UNSPECIFIED.,.F.,.F.,(4,2,2,2,4),(0.559347439743498,
0.659207488030299,0.759067536317099,0.853399030851971,0.947730525386843),
 .UNSPECIFIED.);
#2664=B_SPLINE_CURVE_WITH_KNOTS('',3,(#17553,#17554,#17555,#17556,#17557,
#17558,#17559,#17560,#17561,#17562,#17563,#17564,#17565,#17566,#17567,#17568,
#17569,#17570),.UNSPECIFIED.,.F.,.F.,(4,2,2,2,2,2,2,2,4),(0.,0.166322037025946,
0.332644074051893,0.445995756897696,0.559347439743499,0.659207488030299,
0.759067536317099,0.853399030851971,0.947730525386844),.UNSPECIFIED.);
#2665=B_SPLINE_CURVE_WITH_KNOTS('',3,(#17571,#17572,#17573,#17574,#17575,
#17576,#17577,#17578,#17579,#17580),.UNSPECIFIED.,.F.,.F.,(4,2,2,2,4),(1.33611361103019,
1.44946529387599,1.56281697672179,1.72913901374774,1.89546105077369),
 .UNSPECIFIED.);
#2666=B_SPLINE_CURVE_WITH_KNOTS('',3,(#17587,#17588,#17589,#17590,#17591,
#17592,#17593,#17594,#17595,#17596),.UNSPECIFIED.,.F.,.F.,(4,2,2,2,4),(0.559347439743498,
0.659207488030299,0.759067536317099,0.853399030851971,0.947730525386843),
 .UNSPECIFIED.);
#2667=B_SPLINE_CURVE_WITH_KNOTS('',3,(#17604,#17605,#17606,#17607,#17608,
#17609,#17610,#17611,#17612,#17613),.UNSPECIFIED.,.F.,.F.,(4,2,2,2,4),(0.559347439743499,
0.659207488030299,0.759067536317099,0.853399030851971,0.947730525386844),
 .UNSPECIFIED.);
#2668=B_SPLINE_CURVE_WITH_KNOTS('',3,(#17615,#17616,#17617,#17618,#17619,
#17620,#17621,#17622,#17623,#17624),.UNSPECIFIED.,.F.,.F.,(4,2,2,2,4),(0.,
0.166322037025946,0.332644074051893,0.445995756897696,0.559347439743499),
 .UNSPECIFIED.);
#2669=B_SPLINE_CURVE_WITH_KNOTS('',3,(#17625,#17626,#17627,#17628,#17629,
#17630,#17631,#17632,#17633,#17634),.UNSPECIFIED.,.F.,.F.,(4,2,2,2,4),(1.33611361103019,
1.44946529387599,1.56281697672179,1.72913901374774,1.89546105077369),
 .UNSPECIFIED.);
#2670=B_SPLINE_CURVE_WITH_KNOTS('',3,(#17636,#17637,#17638,#17639,#17640,
#17641,#17642,#17643,#17644,#17645),.UNSPECIFIED.,.F.,.F.,(4,2,2,2,4),(0.947730525386844,
1.04206201992172,1.13639351445659,1.23625356274339,1.33611361103019),
 .UNSPECIFIED.);
#2671=B_SPLINE_CURVE_WITH_KNOTS('',3,(#17690,#17691,#17692,#17693,#17694,
#17695,#17696,#17697,#17698,#17699),.UNSPECIFIED.,.F.,.F.,(4,2,2,2,4),(0.,
0.166322037025946,0.332644074051892,0.445995756897695,0.559347439743498),
 .UNSPECIFIED.);
#2672=B_SPLINE_CURVE_WITH_KNOTS('',3,(#17701,#17702,#17703,#17704,#17705,
#17706,#17707,#17708,#17709,#17710),.UNSPECIFIED.,.F.,.F.,(4,2,2,2,4),(1.33611361103019,
1.44946529387599,1.56281697672179,1.72913901374774,1.89546105077369),
 .UNSPECIFIED.);
#2673=B_SPLINE_CURVE_WITH_KNOTS('',3,(#17711,#17712,#17713,#17714,#17715,
#17716,#17717,#17718,#17719,#17720),.UNSPECIFIED.,.F.,.F.,(4,2,2,2,4),(0.947730525386843,
1.04206201992171,1.13639351445659,1.23625356274339,1.33611361103019),
 .UNSPECIFIED.);
#2674=B_SPLINE_CURVE_WITH_KNOTS('',3,(#17727,#17728,#17729,#17730,#17731,
#17732,#17733,#17734,#17735,#17736,#17737,#17738,#17739,#17740,#17741,#17742,
#17743,#17744),.UNSPECIFIED.,.F.,.F.,(4,2,2,2,2,2,2,2,4),(0.947730525386843,
1.04206201992171,1.13639351445659,1.23625356274339,1.33611361103019,1.44946529387599,
1.56281697672179,1.72913901374774,1.89546105077369),.UNSPECIFIED.);
#2675=B_SPLINE_CURVE_WITH_KNOTS('',3,(#17752,#17753,#17754,#17755,#17756,
#17757,#17758,#17759,#17760,#17761),.UNSPECIFIED.,.F.,.F.,(4,2,2,2,4),(0.947730525386844,
1.04206201992172,1.13639351445659,1.23625356274339,1.33611361103019),
 .UNSPECIFIED.);
#2676=B_SPLINE_CURVE_WITH_KNOTS('',3,(#17773,#17774,#17775,#17776,#17777,
#17778,#17779,#17780,#17781,#17782),.UNSPECIFIED.,.F.,.F.,(4,2,2,2,4),(0.,
0.166322037025946,0.332644074051892,0.445995756897695,0.559347439743498),
 .UNSPECIFIED.);
#2677=B_SPLINE_CURVE_WITH_KNOTS('',3,(#17911,#17912,#17913,#17914,#17915,
#17916),.UNSPECIFIED.,.F.,.F.,(4,2,4),(0.413355790192524,0.476868022359674,
0.543036625531618),.UNSPECIFIED.);
#2678=B_SPLINE_CURVE_WITH_KNOTS('',3,(#17918,#17919,#17920,#17921,#17922,
#17923),.UNSPECIFIED.,.F.,.F.,(4,2,4),(0.543036625531618,0.609205228703563,
0.672717460870708),.UNSPECIFIED.);
#2679=B_SPLINE_CURVE_WITH_KNOTS('',3,(#17933,#17934,#17935,#17936,#17937,
#17938,#17939,#17940,#17941,#17942,#17943,#17944,#17945,#17946),
 .UNSPECIFIED.,.F.,.F.,(4,2,2,2,2,2,4),(0.340605492905856,0.402793043227179,
0.469139324242543,0.535485605257907,0.601831886273271,0.668178167288635,
0.730365717609958),.UNSPECIFIED.);
#2680=B_SPLINE_CURVE_WITH_KNOTS('',3,(#17955,#17956,#17957,#17958,#17959,
#17960),.UNSPECIFIED.,.F.,.F.,(4,2,4),(0.514072950533508,0.553611604435886,
0.593150258338258),.UNSPECIFIED.);
#2681=LINE('',#14980,#3756);
#2682=LINE('',#14993,#3757);
#2683=LINE('',#14995,#3758);
#2684=LINE('',#14997,#3759);
#2685=LINE('',#14999,#3760);
#2686=LINE('',#15001,#3761);
#2687=LINE('',#15014,#3762);
#2688=LINE('',#15027,#3763);
#2689=LINE('',#15055,#3764);
#2690=LINE('',#15068,#3765);
#2691=LINE('',#15070,#3766);
#2692=LINE('',#15072,#3767);
#2693=LINE('',#15074,#3768);
#2694=LINE('',#15076,#3769);
#2695=LINE('',#15078,#3770);
#2696=LINE('',#15080,#3771);
#2697=LINE('',#15081,#3772);
#2698=LINE('',#15084,#3773);
#2699=LINE('',#15086,#3774);
#2700=LINE('',#15087,#3775);
#2701=LINE('',#15090,#3776);
#2702=LINE('',#15091,#3777);
#2703=LINE('',#15094,#3778);
#2704=LINE('',#15095,#3779);
#2705=LINE('',#15098,#3780);
#2706=LINE('',#15100,#3781);
#2707=LINE('',#15102,#3782);
#2708=LINE('',#15104,#3783);
#2709=LINE('',#15106,#3784);
#2710=LINE('',#15108,#3785);
#2711=LINE('',#15110,#3786);
#2712=LINE('',#15111,#3787);
#2713=LINE('',#15114,#3788);
#2714=LINE('',#15116,#3789);
#2715=LINE('',#15118,#3790);
#2716=LINE('',#15120,#3791);
#2717=LINE('',#15122,#3792);
#2718=LINE('',#15124,#3793);
#2719=LINE('',#15126,#3794);
#2720=LINE('',#15127,#3795);
#2721=LINE('',#15130,#3796);
#2722=LINE('',#15132,#3797);
#2723=LINE('',#15134,#3798);
#2724=LINE('',#15136,#3799);
#2725=LINE('',#15138,#3800);
#2726=LINE('',#15140,#3801);
#2727=LINE('',#15142,#3802);
#2728=LINE('',#15143,#3803);
#2729=LINE('',#15146,#3804);
#2730=LINE('',#15148,#3805);
#2731=LINE('',#15150,#3806);
#2732=LINE('',#15152,#3807);
#2733=LINE('',#15154,#3808);
#2734=LINE('',#15156,#3809);
#2735=LINE('',#15158,#3810);
#2736=LINE('',#15159,#3811);
#2737=LINE('',#15162,#3812);
#2738=LINE('',#15163,#3813);
#2739=LINE('',#15166,#3814);
#2740=LINE('',#15167,#3815);
#2741=LINE('',#15170,#3816);
#2742=LINE('',#15172,#3817);
#2743=LINE('',#15173,#3818);
#2744=LINE('',#15175,#3819);
#2745=LINE('',#15178,#3820);
#2746=LINE('',#15180,#3821);
#2747=LINE('',#15182,#3822);
#2748=LINE('',#15183,#3823);
#2749=LINE('',#15186,#3824);
#2750=LINE('',#15188,#3825);
#2751=LINE('',#15190,#3826);
#2752=LINE('',#15191,#3827);
#2753=LINE('',#15194,#3828);
#2754=LINE('',#15196,#3829);
#2755=LINE('',#15198,#3830);
#2756=LINE('',#15199,#3831);
#2757=LINE('',#15202,#3832);
#2758=LINE('',#15204,#3833);
#2759=LINE('',#15206,#3834);
#2760=LINE('',#15207,#3835);
#2761=LINE('',#15209,#3836);
#2762=LINE('',#15213,#3837);
#2763=LINE('',#15215,#3838);
#2764=LINE('',#15216,#3839);
#2765=LINE('',#15219,#3840);
#2766=LINE('',#15220,#3841);
#2767=LINE('',#15223,#3842);
#2768=LINE('',#15224,#3843);
#2769=LINE('',#15226,#3844);
#2770=LINE('',#15229,#3845);
#2771=LINE('',#15231,#3846);
#2772=LINE('',#15232,#3847);
#2773=LINE('',#15235,#3848);
#2774=LINE('',#15236,#3849);
#2775=LINE('',#15239,#3850);
#2776=LINE('',#15240,#3851);
#2777=LINE('',#15242,#3852);
#2778=LINE('',#15245,#3853);
#2779=LINE('',#15247,#3854);
#2780=LINE('',#15248,#3855);
#2781=LINE('',#15251,#3856);
#2782=LINE('',#15252,#3857);
#2783=LINE('',#15255,#3858);
#2784=LINE('',#15256,#3859);
#2785=LINE('',#15258,#3860);
#2786=LINE('',#15261,#3861);
#2787=LINE('',#15263,#3862);
#2788=LINE('',#15264,#3863);
#2789=LINE('',#15267,#3864);
#2790=LINE('',#15268,#3865);
#2791=LINE('',#15271,#3866);
#2792=LINE('',#15272,#3867);
#2793=LINE('',#15274,#3868);
#2794=LINE('',#15276,#3869);
#2795=LINE('',#15279,#3870);
#2796=LINE('',#15281,#3871);
#2797=LINE('',#15283,#3872);
#2798=LINE('',#15285,#3873);
#2799=LINE('',#15286,#3874);
#2800=LINE('',#15288,#3875);
#2801=LINE('',#15291,#3876);
#2802=LINE('',#15293,#3877);
#2803=LINE('',#15295,#3878);
#2804=LINE('',#15297,#3879);
#2805=LINE('',#15298,#3880);
#2806=LINE('',#15300,#3881);
#2807=LINE('',#15303,#3882);
#2808=LINE('',#15305,#3883);
#2809=LINE('',#15307,#3884);
#2810=LINE('',#15309,#3885);
#2811=LINE('',#15310,#3886);
#2812=LINE('',#15312,#3887);
#2813=LINE('',#15315,#3888);
#2814=LINE('',#15317,#3889);
#2815=LINE('',#15319,#3890);
#2816=LINE('',#15321,#3891);
#2817=LINE('',#15322,#3892);
#2818=LINE('',#15324,#3893);
#2819=LINE('',#15327,#3894);
#2820=LINE('',#15329,#3895);
#2821=LINE('',#15331,#3896);
#2822=LINE('',#15333,#3897);
#2823=LINE('',#15334,#3898);
#2824=LINE('',#15336,#3899);
#2825=LINE('',#15339,#3900);
#2826=LINE('',#15341,#3901);
#2827=LINE('',#15343,#3902);
#2828=LINE('',#15345,#3903);
#2829=LINE('',#15346,#3904);
#2830=LINE('',#15348,#3905);
#2831=LINE('',#15351,#3906);
#2832=LINE('',#15353,#3907);
#2833=LINE('',#15355,#3908);
#2834=LINE('',#15357,#3909);
#2835=LINE('',#15358,#3910);
#2836=LINE('',#15360,#3911);
#2837=LINE('',#15363,#3912);
#2838=LINE('',#15365,#3913);
#2839=LINE('',#15367,#3914);
#2840=LINE('',#15369,#3915);
#2841=LINE('',#15370,#3916);
#2842=LINE('',#15373,#3917);
#2843=LINE('',#15375,#3918);
#2844=LINE('',#15376,#3919);
#2845=LINE('',#15379,#3920);
#2846=LINE('',#15381,#3921);
#2847=LINE('',#15383,#3922);
#2848=LINE('',#15385,#3923);
#2849=LINE('',#15387,#3924);
#2850=LINE('',#15388,#3925);
#2851=LINE('',#15391,#3926);
#2852=LINE('',#15392,#3927);
#2853=LINE('',#15395,#3928);
#2854=LINE('',#15397,#3929);
#2855=LINE('',#15399,#3930);
#2856=LINE('',#15401,#3931);
#2857=LINE('',#15402,#3932);
#2858=LINE('',#15405,#3933);
#2859=LINE('',#15407,#3934);
#2860=LINE('',#15408,#3935);
#2861=LINE('',#15411,#3936);
#2862=LINE('',#15413,#3937);
#2863=LINE('',#15415,#3938);
#2864=LINE('',#15417,#3939);
#2865=LINE('',#15419,#3940);
#2866=LINE('',#15420,#3941);
#2867=LINE('',#15423,#3942);
#2868=LINE('',#15424,#3943);
#2869=LINE('',#15427,#3944);
#2870=LINE('',#15429,#3945);
#2871=LINE('',#15431,#3946);
#2872=LINE('',#15433,#3947);
#2873=LINE('',#15434,#3948);
#2874=LINE('',#15437,#3949);
#2875=LINE('',#15439,#3950);
#2876=LINE('',#15440,#3951);
#2877=LINE('',#15443,#3952);
#2878=LINE('',#15445,#3953);
#2879=LINE('',#15447,#3954);
#2880=LINE('',#15449,#3955);
#2881=LINE('',#15451,#3956);
#2882=LINE('',#15452,#3957);
#2883=LINE('',#15455,#3958);
#2884=LINE('',#15456,#3959);
#2885=LINE('',#15459,#3960);
#2886=LINE('',#15461,#3961);
#2887=LINE('',#15463,#3962);
#2888=LINE('',#15465,#3963);
#2889=LINE('',#15466,#3964);
#2890=LINE('',#15469,#3965);
#2891=LINE('',#15471,#3966);
#2892=LINE('',#15472,#3967);
#2893=LINE('',#15475,#3968);
#2894=LINE('',#15477,#3969);
#2895=LINE('',#15479,#3970);
#2896=LINE('',#15481,#3971);
#2897=LINE('',#15483,#3972);
#2898=LINE('',#15484,#3973);
#2899=LINE('',#15487,#3974);
#2900=LINE('',#15488,#3975);
#2901=LINE('',#15491,#3976);
#2902=LINE('',#15493,#3977);
#2903=LINE('',#15495,#3978);
#2904=LINE('',#15497,#3979);
#2905=LINE('',#15498,#3980);
#2906=LINE('',#15500,#3981);
#2907=LINE('',#15502,#3982);
#2908=LINE('',#15504,#3983);
#2909=LINE('',#15506,#3984);
#2910=LINE('',#15509,#3985);
#2911=LINE('',#15511,#3986);
#2912=LINE('',#15513,#3987);
#2913=LINE('',#15515,#3988);
#2914=LINE('',#15518,#3989);
#2915=LINE('',#15520,#3990);
#2916=LINE('',#15522,#3991);
#2917=LINE('',#15524,#3992);
#2918=LINE('',#15527,#3993);
#2919=LINE('',#15529,#3994);
#2920=LINE('',#15531,#3995);
#2921=LINE('',#15533,#3996);
#2922=LINE('',#15536,#3997);
#2923=LINE('',#15538,#3998);
#2924=LINE('',#15541,#3999);
#2925=LINE('',#15543,#4000);
#2926=LINE('',#15545,#4001);
#2927=LINE('',#15547,#4002);
#2928=LINE('',#15548,#4003);
#2929=LINE('',#15551,#4004);
#2930=LINE('',#15552,#4005);
#2931=LINE('',#15555,#4006);
#2932=LINE('',#15557,#4007);
#2933=LINE('',#15559,#4008);
#2934=LINE('',#15560,#4009);
#2935=LINE('',#15562,#4010);
#2936=LINE('',#15564,#4011);
#2937=LINE('',#15566,#4012);
#2938=LINE('',#15569,#4013);
#2939=LINE('',#15571,#4014);
#2940=LINE('',#15573,#4015);
#2941=LINE('',#15575,#4016);
#2942=LINE('',#15576,#4017);
#2943=LINE('',#15579,#4018);
#2944=LINE('',#15580,#4019);
#2945=LINE('',#15583,#4020);
#2946=LINE('',#15585,#4021);
#2947=LINE('',#15587,#4022);
#2948=LINE('',#15588,#4023);
#2949=LINE('',#15590,#4024);
#2950=LINE('',#15592,#4025);
#2951=LINE('',#15594,#4026);
#2952=LINE('',#15597,#4027);
#2953=LINE('',#15599,#4028);
#2954=LINE('',#15601,#4029);
#2955=LINE('',#15603,#4030);
#2956=LINE('',#15604,#4031);
#2957=LINE('',#15607,#4032);
#2958=LINE('',#15608,#4033);
#2959=LINE('',#15611,#4034);
#2960=LINE('',#15613,#4035);
#2961=LINE('',#15615,#4036);
#2962=LINE('',#15616,#4037);
#2963=LINE('',#15618,#4038);
#2964=LINE('',#15620,#4039);
#2965=LINE('',#15622,#4040);
#2966=LINE('',#15625,#4041);
#2967=LINE('',#15627,#4042);
#2968=LINE('',#15629,#4043);
#2969=LINE('',#15631,#4044);
#2970=LINE('',#15632,#4045);
#2971=LINE('',#15635,#4046);
#2972=LINE('',#15636,#4047);
#2973=LINE('',#15639,#4048);
#2974=LINE('',#15641,#4049);
#2975=LINE('',#15643,#4050);
#2976=LINE('',#15644,#4051);
#2977=LINE('',#15646,#4052);
#2978=LINE('',#15648,#4053);
#2979=LINE('',#15650,#4054);
#2980=LINE('',#15653,#4055);
#2981=LINE('',#15655,#4056);
#2982=LINE('',#15658,#4057);
#2983=LINE('',#15660,#4058);
#2984=LINE('',#15663,#4059);
#2985=LINE('',#15665,#4060);
#2986=LINE('',#15672,#4061);
#2987=LINE('',#15676,#4062);
#2988=LINE('',#15681,#4063);
#2989=LINE('',#15682,#4064);
#2990=LINE('',#15683,#4065);
#2991=LINE('',#15686,#4066);
#2992=LINE('',#15688,#4067);
#2993=LINE('',#15689,#4068);
#2994=LINE('',#15694,#4069);
#2995=LINE('',#15698,#4070);
#2996=LINE('',#15886,#4071);
#2997=LINE('',#15890,#4072);
#2998=LINE('',#16075,#4073);
#2999=LINE('',#16077,#4074);
#3000=LINE('',#16079,#4075);
#3001=LINE('',#16081,#4076);
#3002=LINE('',#16084,#4077);
#3003=LINE('',#16086,#4078);
#3004=LINE('',#16088,#4079);
#3005=LINE('',#16090,#4080);
#3006=LINE('',#16092,#4081);
#3007=LINE('',#16094,#4082);
#3008=LINE('',#16096,#4083);
#3009=LINE('',#16098,#4084);
#3010=LINE('',#16100,#4085);
#3011=LINE('',#16102,#4086);
#3012=LINE('',#16104,#4087);
#3013=LINE('',#16106,#4088);
#3014=LINE('',#16108,#4089);
#3015=LINE('',#16110,#4090);
#3016=LINE('',#16112,#4091);
#3017=LINE('',#16114,#4092);
#3018=LINE('',#16116,#4093);
#3019=LINE('',#16118,#4094);
#3020=LINE('',#16120,#4095);
#3021=LINE('',#16122,#4096);
#3022=LINE('',#16124,#4097);
#3023=LINE('',#16126,#4098);
#3024=LINE('',#16128,#4099);
#3025=LINE('',#16130,#4100);
#3026=LINE('',#16132,#4101);
#3027=LINE('',#16134,#4102);
#3028=LINE('',#16136,#4103);
#3029=LINE('',#16138,#4104);
#3030=LINE('',#16140,#4105);
#3031=LINE('',#16142,#4106);
#3032=LINE('',#16144,#4107);
#3033=LINE('',#16146,#4108);
#3034=LINE('',#16148,#4109);
#3035=LINE('',#16150,#4110);
#3036=LINE('',#16152,#4111);
#3037=LINE('',#16154,#4112);
#3038=LINE('',#16156,#4113);
#3039=LINE('',#16158,#4114);
#3040=LINE('',#16160,#4115);
#3041=LINE('',#16162,#4116);
#3042=LINE('',#16164,#4117);
#3043=LINE('',#16166,#4118);
#3044=LINE('',#16168,#4119);
#3045=LINE('',#16170,#4120);
#3046=LINE('',#16172,#4121);
#3047=LINE('',#16174,#4122);
#3048=LINE('',#16176,#4123);
#3049=LINE('',#16178,#4124);
#3050=LINE('',#16180,#4125);
#3051=LINE('',#16182,#4126);
#3052=LINE('',#16184,#4127);
#3053=LINE('',#16186,#4128);
#3054=LINE('',#16188,#4129);
#3055=LINE('',#16190,#4130);
#3056=LINE('',#16192,#4131);
#3057=LINE('',#16194,#4132);
#3058=LINE('',#16196,#4133);
#3059=LINE('',#16198,#4134);
#3060=LINE('',#16200,#4135);
#3061=LINE('',#16202,#4136);
#3062=LINE('',#16204,#4137);
#3063=LINE('',#16206,#4138);
#3064=LINE('',#16208,#4139);
#3065=LINE('',#16210,#4140);
#3066=LINE('',#16212,#4141);
#3067=LINE('',#16214,#4142);
#3068=LINE('',#16216,#4143);
#3069=LINE('',#16218,#4144);
#3070=LINE('',#16220,#4145);
#3071=LINE('',#16222,#4146);
#3072=LINE('',#16224,#4147);
#3073=LINE('',#16226,#4148);
#3074=LINE('',#16228,#4149);
#3075=LINE('',#16230,#4150);
#3076=LINE('',#16232,#4151);
#3077=LINE('',#16234,#4152);
#3078=LINE('',#16236,#4153);
#3079=LINE('',#16238,#4154);
#3080=LINE('',#16240,#4155);
#3081=LINE('',#16242,#4156);
#3082=LINE('',#16244,#4157);
#3083=LINE('',#16246,#4158);
#3084=LINE('',#16248,#4159);
#3085=LINE('',#16250,#4160);
#3086=LINE('',#16252,#4161);
#3087=LINE('',#16254,#4162);
#3088=LINE('',#16256,#4163);
#3089=LINE('',#16258,#4164);
#3090=LINE('',#16260,#4165);
#3091=LINE('',#16262,#4166);
#3092=LINE('',#16264,#4167);
#3093=LINE('',#16294,#4168);
#3094=LINE('',#16307,#4169);
#3095=LINE('',#16317,#4170);
#3096=LINE('',#16324,#4171);
#3097=LINE('',#16334,#4172);
#3098=LINE('',#16339,#4173);
#3099=LINE('',#16367,#4174);
#3100=LINE('',#16369,#4175);
#3101=LINE('',#16371,#4176);
#3102=LINE('',#16372,#4177);
#3103=LINE('',#16376,#4178);
#3104=LINE('',#16378,#4179);
#3105=LINE('',#16380,#4180);
#3106=LINE('',#16381,#4181);
#3107=LINE('',#16385,#4182);
#3108=LINE('',#16387,#4183);
#3109=LINE('',#16389,#4184);
#3110=LINE('',#16390,#4185);
#3111=LINE('',#16394,#4186);
#3112=LINE('',#16396,#4187);
#3113=LINE('',#16398,#4188);
#3114=LINE('',#16399,#4189);
#3115=LINE('',#16402,#4190);
#3116=LINE('',#16404,#4191);
#3117=LINE('',#16406,#4192);
#3118=LINE('',#16408,#4193);
#3119=LINE('',#16409,#4194);
#3120=LINE('',#16410,#4195);
#3121=LINE('',#16413,#4196);
#3122=LINE('',#16415,#4197);
#3123=LINE('',#16416,#4198);
#3124=LINE('',#16419,#4199);
#3125=LINE('',#16421,#4200);
#3126=LINE('',#16422,#4201);
#3127=LINE('',#16425,#4202);
#3128=LINE('',#16427,#4203);
#3129=LINE('',#16428,#4204);
#3130=LINE('',#16431,#4205);
#3131=LINE('',#16433,#4206);
#3132=LINE('',#16434,#4207);
#3133=LINE('',#16437,#4208);
#3134=LINE('',#16438,#4209);
#3135=LINE('',#16439,#4210);
#3136=LINE('',#16441,#4211);
#3137=LINE('',#16443,#4212);
#3138=LINE('',#16444,#4213);
#3139=LINE('',#16447,#4214);
#3140=LINE('',#16449,#4215);
#3141=LINE('',#16450,#4216);
#3142=LINE('',#16451,#4217);
#3143=LINE('',#16455,#4218);
#3144=LINE('',#16457,#4219);
#3145=LINE('',#16459,#4220);
#3146=LINE('',#16460,#4221);
#3147=LINE('',#16463,#4222);
#3148=LINE('',#16465,#4223);
#3149=LINE('',#16467,#4224);
#3150=LINE('',#16468,#4225);
#3151=LINE('',#16471,#4226);
#3152=LINE('',#16473,#4227);
#3153=LINE('',#16475,#4228);
#3154=LINE('',#16479,#4229);
#3155=LINE('',#16481,#4230);
#3156=LINE('',#16483,#4231);
#3157=LINE('',#16485,#4232);
#3158=LINE('',#16487,#4233);
#3159=LINE('',#16489,#4234);
#3160=LINE('',#16491,#4235);
#3161=LINE('',#16492,#4236);
#3162=LINE('',#16495,#4237);
#3163=LINE('',#16497,#4238);
#3164=LINE('',#16499,#4239);
#3165=LINE('',#16500,#4240);
#3166=LINE('',#16503,#4241);
#3167=LINE('',#16505,#4242);
#3168=LINE('',#16506,#4243);
#3169=LINE('',#16509,#4244);
#3170=LINE('',#16511,#4245);
#3171=LINE('',#16512,#4246);
#3172=LINE('',#16518,#4247);
#3173=LINE('',#16521,#4248);
#3174=LINE('',#16523,#4249);
#3175=LINE('',#16525,#4250);
#3176=LINE('',#16526,#4251);
#3177=LINE('',#16529,#4252);
#3178=LINE('',#16530,#4253);
#3179=LINE('',#16533,#4254);
#3180=LINE('',#16535,#4255);
#3181=LINE('',#16536,#4256);
#3182=LINE('',#16539,#4257);
#3183=LINE('',#16540,#4258);
#3184=LINE('',#16543,#4259);
#3185=LINE('',#16544,#4260);
#3186=LINE('',#16546,#4261);
#3187=LINE('',#16550,#4262);
#3188=LINE('',#16552,#4263);
#3189=LINE('',#16556,#4264);
#3190=LINE('',#16558,#4265);
#3191=LINE('',#16560,#4266);
#3192=LINE('',#16562,#4267);
#3193=LINE('',#16564,#4268);
#3194=LINE('',#16568,#4269);
#3195=LINE('',#16569,#4270);
#3196=LINE('',#16573,#4271);
#3197=LINE('',#16575,#4272);
#3198=LINE('',#16577,#4273);
#3199=LINE('',#16579,#4274);
#3200=LINE('',#16581,#4275);
#3201=LINE('',#16585,#4276);
#3202=LINE('',#16587,#4277);
#3203=LINE('',#16589,#4278);
#3204=LINE('',#16590,#4279);
#3205=LINE('',#16593,#4280);
#3206=LINE('',#16595,#4281);
#3207=LINE('',#16597,#4282);
#3208=LINE('',#16601,#4283);
#3209=LINE('',#16602,#4284);
#3210=LINE('',#16604,#4285);
#3211=LINE('',#16606,#4286);
#3212=LINE('',#16607,#4287);
#3213=LINE('',#16609,#4288);
#3214=LINE('',#16613,#4289);
#3215=LINE('',#16617,#4290);
#3216=LINE('',#16618,#4291);
#3217=LINE('',#16620,#4292);
#3218=LINE('',#16624,#4293);
#3219=LINE('',#16627,#4294);
#3220=LINE('',#16630,#4295);
#3221=LINE('',#16632,#4296);
#3222=LINE('',#16633,#4297);
#3223=LINE('',#16636,#4298);
#3224=LINE('',#16638,#4299);
#3225=LINE('',#16640,#4300);
#3226=LINE('',#16642,#4301);
#3227=LINE('',#16643,#4302);
#3228=LINE('',#16646,#4303);
#3229=LINE('',#16647,#4304);
#3230=LINE('',#16650,#4305);
#3231=LINE('',#16652,#4306);
#3232=LINE('',#16654,#4307);
#3233=LINE('',#16656,#4308);
#3234=LINE('',#16657,#4309);
#3235=LINE('',#16660,#4310);
#3236=LINE('',#16661,#4311);
#3237=LINE('',#16663,#4312);
#3238=LINE('',#16667,#4313);
#3239=LINE('',#16669,#4314);
#3240=LINE('',#16670,#4315);
#3241=LINE('',#16673,#4316);
#3242=LINE('',#16676,#4317);
#3243=LINE('',#16677,#4318);
#3244=LINE('',#16682,#4319);
#3245=LINE('',#16683,#4320);
#3246=LINE('',#16688,#4321);
#3247=LINE('',#16689,#4322);
#3248=LINE('',#16693,#4323);
#3249=LINE('',#16695,#4324);
#3250=LINE('',#16696,#4325);
#3251=LINE('',#16698,#4326);
#3252=LINE('',#16701,#4327);
#3253=LINE('',#16702,#4328);
#3254=LINE('',#16704,#4329);
#3255=LINE('',#16706,#4330);
#3256=LINE('',#16708,#4331);
#3257=LINE('',#16712,#4332);
#3258=LINE('',#16717,#4333);
#3259=LINE('',#16719,#4334);
#3260=LINE('',#16721,#4335);
#3261=LINE('',#16722,#4336);
#3262=LINE('',#16726,#4337);
#3263=LINE('',#16728,#4338);
#3264=LINE('',#16730,#4339);
#3265=LINE('',#16731,#4340);
#3266=LINE('',#16737,#4341);
#3267=LINE('',#16738,#4342);
#3268=LINE('',#16741,#4343);
#3269=LINE('',#16743,#4344);
#3270=LINE('',#16745,#4345);
#3271=LINE('',#16746,#4346);
#3272=LINE('',#16750,#4347);
#3273=LINE('',#16752,#4348);
#3274=LINE('',#16754,#4349);
#3275=LINE('',#16755,#4350);
#3276=LINE('',#16759,#4351);
#3277=LINE('',#16761,#4352);
#3278=LINE('',#16763,#4353);
#3279=LINE('',#16764,#4354);
#3280=LINE('',#16769,#4355);
#3281=LINE('',#16772,#4356);
#3282=LINE('',#16774,#4357);
#3283=LINE('',#16776,#4358);
#3284=LINE('',#16777,#4359);
#3285=LINE('',#16780,#4360);
#3286=LINE('',#16782,#4361);
#3287=LINE('',#16784,#4362);
#3288=LINE('',#16786,#4363);
#3289=LINE('',#16787,#4364);
#3290=LINE('',#16790,#4365);
#3291=LINE('',#16792,#4366);
#3292=LINE('',#16793,#4367);
#3293=LINE('',#16796,#4368);
#3294=LINE('',#16797,#4369);
#3295=LINE('',#16800,#4370);
#3296=LINE('',#16802,#4371);
#3297=LINE('',#16804,#4372);
#3298=LINE('',#16806,#4373);
#3299=LINE('',#16807,#4374);
#3300=LINE('',#16810,#4375);
#3301=LINE('',#16812,#4376);
#3302=LINE('',#16813,#4377);
#3303=LINE('',#16816,#4378);
#3304=LINE('',#16817,#4379);
#3305=LINE('',#16820,#4380);
#3306=LINE('',#16821,#4381);
#3307=LINE('',#16823,#4382);
#3308=LINE('',#16827,#4383);
#3309=LINE('',#16828,#4384);
#3310=LINE('',#16830,#4385);
#3311=LINE('',#16835,#4386);
#3312=LINE('',#16837,#4387);
#3313=LINE('',#16839,#4388);
#3314=LINE('',#16840,#4389);
#3315=LINE('',#16843,#4390);
#3316=LINE('',#16845,#4391);
#3317=LINE('',#16846,#4392);
#3318=LINE('',#16850,#4393);
#3319=LINE('',#16851,#4394);
#3320=LINE('',#16852,#4395);
#3321=LINE('',#16856,#4396);
#3322=LINE('',#16857,#4397);
#3323=LINE('',#16858,#4398);
#3324=LINE('',#16862,#4399);
#3325=LINE('',#16863,#4400);
#3326=LINE('',#16864,#4401);
#3327=LINE('',#16867,#4402);
#3328=LINE('',#16869,#4403);
#3329=LINE('',#16871,#4404);
#3330=LINE('',#16873,#4405);
#3331=LINE('',#16874,#4406);
#3332=LINE('',#16877,#4407);
#3333=LINE('',#16879,#4408);
#3334=LINE('',#16880,#4409);
#3335=LINE('',#16883,#4410);
#3336=LINE('',#16885,#4411);
#3337=LINE('',#16886,#4412);
#3338=LINE('',#16888,#4413);
#3339=LINE('',#16889,#4414);
#3340=LINE('',#16892,#4415);
#3341=LINE('',#16893,#4416);
#3342=LINE('',#16895,#4417);
#3343=LINE('',#16896,#4418);
#3344=LINE('',#16898,#4419);
#3345=LINE('',#16899,#4420);
#3346=LINE('',#16902,#4421);
#3347=LINE('',#16903,#4422);
#3348=LINE('',#16904,#4423);
#3349=LINE('',#16906,#4424);
#3350=LINE('',#16907,#4425);
#3351=LINE('',#16910,#4426);
#3352=LINE('',#16912,#4427);
#3353=LINE('',#16913,#4428);
#3354=LINE('',#16916,#4429);
#3355=LINE('',#16918,#4430);
#3356=LINE('',#16920,#4431);
#3357=LINE('',#16921,#4432);
#3358=LINE('',#16923,#4433);
#3359=LINE('',#16925,#4434);
#3360=LINE('',#16926,#4435);
#3361=LINE('',#16934,#4436);
#3362=LINE('',#16937,#4437);
#3363=LINE('',#16940,#4438);
#3364=LINE('',#16943,#4439);
#3365=LINE('',#16945,#4440);
#3366=LINE('',#16949,#4441);
#3367=LINE('',#16953,#4442);
#3368=LINE('',#16963,#4443);
#3369=LINE('',#16966,#4444);
#3370=LINE('',#16972,#4445);
#3371=LINE('',#16974,#4446);
#3372=LINE('',#16976,#4447);
#3373=LINE('',#16978,#4448);
#3374=LINE('',#16979,#4449);
#3375=LINE('',#16982,#4450);
#3376=LINE('',#16984,#4451);
#3377=LINE('',#16985,#4452);
#3378=LINE('',#16988,#4453);
#3379=LINE('',#16990,#4454);
#3380=LINE('',#16992,#4455);
#3381=LINE('',#16993,#4456);
#3382=LINE('',#16996,#4457);
#3383=LINE('',#16998,#4458);
#3384=LINE('',#16999,#4459);
#3385=LINE('',#17002,#4460);
#3386=LINE('',#17004,#4461);
#3387=LINE('',#17006,#4462);
#3388=LINE('',#17007,#4463);
#3389=LINE('',#17010,#4464);
#3390=LINE('',#17012,#4465);
#3391=LINE('',#17013,#4466);
#3392=LINE('',#17016,#4467);
#3393=LINE('',#17018,#4468);
#3394=LINE('',#17019,#4469);
#3395=LINE('',#17022,#4470);
#3396=LINE('',#17024,#4471);
#3397=LINE('',#17025,#4472);
#3398=LINE('',#17028,#4473);
#3399=LINE('',#17030,#4474);
#3400=LINE('',#17032,#4475);
#3401=LINE('',#17033,#4476);
#3402=LINE('',#17036,#4477);
#3403=LINE('',#17038,#4478);
#3404=LINE('',#17039,#4479);
#3405=LINE('',#17041,#4480);
#3406=LINE('',#17044,#4481);
#3407=LINE('',#17046,#4482);
#3408=LINE('',#17047,#4483);
#3409=LINE('',#17050,#4484);
#3410=LINE('',#17051,#4485);
#3411=LINE('',#17054,#4486);
#3412=LINE('',#17055,#4487);
#3413=LINE('',#17057,#4488);
#3414=LINE('',#17060,#4489);
#3415=LINE('',#17062,#4490);
#3416=LINE('',#17063,#4491);
#3417=LINE('',#17066,#4492);
#3418=LINE('',#17067,#4493);
#3419=LINE('',#17070,#4494);
#3420=LINE('',#17071,#4495);
#3421=LINE('',#17074,#4496);
#3422=LINE('',#17076,#4497);
#3423=LINE('',#17077,#4498);
#3424=LINE('',#17080,#4499);
#3425=LINE('',#17081,#4500);
#3426=LINE('',#17083,#4501);
#3427=LINE('',#17086,#4502);
#3428=LINE('',#17087,#4503);
#3429=LINE('',#17090,#4504);
#3430=LINE('',#17091,#4505);
#3431=LINE('',#17093,#4506);
#3432=LINE('',#17097,#4507);
#3433=LINE('',#17099,#4508);
#3434=LINE('',#17101,#4509);
#3435=LINE('',#17102,#4510);
#3436=LINE('',#17105,#4511);
#3437=LINE('',#17107,#4512);
#3438=LINE('',#17108,#4513);
#3439=LINE('',#17111,#4514);
#3440=LINE('',#17113,#4515);
#3441=LINE('',#17114,#4516);
#3442=LINE('',#17117,#4517);
#3443=LINE('',#17119,#4518);
#3444=LINE('',#17120,#4519);
#3445=LINE('',#17123,#4520);
#3446=LINE('',#17125,#4521);
#3447=LINE('',#17126,#4522);
#3448=LINE('',#17130,#4523);
#3449=LINE('',#17131,#4524);
#3450=LINE('',#17132,#4525);
#3451=LINE('',#17136,#4526);
#3452=LINE('',#17138,#4527);
#3453=LINE('',#17140,#4528);
#3454=LINE('',#17141,#4529);
#3455=LINE('',#17144,#4530);
#3456=LINE('',#17146,#4531);
#3457=LINE('',#17147,#4532);
#3458=LINE('',#17150,#4533);
#3459=LINE('',#17152,#4534);
#3460=LINE('',#17153,#4535);
#3461=LINE('',#17156,#4536);
#3462=LINE('',#17158,#4537);
#3463=LINE('',#17159,#4538);
#3464=LINE('',#17162,#4539);
#3465=LINE('',#17164,#4540);
#3466=LINE('',#17165,#4541);
#3467=LINE('',#17169,#4542);
#3468=LINE('',#17170,#4543);
#3469=LINE('',#17171,#4544);
#3470=LINE('',#17173,#4545);
#3471=LINE('',#17176,#4546);
#3472=LINE('',#17177,#4547);
#3473=LINE('',#17179,#4548);
#3474=LINE('',#17182,#4549);
#3475=LINE('',#17184,#4550);
#3476=LINE('',#17185,#4551);
#3477=LINE('',#17186,#4552);
#3478=LINE('',#17189,#4553);
#3479=LINE('',#17190,#4554);
#3480=LINE('',#17193,#4555);
#3481=LINE('',#17194,#4556);
#3482=LINE('',#17195,#4557);
#3483=LINE('',#17197,#4558);
#3484=LINE('',#17204,#4559);
#3485=LINE('',#17206,#4560);
#3486=LINE('',#17208,#4561);
#3487=LINE('',#17209,#4562);
#3488=LINE('',#17212,#4563);
#3489=LINE('',#17214,#4564);
#3490=LINE('',#17216,#4565);
#3491=LINE('',#17218,#4566);
#3492=LINE('',#17219,#4567);
#3493=LINE('',#17222,#4568);
#3494=LINE('',#17223,#4569);
#3495=LINE('',#17226,#4570);
#3496=LINE('',#17227,#4571);
#3497=LINE('',#17230,#4572);
#3498=LINE('',#17231,#4573);
#3499=LINE('',#17234,#4574);
#3500=LINE('',#17235,#4575);
#3501=LINE('',#17237,#4576);
#3502=LINE('',#17242,#4577);
#3503=LINE('',#17244,#4578);
#3504=LINE('',#17246,#4579);
#3505=LINE('',#17247,#4580);
#3506=LINE('',#17250,#4581);
#3507=LINE('',#17252,#4582);
#3508=LINE('',#17253,#4583);
#3509=LINE('',#17256,#4584);
#3510=LINE('',#17258,#4585);
#3511=LINE('',#17260,#4586);
#3512=LINE('',#17261,#4587);
#3513=LINE('',#17264,#4588);
#3514=LINE('',#17265,#4589);
#3515=LINE('',#17268,#4590);
#3516=LINE('',#17270,#4591);
#3517=LINE('',#17271,#4592);
#3518=LINE('',#17273,#4593);
#3519=LINE('',#17275,#4594);
#3520=LINE('',#17316,#4595);
#3521=LINE('',#17318,#4596);
#3522=LINE('',#17320,#4597);
#3523=LINE('',#17322,#4598);
#3524=LINE('',#17323,#4599);
#3525=LINE('',#17326,#4600);
#3526=LINE('',#17328,#4601);
#3527=LINE('',#17330,#4602);
#3528=LINE('',#17331,#4603);
#3529=LINE('',#17336,#4604);
#3530=LINE('',#17340,#4605);
#3531=LINE('',#17342,#4606);
#3532=LINE('',#17343,#4607);
#3533=LINE('',#17345,#4608);
#3534=LINE('',#17346,#4609);
#3535=LINE('',#17350,#4610);
#3536=LINE('',#17352,#4611);
#3537=LINE('',#17354,#4612);
#3538=LINE('',#17356,#4613);
#3539=LINE('',#17358,#4614);
#3540=LINE('',#17360,#4615);
#3541=LINE('',#17361,#4616);
#3542=LINE('',#17367,#4617);
#3543=LINE('',#17372,#4618);
#3544=LINE('',#17374,#4619);
#3545=LINE('',#17376,#4620);
#3546=LINE('',#17377,#4621);
#3547=LINE('',#17379,#4622);
#3548=LINE('',#17380,#4623);
#3549=LINE('',#17382,#4624);
#3550=LINE('',#17385,#4625);
#3551=LINE('',#17387,#4626);
#3552=LINE('',#17389,#4627);
#3553=LINE('',#17391,#4628);
#3554=LINE('',#17393,#4629);
#3555=LINE('',#17395,#4630);
#3556=LINE('',#17396,#4631);
#3557=LINE('',#17400,#4632);
#3558=LINE('',#17402,#4633);
#3559=LINE('',#17404,#4634);
#3560=LINE('',#17405,#4635);
#3561=LINE('',#17410,#4636);
#3562=LINE('',#17414,#4637);
#3563=LINE('',#17416,#4638);
#3564=LINE('',#17417,#4639);
#3565=LINE('',#17419,#4640);
#3566=LINE('',#17421,#4641);
#3567=LINE('',#17422,#4642);
#3568=LINE('',#17424,#4643);
#3569=LINE('',#17425,#4644);
#3570=LINE('',#17428,#4645);
#3571=LINE('',#17432,#4646);
#3572=LINE('',#17434,#4647);
#3573=LINE('',#17435,#4648);
#3574=LINE('',#17440,#4649);
#3575=LINE('',#17444,#4650);
#3576=LINE('',#17445,#4651);
#3577=LINE('',#17448,#4652);
#3578=LINE('',#17449,#4653);
#3579=LINE('',#17452,#4654);
#3580=LINE('',#17453,#4655);
#3581=LINE('',#17459,#4656);
#3582=LINE('',#17466,#4657);
#3583=LINE('',#17471,#4658);
#3584=LINE('',#17473,#4659);
#3585=LINE('',#17474,#4660);
#3586=LINE('',#17478,#4661);
#3587=LINE('',#17480,#4662);
#3588=LINE('',#17482,#4663);
#3589=LINE('',#17483,#4664);
#3590=LINE('',#17486,#4665);
#3591=LINE('',#17488,#4666);
#3592=LINE('',#17489,#4667);
#3593=LINE('',#17490,#4668);
#3594=LINE('',#17494,#4669);
#3595=LINE('',#17496,#4670);
#3596=LINE('',#17498,#4671);
#3597=LINE('',#17499,#4672);
#3598=LINE('',#17501,#4673);
#3599=LINE('',#17503,#4674);
#3600=LINE('',#17504,#4675);
#3601=LINE('',#17505,#4676);
#3602=LINE('',#17507,#4677);
#3603=LINE('',#17509,#4678);
#3604=LINE('',#17515,#4679);
#3605=LINE('',#17516,#4680);
#3606=LINE('',#17517,#4681);
#3607=LINE('',#17520,#4682);
#3608=LINE('',#17521,#4683);
#3609=LINE('',#17524,#4684);
#3610=LINE('',#17525,#4685);
#3611=LINE('',#17527,#4686);
#3612=LINE('',#17533,#4687);
#3613=LINE('',#17549,#4688);
#3614=LINE('',#17584,#4689);
#3615=LINE('',#17600,#4690);
#3616=LINE('',#17653,#4691);
#3617=LINE('',#17656,#4692);
#3618=LINE('',#17659,#4693);
#3619=LINE('',#17661,#4694);
#3620=LINE('',#17665,#4695);
#3621=LINE('',#17668,#4696);
#3622=LINE('',#17671,#4697);
#3623=LINE('',#17673,#4698);
#3624=LINE('',#17675,#4699);
#3625=LINE('',#17677,#4700);
#3626=LINE('',#17679,#4701);
#3627=LINE('',#17680,#4702);
#3628=LINE('',#17726,#4703);
#3629=LINE('',#17748,#4704);
#3630=LINE('',#17769,#4705);
#3631=LINE('',#17791,#4706);
#3632=LINE('',#17794,#4707);
#3633=LINE('',#17796,#4708);
#3634=LINE('',#17798,#4709);
#3635=LINE('',#17800,#4710);
#3636=LINE('',#17802,#4711);
#3637=LINE('',#17803,#4712);
#3638=LINE('',#17805,#4713);
#3639=LINE('',#17807,#4714);
#3640=LINE('',#17808,#4715);
#3641=LINE('',#17811,#4716);
#3642=LINE('',#17813,#4717);
#3643=LINE('',#17815,#4718);
#3644=LINE('',#17816,#4719);
#3645=LINE('',#17823,#4720);
#3646=LINE('',#17827,#4721);
#3647=LINE('',#17833,#4722);
#3648=LINE('',#17837,#4723);
#3649=LINE('',#17840,#4724);
#3650=LINE('',#17841,#4725);
#3651=LINE('',#17846,#4726);
#3652=LINE('',#17847,#4727);
#3653=LINE('',#17857,#4728);
#3654=LINE('',#17864,#4729);
#3655=LINE('',#17871,#4730);
#3656=LINE('',#17878,#4731);
#3657=LINE('',#17884,#4732);
#3658=LINE('',#17886,#4733);
#3659=LINE('',#17888,#4734);
#3660=LINE('',#17889,#4735);
#3661=LINE('',#17892,#4736);
#3662=LINE('',#17894,#4737);
#3663=LINE('',#17896,#4738);
#3664=LINE('',#17897,#4739);
#3665=LINE('',#17900,#4740);
#3666=LINE('',#17902,#4741);
#3667=LINE('',#17904,#4742);
#3668=LINE('',#17906,#4743);
#3669=LINE('',#17907,#4744);
#3670=LINE('',#17925,#4745);
#3671=LINE('',#17929,#4746);
#3672=LINE('',#17948,#4747);
#3673=LINE('',#17951,#4748);
#3674=LINE('',#17953,#4749);
#3675=LINE('',#17961,#4750);
#3676=LINE('',#17964,#4751);
#3677=LINE('',#17967,#4752);
#3678=LINE('',#17972,#4753);
#3679=LINE('',#17976,#4754);
#3680=LINE('',#17978,#4755);
#3681=LINE('',#17979,#4756);
#3682=LINE('',#17985,#4757);
#3683=LINE('',#17987,#4758);
#3684=LINE('',#17989,#4759);
#3685=LINE('',#17990,#4760);
#3686=LINE('',#17993,#4761);
#3687=LINE('',#17994,#4762);
#3688=LINE('',#17999,#4763);
#3689=LINE('',#18000,#4764);
#3690=LINE('',#18002,#4765);
#3691=LINE('',#18003,#4766);
#3692=LINE('',#18008,#4767);
#3693=LINE('',#18012,#4768);
#3694=LINE('',#18017,#4769);
#3695=LINE('',#18019,#4770);
#3696=LINE('',#18021,#4771);
#3697=LINE('',#18022,#4772);
#3698=LINE('',#18025,#4773);
#3699=LINE('',#18027,#4774);
#3700=LINE('',#18028,#4775);
#3701=LINE('',#18030,#4776);
#3702=LINE('',#18031,#4777);
#3703=LINE('',#18035,#4778);
#3704=LINE('',#18036,#4779);
#3705=LINE('',#18037,#4780);
#3706=LINE('',#18040,#4781);
#3707=LINE('',#18042,#4782);
#3708=LINE('',#18044,#4783);
#3709=LINE('',#18046,#4784);
#3710=LINE('',#18047,#4785);
#3711=LINE('',#18051,#4786);
#3712=LINE('',#18052,#4787);
#3713=LINE('',#18053,#4788);
#3714=LINE('',#18057,#4789);
#3715=LINE('',#18058,#4790);
#3716=LINE('',#18059,#4791);
#3717=LINE('',#18061,#4792);
#3718=LINE('',#18065,#4793);
#3719=LINE('',#18067,#4794);
#3720=LINE('',#18069,#4795);
#3721=LINE('',#18070,#4796);
#3722=LINE('',#18073,#4797);
#3723=LINE('',#18075,#4798);
#3724=LINE('',#18076,#4799);
#3725=LINE('',#18079,#4800);
#3726=LINE('',#18081,#4801);
#3727=LINE('',#18082,#4802);
#3728=LINE('',#18084,#4803);
#3729=LINE('',#18085,#4804);
#3730=LINE('',#18089,#4805);
#3731=LINE('',#18091,#4806);
#3732=LINE('',#18092,#4807);
#3733=LINE('',#18093,#4808);
#3734=LINE('',#18094,#4809);
#3735=LINE('',#18097,#4810);
#3736=LINE('',#18098,#4811);
#3737=LINE('',#18100,#4812);
#3738=LINE('',#18101,#4813);
#3739=LINE('',#18103,#4814);
#3740=LINE('',#18105,#4815);
#3741=LINE('',#18109,#4816);
#3742=LINE('',#18111,#4817);
#3743=LINE('',#18112,#4818);
#3744=LINE('',#18115,#4819);
#3745=LINE('',#18116,#4820);
#3746=LINE('',#18119,#4821);
#3747=LINE('',#18120,#4822);
#3748=LINE('',#18122,#4823);
#3749=LINE('',#18125,#4824);
#3750=LINE('',#18126,#4825);
#3751=LINE('',#18128,#4826);
#3752=LINE('',#18130,#4827);
#3753=LINE('',#18133,#4828);
#3754=LINE('',#18135,#4829);
#3755=LINE('',#18136,#4830);
#3756=VECTOR('',#11978,10.);
#3757=VECTOR('',#11979,10.);
#3758=VECTOR('',#11980,10.);
#3759=VECTOR('',#11981,10.);
#3760=VECTOR('',#11982,10.);
#3761=VECTOR('',#11983,10.);
#3762=VECTOR('',#11984,10.);
#3763=VECTOR('',#11985,10.);
#3764=VECTOR('',#12016,0.45);
#3765=VECTOR('',#12035,10.);
#3766=VECTOR('',#12036,10.);
#3767=VECTOR('',#12037,10.);
#3768=VECTOR('',#12038,10.);
#3769=VECTOR('',#12039,10.);
#3770=VECTOR('',#12040,10.);
#3771=VECTOR('',#12041,10.);
#3772=VECTOR('',#12042,10.);
#3773=VECTOR('',#12045,1.);
#3774=VECTOR('',#12046,1.);
#3775=VECTOR('',#12047,1.);
#3776=VECTOR('',#12050,1.);
#3777=VECTOR('',#12051,1.);
#3778=VECTOR('',#12054,1.);
#3779=VECTOR('',#12055,1.);
#3780=VECTOR('',#12056,1.);
#3781=VECTOR('',#12057,1.);
#3782=VECTOR('',#12058,1.);
#3783=VECTOR('',#12059,1.);
#3784=VECTOR('',#12060,1.);
#3785=VECTOR('',#12061,1.);
#3786=VECTOR('',#12062,1.);
#3787=VECTOR('',#12063,1.);
#3788=VECTOR('',#12064,1.);
#3789=VECTOR('',#12065,1.);
#3790=VECTOR('',#12066,1.);
#3791=VECTOR('',#12067,1.);
#3792=VECTOR('',#12068,1.);
#3793=VECTOR('',#12069,1.);
#3794=VECTOR('',#12070,1.);
#3795=VECTOR('',#12071,1.);
#3796=VECTOR('',#12072,1.);
#3797=VECTOR('',#12073,1.);
#3798=VECTOR('',#12074,1.);
#3799=VECTOR('',#12075,1.);
#3800=VECTOR('',#12076,1.);
#3801=VECTOR('',#12077,1.);
#3802=VECTOR('',#12078,1.);
#3803=VECTOR('',#12079,1.);
#3804=VECTOR('',#12080,1.);
#3805=VECTOR('',#12081,1.);
#3806=VECTOR('',#12082,1.);
#3807=VECTOR('',#12083,1.);
#3808=VECTOR('',#12084,1.);
#3809=VECTOR('',#12085,1.);
#3810=VECTOR('',#12086,1.);
#3811=VECTOR('',#12087,1.);
#3812=VECTOR('',#12090,1.);
#3813=VECTOR('',#12091,1.);
#3814=VECTOR('',#12094,1.);
#3815=VECTOR('',#12095,1.);
#3816=VECTOR('',#12098,1.);
#3817=VECTOR('',#12099,1.);
#3818=VECTOR('',#12100,1.);
#3819=VECTOR('',#12103,1.);
#3820=VECTOR('',#12104,1.);
#3821=VECTOR('',#12105,1.);
#3822=VECTOR('',#12106,1.);
#3823=VECTOR('',#12107,1.);
#3824=VECTOR('',#12108,1.);
#3825=VECTOR('',#12109,1.);
#3826=VECTOR('',#12110,1.);
#3827=VECTOR('',#12111,1.);
#3828=VECTOR('',#12112,1.);
#3829=VECTOR('',#12113,1.);
#3830=VECTOR('',#12114,1.);
#3831=VECTOR('',#12115,1.);
#3832=VECTOR('',#12116,1.);
#3833=VECTOR('',#12117,1.);
#3834=VECTOR('',#12118,1.);
#3835=VECTOR('',#12119,1.);
#3836=VECTOR('',#12122,1.);
#3837=VECTOR('',#12127,1.00000000000065);
#3838=VECTOR('',#12128,1.00000000000065);
#3839=VECTOR('',#12129,1.);
#3840=VECTOR('',#12132,1.00000000000065);
#3841=VECTOR('',#12133,1.);
#3842=VECTOR('',#12136,1.00000000000065);
#3843=VECTOR('',#12137,1.);
#3844=VECTOR('',#12140,1.);
#3845=VECTOR('',#12143,1.00000000000065);
#3846=VECTOR('',#12144,1.00000000000065);
#3847=VECTOR('',#12145,1.);
#3848=VECTOR('',#12148,1.00000000000065);
#3849=VECTOR('',#12149,1.);
#3850=VECTOR('',#12152,1.00000000000065);
#3851=VECTOR('',#12153,1.);
#3852=VECTOR('',#12156,1.);
#3853=VECTOR('',#12159,1.00000000000065);
#3854=VECTOR('',#12160,1.00000000000065);
#3855=VECTOR('',#12161,1.);
#3856=VECTOR('',#12164,1.00000000000065);
#3857=VECTOR('',#12165,1.);
#3858=VECTOR('',#12168,1.00000000000065);
#3859=VECTOR('',#12169,1.);
#3860=VECTOR('',#12172,1.);
#3861=VECTOR('',#12175,1.00000000000065);
#3862=VECTOR('',#12176,1.00000000000065);
#3863=VECTOR('',#12177,1.);
#3864=VECTOR('',#12180,1.00000000000065);
#3865=VECTOR('',#12181,1.);
#3866=VECTOR('',#12184,1.00000000000065);
#3867=VECTOR('',#12185,1.);
#3868=VECTOR('',#12188,1.);
#3869=VECTOR('',#12191,1.);
#3870=VECTOR('',#12194,1.);
#3871=VECTOR('',#12195,0.999999999999597);
#3872=VECTOR('',#12196,1.);
#3873=VECTOR('',#12197,0.999999999999597);
#3874=VECTOR('',#12198,1.);
#3875=VECTOR('',#12201,1.);
#3876=VECTOR('',#12204,1.);
#3877=VECTOR('',#12205,1.);
#3878=VECTOR('',#12206,0.999999999999597);
#3879=VECTOR('',#12207,1.);
#3880=VECTOR('',#12208,0.999999999999597);
#3881=VECTOR('',#12211,1.);
#3882=VECTOR('',#12214,1.);
#3883=VECTOR('',#12215,0.999999999999597);
#3884=VECTOR('',#12216,1.);
#3885=VECTOR('',#12217,0.999999999999597);
#3886=VECTOR('',#12218,1.);
#3887=VECTOR('',#12221,1.);
#3888=VECTOR('',#12224,1.);
#3889=VECTOR('',#12225,1.);
#3890=VECTOR('',#12226,0.999999999999597);
#3891=VECTOR('',#12227,1.);
#3892=VECTOR('',#12228,0.999999999999597);
#3893=VECTOR('',#12231,1.);
#3894=VECTOR('',#12234,1.);
#3895=VECTOR('',#12235,0.999999999999597);
#3896=VECTOR('',#12236,1.);
#3897=VECTOR('',#12237,0.999999999999597);
#3898=VECTOR('',#12238,1.);
#3899=VECTOR('',#12241,1.);
#3900=VECTOR('',#12244,1.);
#3901=VECTOR('',#12245,1.);
#3902=VECTOR('',#12246,0.999999999999597);
#3903=VECTOR('',#12247,1.);
#3904=VECTOR('',#12248,0.999999999999597);
#3905=VECTOR('',#12251,1.);
#3906=VECTOR('',#12254,1.);
#3907=VECTOR('',#12255,0.999999999999597);
#3908=VECTOR('',#12256,1.);
#3909=VECTOR('',#12257,0.999999999999597);
#3910=VECTOR('',#12258,1.);
#3911=VECTOR('',#12261,1.);
#3912=VECTOR('',#12264,1.);
#3913=VECTOR('',#12265,1.);
#3914=VECTOR('',#12266,0.999999999999597);
#3915=VECTOR('',#12267,1.);
#3916=VECTOR('',#12268,0.999999999999597);
#3917=VECTOR('',#12271,1.);
#3918=VECTOR('',#12272,1.);
#3919=VECTOR('',#12273,1.);
#3920=VECTOR('',#12276,1.);
#3921=VECTOR('',#12277,1.);
#3922=VECTOR('',#12278,1.);
#3923=VECTOR('',#12279,1.);
#3924=VECTOR('',#12280,1.);
#3925=VECTOR('',#12281,1.);
#3926=VECTOR('',#12284,1.);
#3927=VECTOR('',#12285,1.);
#3928=VECTOR('',#12288,1.);
#3929=VECTOR('',#12289,1.);
#3930=VECTOR('',#12290,1.);
#3931=VECTOR('',#12291,1.);
#3932=VECTOR('',#12292,1.);
#3933=VECTOR('',#12295,1.);
#3934=VECTOR('',#12296,1.);
#3935=VECTOR('',#12297,1.);
#3936=VECTOR('',#12300,1.);
#3937=VECTOR('',#12301,1.);
#3938=VECTOR('',#12302,1.);
#3939=VECTOR('',#12303,1.);
#3940=VECTOR('',#12304,1.);
#3941=VECTOR('',#12305,1.);
#3942=VECTOR('',#12308,1.);
#3943=VECTOR('',#12309,1.);
#3944=VECTOR('',#12312,1.);
#3945=VECTOR('',#12313,1.);
#3946=VECTOR('',#12314,1.);
#3947=VECTOR('',#12315,1.);
#3948=VECTOR('',#12316,1.);
#3949=VECTOR('',#12319,1.);
#3950=VECTOR('',#12320,1.);
#3951=VECTOR('',#12321,1.);
#3952=VECTOR('',#12324,1.);
#3953=VECTOR('',#12325,1.);
#3954=VECTOR('',#12326,1.);
#3955=VECTOR('',#12327,1.);
#3956=VECTOR('',#12328,1.);
#3957=VECTOR('',#12329,1.);
#3958=VECTOR('',#12332,1.);
#3959=VECTOR('',#12333,1.);
#3960=VECTOR('',#12336,1.);
#3961=VECTOR('',#12337,1.);
#3962=VECTOR('',#12338,1.);
#3963=VECTOR('',#12339,1.);
#3964=VECTOR('',#12340,1.);
#3965=VECTOR('',#12343,1.);
#3966=VECTOR('',#12344,1.);
#3967=VECTOR('',#12345,1.);
#3968=VECTOR('',#12348,1.);
#3969=VECTOR('',#12349,1.);
#3970=VECTOR('',#12350,1.);
#3971=VECTOR('',#12351,1.);
#3972=VECTOR('',#12352,1.);
#3973=VECTOR('',#12353,1.);
#3974=VECTOR('',#12356,1.);
#3975=VECTOR('',#12357,1.);
#3976=VECTOR('',#12360,1.);
#3977=VECTOR('',#12361,1.);
#3978=VECTOR('',#12362,1.);
#3979=VECTOR('',#12363,1.);
#3980=VECTOR('',#12364,1.);
#3981=VECTOR('',#12367,1.);
#3982=VECTOR('',#12370,1.);
#3983=VECTOR('',#12373,1.);
#3984=VECTOR('',#12376,1.);
#3985=VECTOR('',#12381,1.);
#3986=VECTOR('',#12384,1.);
#3987=VECTOR('',#12387,1.);
#3988=VECTOR('',#12390,1.);
#3989=VECTOR('',#12395,1.);
#3990=VECTOR('',#12398,1.);
#3991=VECTOR('',#12401,1.);
#3992=VECTOR('',#12404,1.);
#3993=VECTOR('',#12409,1.);
#3994=VECTOR('',#12412,1.);
#3995=VECTOR('',#12415,1.);
#3996=VECTOR('',#12418,1.);
#3997=VECTOR('',#12423,1.);
#3998=VECTOR('',#12426,1.);
#3999=VECTOR('',#12429,1.00000000000064);
#4000=VECTOR('',#12430,1.);
#4001=VECTOR('',#12431,1.);
#4002=VECTOR('',#12432,1.);
#4003=VECTOR('',#12433,1.00000000000064);
#4004=VECTOR('',#12436,1.);
#4005=VECTOR('',#12437,1.00000000000064);
#4006=VECTOR('',#12440,1.);
#4007=VECTOR('',#12441,1.);
#4008=VECTOR('',#12442,1.);
#4009=VECTOR('',#12443,1.00000000000064);
#4010=VECTOR('',#12446,1.);
#4011=VECTOR('',#12449,1.);
#4012=VECTOR('',#12452,1.);
#4013=VECTOR('',#12455,1.00000000000064);
#4014=VECTOR('',#12456,1.);
#4015=VECTOR('',#12457,1.);
#4016=VECTOR('',#12458,1.);
#4017=VECTOR('',#12459,1.00000000000064);
#4018=VECTOR('',#12462,1.);
#4019=VECTOR('',#12463,1.00000000000064);
#4020=VECTOR('',#12466,1.);
#4021=VECTOR('',#12467,1.);
#4022=VECTOR('',#12468,1.);
#4023=VECTOR('',#12469,1.00000000000064);
#4024=VECTOR('',#12472,1.);
#4025=VECTOR('',#12475,1.);
#4026=VECTOR('',#12478,1.);
#4027=VECTOR('',#12481,1.00000000000064);
#4028=VECTOR('',#12482,1.);
#4029=VECTOR('',#12483,1.);
#4030=VECTOR('',#12484,1.);
#4031=VECTOR('',#12485,1.00000000000064);
#4032=VECTOR('',#12488,1.);
#4033=VECTOR('',#12489,1.00000000000064);
#4034=VECTOR('',#12492,1.);
#4035=VECTOR('',#12493,1.);
#4036=VECTOR('',#12494,1.);
#4037=VECTOR('',#12495,1.00000000000064);
#4038=VECTOR('',#12498,1.);
#4039=VECTOR('',#12501,1.);
#4040=VECTOR('',#12504,1.);
#4041=VECTOR('',#12507,1.00000000000064);
#4042=VECTOR('',#12508,1.);
#4043=VECTOR('',#12509,1.);
#4044=VECTOR('',#12510,1.);
#4045=VECTOR('',#12511,1.00000000000064);
#4046=VECTOR('',#12514,1.);
#4047=VECTOR('',#12515,1.00000000000064);
#4048=VECTOR('',#12518,1.);
#4049=VECTOR('',#12519,1.);
#4050=VECTOR('',#12520,1.);
#4051=VECTOR('',#12521,1.00000000000064);
#4052=VECTOR('',#12524,1.);
#4053=VECTOR('',#12527,1.);
#4054=VECTOR('',#12530,1.);
#4055=VECTOR('',#12535,1.);
#4056=VECTOR('',#12538,1.);
#4057=VECTOR('',#12543,1.);
#4058=VECTOR('',#12546,1.);
#4059=VECTOR('',#12551,1.);
#4060=VECTOR('',#12554,1.);
#4061=VECTOR('',#12563,1.);
#4062=VECTOR('',#12566,1.);
#4063=VECTOR('',#12571,1.);
#4064=VECTOR('',#12572,1.);
#4065=VECTOR('',#12573,1.);
#4066=VECTOR('',#12576,1.);
#4067=VECTOR('',#12577,1.);
#4068=VECTOR('',#12578,1.);
#4069=VECTOR('',#12583,1.);
#4070=VECTOR('',#12586,1.);
#4071=VECTOR('',#12775,1.);
#4072=VECTOR('',#12778,1.);
#4073=VECTOR('',#12965,1.);
#4074=VECTOR('',#12968,1.);
#4075=VECTOR('',#12971,1.);
#4076=VECTOR('',#12974,1.);
#4077=VECTOR('',#12979,1.6);
#4078=VECTOR('',#12982,0.4);
#4079=VECTOR('',#12985,0.85);
#4080=VECTOR('',#12988,0.75);
#4081=VECTOR('',#12991,2.);
#4082=VECTOR('',#12994,0.4);
#4083=VECTOR('',#12997,0.4);
#4084=VECTOR('',#13000,0.4);
#4085=VECTOR('',#13003,0.85);
#4086=VECTOR('',#13006,0.75);
#4087=VECTOR('',#13009,0.4);
#4088=VECTOR('',#13012,0.85);
#4089=VECTOR('',#13015,0.75);
#4090=VECTOR('',#13018,2.);
#4091=VECTOR('',#13021,0.4);
#4092=VECTOR('',#13024,0.85);
#4093=VECTOR('',#13027,0.75);
#4094=VECTOR('',#13030,2.);
#4095=VECTOR('',#13033,0.4);
#4096=VECTOR('',#13036,0.85);
#4097=VECTOR('',#13039,0.85);
#4098=VECTOR('',#13042,0.75);
#4099=VECTOR('',#13045,2.);
#4100=VECTOR('',#13048,0.75);
#4101=VECTOR('',#13051,0.4);
#4102=VECTOR('',#13054,0.4);
#4103=VECTOR('',#13057,0.4);
#4104=VECTOR('',#13060,0.4);
#4105=VECTOR('',#13063,0.85);
#4106=VECTOR('',#13066,0.75);
#4107=VECTOR('',#13069,0.4);
#4108=VECTOR('',#13072,0.85);
#4109=VECTOR('',#13075,0.75);
#4110=VECTOR('',#13078,2.);
#4111=VECTOR('',#13081,0.4);
#4112=VECTOR('',#13084,0.4);
#4113=VECTOR('',#13087,1.6);
#4114=VECTOR('',#13090,0.85);
#4115=VECTOR('',#13093,0.75);
#4116=VECTOR('',#13096,0.4);
#4117=VECTOR('',#13099,0.85);
#4118=VECTOR('',#13102,0.85);
#4119=VECTOR('',#13105,0.75);
#4120=VECTOR('',#13108,2.);
#4121=VECTOR('',#13111,0.75);
#4122=VECTOR('',#13114,0.4);
#4123=VECTOR('',#13117,0.4);
#4124=VECTOR('',#13120,0.85);
#4125=VECTOR('',#13123,0.75);
#4126=VECTOR('',#13126,0.4);
#4127=VECTOR('',#13129,0.85);
#4128=VECTOR('',#13132,2.);
#4129=VECTOR('',#13135,0.75);
#4130=VECTOR('',#13138,0.5);
#4131=VECTOR('',#13141,0.85);
#4132=VECTOR('',#13144,0.75);
#4133=VECTOR('',#13147,0.85);
#4134=VECTOR('',#13150,2.);
#4135=VECTOR('',#13153,0.75);
#4136=VECTOR('',#13156,0.5);
#4137=VECTOR('',#13159,0.5);
#4138=VECTOR('',#13162,0.5);
#4139=VECTOR('',#13165,0.5);
#4140=VECTOR('',#13168,0.5);
#4141=VECTOR('',#13171,1.6);
#4142=VECTOR('',#13174,0.5);
#4143=VECTOR('',#13177,0.5);
#4144=VECTOR('',#13180,0.5);
#4145=VECTOR('',#13183,0.5);
#4146=VECTOR('',#13186,0.85);
#4147=VECTOR('',#13189,0.75);
#4148=VECTOR('',#13192,0.85);
#4149=VECTOR('',#13195,2.);
#4150=VECTOR('',#13198,0.75);
#4151=VECTOR('',#13201,0.4445);
#4152=VECTOR('',#13204,0.85);
#4153=VECTOR('',#13207,0.75);
#4154=VECTOR('',#13210,0.4445);
#4155=VECTOR('',#13213,0.4445);
#4156=VECTOR('',#13216,0.4445);
#4157=VECTOR('',#13219,0.4445);
#4158=VECTOR('',#13222,0.4445);
#4159=VECTOR('',#13225,0.4445);
#4160=VECTOR('',#13228,0.4445);
#4161=VECTOR('',#13231,0.4445);
#4162=VECTOR('',#13234,0.4445);
#4163=VECTOR('',#13237,0.4445);
#4164=VECTOR('',#13240,0.4445);
#4165=VECTOR('',#13243,0.4445);
#4166=VECTOR('',#13246,0.4445);
#4167=VECTOR('',#13249,1.6);
#4168=VECTOR('',#13302,0.25);
#4169=VECTOR('',#13319,0.25);
#4170=VECTOR('',#13332,0.25);
#4171=VECTOR('',#13341,1.01);
#4172=VECTOR('',#13354,1.);
#4173=VECTOR('',#13361,1.);
#4174=VECTOR('',#13408,1.);
#4175=VECTOR('',#13409,1.);
#4176=VECTOR('',#13410,1.);
#4177=VECTOR('',#13411,1.);
#4178=VECTOR('',#13414,1.);
#4179=VECTOR('',#13415,1.);
#4180=VECTOR('',#13416,1.);
#4181=VECTOR('',#13417,1.);
#4182=VECTOR('',#13420,1.);
#4183=VECTOR('',#13421,1.);
#4184=VECTOR('',#13422,1.);
#4185=VECTOR('',#13423,1.);
#4186=VECTOR('',#13426,1.);
#4187=VECTOR('',#13427,1.);
#4188=VECTOR('',#13428,1.);
#4189=VECTOR('',#13429,1.);
#4190=VECTOR('',#13432,1.);
#4191=VECTOR('',#13433,1.);
#4192=VECTOR('',#13434,1.);
#4193=VECTOR('',#13435,1.);
#4194=VECTOR('',#13436,1.);
#4195=VECTOR('',#13437,1.);
#4196=VECTOR('',#13440,1.);
#4197=VECTOR('',#13441,1.);
#4198=VECTOR('',#13442,1.);
#4199=VECTOR('',#13445,1.);
#4200=VECTOR('',#13446,1.);
#4201=VECTOR('',#13447,1.);
#4202=VECTOR('',#13450,1.);
#4203=VECTOR('',#13451,1.);
#4204=VECTOR('',#13452,1.);
#4205=VECTOR('',#13455,1.);
#4206=VECTOR('',#13456,1.);
#4207=VECTOR('',#13457,1.);
#4208=VECTOR('',#13460,1.);
#4209=VECTOR('',#13461,1.);
#4210=VECTOR('',#13462,1.);
#4211=VECTOR('',#13465,1.);
#4212=VECTOR('',#13466,1.);
#4213=VECTOR('',#13467,1.);
#4214=VECTOR('',#13470,1.);
#4215=VECTOR('',#13471,1.);
#4216=VECTOR('',#13472,1.);
#4217=VECTOR('',#13473,1.);
#4218=VECTOR('',#13476,1.00000000000009);
#4219=VECTOR('',#13477,1.);
#4220=VECTOR('',#13478,1.00000000000009);
#4221=VECTOR('',#13479,1.);
#4222=VECTOR('',#13482,1.);
#4223=VECTOR('',#13483,1.);
#4224=VECTOR('',#13484,1.);
#4225=VECTOR('',#13485,1.);
#4226=VECTOR('',#13488,1.);
#4227=VECTOR('',#13489,1.);
#4228=VECTOR('',#13490,1.);
#4229=VECTOR('',#13493,1.);
#4230=VECTOR('',#13494,1.);
#4231=VECTOR('',#13495,1.);
#4232=VECTOR('',#13496,1.);
#4233=VECTOR('',#13497,1.);
#4234=VECTOR('',#13498,1.);
#4235=VECTOR('',#13499,1.);
#4236=VECTOR('',#13500,1.);
#4237=VECTOR('',#13501,1.);
#4238=VECTOR('',#13502,1.);
#4239=VECTOR('',#13503,1.);
#4240=VECTOR('',#13504,1.);
#4241=VECTOR('',#13507,1.00000000000009);
#4242=VECTOR('',#13508,1.00000000000009);
#4243=VECTOR('',#13509,1.);
#4244=VECTOR('',#13512,1.);
#4245=VECTOR('',#13513,1.);
#4246=VECTOR('',#13514,1.);
#4247=VECTOR('',#13521,1.);
#4248=VECTOR('',#13524,0.999999999999657);
#4249=VECTOR('',#13525,1.);
#4250=VECTOR('',#13526,1.);
#4251=VECTOR('',#13527,1.);
#4252=VECTOR('',#13530,0.999999999999657);
#4253=VECTOR('',#13531,1.);
#4254=VECTOR('',#13534,1.);
#4255=VECTOR('',#13535,1.);
#4256=VECTOR('',#13536,1.);
#4257=VECTOR('',#13539,1.);
#4258=VECTOR('',#13540,1.);
#4259=VECTOR('',#13543,1.);
#4260=VECTOR('',#13544,1.);
#4261=VECTOR('',#13547,1.);
#4262=VECTOR('',#13552,0.999999999999883);
#4263=VECTOR('',#13553,1.);
#4264=VECTOR('',#13556,1.);
#4265=VECTOR('',#13557,0.999999999999883);
#4266=VECTOR('',#13558,1.);
#4267=VECTOR('',#13559,0.999999999999883);
#4268=VECTOR('',#13560,1.);
#4269=VECTOR('',#13563,1.);
#4270=VECTOR('',#13564,0.999999999999883);
#4271=VECTOR('',#13567,1.);
#4272=VECTOR('',#13568,0.999999999999883);
#4273=VECTOR('',#13569,1.);
#4274=VECTOR('',#13570,0.999999999999883);
#4275=VECTOR('',#13571,1.);
#4276=VECTOR('',#13576,1.);
#4277=VECTOR('',#13577,1.);
#4278=VECTOR('',#13578,1.);
#4279=VECTOR('',#13579,1.);
#4280=VECTOR('',#13582,1.);
#4281=VECTOR('',#13583,1.);
#4282=VECTOR('',#13584,1.);
#4283=VECTOR('',#13589,1.);
#4284=VECTOR('',#13590,1.);
#4285=VECTOR('',#13593,1.);
#4286=VECTOR('',#13596,1.);
#4287=VECTOR('',#13597,1.);
#4288=VECTOR('',#13598,1.);
#4289=VECTOR('',#13601,1.);
#4290=VECTOR('',#13604,1.);
#4291=VECTOR('',#13605,1.);
#4292=VECTOR('',#13606,1.);
#4293=VECTOR('',#13609,1.);
#4294=VECTOR('',#13612,1.);
#4295=VECTOR('',#13615,1.);
#4296=VECTOR('',#13616,1.);
#4297=VECTOR('',#13617,1.);
#4298=VECTOR('',#13620,1.);
#4299=VECTOR('',#13621,1.);
#4300=VECTOR('',#13622,1.);
#4301=VECTOR('',#13623,1.);
#4302=VECTOR('',#13624,1.);
#4303=VECTOR('',#13627,1.);
#4304=VECTOR('',#13628,1.);
#4305=VECTOR('',#13631,1.);
#4306=VECTOR('',#13632,1.);
#4307=VECTOR('',#13633,1.);
#4308=VECTOR('',#13634,1.);
#4309=VECTOR('',#13635,1.);
#4310=VECTOR('',#13638,1.);
#4311=VECTOR('',#13639,1.);
#4312=VECTOR('',#13642,1.);
#4313=VECTOR('',#13649,1.);
#4314=VECTOR('',#13652,1.);
#4315=VECTOR('',#13653,1.);
#4316=VECTOR('',#13658,1.);
#4317=VECTOR('',#13661,1.);
#4318=VECTOR('',#13662,1.);
#4319=VECTOR('',#13667,1.);
#4320=VECTOR('',#13668,1.);
#4321=VECTOR('',#13673,1.);
#4322=VECTOR('',#13674,1.);
#4323=VECTOR('',#13679,1.);
#4324=VECTOR('',#13682,1.);
#4325=VECTOR('',#13683,1.);
#4326=VECTOR('',#13686,1.);
#4327=VECTOR('',#13691,1.);
#4328=VECTOR('',#13692,1.);
#4329=VECTOR('',#13695,1.);
#4330=VECTOR('',#13698,1.);
#4331=VECTOR('',#13701,1.);
#4332=VECTOR('',#13708,1.);
#4333=VECTOR('',#13713,1.);
#4334=VECTOR('',#13714,1.);
#4335=VECTOR('',#13715,1.);
#4336=VECTOR('',#13716,1.);
#4337=VECTOR('',#13719,1.);
#4338=VECTOR('',#13720,1.);
#4339=VECTOR('',#13721,1.);
#4340=VECTOR('',#13722,1.);
#4341=VECTOR('',#13731,1.00000000000064);
#4342=VECTOR('',#13732,1.);
#4343=VECTOR('',#13733,1.);
#4344=VECTOR('',#13734,1.);
#4345=VECTOR('',#13735,1.);
#4346=VECTOR('',#13736,1.);
#4347=VECTOR('',#13739,1.);
#4348=VECTOR('',#13740,1.);
#4349=VECTOR('',#13741,1.);
#4350=VECTOR('',#13742,1.);
#4351=VECTOR('',#13745,1.);
#4352=VECTOR('',#13746,1.);
#4353=VECTOR('',#13747,1.);
#4354=VECTOR('',#13748,1.);
#4355=VECTOR('',#13757,1.);
#4356=VECTOR('',#13758,1.);
#4357=VECTOR('',#13759,1.);
#4358=VECTOR('',#13760,1.);
#4359=VECTOR('',#13761,1.);
#4360=VECTOR('',#13764,1.);
#4361=VECTOR('',#13765,1.);
#4362=VECTOR('',#13766,1.);
#4363=VECTOR('',#13767,1.);
#4364=VECTOR('',#13768,1.00000000000064);
#4365=VECTOR('',#13771,1.);
#4366=VECTOR('',#13772,1.);
#4367=VECTOR('',#13773,1.);
#4368=VECTOR('',#13776,1.);
#4369=VECTOR('',#13777,1.);
#4370=VECTOR('',#13780,1.);
#4371=VECTOR('',#13781,1.);
#4372=VECTOR('',#13782,1.);
#4373=VECTOR('',#13783,0.999999999999609);
#4374=VECTOR('',#13784,1.);
#4375=VECTOR('',#13787,1.);
#4376=VECTOR('',#13788,1.);
#4377=VECTOR('',#13789,1.);
#4378=VECTOR('',#13792,1.);
#4379=VECTOR('',#13793,1.);
#4380=VECTOR('',#13796,1.);
#4381=VECTOR('',#13797,1.);
#4382=VECTOR('',#13800,1.);
#4383=VECTOR('',#13805,1.);
#4384=VECTOR('',#13806,1.);
#4385=VECTOR('',#13809,1.);
#4386=VECTOR('',#13814,1.);
#4387=VECTOR('',#13815,1.);
#4388=VECTOR('',#13816,1.);
#4389=VECTOR('',#13817,1.);
#4390=VECTOR('',#13820,1.);
#4391=VECTOR('',#13821,1.);
#4392=VECTOR('',#13822,1.);
#4393=VECTOR('',#13825,1.);
#4394=VECTOR('',#13826,1.);
#4395=VECTOR('',#13827,1.);
#4396=VECTOR('',#13830,1.);
#4397=VECTOR('',#13831,0.999999999999609);
#4398=VECTOR('',#13832,1.);
#4399=VECTOR('',#13835,1.);
#4400=VECTOR('',#13836,1.);
#4401=VECTOR('',#13837,0.999999999999609);
#4402=VECTOR('',#13840,1.);
#4403=VECTOR('',#13841,1.);
#4404=VECTOR('',#13842,1.);
#4405=VECTOR('',#13843,1.);
#4406=VECTOR('',#13844,1.);
#4407=VECTOR('',#13847,1.);
#4408=VECTOR('',#13848,1.);
#4409=VECTOR('',#13849,1.);
#4410=VECTOR('',#13852,1.);
#4411=VECTOR('',#13853,1.);
#4412=VECTOR('',#13854,1.);
#4413=VECTOR('',#13857,1.);
#4414=VECTOR('',#13858,1.);
#4415=VECTOR('',#13863,1.00000000000038);
#4416=VECTOR('',#13864,1.);
#4417=VECTOR('',#13865,1.00000000000038);
#4418=VECTOR('',#13866,1.);
#4419=VECTOR('',#13867,1.);
#4420=VECTOR('',#13868,0.999999999999609);
#4421=VECTOR('',#13871,1.);
#4422=VECTOR('',#13872,1.00000000000038);
#4423=VECTOR('',#13873,1.);
#4424=VECTOR('',#13874,1.00000000000038);
#4425=VECTOR('',#13875,1.);
#4426=VECTOR('',#13878,1.);
#4427=VECTOR('',#13879,1.);
#4428=VECTOR('',#13880,1.00000000000064);
#4429=VECTOR('',#13883,1.);
#4430=VECTOR('',#13884,1.);
#4431=VECTOR('',#13885,1.00000000000064);
#4432=VECTOR('',#13886,1.);
#4433=VECTOR('',#13887,1.00000000000064);
#4434=VECTOR('',#13888,1.);
#4435=VECTOR('',#13889,1.);
#4436=VECTOR('',#13898,0.999999999999927);
#4437=VECTOR('',#13903,0.999999999999927);
#4438=VECTOR('',#13908,1.);
#4439=VECTOR('',#13913,1.);
#4440=VECTOR('',#13916,1.);
#4441=VECTOR('',#13921,0.5);
#4442=VECTOR('',#13926,0.5);
#4443=VECTOR('',#13941,1.65);
#4444=VECTOR('',#13946,1.9);
#4445=VECTOR('',#13953,1.);
#4446=VECTOR('',#13954,1.00000000000065);
#4447=VECTOR('',#13955,1.);
#4448=VECTOR('',#13956,1.00000000000065);
#4449=VECTOR('',#13957,1.00000000000028);
#4450=VECTOR('',#13960,1.);
#4451=VECTOR('',#13961,1.00000000000065);
#4452=VECTOR('',#13962,1.);
#4453=VECTOR('',#13965,1.);
#4454=VECTOR('',#13966,1.00000000000028);
#4455=VECTOR('',#13967,1.00000000000065);
#4456=VECTOR('',#13968,1.);
#4457=VECTOR('',#13971,1.);
#4458=VECTOR('',#13972,1.00000000000028);
#4459=VECTOR('',#13973,1.);
#4460=VECTOR('',#13976,1.);
#4461=VECTOR('',#13977,1.00000000000065);
#4462=VECTOR('',#13978,1.);
#4463=VECTOR('',#13979,1.00000000000065);
#4464=VECTOR('',#13982,1.);
#4465=VECTOR('',#13983,1.00000000000065);
#4466=VECTOR('',#13984,1.);
#4467=VECTOR('',#13987,1.);
#4468=VECTOR('',#13988,1.00000000000065);
#4469=VECTOR('',#13989,1.);
#4470=VECTOR('',#13992,1.);
#4471=VECTOR('',#13993,1.00000000000028);
#4472=VECTOR('',#13994,1.);
#4473=VECTOR('',#13997,1.);
#4474=VECTOR('',#13998,1.);
#4475=VECTOR('',#13999,1.);
#4476=VECTOR('',#14000,1.);
#4477=VECTOR('',#14003,1.00000000000065);
#4478=VECTOR('',#14004,1.);
#4479=VECTOR('',#14005,1.00000000000065);
#4480=VECTOR('',#14008,1.);
#4481=VECTOR('',#14011,1.);
#4482=VECTOR('',#14012,1.);
#4483=VECTOR('',#14013,1.);
#4484=VECTOR('',#14016,1.);
#4485=VECTOR('',#14017,1.);
#4486=VECTOR('',#14020,1.);
#4487=VECTOR('',#14021,1.);
#4488=VECTOR('',#14024,1.);
#4489=VECTOR('',#14027,1.);
#4490=VECTOR('',#14028,1.);
#4491=VECTOR('',#14029,1.);
#4492=VECTOR('',#14032,1.00000000000065);
#4493=VECTOR('',#14033,1.);
#4494=VECTOR('',#14036,1.00000000000065);
#4495=VECTOR('',#14037,1.);
#4496=VECTOR('',#14040,1.);
#4497=VECTOR('',#14041,1.);
#4498=VECTOR('',#14042,1.);
#4499=VECTOR('',#14045,1.);
#4500=VECTOR('',#14046,1.);
#4501=VECTOR('',#14049,1.);
#4502=VECTOR('',#14052,1.);
#4503=VECTOR('',#14053,1.);
#4504=VECTOR('',#14056,1.);
#4505=VECTOR('',#14057,1.);
#4506=VECTOR('',#14060,1.);
#4507=VECTOR('',#14063,1.);
#4508=VECTOR('',#14064,1.);
#4509=VECTOR('',#14065,1.);
#4510=VECTOR('',#14066,1.);
#4511=VECTOR('',#14069,1.);
#4512=VECTOR('',#14070,1.);
#4513=VECTOR('',#14071,1.);
#4514=VECTOR('',#14074,1.);
#4515=VECTOR('',#14075,1.);
#4516=VECTOR('',#14076,1.);
#4517=VECTOR('',#14079,1.);
#4518=VECTOR('',#14080,1.);
#4519=VECTOR('',#14081,1.);
#4520=VECTOR('',#14084,1.);
#4521=VECTOR('',#14085,1.);
#4522=VECTOR('',#14086,1.);
#4523=VECTOR('',#14089,1.);
#4524=VECTOR('',#14090,1.);
#4525=VECTOR('',#14091,1.);
#4526=VECTOR('',#14094,1.);
#4527=VECTOR('',#14095,1.);
#4528=VECTOR('',#14096,1.);
#4529=VECTOR('',#14097,1.);
#4530=VECTOR('',#14100,1.);
#4531=VECTOR('',#14101,1.);
#4532=VECTOR('',#14102,1.);
#4533=VECTOR('',#14105,1.);
#4534=VECTOR('',#14106,1.);
#4535=VECTOR('',#14107,1.);
#4536=VECTOR('',#14110,1.);
#4537=VECTOR('',#14111,1.);
#4538=VECTOR('',#14112,1.);
#4539=VECTOR('',#14115,1.);
#4540=VECTOR('',#14116,1.);
#4541=VECTOR('',#14117,1.);
#4542=VECTOR('',#14120,1.);
#4543=VECTOR('',#14121,1.);
#4544=VECTOR('',#14122,1.);
#4545=VECTOR('',#14125,1.);
#4546=VECTOR('',#14128,1.);
#4547=VECTOR('',#14129,1.);
#4548=VECTOR('',#14132,1.);
#4549=VECTOR('',#14135,1.);
#4550=VECTOR('',#14136,1.);
#4551=VECTOR('',#14137,1.);
#4552=VECTOR('',#14138,1.);
#4553=VECTOR('',#14141,1.);
#4554=VECTOR('',#14142,1.);
#4555=VECTOR('',#14145,1.);
#4556=VECTOR('',#14146,1.);
#4557=VECTOR('',#14147,1.);
#4558=VECTOR('',#14150,1.);
#4559=VECTOR('',#14159,1.00000000000064);
#4560=VECTOR('',#14160,1.);
#4561=VECTOR('',#14161,1.00000000000064);
#4562=VECTOR('',#14162,1.);
#4563=VECTOR('',#14165,1.);
#4564=VECTOR('',#14166,1.00000000000064);
#4565=VECTOR('',#14167,1.);
#4566=VECTOR('',#14168,1.);
#4567=VECTOR('',#14169,1.);
#4568=VECTOR('',#14172,1.);
#4569=VECTOR('',#14173,1.);
#4570=VECTOR('',#14176,1.00000000000064);
#4571=VECTOR('',#14177,1.);
#4572=VECTOR('',#14180,1.);
#4573=VECTOR('',#14181,1.);
#4574=VECTOR('',#14184,1.);
#4575=VECTOR('',#14185,1.);
#4576=VECTOR('',#14188,1.);
#4577=VECTOR('',#14193,1.00000000000064);
#4578=VECTOR('',#14194,1.);
#4579=VECTOR('',#14195,1.00000000000064);
#4580=VECTOR('',#14196,1.);
#4581=VECTOR('',#14199,1.);
#4582=VECTOR('',#14200,1.);
#4583=VECTOR('',#14201,1.);
#4584=VECTOR('',#14204,1.);
#4585=VECTOR('',#14205,1.);
#4586=VECTOR('',#14206,1.);
#4587=VECTOR('',#14207,1.00000000000064);
#4588=VECTOR('',#14210,1.00000000000064);
#4589=VECTOR('',#14211,1.);
#4590=VECTOR('',#14214,1.);
#4591=VECTOR('',#14215,1.);
#4592=VECTOR('',#14216,1.);
#4593=VECTOR('',#14219,1.);
#4594=VECTOR('',#14222,1.);
#4595=VECTOR('',#14299,10.);
#4596=VECTOR('',#14300,10.);
#4597=VECTOR('',#14301,10.);
#4598=VECTOR('',#14302,10.);
#4599=VECTOR('',#14303,10.);
#4600=VECTOR('',#14306,10.);
#4601=VECTOR('',#14307,10.);
#4602=VECTOR('',#14308,10.);
#4603=VECTOR('',#14309,10.);
#4604=VECTOR('',#14314,1.25);
#4605=VECTOR('',#14319,10.);
#4606=VECTOR('',#14320,10.);
#4607=VECTOR('',#14321,10.);
#4608=VECTOR('',#14324,10.);
#4609=VECTOR('',#14325,10.);
#4610=VECTOR('',#14330,10.);
#4611=VECTOR('',#14331,10.);
#4612=VECTOR('',#14332,10.);
#4613=VECTOR('',#14333,10.);
#4614=VECTOR('',#14334,10.);
#4615=VECTOR('',#14335,10.);
#4616=VECTOR('',#14336,10.);
#4617=VECTOR('',#14343,1.25);
#4618=VECTOR('',#14348,10.);
#4619=VECTOR('',#14349,10.);
#4620=VECTOR('',#14350,10.);
#4621=VECTOR('',#14351,10.);
#4622=VECTOR('',#14354,10.);
#4623=VECTOR('',#14355,10.);
#4624=VECTOR('',#14358,10.);
#4625=VECTOR('',#14361,10.);
#4626=VECTOR('',#14362,10.);
#4627=VECTOR('',#14363,10.);
#4628=VECTOR('',#14364,10.);
#4629=VECTOR('',#14365,10.);
#4630=VECTOR('',#14366,10.);
#4631=VECTOR('',#14367,10.);
#4632=VECTOR('',#14370,10.);
#4633=VECTOR('',#14371,10.);
#4634=VECTOR('',#14372,10.);
#4635=VECTOR('',#14373,10.);
#4636=VECTOR('',#14378,1.25);
#4637=VECTOR('',#14383,10.);
#4638=VECTOR('',#14384,10.);
#4639=VECTOR('',#14385,10.);
#4640=VECTOR('',#14388,10.);
#4641=VECTOR('',#14389,10.);
#4642=VECTOR('',#14390,10.);
#4643=VECTOR('',#14393,10.);
#4644=VECTOR('',#14394,10.);
#4645=VECTOR('',#14399,10.);
#4646=VECTOR('',#14404,10.);
#4647=VECTOR('',#14405,10.);
#4648=VECTOR('',#14406,10.);
#4649=VECTOR('',#14411,1.25);
#4650=VECTOR('',#14416,10.);
#4651=VECTOR('',#14417,10.);
#4652=VECTOR('',#14420,10.);
#4653=VECTOR('',#14421,10.);
#4654=VECTOR('',#14424,10.);
#4655=VECTOR('',#14425,10.);
#4656=VECTOR('',#14432,1.75000000000001);
#4657=VECTOR('',#14441,1.75);
#4658=VECTOR('',#14448,10.);
#4659=VECTOR('',#14449,10.);
#4660=VECTOR('',#14450,10.);
#4661=VECTOR('',#14453,10.);
#4662=VECTOR('',#14454,10.);
#4663=VECTOR('',#14455,10.);
#4664=VECTOR('',#14456,10.);
#4665=VECTOR('',#14459,10.);
#4666=VECTOR('',#14460,10.);
#4667=VECTOR('',#14461,10.);
#4668=VECTOR('',#14462,10.);
#4669=VECTOR('',#14465,10.);
#4670=VECTOR('',#14466,10.);
#4671=VECTOR('',#14467,10.);
#4672=VECTOR('',#14468,10.);
#4673=VECTOR('',#14469,10.);
#4674=VECTOR('',#14470,10.);
#4675=VECTOR('',#14471,10.);
#4676=VECTOR('',#14472,10.);
#4677=VECTOR('',#14475,10.);
#4678=VECTOR('',#14478,10.);
#4679=VECTOR('',#14485,10.);
#4680=VECTOR('',#14486,10.);
#4681=VECTOR('',#14487,10.);
#4682=VECTOR('',#14490,10.);
#4683=VECTOR('',#14491,10.);
#4684=VECTOR('',#14494,10.);
#4685=VECTOR('',#14495,10.);
#4686=VECTOR('',#14498,10.);
#4687=VECTOR('',#14505,2.5);
#4688=VECTOR('',#14510,2.5);
#4689=VECTOR('',#14515,2.5);
#4690=VECTOR('',#14520,2.5);
#4691=VECTOR('',#14535,10.);
#4692=VECTOR('',#14538,10.);
#4693=VECTOR('',#14543,10.);
#4694=VECTOR('',#14544,10.);
#4695=VECTOR('',#14547,10.);
#4696=VECTOR('',#14550,10.);
#4697=VECTOR('',#14553,10.);
#4698=VECTOR('',#14554,10.);
#4699=VECTOR('',#14555,10.);
#4700=VECTOR('',#14556,10.);
#4701=VECTOR('',#14557,10.);
#4702=VECTOR('',#14558,10.);
#4703=VECTOR('',#14577,10.);
#4704=VECTOR('',#14582,10.);
#4705=VECTOR('',#14599,10.);
#4706=VECTOR('',#14618,10.);
#4707=VECTOR('',#14623,0.875000000000004);
#4708=VECTOR('',#14626,0.874999999999995);
#4709=VECTOR('',#14629,0.875000000000004);
#4710=VECTOR('',#14632,0.874999999999999);
#4711=VECTOR('',#14635,10.);
#4712=VECTOR('',#14636,10.);
#4713=VECTOR('',#14637,10.);
#4714=VECTOR('',#14638,10.);
#4715=VECTOR('',#14639,10.);
#4716=VECTOR('',#14640,10.);
#4717=VECTOR('',#14641,10.);
#4718=VECTOR('',#14642,10.);
#4719=VECTOR('',#14643,10.);
#4720=VECTOR('',#14652,10.);
#4721=VECTOR('',#14655,10.);
#4722=VECTOR('',#14664,10.);
#4723=VECTOR('',#14669,10.);
#4724=VECTOR('',#14672,10.);
#4725=VECTOR('',#14673,10.);
#4726=VECTOR('',#14680,10.);
#4727=VECTOR('',#14681,10.);
#4728=VECTOR('',#14696,0.874999999999995);
#4729=VECTOR('',#14705,0.874999999999999);
#4730=VECTOR('',#14714,0.875000000000004);
#4731=VECTOR('',#14723,0.874999999999999);
#4732=VECTOR('',#14730,10.);
#4733=VECTOR('',#14731,10.);
#4734=VECTOR('',#14732,10.);
#4735=VECTOR('',#14733,10.);
#4736=VECTOR('',#14734,10.);
#4737=VECTOR('',#14735,10.);
#4738=VECTOR('',#14736,10.);
#4739=VECTOR('',#14737,10.);
#4740=VECTOR('',#14740,10.);
#4741=VECTOR('',#14741,10.);
#4742=VECTOR('',#14742,10.);
#4743=VECTOR('',#14743,10.);
#4744=VECTOR('',#14744,10.);
#4745=VECTOR('',#14747,10.);
#4746=VECTOR('',#14752,10.);
#4747=VECTOR('',#14755,10.);
#4748=VECTOR('',#14758,10.);
#4749=VECTOR('',#14759,10.);
#4750=VECTOR('',#14760,10.);
#4751=VECTOR('',#14763,10.);
#4752=VECTOR('',#14766,10.);
#4753=VECTOR('',#14773,1.75000000000001);
#4754=VECTOR('',#14778,10.);
#4755=VECTOR('',#14779,10.);
#4756=VECTOR('',#14780,10.);
#4757=VECTOR('',#14785,10.);
#4758=VECTOR('',#14786,10.);
#4759=VECTOR('',#14787,10.);
#4760=VECTOR('',#14788,10.);
#4761=VECTOR('',#14791,10.);
#4762=VECTOR('',#14792,10.);
#4763=VECTOR('',#14797,10.);
#4764=VECTOR('',#14798,10.);
#4765=VECTOR('',#14799,10.);
#4766=VECTOR('',#14800,10.);
#4767=VECTOR('',#14805,8.00000000000001);
#4768=VECTOR('',#14810,1.75);
#4769=VECTOR('',#14815,10.);
#4770=VECTOR('',#14816,10.);
#4771=VECTOR('',#14817,10.);
#4772=VECTOR('',#14818,10.);
#4773=VECTOR('',#14821,10.);
#4774=VECTOR('',#14822,10.);
#4775=VECTOR('',#14823,10.);
#4776=VECTOR('',#14824,10.);
#4777=VECTOR('',#14825,10.);
#4778=VECTOR('',#14828,10.);
#4779=VECTOR('',#14829,10.);
#4780=VECTOR('',#14830,10.);
#4781=VECTOR('',#14833,10.);
#4782=VECTOR('',#14834,10.);
#4783=VECTOR('',#14835,10.);
#4784=VECTOR('',#14836,10.);
#4785=VECTOR('',#14837,10.);
#4786=VECTOR('',#14840,10.);
#4787=VECTOR('',#14841,10.);
#4788=VECTOR('',#14842,10.);
#4789=VECTOR('',#14845,10.);
#4790=VECTOR('',#14846,10.);
#4791=VECTOR('',#14847,10.);
#4792=VECTOR('',#14850,10.);
#4793=VECTOR('',#14853,10.);
#4794=VECTOR('',#14854,10.);
#4795=VECTOR('',#14855,10.);
#4796=VECTOR('',#14856,10.);
#4797=VECTOR('',#14859,10.);
#4798=VECTOR('',#14860,10.);
#4799=VECTOR('',#14861,10.);
#4800=VECTOR('',#14864,10.);
#4801=VECTOR('',#14865,10.);
#4802=VECTOR('',#14866,10.);
#4803=VECTOR('',#14869,10.);
#4804=VECTOR('',#14870,10.);
#4805=VECTOR('',#14873,10.);
#4806=VECTOR('',#14874,10.);
#4807=VECTOR('',#14875,10.);
#4808=VECTOR('',#14876,10.);
#4809=VECTOR('',#14877,10.);
#4810=VECTOR('',#14880,10.);
#4811=VECTOR('',#14881,10.);
#4812=VECTOR('',#14884,10.);
#4813=VECTOR('',#14885,10.);
#4814=VECTOR('',#14888,10.);
#4815=VECTOR('',#14891,10.);
#4816=VECTOR('',#14896,10.);
#4817=VECTOR('',#14897,10.);
#4818=VECTOR('',#14898,10.);
#4819=VECTOR('',#14901,10.);
#4820=VECTOR('',#14902,10.);
#4821=VECTOR('',#14905,10.);
#4822=VECTOR('',#14906,10.);
#4823=VECTOR('',#14909,10.);
#4824=VECTOR('',#14912,10.);
#4825=VECTOR('',#14913,10.);
#4826=VECTOR('',#14916,10.);
#4827=VECTOR('',#14919,10.);
#4828=VECTOR('',#14922,10.);
#4829=VECTOR('',#14923,10.);
#4830=VECTOR('',#14924,10.);
#4831=VERTEX_POINT('',#14978);
#4832=VERTEX_POINT('',#14979);
#4833=VERTEX_POINT('',#14981);
#4834=VERTEX_POINT('',#14992);
#4835=VERTEX_POINT('',#14994);
#4836=VERTEX_POINT('',#14996);
#4837=VERTEX_POINT('',#14998);
#4838=VERTEX_POINT('',#15000);
#4839=VERTEX_POINT('',#15002);
#4840=VERTEX_POINT('',#15013);
#4841=VERTEX_POINT('',#15015);
#4842=VERTEX_POINT('',#15026);
#4843=VERTEX_POINT('',#15051);
#4844=VERTEX_POINT('',#15054);
#4845=VERTEX_POINT('',#15058);
#4846=VERTEX_POINT('',#15066);
#4847=VERTEX_POINT('',#15067);
#4848=VERTEX_POINT('',#15069);
#4849=VERTEX_POINT('',#15071);
#4850=VERTEX_POINT('',#15073);
#4851=VERTEX_POINT('',#15075);
#4852=VERTEX_POINT('',#15077);
#4853=VERTEX_POINT('',#15079);
#4854=VERTEX_POINT('',#15083);
#4855=VERTEX_POINT('',#15085);
#4856=VERTEX_POINT('',#15089);
#4857=VERTEX_POINT('',#15093);
#4858=VERTEX_POINT('',#15096);
#4859=VERTEX_POINT('',#15097);
#4860=VERTEX_POINT('',#15099);
#4861=VERTEX_POINT('',#15101);
#4862=VERTEX_POINT('',#15103);
#4863=VERTEX_POINT('',#15105);
#4864=VERTEX_POINT('',#15107);
#4865=VERTEX_POINT('',#15109);
#4866=VERTEX_POINT('',#15112);
#4867=VERTEX_POINT('',#15113);
#4868=VERTEX_POINT('',#15115);
#4869=VERTEX_POINT('',#15117);
#4870=VERTEX_POINT('',#15119);
#4871=VERTEX_POINT('',#15121);
#4872=VERTEX_POINT('',#15123);
#4873=VERTEX_POINT('',#15125);
#4874=VERTEX_POINT('',#15128);
#4875=VERTEX_POINT('',#15129);
#4876=VERTEX_POINT('',#15131);
#4877=VERTEX_POINT('',#15133);
#4878=VERTEX_POINT('',#15135);
#4879=VERTEX_POINT('',#15137);
#4880=VERTEX_POINT('',#15139);
#4881=VERTEX_POINT('',#15141);
#4882=VERTEX_POINT('',#15144);
#4883=VERTEX_POINT('',#15145);
#4884=VERTEX_POINT('',#15147);
#4885=VERTEX_POINT('',#15149);
#4886=VERTEX_POINT('',#15151);
#4887=VERTEX_POINT('',#15153);
#4888=VERTEX_POINT('',#15155);
#4889=VERTEX_POINT('',#15157);
#4890=VERTEX_POINT('',#15161);
#4891=VERTEX_POINT('',#15165);
#4892=VERTEX_POINT('',#15169);
#4893=VERTEX_POINT('',#15171);
#4894=VERTEX_POINT('',#15176);
#4895=VERTEX_POINT('',#15177);
#4896=VERTEX_POINT('',#15179);
#4897=VERTEX_POINT('',#15181);
#4898=VERTEX_POINT('',#15184);
#4899=VERTEX_POINT('',#15185);
#4900=VERTEX_POINT('',#15187);
#4901=VERTEX_POINT('',#15189);
#4902=VERTEX_POINT('',#15192);
#4903=VERTEX_POINT('',#15193);
#4904=VERTEX_POINT('',#15195);
#4905=VERTEX_POINT('',#15197);
#4906=VERTEX_POINT('',#15200);
#4907=VERTEX_POINT('',#15201);
#4908=VERTEX_POINT('',#15203);
#4909=VERTEX_POINT('',#15205);
#4910=VERTEX_POINT('',#15212);
#4911=VERTEX_POINT('',#15214);
#4912=VERTEX_POINT('',#15218);
#4913=VERTEX_POINT('',#15222);
#4914=VERTEX_POINT('',#15228);
#4915=VERTEX_POINT('',#15230);
#4916=VERTEX_POINT('',#15234);
#4917=VERTEX_POINT('',#15238);
#4918=VERTEX_POINT('',#15244);
#4919=VERTEX_POINT('',#15246);
#4920=VERTEX_POINT('',#15250);
#4921=VERTEX_POINT('',#15254);
#4922=VERTEX_POINT('',#15260);
#4923=VERTEX_POINT('',#15262);
#4924=VERTEX_POINT('',#15266);
#4925=VERTEX_POINT('',#15270);
#4926=VERTEX_POINT('',#15278);
#4927=VERTEX_POINT('',#15280);
#4928=VERTEX_POINT('',#15282);
#4929=VERTEX_POINT('',#15284);
#4930=VERTEX_POINT('',#15290);
#4931=VERTEX_POINT('',#15292);
#4932=VERTEX_POINT('',#15294);
#4933=VERTEX_POINT('',#15296);
#4934=VERTEX_POINT('',#15302);
#4935=VERTEX_POINT('',#15304);
#4936=VERTEX_POINT('',#15306);
#4937=VERTEX_POINT('',#15308);
#4938=VERTEX_POINT('',#15314);
#4939=VERTEX_POINT('',#15316);
#4940=VERTEX_POINT('',#15318);
#4941=VERTEX_POINT('',#15320);
#4942=VERTEX_POINT('',#15326);
#4943=VERTEX_POINT('',#15328);
#4944=VERTEX_POINT('',#15330);
#4945=VERTEX_POINT('',#15332);
#4946=VERTEX_POINT('',#15338);
#4947=VERTEX_POINT('',#15340);
#4948=VERTEX_POINT('',#15342);
#4949=VERTEX_POINT('',#15344);
#4950=VERTEX_POINT('',#15350);
#4951=VERTEX_POINT('',#15352);
#4952=VERTEX_POINT('',#15354);
#4953=VERTEX_POINT('',#15356);
#4954=VERTEX_POINT('',#15362);
#4955=VERTEX_POINT('',#15364);
#4956=VERTEX_POINT('',#15366);
#4957=VERTEX_POINT('',#15368);
#4958=VERTEX_POINT('',#15372);
#4959=VERTEX_POINT('',#15374);
#4960=VERTEX_POINT('',#15378);
#4961=VERTEX_POINT('',#15380);
#4962=VERTEX_POINT('',#15382);
#4963=VERTEX_POINT('',#15384);
#4964=VERTEX_POINT('',#15386);
#4965=VERTEX_POINT('',#15390);
#4966=VERTEX_POINT('',#15394);
#4967=VERTEX_POINT('',#15396);
#4968=VERTEX_POINT('',#15398);
#4969=VERTEX_POINT('',#15400);
#4970=VERTEX_POINT('',#15404);
#4971=VERTEX_POINT('',#15406);
#4972=VERTEX_POINT('',#15410);
#4973=VERTEX_POINT('',#15412);
#4974=VERTEX_POINT('',#15414);
#4975=VERTEX_POINT('',#15416);
#4976=VERTEX_POINT('',#15418);
#4977=VERTEX_POINT('',#15422);
#4978=VERTEX_POINT('',#15426);
#4979=VERTEX_POINT('',#15428);
#4980=VERTEX_POINT('',#15430);
#4981=VERTEX_POINT('',#15432);
#4982=VERTEX_POINT('',#15436);
#4983=VERTEX_POINT('',#15438);
#4984=VERTEX_POINT('',#15442);
#4985=VERTEX_POINT('',#15444);
#4986=VERTEX_POINT('',#15446);
#4987=VERTEX_POINT('',#15448);
#4988=VERTEX_POINT('',#15450);
#4989=VERTEX_POINT('',#15454);
#4990=VERTEX_POINT('',#15458);
#4991=VERTEX_POINT('',#15460);
#4992=VERTEX_POINT('',#15462);
#4993=VERTEX_POINT('',#15464);
#4994=VERTEX_POINT('',#15468);
#4995=VERTEX_POINT('',#15470);
#4996=VERTEX_POINT('',#15474);
#4997=VERTEX_POINT('',#15476);
#4998=VERTEX_POINT('',#15478);
#4999=VERTEX_POINT('',#15480);
#5000=VERTEX_POINT('',#15482);
#5001=VERTEX_POINT('',#15486);
#5002=VERTEX_POINT('',#15490);
#5003=VERTEX_POINT('',#15492);
#5004=VERTEX_POINT('',#15494);
#5005=VERTEX_POINT('',#15496);
#5006=VERTEX_POINT('',#15540);
#5007=VERTEX_POINT('',#15542);
#5008=VERTEX_POINT('',#15544);
#5009=VERTEX_POINT('',#15546);
#5010=VERTEX_POINT('',#15550);
#5011=VERTEX_POINT('',#15554);
#5012=VERTEX_POINT('',#15556);
#5013=VERTEX_POINT('',#15558);
#5014=VERTEX_POINT('',#15568);
#5015=VERTEX_POINT('',#15570);
#5016=VERTEX_POINT('',#15572);
#5017=VERTEX_POINT('',#15574);
#5018=VERTEX_POINT('',#15578);
#5019=VERTEX_POINT('',#15582);
#5020=VERTEX_POINT('',#15584);
#5021=VERTEX_POINT('',#15586);
#5022=VERTEX_POINT('',#15596);
#5023=VERTEX_POINT('',#15598);
#5024=VERTEX_POINT('',#15600);
#5025=VERTEX_POINT('',#15602);
#5026=VERTEX_POINT('',#15606);
#5027=VERTEX_POINT('',#15610);
#5028=VERTEX_POINT('',#15612);
#5029=VERTEX_POINT('',#15614);
#5030=VERTEX_POINT('',#15624);
#5031=VERTEX_POINT('',#15626);
#5032=VERTEX_POINT('',#15628);
#5033=VERTEX_POINT('',#15630);
#5034=VERTEX_POINT('',#15634);
#5035=VERTEX_POINT('',#15638);
#5036=VERTEX_POINT('',#15640);
#5037=VERTEX_POINT('',#15642);
#5038=VERTEX_POINT('',#15670);
#5039=VERTEX_POINT('',#15671);
#5040=VERTEX_POINT('',#15673);
#5041=VERTEX_POINT('',#15675);
#5042=VERTEX_POINT('',#15679);
#5043=VERTEX_POINT('',#15680);
#5044=VERTEX_POINT('',#15685);
#5045=VERTEX_POINT('',#15687);
#5046=VERTEX_POINT('',#15691);
#5047=VERTEX_POINT('',#15693);
#5048=VERTEX_POINT('',#15695);
#5049=VERTEX_POINT('',#15697);
#5050=VERTEX_POINT('',#15700);
#5051=VERTEX_POINT('',#15702);
#5052=VERTEX_POINT('',#15704);
#5053=VERTEX_POINT('',#15706);
#5054=VERTEX_POINT('',#15708);
#5055=VERTEX_POINT('',#15710);
#5056=VERTEX_POINT('',#15712);
#5057=VERTEX_POINT('',#15714);
#5058=VERTEX_POINT('',#15716);
#5059=VERTEX_POINT('',#15718);
#5060=VERTEX_POINT('',#15720);
#5061=VERTEX_POINT('',#15722);
#5062=VERTEX_POINT('',#15724);
#5063=VERTEX_POINT('',#15726);
#5064=VERTEX_POINT('',#15728);
#5065=VERTEX_POINT('',#15730);
#5066=VERTEX_POINT('',#15732);
#5067=VERTEX_POINT('',#15734);
#5068=VERTEX_POINT('',#15736);
#5069=VERTEX_POINT('',#15738);
#5070=VERTEX_POINT('',#15740);
#5071=VERTEX_POINT('',#15742);
#5072=VERTEX_POINT('',#15744);
#5073=VERTEX_POINT('',#15746);
#5074=VERTEX_POINT('',#15748);
#5075=VERTEX_POINT('',#15750);
#5076=VERTEX_POINT('',#15752);
#5077=VERTEX_POINT('',#15754);
#5078=VERTEX_POINT('',#15756);
#5079=VERTEX_POINT('',#15758);
#5080=VERTEX_POINT('',#15760);
#5081=VERTEX_POINT('',#15762);
#5082=VERTEX_POINT('',#15764);
#5083=VERTEX_POINT('',#15766);
#5084=VERTEX_POINT('',#15768);
#5085=VERTEX_POINT('',#15770);
#5086=VERTEX_POINT('',#15772);
#5087=VERTEX_POINT('',#15774);
#5088=VERTEX_POINT('',#15776);
#5089=VERTEX_POINT('',#15778);
#5090=VERTEX_POINT('',#15780);
#5091=VERTEX_POINT('',#15782);
#5092=VERTEX_POINT('',#15784);
#5093=VERTEX_POINT('',#15786);
#5094=VERTEX_POINT('',#15788);
#5095=VERTEX_POINT('',#15790);
#5096=VERTEX_POINT('',#15792);
#5097=VERTEX_POINT('',#15794);
#5098=VERTEX_POINT('',#15796);
#5099=VERTEX_POINT('',#15798);
#5100=VERTEX_POINT('',#15800);
#5101=VERTEX_POINT('',#15802);
#5102=VERTEX_POINT('',#15804);
#5103=VERTEX_POINT('',#15806);
#5104=VERTEX_POINT('',#15808);
#5105=VERTEX_POINT('',#15810);
#5106=VERTEX_POINT('',#15812);
#5107=VERTEX_POINT('',#15814);
#5108=VERTEX_POINT('',#15816);
#5109=VERTEX_POINT('',#15818);
#5110=VERTEX_POINT('',#15820);
#5111=VERTEX_POINT('',#15822);
#5112=VERTEX_POINT('',#15824);
#5113=VERTEX_POINT('',#15826);
#5114=VERTEX_POINT('',#15828);
#5115=VERTEX_POINT('',#15830);
#5116=VERTEX_POINT('',#15832);
#5117=VERTEX_POINT('',#15834);
#5118=VERTEX_POINT('',#15836);
#5119=VERTEX_POINT('',#15838);
#5120=VERTEX_POINT('',#15840);
#5121=VERTEX_POINT('',#15842);
#5122=VERTEX_POINT('',#15844);
#5123=VERTEX_POINT('',#15846);
#5124=VERTEX_POINT('',#15848);
#5125=VERTEX_POINT('',#15850);
#5126=VERTEX_POINT('',#15852);
#5127=VERTEX_POINT('',#15854);
#5128=VERTEX_POINT('',#15856);
#5129=VERTEX_POINT('',#15858);
#5130=VERTEX_POINT('',#15860);
#5131=VERTEX_POINT('',#15862);
#5132=VERTEX_POINT('',#15864);
#5133=VERTEX_POINT('',#15866);
#5134=VERTEX_POINT('',#15868);
#5135=VERTEX_POINT('',#15870);
#5136=VERTEX_POINT('',#15872);
#5137=VERTEX_POINT('',#15874);
#5138=VERTEX_POINT('',#15876);
#5139=VERTEX_POINT('',#15878);
#5140=VERTEX_POINT('',#15880);
#5141=VERTEX_POINT('',#15883);
#5142=VERTEX_POINT('',#15885);
#5143=VERTEX_POINT('',#15887);
#5144=VERTEX_POINT('',#15889);
#5145=VERTEX_POINT('',#15892);
#5146=VERTEX_POINT('',#15894);
#5147=VERTEX_POINT('',#15896);
#5148=VERTEX_POINT('',#15898);
#5149=VERTEX_POINT('',#15900);
#5150=VERTEX_POINT('',#15902);
#5151=VERTEX_POINT('',#15904);
#5152=VERTEX_POINT('',#15906);
#5153=VERTEX_POINT('',#15908);
#5154=VERTEX_POINT('',#15910);
#5155=VERTEX_POINT('',#15912);
#5156=VERTEX_POINT('',#15914);
#5157=VERTEX_POINT('',#15916);
#5158=VERTEX_POINT('',#15918);
#5159=VERTEX_POINT('',#15920);
#5160=VERTEX_POINT('',#15922);
#5161=VERTEX_POINT('',#15924);
#5162=VERTEX_POINT('',#15926);
#5163=VERTEX_POINT('',#15928);
#5164=VERTEX_POINT('',#15930);
#5165=VERTEX_POINT('',#15932);
#5166=VERTEX_POINT('',#15934);
#5167=VERTEX_POINT('',#15936);
#5168=VERTEX_POINT('',#15938);
#5169=VERTEX_POINT('',#15940);
#5170=VERTEX_POINT('',#15942);
#5171=VERTEX_POINT('',#15944);
#5172=VERTEX_POINT('',#15946);
#5173=VERTEX_POINT('',#15948);
#5174=VERTEX_POINT('',#15950);
#5175=VERTEX_POINT('',#15952);
#5176=VERTEX_POINT('',#15954);
#5177=VERTEX_POINT('',#15956);
#5178=VERTEX_POINT('',#15958);
#5179=VERTEX_POINT('',#15960);
#5180=VERTEX_POINT('',#15962);
#5181=VERTEX_POINT('',#15964);
#5182=VERTEX_POINT('',#15966);
#5183=VERTEX_POINT('',#15968);
#5184=VERTEX_POINT('',#15970);
#5185=VERTEX_POINT('',#15972);
#5186=VERTEX_POINT('',#15974);
#5187=VERTEX_POINT('',#15976);
#5188=VERTEX_POINT('',#15978);
#5189=VERTEX_POINT('',#15980);
#5190=VERTEX_POINT('',#15982);
#5191=VERTEX_POINT('',#15984);
#5192=VERTEX_POINT('',#15986);
#5193=VERTEX_POINT('',#15988);
#5194=VERTEX_POINT('',#15990);
#5195=VERTEX_POINT('',#15992);
#5196=VERTEX_POINT('',#15994);
#5197=VERTEX_POINT('',#15996);
#5198=VERTEX_POINT('',#15998);
#5199=VERTEX_POINT('',#16000);
#5200=VERTEX_POINT('',#16002);
#5201=VERTEX_POINT('',#16004);
#5202=VERTEX_POINT('',#16006);
#5203=VERTEX_POINT('',#16008);
#5204=VERTEX_POINT('',#16010);
#5205=VERTEX_POINT('',#16012);
#5206=VERTEX_POINT('',#16014);
#5207=VERTEX_POINT('',#16016);
#5208=VERTEX_POINT('',#16018);
#5209=VERTEX_POINT('',#16020);
#5210=VERTEX_POINT('',#16022);
#5211=VERTEX_POINT('',#16024);
#5212=VERTEX_POINT('',#16026);
#5213=VERTEX_POINT('',#16028);
#5214=VERTEX_POINT('',#16030);
#5215=VERTEX_POINT('',#16032);
#5216=VERTEX_POINT('',#16034);
#5217=VERTEX_POINT('',#16036);
#5218=VERTEX_POINT('',#16038);
#5219=VERTEX_POINT('',#16040);
#5220=VERTEX_POINT('',#16042);
#5221=VERTEX_POINT('',#16044);
#5222=VERTEX_POINT('',#16046);
#5223=VERTEX_POINT('',#16048);
#5224=VERTEX_POINT('',#16050);
#5225=VERTEX_POINT('',#16052);
#5226=VERTEX_POINT('',#16054);
#5227=VERTEX_POINT('',#16056);
#5228=VERTEX_POINT('',#16058);
#5229=VERTEX_POINT('',#16060);
#5230=VERTEX_POINT('',#16062);
#5231=VERTEX_POINT('',#16064);
#5232=VERTEX_POINT('',#16066);
#5233=VERTEX_POINT('',#16068);
#5234=VERTEX_POINT('',#16070);
#5235=VERTEX_POINT('',#16072);
#5236=VERTEX_POINT('',#16289);
#5237=VERTEX_POINT('',#16290);
#5238=VERTEX_POINT('',#16293);
#5239=VERTEX_POINT('',#16297);
#5240=VERTEX_POINT('',#16298);
#5241=VERTEX_POINT('',#16303);
#5242=VERTEX_POINT('',#16304);
#5243=VERTEX_POINT('',#16309);
#5244=VERTEX_POINT('',#16310);
#5245=VERTEX_POINT('',#16315);
#5246=VERTEX_POINT('',#16321);
#5247=VERTEX_POINT('',#16323);
#5248=VERTEX_POINT('',#16327);
#5249=VERTEX_POINT('',#16330);
#5250=VERTEX_POINT('',#16333);
#5251=VERTEX_POINT('',#16337);
#5252=VERTEX_POINT('',#16341);
#5253=VERTEX_POINT('',#16345);
#5254=VERTEX_POINT('',#16365);
#5255=VERTEX_POINT('',#16366);
#5256=VERTEX_POINT('',#16368);
#5257=VERTEX_POINT('',#16370);
#5258=VERTEX_POINT('',#16374);
#5259=VERTEX_POINT('',#16375);
#5260=VERTEX_POINT('',#16377);
#5261=VERTEX_POINT('',#16379);
#5262=VERTEX_POINT('',#16383);
#5263=VERTEX_POINT('',#16384);
#5264=VERTEX_POINT('',#16386);
#5265=VERTEX_POINT('',#16388);
#5266=VERTEX_POINT('',#16392);
#5267=VERTEX_POINT('',#16393);
#5268=VERTEX_POINT('',#16395);
#5269=VERTEX_POINT('',#16397);
#5270=VERTEX_POINT('',#16401);
#5271=VERTEX_POINT('',#16403);
#5272=VERTEX_POINT('',#16405);
#5273=VERTEX_POINT('',#16407);
#5274=VERTEX_POINT('',#16412);
#5275=VERTEX_POINT('',#16414);
#5276=VERTEX_POINT('',#16418);
#5277=VERTEX_POINT('',#16420);
#5278=VERTEX_POINT('',#16424);
#5279=VERTEX_POINT('',#16426);
#5280=VERTEX_POINT('',#16430);
#5281=VERTEX_POINT('',#16432);
#5282=VERTEX_POINT('',#16436);
#5283=VERTEX_POINT('',#16442);
#5284=VERTEX_POINT('',#16446);
#5285=VERTEX_POINT('',#16448);
#5286=VERTEX_POINT('',#16453);
#5287=VERTEX_POINT('',#16454);
#5288=VERTEX_POINT('',#16456);
#5289=VERTEX_POINT('',#16458);
#5290=VERTEX_POINT('',#16462);
#5291=VERTEX_POINT('',#16464);
#5292=VERTEX_POINT('',#16466);
#5293=VERTEX_POINT('',#16470);
#5294=VERTEX_POINT('',#16472);
#5295=VERTEX_POINT('',#16474);
#5296=VERTEX_POINT('',#16476);
#5297=VERTEX_POINT('',#16478);
#5298=VERTEX_POINT('',#16480);
#5299=VERTEX_POINT('',#16482);
#5300=VERTEX_POINT('',#16484);
#5301=VERTEX_POINT('',#16486);
#5302=VERTEX_POINT('',#16488);
#5303=VERTEX_POINT('',#16490);
#5304=VERTEX_POINT('',#16493);
#5305=VERTEX_POINT('',#16494);
#5306=VERTEX_POINT('',#16496);
#5307=VERTEX_POINT('',#16498);
#5308=VERTEX_POINT('',#16502);
#5309=VERTEX_POINT('',#16504);
#5310=VERTEX_POINT('',#16508);
#5311=VERTEX_POINT('',#16510);
#5312=VERTEX_POINT('',#16514);
#5313=VERTEX_POINT('',#16516);
#5314=VERTEX_POINT('',#16520);
#5315=VERTEX_POINT('',#16522);
#5316=VERTEX_POINT('',#16524);
#5317=VERTEX_POINT('',#16528);
#5318=VERTEX_POINT('',#16532);
#5319=VERTEX_POINT('',#16534);
#5320=VERTEX_POINT('',#16538);
#5321=VERTEX_POINT('',#16542);
#5322=VERTEX_POINT('',#16549);
#5323=VERTEX_POINT('',#16551);
#5324=VERTEX_POINT('',#16553);
#5325=VERTEX_POINT('',#16555);
#5326=VERTEX_POINT('',#16557);
#5327=VERTEX_POINT('',#16559);
#5328=VERTEX_POINT('',#16561);
#5329=VERTEX_POINT('',#16563);
#5330=VERTEX_POINT('',#16565);
#5331=VERTEX_POINT('',#16567);
#5332=VERTEX_POINT('',#16570);
#5333=VERTEX_POINT('',#16572);
#5334=VERTEX_POINT('',#16574);
#5335=VERTEX_POINT('',#16576);
#5336=VERTEX_POINT('',#16578);
#5337=VERTEX_POINT('',#16580);
#5338=VERTEX_POINT('',#16584);
#5339=VERTEX_POINT('',#16586);
#5340=VERTEX_POINT('',#16588);
#5341=VERTEX_POINT('',#16592);
#5342=VERTEX_POINT('',#16594);
#5343=VERTEX_POINT('',#16596);
#5344=VERTEX_POINT('',#16600);
#5345=VERTEX_POINT('',#16608);
#5346=VERTEX_POINT('',#16610);
#5347=VERTEX_POINT('',#16612);
#5348=VERTEX_POINT('',#16614);
#5349=VERTEX_POINT('',#16616);
#5350=VERTEX_POINT('',#16619);
#5351=VERTEX_POINT('',#16621);
#5352=VERTEX_POINT('',#16623);
#5353=VERTEX_POINT('',#16625);
#5354=VERTEX_POINT('',#16629);
#5355=VERTEX_POINT('',#16631);
#5356=VERTEX_POINT('',#16635);
#5357=VERTEX_POINT('',#16637);
#5358=VERTEX_POINT('',#16639);
#5359=VERTEX_POINT('',#16641);
#5360=VERTEX_POINT('',#16645);
#5361=VERTEX_POINT('',#16649);
#5362=VERTEX_POINT('',#16651);
#5363=VERTEX_POINT('',#16653);
#5364=VERTEX_POINT('',#16655);
#5365=VERTEX_POINT('',#16659);
#5366=VERTEX_POINT('',#16675);
#5367=VERTEX_POINT('',#16679);
#5368=VERTEX_POINT('',#16680);
#5369=VERTEX_POINT('',#16685);
#5370=VERTEX_POINT('',#16686);
#5371=VERTEX_POINT('',#16691);
#5372=VERTEX_POINT('',#16715);
#5373=VERTEX_POINT('',#16716);
#5374=VERTEX_POINT('',#16718);
#5375=VERTEX_POINT('',#16720);
#5376=VERTEX_POINT('',#16724);
#5377=VERTEX_POINT('',#16725);
#5378=VERTEX_POINT('',#16727);
#5379=VERTEX_POINT('',#16729);
#5380=VERTEX_POINT('',#16736);
#5381=VERTEX_POINT('',#16739);
#5382=VERTEX_POINT('',#16740);
#5383=VERTEX_POINT('',#16742);
#5384=VERTEX_POINT('',#16744);
#5385=VERTEX_POINT('',#16748);
#5386=VERTEX_POINT('',#16749);
#5387=VERTEX_POINT('',#16751);
#5388=VERTEX_POINT('',#16753);
#5389=VERTEX_POINT('',#16757);
#5390=VERTEX_POINT('',#16758);
#5391=VERTEX_POINT('',#16760);
#5392=VERTEX_POINT('',#16762);
#5393=VERTEX_POINT('',#16770);
#5394=VERTEX_POINT('',#16771);
#5395=VERTEX_POINT('',#16773);
#5396=VERTEX_POINT('',#16775);
#5397=VERTEX_POINT('',#16779);
#5398=VERTEX_POINT('',#16781);
#5399=VERTEX_POINT('',#16783);
#5400=VERTEX_POINT('',#16785);
#5401=VERTEX_POINT('',#16789);
#5402=VERTEX_POINT('',#16791);
#5403=VERTEX_POINT('',#16795);
#5404=VERTEX_POINT('',#16799);
#5405=VERTEX_POINT('',#16801);
#5406=VERTEX_POINT('',#16803);
#5407=VERTEX_POINT('',#16805);
#5408=VERTEX_POINT('',#16809);
#5409=VERTEX_POINT('',#16811);
#5410=VERTEX_POINT('',#16815);
#5411=VERTEX_POINT('',#16819);
#5412=VERTEX_POINT('',#16826);
#5413=VERTEX_POINT('',#16833);
#5414=VERTEX_POINT('',#16834);
#5415=VERTEX_POINT('',#16836);
#5416=VERTEX_POINT('',#16838);
#5417=VERTEX_POINT('',#16842);
#5418=VERTEX_POINT('',#16844);
#5419=VERTEX_POINT('',#16848);
#5420=VERTEX_POINT('',#16849);
#5421=VERTEX_POINT('',#16854);
#5422=VERTEX_POINT('',#16855);
#5423=VERTEX_POINT('',#16860);
#5424=VERTEX_POINT('',#16861);
#5425=VERTEX_POINT('',#16866);
#5426=VERTEX_POINT('',#16868);
#5427=VERTEX_POINT('',#16870);
#5428=VERTEX_POINT('',#16872);
#5429=VERTEX_POINT('',#16876);
#5430=VERTEX_POINT('',#16878);
#5431=VERTEX_POINT('',#16882);
#5432=VERTEX_POINT('',#16884);
#5433=VERTEX_POINT('',#16894);
#5434=VERTEX_POINT('',#16897);
#5435=VERTEX_POINT('',#16901);
#5436=VERTEX_POINT('',#16905);
#5437=VERTEX_POINT('',#16909);
#5438=VERTEX_POINT('',#16911);
#5439=VERTEX_POINT('',#16915);
#5440=VERTEX_POINT('',#16917);
#5441=VERTEX_POINT('',#16919);
#5442=VERTEX_POINT('',#16922);
#5443=VERTEX_POINT('',#16924);
#5444=VERTEX_POINT('',#16927);
#5445=VERTEX_POINT('',#16929);
#5446=VERTEX_POINT('',#16931);
#5447=VERTEX_POINT('',#16948);
#5448=VERTEX_POINT('',#16952);
#5449=VERTEX_POINT('',#16960);
#5450=VERTEX_POINT('',#16962);
#5451=VERTEX_POINT('',#16970);
#5452=VERTEX_POINT('',#16971);
#5453=VERTEX_POINT('',#16973);
#5454=VERTEX_POINT('',#16975);
#5455=VERTEX_POINT('',#16977);
#5456=VERTEX_POINT('',#16981);
#5457=VERTEX_POINT('',#16983);
#5458=VERTEX_POINT('',#16987);
#5459=VERTEX_POINT('',#16989);
#5460=VERTEX_POINT('',#16991);
#5461=VERTEX_POINT('',#16995);
#5462=VERTEX_POINT('',#16997);
#5463=VERTEX_POINT('',#17001);
#5464=VERTEX_POINT('',#17003);
#5465=VERTEX_POINT('',#17005);
#5466=VERTEX_POINT('',#17009);
#5467=VERTEX_POINT('',#17011);
#5468=VERTEX_POINT('',#17015);
#5469=VERTEX_POINT('',#17017);
#5470=VERTEX_POINT('',#17021);
#5471=VERTEX_POINT('',#17023);
#5472=VERTEX_POINT('',#17027);
#5473=VERTEX_POINT('',#17029);
#5474=VERTEX_POINT('',#17031);
#5475=VERTEX_POINT('',#17035);
#5476=VERTEX_POINT('',#17037);
#5477=VERTEX_POINT('',#17043);
#5478=VERTEX_POINT('',#17045);
#5479=VERTEX_POINT('',#17049);
#5480=VERTEX_POINT('',#17053);
#5481=VERTEX_POINT('',#17059);
#5482=VERTEX_POINT('',#17061);
#5483=VERTEX_POINT('',#17065);
#5484=VERTEX_POINT('',#17069);
#5485=VERTEX_POINT('',#17073);
#5486=VERTEX_POINT('',#17075);
#5487=VERTEX_POINT('',#17079);
#5488=VERTEX_POINT('',#17085);
#5489=VERTEX_POINT('',#17089);
#5490=VERTEX_POINT('',#17095);
#5491=VERTEX_POINT('',#17096);
#5492=VERTEX_POINT('',#17098);
#5493=VERTEX_POINT('',#17100);
#5494=VERTEX_POINT('',#17104);
#5495=VERTEX_POINT('',#17106);
#5496=VERTEX_POINT('',#17110);
#5497=VERTEX_POINT('',#17112);
#5498=VERTEX_POINT('',#17116);
#5499=VERTEX_POINT('',#17118);
#5500=VERTEX_POINT('',#17122);
#5501=VERTEX_POINT('',#17124);
#5502=VERTEX_POINT('',#17128);
#5503=VERTEX_POINT('',#17129);
#5504=VERTEX_POINT('',#17134);
#5505=VERTEX_POINT('',#17135);
#5506=VERTEX_POINT('',#17137);
#5507=VERTEX_POINT('',#17139);
#5508=VERTEX_POINT('',#17143);
#5509=VERTEX_POINT('',#17145);
#5510=VERTEX_POINT('',#17149);
#5511=VERTEX_POINT('',#17151);
#5512=VERTEX_POINT('',#17155);
#5513=VERTEX_POINT('',#17157);
#5514=VERTEX_POINT('',#17161);
#5515=VERTEX_POINT('',#17163);
#5516=VERTEX_POINT('',#17167);
#5517=VERTEX_POINT('',#17168);
#5518=VERTEX_POINT('',#17175);
#5519=VERTEX_POINT('',#17181);
#5520=VERTEX_POINT('',#17183);
#5521=VERTEX_POINT('',#17188);
#5522=VERTEX_POINT('',#17192);
#5523=VERTEX_POINT('',#17202);
#5524=VERTEX_POINT('',#17203);
#5525=VERTEX_POINT('',#17205);
#5526=VERTEX_POINT('',#17207);
#5527=VERTEX_POINT('',#17211);
#5528=VERTEX_POINT('',#17213);
#5529=VERTEX_POINT('',#17215);
#5530=VERTEX_POINT('',#17217);
#5531=VERTEX_POINT('',#17221);
#5532=VERTEX_POINT('',#17225);
#5533=VERTEX_POINT('',#17229);
#5534=VERTEX_POINT('',#17233);
#5535=VERTEX_POINT('',#17240);
#5536=VERTEX_POINT('',#17241);
#5537=VERTEX_POINT('',#17243);
#5538=VERTEX_POINT('',#17245);
#5539=VERTEX_POINT('',#17249);
#5540=VERTEX_POINT('',#17251);
#5541=VERTEX_POINT('',#17255);
#5542=VERTEX_POINT('',#17257);
#5543=VERTEX_POINT('',#17259);
#5544=VERTEX_POINT('',#17263);
#5545=VERTEX_POINT('',#17267);
#5546=VERTEX_POINT('',#17269);
#5547=VERTEX_POINT('',#17314);
#5548=VERTEX_POINT('',#17315);
#5549=VERTEX_POINT('',#17317);
#5550=VERTEX_POINT('',#17319);
#5551=VERTEX_POINT('',#17321);
#5552=VERTEX_POINT('',#17325);
#5553=VERTEX_POINT('',#17327);
#5554=VERTEX_POINT('',#17329);
#5555=VERTEX_POINT('',#17333);
#5556=VERTEX_POINT('',#17335);
#5557=VERTEX_POINT('',#17339);
#5558=VERTEX_POINT('',#17341);
#5559=VERTEX_POINT('',#17349);
#5560=VERTEX_POINT('',#17351);
#5561=VERTEX_POINT('',#17353);
#5562=VERTEX_POINT('',#17355);
#5563=VERTEX_POINT('',#17357);
#5564=VERTEX_POINT('',#17359);
#5565=VERTEX_POINT('',#17364);
#5566=VERTEX_POINT('',#17366);
#5567=VERTEX_POINT('',#17370);
#5568=VERTEX_POINT('',#17371);
#5569=VERTEX_POINT('',#17373);
#5570=VERTEX_POINT('',#17375);
#5571=VERTEX_POINT('',#17384);
#5572=VERTEX_POINT('',#17386);
#5573=VERTEX_POINT('',#17388);
#5574=VERTEX_POINT('',#17390);
#5575=VERTEX_POINT('',#17392);
#5576=VERTEX_POINT('',#17394);
#5577=VERTEX_POINT('',#17398);
#5578=VERTEX_POINT('',#17399);
#5579=VERTEX_POINT('',#17401);
#5580=VERTEX_POINT('',#17403);
#5581=VERTEX_POINT('',#17407);
#5582=VERTEX_POINT('',#17409);
#5583=VERTEX_POINT('',#17413);
#5584=VERTEX_POINT('',#17415);
#5585=VERTEX_POINT('',#17420);
#5586=VERTEX_POINT('',#17431);
#5587=VERTEX_POINT('',#17433);
#5588=VERTEX_POINT('',#17437);
#5589=VERTEX_POINT('',#17439);
#5590=VERTEX_POINT('',#17443);
#5591=VERTEX_POINT('',#17447);
#5592=VERTEX_POINT('',#17451);
#5593=VERTEX_POINT('',#17456);
#5594=VERTEX_POINT('',#17458);
#5595=VERTEX_POINT('',#17463);
#5596=VERTEX_POINT('',#17465);
#5597=VERTEX_POINT('',#17470);
#5598=VERTEX_POINT('',#17472);
#5599=VERTEX_POINT('',#17476);
#5600=VERTEX_POINT('',#17477);
#5601=VERTEX_POINT('',#17479);
#5602=VERTEX_POINT('',#17481);
#5603=VERTEX_POINT('',#17485);
#5604=VERTEX_POINT('',#17487);
#5605=VERTEX_POINT('',#17492);
#5606=VERTEX_POINT('',#17493);
#5607=VERTEX_POINT('',#17495);
#5608=VERTEX_POINT('',#17497);
#5609=VERTEX_POINT('',#17500);
#5610=VERTEX_POINT('',#17502);
#5611=VERTEX_POINT('',#17513);
#5612=VERTEX_POINT('',#17514);
#5613=VERTEX_POINT('',#17519);
#5614=VERTEX_POINT('',#17523);
#5615=VERTEX_POINT('',#17531);
#5616=VERTEX_POINT('',#17532);
#5617=VERTEX_POINT('',#17534);
#5618=VERTEX_POINT('',#17547);
#5619=VERTEX_POINT('',#17548);
#5620=VERTEX_POINT('',#17550);
#5621=VERTEX_POINT('',#17552);
#5622=VERTEX_POINT('',#17582);
#5623=VERTEX_POINT('',#17583);
#5624=VERTEX_POINT('',#17585);
#5625=VERTEX_POINT('',#17598);
#5626=VERTEX_POINT('',#17599);
#5627=VERTEX_POINT('',#17601);
#5628=VERTEX_POINT('',#17603);
#5629=VERTEX_POINT('',#17614);
#5630=VERTEX_POINT('',#17648);
#5631=VERTEX_POINT('',#17651);
#5632=VERTEX_POINT('',#17655);
#5633=VERTEX_POINT('',#17660);
#5634=VERTEX_POINT('',#17662);
#5635=VERTEX_POINT('',#17664);
#5636=VERTEX_POINT('',#17666);
#5637=VERTEX_POINT('',#17670);
#5638=VERTEX_POINT('',#17672);
#5639=VERTEX_POINT('',#17674);
#5640=VERTEX_POINT('',#17676);
#5641=VERTEX_POINT('',#17678);
#5642=VERTEX_POINT('',#17681);
#5643=VERTEX_POINT('',#17683);
#5644=VERTEX_POINT('',#17685);
#5645=VERTEX_POINT('',#17687);
#5646=VERTEX_POINT('',#17700);
#5647=VERTEX_POINT('',#17723);
#5648=VERTEX_POINT('',#17746);
#5649=VERTEX_POINT('',#17764);
#5650=VERTEX_POINT('',#17767);
#5651=VERTEX_POINT('',#17785);
#5652=VERTEX_POINT('',#17790);
#5653=VERTEX_POINT('',#17804);
#5654=VERTEX_POINT('',#17806);
#5655=VERTEX_POINT('',#17809);
#5656=VERTEX_POINT('',#17810);
#5657=VERTEX_POINT('',#17812);
#5658=VERTEX_POINT('',#17814);
#5659=VERTEX_POINT('',#17819);
#5660=VERTEX_POINT('',#17821);
#5661=VERTEX_POINT('',#17825);
#5662=VERTEX_POINT('',#17826);
#5663=VERTEX_POINT('',#17831);
#5664=VERTEX_POINT('',#17835);
#5665=VERTEX_POINT('',#17839);
#5666=VERTEX_POINT('',#17845);
#5667=VERTEX_POINT('',#17854);
#5668=VERTEX_POINT('',#17856);
#5669=VERTEX_POINT('',#17861);
#5670=VERTEX_POINT('',#17863);
#5671=VERTEX_POINT('',#17868);
#5672=VERTEX_POINT('',#17870);
#5673=VERTEX_POINT('',#17875);
#5674=VERTEX_POINT('',#17877);
#5675=VERTEX_POINT('',#17882);
#5676=VERTEX_POINT('',#17883);
#5677=VERTEX_POINT('',#17885);
#5678=VERTEX_POINT('',#17887);
#5679=VERTEX_POINT('',#17890);
#5680=VERTEX_POINT('',#17891);
#5681=VERTEX_POINT('',#17893);
#5682=VERTEX_POINT('',#17895);
#5683=VERTEX_POINT('',#17899);
#5684=VERTEX_POINT('',#17901);
#5685=VERTEX_POINT('',#17903);
#5686=VERTEX_POINT('',#17905);
#5687=VERTEX_POINT('',#17909);
#5688=VERTEX_POINT('',#17910);
#5689=VERTEX_POINT('',#17917);
#5690=VERTEX_POINT('',#17924);
#5691=VERTEX_POINT('',#17927);
#5692=VERTEX_POINT('',#17931);
#5693=VERTEX_POINT('',#17932);
#5694=VERTEX_POINT('',#17947);
#5695=VERTEX_POINT('',#17949);
#5696=VERTEX_POINT('',#17952);
#5697=VERTEX_POINT('',#17954);
#5698=VERTEX_POINT('',#17963);
#5699=VERTEX_POINT('',#17965);
#5700=VERTEX_POINT('',#17971);
#5701=VERTEX_POINT('',#17975);
#5702=VERTEX_POINT('',#17977);
#5703=VERTEX_POINT('',#17980);
#5704=VERTEX_POINT('',#17983);
#5705=VERTEX_POINT('',#17984);
#5706=VERTEX_POINT('',#17986);
#5707=VERTEX_POINT('',#17988);
#5708=VERTEX_POINT('',#17992);
#5709=VERTEX_POINT('',#17996);
#5710=VERTEX_POINT('',#17997);
#5711=VERTEX_POINT('',#18001);
#5712=VERTEX_POINT('',#18005);
#5713=VERTEX_POINT('',#18007);
#5714=VERTEX_POINT('',#18011);
#5715=VERTEX_POINT('',#18015);
#5716=VERTEX_POINT('',#18016);
#5717=VERTEX_POINT('',#18018);
#5718=VERTEX_POINT('',#18020);
#5719=VERTEX_POINT('',#18024);
#5720=VERTEX_POINT('',#18026);
#5721=VERTEX_POINT('',#18029);
#5722=VERTEX_POINT('',#18033);
#5723=VERTEX_POINT('',#18034);
#5724=VERTEX_POINT('',#18039);
#5725=VERTEX_POINT('',#18041);
#5726=VERTEX_POINT('',#18043);
#5727=VERTEX_POINT('',#18045);
#5728=VERTEX_POINT('',#18049);
#5729=VERTEX_POINT('',#18050);
#5730=VERTEX_POINT('',#18055);
#5731=VERTEX_POINT('',#18056);
#5732=VERTEX_POINT('',#18063);
#5733=VERTEX_POINT('',#18064);
#5734=VERTEX_POINT('',#18066);
#5735=VERTEX_POINT('',#18068);
#5736=VERTEX_POINT('',#18072);
#5737=VERTEX_POINT('',#18074);
#5738=VERTEX_POINT('',#18078);
#5739=VERTEX_POINT('',#18080);
#5740=VERTEX_POINT('',#18087);
#5741=VERTEX_POINT('',#18088);
#5742=VERTEX_POINT('',#18090);
#5743=VERTEX_POINT('',#18096);
#5744=VERTEX_POINT('',#18108);
#5745=VERTEX_POINT('',#18110);
#5746=VERTEX_POINT('',#18114);
#5747=VERTEX_POINT('',#18118);
#5748=VERTEX_POINT('',#18124);
#5749=VERTEX_POINT('',#18132);
#5750=VERTEX_POINT('',#18134);
#5751=EDGE_CURVE('',#4831,#4832,#2681,.T.);
#5752=EDGE_CURVE('',#4833,#4831,#2659,.T.);
#5753=EDGE_CURVE('',#4834,#4833,#2682,.T.);
#5754=EDGE_CURVE('',#4835,#4834,#2683,.T.);
#5755=EDGE_CURVE('',#4836,#4835,#2684,.T.);
#5756=EDGE_CURVE('',#4837,#4836,#2685,.T.);
#5757=EDGE_CURVE('',#4838,#4837,#2686,.T.);
#5758=EDGE_CURVE('',#4839,#4838,#2660,.T.);
#5759=EDGE_CURVE('',#4840,#4839,#2687,.T.);
#5760=EDGE_CURVE('',#4841,#4840,#2661,.T.);
#5761=EDGE_CURVE('',#4842,#4841,#2688,.T.);
#5762=EDGE_CURVE('',#4832,#4842,#2662,.T.);
#5763=EDGE_CURVE('',#4835,#4836,#714,.T.);
#5764=EDGE_CURVE('',#4837,#4834,#715,.T.);
#5765=EDGE_CURVE('',#4833,#4838,#716,.T.);
#5766=EDGE_CURVE('',#4831,#4839,#717,.T.);
#5767=EDGE_CURVE('',#4832,#4840,#718,.T.);
#5768=EDGE_CURVE('',#4842,#4841,#719,.T.);
#5769=EDGE_CURVE('',#4843,#4843,#720,.T.);
#5770=EDGE_CURVE('',#4843,#4844,#2689,.T.);
#5771=EDGE_CURVE('',#4844,#4844,#721,.T.);
#5772=EDGE_CURVE('',#4845,#4845,#722,.T.);
#5773=EDGE_CURVE('',#4845,#4844,#723,.T.);
#5774=EDGE_CURVE('',#4846,#4847,#2690,.T.);
#5775=EDGE_CURVE('',#4848,#4846,#2691,.T.);
#5776=EDGE_CURVE('',#4849,#4848,#2692,.T.);
#5777=EDGE_CURVE('',#4850,#4849,#2693,.T.);
#5778=EDGE_CURVE('',#4851,#4850,#2694,.T.);
#5779=EDGE_CURVE('',#4852,#4851,#2695,.T.);
#5780=EDGE_CURVE('',#4853,#4852,#2696,.T.);
#5781=EDGE_CURVE('',#4847,#4853,#2697,.T.);
#5782=EDGE_CURVE('',#4850,#4854,#2698,.T.);
#5783=EDGE_CURVE('',#4855,#4854,#2699,.T.);
#5784=EDGE_CURVE('',#4851,#4855,#2700,.T.);
#5785=EDGE_CURVE('',#4849,#4856,#2701,.T.);
#5786=EDGE_CURVE('',#4854,#4856,#2702,.T.);
#5787=EDGE_CURVE('',#4857,#4848,#2703,.T.);
#5788=EDGE_CURVE('',#4856,#4857,#2704,.T.);
#5789=EDGE_CURVE('',#4858,#4859,#2705,.T.);
#5790=EDGE_CURVE('',#4860,#4859,#2706,.T.);
#5791=EDGE_CURVE('',#4861,#4860,#2707,.T.);
#5792=EDGE_CURVE('',#4862,#4861,#2708,.T.);
#5793=EDGE_CURVE('',#4863,#4862,#2709,.T.);
#5794=EDGE_CURVE('',#4864,#4863,#2710,.T.);
#5795=EDGE_CURVE('',#4864,#4865,#2711,.T.);
#5796=EDGE_CURVE('',#4858,#4865,#2712,.T.);
#5797=EDGE_CURVE('',#4866,#4867,#2713,.T.);
#5798=EDGE_CURVE('',#4868,#4867,#2714,.T.);
#5799=EDGE_CURVE('',#4869,#4868,#2715,.T.);
#5800=EDGE_CURVE('',#4870,#4869,#2716,.T.);
#5801=EDGE_CURVE('',#4871,#4870,#2717,.T.);
#5802=EDGE_CURVE('',#4872,#4871,#2718,.T.);
#5803=EDGE_CURVE('',#4872,#4873,#2719,.T.);
#5804=EDGE_CURVE('',#4866,#4873,#2720,.T.);
#5805=EDGE_CURVE('',#4874,#4875,#2721,.T.);
#5806=EDGE_CURVE('',#4876,#4875,#2722,.T.);
#5807=EDGE_CURVE('',#4877,#4876,#2723,.T.);
#5808=EDGE_CURVE('',#4878,#4877,#2724,.T.);
#5809=EDGE_CURVE('',#4879,#4878,#2725,.T.);
#5810=EDGE_CURVE('',#4880,#4879,#2726,.T.);
#5811=EDGE_CURVE('',#4880,#4881,#2727,.T.);
#5812=EDGE_CURVE('',#4874,#4881,#2728,.T.);
#5813=EDGE_CURVE('',#4882,#4883,#2729,.T.);
#5814=EDGE_CURVE('',#4884,#4883,#2730,.T.);
#5815=EDGE_CURVE('',#4885,#4884,#2731,.T.);
#5816=EDGE_CURVE('',#4886,#4885,#2732,.T.);
#5817=EDGE_CURVE('',#4887,#4886,#2733,.T.);
#5818=EDGE_CURVE('',#4888,#4887,#2734,.T.);
#5819=EDGE_CURVE('',#4888,#4889,#2735,.T.);
#5820=EDGE_CURVE('',#4882,#4889,#2736,.T.);
#5821=EDGE_CURVE('',#4890,#4846,#2737,.T.);
#5822=EDGE_CURVE('',#4890,#4857,#2738,.T.);
#5823=EDGE_CURVE('',#4855,#4891,#2739,.T.);
#5824=EDGE_CURVE('',#4852,#4891,#2740,.T.);
#5825=EDGE_CURVE('',#4890,#4892,#2741,.T.);
#5826=EDGE_CURVE('',#4892,#4893,#2742,.T.);
#5827=EDGE_CURVE('',#4891,#4893,#2743,.T.);
#5828=EDGE_CURVE('',#4893,#4853,#2744,.T.);
#5829=EDGE_CURVE('',#4894,#4895,#2745,.T.);
#5830=EDGE_CURVE('',#4896,#4894,#2746,.T.);
#5831=EDGE_CURVE('',#4897,#4896,#2747,.T.);
#5832=EDGE_CURVE('',#4895,#4897,#2748,.T.);
#5833=EDGE_CURVE('',#4898,#4899,#2749,.T.);
#5834=EDGE_CURVE('',#4900,#4898,#2750,.T.);
#5835=EDGE_CURVE('',#4901,#4900,#2751,.T.);
#5836=EDGE_CURVE('',#4899,#4901,#2752,.T.);
#5837=EDGE_CURVE('',#4902,#4903,#2753,.T.);
#5838=EDGE_CURVE('',#4904,#4902,#2754,.T.);
#5839=EDGE_CURVE('',#4905,#4904,#2755,.T.);
#5840=EDGE_CURVE('',#4903,#4905,#2756,.T.);
#5841=EDGE_CURVE('',#4906,#4907,#2757,.T.);
#5842=EDGE_CURVE('',#4908,#4906,#2758,.T.);
#5843=EDGE_CURVE('',#4909,#4908,#2759,.T.);
#5844=EDGE_CURVE('',#4907,#4909,#2760,.T.);
#5845=EDGE_CURVE('',#4892,#4847,#2761,.T.);
#5846=EDGE_CURVE('',#4906,#4910,#2762,.T.);
#5847=EDGE_CURVE('',#4907,#4911,#2763,.T.);
#5848=EDGE_CURVE('',#4910,#4911,#2764,.T.);
#5849=EDGE_CURVE('',#4909,#4912,#2765,.T.);
#5850=EDGE_CURVE('',#4911,#4912,#2766,.T.);
#5851=EDGE_CURVE('',#4908,#4913,#2767,.T.);
#5852=EDGE_CURVE('',#4912,#4913,#2768,.T.);
#5853=EDGE_CURVE('',#4913,#4910,#2769,.T.);
#5854=EDGE_CURVE('',#4902,#4914,#2770,.T.);
#5855=EDGE_CURVE('',#4903,#4915,#2771,.T.);
#5856=EDGE_CURVE('',#4914,#4915,#2772,.T.);
#5857=EDGE_CURVE('',#4905,#4916,#2773,.T.);
#5858=EDGE_CURVE('',#4915,#4916,#2774,.T.);
#5859=EDGE_CURVE('',#4904,#4917,#2775,.T.);
#5860=EDGE_CURVE('',#4916,#4917,#2776,.T.);
#5861=EDGE_CURVE('',#4917,#4914,#2777,.T.);
#5862=EDGE_CURVE('',#4898,#4918,#2778,.T.);
#5863=EDGE_CURVE('',#4899,#4919,#2779,.T.);
#5864=EDGE_CURVE('',#4918,#4919,#2780,.T.);
#5865=EDGE_CURVE('',#4901,#4920,#2781,.T.);
#5866=EDGE_CURVE('',#4919,#4920,#2782,.T.);
#5867=EDGE_CURVE('',#4900,#4921,#2783,.T.);
#5868=EDGE_CURVE('',#4920,#4921,#2784,.T.);
#5869=EDGE_CURVE('',#4921,#4918,#2785,.T.);
#5870=EDGE_CURVE('',#4894,#4922,#2786,.T.);
#5871=EDGE_CURVE('',#4895,#4923,#2787,.T.);
#5872=EDGE_CURVE('',#4922,#4923,#2788,.T.);
#5873=EDGE_CURVE('',#4897,#4924,#2789,.T.);
#5874=EDGE_CURVE('',#4923,#4924,#2790,.T.);
#5875=EDGE_CURVE('',#4896,#4925,#2791,.T.);
#5876=EDGE_CURVE('',#4924,#4925,#2792,.T.);
#5877=EDGE_CURVE('',#4925,#4922,#2793,.T.);
#5878=EDGE_CURVE('',#4889,#4884,#2794,.T.);
#5879=EDGE_CURVE('',#4926,#4884,#2795,.T.);
#5880=EDGE_CURVE('',#4927,#4926,#2796,.T.);
#5881=EDGE_CURVE('',#4928,#4927,#2797,.T.);
#5882=EDGE_CURVE('',#4929,#4928,#2798,.T.);
#5883=EDGE_CURVE('',#4885,#4929,#2799,.T.);
#5884=EDGE_CURVE('',#4888,#4885,#2800,.T.);
#5885=EDGE_CURVE('',#4930,#4889,#2801,.T.);
#5886=EDGE_CURVE('',#4888,#4931,#2802,.T.);
#5887=EDGE_CURVE('',#4931,#4932,#2803,.T.);
#5888=EDGE_CURVE('',#4933,#4932,#2804,.T.);
#5889=EDGE_CURVE('',#4933,#4930,#2805,.T.);
#5890=EDGE_CURVE('',#4881,#4876,#2806,.T.);
#5891=EDGE_CURVE('',#4934,#4876,#2807,.T.);
#5892=EDGE_CURVE('',#4935,#4934,#2808,.T.);
#5893=EDGE_CURVE('',#4936,#4935,#2809,.T.);
#5894=EDGE_CURVE('',#4937,#4936,#2810,.T.);
#5895=EDGE_CURVE('',#4877,#4937,#2811,.T.);
#5896=EDGE_CURVE('',#4880,#4877,#2812,.T.);
#5897=EDGE_CURVE('',#4938,#4881,#2813,.T.);
#5898=EDGE_CURVE('',#4880,#4939,#2814,.T.);
#5899=EDGE_CURVE('',#4939,#4940,#2815,.T.);
#5900=EDGE_CURVE('',#4941,#4940,#2816,.T.);
#5901=EDGE_CURVE('',#4941,#4938,#2817,.T.);
#5902=EDGE_CURVE('',#4873,#4868,#2818,.T.);
#5903=EDGE_CURVE('',#4942,#4868,#2819,.T.);
#5904=EDGE_CURVE('',#4943,#4942,#2820,.T.);
#5905=EDGE_CURVE('',#4944,#4943,#2821,.T.);
#5906=EDGE_CURVE('',#4945,#4944,#2822,.T.);
#5907=EDGE_CURVE('',#4869,#4945,#2823,.T.);
#5908=EDGE_CURVE('',#4872,#4869,#2824,.T.);
#5909=EDGE_CURVE('',#4946,#4873,#2825,.T.);
#5910=EDGE_CURVE('',#4872,#4947,#2826,.T.);
#5911=EDGE_CURVE('',#4947,#4948,#2827,.T.);
#5912=EDGE_CURVE('',#4949,#4948,#2828,.T.);
#5913=EDGE_CURVE('',#4949,#4946,#2829,.T.);
#5914=EDGE_CURVE('',#4865,#4860,#2830,.T.);
#5915=EDGE_CURVE('',#4950,#4860,#2831,.T.);
#5916=EDGE_CURVE('',#4951,#4950,#2832,.T.);
#5917=EDGE_CURVE('',#4952,#4951,#2833,.T.);
#5918=EDGE_CURVE('',#4953,#4952,#2834,.T.);
#5919=EDGE_CURVE('',#4861,#4953,#2835,.T.);
#5920=EDGE_CURVE('',#4864,#4861,#2836,.T.);
#5921=EDGE_CURVE('',#4954,#4865,#2837,.T.);
#5922=EDGE_CURVE('',#4864,#4955,#2838,.T.);
#5923=EDGE_CURVE('',#4955,#4956,#2839,.T.);
#5924=EDGE_CURVE('',#4957,#4956,#2840,.T.);
#5925=EDGE_CURVE('',#4957,#4954,#2841,.T.);
#5926=EDGE_CURVE('',#4910,#4958,#2842,.T.);
#5927=EDGE_CURVE('',#4911,#4959,#2843,.T.);
#5928=EDGE_CURVE('',#4958,#4959,#2844,.T.);
#5929=EDGE_CURVE('',#4912,#4960,#2845,.T.);
#5930=EDGE_CURVE('',#4961,#4960,#2846,.T.);
#5931=EDGE_CURVE('',#4961,#4962,#2847,.T.);
#5932=EDGE_CURVE('',#4962,#4963,#2848,.T.);
#5933=EDGE_CURVE('',#4964,#4963,#2849,.T.);
#5934=EDGE_CURVE('',#4959,#4964,#2850,.T.);
#5935=EDGE_CURVE('',#4913,#4965,#2851,.T.);
#5936=EDGE_CURVE('',#4960,#4965,#2852,.T.);
#5937=EDGE_CURVE('',#4966,#4958,#2853,.T.);
#5938=EDGE_CURVE('',#4967,#4966,#2854,.T.);
#5939=EDGE_CURVE('',#4968,#4967,#2855,.T.);
#5940=EDGE_CURVE('',#4968,#4969,#2856,.T.);
#5941=EDGE_CURVE('',#4965,#4969,#2857,.T.);
#5942=EDGE_CURVE('',#4914,#4970,#2858,.T.);
#5943=EDGE_CURVE('',#4915,#4971,#2859,.T.);
#5944=EDGE_CURVE('',#4970,#4971,#2860,.T.);
#5945=EDGE_CURVE('',#4916,#4972,#2861,.T.);
#5946=EDGE_CURVE('',#4973,#4972,#2862,.T.);
#5947=EDGE_CURVE('',#4973,#4974,#2863,.T.);
#5948=EDGE_CURVE('',#4974,#4975,#2864,.T.);
#5949=EDGE_CURVE('',#4976,#4975,#2865,.T.);
#5950=EDGE_CURVE('',#4971,#4976,#2866,.T.);
#5951=EDGE_CURVE('',#4917,#4977,#2867,.T.);
#5952=EDGE_CURVE('',#4972,#4977,#2868,.T.);
#5953=EDGE_CURVE('',#4978,#4970,#2869,.T.);
#5954=EDGE_CURVE('',#4979,#4978,#2870,.T.);
#5955=EDGE_CURVE('',#4980,#4979,#2871,.T.);
#5956=EDGE_CURVE('',#4980,#4981,#2872,.T.);
#5957=EDGE_CURVE('',#4977,#4981,#2873,.T.);
#5958=EDGE_CURVE('',#4918,#4982,#2874,.T.);
#5959=EDGE_CURVE('',#4919,#4983,#2875,.T.);
#5960=EDGE_CURVE('',#4982,#4983,#2876,.T.);
#5961=EDGE_CURVE('',#4920,#4984,#2877,.T.);
#5962=EDGE_CURVE('',#4985,#4984,#2878,.T.);
#5963=EDGE_CURVE('',#4985,#4986,#2879,.T.);
#5964=EDGE_CURVE('',#4986,#4987,#2880,.T.);
#5965=EDGE_CURVE('',#4988,#4987,#2881,.T.);
#5966=EDGE_CURVE('',#4983,#4988,#2882,.T.);
#5967=EDGE_CURVE('',#4921,#4989,#2883,.T.);
#5968=EDGE_CURVE('',#4984,#4989,#2884,.T.);
#5969=EDGE_CURVE('',#4990,#4982,#2885,.T.);
#5970=EDGE_CURVE('',#4991,#4990,#2886,.T.);
#5971=EDGE_CURVE('',#4992,#4991,#2887,.T.);
#5972=EDGE_CURVE('',#4992,#4993,#2888,.T.);
#5973=EDGE_CURVE('',#4989,#4993,#2889,.T.);
#5974=EDGE_CURVE('',#4922,#4994,#2890,.T.);
#5975=EDGE_CURVE('',#4923,#4995,#2891,.T.);
#5976=EDGE_CURVE('',#4994,#4995,#2892,.T.);
#5977=EDGE_CURVE('',#4924,#4996,#2893,.T.);
#5978=EDGE_CURVE('',#4997,#4996,#2894,.T.);
#5979=EDGE_CURVE('',#4997,#4998,#2895,.T.);
#5980=EDGE_CURVE('',#4998,#4999,#2896,.T.);
#5981=EDGE_CURVE('',#5000,#4999,#2897,.T.);
#5982=EDGE_CURVE('',#4995,#5000,#2898,.T.);
#5983=EDGE_CURVE('',#4925,#5001,#2899,.T.);
#5984=EDGE_CURVE('',#4996,#5001,#2900,.T.);
#5985=EDGE_CURVE('',#5002,#4994,#2901,.T.);
#5986=EDGE_CURVE('',#5003,#5002,#2902,.T.);
#5987=EDGE_CURVE('',#5004,#5003,#2903,.T.);
#5988=EDGE_CURVE('',#5004,#5005,#2904,.T.);
#5989=EDGE_CURVE('',#5001,#5005,#2905,.T.);
#5990=EDGE_CURVE('',#4930,#4926,#2906,.T.);
#5991=EDGE_CURVE('',#4933,#4927,#2907,.T.);
#5992=EDGE_CURVE('',#4932,#4928,#2908,.T.);
#5993=EDGE_CURVE('',#4931,#4929,#2909,.T.);
#5994=EDGE_CURVE('',#4938,#4934,#2910,.T.);
#5995=EDGE_CURVE('',#4941,#4935,#2911,.T.);
#5996=EDGE_CURVE('',#4940,#4936,#2912,.T.);
#5997=EDGE_CURVE('',#4939,#4937,#2913,.T.);
#5998=EDGE_CURVE('',#4946,#4942,#2914,.T.);
#5999=EDGE_CURVE('',#4949,#4943,#2915,.T.);
#6000=EDGE_CURVE('',#4948,#4944,#2916,.T.);
#6001=EDGE_CURVE('',#4947,#4945,#2917,.T.);
#6002=EDGE_CURVE('',#4954,#4950,#2918,.T.);
#6003=EDGE_CURVE('',#4957,#4951,#2919,.T.);
#6004=EDGE_CURVE('',#4956,#4952,#2920,.T.);
#6005=EDGE_CURVE('',#4955,#4953,#2921,.T.);
#6006=EDGE_CURVE('',#4964,#4966,#2922,.T.);
#6007=EDGE_CURVE('',#4961,#4969,#2923,.T.);
#6008=EDGE_CURVE('',#4968,#5006,#2924,.T.);
#6009=EDGE_CURVE('',#5006,#5007,#2925,.T.);
#6010=EDGE_CURVE('',#5007,#5008,#2926,.T.);
#6011=EDGE_CURVE('',#5008,#5009,#2927,.T.);
#6012=EDGE_CURVE('',#5009,#4962,#2928,.T.);
#6013=EDGE_CURVE('',#5009,#5010,#2929,.T.);
#6014=EDGE_CURVE('',#5010,#4963,#2930,.T.);
#6015=EDGE_CURVE('',#5011,#5010,#2931,.T.);
#6016=EDGE_CURVE('',#5012,#5011,#2932,.T.);
#6017=EDGE_CURVE('',#5013,#5012,#2933,.T.);
#6018=EDGE_CURVE('',#4967,#5013,#2934,.T.);
#6019=EDGE_CURVE('',#5006,#5013,#2935,.T.);
#6020=EDGE_CURVE('',#4976,#4978,#2936,.T.);
#6021=EDGE_CURVE('',#4973,#4981,#2937,.T.);
#6022=EDGE_CURVE('',#4980,#5014,#2938,.T.);
#6023=EDGE_CURVE('',#5014,#5015,#2939,.T.);
#6024=EDGE_CURVE('',#5015,#5016,#2940,.T.);
#6025=EDGE_CURVE('',#5016,#5017,#2941,.T.);
#6026=EDGE_CURVE('',#5017,#4974,#2942,.T.);
#6027=EDGE_CURVE('',#5017,#5018,#2943,.T.);
#6028=EDGE_CURVE('',#5018,#4975,#2944,.T.);
#6029=EDGE_CURVE('',#5019,#5018,#2945,.T.);
#6030=EDGE_CURVE('',#5020,#5019,#2946,.T.);
#6031=EDGE_CURVE('',#5021,#5020,#2947,.T.);
#6032=EDGE_CURVE('',#4979,#5021,#2948,.T.);
#6033=EDGE_CURVE('',#5014,#5021,#2949,.T.);
#6034=EDGE_CURVE('',#4988,#4990,#2950,.T.);
#6035=EDGE_CURVE('',#4985,#4993,#2951,.T.);
#6036=EDGE_CURVE('',#4992,#5022,#2952,.T.);
#6037=EDGE_CURVE('',#5022,#5023,#2953,.T.);
#6038=EDGE_CURVE('',#5023,#5024,#2954,.T.);
#6039=EDGE_CURVE('',#5024,#5025,#2955,.T.);
#6040=EDGE_CURVE('',#5025,#4986,#2956,.T.);
#6041=EDGE_CURVE('',#5025,#5026,#2957,.T.);
#6042=EDGE_CURVE('',#5026,#4987,#2958,.T.);
#6043=EDGE_CURVE('',#5027,#5026,#2959,.T.);
#6044=EDGE_CURVE('',#5028,#5027,#2960,.T.);
#6045=EDGE_CURVE('',#5029,#5028,#2961,.T.);
#6046=EDGE_CURVE('',#4991,#5029,#2962,.T.);
#6047=EDGE_CURVE('',#5022,#5029,#2963,.T.);
#6048=EDGE_CURVE('',#5000,#5002,#2964,.T.);
#6049=EDGE_CURVE('',#4997,#5005,#2965,.T.);
#6050=EDGE_CURVE('',#5004,#5030,#2966,.T.);
#6051=EDGE_CURVE('',#5030,#5031,#2967,.T.);
#6052=EDGE_CURVE('',#5031,#5032,#2968,.T.);
#6053=EDGE_CURVE('',#5032,#5033,#2969,.T.);
#6054=EDGE_CURVE('',#5033,#4998,#2970,.T.);
#6055=EDGE_CURVE('',#5033,#5034,#2971,.T.);
#6056=EDGE_CURVE('',#5034,#4999,#2972,.T.);
#6057=EDGE_CURVE('',#5035,#5034,#2973,.T.);
#6058=EDGE_CURVE('',#5036,#5035,#2974,.T.);
#6059=EDGE_CURVE('',#5037,#5036,#2975,.T.);
#6060=EDGE_CURVE('',#5003,#5037,#2976,.T.);
#6061=EDGE_CURVE('',#5030,#5037,#2977,.T.);
#6062=EDGE_CURVE('',#5008,#5011,#2978,.T.);
#6063=EDGE_CURVE('',#5007,#5012,#2979,.T.);
#6064=EDGE_CURVE('',#5016,#5019,#2980,.T.);
#6065=EDGE_CURVE('',#5015,#5020,#2981,.T.);
#6066=EDGE_CURVE('',#5024,#5027,#2982,.T.);
#6067=EDGE_CURVE('',#5023,#5028,#2983,.T.);
#6068=EDGE_CURVE('',#5032,#5035,#2984,.T.);
#6069=EDGE_CURVE('',#5031,#5036,#2985,.T.);
#6070=EDGE_CURVE('',#5038,#5039,#2986,.T.);
#6071=EDGE_CURVE('',#5039,#5040,#724,.T.);
#6072=EDGE_CURVE('',#5041,#5040,#2987,.T.);
#6073=EDGE_CURVE('',#5038,#5041,#725,.T.);
#6074=EDGE_CURVE('',#5042,#5043,#2988,.T.);
#6075=EDGE_CURVE('',#5043,#5039,#2989,.T.);
#6076=EDGE_CURVE('',#5042,#5038,#2990,.T.);
#6077=EDGE_CURVE('',#5040,#5044,#2991,.T.);
#6078=EDGE_CURVE('',#5045,#5044,#2992,.T.);
#6079=EDGE_CURVE('',#5041,#5045,#2993,.T.);
#6080=EDGE_CURVE('',#5045,#5046,#726,.T.);
#6081=EDGE_CURVE('',#5046,#5047,#2994,.T.);
#6082=EDGE_CURVE('',#5047,#5048,#727,.T.);
#6083=EDGE_CURVE('',#5048,#5049,#2995,.T.);
#6084=EDGE_CURVE('',#5049,#5042,#728,.T.);
#6085=EDGE_CURVE('',#5050,#5050,#729,.T.);
#6086=EDGE_CURVE('',#5051,#5051,#730,.T.);
#6087=EDGE_CURVE('',#5052,#5052,#731,.T.);
#6088=EDGE_CURVE('',#5053,#5053,#732,.T.);
#6089=EDGE_CURVE('',#5054,#5054,#733,.T.);
#6090=EDGE_CURVE('',#5055,#5055,#734,.T.);
#6091=EDGE_CURVE('',#5056,#5056,#735,.T.);
#6092=EDGE_CURVE('',#5057,#5057,#736,.T.);
#6093=EDGE_CURVE('',#5058,#5058,#737,.T.);
#6094=EDGE_CURVE('',#5059,#5059,#738,.T.);
#6095=EDGE_CURVE('',#5060,#5060,#739,.T.);
#6096=EDGE_CURVE('',#5061,#5061,#740,.T.);
#6097=EDGE_CURVE('',#5062,#5062,#741,.T.);
#6098=EDGE_CURVE('',#5063,#5063,#742,.T.);
#6099=EDGE_CURVE('',#5064,#5064,#743,.T.);
#6100=EDGE_CURVE('',#5065,#5065,#744,.T.);
#6101=EDGE_CURVE('',#5066,#5066,#745,.T.);
#6102=EDGE_CURVE('',#5067,#5067,#746,.T.);
#6103=EDGE_CURVE('',#5068,#5068,#747,.T.);
#6104=EDGE_CURVE('',#5069,#5069,#748,.T.);
#6105=EDGE_CURVE('',#5070,#5070,#749,.T.);
#6106=EDGE_CURVE('',#5071,#5071,#750,.T.);
#6107=EDGE_CURVE('',#5072,#5072,#751,.T.);
#6108=EDGE_CURVE('',#5073,#5073,#752,.T.);
#6109=EDGE_CURVE('',#5074,#5074,#753,.T.);
#6110=EDGE_CURVE('',#5075,#5075,#754,.T.);
#6111=EDGE_CURVE('',#5076,#5076,#755,.T.);
#6112=EDGE_CURVE('',#5077,#5077,#756,.T.);
#6113=EDGE_CURVE('',#5078,#5078,#757,.T.);
#6114=EDGE_CURVE('',#5079,#5079,#758,.T.);
#6115=EDGE_CURVE('',#5080,#5080,#759,.T.);
#6116=EDGE_CURVE('',#5081,#5081,#760,.T.);
#6117=EDGE_CURVE('',#5082,#5082,#761,.T.);
#6118=EDGE_CURVE('',#5083,#5083,#762,.T.);
#6119=EDGE_CURVE('',#5084,#5084,#763,.T.);
#6120=EDGE_CURVE('',#5085,#5085,#764,.T.);
#6121=EDGE_CURVE('',#5086,#5086,#765,.T.);
#6122=EDGE_CURVE('',#5087,#5087,#766,.T.);
#6123=EDGE_CURVE('',#5088,#5088,#767,.T.);
#6124=EDGE_CURVE('',#5089,#5089,#768,.T.);
#6125=EDGE_CURVE('',#5090,#5090,#769,.T.);
#6126=EDGE_CURVE('',#5091,#5091,#770,.T.);
#6127=EDGE_CURVE('',#5092,#5092,#771,.T.);
#6128=EDGE_CURVE('',#5093,#5093,#772,.T.);
#6129=EDGE_CURVE('',#5094,#5094,#773,.T.);
#6130=EDGE_CURVE('',#5095,#5095,#774,.T.);
#6131=EDGE_CURVE('',#5096,#5096,#775,.T.);
#6132=EDGE_CURVE('',#5097,#5097,#776,.T.);
#6133=EDGE_CURVE('',#5098,#5098,#777,.T.);
#6134=EDGE_CURVE('',#5099,#5099,#778,.T.);
#6135=EDGE_CURVE('',#5100,#5100,#779,.T.);
#6136=EDGE_CURVE('',#5101,#5101,#780,.T.);
#6137=EDGE_CURVE('',#5102,#5102,#781,.T.);
#6138=EDGE_CURVE('',#5103,#5103,#782,.T.);
#6139=EDGE_CURVE('',#5104,#5104,#783,.T.);
#6140=EDGE_CURVE('',#5105,#5105,#784,.T.);
#6141=EDGE_CURVE('',#5106,#5106,#785,.T.);
#6142=EDGE_CURVE('',#5107,#5107,#786,.T.);
#6143=EDGE_CURVE('',#5108,#5108,#787,.T.);
#6144=EDGE_CURVE('',#5109,#5109,#788,.T.);
#6145=EDGE_CURVE('',#5110,#5110,#789,.T.);
#6146=EDGE_CURVE('',#5111,#5111,#790,.T.);
#6147=EDGE_CURVE('',#5112,#5112,#791,.T.);
#6148=EDGE_CURVE('',#5113,#5113,#792,.T.);
#6149=EDGE_CURVE('',#5114,#5114,#793,.T.);
#6150=EDGE_CURVE('',#5115,#5115,#794,.T.);
#6151=EDGE_CURVE('',#5116,#5116,#795,.T.);
#6152=EDGE_CURVE('',#5117,#5117,#796,.T.);
#6153=EDGE_CURVE('',#5118,#5118,#797,.T.);
#6154=EDGE_CURVE('',#5119,#5119,#798,.T.);
#6155=EDGE_CURVE('',#5120,#5120,#799,.T.);
#6156=EDGE_CURVE('',#5121,#5121,#800,.T.);
#6157=EDGE_CURVE('',#5122,#5122,#801,.T.);
#6158=EDGE_CURVE('',#5123,#5123,#802,.T.);
#6159=EDGE_CURVE('',#5124,#5124,#803,.T.);
#6160=EDGE_CURVE('',#5125,#5125,#804,.T.);
#6161=EDGE_CURVE('',#5126,#5126,#805,.T.);
#6162=EDGE_CURVE('',#5127,#5127,#806,.T.);
#6163=EDGE_CURVE('',#5128,#5128,#807,.T.);
#6164=EDGE_CURVE('',#5129,#5129,#808,.T.);
#6165=EDGE_CURVE('',#5130,#5130,#809,.T.);
#6166=EDGE_CURVE('',#5131,#5131,#810,.T.);
#6167=EDGE_CURVE('',#5132,#5132,#811,.T.);
#6168=EDGE_CURVE('',#5133,#5133,#812,.T.);
#6169=EDGE_CURVE('',#5134,#5134,#813,.T.);
#6170=EDGE_CURVE('',#5135,#5135,#814,.T.);
#6171=EDGE_CURVE('',#5136,#5136,#815,.T.);
#6172=EDGE_CURVE('',#5137,#5137,#816,.T.);
#6173=EDGE_CURVE('',#5138,#5138,#817,.T.);
#6174=EDGE_CURVE('',#5139,#5139,#818,.T.);
#6175=EDGE_CURVE('',#5140,#5140,#819,.T.);
#6176=EDGE_CURVE('',#5141,#5043,#820,.T.);
#6177=EDGE_CURVE('',#5142,#5141,#2996,.T.);
#6178=EDGE_CURVE('',#5143,#5142,#821,.T.);
#6179=EDGE_CURVE('',#5144,#5143,#2997,.T.);
#6180=EDGE_CURVE('',#5044,#5144,#822,.T.);
#6181=EDGE_CURVE('',#5145,#5145,#823,.T.);
#6182=EDGE_CURVE('',#5146,#5146,#824,.T.);
#6183=EDGE_CURVE('',#5147,#5147,#825,.T.);
#6184=EDGE_CURVE('',#5148,#5148,#826,.T.);
#6185=EDGE_CURVE('',#5149,#5149,#827,.T.);
#6186=EDGE_CURVE('',#5150,#5150,#828,.T.);
#6187=EDGE_CURVE('',#5151,#5151,#829,.T.);
#6188=EDGE_CURVE('',#5152,#5152,#830,.T.);
#6189=EDGE_CURVE('',#5153,#5153,#831,.T.);
#6190=EDGE_CURVE('',#5154,#5154,#832,.T.);
#6191=EDGE_CURVE('',#5155,#5155,#833,.T.);
#6192=EDGE_CURVE('',#5156,#5156,#834,.T.);
#6193=EDGE_CURVE('',#5157,#5157,#835,.T.);
#6194=EDGE_CURVE('',#5158,#5158,#836,.T.);
#6195=EDGE_CURVE('',#5159,#5159,#837,.T.);
#6196=EDGE_CURVE('',#5160,#5160,#838,.T.);
#6197=EDGE_CURVE('',#5161,#5161,#839,.T.);
#6198=EDGE_CURVE('',#5162,#5162,#840,.T.);
#6199=EDGE_CURVE('',#5163,#5163,#841,.T.);
#6200=EDGE_CURVE('',#5164,#5164,#842,.T.);
#6201=EDGE_CURVE('',#5165,#5165,#843,.T.);
#6202=EDGE_CURVE('',#5166,#5166,#844,.T.);
#6203=EDGE_CURVE('',#5167,#5167,#845,.T.);
#6204=EDGE_CURVE('',#5168,#5168,#846,.T.);
#6205=EDGE_CURVE('',#5169,#5169,#847,.T.);
#6206=EDGE_CURVE('',#5170,#5170,#848,.T.);
#6207=EDGE_CURVE('',#5171,#5171,#849,.T.);
#6208=EDGE_CURVE('',#5172,#5172,#850,.T.);
#6209=EDGE_CURVE('',#5173,#5173,#851,.T.);
#6210=EDGE_CURVE('',#5174,#5174,#852,.T.);
#6211=EDGE_CURVE('',#5175,#5175,#853,.T.);
#6212=EDGE_CURVE('',#5176,#5176,#854,.T.);
#6213=EDGE_CURVE('',#5177,#5177,#855,.T.);
#6214=EDGE_CURVE('',#5178,#5178,#856,.T.);
#6215=EDGE_CURVE('',#5179,#5179,#857,.T.);
#6216=EDGE_CURVE('',#5180,#5180,#858,.T.);
#6217=EDGE_CURVE('',#5181,#5181,#859,.T.);
#6218=EDGE_CURVE('',#5182,#5182,#860,.T.);
#6219=EDGE_CURVE('',#5183,#5183,#861,.T.);
#6220=EDGE_CURVE('',#5184,#5184,#862,.T.);
#6221=EDGE_CURVE('',#5185,#5185,#863,.T.);
#6222=EDGE_CURVE('',#5186,#5186,#864,.T.);
#6223=EDGE_CURVE('',#5187,#5187,#865,.T.);
#6224=EDGE_CURVE('',#5188,#5188,#866,.T.);
#6225=EDGE_CURVE('',#5189,#5189,#867,.T.);
#6226=EDGE_CURVE('',#5190,#5190,#868,.T.);
#6227=EDGE_CURVE('',#5191,#5191,#869,.T.);
#6228=EDGE_CURVE('',#5192,#5192,#870,.T.);
#6229=EDGE_CURVE('',#5193,#5193,#871,.T.);
#6230=EDGE_CURVE('',#5194,#5194,#872,.T.);
#6231=EDGE_CURVE('',#5195,#5195,#873,.T.);
#6232=EDGE_CURVE('',#5196,#5196,#874,.T.);
#6233=EDGE_CURVE('',#5197,#5197,#875,.T.);
#6234=EDGE_CURVE('',#5198,#5198,#876,.T.);
#6235=EDGE_CURVE('',#5199,#5199,#877,.T.);
#6236=EDGE_CURVE('',#5200,#5200,#878,.T.);
#6237=EDGE_CURVE('',#5201,#5201,#879,.T.);
#6238=EDGE_CURVE('',#5202,#5202,#880,.T.);
#6239=EDGE_CURVE('',#5203,#5203,#881,.T.);
#6240=EDGE_CURVE('',#5204,#5204,#882,.T.);
#6241=EDGE_CURVE('',#5205,#5205,#883,.T.);
#6242=EDGE_CURVE('',#5206,#5206,#884,.T.);
#6243=EDGE_CURVE('',#5207,#5207,#885,.T.);
#6244=EDGE_CURVE('',#5208,#5208,#886,.T.);
#6245=EDGE_CURVE('',#5209,#5209,#887,.T.);
#6246=EDGE_CURVE('',#5210,#5210,#888,.T.);
#6247=EDGE_CURVE('',#5211,#5211,#889,.T.);
#6248=EDGE_CURVE('',#5212,#5212,#890,.T.);
#6249=EDGE_CURVE('',#5213,#5213,#891,.T.);
#6250=EDGE_CURVE('',#5214,#5214,#892,.T.);
#6251=EDGE_CURVE('',#5215,#5215,#893,.T.);
#6252=EDGE_CURVE('',#5216,#5216,#894,.T.);
#6253=EDGE_CURVE('',#5217,#5217,#895,.T.);
#6254=EDGE_CURVE('',#5218,#5218,#896,.T.);
#6255=EDGE_CURVE('',#5219,#5219,#897,.T.);
#6256=EDGE_CURVE('',#5220,#5220,#898,.T.);
#6257=EDGE_CURVE('',#5221,#5221,#899,.T.);
#6258=EDGE_CURVE('',#5222,#5222,#900,.T.);
#6259=EDGE_CURVE('',#5223,#5223,#901,.T.);
#6260=EDGE_CURVE('',#5224,#5224,#902,.T.);
#6261=EDGE_CURVE('',#5225,#5225,#903,.T.);
#6262=EDGE_CURVE('',#5226,#5226,#904,.T.);
#6263=EDGE_CURVE('',#5227,#5227,#905,.T.);
#6264=EDGE_CURVE('',#5228,#5228,#906,.T.);
#6265=EDGE_CURVE('',#5229,#5229,#907,.T.);
#6266=EDGE_CURVE('',#5230,#5230,#908,.T.);
#6267=EDGE_CURVE('',#5231,#5231,#909,.T.);
#6268=EDGE_CURVE('',#5232,#5232,#910,.T.);
#6269=EDGE_CURVE('',#5233,#5233,#911,.T.);
#6270=EDGE_CURVE('',#5234,#5234,#912,.T.);
#6271=EDGE_CURVE('',#5235,#5235,#913,.T.);
#6272=EDGE_CURVE('',#5049,#5141,#2998,.T.);
#6273=EDGE_CURVE('',#5046,#5144,#2999,.T.);
#6274=EDGE_CURVE('',#5048,#5142,#3000,.T.);
#6275=EDGE_CURVE('',#5047,#5143,#3001,.T.);
#6276=EDGE_CURVE('',#5145,#5050,#3002,.T.);
#6277=EDGE_CURVE('',#5146,#5051,#3003,.T.);
#6278=EDGE_CURVE('',#5147,#5052,#3004,.T.);
#6279=EDGE_CURVE('',#5148,#5053,#3005,.T.);
#6280=EDGE_CURVE('',#5149,#5054,#3006,.T.);
#6281=EDGE_CURVE('',#5150,#5055,#3007,.T.);
#6282=EDGE_CURVE('',#5151,#5056,#3008,.T.);
#6283=EDGE_CURVE('',#5152,#5057,#3009,.T.);
#6284=EDGE_CURVE('',#5153,#5058,#3010,.T.);
#6285=EDGE_CURVE('',#5154,#5059,#3011,.T.);
#6286=EDGE_CURVE('',#5155,#5060,#3012,.T.);
#6287=EDGE_CURVE('',#5156,#5061,#3013,.T.);
#6288=EDGE_CURVE('',#5157,#5062,#3014,.T.);
#6289=EDGE_CURVE('',#5158,#5063,#3015,.T.);
#6290=EDGE_CURVE('',#5159,#5064,#3016,.T.);
#6291=EDGE_CURVE('',#5160,#5065,#3017,.T.);
#6292=EDGE_CURVE('',#5161,#5066,#3018,.T.);
#6293=EDGE_CURVE('',#5162,#5067,#3019,.T.);
#6294=EDGE_CURVE('',#5163,#5068,#3020,.T.);
#6295=EDGE_CURVE('',#5164,#5069,#3021,.T.);
#6296=EDGE_CURVE('',#5165,#5070,#3022,.T.);
#6297=EDGE_CURVE('',#5166,#5071,#3023,.T.);
#6298=EDGE_CURVE('',#5167,#5072,#3024,.T.);
#6299=EDGE_CURVE('',#5168,#5073,#3025,.T.);
#6300=EDGE_CURVE('',#5169,#5074,#3026,.T.);
#6301=EDGE_CURVE('',#5170,#5075,#3027,.T.);
#6302=EDGE_CURVE('',#5171,#5076,#3028,.T.);
#6303=EDGE_CURVE('',#5172,#5077,#3029,.T.);
#6304=EDGE_CURVE('',#5173,#5078,#3030,.T.);
#6305=EDGE_CURVE('',#5174,#5079,#3031,.T.);
#6306=EDGE_CURVE('',#5175,#5080,#3032,.T.);
#6307=EDGE_CURVE('',#5176,#5081,#3033,.T.);
#6308=EDGE_CURVE('',#5177,#5082,#3034,.T.);
#6309=EDGE_CURVE('',#5178,#5083,#3035,.T.);
#6310=EDGE_CURVE('',#5179,#5084,#3036,.T.);
#6311=EDGE_CURVE('',#5180,#5085,#3037,.T.);
#6312=EDGE_CURVE('',#5181,#5086,#3038,.T.);
#6313=EDGE_CURVE('',#5182,#5087,#3039,.T.);
#6314=EDGE_CURVE('',#5183,#5088,#3040,.T.);
#6315=EDGE_CURVE('',#5184,#5089,#3041,.T.);
#6316=EDGE_CURVE('',#5185,#5090,#3042,.T.);
#6317=EDGE_CURVE('',#5186,#5091,#3043,.T.);
#6318=EDGE_CURVE('',#5187,#5092,#3044,.T.);
#6319=EDGE_CURVE('',#5188,#5093,#3045,.T.);
#6320=EDGE_CURVE('',#5189,#5094,#3046,.T.);
#6321=EDGE_CURVE('',#5190,#5095,#3047,.T.);
#6322=EDGE_CURVE('',#5191,#5096,#3048,.T.);
#6323=EDGE_CURVE('',#5192,#5097,#3049,.T.);
#6324=EDGE_CURVE('',#5193,#5098,#3050,.T.);
#6325=EDGE_CURVE('',#5194,#5099,#3051,.T.);
#6326=EDGE_CURVE('',#5195,#5100,#3052,.T.);
#6327=EDGE_CURVE('',#5196,#5101,#3053,.T.);
#6328=EDGE_CURVE('',#5197,#5102,#3054,.T.);
#6329=EDGE_CURVE('',#5198,#5103,#3055,.T.);
#6330=EDGE_CURVE('',#5199,#5104,#3056,.T.);
#6331=EDGE_CURVE('',#5200,#5105,#3057,.T.);
#6332=EDGE_CURVE('',#5201,#5106,#3058,.T.);
#6333=EDGE_CURVE('',#5202,#5107,#3059,.T.);
#6334=EDGE_CURVE('',#5203,#5108,#3060,.T.);
#6335=EDGE_CURVE('',#5204,#5109,#3061,.T.);
#6336=EDGE_CURVE('',#5205,#5110,#3062,.T.);
#6337=EDGE_CURVE('',#5206,#5111,#3063,.T.);
#6338=EDGE_CURVE('',#5207,#5112,#3064,.T.);
#6339=EDGE_CURVE('',#5208,#5113,#3065,.T.);
#6340=EDGE_CURVE('',#5209,#5114,#3066,.T.);
#6341=EDGE_CURVE('',#5210,#5115,#3067,.T.);
#6342=EDGE_CURVE('',#5211,#5116,#3068,.T.);
#6343=EDGE_CURVE('',#5212,#5117,#3069,.T.);
#6344=EDGE_CURVE('',#5213,#5118,#3070,.T.);
#6345=EDGE_CURVE('',#5214,#5119,#3071,.T.);
#6346=EDGE_CURVE('',#5215,#5120,#3072,.T.);
#6347=EDGE_CURVE('',#5216,#5121,#3073,.T.);
#6348=EDGE_CURVE('',#5217,#5122,#3074,.T.);
#6349=EDGE_CURVE('',#5218,#5123,#3075,.T.);
#6350=EDGE_CURVE('',#5219,#5124,#3076,.T.);
#6351=EDGE_CURVE('',#5220,#5125,#3077,.T.);
#6352=EDGE_CURVE('',#5221,#5126,#3078,.T.);
#6353=EDGE_CURVE('',#5222,#5127,#3079,.T.);
#6354=EDGE_CURVE('',#5223,#5128,#3080,.T.);
#6355=EDGE_CURVE('',#5224,#5129,#3081,.T.);
#6356=EDGE_CURVE('',#5225,#5130,#3082,.T.);
#6357=EDGE_CURVE('',#5226,#5131,#3083,.T.);
#6358=EDGE_CURVE('',#5227,#5132,#3084,.T.);
#6359=EDGE_CURVE('',#5228,#5133,#3085,.T.);
#6360=EDGE_CURVE('',#5229,#5134,#3086,.T.);
#6361=EDGE_CURVE('',#5230,#5135,#3087,.T.);
#6362=EDGE_CURVE('',#5231,#5136,#3088,.T.);
#6363=EDGE_CURVE('',#5232,#5137,#3089,.T.);
#6364=EDGE_CURVE('',#5233,#5138,#3090,.T.);
#6365=EDGE_CURVE('',#5234,#5139,#3091,.T.);
#6366=EDGE_CURVE('',#5235,#5140,#3092,.T.);
#6367=EDGE_CURVE('',#5236,#5237,#914,.T.);
#6368=EDGE_CURVE('',#5237,#5236,#915,.T.);
#6369=EDGE_CURVE('',#5237,#5238,#3093,.T.);
#6370=EDGE_CURVE('',#5238,#5238,#916,.T.);
#6371=EDGE_CURVE('',#5239,#5240,#917,.T.);
#6372=EDGE_CURVE('',#5240,#5239,#918,.T.);
#6373=EDGE_CURVE('',#5239,#5236,#919,.T.);
#6374=EDGE_CURVE('',#5241,#5242,#920,.T.);
#6375=EDGE_CURVE('',#5242,#5241,#921,.T.);
#6376=EDGE_CURVE('',#5242,#5240,#3094,.T.);
#6377=EDGE_CURVE('',#5243,#5244,#922,.T.);
#6378=EDGE_CURVE('',#5244,#5243,#923,.T.);
#6379=EDGE_CURVE('',#5243,#5241,#924,.T.);
#6380=EDGE_CURVE('',#5245,#5245,#925,.T.);
#6381=EDGE_CURVE('',#5245,#5244,#3095,.T.);
#6382=EDGE_CURVE('',#5246,#5246,#926,.T.);
#6383=EDGE_CURVE('',#5246,#5247,#3096,.T.);
#6384=EDGE_CURVE('',#5247,#5247,#927,.T.);
#6385=EDGE_CURVE('',#5248,#5248,#928,.T.);
#6386=EDGE_CURVE('',#5249,#5249,#929,.T.);
#6387=EDGE_CURVE('',#5248,#5250,#3097,.T.);
#6388=EDGE_CURVE('',#5250,#5250,#930,.T.);
#6389=EDGE_CURVE('',#5251,#5251,#931,.T.);
#6390=EDGE_CURVE('',#5251,#5249,#3098,.T.);
#6391=EDGE_CURVE('',#5252,#5252,#932,.T.);
#6392=EDGE_CURVE('',#5252,#5250,#933,.T.);
#6393=EDGE_CURVE('',#5251,#5253,#934,.T.);
#6394=EDGE_CURVE('',#5253,#5253,#935,.T.);
#6395=EDGE_CURVE('',#5254,#5255,#3099,.T.);
#6396=EDGE_CURVE('',#5256,#5254,#3100,.T.);
#6397=EDGE_CURVE('',#5257,#5256,#3101,.T.);
#6398=EDGE_CURVE('',#5255,#5257,#3102,.T.);
#6399=EDGE_CURVE('',#5258,#5259,#3103,.T.);
#6400=EDGE_CURVE('',#5260,#5258,#3104,.T.);
#6401=EDGE_CURVE('',#5261,#5260,#3105,.T.);
#6402=EDGE_CURVE('',#5261,#5259,#3106,.T.);
#6403=EDGE_CURVE('',#5262,#5263,#3107,.T.);
#6404=EDGE_CURVE('',#5264,#5262,#3108,.T.);
#6405=EDGE_CURVE('',#5265,#5264,#3109,.T.);
#6406=EDGE_CURVE('',#5265,#5263,#3110,.T.);
#6407=EDGE_CURVE('',#5266,#5267,#3111,.T.);
#6408=EDGE_CURVE('',#5268,#5266,#3112,.T.);
#6409=EDGE_CURVE('',#5269,#5268,#3113,.T.);
#6410=EDGE_CURVE('',#5267,#5269,#3114,.T.);
#6411=EDGE_CURVE('',#5270,#5254,#3115,.T.);
#6412=EDGE_CURVE('',#5271,#5270,#3116,.T.);
#6413=EDGE_CURVE('',#5271,#5272,#3117,.T.);
#6414=EDGE_CURVE('',#5272,#5273,#3118,.T.);
#6415=EDGE_CURVE('',#5259,#5273,#3119,.T.);
#6416=EDGE_CURVE('',#5256,#5261,#3120,.T.);
#6417=EDGE_CURVE('',#5274,#5257,#3121,.T.);
#6418=EDGE_CURVE('',#5275,#5274,#3122,.T.);
#6419=EDGE_CURVE('',#5255,#5275,#3123,.T.);
#6420=EDGE_CURVE('',#5276,#5258,#3124,.T.);
#6421=EDGE_CURVE('',#5276,#5277,#3125,.T.);
#6422=EDGE_CURVE('',#5260,#5277,#3126,.T.);
#6423=EDGE_CURVE('',#5278,#5269,#3127,.T.);
#6424=EDGE_CURVE('',#5279,#5278,#3128,.T.);
#6425=EDGE_CURVE('',#5267,#5279,#3129,.T.);
#6426=EDGE_CURVE('',#5280,#5262,#3130,.T.);
#6427=EDGE_CURVE('',#5280,#5281,#3131,.T.);
#6428=EDGE_CURVE('',#5264,#5281,#3132,.T.);
#6429=EDGE_CURVE('',#5273,#5282,#3133,.T.);
#6430=EDGE_CURVE('',#5282,#5266,#3134,.T.);
#6431=EDGE_CURVE('',#5279,#5276,#3135,.T.);
#6432=EDGE_CURVE('',#5275,#5280,#3136,.T.);
#6433=EDGE_CURVE('',#5263,#5283,#3137,.T.);
#6434=EDGE_CURVE('',#5283,#5270,#3138,.T.);
#6435=EDGE_CURVE('',#5284,#5282,#3139,.T.);
#6436=EDGE_CURVE('',#5284,#5285,#3140,.T.);
#6437=EDGE_CURVE('',#5285,#5283,#3141,.T.);
#6438=EDGE_CURVE('',#5268,#5265,#3142,.T.);
#6439=EDGE_CURVE('',#5286,#5287,#3143,.T.);
#6440=EDGE_CURVE('',#5287,#5288,#3144,.T.);
#6441=EDGE_CURVE('',#5288,#5289,#3145,.T.);
#6442=EDGE_CURVE('',#5289,#5286,#3146,.T.);
#6443=EDGE_CURVE('',#5290,#5288,#3147,.T.);
#6444=EDGE_CURVE('',#5290,#5291,#3148,.T.);
#6445=EDGE_CURVE('',#5291,#5292,#3149,.T.);
#6446=EDGE_CURVE('',#5289,#5292,#3150,.T.);
#6447=EDGE_CURVE('',#5287,#5293,#3151,.T.);
#6448=EDGE_CURVE('',#5293,#5294,#3152,.T.);
#6449=EDGE_CURVE('',#5294,#5295,#3153,.T.);
#6450=EDGE_CURVE('',#5295,#5296,#936,.T.);
#6451=EDGE_CURVE('',#5296,#5297,#3154,.T.);
#6452=EDGE_CURVE('',#5297,#5298,#3155,.T.);
#6453=EDGE_CURVE('',#5298,#5299,#3156,.T.);
#6454=EDGE_CURVE('',#5300,#5299,#3157,.T.);
#6455=EDGE_CURVE('',#5300,#5301,#3158,.T.);
#6456=EDGE_CURVE('',#5301,#5302,#3159,.T.);
#6457=EDGE_CURVE('',#5303,#5302,#3160,.T.);
#6458=EDGE_CURVE('',#5303,#5290,#3161,.T.);
#6459=EDGE_CURVE('',#5304,#5305,#3162,.T.);
#6460=EDGE_CURVE('',#5305,#5306,#3163,.T.);
#6461=EDGE_CURVE('',#5306,#5307,#3164,.T.);
#6462=EDGE_CURVE('',#5307,#5304,#3165,.T.);
#6463=EDGE_CURVE('',#5308,#5300,#3166,.T.);
#6464=EDGE_CURVE('',#5299,#5309,#3167,.T.);
#6465=EDGE_CURVE('',#5309,#5308,#3168,.T.);
#6466=EDGE_CURVE('',#5298,#5310,#3169,.T.);
#6467=EDGE_CURVE('',#5310,#5311,#3170,.T.);
#6468=EDGE_CURVE('',#5309,#5311,#3171,.T.);
#6469=EDGE_CURVE('',#5312,#5303,#937,.T.);
#6470=EDGE_CURVE('',#5302,#5313,#938,.T.);
#6471=EDGE_CURVE('',#5313,#5312,#3172,.T.);
#6472=EDGE_CURVE('',#5312,#5314,#3173,.T.);
#6473=EDGE_CURVE('',#5315,#5314,#3174,.T.);
#6474=EDGE_CURVE('',#5315,#5316,#3175,.T.);
#6475=EDGE_CURVE('',#5316,#5291,#3176,.T.);
#6476=EDGE_CURVE('',#5317,#5313,#3177,.T.);
#6477=EDGE_CURVE('',#5314,#5317,#3178,.T.);
#6478=EDGE_CURVE('',#5304,#5318,#3179,.T.);
#6479=EDGE_CURVE('',#5318,#5319,#3180,.T.);
#6480=EDGE_CURVE('',#5305,#5319,#3181,.T.);
#6481=EDGE_CURVE('',#5307,#5320,#3182,.T.);
#6482=EDGE_CURVE('',#5320,#5318,#3183,.T.);
#6483=EDGE_CURVE('',#5306,#5321,#3184,.T.);
#6484=EDGE_CURVE('',#5321,#5320,#3185,.T.);
#6485=EDGE_CURVE('',#5319,#5321,#3186,.T.);
#6486=EDGE_CURVE('',#5322,#5294,#3187,.T.);
#6487=EDGE_CURVE('',#5323,#5322,#3188,.T.);
#6488=EDGE_CURVE('',#5324,#5323,#12,.T.);
#6489=EDGE_CURVE('',#5325,#5324,#3189,.T.);
#6490=EDGE_CURVE('',#5326,#5325,#3190,.T.);
#6491=EDGE_CURVE('',#5327,#5326,#3191,.T.);
#6492=EDGE_CURVE('',#5328,#5327,#3192,.T.);
#6493=EDGE_CURVE('',#5329,#5328,#3193,.T.);
#6494=EDGE_CURVE('',#5330,#5329,#13,.T.);
#6495=EDGE_CURVE('',#5331,#5330,#3194,.T.);
#6496=EDGE_CURVE('',#5297,#5331,#3195,.T.);
#6497=EDGE_CURVE('',#5332,#5296,#14,.T.);
#6498=EDGE_CURVE('',#5333,#5332,#3196,.T.);
#6499=EDGE_CURVE('',#5334,#5333,#3197,.T.);
#6500=EDGE_CURVE('',#5335,#5334,#3198,.T.);
#6501=EDGE_CURVE('',#5336,#5335,#3199,.T.);
#6502=EDGE_CURVE('',#5337,#5336,#3200,.T.);
#6503=EDGE_CURVE('',#5295,#5337,#15,.T.);
#6504=EDGE_CURVE('',#5301,#5338,#3201,.T.);
#6505=EDGE_CURVE('',#5338,#5339,#3202,.T.);
#6506=EDGE_CURVE('',#5340,#5339,#3203,.T.);
#6507=EDGE_CURVE('',#5317,#5340,#3204,.T.);
#6508=EDGE_CURVE('',#5341,#5322,#3205,.T.);
#6509=EDGE_CURVE('',#5342,#5341,#3206,.T.);
#6510=EDGE_CURVE('',#5343,#5342,#3207,.T.);
#6511=EDGE_CURVE('',#5323,#5343,#939,.T.);
#6512=EDGE_CURVE('',#5344,#5325,#3208,.T.);
#6513=EDGE_CURVE('',#5326,#5344,#3209,.T.);
#6514=EDGE_CURVE('',#5293,#5341,#3210,.T.);
#6515=EDGE_CURVE('',#5277,#5278,#3211,.T.);
#6516=EDGE_CURVE('',#5281,#5274,#3212,.T.);
#6517=EDGE_CURVE('',#5340,#5345,#3213,.T.);
#6518=EDGE_CURVE('',#5345,#5346,#940,.T.);
#6519=EDGE_CURVE('',#5346,#5347,#3214,.T.);
#6520=EDGE_CURVE('',#5347,#5348,#941,.T.);
#6521=EDGE_CURVE('',#5348,#5349,#3215,.T.);
#6522=EDGE_CURVE('',#5349,#5327,#3216,.T.);
#6523=EDGE_CURVE('',#5344,#5350,#3217,.T.);
#6524=EDGE_CURVE('',#5350,#5351,#942,.T.);
#6525=EDGE_CURVE('',#5351,#5352,#3218,.T.);
#6526=EDGE_CURVE('',#5352,#5353,#943,.T.);
#6527=EDGE_CURVE('',#5353,#5315,#3219,.T.);
#6528=EDGE_CURVE('',#5336,#5354,#3220,.T.);
#6529=EDGE_CURVE('',#5354,#5355,#3221,.T.);
#6530=EDGE_CURVE('',#5337,#5355,#3222,.T.);
#6531=EDGE_CURVE('',#5335,#5356,#3223,.T.);
#6532=EDGE_CURVE('',#5356,#5357,#3224,.T.);
#6533=EDGE_CURVE('',#5358,#5357,#3225,.T.);
#6534=EDGE_CURVE('',#5359,#5358,#3226,.T.);
#6535=EDGE_CURVE('',#5359,#5354,#3227,.T.);
#6536=EDGE_CURVE('',#5360,#5334,#3228,.T.);
#6537=EDGE_CURVE('',#5360,#5356,#3229,.T.);
#6538=EDGE_CURVE('',#5333,#5361,#3230,.T.);
#6539=EDGE_CURVE('',#5361,#5362,#3231,.T.);
#6540=EDGE_CURVE('',#5362,#5363,#3232,.T.);
#6541=EDGE_CURVE('',#5364,#5363,#3233,.T.);
#6542=EDGE_CURVE('',#5360,#5364,#3234,.T.);
#6543=EDGE_CURVE('',#5332,#5365,#3235,.T.);
#6544=EDGE_CURVE('',#5365,#5361,#3236,.T.);
#6545=EDGE_CURVE('',#5331,#5310,#3237,.T.);
#6546=EDGE_CURVE('',#5355,#5365,#944,.T.);
#6547=EDGE_CURVE('',#5357,#5364,#3238,.T.);
#6548=EDGE_CURVE('',#5363,#5358,#3239,.T.);
#6549=EDGE_CURVE('',#5359,#5362,#3240,.T.);
#6550=EDGE_CURVE('',#5342,#5286,#3241,.T.);
#6551=EDGE_CURVE('',#5366,#5308,#3242,.T.);
#6552=EDGE_CURVE('',#5366,#5338,#3243,.T.);
#6553=EDGE_CURVE('',#5367,#5368,#945,.T.);
#6554=EDGE_CURVE('',#5339,#5367,#3244,.T.);
#6555=EDGE_CURVE('',#5368,#5366,#3245,.T.);
#6556=EDGE_CURVE('',#5369,#5370,#946,.T.);
#6557=EDGE_CURVE('',#5292,#5369,#3246,.T.);
#6558=EDGE_CURVE('',#5370,#5316,#3247,.T.);
#6559=EDGE_CURVE('',#5371,#5330,#947,.T.);
#6560=EDGE_CURVE('',#5311,#5371,#3248,.T.);
#6561=EDGE_CURVE('',#5352,#5369,#3249,.T.);
#6562=EDGE_CURVE('',#5351,#5343,#3250,.T.);
#6563=EDGE_CURVE('',#5353,#5370,#3251,.T.);
#6564=EDGE_CURVE('',#5347,#5371,#3252,.T.);
#6565=EDGE_CURVE('',#5346,#5368,#3253,.T.);
#6566=EDGE_CURVE('',#5348,#5329,#3254,.T.);
#6567=EDGE_CURVE('',#5349,#5328,#3255,.T.);
#6568=EDGE_CURVE('',#5345,#5367,#3256,.T.);
#6569=EDGE_CURVE('',#5350,#5324,#3257,.T.);
#6570=EDGE_CURVE('',#5372,#5373,#3258,.T.);
#6571=EDGE_CURVE('',#5372,#5374,#3259,.T.);
#6572=EDGE_CURVE('',#5375,#5374,#3260,.T.);
#6573=EDGE_CURVE('',#5373,#5375,#3261,.T.);
#6574=EDGE_CURVE('',#5376,#5377,#3262,.T.);
#6575=EDGE_CURVE('',#5376,#5378,#3263,.T.);
#6576=EDGE_CURVE('',#5378,#5379,#3264,.T.);
#6577=EDGE_CURVE('',#5377,#5379,#3265,.T.);
#6578=EDGE_CURVE('',#5375,#5376,#948,.T.);
#6579=EDGE_CURVE('',#5374,#5378,#949,.T.);
#6580=EDGE_CURVE('',#5380,#5372,#3266,.T.);
#6581=EDGE_CURVE('',#5379,#5380,#3267,.T.);
#6582=EDGE_CURVE('',#5381,#5382,#3268,.T.);
#6583=EDGE_CURVE('',#5383,#5381,#3269,.T.);
#6584=EDGE_CURVE('',#5384,#5383,#3270,.T.);
#6585=EDGE_CURVE('',#5382,#5384,#3271,.T.);
#6586=EDGE_CURVE('',#5385,#5386,#3272,.T.);
#6587=EDGE_CURVE('',#5387,#5385,#3273,.T.);
#6588=EDGE_CURVE('',#5387,#5388,#3274,.T.);
#6589=EDGE_CURVE('',#5386,#5388,#3275,.T.);
#6590=EDGE_CURVE('',#5389,#5390,#3276,.T.);
#6591=EDGE_CURVE('',#5389,#5391,#3277,.T.);
#6592=EDGE_CURVE('',#5391,#5392,#3278,.T.);
#6593=EDGE_CURVE('',#5390,#5392,#3279,.T.);
#6594=EDGE_CURVE('',#5386,#5389,#950,.T.);
#6595=EDGE_CURVE('',#5388,#5391,#951,.T.);
#6596=EDGE_CURVE('',#5392,#5387,#3280,.T.);
#6597=EDGE_CURVE('',#5393,#5394,#3281,.T.);
#6598=EDGE_CURVE('',#5395,#5393,#3282,.T.);
#6599=EDGE_CURVE('',#5396,#5395,#3283,.T.);
#6600=EDGE_CURVE('',#5394,#5396,#3284,.T.);
#6601=EDGE_CURVE('',#5377,#5397,#3285,.T.);
#6602=EDGE_CURVE('',#5397,#5398,#3286,.T.);
#6603=EDGE_CURVE('',#5398,#5399,#3287,.T.);
#6604=EDGE_CURVE('',#5399,#5400,#3288,.T.);
#6605=EDGE_CURVE('',#5400,#5373,#3289,.T.);
#6606=EDGE_CURVE('',#5383,#5401,#3290,.T.);
#6607=EDGE_CURVE('',#5401,#5402,#3291,.T.);
#6608=EDGE_CURVE('',#5384,#5402,#3292,.T.);
#6609=EDGE_CURVE('',#5381,#5403,#3293,.T.);
#6610=EDGE_CURVE('',#5403,#5401,#3294,.T.);
#6611=EDGE_CURVE('',#5404,#5385,#3295,.T.);
#6612=EDGE_CURVE('',#5404,#5405,#3296,.T.);
#6613=EDGE_CURVE('',#5405,#5406,#3297,.T.);
#6614=EDGE_CURVE('',#5406,#5407,#3298,.T.);
#6615=EDGE_CURVE('',#5390,#5407,#3299,.T.);
#6616=EDGE_CURVE('',#5395,#5408,#3300,.T.);
#6617=EDGE_CURVE('',#5408,#5409,#3301,.T.);
#6618=EDGE_CURVE('',#5396,#5409,#3302,.T.);
#6619=EDGE_CURVE('',#5393,#5410,#3303,.T.);
#6620=EDGE_CURVE('',#5410,#5408,#3304,.T.);
#6621=EDGE_CURVE('',#5394,#5411,#3305,.T.);
#6622=EDGE_CURVE('',#5411,#5410,#3306,.T.);
#6623=EDGE_CURVE('',#5409,#5411,#3307,.T.);
#6624=EDGE_CURVE('',#5382,#5412,#3308,.T.);
#6625=EDGE_CURVE('',#5412,#5403,#3309,.T.);
#6626=EDGE_CURVE('',#5402,#5412,#3310,.T.);
#6627=EDGE_CURVE('',#5413,#5414,#3311,.T.);
#6628=EDGE_CURVE('',#5415,#5413,#3312,.T.);
#6629=EDGE_CURVE('',#5416,#5415,#3313,.T.);
#6630=EDGE_CURVE('',#5414,#5416,#3314,.T.);
#6631=EDGE_CURVE('',#5415,#5417,#3315,.T.);
#6632=EDGE_CURVE('',#5417,#5418,#3316,.T.);
#6633=EDGE_CURVE('',#5416,#5418,#3317,.T.);
#6634=EDGE_CURVE('',#5419,#5420,#3318,.T.);
#6635=EDGE_CURVE('',#5418,#5419,#3319,.T.);
#6636=EDGE_CURVE('',#5420,#5417,#3320,.T.);
#6637=EDGE_CURVE('',#5421,#5422,#3321,.T.);
#6638=EDGE_CURVE('',#5414,#5421,#3322,.T.);
#6639=EDGE_CURVE('',#5422,#5419,#3323,.T.);
#6640=EDGE_CURVE('',#5423,#5424,#3324,.T.);
#6641=EDGE_CURVE('',#5423,#5420,#3325,.T.);
#6642=EDGE_CURVE('',#5424,#5413,#3326,.T.);
#6643=EDGE_CURVE('',#5425,#5423,#3327,.T.);
#6644=EDGE_CURVE('',#5425,#5426,#3328,.T.);
#6645=EDGE_CURVE('',#5427,#5426,#3329,.T.);
#6646=EDGE_CURVE('',#5428,#5427,#3330,.T.);
#6647=EDGE_CURVE('',#5422,#5428,#3331,.T.);
#6648=EDGE_CURVE('',#5429,#5425,#3332,.T.);
#6649=EDGE_CURVE('',#5429,#5430,#3333,.T.);
#6650=EDGE_CURVE('',#5430,#5426,#3334,.T.);
#6651=EDGE_CURVE('',#5431,#5429,#3335,.T.);
#6652=EDGE_CURVE('',#5431,#5432,#3336,.T.);
#6653=EDGE_CURVE('',#5432,#5430,#3337,.T.);
#6654=EDGE_CURVE('',#5428,#5431,#3338,.T.);
#6655=EDGE_CURVE('',#5427,#5432,#3339,.T.);
#6656=EDGE_CURVE('',#5271,#5398,#3340,.T.);
#6657=EDGE_CURVE('',#5285,#5271,#3341,.T.);
#6658=EDGE_CURVE('',#5433,#5285,#3342,.T.);
#6659=EDGE_CURVE('',#5407,#5433,#3343,.T.);
#6660=EDGE_CURVE('',#5434,#5406,#3344,.T.);
#6661=EDGE_CURVE('',#5399,#5434,#3345,.T.);
#6662=EDGE_CURVE('',#5435,#5421,#3346,.T.);
#6663=EDGE_CURVE('',#5284,#5435,#3347,.T.);
#6664=EDGE_CURVE('',#5272,#5284,#3348,.T.);
#6665=EDGE_CURVE('',#5436,#5272,#3349,.T.);
#6666=EDGE_CURVE('',#5424,#5436,#3350,.T.);
#6667=EDGE_CURVE('',#5433,#5437,#3351,.T.);
#6668=EDGE_CURVE('',#5437,#5438,#3352,.T.);
#6669=EDGE_CURVE('',#5438,#5404,#3353,.T.);
#6670=EDGE_CURVE('',#5436,#5439,#3354,.T.);
#6671=EDGE_CURVE('',#5440,#5439,#3355,.T.);
#6672=EDGE_CURVE('',#5441,#5440,#3356,.T.);
#6673=EDGE_CURVE('',#5434,#5441,#3357,.T.);
#6674=EDGE_CURVE('',#5442,#5405,#3358,.T.);
#6675=EDGE_CURVE('',#5443,#5442,#3359,.T.);
#6676=EDGE_CURVE('',#5443,#5435,#3360,.T.);
#6677=EDGE_CURVE('',#5444,#5444,#952,.T.);
#6678=EDGE_CURVE('',#5445,#5445,#953,.T.);
#6679=EDGE_CURVE('',#5446,#5446,#954,.T.);
#6680=EDGE_CURVE('',#5437,#5443,#3361,.T.);
#6681=EDGE_CURVE('',#5439,#5397,#3362,.T.);
#6682=EDGE_CURVE('',#5438,#5442,#3363,.T.);
#6683=EDGE_CURVE('',#5400,#5441,#3364,.T.);
#6684=EDGE_CURVE('',#5380,#5440,#3365,.T.);
#6685=EDGE_CURVE('',#5445,#5447,#3366,.T.);
#6686=EDGE_CURVE('',#5447,#5447,#955,.T.);
#6687=EDGE_CURVE('',#5446,#5448,#3367,.T.);
#6688=EDGE_CURVE('',#5448,#5448,#956,.T.);
#6689=EDGE_CURVE('',#5449,#5449,#957,.T.);
#6690=EDGE_CURVE('',#5449,#5450,#3368,.T.);
#6691=EDGE_CURVE('',#5450,#5450,#958,.T.);
#6692=EDGE_CURVE('',#5449,#5444,#3369,.T.);
#6693=EDGE_CURVE('',#5451,#5452,#3370,.T.);
#6694=EDGE_CURVE('',#5452,#5453,#3371,.T.);
#6695=EDGE_CURVE('',#5453,#5454,#3372,.T.);
#6696=EDGE_CURVE('',#5454,#5455,#3373,.T.);
#6697=EDGE_CURVE('',#5455,#5451,#3374,.T.);
#6698=EDGE_CURVE('',#5452,#5456,#3375,.T.);
#6699=EDGE_CURVE('',#5456,#5457,#3376,.T.);
#6700=EDGE_CURVE('',#5457,#5453,#3377,.T.);
#6701=EDGE_CURVE('',#5456,#5458,#3378,.T.);
#6702=EDGE_CURVE('',#5458,#5459,#3379,.T.);
#6703=EDGE_CURVE('',#5459,#5460,#3380,.T.);
#6704=EDGE_CURVE('',#5460,#5457,#3381,.T.);
#6705=EDGE_CURVE('',#5458,#5461,#3382,.T.);
#6706=EDGE_CURVE('',#5461,#5462,#3383,.T.);
#6707=EDGE_CURVE('',#5462,#5459,#3384,.T.);
#6708=EDGE_CURVE('',#5461,#5463,#3385,.T.);
#6709=EDGE_CURVE('',#5463,#5464,#3386,.T.);
#6710=EDGE_CURVE('',#5464,#5465,#3387,.T.);
#6711=EDGE_CURVE('',#5465,#5462,#3388,.T.);
#6712=EDGE_CURVE('',#5463,#5466,#3389,.T.);
#6713=EDGE_CURVE('',#5466,#5467,#3390,.T.);
#6714=EDGE_CURVE('',#5467,#5464,#3391,.T.);
#6715=EDGE_CURVE('',#5466,#5468,#3392,.T.);
#6716=EDGE_CURVE('',#5468,#5469,#3393,.T.);
#6717=EDGE_CURVE('',#5469,#5467,#3394,.T.);
#6718=EDGE_CURVE('',#5470,#5455,#3395,.T.);
#6719=EDGE_CURVE('',#5470,#5471,#3396,.T.);
#6720=EDGE_CURVE('',#5471,#5451,#3397,.T.);
#6721=EDGE_CURVE('',#5472,#5471,#3398,.T.);
#6722=EDGE_CURVE('',#5473,#5472,#3399,.T.);
#6723=EDGE_CURVE('',#5474,#5473,#3400,.T.);
#6724=EDGE_CURVE('',#5468,#5474,#3401,.T.);
#6725=EDGE_CURVE('',#5470,#5475,#3402,.T.);
#6726=EDGE_CURVE('',#5475,#5476,#3403,.T.);
#6727=EDGE_CURVE('',#5476,#5472,#3404,.T.);
#6728=EDGE_CURVE('',#5454,#5475,#3405,.T.);
#6729=EDGE_CURVE('',#5477,#5453,#3406,.T.);
#6730=EDGE_CURVE('',#5478,#5477,#3407,.T.);
#6731=EDGE_CURVE('',#5478,#5454,#3408,.T.);
#6732=EDGE_CURVE('',#5479,#5457,#3409,.T.);
#6733=EDGE_CURVE('',#5477,#5479,#3410,.T.);
#6734=EDGE_CURVE('',#5480,#5460,#3411,.T.);
#6735=EDGE_CURVE('',#5479,#5480,#3412,.T.);
#6736=EDGE_CURVE('',#5465,#5460,#3413,.T.);
#6737=EDGE_CURVE('',#5481,#5464,#3414,.T.);
#6738=EDGE_CURVE('',#5482,#5481,#3415,.T.);
#6739=EDGE_CURVE('',#5482,#5465,#3416,.T.);
#6740=EDGE_CURVE('',#5474,#5483,#3417,.T.);
#6741=EDGE_CURVE('',#5483,#5469,#3418,.T.);
#6742=EDGE_CURVE('',#5484,#5473,#3419,.T.);
#6743=EDGE_CURVE('',#5484,#5483,#3420,.T.);
#6744=EDGE_CURVE('',#5485,#5483,#3421,.T.);
#6745=EDGE_CURVE('',#5486,#5485,#3422,.T.);
#6746=EDGE_CURVE('',#5486,#5469,#3423,.T.);
#6747=EDGE_CURVE('',#5487,#5484,#3424,.T.);
#6748=EDGE_CURVE('',#5485,#5487,#3425,.T.);
#6749=EDGE_CURVE('',#5476,#5484,#3426,.T.);
#6750=EDGE_CURVE('',#5488,#5476,#3427,.T.);
#6751=EDGE_CURVE('',#5487,#5488,#3428,.T.);
#6752=EDGE_CURVE('',#5489,#5475,#3429,.T.);
#6753=EDGE_CURVE('',#5488,#5489,#3430,.T.);
#6754=EDGE_CURVE('',#5489,#5478,#3431,.T.);
#6755=EDGE_CURVE('',#5490,#5491,#3432,.T.);
#6756=EDGE_CURVE('',#5490,#5492,#3433,.T.);
#6757=EDGE_CURVE('',#5493,#5492,#3434,.T.);
#6758=EDGE_CURVE('',#5491,#5493,#3435,.T.);
#6759=EDGE_CURVE('',#5491,#5494,#3436,.T.);
#6760=EDGE_CURVE('',#5495,#5493,#3437,.T.);
#6761=EDGE_CURVE('',#5494,#5495,#3438,.T.);
#6762=EDGE_CURVE('',#5494,#5496,#3439,.T.);
#6763=EDGE_CURVE('',#5497,#5495,#3440,.T.);
#6764=EDGE_CURVE('',#5496,#5497,#3441,.T.);
#6765=EDGE_CURVE('',#5496,#5498,#3442,.T.);
#6766=EDGE_CURVE('',#5499,#5497,#3443,.T.);
#6767=EDGE_CURVE('',#5498,#5499,#3444,.T.);
#6768=EDGE_CURVE('',#5498,#5500,#3445,.T.);
#6769=EDGE_CURVE('',#5501,#5499,#3446,.T.);
#6770=EDGE_CURVE('',#5500,#5501,#3447,.T.);
#6771=EDGE_CURVE('',#5502,#5503,#3448,.T.);
#6772=EDGE_CURVE('',#5503,#5501,#3449,.T.);
#6773=EDGE_CURVE('',#5492,#5502,#3450,.T.);
#6774=EDGE_CURVE('',#5504,#5505,#3451,.T.);
#6775=EDGE_CURVE('',#5504,#5506,#3452,.T.);
#6776=EDGE_CURVE('',#5507,#5506,#3453,.T.);
#6777=EDGE_CURVE('',#5505,#5507,#3454,.T.);
#6778=EDGE_CURVE('',#5505,#5508,#3455,.T.);
#6779=EDGE_CURVE('',#5509,#5507,#3456,.T.);
#6780=EDGE_CURVE('',#5508,#5509,#3457,.T.);
#6781=EDGE_CURVE('',#5508,#5510,#3458,.T.);
#6782=EDGE_CURVE('',#5511,#5509,#3459,.T.);
#6783=EDGE_CURVE('',#5510,#5511,#3460,.T.);
#6784=EDGE_CURVE('',#5510,#5512,#3461,.T.);
#6785=EDGE_CURVE('',#5513,#5511,#3462,.T.);
#6786=EDGE_CURVE('',#5512,#5513,#3463,.T.);
#6787=EDGE_CURVE('',#5512,#5514,#3464,.T.);
#6788=EDGE_CURVE('',#5515,#5513,#3465,.T.);
#6789=EDGE_CURVE('',#5514,#5515,#3466,.T.);
#6790=EDGE_CURVE('',#5516,#5517,#3467,.T.);
#6791=EDGE_CURVE('',#5517,#5515,#3468,.T.);
#6792=EDGE_CURVE('',#5506,#5516,#3469,.T.);
#6793=EDGE_CURVE('',#5480,#5482,#3470,.T.);
#6794=EDGE_CURVE('',#5518,#5467,#3471,.T.);
#6795=EDGE_CURVE('',#5481,#5518,#3472,.T.);
#6796=EDGE_CURVE('',#5518,#5486,#3473,.T.);
#6797=EDGE_CURVE('',#5519,#5517,#3474,.T.);
#6798=EDGE_CURVE('',#5520,#5519,#3475,.T.);
#6799=EDGE_CURVE('',#5520,#5502,#3476,.T.);
#6800=EDGE_CURVE('',#5514,#5490,#3477,.T.);
#6801=EDGE_CURVE('',#5521,#5520,#3478,.T.);
#6802=EDGE_CURVE('',#5521,#5503,#3479,.T.);
#6803=EDGE_CURVE('',#5522,#5521,#3480,.T.);
#6804=EDGE_CURVE('',#5516,#5522,#3481,.T.);
#6805=EDGE_CURVE('',#5500,#5504,#3482,.T.);
#6806=EDGE_CURVE('',#5519,#5522,#3483,.T.);
#6807=EDGE_CURVE('',#5523,#5524,#3484,.T.);
#6808=EDGE_CURVE('',#5524,#5525,#3485,.T.);
#6809=EDGE_CURVE('',#5525,#5526,#3486,.T.);
#6810=EDGE_CURVE('',#5526,#5523,#3487,.T.);
#6811=EDGE_CURVE('',#5527,#5525,#3488,.T.);
#6812=EDGE_CURVE('',#5528,#5527,#3489,.T.);
#6813=EDGE_CURVE('',#5529,#5528,#3490,.T.);
#6814=EDGE_CURVE('',#5530,#5529,#3491,.T.);
#6815=EDGE_CURVE('',#5530,#5526,#3492,.T.);
#6816=EDGE_CURVE('',#5524,#5531,#3493,.T.);
#6817=EDGE_CURVE('',#5527,#5531,#3494,.T.);
#6818=EDGE_CURVE('',#5531,#5532,#3495,.T.);
#6819=EDGE_CURVE('',#5532,#5528,#3496,.T.);
#6820=EDGE_CURVE('',#5533,#5532,#3497,.T.);
#6821=EDGE_CURVE('',#5529,#5533,#3498,.T.);
#6822=EDGE_CURVE('',#5534,#5523,#3499,.T.);
#6823=EDGE_CURVE('',#5533,#5534,#3500,.T.);
#6824=EDGE_CURVE('',#5534,#5530,#3501,.T.);
#6825=EDGE_CURVE('',#5535,#5536,#3502,.T.);
#6826=EDGE_CURVE('',#5536,#5537,#3503,.T.);
#6827=EDGE_CURVE('',#5537,#5538,#3504,.T.);
#6828=EDGE_CURVE('',#5538,#5535,#3505,.T.);
#6829=EDGE_CURVE('',#5536,#5539,#3506,.T.);
#6830=EDGE_CURVE('',#5540,#5539,#3507,.T.);
#6831=EDGE_CURVE('',#5540,#5537,#3508,.T.);
#6832=EDGE_CURVE('',#5541,#5535,#3509,.T.);
#6833=EDGE_CURVE('',#5542,#5541,#3510,.T.);
#6834=EDGE_CURVE('',#5542,#5543,#3511,.T.);
#6835=EDGE_CURVE('',#5539,#5543,#3512,.T.);
#6836=EDGE_CURVE('',#5544,#5540,#3513,.T.);
#6837=EDGE_CURVE('',#5543,#5544,#3514,.T.);
#6838=EDGE_CURVE('',#5545,#5544,#3515,.T.);
#6839=EDGE_CURVE('',#5546,#5545,#3516,.T.);
#6840=EDGE_CURVE('',#5546,#5538,#3517,.T.);
#6841=EDGE_CURVE('',#5545,#5542,#3518,.T.);
#6842=EDGE_CURVE('',#5541,#5546,#3519,.T.);
#6843=EDGE_CURVE('',#5547,#5548,#3520,.T.);
#6844=EDGE_CURVE('',#5547,#5549,#3521,.T.);
#6845=EDGE_CURVE('',#5550,#5549,#3522,.T.);
#6846=EDGE_CURVE('',#5551,#5550,#3523,.T.);
#6847=EDGE_CURVE('',#5548,#5551,#3524,.T.);
#6848=EDGE_CURVE('',#5552,#5547,#3525,.T.);
#6849=EDGE_CURVE('',#5553,#5552,#3526,.T.);
#6850=EDGE_CURVE('',#5553,#5554,#3527,.T.);
#6851=EDGE_CURVE('',#5549,#5554,#3528,.T.);
#6852=EDGE_CURVE('',#5555,#5555,#959,.T.);
#6853=EDGE_CURVE('',#5555,#5556,#3529,.T.);
#6854=EDGE_CURVE('',#5556,#5556,#960,.T.);
#6855=EDGE_CURVE('',#5557,#5551,#3530,.T.);
#6856=EDGE_CURVE('',#5558,#5550,#3531,.T.);
#6857=EDGE_CURVE('',#5557,#5558,#3532,.T.);
#6858=EDGE_CURVE('',#5553,#5557,#3533,.T.);
#6859=EDGE_CURVE('',#5554,#5558,#3534,.T.);
#6860=EDGE_CURVE('',#5559,#5552,#3535,.T.);
#6861=EDGE_CURVE('',#5559,#5560,#3536,.T.);
#6862=EDGE_CURVE('',#5560,#5561,#3537,.T.);
#6863=EDGE_CURVE('',#5561,#5562,#3538,.T.);
#6864=EDGE_CURVE('',#5563,#5562,#3539,.T.);
#6865=EDGE_CURVE('',#5563,#5564,#3540,.T.);
#6866=EDGE_CURVE('',#5564,#5553,#3541,.T.);
#6867=EDGE_CURVE('',#5565,#5565,#961,.T.);
#6868=EDGE_CURVE('',#5565,#5566,#3542,.T.);
#6869=EDGE_CURVE('',#5566,#5566,#962,.T.);
#6870=EDGE_CURVE('',#5567,#5568,#3543,.T.);
#6871=EDGE_CURVE('',#5569,#5567,#3544,.T.);
#6872=EDGE_CURVE('',#5570,#5569,#3545,.T.);
#6873=EDGE_CURVE('',#5568,#5570,#3546,.T.);
#6874=EDGE_CURVE('',#5568,#5559,#3547,.T.);
#6875=EDGE_CURVE('',#5560,#5570,#3548,.T.);
#6876=EDGE_CURVE('',#5561,#5569,#3549,.T.);
#6877=EDGE_CURVE('',#5548,#5571,#3550,.T.);
#6878=EDGE_CURVE('',#5571,#5572,#3551,.T.);
#6879=EDGE_CURVE('',#5572,#5573,#3552,.T.);
#6880=EDGE_CURVE('',#5573,#5574,#3553,.T.);
#6881=EDGE_CURVE('',#5574,#5575,#3554,.T.);
#6882=EDGE_CURVE('',#5575,#5576,#3555,.T.);
#6883=EDGE_CURVE('',#5576,#5567,#3556,.T.);
#6884=EDGE_CURVE('',#5577,#5578,#3557,.T.);
#6885=EDGE_CURVE('',#5578,#5579,#3558,.T.);
#6886=EDGE_CURVE('',#5580,#5579,#3559,.T.);
#6887=EDGE_CURVE('',#5577,#5580,#3560,.T.);
#6888=EDGE_CURVE('',#5581,#5581,#963,.T.);
#6889=EDGE_CURVE('',#5581,#5582,#3561,.T.);
#6890=EDGE_CURVE('',#5582,#5582,#964,.T.);
#6891=EDGE_CURVE('',#5578,#5583,#3562,.T.);
#6892=EDGE_CURVE('',#5583,#5584,#3563,.T.);
#6893=EDGE_CURVE('',#5579,#5584,#3564,.T.);
#6894=EDGE_CURVE('',#5577,#5571,#3565,.T.);
#6895=EDGE_CURVE('',#5585,#5580,#3566,.T.);
#6896=EDGE_CURVE('',#5572,#5585,#3567,.T.);
#6897=EDGE_CURVE('',#5584,#5585,#3568,.T.);
#6898=EDGE_CURVE('',#5573,#5583,#3569,.T.);
#6899=EDGE_CURVE('',#5551,#5577,#3570,.T.);
#6900=EDGE_CURVE('',#5586,#5574,#3571,.T.);
#6901=EDGE_CURVE('',#5587,#5586,#3572,.T.);
#6902=EDGE_CURVE('',#5575,#5587,#3573,.T.);
#6903=EDGE_CURVE('',#5588,#5588,#965,.T.);
#6904=EDGE_CURVE('',#5588,#5589,#3574,.T.);
#6905=EDGE_CURVE('',#5589,#5589,#966,.T.);
#6906=EDGE_CURVE('',#5590,#5587,#3575,.T.);
#6907=EDGE_CURVE('',#5576,#5590,#3576,.T.);
#6908=EDGE_CURVE('',#5591,#5586,#3577,.T.);
#6909=EDGE_CURVE('',#5590,#5591,#3578,.T.);
#6910=EDGE_CURVE('',#5591,#5592,#3579,.T.);
#6911=EDGE_CURVE('',#5562,#5592,#3580,.T.);
#6912=EDGE_CURVE('',#5593,#5593,#967,.T.);
#6913=EDGE_CURVE('',#5593,#5594,#3581,.T.);
#6914=EDGE_CURVE('',#5594,#5594,#968,.T.);
#6915=EDGE_CURVE('',#5595,#5595,#969,.T.);
#6916=EDGE_CURVE('',#5595,#5596,#3582,.T.);
#6917=EDGE_CURVE('',#5596,#5596,#970,.T.);
#6918=EDGE_CURVE('',#5583,#5597,#3583,.T.);
#6919=EDGE_CURVE('',#5597,#5598,#3584,.T.);
#6920=EDGE_CURVE('',#5592,#5598,#3585,.T.);
#6921=EDGE_CURVE('',#5599,#5600,#3586,.T.);
#6922=EDGE_CURVE('',#5599,#5601,#3587,.T.);
#6923=EDGE_CURVE('',#5601,#5602,#3588,.T.);
#6924=EDGE_CURVE('',#5600,#5602,#3589,.T.);
#6925=EDGE_CURVE('',#5603,#5564,#3590,.T.);
#6926=EDGE_CURVE('',#5604,#5603,#3591,.T.);
#6927=EDGE_CURVE('',#5602,#5604,#3592,.T.);
#6928=EDGE_CURVE('',#5597,#5601,#3593,.T.);
#6929=EDGE_CURVE('',#5605,#5606,#3594,.T.);
#6930=EDGE_CURVE('',#5606,#5607,#3595,.T.);
#6931=EDGE_CURVE('',#5607,#5608,#3596,.T.);
#6932=EDGE_CURVE('',#5608,#5605,#3597,.T.);
#6933=EDGE_CURVE('',#5600,#5609,#3598,.T.);
#6934=EDGE_CURVE('',#5609,#5610,#3599,.T.);
#6935=EDGE_CURVE('',#5610,#5563,#3600,.T.);
#6936=EDGE_CURVE('',#5598,#5599,#3601,.T.);
#6937=EDGE_CURVE('',#5609,#5604,#3602,.T.);
#6938=EDGE_CURVE('',#5610,#5603,#3603,.T.);
#6939=EDGE_CURVE('',#5611,#5612,#3604,.T.);
#6940=EDGE_CURVE('',#5612,#5608,#3605,.T.);
#6941=EDGE_CURVE('',#5611,#5607,#3606,.T.);
#6942=EDGE_CURVE('',#5613,#5611,#3607,.T.);
#6943=EDGE_CURVE('',#5613,#5606,#3608,.T.);
#6944=EDGE_CURVE('',#5614,#5613,#3609,.T.);
#6945=EDGE_CURVE('',#5614,#5605,#3610,.T.);
#6946=EDGE_CURVE('',#5612,#5614,#3611,.T.);
#6947=EDGE_CURVE('',#5615,#5616,#3612,.T.);
#6948=EDGE_CURVE('',#5617,#5615,#971,.T.);
#6949=EDGE_CURVE('',#5616,#5617,#2663,.T.);
#6950=EDGE_CURVE('',#5618,#5619,#3613,.T.);
#6951=EDGE_CURVE('',#5620,#5618,#972,.T.);
#6952=EDGE_CURVE('',#5621,#5620,#2664,.T.);
#6953=EDGE_CURVE('',#5619,#5621,#2665,.T.);
#6954=EDGE_CURVE('',#5622,#5623,#3614,.T.);
#6955=EDGE_CURVE('',#5624,#5622,#973,.T.);
#6956=EDGE_CURVE('',#5623,#5624,#2666,.T.);
#6957=EDGE_CURVE('',#5625,#5626,#3615,.T.);
#6958=EDGE_CURVE('',#5627,#5625,#974,.T.);
#6959=EDGE_CURVE('',#5628,#5627,#2667,.T.);
#6960=EDGE_CURVE('',#5629,#5628,#2668,.T.);
#6961=EDGE_CURVE('',#5626,#5629,#2669,.T.);
#6962=EDGE_CURVE('',#5627,#5626,#2670,.T.);
#6963=EDGE_CURVE('',#5625,#5627,#975,.T.);
#6964=EDGE_CURVE('',#5630,#5630,#976,.T.);
#6965=EDGE_CURVE('',#5628,#5631,#977,.T.);
#6966=EDGE_CURVE('',#5631,#5629,#3616,.T.);
#6967=EDGE_CURVE('',#5627,#5632,#3617,.T.);
#6968=EDGE_CURVE('',#5632,#5628,#978,.T.);
#6969=EDGE_CURVE('',#5629,#5621,#3618,.T.);
#6970=EDGE_CURVE('',#5620,#5633,#3619,.T.);
#6971=EDGE_CURVE('',#5633,#5634,#979,.T.);
#6972=EDGE_CURVE('',#5634,#5635,#3620,.T.);
#6973=EDGE_CURVE('',#5635,#5636,#980,.T.);
#6974=EDGE_CURVE('',#5636,#5627,#3621,.T.);
#6975=EDGE_CURVE('',#5631,#5637,#3622,.T.);
#6976=EDGE_CURVE('',#5638,#5637,#3623,.T.);
#6977=EDGE_CURVE('',#5639,#5638,#3624,.T.);
#6978=EDGE_CURVE('',#5640,#5639,#3625,.T.);
#6979=EDGE_CURVE('',#5640,#5641,#3626,.T.);
#6980=EDGE_CURVE('',#5621,#5641,#3627,.T.);
#6981=EDGE_CURVE('',#5642,#5642,#981,.T.);
#6982=EDGE_CURVE('',#5643,#5643,#982,.T.);
#6983=EDGE_CURVE('',#5644,#5644,#983,.T.);
#6984=EDGE_CURVE('',#5645,#5645,#984,.T.);
#6985=EDGE_CURVE('',#5638,#5623,#2671,.T.);
#6986=EDGE_CURVE('',#5646,#5638,#2672,.T.);
#6987=EDGE_CURVE('',#5624,#5646,#2673,.T.);
#6988=EDGE_CURVE('',#5622,#5624,#985,.T.);
#6989=EDGE_CURVE('',#5647,#5647,#986,.T.);
#6990=EDGE_CURVE('',#5624,#5617,#3628,.T.);
#6991=EDGE_CURVE('',#5617,#5639,#2674,.T.);
#6992=EDGE_CURVE('',#5646,#5648,#987,.T.);
#6993=EDGE_CURVE('',#5648,#5624,#3629,.T.);
#6994=EDGE_CURVE('',#5637,#5646,#988,.T.);
#6995=EDGE_CURVE('',#5620,#5619,#2675,.T.);
#6996=EDGE_CURVE('',#5618,#5620,#989,.T.);
#6997=EDGE_CURVE('',#5649,#5649,#990,.T.);
#6998=EDGE_CURVE('',#5619,#5650,#991,.T.);
#6999=EDGE_CURVE('',#5650,#5620,#3630,.T.);
#7000=EDGE_CURVE('',#5641,#5619,#992,.T.);
#7001=EDGE_CURVE('',#5639,#5616,#2676,.T.);
#7002=EDGE_CURVE('',#5615,#5617,#993,.T.);
#7003=EDGE_CURVE('',#5651,#5651,#994,.T.);
#7004=EDGE_CURVE('',#5616,#5640,#995,.T.);
#7005=EDGE_CURVE('',#5617,#5652,#3631,.T.);
#7006=EDGE_CURVE('',#5652,#5616,#996,.T.);
#7007=EDGE_CURVE('',#5643,#5649,#3632,.T.);
#7008=EDGE_CURVE('',#5645,#5630,#3633,.T.);
#7009=EDGE_CURVE('',#5642,#5651,#3634,.T.);
#7010=EDGE_CURVE('',#5644,#5647,#3635,.T.);
#7011=EDGE_CURVE('',#5650,#5652,#3636,.T.);
#7012=EDGE_CURVE('',#5648,#5632,#3637,.T.);
#7013=EDGE_CURVE('',#5636,#5653,#3638,.T.);
#7014=EDGE_CURVE('',#5653,#5654,#3639,.T.);
#7015=EDGE_CURVE('',#5654,#5633,#3640,.T.);
#7016=EDGE_CURVE('',#5655,#5656,#3641,.T.);
#7017=EDGE_CURVE('',#5656,#5657,#3642,.T.);
#7018=EDGE_CURVE('',#5657,#5658,#3643,.T.);
#7019=EDGE_CURVE('',#5658,#5655,#3644,.T.);
#7020=EDGE_CURVE('',#5659,#5657,#997,.T.);
#7021=EDGE_CURVE('',#5656,#5660,#998,.T.);
#7022=EDGE_CURVE('',#5660,#5659,#3645,.T.);
#7023=EDGE_CURVE('',#5661,#5662,#3646,.T.);
#7024=EDGE_CURVE('',#5662,#5653,#999,.T.);
#7025=EDGE_CURVE('',#5635,#5661,#1000,.T.);
#7026=EDGE_CURVE('',#5663,#5654,#1001,.T.);
#7027=EDGE_CURVE('',#5663,#5662,#3647,.T.);
#7028=EDGE_CURVE('',#5664,#5658,#1002,.T.);
#7029=EDGE_CURVE('',#5664,#5659,#3648,.T.);
#7030=EDGE_CURVE('',#5665,#5664,#3649,.T.);
#7031=EDGE_CURVE('',#5665,#5660,#3650,.T.);
#7032=EDGE_CURVE('',#5655,#5665,#1003,.T.);
#7033=EDGE_CURVE('',#5666,#5663,#3651,.T.);
#7034=EDGE_CURVE('',#5666,#5661,#3652,.T.);
#7035=EDGE_CURVE('',#5634,#5666,#1004,.T.);
#7036=EDGE_CURVE('',#5667,#5667,#1005,.T.);
#7037=EDGE_CURVE('',#5667,#5668,#3653,.T.);
#7038=EDGE_CURVE('',#5668,#5668,#1006,.T.);
#7039=EDGE_CURVE('',#5669,#5669,#1007,.T.);
#7040=EDGE_CURVE('',#5669,#5670,#3654,.T.);
#7041=EDGE_CURVE('',#5670,#5670,#1008,.T.);
#7042=EDGE_CURVE('',#5671,#5671,#1009,.T.);
#7043=EDGE_CURVE('',#5671,#5672,#3655,.T.);
#7044=EDGE_CURVE('',#5672,#5672,#1010,.T.);
#7045=EDGE_CURVE('',#5673,#5673,#1011,.T.);
#7046=EDGE_CURVE('',#5673,#5674,#3656,.T.);
#7047=EDGE_CURVE('',#5674,#5674,#1012,.T.);
#7048=EDGE_CURVE('',#5675,#5676,#3657,.T.);
#7049=EDGE_CURVE('',#5675,#5677,#3658,.T.);
#7050=EDGE_CURVE('',#5678,#5677,#3659,.T.);
#7051=EDGE_CURVE('',#5678,#5676,#3660,.T.);
#7052=EDGE_CURVE('',#5679,#5680,#3661,.T.);
#7053=EDGE_CURVE('',#5681,#5679,#3662,.T.);
#7054=EDGE_CURVE('',#5682,#5681,#3663,.T.);
#7055=EDGE_CURVE('',#5680,#5682,#3664,.T.);
#7056=EDGE_CURVE('',#5683,#5677,#3665,.T.);
#7057=EDGE_CURVE('',#5684,#5683,#3666,.T.);
#7058=EDGE_CURVE('',#5685,#5684,#3667,.T.);
#7059=EDGE_CURVE('',#5685,#5686,#3668,.T.);
#7060=EDGE_CURVE('',#5686,#5678,#3669,.T.);
#7061=EDGE_CURVE('',#5687,#5688,#2677,.T.);
#7062=EDGE_CURVE('',#5688,#5689,#2678,.T.);
#7063=EDGE_CURVE('',#5689,#5690,#3670,.T.);
#7064=EDGE_CURVE('',#5690,#5684,#16,.T.);
#7065=EDGE_CURVE('',#5683,#5691,#1013,.F.);
#7066=EDGE_CURVE('',#5691,#5687,#3671,.T.);
#7067=EDGE_CURVE('',#5692,#5693,#2679,.T.);
#7068=EDGE_CURVE('',#5693,#5694,#3672,.T.);
#7069=EDGE_CURVE('',#5694,#5695,#17,.T.);
#7070=EDGE_CURVE('',#5695,#5684,#3673,.T.);
#7071=EDGE_CURVE('',#5690,#5696,#3674,.T.);
#7072=EDGE_CURVE('',#5696,#5697,#2680,.T.);
#7073=EDGE_CURVE('',#5697,#5692,#3675,.T.);
#7074=EDGE_CURVE('',#5694,#5698,#3676,.T.);
#7075=EDGE_CURVE('',#5698,#5699,#1014,.F.);
#7076=EDGE_CURVE('',#5699,#5695,#3677,.T.);
#7077=EDGE_CURVE('',#5697,#5687,#1015,.T.);
#7078=EDGE_CURVE('',#5689,#5696,#1016,.T.);
#7079=EDGE_CURVE('',#5688,#5700,#3678,.T.);
#7080=EDGE_CURVE('',#5700,#5700,#1017,.T.);
#7081=EDGE_CURVE('',#5691,#5701,#3679,.T.);
#7082=EDGE_CURVE('',#5701,#5702,#3680,.T.);
#7083=EDGE_CURVE('',#5702,#5698,#3681,.T.);
#7084=EDGE_CURVE('',#5693,#5703,#1018,.T.);
#7085=EDGE_CURVE('',#5703,#5692,#1019,.T.);
#7086=EDGE_CURVE('',#5704,#5705,#3682,.T.);
#7087=EDGE_CURVE('',#5705,#5706,#3683,.T.);
#7088=EDGE_CURVE('',#5706,#5707,#3684,.T.);
#7089=EDGE_CURVE('',#5707,#5704,#3685,.T.);
#7090=EDGE_CURVE('',#5708,#5695,#3686,.T.);
#7091=EDGE_CURVE('',#5708,#5685,#3687,.T.);
#7092=EDGE_CURVE('',#5709,#5710,#1020,.T.);
#7093=EDGE_CURVE('',#5709,#5708,#3688,.T.);
#7094=EDGE_CURVE('',#5699,#5675,#3689,.T.);
#7095=EDGE_CURVE('',#5711,#5676,#3690,.T.);
#7096=EDGE_CURVE('',#5711,#5710,#3691,.T.);
#7097=EDGE_CURVE('',#5712,#5712,#1021,.T.);
#7098=EDGE_CURVE('',#5712,#5713,#3692,.T.);
#7099=EDGE_CURVE('',#5713,#5713,#1022,.T.);
#7100=EDGE_CURVE('',#5703,#5714,#3693,.T.);
#7101=EDGE_CURVE('',#5714,#5714,#1023,.T.);
#7102=EDGE_CURVE('',#5715,#5716,#3694,.T.);
#7103=EDGE_CURVE('',#5716,#5717,#3695,.T.);
#7104=EDGE_CURVE('',#5717,#5718,#3696,.T.);
#7105=EDGE_CURVE('',#5715,#5718,#3697,.T.);
#7106=EDGE_CURVE('',#5716,#5719,#3698,.T.);
#7107=EDGE_CURVE('',#5719,#5720,#3699,.T.);
#7108=EDGE_CURVE('',#5702,#5720,#3700,.T.);
#7109=EDGE_CURVE('',#5702,#5721,#3701,.T.);
#7110=EDGE_CURVE('',#5721,#5717,#3702,.T.);
#7111=EDGE_CURVE('',#5722,#5723,#3703,.T.);
#7112=EDGE_CURVE('',#5679,#5723,#3704,.T.);
#7113=EDGE_CURVE('',#5680,#5722,#3705,.T.);
#7114=EDGE_CURVE('',#5686,#5724,#3706,.T.);
#7115=EDGE_CURVE('',#5724,#5725,#3707,.T.);
#7116=EDGE_CURVE('',#5725,#5726,#3708,.T.);
#7117=EDGE_CURVE('',#5726,#5727,#3709,.T.);
#7118=EDGE_CURVE('',#5727,#5711,#3710,.T.);
#7119=EDGE_CURVE('',#5728,#5729,#3711,.T.);
#7120=EDGE_CURVE('',#5725,#5728,#3712,.T.);
#7121=EDGE_CURVE('',#5724,#5729,#3713,.T.);
#7122=EDGE_CURVE('',#5730,#5731,#3714,.T.);
#7123=EDGE_CURVE('',#5727,#5730,#3715,.T.);
#7124=EDGE_CURVE('',#5726,#5731,#3716,.T.);
#7125=EDGE_CURVE('',#5731,#5728,#3717,.T.);
#7126=EDGE_CURVE('',#5732,#5733,#3718,.T.);
#7127=EDGE_CURVE('',#5734,#5732,#3719,.T.);
#7128=EDGE_CURVE('',#5735,#5734,#3720,.T.);
#7129=EDGE_CURVE('',#5735,#5733,#3721,.T.);
#7130=EDGE_CURVE('',#5733,#5736,#3722,.T.);
#7131=EDGE_CURVE('',#5737,#5735,#3723,.T.);
#7132=EDGE_CURVE('',#5737,#5736,#3724,.T.);
#7133=EDGE_CURVE('',#5736,#5738,#3725,.T.);
#7134=EDGE_CURVE('',#5739,#5737,#3726,.T.);
#7135=EDGE_CURVE('',#5739,#5738,#3727,.T.);
#7136=EDGE_CURVE('',#5738,#5732,#3728,.T.);
#7137=EDGE_CURVE('',#5734,#5739,#3729,.T.);
#7138=EDGE_CURVE('',#5740,#5741,#3730,.T.);
#7139=EDGE_CURVE('',#5742,#5741,#3731,.T.);
#7140=EDGE_CURVE('',#5720,#5742,#3732,.T.);
#7141=EDGE_CURVE('',#5719,#5722,#3733,.T.);
#7142=EDGE_CURVE('',#5682,#5740,#3734,.T.);
#7143=EDGE_CURVE('',#5743,#5740,#3735,.T.);
#7144=EDGE_CURVE('',#5681,#5743,#3736,.T.);
#7145=EDGE_CURVE('',#5729,#5743,#3737,.T.);
#7146=EDGE_CURVE('',#5723,#5730,#3738,.T.);
#7147=EDGE_CURVE('',#5701,#5702,#3739,.T.);
#7148=EDGE_CURVE('',#5742,#5701,#3740,.T.);
#7149=EDGE_CURVE('',#5705,#5744,#3741,.T.);
#7150=EDGE_CURVE('',#5745,#5744,#3742,.T.);
#7151=EDGE_CURVE('',#5706,#5745,#3743,.T.);
#7152=EDGE_CURVE('',#5746,#5745,#3744,.T.);
#7153=EDGE_CURVE('',#5707,#5746,#3745,.T.);
#7154=EDGE_CURVE('',#5747,#5746,#3746,.T.);
#7155=EDGE_CURVE('',#5704,#5747,#3747,.T.);
#7156=EDGE_CURVE('',#5744,#5747,#3748,.T.);
#7157=EDGE_CURVE('',#5748,#5701,#3749,.T.);
#7158=EDGE_CURVE('',#5721,#5748,#3750,.T.);
#7159=EDGE_CURVE('',#5718,#5748,#3751,.T.);
#7160=EDGE_CURVE('',#5741,#5715,#3752,.T.);
#7161=EDGE_CURVE('',#5709,#5749,#3753,.T.);
#7162=EDGE_CURVE('',#5750,#5749,#3754,.T.);
#7163=EDGE_CURVE('',#5710,#5750,#3755,.T.);
#7164=EDGE_CURVE('',#5749,#5750,#1024,.T.);
#7165=ORIENTED_EDGE('',*,*,#5751,.F.);
#7166=ORIENTED_EDGE('',*,*,#5752,.F.);
#7167=ORIENTED_EDGE('',*,*,#5753,.F.);
#7168=ORIENTED_EDGE('',*,*,#5754,.F.);
#7169=ORIENTED_EDGE('',*,*,#5755,.F.);
#7170=ORIENTED_EDGE('',*,*,#5756,.F.);
#7171=ORIENTED_EDGE('',*,*,#5757,.F.);
#7172=ORIENTED_EDGE('',*,*,#5758,.F.);
#7173=ORIENTED_EDGE('',*,*,#5759,.F.);
#7174=ORIENTED_EDGE('',*,*,#5760,.F.);
#7175=ORIENTED_EDGE('',*,*,#5761,.F.);
#7176=ORIENTED_EDGE('',*,*,#5762,.F.);
#7177=ORIENTED_EDGE('',*,*,#5755,.T.);
#7178=ORIENTED_EDGE('',*,*,#5763,.T.);
#7179=ORIENTED_EDGE('',*,*,#5756,.T.);
#7180=ORIENTED_EDGE('',*,*,#5763,.F.);
#7181=ORIENTED_EDGE('',*,*,#5754,.T.);
#7182=ORIENTED_EDGE('',*,*,#5764,.F.);
#7183=ORIENTED_EDGE('',*,*,#5757,.T.);
#7184=ORIENTED_EDGE('',*,*,#5764,.T.);
#7185=ORIENTED_EDGE('',*,*,#5753,.T.);
#7186=ORIENTED_EDGE('',*,*,#5765,.T.);
#7187=ORIENTED_EDGE('',*,*,#5759,.T.);
#7188=ORIENTED_EDGE('',*,*,#5766,.F.);
#7189=ORIENTED_EDGE('',*,*,#5751,.T.);
#7190=ORIENTED_EDGE('',*,*,#5767,.T.);
#7191=ORIENTED_EDGE('',*,*,#5760,.T.);
#7192=ORIENTED_EDGE('',*,*,#5767,.F.);
#7193=ORIENTED_EDGE('',*,*,#5762,.T.);
#7194=ORIENTED_EDGE('',*,*,#5768,.T.);
#7195=ORIENTED_EDGE('',*,*,#5758,.T.);
#7196=ORIENTED_EDGE('',*,*,#5765,.F.);
#7197=ORIENTED_EDGE('',*,*,#5752,.T.);
#7198=ORIENTED_EDGE('',*,*,#5766,.T.);
#7199=ORIENTED_EDGE('',*,*,#5761,.T.);
#7200=ORIENTED_EDGE('',*,*,#5768,.F.);
#7201=ORIENTED_EDGE('',*,*,#5769,.T.);
#7202=ORIENTED_EDGE('',*,*,#5769,.F.);
#7203=ORIENTED_EDGE('',*,*,#5770,.T.);
#7204=ORIENTED_EDGE('',*,*,#5771,.T.);
#7205=ORIENTED_EDGE('',*,*,#5770,.F.);
#7206=ORIENTED_EDGE('',*,*,#5772,.T.);
#7207=ORIENTED_EDGE('',*,*,#5773,.T.);
#7208=ORIENTED_EDGE('',*,*,#5771,.F.);
#7209=ORIENTED_EDGE('',*,*,#5773,.F.);
#7210=ORIENTED_EDGE('',*,*,#5772,.F.);
#7211=ORIENTED_EDGE('',*,*,#5774,.F.);
#7212=ORIENTED_EDGE('',*,*,#5775,.F.);
#7213=ORIENTED_EDGE('',*,*,#5776,.F.);
#7214=ORIENTED_EDGE('',*,*,#5777,.F.);
#7215=ORIENTED_EDGE('',*,*,#5778,.F.);
#7216=ORIENTED_EDGE('',*,*,#5779,.F.);
#7217=ORIENTED_EDGE('',*,*,#5780,.F.);
#7218=ORIENTED_EDGE('',*,*,#5781,.F.);
#7219=ORIENTED_EDGE('',*,*,#5778,.T.);
#7220=ORIENTED_EDGE('',*,*,#5782,.T.);
#7221=ORIENTED_EDGE('',*,*,#5783,.F.);
#7222=ORIENTED_EDGE('',*,*,#5784,.F.);
#7223=ORIENTED_EDGE('',*,*,#5777,.T.);
#7224=ORIENTED_EDGE('',*,*,#5785,.T.);
#7225=ORIENTED_EDGE('',*,*,#5786,.F.);
#7226=ORIENTED_EDGE('',*,*,#5782,.F.);
#7227=ORIENTED_EDGE('',*,*,#5776,.T.);
#7228=ORIENTED_EDGE('',*,*,#5787,.F.);
#7229=ORIENTED_EDGE('',*,*,#5788,.F.);
#7230=ORIENTED_EDGE('',*,*,#5785,.F.);
#7231=ORIENTED_EDGE('',*,*,#5789,.T.);
#7232=ORIENTED_EDGE('',*,*,#5790,.F.);
#7233=ORIENTED_EDGE('',*,*,#5791,.F.);
#7234=ORIENTED_EDGE('',*,*,#5792,.F.);
#7235=ORIENTED_EDGE('',*,*,#5793,.F.);
#7236=ORIENTED_EDGE('',*,*,#5794,.F.);
#7237=ORIENTED_EDGE('',*,*,#5795,.T.);
#7238=ORIENTED_EDGE('',*,*,#5796,.F.);
#7239=ORIENTED_EDGE('',*,*,#5797,.T.);
#7240=ORIENTED_EDGE('',*,*,#5798,.F.);
#7241=ORIENTED_EDGE('',*,*,#5799,.F.);
#7242=ORIENTED_EDGE('',*,*,#5800,.F.);
#7243=ORIENTED_EDGE('',*,*,#5801,.F.);
#7244=ORIENTED_EDGE('',*,*,#5802,.F.);
#7245=ORIENTED_EDGE('',*,*,#5803,.T.);
#7246=ORIENTED_EDGE('',*,*,#5804,.F.);
#7247=ORIENTED_EDGE('',*,*,#5805,.T.);
#7248=ORIENTED_EDGE('',*,*,#5806,.F.);
#7249=ORIENTED_EDGE('',*,*,#5807,.F.);
#7250=ORIENTED_EDGE('',*,*,#5808,.F.);
#7251=ORIENTED_EDGE('',*,*,#5809,.F.);
#7252=ORIENTED_EDGE('',*,*,#5810,.F.);
#7253=ORIENTED_EDGE('',*,*,#5811,.T.);
#7254=ORIENTED_EDGE('',*,*,#5812,.F.);
#7255=ORIENTED_EDGE('',*,*,#5813,.T.);
#7256=ORIENTED_EDGE('',*,*,#5814,.F.);
#7257=ORIENTED_EDGE('',*,*,#5815,.F.);
#7258=ORIENTED_EDGE('',*,*,#5816,.F.);
#7259=ORIENTED_EDGE('',*,*,#5817,.F.);
#7260=ORIENTED_EDGE('',*,*,#5818,.F.);
#7261=ORIENTED_EDGE('',*,*,#5819,.T.);
#7262=ORIENTED_EDGE('',*,*,#5820,.F.);
#7263=ORIENTED_EDGE('',*,*,#5775,.T.);
#7264=ORIENTED_EDGE('',*,*,#5821,.F.);
#7265=ORIENTED_EDGE('',*,*,#5822,.T.);
#7266=ORIENTED_EDGE('',*,*,#5787,.T.);
#7267=ORIENTED_EDGE('',*,*,#5779,.T.);
#7268=ORIENTED_EDGE('',*,*,#5784,.T.);
#7269=ORIENTED_EDGE('',*,*,#5823,.T.);
#7270=ORIENTED_EDGE('',*,*,#5824,.F.);
#7271=ORIENTED_EDGE('',*,*,#5783,.T.);
#7272=ORIENTED_EDGE('',*,*,#5786,.T.);
#7273=ORIENTED_EDGE('',*,*,#5788,.T.);
#7274=ORIENTED_EDGE('',*,*,#5822,.F.);
#7275=ORIENTED_EDGE('',*,*,#5825,.T.);
#7276=ORIENTED_EDGE('',*,*,#5826,.T.);
#7277=ORIENTED_EDGE('',*,*,#5827,.F.);
#7278=ORIENTED_EDGE('',*,*,#5823,.F.);
#7279=ORIENTED_EDGE('',*,*,#5780,.T.);
#7280=ORIENTED_EDGE('',*,*,#5824,.T.);
#7281=ORIENTED_EDGE('',*,*,#5827,.T.);
#7282=ORIENTED_EDGE('',*,*,#5828,.T.);
#7283=ORIENTED_EDGE('',*,*,#5829,.F.);
#7284=ORIENTED_EDGE('',*,*,#5830,.F.);
#7285=ORIENTED_EDGE('',*,*,#5831,.F.);
#7286=ORIENTED_EDGE('',*,*,#5832,.F.);
#7287=ORIENTED_EDGE('',*,*,#5833,.F.);
#7288=ORIENTED_EDGE('',*,*,#5834,.F.);
#7289=ORIENTED_EDGE('',*,*,#5835,.F.);
#7290=ORIENTED_EDGE('',*,*,#5836,.F.);
#7291=ORIENTED_EDGE('',*,*,#5837,.F.);
#7292=ORIENTED_EDGE('',*,*,#5838,.F.);
#7293=ORIENTED_EDGE('',*,*,#5839,.F.);
#7294=ORIENTED_EDGE('',*,*,#5840,.F.);
#7295=ORIENTED_EDGE('',*,*,#5841,.F.);
#7296=ORIENTED_EDGE('',*,*,#5842,.F.);
#7297=ORIENTED_EDGE('',*,*,#5843,.F.);
#7298=ORIENTED_EDGE('',*,*,#5844,.F.);
#7299=ORIENTED_EDGE('',*,*,#5774,.T.);
#7300=ORIENTED_EDGE('',*,*,#5845,.F.);
#7301=ORIENTED_EDGE('',*,*,#5825,.F.);
#7302=ORIENTED_EDGE('',*,*,#5821,.T.);
#7303=ORIENTED_EDGE('',*,*,#5781,.T.);
#7304=ORIENTED_EDGE('',*,*,#5828,.F.);
#7305=ORIENTED_EDGE('',*,*,#5826,.F.);
#7306=ORIENTED_EDGE('',*,*,#5845,.T.);
#7307=ORIENTED_EDGE('',*,*,#5846,.F.);
#7308=ORIENTED_EDGE('',*,*,#5841,.T.);
#7309=ORIENTED_EDGE('',*,*,#5847,.T.);
#7310=ORIENTED_EDGE('',*,*,#5848,.F.);
#7311=ORIENTED_EDGE('',*,*,#5847,.F.);
#7312=ORIENTED_EDGE('',*,*,#5844,.T.);
#7313=ORIENTED_EDGE('',*,*,#5849,.T.);
#7314=ORIENTED_EDGE('',*,*,#5850,.F.);
#7315=ORIENTED_EDGE('',*,*,#5849,.F.);
#7316=ORIENTED_EDGE('',*,*,#5843,.T.);
#7317=ORIENTED_EDGE('',*,*,#5851,.T.);
#7318=ORIENTED_EDGE('',*,*,#5852,.F.);
#7319=ORIENTED_EDGE('',*,*,#5851,.F.);
#7320=ORIENTED_EDGE('',*,*,#5842,.T.);
#7321=ORIENTED_EDGE('',*,*,#5846,.T.);
#7322=ORIENTED_EDGE('',*,*,#5853,.F.);
#7323=ORIENTED_EDGE('',*,*,#5854,.F.);
#7324=ORIENTED_EDGE('',*,*,#5837,.T.);
#7325=ORIENTED_EDGE('',*,*,#5855,.T.);
#7326=ORIENTED_EDGE('',*,*,#5856,.F.);
#7327=ORIENTED_EDGE('',*,*,#5855,.F.);
#7328=ORIENTED_EDGE('',*,*,#5840,.T.);
#7329=ORIENTED_EDGE('',*,*,#5857,.T.);
#7330=ORIENTED_EDGE('',*,*,#5858,.F.);
#7331=ORIENTED_EDGE('',*,*,#5857,.F.);
#7332=ORIENTED_EDGE('',*,*,#5839,.T.);
#7333=ORIENTED_EDGE('',*,*,#5859,.T.);
#7334=ORIENTED_EDGE('',*,*,#5860,.F.);
#7335=ORIENTED_EDGE('',*,*,#5859,.F.);
#7336=ORIENTED_EDGE('',*,*,#5838,.T.);
#7337=ORIENTED_EDGE('',*,*,#5854,.T.);
#7338=ORIENTED_EDGE('',*,*,#5861,.F.);
#7339=ORIENTED_EDGE('',*,*,#5862,.F.);
#7340=ORIENTED_EDGE('',*,*,#5833,.T.);
#7341=ORIENTED_EDGE('',*,*,#5863,.T.);
#7342=ORIENTED_EDGE('',*,*,#5864,.F.);
#7343=ORIENTED_EDGE('',*,*,#5863,.F.);
#7344=ORIENTED_EDGE('',*,*,#5836,.T.);
#7345=ORIENTED_EDGE('',*,*,#5865,.T.);
#7346=ORIENTED_EDGE('',*,*,#5866,.F.);
#7347=ORIENTED_EDGE('',*,*,#5865,.F.);
#7348=ORIENTED_EDGE('',*,*,#5835,.T.);
#7349=ORIENTED_EDGE('',*,*,#5867,.T.);
#7350=ORIENTED_EDGE('',*,*,#5868,.F.);
#7351=ORIENTED_EDGE('',*,*,#5867,.F.);
#7352=ORIENTED_EDGE('',*,*,#5834,.T.);
#7353=ORIENTED_EDGE('',*,*,#5862,.T.);
#7354=ORIENTED_EDGE('',*,*,#5869,.F.);
#7355=ORIENTED_EDGE('',*,*,#5870,.F.);
#7356=ORIENTED_EDGE('',*,*,#5829,.T.);
#7357=ORIENTED_EDGE('',*,*,#5871,.T.);
#7358=ORIENTED_EDGE('',*,*,#5872,.F.);
#7359=ORIENTED_EDGE('',*,*,#5871,.F.);
#7360=ORIENTED_EDGE('',*,*,#5832,.T.);
#7361=ORIENTED_EDGE('',*,*,#5873,.T.);
#7362=ORIENTED_EDGE('',*,*,#5874,.F.);
#7363=ORIENTED_EDGE('',*,*,#5873,.F.);
#7364=ORIENTED_EDGE('',*,*,#5831,.T.);
#7365=ORIENTED_EDGE('',*,*,#5875,.T.);
#7366=ORIENTED_EDGE('',*,*,#5876,.F.);
#7367=ORIENTED_EDGE('',*,*,#5875,.F.);
#7368=ORIENTED_EDGE('',*,*,#5830,.T.);
#7369=ORIENTED_EDGE('',*,*,#5870,.T.);
#7370=ORIENTED_EDGE('',*,*,#5877,.F.);
#7371=ORIENTED_EDGE('',*,*,#5813,.F.);
#7372=ORIENTED_EDGE('',*,*,#5820,.T.);
#7373=ORIENTED_EDGE('',*,*,#5878,.T.);
#7374=ORIENTED_EDGE('',*,*,#5814,.T.);
#7375=ORIENTED_EDGE('',*,*,#5879,.F.);
#7376=ORIENTED_EDGE('',*,*,#5880,.F.);
#7377=ORIENTED_EDGE('',*,*,#5881,.F.);
#7378=ORIENTED_EDGE('',*,*,#5882,.F.);
#7379=ORIENTED_EDGE('',*,*,#5883,.F.);
#7380=ORIENTED_EDGE('',*,*,#5815,.T.);
#7381=ORIENTED_EDGE('',*,*,#5884,.F.);
#7382=ORIENTED_EDGE('',*,*,#5818,.T.);
#7383=ORIENTED_EDGE('',*,*,#5817,.T.);
#7384=ORIENTED_EDGE('',*,*,#5816,.T.);
#7385=ORIENTED_EDGE('',*,*,#5885,.T.);
#7386=ORIENTED_EDGE('',*,*,#5819,.F.);
#7387=ORIENTED_EDGE('',*,*,#5886,.T.);
#7388=ORIENTED_EDGE('',*,*,#5887,.T.);
#7389=ORIENTED_EDGE('',*,*,#5888,.F.);
#7390=ORIENTED_EDGE('',*,*,#5889,.T.);
#7391=ORIENTED_EDGE('',*,*,#5805,.F.);
#7392=ORIENTED_EDGE('',*,*,#5812,.T.);
#7393=ORIENTED_EDGE('',*,*,#5890,.T.);
#7394=ORIENTED_EDGE('',*,*,#5806,.T.);
#7395=ORIENTED_EDGE('',*,*,#5891,.F.);
#7396=ORIENTED_EDGE('',*,*,#5892,.F.);
#7397=ORIENTED_EDGE('',*,*,#5893,.F.);
#7398=ORIENTED_EDGE('',*,*,#5894,.F.);
#7399=ORIENTED_EDGE('',*,*,#5895,.F.);
#7400=ORIENTED_EDGE('',*,*,#5807,.T.);
#7401=ORIENTED_EDGE('',*,*,#5896,.F.);
#7402=ORIENTED_EDGE('',*,*,#5810,.T.);
#7403=ORIENTED_EDGE('',*,*,#5809,.T.);
#7404=ORIENTED_EDGE('',*,*,#5808,.T.);
#7405=ORIENTED_EDGE('',*,*,#5897,.T.);
#7406=ORIENTED_EDGE('',*,*,#5811,.F.);
#7407=ORIENTED_EDGE('',*,*,#5898,.T.);
#7408=ORIENTED_EDGE('',*,*,#5899,.T.);
#7409=ORIENTED_EDGE('',*,*,#5900,.F.);
#7410=ORIENTED_EDGE('',*,*,#5901,.T.);
#7411=ORIENTED_EDGE('',*,*,#5797,.F.);
#7412=ORIENTED_EDGE('',*,*,#5804,.T.);
#7413=ORIENTED_EDGE('',*,*,#5902,.T.);
#7414=ORIENTED_EDGE('',*,*,#5798,.T.);
#7415=ORIENTED_EDGE('',*,*,#5903,.F.);
#7416=ORIENTED_EDGE('',*,*,#5904,.F.);
#7417=ORIENTED_EDGE('',*,*,#5905,.F.);
#7418=ORIENTED_EDGE('',*,*,#5906,.F.);
#7419=ORIENTED_EDGE('',*,*,#5907,.F.);
#7420=ORIENTED_EDGE('',*,*,#5799,.T.);
#7421=ORIENTED_EDGE('',*,*,#5908,.F.);
#7422=ORIENTED_EDGE('',*,*,#5802,.T.);
#7423=ORIENTED_EDGE('',*,*,#5801,.T.);
#7424=ORIENTED_EDGE('',*,*,#5800,.T.);
#7425=ORIENTED_EDGE('',*,*,#5909,.T.);
#7426=ORIENTED_EDGE('',*,*,#5803,.F.);
#7427=ORIENTED_EDGE('',*,*,#5910,.T.);
#7428=ORIENTED_EDGE('',*,*,#5911,.T.);
#7429=ORIENTED_EDGE('',*,*,#5912,.F.);
#7430=ORIENTED_EDGE('',*,*,#5913,.T.);
#7431=ORIENTED_EDGE('',*,*,#5789,.F.);
#7432=ORIENTED_EDGE('',*,*,#5796,.T.);
#7433=ORIENTED_EDGE('',*,*,#5914,.T.);
#7434=ORIENTED_EDGE('',*,*,#5790,.T.);
#7435=ORIENTED_EDGE('',*,*,#5915,.F.);
#7436=ORIENTED_EDGE('',*,*,#5916,.F.);
#7437=ORIENTED_EDGE('',*,*,#5917,.F.);
#7438=ORIENTED_EDGE('',*,*,#5918,.F.);
#7439=ORIENTED_EDGE('',*,*,#5919,.F.);
#7440=ORIENTED_EDGE('',*,*,#5791,.T.);
#7441=ORIENTED_EDGE('',*,*,#5920,.F.);
#7442=ORIENTED_EDGE('',*,*,#5794,.T.);
#7443=ORIENTED_EDGE('',*,*,#5793,.T.);
#7444=ORIENTED_EDGE('',*,*,#5792,.T.);
#7445=ORIENTED_EDGE('',*,*,#5921,.T.);
#7446=ORIENTED_EDGE('',*,*,#5795,.F.);
#7447=ORIENTED_EDGE('',*,*,#5922,.T.);
#7448=ORIENTED_EDGE('',*,*,#5923,.T.);
#7449=ORIENTED_EDGE('',*,*,#5924,.F.);
#7450=ORIENTED_EDGE('',*,*,#5925,.T.);
#7451=ORIENTED_EDGE('',*,*,#5926,.F.);
#7452=ORIENTED_EDGE('',*,*,#5848,.T.);
#7453=ORIENTED_EDGE('',*,*,#5927,.T.);
#7454=ORIENTED_EDGE('',*,*,#5928,.F.);
#7455=ORIENTED_EDGE('',*,*,#5850,.T.);
#7456=ORIENTED_EDGE('',*,*,#5929,.T.);
#7457=ORIENTED_EDGE('',*,*,#5930,.F.);
#7458=ORIENTED_EDGE('',*,*,#5931,.T.);
#7459=ORIENTED_EDGE('',*,*,#5932,.T.);
#7460=ORIENTED_EDGE('',*,*,#5933,.F.);
#7461=ORIENTED_EDGE('',*,*,#5934,.F.);
#7462=ORIENTED_EDGE('',*,*,#5927,.F.);
#7463=ORIENTED_EDGE('',*,*,#5929,.F.);
#7464=ORIENTED_EDGE('',*,*,#5852,.T.);
#7465=ORIENTED_EDGE('',*,*,#5935,.T.);
#7466=ORIENTED_EDGE('',*,*,#5936,.F.);
#7467=ORIENTED_EDGE('',*,*,#5853,.T.);
#7468=ORIENTED_EDGE('',*,*,#5926,.T.);
#7469=ORIENTED_EDGE('',*,*,#5937,.F.);
#7470=ORIENTED_EDGE('',*,*,#5938,.F.);
#7471=ORIENTED_EDGE('',*,*,#5939,.F.);
#7472=ORIENTED_EDGE('',*,*,#5940,.T.);
#7473=ORIENTED_EDGE('',*,*,#5941,.F.);
#7474=ORIENTED_EDGE('',*,*,#5935,.F.);
#7475=ORIENTED_EDGE('',*,*,#5942,.F.);
#7476=ORIENTED_EDGE('',*,*,#5856,.T.);
#7477=ORIENTED_EDGE('',*,*,#5943,.T.);
#7478=ORIENTED_EDGE('',*,*,#5944,.F.);
#7479=ORIENTED_EDGE('',*,*,#5858,.T.);
#7480=ORIENTED_EDGE('',*,*,#5945,.T.);
#7481=ORIENTED_EDGE('',*,*,#5946,.F.);
#7482=ORIENTED_EDGE('',*,*,#5947,.T.);
#7483=ORIENTED_EDGE('',*,*,#5948,.T.);
#7484=ORIENTED_EDGE('',*,*,#5949,.F.);
#7485=ORIENTED_EDGE('',*,*,#5950,.F.);
#7486=ORIENTED_EDGE('',*,*,#5943,.F.);
#7487=ORIENTED_EDGE('',*,*,#5945,.F.);
#7488=ORIENTED_EDGE('',*,*,#5860,.T.);
#7489=ORIENTED_EDGE('',*,*,#5951,.T.);
#7490=ORIENTED_EDGE('',*,*,#5952,.F.);
#7491=ORIENTED_EDGE('',*,*,#5861,.T.);
#7492=ORIENTED_EDGE('',*,*,#5942,.T.);
#7493=ORIENTED_EDGE('',*,*,#5953,.F.);
#7494=ORIENTED_EDGE('',*,*,#5954,.F.);
#7495=ORIENTED_EDGE('',*,*,#5955,.F.);
#7496=ORIENTED_EDGE('',*,*,#5956,.T.);
#7497=ORIENTED_EDGE('',*,*,#5957,.F.);
#7498=ORIENTED_EDGE('',*,*,#5951,.F.);
#7499=ORIENTED_EDGE('',*,*,#5958,.F.);
#7500=ORIENTED_EDGE('',*,*,#5864,.T.);
#7501=ORIENTED_EDGE('',*,*,#5959,.T.);
#7502=ORIENTED_EDGE('',*,*,#5960,.F.);
#7503=ORIENTED_EDGE('',*,*,#5866,.T.);
#7504=ORIENTED_EDGE('',*,*,#5961,.T.);
#7505=ORIENTED_EDGE('',*,*,#5962,.F.);
#7506=ORIENTED_EDGE('',*,*,#5963,.T.);
#7507=ORIENTED_EDGE('',*,*,#5964,.T.);
#7508=ORIENTED_EDGE('',*,*,#5965,.F.);
#7509=ORIENTED_EDGE('',*,*,#5966,.F.);
#7510=ORIENTED_EDGE('',*,*,#5959,.F.);
#7511=ORIENTED_EDGE('',*,*,#5961,.F.);
#7512=ORIENTED_EDGE('',*,*,#5868,.T.);
#7513=ORIENTED_EDGE('',*,*,#5967,.T.);
#7514=ORIENTED_EDGE('',*,*,#5968,.F.);
#7515=ORIENTED_EDGE('',*,*,#5869,.T.);
#7516=ORIENTED_EDGE('',*,*,#5958,.T.);
#7517=ORIENTED_EDGE('',*,*,#5969,.F.);
#7518=ORIENTED_EDGE('',*,*,#5970,.F.);
#7519=ORIENTED_EDGE('',*,*,#5971,.F.);
#7520=ORIENTED_EDGE('',*,*,#5972,.T.);
#7521=ORIENTED_EDGE('',*,*,#5973,.F.);
#7522=ORIENTED_EDGE('',*,*,#5967,.F.);
#7523=ORIENTED_EDGE('',*,*,#5974,.F.);
#7524=ORIENTED_EDGE('',*,*,#5872,.T.);
#7525=ORIENTED_EDGE('',*,*,#5975,.T.);
#7526=ORIENTED_EDGE('',*,*,#5976,.F.);
#7527=ORIENTED_EDGE('',*,*,#5874,.T.);
#7528=ORIENTED_EDGE('',*,*,#5977,.T.);
#7529=ORIENTED_EDGE('',*,*,#5978,.F.);
#7530=ORIENTED_EDGE('',*,*,#5979,.T.);
#7531=ORIENTED_EDGE('',*,*,#5980,.T.);
#7532=ORIENTED_EDGE('',*,*,#5981,.F.);
#7533=ORIENTED_EDGE('',*,*,#5982,.F.);
#7534=ORIENTED_EDGE('',*,*,#5975,.F.);
#7535=ORIENTED_EDGE('',*,*,#5977,.F.);
#7536=ORIENTED_EDGE('',*,*,#5876,.T.);
#7537=ORIENTED_EDGE('',*,*,#5983,.T.);
#7538=ORIENTED_EDGE('',*,*,#5984,.F.);
#7539=ORIENTED_EDGE('',*,*,#5877,.T.);
#7540=ORIENTED_EDGE('',*,*,#5974,.T.);
#7541=ORIENTED_EDGE('',*,*,#5985,.F.);
#7542=ORIENTED_EDGE('',*,*,#5986,.F.);
#7543=ORIENTED_EDGE('',*,*,#5987,.F.);
#7544=ORIENTED_EDGE('',*,*,#5988,.T.);
#7545=ORIENTED_EDGE('',*,*,#5989,.F.);
#7546=ORIENTED_EDGE('',*,*,#5983,.F.);
#7547=ORIENTED_EDGE('',*,*,#5990,.T.);
#7548=ORIENTED_EDGE('',*,*,#5879,.T.);
#7549=ORIENTED_EDGE('',*,*,#5878,.F.);
#7550=ORIENTED_EDGE('',*,*,#5885,.F.);
#7551=ORIENTED_EDGE('',*,*,#5991,.T.);
#7552=ORIENTED_EDGE('',*,*,#5880,.T.);
#7553=ORIENTED_EDGE('',*,*,#5990,.F.);
#7554=ORIENTED_EDGE('',*,*,#5889,.F.);
#7555=ORIENTED_EDGE('',*,*,#5992,.T.);
#7556=ORIENTED_EDGE('',*,*,#5881,.T.);
#7557=ORIENTED_EDGE('',*,*,#5991,.F.);
#7558=ORIENTED_EDGE('',*,*,#5888,.T.);
#7559=ORIENTED_EDGE('',*,*,#5993,.T.);
#7560=ORIENTED_EDGE('',*,*,#5882,.T.);
#7561=ORIENTED_EDGE('',*,*,#5992,.F.);
#7562=ORIENTED_EDGE('',*,*,#5887,.F.);
#7563=ORIENTED_EDGE('',*,*,#5884,.T.);
#7564=ORIENTED_EDGE('',*,*,#5883,.T.);
#7565=ORIENTED_EDGE('',*,*,#5993,.F.);
#7566=ORIENTED_EDGE('',*,*,#5886,.F.);
#7567=ORIENTED_EDGE('',*,*,#5994,.T.);
#7568=ORIENTED_EDGE('',*,*,#5891,.T.);
#7569=ORIENTED_EDGE('',*,*,#5890,.F.);
#7570=ORIENTED_EDGE('',*,*,#5897,.F.);
#7571=ORIENTED_EDGE('',*,*,#5995,.T.);
#7572=ORIENTED_EDGE('',*,*,#5892,.T.);
#7573=ORIENTED_EDGE('',*,*,#5994,.F.);
#7574=ORIENTED_EDGE('',*,*,#5901,.F.);
#7575=ORIENTED_EDGE('',*,*,#5996,.T.);
#7576=ORIENTED_EDGE('',*,*,#5893,.T.);
#7577=ORIENTED_EDGE('',*,*,#5995,.F.);
#7578=ORIENTED_EDGE('',*,*,#5900,.T.);
#7579=ORIENTED_EDGE('',*,*,#5997,.T.);
#7580=ORIENTED_EDGE('',*,*,#5894,.T.);
#7581=ORIENTED_EDGE('',*,*,#5996,.F.);
#7582=ORIENTED_EDGE('',*,*,#5899,.F.);
#7583=ORIENTED_EDGE('',*,*,#5896,.T.);
#7584=ORIENTED_EDGE('',*,*,#5895,.T.);
#7585=ORIENTED_EDGE('',*,*,#5997,.F.);
#7586=ORIENTED_EDGE('',*,*,#5898,.F.);
#7587=ORIENTED_EDGE('',*,*,#5998,.T.);
#7588=ORIENTED_EDGE('',*,*,#5903,.T.);
#7589=ORIENTED_EDGE('',*,*,#5902,.F.);
#7590=ORIENTED_EDGE('',*,*,#5909,.F.);
#7591=ORIENTED_EDGE('',*,*,#5999,.T.);
#7592=ORIENTED_EDGE('',*,*,#5904,.T.);
#7593=ORIENTED_EDGE('',*,*,#5998,.F.);
#7594=ORIENTED_EDGE('',*,*,#5913,.F.);
#7595=ORIENTED_EDGE('',*,*,#6000,.T.);
#7596=ORIENTED_EDGE('',*,*,#5905,.T.);
#7597=ORIENTED_EDGE('',*,*,#5999,.F.);
#7598=ORIENTED_EDGE('',*,*,#5912,.T.);
#7599=ORIENTED_EDGE('',*,*,#6001,.T.);
#7600=ORIENTED_EDGE('',*,*,#5906,.T.);
#7601=ORIENTED_EDGE('',*,*,#6000,.F.);
#7602=ORIENTED_EDGE('',*,*,#5911,.F.);
#7603=ORIENTED_EDGE('',*,*,#5908,.T.);
#7604=ORIENTED_EDGE('',*,*,#5907,.T.);
#7605=ORIENTED_EDGE('',*,*,#6001,.F.);
#7606=ORIENTED_EDGE('',*,*,#5910,.F.);
#7607=ORIENTED_EDGE('',*,*,#6002,.T.);
#7608=ORIENTED_EDGE('',*,*,#5915,.T.);
#7609=ORIENTED_EDGE('',*,*,#5914,.F.);
#7610=ORIENTED_EDGE('',*,*,#5921,.F.);
#7611=ORIENTED_EDGE('',*,*,#6003,.T.);
#7612=ORIENTED_EDGE('',*,*,#5916,.T.);
#7613=ORIENTED_EDGE('',*,*,#6002,.F.);
#7614=ORIENTED_EDGE('',*,*,#5925,.F.);
#7615=ORIENTED_EDGE('',*,*,#6004,.T.);
#7616=ORIENTED_EDGE('',*,*,#5917,.T.);
#7617=ORIENTED_EDGE('',*,*,#6003,.F.);
#7618=ORIENTED_EDGE('',*,*,#5924,.T.);
#7619=ORIENTED_EDGE('',*,*,#6005,.T.);
#7620=ORIENTED_EDGE('',*,*,#5918,.T.);
#7621=ORIENTED_EDGE('',*,*,#6004,.F.);
#7622=ORIENTED_EDGE('',*,*,#5923,.F.);
#7623=ORIENTED_EDGE('',*,*,#5920,.T.);
#7624=ORIENTED_EDGE('',*,*,#5919,.T.);
#7625=ORIENTED_EDGE('',*,*,#6005,.F.);
#7626=ORIENTED_EDGE('',*,*,#5922,.F.);
#7627=ORIENTED_EDGE('',*,*,#5937,.T.);
#7628=ORIENTED_EDGE('',*,*,#5928,.T.);
#7629=ORIENTED_EDGE('',*,*,#5934,.T.);
#7630=ORIENTED_EDGE('',*,*,#6006,.T.);
#7631=ORIENTED_EDGE('',*,*,#5941,.T.);
#7632=ORIENTED_EDGE('',*,*,#6007,.F.);
#7633=ORIENTED_EDGE('',*,*,#5930,.T.);
#7634=ORIENTED_EDGE('',*,*,#5936,.T.);
#7635=ORIENTED_EDGE('',*,*,#5940,.F.);
#7636=ORIENTED_EDGE('',*,*,#6008,.T.);
#7637=ORIENTED_EDGE('',*,*,#6009,.T.);
#7638=ORIENTED_EDGE('',*,*,#6010,.T.);
#7639=ORIENTED_EDGE('',*,*,#6011,.T.);
#7640=ORIENTED_EDGE('',*,*,#6012,.T.);
#7641=ORIENTED_EDGE('',*,*,#5931,.F.);
#7642=ORIENTED_EDGE('',*,*,#6007,.T.);
#7643=ORIENTED_EDGE('',*,*,#6013,.T.);
#7644=ORIENTED_EDGE('',*,*,#6014,.T.);
#7645=ORIENTED_EDGE('',*,*,#5932,.F.);
#7646=ORIENTED_EDGE('',*,*,#6012,.F.);
#7647=ORIENTED_EDGE('',*,*,#5938,.T.);
#7648=ORIENTED_EDGE('',*,*,#6006,.F.);
#7649=ORIENTED_EDGE('',*,*,#5933,.T.);
#7650=ORIENTED_EDGE('',*,*,#6014,.F.);
#7651=ORIENTED_EDGE('',*,*,#6015,.F.);
#7652=ORIENTED_EDGE('',*,*,#6016,.F.);
#7653=ORIENTED_EDGE('',*,*,#6017,.F.);
#7654=ORIENTED_EDGE('',*,*,#6018,.F.);
#7655=ORIENTED_EDGE('',*,*,#5939,.T.);
#7656=ORIENTED_EDGE('',*,*,#6018,.T.);
#7657=ORIENTED_EDGE('',*,*,#6019,.F.);
#7658=ORIENTED_EDGE('',*,*,#6008,.F.);
#7659=ORIENTED_EDGE('',*,*,#5953,.T.);
#7660=ORIENTED_EDGE('',*,*,#5944,.T.);
#7661=ORIENTED_EDGE('',*,*,#5950,.T.);
#7662=ORIENTED_EDGE('',*,*,#6020,.T.);
#7663=ORIENTED_EDGE('',*,*,#5957,.T.);
#7664=ORIENTED_EDGE('',*,*,#6021,.F.);
#7665=ORIENTED_EDGE('',*,*,#5946,.T.);
#7666=ORIENTED_EDGE('',*,*,#5952,.T.);
#7667=ORIENTED_EDGE('',*,*,#5956,.F.);
#7668=ORIENTED_EDGE('',*,*,#6022,.T.);
#7669=ORIENTED_EDGE('',*,*,#6023,.T.);
#7670=ORIENTED_EDGE('',*,*,#6024,.T.);
#7671=ORIENTED_EDGE('',*,*,#6025,.T.);
#7672=ORIENTED_EDGE('',*,*,#6026,.T.);
#7673=ORIENTED_EDGE('',*,*,#5947,.F.);
#7674=ORIENTED_EDGE('',*,*,#6021,.T.);
#7675=ORIENTED_EDGE('',*,*,#6027,.T.);
#7676=ORIENTED_EDGE('',*,*,#6028,.T.);
#7677=ORIENTED_EDGE('',*,*,#5948,.F.);
#7678=ORIENTED_EDGE('',*,*,#6026,.F.);
#7679=ORIENTED_EDGE('',*,*,#5954,.T.);
#7680=ORIENTED_EDGE('',*,*,#6020,.F.);
#7681=ORIENTED_EDGE('',*,*,#5949,.T.);
#7682=ORIENTED_EDGE('',*,*,#6028,.F.);
#7683=ORIENTED_EDGE('',*,*,#6029,.F.);
#7684=ORIENTED_EDGE('',*,*,#6030,.F.);
#7685=ORIENTED_EDGE('',*,*,#6031,.F.);
#7686=ORIENTED_EDGE('',*,*,#6032,.F.);
#7687=ORIENTED_EDGE('',*,*,#5955,.T.);
#7688=ORIENTED_EDGE('',*,*,#6032,.T.);
#7689=ORIENTED_EDGE('',*,*,#6033,.F.);
#7690=ORIENTED_EDGE('',*,*,#6022,.F.);
#7691=ORIENTED_EDGE('',*,*,#5969,.T.);
#7692=ORIENTED_EDGE('',*,*,#5960,.T.);
#7693=ORIENTED_EDGE('',*,*,#5966,.T.);
#7694=ORIENTED_EDGE('',*,*,#6034,.T.);
#7695=ORIENTED_EDGE('',*,*,#5973,.T.);
#7696=ORIENTED_EDGE('',*,*,#6035,.F.);
#7697=ORIENTED_EDGE('',*,*,#5962,.T.);
#7698=ORIENTED_EDGE('',*,*,#5968,.T.);
#7699=ORIENTED_EDGE('',*,*,#5972,.F.);
#7700=ORIENTED_EDGE('',*,*,#6036,.T.);
#7701=ORIENTED_EDGE('',*,*,#6037,.T.);
#7702=ORIENTED_EDGE('',*,*,#6038,.T.);
#7703=ORIENTED_EDGE('',*,*,#6039,.T.);
#7704=ORIENTED_EDGE('',*,*,#6040,.T.);
#7705=ORIENTED_EDGE('',*,*,#5963,.F.);
#7706=ORIENTED_EDGE('',*,*,#6035,.T.);
#7707=ORIENTED_EDGE('',*,*,#6041,.T.);
#7708=ORIENTED_EDGE('',*,*,#6042,.T.);
#7709=ORIENTED_EDGE('',*,*,#5964,.F.);
#7710=ORIENTED_EDGE('',*,*,#6040,.F.);
#7711=ORIENTED_EDGE('',*,*,#5970,.T.);
#7712=ORIENTED_EDGE('',*,*,#6034,.F.);
#7713=ORIENTED_EDGE('',*,*,#5965,.T.);
#7714=ORIENTED_EDGE('',*,*,#6042,.F.);
#7715=ORIENTED_EDGE('',*,*,#6043,.F.);
#7716=ORIENTED_EDGE('',*,*,#6044,.F.);
#7717=ORIENTED_EDGE('',*,*,#6045,.F.);
#7718=ORIENTED_EDGE('',*,*,#6046,.F.);
#7719=ORIENTED_EDGE('',*,*,#5971,.T.);
#7720=ORIENTED_EDGE('',*,*,#6046,.T.);
#7721=ORIENTED_EDGE('',*,*,#6047,.F.);
#7722=ORIENTED_EDGE('',*,*,#6036,.F.);
#7723=ORIENTED_EDGE('',*,*,#5985,.T.);
#7724=ORIENTED_EDGE('',*,*,#5976,.T.);
#7725=ORIENTED_EDGE('',*,*,#5982,.T.);
#7726=ORIENTED_EDGE('',*,*,#6048,.T.);
#7727=ORIENTED_EDGE('',*,*,#5989,.T.);
#7728=ORIENTED_EDGE('',*,*,#6049,.F.);
#7729=ORIENTED_EDGE('',*,*,#5978,.T.);
#7730=ORIENTED_EDGE('',*,*,#5984,.T.);
#7731=ORIENTED_EDGE('',*,*,#5988,.F.);
#7732=ORIENTED_EDGE('',*,*,#6050,.T.);
#7733=ORIENTED_EDGE('',*,*,#6051,.T.);
#7734=ORIENTED_EDGE('',*,*,#6052,.T.);
#7735=ORIENTED_EDGE('',*,*,#6053,.T.);
#7736=ORIENTED_EDGE('',*,*,#6054,.T.);
#7737=ORIENTED_EDGE('',*,*,#5979,.F.);
#7738=ORIENTED_EDGE('',*,*,#6049,.T.);
#7739=ORIENTED_EDGE('',*,*,#6055,.T.);
#7740=ORIENTED_EDGE('',*,*,#6056,.T.);
#7741=ORIENTED_EDGE('',*,*,#5980,.F.);
#7742=ORIENTED_EDGE('',*,*,#6054,.F.);
#7743=ORIENTED_EDGE('',*,*,#5986,.T.);
#7744=ORIENTED_EDGE('',*,*,#6048,.F.);
#7745=ORIENTED_EDGE('',*,*,#5981,.T.);
#7746=ORIENTED_EDGE('',*,*,#6056,.F.);
#7747=ORIENTED_EDGE('',*,*,#6057,.F.);
#7748=ORIENTED_EDGE('',*,*,#6058,.F.);
#7749=ORIENTED_EDGE('',*,*,#6059,.F.);
#7750=ORIENTED_EDGE('',*,*,#6060,.F.);
#7751=ORIENTED_EDGE('',*,*,#5987,.T.);
#7752=ORIENTED_EDGE('',*,*,#6060,.T.);
#7753=ORIENTED_EDGE('',*,*,#6061,.F.);
#7754=ORIENTED_EDGE('',*,*,#6050,.F.);
#7755=ORIENTED_EDGE('',*,*,#6062,.T.);
#7756=ORIENTED_EDGE('',*,*,#6015,.T.);
#7757=ORIENTED_EDGE('',*,*,#6013,.F.);
#7758=ORIENTED_EDGE('',*,*,#6011,.F.);
#7759=ORIENTED_EDGE('',*,*,#6063,.T.);
#7760=ORIENTED_EDGE('',*,*,#6016,.T.);
#7761=ORIENTED_EDGE('',*,*,#6062,.F.);
#7762=ORIENTED_EDGE('',*,*,#6010,.F.);
#7763=ORIENTED_EDGE('',*,*,#6019,.T.);
#7764=ORIENTED_EDGE('',*,*,#6017,.T.);
#7765=ORIENTED_EDGE('',*,*,#6063,.F.);
#7766=ORIENTED_EDGE('',*,*,#6009,.F.);
#7767=ORIENTED_EDGE('',*,*,#6064,.T.);
#7768=ORIENTED_EDGE('',*,*,#6029,.T.);
#7769=ORIENTED_EDGE('',*,*,#6027,.F.);
#7770=ORIENTED_EDGE('',*,*,#6025,.F.);
#7771=ORIENTED_EDGE('',*,*,#6065,.T.);
#7772=ORIENTED_EDGE('',*,*,#6030,.T.);
#7773=ORIENTED_EDGE('',*,*,#6064,.F.);
#7774=ORIENTED_EDGE('',*,*,#6024,.F.);
#7775=ORIENTED_EDGE('',*,*,#6033,.T.);
#7776=ORIENTED_EDGE('',*,*,#6031,.T.);
#7777=ORIENTED_EDGE('',*,*,#6065,.F.);
#7778=ORIENTED_EDGE('',*,*,#6023,.F.);
#7779=ORIENTED_EDGE('',*,*,#6066,.T.);
#7780=ORIENTED_EDGE('',*,*,#6043,.T.);
#7781=ORIENTED_EDGE('',*,*,#6041,.F.);
#7782=ORIENTED_EDGE('',*,*,#6039,.F.);
#7783=ORIENTED_EDGE('',*,*,#6067,.T.);
#7784=ORIENTED_EDGE('',*,*,#6044,.T.);
#7785=ORIENTED_EDGE('',*,*,#6066,.F.);
#7786=ORIENTED_EDGE('',*,*,#6038,.F.);
#7787=ORIENTED_EDGE('',*,*,#6047,.T.);
#7788=ORIENTED_EDGE('',*,*,#6045,.T.);
#7789=ORIENTED_EDGE('',*,*,#6067,.F.);
#7790=ORIENTED_EDGE('',*,*,#6037,.F.);
#7791=ORIENTED_EDGE('',*,*,#6068,.T.);
#7792=ORIENTED_EDGE('',*,*,#6057,.T.);
#7793=ORIENTED_EDGE('',*,*,#6055,.F.);
#7794=ORIENTED_EDGE('',*,*,#6053,.F.);
#7795=ORIENTED_EDGE('',*,*,#6069,.T.);
#7796=ORIENTED_EDGE('',*,*,#6058,.T.);
#7797=ORIENTED_EDGE('',*,*,#6068,.F.);
#7798=ORIENTED_EDGE('',*,*,#6052,.F.);
#7799=ORIENTED_EDGE('',*,*,#6061,.T.);
#7800=ORIENTED_EDGE('',*,*,#6059,.T.);
#7801=ORIENTED_EDGE('',*,*,#6069,.F.);
#7802=ORIENTED_EDGE('',*,*,#6051,.F.);
#7803=ORIENTED_EDGE('',*,*,#6070,.T.);
#7804=ORIENTED_EDGE('',*,*,#6071,.T.);
#7805=ORIENTED_EDGE('',*,*,#6072,.F.);
#7806=ORIENTED_EDGE('',*,*,#6073,.F.);
#7807=ORIENTED_EDGE('',*,*,#6074,.T.);
#7808=ORIENTED_EDGE('',*,*,#6075,.T.);
#7809=ORIENTED_EDGE('',*,*,#6070,.F.);
#7810=ORIENTED_EDGE('',*,*,#6076,.F.);
#7811=ORIENTED_EDGE('',*,*,#6072,.T.);
#7812=ORIENTED_EDGE('',*,*,#6077,.T.);
#7813=ORIENTED_EDGE('',*,*,#6078,.F.);
#7814=ORIENTED_EDGE('',*,*,#6079,.F.);
#7815=ORIENTED_EDGE('',*,*,#6073,.T.);
#7816=ORIENTED_EDGE('',*,*,#6079,.T.);
#7817=ORIENTED_EDGE('',*,*,#6080,.T.);
#7818=ORIENTED_EDGE('',*,*,#6081,.T.);
#7819=ORIENTED_EDGE('',*,*,#6082,.T.);
#7820=ORIENTED_EDGE('',*,*,#6083,.T.);
#7821=ORIENTED_EDGE('',*,*,#6084,.T.);
#7822=ORIENTED_EDGE('',*,*,#6076,.T.);
#7823=ORIENTED_EDGE('',*,*,#6085,.F.);
#7824=ORIENTED_EDGE('',*,*,#6086,.F.);
#7825=ORIENTED_EDGE('',*,*,#6087,.F.);
#7826=ORIENTED_EDGE('',*,*,#6088,.F.);
#7827=ORIENTED_EDGE('',*,*,#6089,.F.);
#7828=ORIENTED_EDGE('',*,*,#6090,.F.);
#7829=ORIENTED_EDGE('',*,*,#6091,.F.);
#7830=ORIENTED_EDGE('',*,*,#6092,.F.);
#7831=ORIENTED_EDGE('',*,*,#6093,.F.);
#7832=ORIENTED_EDGE('',*,*,#6094,.F.);
#7833=ORIENTED_EDGE('',*,*,#6095,.F.);
#7834=ORIENTED_EDGE('',*,*,#6096,.F.);
#7835=ORIENTED_EDGE('',*,*,#6097,.F.);
#7836=ORIENTED_EDGE('',*,*,#6098,.F.);
#7837=ORIENTED_EDGE('',*,*,#6099,.F.);
#7838=ORIENTED_EDGE('',*,*,#6100,.F.);
#7839=ORIENTED_EDGE('',*,*,#6101,.F.);
#7840=ORIENTED_EDGE('',*,*,#6102,.F.);
#7841=ORIENTED_EDGE('',*,*,#6103,.F.);
#7842=ORIENTED_EDGE('',*,*,#6104,.F.);
#7843=ORIENTED_EDGE('',*,*,#6105,.F.);
#7844=ORIENTED_EDGE('',*,*,#6106,.F.);
#7845=ORIENTED_EDGE('',*,*,#6107,.F.);
#7846=ORIENTED_EDGE('',*,*,#6108,.F.);
#7847=ORIENTED_EDGE('',*,*,#6109,.F.);
#7848=ORIENTED_EDGE('',*,*,#6110,.F.);
#7849=ORIENTED_EDGE('',*,*,#6111,.F.);
#7850=ORIENTED_EDGE('',*,*,#6112,.F.);
#7851=ORIENTED_EDGE('',*,*,#6113,.F.);
#7852=ORIENTED_EDGE('',*,*,#6114,.F.);
#7853=ORIENTED_EDGE('',*,*,#6115,.F.);
#7854=ORIENTED_EDGE('',*,*,#6116,.F.);
#7855=ORIENTED_EDGE('',*,*,#6117,.F.);
#7856=ORIENTED_EDGE('',*,*,#6118,.F.);
#7857=ORIENTED_EDGE('',*,*,#6119,.F.);
#7858=ORIENTED_EDGE('',*,*,#6120,.F.);
#7859=ORIENTED_EDGE('',*,*,#6121,.F.);
#7860=ORIENTED_EDGE('',*,*,#6122,.F.);
#7861=ORIENTED_EDGE('',*,*,#6123,.F.);
#7862=ORIENTED_EDGE('',*,*,#6124,.F.);
#7863=ORIENTED_EDGE('',*,*,#6125,.F.);
#7864=ORIENTED_EDGE('',*,*,#6126,.F.);
#7865=ORIENTED_EDGE('',*,*,#6127,.F.);
#7866=ORIENTED_EDGE('',*,*,#6128,.F.);
#7867=ORIENTED_EDGE('',*,*,#6129,.F.);
#7868=ORIENTED_EDGE('',*,*,#6130,.F.);
#7869=ORIENTED_EDGE('',*,*,#6131,.F.);
#7870=ORIENTED_EDGE('',*,*,#6132,.F.);
#7871=ORIENTED_EDGE('',*,*,#6133,.F.);
#7872=ORIENTED_EDGE('',*,*,#6134,.F.);
#7873=ORIENTED_EDGE('',*,*,#6135,.F.);
#7874=ORIENTED_EDGE('',*,*,#6136,.F.);
#7875=ORIENTED_EDGE('',*,*,#6137,.F.);
#7876=ORIENTED_EDGE('',*,*,#6138,.F.);
#7877=ORIENTED_EDGE('',*,*,#6139,.F.);
#7878=ORIENTED_EDGE('',*,*,#6140,.F.);
#7879=ORIENTED_EDGE('',*,*,#6141,.F.);
#7880=ORIENTED_EDGE('',*,*,#6142,.F.);
#7881=ORIENTED_EDGE('',*,*,#6143,.F.);
#7882=ORIENTED_EDGE('',*,*,#6144,.F.);
#7883=ORIENTED_EDGE('',*,*,#6145,.F.);
#7884=ORIENTED_EDGE('',*,*,#6146,.F.);
#7885=ORIENTED_EDGE('',*,*,#6147,.F.);
#7886=ORIENTED_EDGE('',*,*,#6148,.F.);
#7887=ORIENTED_EDGE('',*,*,#6149,.F.);
#7888=ORIENTED_EDGE('',*,*,#6150,.F.);
#7889=ORIENTED_EDGE('',*,*,#6151,.F.);
#7890=ORIENTED_EDGE('',*,*,#6152,.F.);
#7891=ORIENTED_EDGE('',*,*,#6153,.F.);
#7892=ORIENTED_EDGE('',*,*,#6154,.F.);
#7893=ORIENTED_EDGE('',*,*,#6155,.F.);
#7894=ORIENTED_EDGE('',*,*,#6156,.F.);
#7895=ORIENTED_EDGE('',*,*,#6157,.F.);
#7896=ORIENTED_EDGE('',*,*,#6158,.F.);
#7897=ORIENTED_EDGE('',*,*,#6159,.F.);
#7898=ORIENTED_EDGE('',*,*,#6160,.F.);
#7899=ORIENTED_EDGE('',*,*,#6161,.F.);
#7900=ORIENTED_EDGE('',*,*,#6162,.F.);
#7901=ORIENTED_EDGE('',*,*,#6163,.F.);
#7902=ORIENTED_EDGE('',*,*,#6164,.F.);
#7903=ORIENTED_EDGE('',*,*,#6165,.F.);
#7904=ORIENTED_EDGE('',*,*,#6166,.F.);
#7905=ORIENTED_EDGE('',*,*,#6167,.F.);
#7906=ORIENTED_EDGE('',*,*,#6168,.F.);
#7907=ORIENTED_EDGE('',*,*,#6169,.F.);
#7908=ORIENTED_EDGE('',*,*,#6170,.F.);
#7909=ORIENTED_EDGE('',*,*,#6171,.F.);
#7910=ORIENTED_EDGE('',*,*,#6172,.F.);
#7911=ORIENTED_EDGE('',*,*,#6173,.F.);
#7912=ORIENTED_EDGE('',*,*,#6174,.F.);
#7913=ORIENTED_EDGE('',*,*,#6175,.F.);
#7914=ORIENTED_EDGE('',*,*,#6071,.F.);
#7915=ORIENTED_EDGE('',*,*,#6075,.F.);
#7916=ORIENTED_EDGE('',*,*,#6176,.F.);
#7917=ORIENTED_EDGE('',*,*,#6177,.F.);
#7918=ORIENTED_EDGE('',*,*,#6178,.F.);
#7919=ORIENTED_EDGE('',*,*,#6179,.F.);
#7920=ORIENTED_EDGE('',*,*,#6180,.F.);
#7921=ORIENTED_EDGE('',*,*,#6077,.F.);
#7922=ORIENTED_EDGE('',*,*,#6181,.T.);
#7923=ORIENTED_EDGE('',*,*,#6182,.T.);
#7924=ORIENTED_EDGE('',*,*,#6183,.T.);
#7925=ORIENTED_EDGE('',*,*,#6184,.T.);
#7926=ORIENTED_EDGE('',*,*,#6185,.T.);
#7927=ORIENTED_EDGE('',*,*,#6186,.T.);
#7928=ORIENTED_EDGE('',*,*,#6187,.T.);
#7929=ORIENTED_EDGE('',*,*,#6188,.T.);
#7930=ORIENTED_EDGE('',*,*,#6189,.T.);
#7931=ORIENTED_EDGE('',*,*,#6190,.T.);
#7932=ORIENTED_EDGE('',*,*,#6191,.T.);
#7933=ORIENTED_EDGE('',*,*,#6192,.T.);
#7934=ORIENTED_EDGE('',*,*,#6193,.T.);
#7935=ORIENTED_EDGE('',*,*,#6194,.T.);
#7936=ORIENTED_EDGE('',*,*,#6195,.T.);
#7937=ORIENTED_EDGE('',*,*,#6196,.T.);
#7938=ORIENTED_EDGE('',*,*,#6197,.T.);
#7939=ORIENTED_EDGE('',*,*,#6198,.T.);
#7940=ORIENTED_EDGE('',*,*,#6199,.T.);
#7941=ORIENTED_EDGE('',*,*,#6200,.T.);
#7942=ORIENTED_EDGE('',*,*,#6201,.T.);
#7943=ORIENTED_EDGE('',*,*,#6202,.T.);
#7944=ORIENTED_EDGE('',*,*,#6203,.T.);
#7945=ORIENTED_EDGE('',*,*,#6204,.T.);
#7946=ORIENTED_EDGE('',*,*,#6205,.T.);
#7947=ORIENTED_EDGE('',*,*,#6206,.T.);
#7948=ORIENTED_EDGE('',*,*,#6207,.T.);
#7949=ORIENTED_EDGE('',*,*,#6208,.T.);
#7950=ORIENTED_EDGE('',*,*,#6209,.T.);
#7951=ORIENTED_EDGE('',*,*,#6210,.T.);
#7952=ORIENTED_EDGE('',*,*,#6211,.T.);
#7953=ORIENTED_EDGE('',*,*,#6212,.T.);
#7954=ORIENTED_EDGE('',*,*,#6213,.T.);
#7955=ORIENTED_EDGE('',*,*,#6214,.T.);
#7956=ORIENTED_EDGE('',*,*,#6215,.T.);
#7957=ORIENTED_EDGE('',*,*,#6216,.T.);
#7958=ORIENTED_EDGE('',*,*,#6217,.T.);
#7959=ORIENTED_EDGE('',*,*,#6218,.T.);
#7960=ORIENTED_EDGE('',*,*,#6219,.T.);
#7961=ORIENTED_EDGE('',*,*,#6220,.T.);
#7962=ORIENTED_EDGE('',*,*,#6221,.T.);
#7963=ORIENTED_EDGE('',*,*,#6222,.T.);
#7964=ORIENTED_EDGE('',*,*,#6223,.T.);
#7965=ORIENTED_EDGE('',*,*,#6224,.T.);
#7966=ORIENTED_EDGE('',*,*,#6225,.T.);
#7967=ORIENTED_EDGE('',*,*,#6226,.T.);
#7968=ORIENTED_EDGE('',*,*,#6227,.T.);
#7969=ORIENTED_EDGE('',*,*,#6228,.T.);
#7970=ORIENTED_EDGE('',*,*,#6229,.T.);
#7971=ORIENTED_EDGE('',*,*,#6230,.T.);
#7972=ORIENTED_EDGE('',*,*,#6231,.T.);
#7973=ORIENTED_EDGE('',*,*,#6232,.T.);
#7974=ORIENTED_EDGE('',*,*,#6233,.T.);
#7975=ORIENTED_EDGE('',*,*,#6234,.T.);
#7976=ORIENTED_EDGE('',*,*,#6235,.T.);
#7977=ORIENTED_EDGE('',*,*,#6236,.T.);
#7978=ORIENTED_EDGE('',*,*,#6237,.T.);
#7979=ORIENTED_EDGE('',*,*,#6238,.T.);
#7980=ORIENTED_EDGE('',*,*,#6239,.T.);
#7981=ORIENTED_EDGE('',*,*,#6240,.T.);
#7982=ORIENTED_EDGE('',*,*,#6241,.T.);
#7983=ORIENTED_EDGE('',*,*,#6242,.T.);
#7984=ORIENTED_EDGE('',*,*,#6243,.T.);
#7985=ORIENTED_EDGE('',*,*,#6244,.T.);
#7986=ORIENTED_EDGE('',*,*,#6245,.T.);
#7987=ORIENTED_EDGE('',*,*,#6246,.T.);
#7988=ORIENTED_EDGE('',*,*,#6247,.T.);
#7989=ORIENTED_EDGE('',*,*,#6248,.T.);
#7990=ORIENTED_EDGE('',*,*,#6249,.T.);
#7991=ORIENTED_EDGE('',*,*,#6250,.T.);
#7992=ORIENTED_EDGE('',*,*,#6251,.T.);
#7993=ORIENTED_EDGE('',*,*,#6252,.T.);
#7994=ORIENTED_EDGE('',*,*,#6253,.T.);
#7995=ORIENTED_EDGE('',*,*,#6254,.T.);
#7996=ORIENTED_EDGE('',*,*,#6255,.T.);
#7997=ORIENTED_EDGE('',*,*,#6256,.T.);
#7998=ORIENTED_EDGE('',*,*,#6257,.T.);
#7999=ORIENTED_EDGE('',*,*,#6258,.T.);
#8000=ORIENTED_EDGE('',*,*,#6259,.T.);
#8001=ORIENTED_EDGE('',*,*,#6260,.T.);
#8002=ORIENTED_EDGE('',*,*,#6261,.T.);
#8003=ORIENTED_EDGE('',*,*,#6262,.T.);
#8004=ORIENTED_EDGE('',*,*,#6263,.T.);
#8005=ORIENTED_EDGE('',*,*,#6264,.T.);
#8006=ORIENTED_EDGE('',*,*,#6265,.T.);
#8007=ORIENTED_EDGE('',*,*,#6266,.T.);
#8008=ORIENTED_EDGE('',*,*,#6267,.T.);
#8009=ORIENTED_EDGE('',*,*,#6268,.T.);
#8010=ORIENTED_EDGE('',*,*,#6269,.T.);
#8011=ORIENTED_EDGE('',*,*,#6270,.T.);
#8012=ORIENTED_EDGE('',*,*,#6271,.T.);
#8013=ORIENTED_EDGE('',*,*,#6272,.T.);
#8014=ORIENTED_EDGE('',*,*,#6176,.T.);
#8015=ORIENTED_EDGE('',*,*,#6074,.F.);
#8016=ORIENTED_EDGE('',*,*,#6084,.F.);
#8017=ORIENTED_EDGE('',*,*,#6078,.T.);
#8018=ORIENTED_EDGE('',*,*,#6180,.T.);
#8019=ORIENTED_EDGE('',*,*,#6273,.F.);
#8020=ORIENTED_EDGE('',*,*,#6080,.F.);
#8021=ORIENTED_EDGE('',*,*,#6274,.T.);
#8022=ORIENTED_EDGE('',*,*,#6177,.T.);
#8023=ORIENTED_EDGE('',*,*,#6272,.F.);
#8024=ORIENTED_EDGE('',*,*,#6083,.F.);
#8025=ORIENTED_EDGE('',*,*,#6273,.T.);
#8026=ORIENTED_EDGE('',*,*,#6179,.T.);
#8027=ORIENTED_EDGE('',*,*,#6275,.F.);
#8028=ORIENTED_EDGE('',*,*,#6081,.F.);
#8029=ORIENTED_EDGE('',*,*,#6275,.T.);
#8030=ORIENTED_EDGE('',*,*,#6178,.T.);
#8031=ORIENTED_EDGE('',*,*,#6274,.F.);
#8032=ORIENTED_EDGE('',*,*,#6082,.F.);
#8033=ORIENTED_EDGE('',*,*,#6181,.F.);
#8034=ORIENTED_EDGE('',*,*,#6276,.T.);
#8035=ORIENTED_EDGE('',*,*,#6085,.T.);
#8036=ORIENTED_EDGE('',*,*,#6276,.F.);
#8037=ORIENTED_EDGE('',*,*,#6182,.F.);
#8038=ORIENTED_EDGE('',*,*,#6277,.T.);
#8039=ORIENTED_EDGE('',*,*,#6086,.T.);
#8040=ORIENTED_EDGE('',*,*,#6277,.F.);
#8041=ORIENTED_EDGE('',*,*,#6183,.F.);
#8042=ORIENTED_EDGE('',*,*,#6278,.T.);
#8043=ORIENTED_EDGE('',*,*,#6087,.T.);
#8044=ORIENTED_EDGE('',*,*,#6278,.F.);
#8045=ORIENTED_EDGE('',*,*,#6184,.F.);
#8046=ORIENTED_EDGE('',*,*,#6279,.T.);
#8047=ORIENTED_EDGE('',*,*,#6088,.T.);
#8048=ORIENTED_EDGE('',*,*,#6279,.F.);
#8049=ORIENTED_EDGE('',*,*,#6185,.F.);
#8050=ORIENTED_EDGE('',*,*,#6280,.T.);
#8051=ORIENTED_EDGE('',*,*,#6089,.T.);
#8052=ORIENTED_EDGE('',*,*,#6280,.F.);
#8053=ORIENTED_EDGE('',*,*,#6186,.F.);
#8054=ORIENTED_EDGE('',*,*,#6281,.T.);
#8055=ORIENTED_EDGE('',*,*,#6090,.T.);
#8056=ORIENTED_EDGE('',*,*,#6281,.F.);
#8057=ORIENTED_EDGE('',*,*,#6187,.F.);
#8058=ORIENTED_EDGE('',*,*,#6282,.T.);
#8059=ORIENTED_EDGE('',*,*,#6091,.T.);
#8060=ORIENTED_EDGE('',*,*,#6282,.F.);
#8061=ORIENTED_EDGE('',*,*,#6188,.F.);
#8062=ORIENTED_EDGE('',*,*,#6283,.T.);
#8063=ORIENTED_EDGE('',*,*,#6092,.T.);
#8064=ORIENTED_EDGE('',*,*,#6283,.F.);
#8065=ORIENTED_EDGE('',*,*,#6189,.F.);
#8066=ORIENTED_EDGE('',*,*,#6284,.T.);
#8067=ORIENTED_EDGE('',*,*,#6093,.T.);
#8068=ORIENTED_EDGE('',*,*,#6284,.F.);
#8069=ORIENTED_EDGE('',*,*,#6190,.F.);
#8070=ORIENTED_EDGE('',*,*,#6285,.T.);
#8071=ORIENTED_EDGE('',*,*,#6094,.T.);
#8072=ORIENTED_EDGE('',*,*,#6285,.F.);
#8073=ORIENTED_EDGE('',*,*,#6191,.F.);
#8074=ORIENTED_EDGE('',*,*,#6286,.T.);
#8075=ORIENTED_EDGE('',*,*,#6095,.T.);
#8076=ORIENTED_EDGE('',*,*,#6286,.F.);
#8077=ORIENTED_EDGE('',*,*,#6192,.F.);
#8078=ORIENTED_EDGE('',*,*,#6287,.T.);
#8079=ORIENTED_EDGE('',*,*,#6096,.T.);
#8080=ORIENTED_EDGE('',*,*,#6287,.F.);
#8081=ORIENTED_EDGE('',*,*,#6193,.F.);
#8082=ORIENTED_EDGE('',*,*,#6288,.T.);
#8083=ORIENTED_EDGE('',*,*,#6097,.T.);
#8084=ORIENTED_EDGE('',*,*,#6288,.F.);
#8085=ORIENTED_EDGE('',*,*,#6194,.F.);
#8086=ORIENTED_EDGE('',*,*,#6289,.T.);
#8087=ORIENTED_EDGE('',*,*,#6098,.T.);
#8088=ORIENTED_EDGE('',*,*,#6289,.F.);
#8089=ORIENTED_EDGE('',*,*,#6195,.F.);
#8090=ORIENTED_EDGE('',*,*,#6290,.T.);
#8091=ORIENTED_EDGE('',*,*,#6099,.T.);
#8092=ORIENTED_EDGE('',*,*,#6290,.F.);
#8093=ORIENTED_EDGE('',*,*,#6196,.F.);
#8094=ORIENTED_EDGE('',*,*,#6291,.T.);
#8095=ORIENTED_EDGE('',*,*,#6100,.T.);
#8096=ORIENTED_EDGE('',*,*,#6291,.F.);
#8097=ORIENTED_EDGE('',*,*,#6197,.F.);
#8098=ORIENTED_EDGE('',*,*,#6292,.T.);
#8099=ORIENTED_EDGE('',*,*,#6101,.T.);
#8100=ORIENTED_EDGE('',*,*,#6292,.F.);
#8101=ORIENTED_EDGE('',*,*,#6198,.F.);
#8102=ORIENTED_EDGE('',*,*,#6293,.T.);
#8103=ORIENTED_EDGE('',*,*,#6102,.T.);
#8104=ORIENTED_EDGE('',*,*,#6293,.F.);
#8105=ORIENTED_EDGE('',*,*,#6199,.F.);
#8106=ORIENTED_EDGE('',*,*,#6294,.T.);
#8107=ORIENTED_EDGE('',*,*,#6103,.T.);
#8108=ORIENTED_EDGE('',*,*,#6294,.F.);
#8109=ORIENTED_EDGE('',*,*,#6200,.F.);
#8110=ORIENTED_EDGE('',*,*,#6295,.T.);
#8111=ORIENTED_EDGE('',*,*,#6104,.T.);
#8112=ORIENTED_EDGE('',*,*,#6295,.F.);
#8113=ORIENTED_EDGE('',*,*,#6201,.F.);
#8114=ORIENTED_EDGE('',*,*,#6296,.T.);
#8115=ORIENTED_EDGE('',*,*,#6105,.T.);
#8116=ORIENTED_EDGE('',*,*,#6296,.F.);
#8117=ORIENTED_EDGE('',*,*,#6202,.F.);
#8118=ORIENTED_EDGE('',*,*,#6297,.T.);
#8119=ORIENTED_EDGE('',*,*,#6106,.T.);
#8120=ORIENTED_EDGE('',*,*,#6297,.F.);
#8121=ORIENTED_EDGE('',*,*,#6203,.F.);
#8122=ORIENTED_EDGE('',*,*,#6298,.T.);
#8123=ORIENTED_EDGE('',*,*,#6107,.T.);
#8124=ORIENTED_EDGE('',*,*,#6298,.F.);
#8125=ORIENTED_EDGE('',*,*,#6204,.F.);
#8126=ORIENTED_EDGE('',*,*,#6299,.T.);
#8127=ORIENTED_EDGE('',*,*,#6108,.T.);
#8128=ORIENTED_EDGE('',*,*,#6299,.F.);
#8129=ORIENTED_EDGE('',*,*,#6205,.F.);
#8130=ORIENTED_EDGE('',*,*,#6300,.T.);
#8131=ORIENTED_EDGE('',*,*,#6109,.T.);
#8132=ORIENTED_EDGE('',*,*,#6300,.F.);
#8133=ORIENTED_EDGE('',*,*,#6206,.F.);
#8134=ORIENTED_EDGE('',*,*,#6301,.T.);
#8135=ORIENTED_EDGE('',*,*,#6110,.T.);
#8136=ORIENTED_EDGE('',*,*,#6301,.F.);
#8137=ORIENTED_EDGE('',*,*,#6207,.F.);
#8138=ORIENTED_EDGE('',*,*,#6302,.T.);
#8139=ORIENTED_EDGE('',*,*,#6111,.T.);
#8140=ORIENTED_EDGE('',*,*,#6302,.F.);
#8141=ORIENTED_EDGE('',*,*,#6208,.F.);
#8142=ORIENTED_EDGE('',*,*,#6303,.T.);
#8143=ORIENTED_EDGE('',*,*,#6112,.T.);
#8144=ORIENTED_EDGE('',*,*,#6303,.F.);
#8145=ORIENTED_EDGE('',*,*,#6209,.F.);
#8146=ORIENTED_EDGE('',*,*,#6304,.T.);
#8147=ORIENTED_EDGE('',*,*,#6113,.T.);
#8148=ORIENTED_EDGE('',*,*,#6304,.F.);
#8149=ORIENTED_EDGE('',*,*,#6210,.F.);
#8150=ORIENTED_EDGE('',*,*,#6305,.T.);
#8151=ORIENTED_EDGE('',*,*,#6114,.T.);
#8152=ORIENTED_EDGE('',*,*,#6305,.F.);
#8153=ORIENTED_EDGE('',*,*,#6211,.F.);
#8154=ORIENTED_EDGE('',*,*,#6306,.T.);
#8155=ORIENTED_EDGE('',*,*,#6115,.T.);
#8156=ORIENTED_EDGE('',*,*,#6306,.F.);
#8157=ORIENTED_EDGE('',*,*,#6212,.F.);
#8158=ORIENTED_EDGE('',*,*,#6307,.T.);
#8159=ORIENTED_EDGE('',*,*,#6116,.T.);
#8160=ORIENTED_EDGE('',*,*,#6307,.F.);
#8161=ORIENTED_EDGE('',*,*,#6213,.F.);
#8162=ORIENTED_EDGE('',*,*,#6308,.T.);
#8163=ORIENTED_EDGE('',*,*,#6117,.T.);
#8164=ORIENTED_EDGE('',*,*,#6308,.F.);
#8165=ORIENTED_EDGE('',*,*,#6214,.F.);
#8166=ORIENTED_EDGE('',*,*,#6309,.T.);
#8167=ORIENTED_EDGE('',*,*,#6118,.T.);
#8168=ORIENTED_EDGE('',*,*,#6309,.F.);
#8169=ORIENTED_EDGE('',*,*,#6215,.F.);
#8170=ORIENTED_EDGE('',*,*,#6310,.T.);
#8171=ORIENTED_EDGE('',*,*,#6119,.T.);
#8172=ORIENTED_EDGE('',*,*,#6310,.F.);
#8173=ORIENTED_EDGE('',*,*,#6216,.F.);
#8174=ORIENTED_EDGE('',*,*,#6311,.T.);
#8175=ORIENTED_EDGE('',*,*,#6120,.T.);
#8176=ORIENTED_EDGE('',*,*,#6311,.F.);
#8177=ORIENTED_EDGE('',*,*,#6217,.F.);
#8178=ORIENTED_EDGE('',*,*,#6312,.T.);
#8179=ORIENTED_EDGE('',*,*,#6121,.T.);
#8180=ORIENTED_EDGE('',*,*,#6312,.F.);
#8181=ORIENTED_EDGE('',*,*,#6218,.F.);
#8182=ORIENTED_EDGE('',*,*,#6313,.T.);
#8183=ORIENTED_EDGE('',*,*,#6122,.T.);
#8184=ORIENTED_EDGE('',*,*,#6313,.F.);
#8185=ORIENTED_EDGE('',*,*,#6219,.F.);
#8186=ORIENTED_EDGE('',*,*,#6314,.T.);
#8187=ORIENTED_EDGE('',*,*,#6123,.T.);
#8188=ORIENTED_EDGE('',*,*,#6314,.F.);
#8189=ORIENTED_EDGE('',*,*,#6220,.F.);
#8190=ORIENTED_EDGE('',*,*,#6315,.T.);
#8191=ORIENTED_EDGE('',*,*,#6124,.T.);
#8192=ORIENTED_EDGE('',*,*,#6315,.F.);
#8193=ORIENTED_EDGE('',*,*,#6221,.F.);
#8194=ORIENTED_EDGE('',*,*,#6316,.T.);
#8195=ORIENTED_EDGE('',*,*,#6125,.T.);
#8196=ORIENTED_EDGE('',*,*,#6316,.F.);
#8197=ORIENTED_EDGE('',*,*,#6222,.F.);
#8198=ORIENTED_EDGE('',*,*,#6317,.T.);
#8199=ORIENTED_EDGE('',*,*,#6126,.T.);
#8200=ORIENTED_EDGE('',*,*,#6317,.F.);
#8201=ORIENTED_EDGE('',*,*,#6223,.F.);
#8202=ORIENTED_EDGE('',*,*,#6318,.T.);
#8203=ORIENTED_EDGE('',*,*,#6127,.T.);
#8204=ORIENTED_EDGE('',*,*,#6318,.F.);
#8205=ORIENTED_EDGE('',*,*,#6224,.F.);
#8206=ORIENTED_EDGE('',*,*,#6319,.T.);
#8207=ORIENTED_EDGE('',*,*,#6128,.T.);
#8208=ORIENTED_EDGE('',*,*,#6319,.F.);
#8209=ORIENTED_EDGE('',*,*,#6225,.F.);
#8210=ORIENTED_EDGE('',*,*,#6320,.T.);
#8211=ORIENTED_EDGE('',*,*,#6129,.T.);
#8212=ORIENTED_EDGE('',*,*,#6320,.F.);
#8213=ORIENTED_EDGE('',*,*,#6226,.F.);
#8214=ORIENTED_EDGE('',*,*,#6321,.T.);
#8215=ORIENTED_EDGE('',*,*,#6130,.T.);
#8216=ORIENTED_EDGE('',*,*,#6321,.F.);
#8217=ORIENTED_EDGE('',*,*,#6227,.F.);
#8218=ORIENTED_EDGE('',*,*,#6322,.T.);
#8219=ORIENTED_EDGE('',*,*,#6131,.T.);
#8220=ORIENTED_EDGE('',*,*,#6322,.F.);
#8221=ORIENTED_EDGE('',*,*,#6228,.F.);
#8222=ORIENTED_EDGE('',*,*,#6323,.T.);
#8223=ORIENTED_EDGE('',*,*,#6132,.T.);
#8224=ORIENTED_EDGE('',*,*,#6323,.F.);
#8225=ORIENTED_EDGE('',*,*,#6229,.F.);
#8226=ORIENTED_EDGE('',*,*,#6324,.T.);
#8227=ORIENTED_EDGE('',*,*,#6133,.T.);
#8228=ORIENTED_EDGE('',*,*,#6324,.F.);
#8229=ORIENTED_EDGE('',*,*,#6230,.F.);
#8230=ORIENTED_EDGE('',*,*,#6325,.T.);
#8231=ORIENTED_EDGE('',*,*,#6134,.T.);
#8232=ORIENTED_EDGE('',*,*,#6325,.F.);
#8233=ORIENTED_EDGE('',*,*,#6231,.F.);
#8234=ORIENTED_EDGE('',*,*,#6326,.T.);
#8235=ORIENTED_EDGE('',*,*,#6135,.T.);
#8236=ORIENTED_EDGE('',*,*,#6326,.F.);
#8237=ORIENTED_EDGE('',*,*,#6232,.F.);
#8238=ORIENTED_EDGE('',*,*,#6327,.T.);
#8239=ORIENTED_EDGE('',*,*,#6136,.T.);
#8240=ORIENTED_EDGE('',*,*,#6327,.F.);
#8241=ORIENTED_EDGE('',*,*,#6233,.F.);
#8242=ORIENTED_EDGE('',*,*,#6328,.T.);
#8243=ORIENTED_EDGE('',*,*,#6137,.T.);
#8244=ORIENTED_EDGE('',*,*,#6328,.F.);
#8245=ORIENTED_EDGE('',*,*,#6234,.F.);
#8246=ORIENTED_EDGE('',*,*,#6329,.T.);
#8247=ORIENTED_EDGE('',*,*,#6138,.T.);
#8248=ORIENTED_EDGE('',*,*,#6329,.F.);
#8249=ORIENTED_EDGE('',*,*,#6235,.F.);
#8250=ORIENTED_EDGE('',*,*,#6330,.T.);
#8251=ORIENTED_EDGE('',*,*,#6139,.T.);
#8252=ORIENTED_EDGE('',*,*,#6330,.F.);
#8253=ORIENTED_EDGE('',*,*,#6236,.F.);
#8254=ORIENTED_EDGE('',*,*,#6331,.T.);
#8255=ORIENTED_EDGE('',*,*,#6140,.T.);
#8256=ORIENTED_EDGE('',*,*,#6331,.F.);
#8257=ORIENTED_EDGE('',*,*,#6237,.F.);
#8258=ORIENTED_EDGE('',*,*,#6332,.T.);
#8259=ORIENTED_EDGE('',*,*,#6141,.T.);
#8260=ORIENTED_EDGE('',*,*,#6332,.F.);
#8261=ORIENTED_EDGE('',*,*,#6238,.F.);
#8262=ORIENTED_EDGE('',*,*,#6333,.T.);
#8263=ORIENTED_EDGE('',*,*,#6142,.T.);
#8264=ORIENTED_EDGE('',*,*,#6333,.F.);
#8265=ORIENTED_EDGE('',*,*,#6239,.F.);
#8266=ORIENTED_EDGE('',*,*,#6334,.T.);
#8267=ORIENTED_EDGE('',*,*,#6143,.T.);
#8268=ORIENTED_EDGE('',*,*,#6334,.F.);
#8269=ORIENTED_EDGE('',*,*,#6240,.F.);
#8270=ORIENTED_EDGE('',*,*,#6335,.T.);
#8271=ORIENTED_EDGE('',*,*,#6144,.T.);
#8272=ORIENTED_EDGE('',*,*,#6335,.F.);
#8273=ORIENTED_EDGE('',*,*,#6241,.F.);
#8274=ORIENTED_EDGE('',*,*,#6336,.T.);
#8275=ORIENTED_EDGE('',*,*,#6145,.T.);
#8276=ORIENTED_EDGE('',*,*,#6336,.F.);
#8277=ORIENTED_EDGE('',*,*,#6242,.F.);
#8278=ORIENTED_EDGE('',*,*,#6337,.T.);
#8279=ORIENTED_EDGE('',*,*,#6146,.T.);
#8280=ORIENTED_EDGE('',*,*,#6337,.F.);
#8281=ORIENTED_EDGE('',*,*,#6243,.F.);
#8282=ORIENTED_EDGE('',*,*,#6338,.T.);
#8283=ORIENTED_EDGE('',*,*,#6147,.T.);
#8284=ORIENTED_EDGE('',*,*,#6338,.F.);
#8285=ORIENTED_EDGE('',*,*,#6244,.F.);
#8286=ORIENTED_EDGE('',*,*,#6339,.T.);
#8287=ORIENTED_EDGE('',*,*,#6148,.T.);
#8288=ORIENTED_EDGE('',*,*,#6339,.F.);
#8289=ORIENTED_EDGE('',*,*,#6245,.F.);
#8290=ORIENTED_EDGE('',*,*,#6340,.T.);
#8291=ORIENTED_EDGE('',*,*,#6149,.T.);
#8292=ORIENTED_EDGE('',*,*,#6340,.F.);
#8293=ORIENTED_EDGE('',*,*,#6246,.F.);
#8294=ORIENTED_EDGE('',*,*,#6341,.T.);
#8295=ORIENTED_EDGE('',*,*,#6150,.T.);
#8296=ORIENTED_EDGE('',*,*,#6341,.F.);
#8297=ORIENTED_EDGE('',*,*,#6247,.F.);
#8298=ORIENTED_EDGE('',*,*,#6342,.T.);
#8299=ORIENTED_EDGE('',*,*,#6151,.T.);
#8300=ORIENTED_EDGE('',*,*,#6342,.F.);
#8301=ORIENTED_EDGE('',*,*,#6248,.F.);
#8302=ORIENTED_EDGE('',*,*,#6343,.T.);
#8303=ORIENTED_EDGE('',*,*,#6152,.T.);
#8304=ORIENTED_EDGE('',*,*,#6343,.F.);
#8305=ORIENTED_EDGE('',*,*,#6249,.F.);
#8306=ORIENTED_EDGE('',*,*,#6344,.T.);
#8307=ORIENTED_EDGE('',*,*,#6153,.T.);
#8308=ORIENTED_EDGE('',*,*,#6344,.F.);
#8309=ORIENTED_EDGE('',*,*,#6250,.F.);
#8310=ORIENTED_EDGE('',*,*,#6345,.T.);
#8311=ORIENTED_EDGE('',*,*,#6154,.T.);
#8312=ORIENTED_EDGE('',*,*,#6345,.F.);
#8313=ORIENTED_EDGE('',*,*,#6251,.F.);
#8314=ORIENTED_EDGE('',*,*,#6346,.T.);
#8315=ORIENTED_EDGE('',*,*,#6155,.T.);
#8316=ORIENTED_EDGE('',*,*,#6346,.F.);
#8317=ORIENTED_EDGE('',*,*,#6252,.F.);
#8318=ORIENTED_EDGE('',*,*,#6347,.T.);
#8319=ORIENTED_EDGE('',*,*,#6156,.T.);
#8320=ORIENTED_EDGE('',*,*,#6347,.F.);
#8321=ORIENTED_EDGE('',*,*,#6253,.F.);
#8322=ORIENTED_EDGE('',*,*,#6348,.T.);
#8323=ORIENTED_EDGE('',*,*,#6157,.T.);
#8324=ORIENTED_EDGE('',*,*,#6348,.F.);
#8325=ORIENTED_EDGE('',*,*,#6254,.F.);
#8326=ORIENTED_EDGE('',*,*,#6349,.T.);
#8327=ORIENTED_EDGE('',*,*,#6158,.T.);
#8328=ORIENTED_EDGE('',*,*,#6349,.F.);
#8329=ORIENTED_EDGE('',*,*,#6255,.F.);
#8330=ORIENTED_EDGE('',*,*,#6350,.T.);
#8331=ORIENTED_EDGE('',*,*,#6159,.T.);
#8332=ORIENTED_EDGE('',*,*,#6350,.F.);
#8333=ORIENTED_EDGE('',*,*,#6256,.F.);
#8334=ORIENTED_EDGE('',*,*,#6351,.T.);
#8335=ORIENTED_EDGE('',*,*,#6160,.T.);
#8336=ORIENTED_EDGE('',*,*,#6351,.F.);
#8337=ORIENTED_EDGE('',*,*,#6257,.F.);
#8338=ORIENTED_EDGE('',*,*,#6352,.T.);
#8339=ORIENTED_EDGE('',*,*,#6161,.T.);
#8340=ORIENTED_EDGE('',*,*,#6352,.F.);
#8341=ORIENTED_EDGE('',*,*,#6258,.F.);
#8342=ORIENTED_EDGE('',*,*,#6353,.T.);
#8343=ORIENTED_EDGE('',*,*,#6162,.T.);
#8344=ORIENTED_EDGE('',*,*,#6353,.F.);
#8345=ORIENTED_EDGE('',*,*,#6259,.F.);
#8346=ORIENTED_EDGE('',*,*,#6354,.T.);
#8347=ORIENTED_EDGE('',*,*,#6163,.T.);
#8348=ORIENTED_EDGE('',*,*,#6354,.F.);
#8349=ORIENTED_EDGE('',*,*,#6260,.F.);
#8350=ORIENTED_EDGE('',*,*,#6355,.T.);
#8351=ORIENTED_EDGE('',*,*,#6164,.T.);
#8352=ORIENTED_EDGE('',*,*,#6355,.F.);
#8353=ORIENTED_EDGE('',*,*,#6261,.F.);
#8354=ORIENTED_EDGE('',*,*,#6356,.T.);
#8355=ORIENTED_EDGE('',*,*,#6165,.T.);
#8356=ORIENTED_EDGE('',*,*,#6356,.F.);
#8357=ORIENTED_EDGE('',*,*,#6262,.F.);
#8358=ORIENTED_EDGE('',*,*,#6357,.T.);
#8359=ORIENTED_EDGE('',*,*,#6166,.T.);
#8360=ORIENTED_EDGE('',*,*,#6357,.F.);
#8361=ORIENTED_EDGE('',*,*,#6263,.F.);
#8362=ORIENTED_EDGE('',*,*,#6358,.T.);
#8363=ORIENTED_EDGE('',*,*,#6167,.T.);
#8364=ORIENTED_EDGE('',*,*,#6358,.F.);
#8365=ORIENTED_EDGE('',*,*,#6264,.F.);
#8366=ORIENTED_EDGE('',*,*,#6359,.T.);
#8367=ORIENTED_EDGE('',*,*,#6168,.T.);
#8368=ORIENTED_EDGE('',*,*,#6359,.F.);
#8369=ORIENTED_EDGE('',*,*,#6265,.F.);
#8370=ORIENTED_EDGE('',*,*,#6360,.T.);
#8371=ORIENTED_EDGE('',*,*,#6169,.T.);
#8372=ORIENTED_EDGE('',*,*,#6360,.F.);
#8373=ORIENTED_EDGE('',*,*,#6266,.F.);
#8374=ORIENTED_EDGE('',*,*,#6361,.T.);
#8375=ORIENTED_EDGE('',*,*,#6170,.T.);
#8376=ORIENTED_EDGE('',*,*,#6361,.F.);
#8377=ORIENTED_EDGE('',*,*,#6267,.F.);
#8378=ORIENTED_EDGE('',*,*,#6362,.T.);
#8379=ORIENTED_EDGE('',*,*,#6171,.T.);
#8380=ORIENTED_EDGE('',*,*,#6362,.F.);
#8381=ORIENTED_EDGE('',*,*,#6268,.F.);
#8382=ORIENTED_EDGE('',*,*,#6363,.T.);
#8383=ORIENTED_EDGE('',*,*,#6172,.T.);
#8384=ORIENTED_EDGE('',*,*,#6363,.F.);
#8385=ORIENTED_EDGE('',*,*,#6269,.F.);
#8386=ORIENTED_EDGE('',*,*,#6364,.T.);
#8387=ORIENTED_EDGE('',*,*,#6173,.T.);
#8388=ORIENTED_EDGE('',*,*,#6364,.F.);
#8389=ORIENTED_EDGE('',*,*,#6270,.F.);
#8390=ORIENTED_EDGE('',*,*,#6365,.T.);
#8391=ORIENTED_EDGE('',*,*,#6174,.T.);
#8392=ORIENTED_EDGE('',*,*,#6365,.F.);
#8393=ORIENTED_EDGE('',*,*,#6271,.F.);
#8394=ORIENTED_EDGE('',*,*,#6366,.T.);
#8395=ORIENTED_EDGE('',*,*,#6175,.T.);
#8396=ORIENTED_EDGE('',*,*,#6366,.F.);
#8397=ORIENTED_EDGE('',*,*,#6367,.F.);
#8398=ORIENTED_EDGE('',*,*,#6368,.F.);
#8399=ORIENTED_EDGE('',*,*,#6369,.T.);
#8400=ORIENTED_EDGE('',*,*,#6370,.T.);
#8401=ORIENTED_EDGE('',*,*,#6369,.F.);
#8402=ORIENTED_EDGE('',*,*,#6371,.T.);
#8403=ORIENTED_EDGE('',*,*,#6372,.T.);
#8404=ORIENTED_EDGE('',*,*,#6373,.T.);
#8405=ORIENTED_EDGE('',*,*,#6367,.T.);
#8406=ORIENTED_EDGE('',*,*,#6368,.T.);
#8407=ORIENTED_EDGE('',*,*,#6373,.F.);
#8408=ORIENTED_EDGE('',*,*,#6374,.F.);
#8409=ORIENTED_EDGE('',*,*,#6375,.F.);
#8410=ORIENTED_EDGE('',*,*,#6376,.T.);
#8411=ORIENTED_EDGE('',*,*,#6371,.F.);
#8412=ORIENTED_EDGE('',*,*,#6372,.F.);
#8413=ORIENTED_EDGE('',*,*,#6376,.F.);
#8414=ORIENTED_EDGE('',*,*,#6377,.T.);
#8415=ORIENTED_EDGE('',*,*,#6378,.T.);
#8416=ORIENTED_EDGE('',*,*,#6379,.T.);
#8417=ORIENTED_EDGE('',*,*,#6374,.T.);
#8418=ORIENTED_EDGE('',*,*,#6375,.T.);
#8419=ORIENTED_EDGE('',*,*,#6379,.F.);
#8420=ORIENTED_EDGE('',*,*,#6380,.F.);
#8421=ORIENTED_EDGE('',*,*,#6381,.T.);
#8422=ORIENTED_EDGE('',*,*,#6377,.F.);
#8423=ORIENTED_EDGE('',*,*,#6378,.F.);
#8424=ORIENTED_EDGE('',*,*,#6381,.F.);
#8425=ORIENTED_EDGE('',*,*,#6370,.F.);
#8426=ORIENTED_EDGE('',*,*,#6380,.T.);
#8427=ORIENTED_EDGE('',*,*,#6382,.F.);
#8428=ORIENTED_EDGE('',*,*,#6383,.T.);
#8429=ORIENTED_EDGE('',*,*,#6384,.T.);
#8430=ORIENTED_EDGE('',*,*,#6383,.F.);
#8431=ORIENTED_EDGE('',*,*,#6384,.F.);
#8432=ORIENTED_EDGE('',*,*,#6385,.T.);
#8433=ORIENTED_EDGE('',*,*,#6382,.T.);
#8434=ORIENTED_EDGE('',*,*,#6386,.F.);
#8435=ORIENTED_EDGE('',*,*,#6385,.F.);
#8436=ORIENTED_EDGE('',*,*,#6387,.T.);
#8437=ORIENTED_EDGE('',*,*,#6388,.T.);
#8438=ORIENTED_EDGE('',*,*,#6387,.F.);
#8439=ORIENTED_EDGE('',*,*,#6389,.F.);
#8440=ORIENTED_EDGE('',*,*,#6390,.T.);
#8441=ORIENTED_EDGE('',*,*,#6386,.T.);
#8442=ORIENTED_EDGE('',*,*,#6390,.F.);
#8443=ORIENTED_EDGE('',*,*,#6391,.T.);
#8444=ORIENTED_EDGE('',*,*,#6392,.T.);
#8445=ORIENTED_EDGE('',*,*,#6388,.F.);
#8446=ORIENTED_EDGE('',*,*,#6392,.F.);
#8447=ORIENTED_EDGE('',*,*,#6389,.T.);
#8448=ORIENTED_EDGE('',*,*,#6393,.T.);
#8449=ORIENTED_EDGE('',*,*,#6394,.F.);
#8450=ORIENTED_EDGE('',*,*,#6393,.F.);
#8451=ORIENTED_EDGE('',*,*,#6391,.F.);
#8452=ORIENTED_EDGE('',*,*,#6394,.T.);
#8453=ORIENTED_EDGE('',*,*,#6395,.F.);
#8454=ORIENTED_EDGE('',*,*,#6396,.F.);
#8455=ORIENTED_EDGE('',*,*,#6397,.F.);
#8456=ORIENTED_EDGE('',*,*,#6398,.F.);
#8457=ORIENTED_EDGE('',*,*,#6399,.F.);
#8458=ORIENTED_EDGE('',*,*,#6400,.F.);
#8459=ORIENTED_EDGE('',*,*,#6401,.F.);
#8460=ORIENTED_EDGE('',*,*,#6402,.T.);
#8461=ORIENTED_EDGE('',*,*,#6403,.F.);
#8462=ORIENTED_EDGE('',*,*,#6404,.F.);
#8463=ORIENTED_EDGE('',*,*,#6405,.F.);
#8464=ORIENTED_EDGE('',*,*,#6406,.T.);
#8465=ORIENTED_EDGE('',*,*,#6407,.F.);
#8466=ORIENTED_EDGE('',*,*,#6408,.F.);
#8467=ORIENTED_EDGE('',*,*,#6409,.F.);
#8468=ORIENTED_EDGE('',*,*,#6410,.F.);
#8469=ORIENTED_EDGE('',*,*,#6411,.F.);
#8470=ORIENTED_EDGE('',*,*,#6412,.F.);
#8471=ORIENTED_EDGE('',*,*,#6413,.T.);
#8472=ORIENTED_EDGE('',*,*,#6414,.T.);
#8473=ORIENTED_EDGE('',*,*,#6415,.F.);
#8474=ORIENTED_EDGE('',*,*,#6402,.F.);
#8475=ORIENTED_EDGE('',*,*,#6416,.F.);
#8476=ORIENTED_EDGE('',*,*,#6396,.T.);
#8477=ORIENTED_EDGE('',*,*,#6398,.T.);
#8478=ORIENTED_EDGE('',*,*,#6417,.F.);
#8479=ORIENTED_EDGE('',*,*,#6418,.F.);
#8480=ORIENTED_EDGE('',*,*,#6419,.F.);
#8481=ORIENTED_EDGE('',*,*,#6400,.T.);
#8482=ORIENTED_EDGE('',*,*,#6420,.F.);
#8483=ORIENTED_EDGE('',*,*,#6421,.T.);
#8484=ORIENTED_EDGE('',*,*,#6422,.F.);
#8485=ORIENTED_EDGE('',*,*,#6410,.T.);
#8486=ORIENTED_EDGE('',*,*,#6423,.F.);
#8487=ORIENTED_EDGE('',*,*,#6424,.F.);
#8488=ORIENTED_EDGE('',*,*,#6425,.F.);
#8489=ORIENTED_EDGE('',*,*,#6404,.T.);
#8490=ORIENTED_EDGE('',*,*,#6426,.F.);
#8491=ORIENTED_EDGE('',*,*,#6427,.T.);
#8492=ORIENTED_EDGE('',*,*,#6428,.F.);
#8493=ORIENTED_EDGE('',*,*,#6399,.T.);
#8494=ORIENTED_EDGE('',*,*,#6415,.T.);
#8495=ORIENTED_EDGE('',*,*,#6429,.T.);
#8496=ORIENTED_EDGE('',*,*,#6430,.T.);
#8497=ORIENTED_EDGE('',*,*,#6407,.T.);
#8498=ORIENTED_EDGE('',*,*,#6425,.T.);
#8499=ORIENTED_EDGE('',*,*,#6431,.T.);
#8500=ORIENTED_EDGE('',*,*,#6420,.T.);
#8501=ORIENTED_EDGE('',*,*,#6395,.T.);
#8502=ORIENTED_EDGE('',*,*,#6419,.T.);
#8503=ORIENTED_EDGE('',*,*,#6432,.T.);
#8504=ORIENTED_EDGE('',*,*,#6426,.T.);
#8505=ORIENTED_EDGE('',*,*,#6403,.T.);
#8506=ORIENTED_EDGE('',*,*,#6433,.T.);
#8507=ORIENTED_EDGE('',*,*,#6434,.T.);
#8508=ORIENTED_EDGE('',*,*,#6411,.T.);
#8509=ORIENTED_EDGE('',*,*,#6430,.F.);
#8510=ORIENTED_EDGE('',*,*,#6435,.F.);
#8511=ORIENTED_EDGE('',*,*,#6436,.T.);
#8512=ORIENTED_EDGE('',*,*,#6437,.T.);
#8513=ORIENTED_EDGE('',*,*,#6433,.F.);
#8514=ORIENTED_EDGE('',*,*,#6406,.F.);
#8515=ORIENTED_EDGE('',*,*,#6438,.F.);
#8516=ORIENTED_EDGE('',*,*,#6408,.T.);
#8517=ORIENTED_EDGE('',*,*,#6439,.T.);
#8518=ORIENTED_EDGE('',*,*,#6440,.T.);
#8519=ORIENTED_EDGE('',*,*,#6441,.T.);
#8520=ORIENTED_EDGE('',*,*,#6442,.T.);
#8521=ORIENTED_EDGE('',*,*,#6441,.F.);
#8522=ORIENTED_EDGE('',*,*,#6443,.F.);
#8523=ORIENTED_EDGE('',*,*,#6444,.T.);
#8524=ORIENTED_EDGE('',*,*,#6445,.T.);
#8525=ORIENTED_EDGE('',*,*,#6446,.F.);
#8526=ORIENTED_EDGE('',*,*,#6440,.F.);
#8527=ORIENTED_EDGE('',*,*,#6447,.T.);
#8528=ORIENTED_EDGE('',*,*,#6448,.T.);
#8529=ORIENTED_EDGE('',*,*,#6449,.T.);
#8530=ORIENTED_EDGE('',*,*,#6450,.T.);
#8531=ORIENTED_EDGE('',*,*,#6451,.T.);
#8532=ORIENTED_EDGE('',*,*,#6452,.T.);
#8533=ORIENTED_EDGE('',*,*,#6453,.T.);
#8534=ORIENTED_EDGE('',*,*,#6454,.F.);
#8535=ORIENTED_EDGE('',*,*,#6455,.T.);
#8536=ORIENTED_EDGE('',*,*,#6456,.T.);
#8537=ORIENTED_EDGE('',*,*,#6457,.F.);
#8538=ORIENTED_EDGE('',*,*,#6458,.T.);
#8539=ORIENTED_EDGE('',*,*,#6443,.T.);
#8540=ORIENTED_EDGE('',*,*,#6459,.T.);
#8541=ORIENTED_EDGE('',*,*,#6460,.T.);
#8542=ORIENTED_EDGE('',*,*,#6461,.T.);
#8543=ORIENTED_EDGE('',*,*,#6462,.T.);
#8544=ORIENTED_EDGE('',*,*,#6463,.T.);
#8545=ORIENTED_EDGE('',*,*,#6454,.T.);
#8546=ORIENTED_EDGE('',*,*,#6464,.T.);
#8547=ORIENTED_EDGE('',*,*,#6465,.T.);
#8548=ORIENTED_EDGE('',*,*,#6464,.F.);
#8549=ORIENTED_EDGE('',*,*,#6453,.F.);
#8550=ORIENTED_EDGE('',*,*,#6466,.T.);
#8551=ORIENTED_EDGE('',*,*,#6467,.T.);
#8552=ORIENTED_EDGE('',*,*,#6468,.F.);
#8553=ORIENTED_EDGE('',*,*,#6469,.T.);
#8554=ORIENTED_EDGE('',*,*,#6457,.T.);
#8555=ORIENTED_EDGE('',*,*,#6470,.T.);
#8556=ORIENTED_EDGE('',*,*,#6471,.T.);
#8557=ORIENTED_EDGE('',*,*,#6469,.F.);
#8558=ORIENTED_EDGE('',*,*,#6472,.T.);
#8559=ORIENTED_EDGE('',*,*,#6473,.F.);
#8560=ORIENTED_EDGE('',*,*,#6474,.T.);
#8561=ORIENTED_EDGE('',*,*,#6475,.T.);
#8562=ORIENTED_EDGE('',*,*,#6444,.F.);
#8563=ORIENTED_EDGE('',*,*,#6458,.F.);
#8564=ORIENTED_EDGE('',*,*,#6471,.F.);
#8565=ORIENTED_EDGE('',*,*,#6476,.F.);
#8566=ORIENTED_EDGE('',*,*,#6477,.F.);
#8567=ORIENTED_EDGE('',*,*,#6472,.F.);
#8568=ORIENTED_EDGE('',*,*,#6459,.F.);
#8569=ORIENTED_EDGE('',*,*,#6478,.T.);
#8570=ORIENTED_EDGE('',*,*,#6479,.T.);
#8571=ORIENTED_EDGE('',*,*,#6480,.F.);
#8572=ORIENTED_EDGE('',*,*,#6462,.F.);
#8573=ORIENTED_EDGE('',*,*,#6481,.T.);
#8574=ORIENTED_EDGE('',*,*,#6482,.T.);
#8575=ORIENTED_EDGE('',*,*,#6478,.F.);
#8576=ORIENTED_EDGE('',*,*,#6461,.F.);
#8577=ORIENTED_EDGE('',*,*,#6483,.T.);
#8578=ORIENTED_EDGE('',*,*,#6484,.T.);
#8579=ORIENTED_EDGE('',*,*,#6481,.F.);
#8580=ORIENTED_EDGE('',*,*,#6460,.F.);
#8581=ORIENTED_EDGE('',*,*,#6480,.T.);
#8582=ORIENTED_EDGE('',*,*,#6485,.T.);
#8583=ORIENTED_EDGE('',*,*,#6483,.F.);
#8584=ORIENTED_EDGE('',*,*,#6485,.F.);
#8585=ORIENTED_EDGE('',*,*,#6479,.F.);
#8586=ORIENTED_EDGE('',*,*,#6482,.F.);
#8587=ORIENTED_EDGE('',*,*,#6484,.F.);
#8588=ORIENTED_EDGE('',*,*,#6486,.F.);
#8589=ORIENTED_EDGE('',*,*,#6487,.F.);
#8590=ORIENTED_EDGE('',*,*,#6488,.F.);
#8591=ORIENTED_EDGE('',*,*,#6489,.F.);
#8592=ORIENTED_EDGE('',*,*,#6490,.F.);
#8593=ORIENTED_EDGE('',*,*,#6491,.F.);
#8594=ORIENTED_EDGE('',*,*,#6492,.F.);
#8595=ORIENTED_EDGE('',*,*,#6493,.F.);
#8596=ORIENTED_EDGE('',*,*,#6494,.F.);
#8597=ORIENTED_EDGE('',*,*,#6495,.F.);
#8598=ORIENTED_EDGE('',*,*,#6496,.F.);
#8599=ORIENTED_EDGE('',*,*,#6451,.F.);
#8600=ORIENTED_EDGE('',*,*,#6497,.F.);
#8601=ORIENTED_EDGE('',*,*,#6498,.F.);
#8602=ORIENTED_EDGE('',*,*,#6499,.F.);
#8603=ORIENTED_EDGE('',*,*,#6500,.F.);
#8604=ORIENTED_EDGE('',*,*,#6501,.F.);
#8605=ORIENTED_EDGE('',*,*,#6502,.F.);
#8606=ORIENTED_EDGE('',*,*,#6503,.F.);
#8607=ORIENTED_EDGE('',*,*,#6449,.F.);
#8608=ORIENTED_EDGE('',*,*,#6470,.F.);
#8609=ORIENTED_EDGE('',*,*,#6456,.F.);
#8610=ORIENTED_EDGE('',*,*,#6504,.T.);
#8611=ORIENTED_EDGE('',*,*,#6505,.T.);
#8612=ORIENTED_EDGE('',*,*,#6506,.F.);
#8613=ORIENTED_EDGE('',*,*,#6507,.F.);
#8614=ORIENTED_EDGE('',*,*,#6476,.T.);
#8615=ORIENTED_EDGE('',*,*,#6487,.T.);
#8616=ORIENTED_EDGE('',*,*,#6508,.F.);
#8617=ORIENTED_EDGE('',*,*,#6509,.F.);
#8618=ORIENTED_EDGE('',*,*,#6510,.F.);
#8619=ORIENTED_EDGE('',*,*,#6511,.F.);
#8620=ORIENTED_EDGE('',*,*,#6490,.T.);
#8621=ORIENTED_EDGE('',*,*,#6512,.F.);
#8622=ORIENTED_EDGE('',*,*,#6513,.F.);
#8623=ORIENTED_EDGE('',*,*,#6486,.T.);
#8624=ORIENTED_EDGE('',*,*,#6448,.F.);
#8625=ORIENTED_EDGE('',*,*,#6514,.T.);
#8626=ORIENTED_EDGE('',*,*,#6508,.T.);
#8627=ORIENTED_EDGE('',*,*,#6401,.T.);
#8628=ORIENTED_EDGE('',*,*,#6422,.T.);
#8629=ORIENTED_EDGE('',*,*,#6515,.T.);
#8630=ORIENTED_EDGE('',*,*,#6423,.T.);
#8631=ORIENTED_EDGE('',*,*,#6409,.T.);
#8632=ORIENTED_EDGE('',*,*,#6438,.T.);
#8633=ORIENTED_EDGE('',*,*,#6405,.T.);
#8634=ORIENTED_EDGE('',*,*,#6428,.T.);
#8635=ORIENTED_EDGE('',*,*,#6516,.T.);
#8636=ORIENTED_EDGE('',*,*,#6417,.T.);
#8637=ORIENTED_EDGE('',*,*,#6397,.T.);
#8638=ORIENTED_EDGE('',*,*,#6416,.T.);
#8639=ORIENTED_EDGE('',*,*,#6507,.T.);
#8640=ORIENTED_EDGE('',*,*,#6517,.T.);
#8641=ORIENTED_EDGE('',*,*,#6518,.T.);
#8642=ORIENTED_EDGE('',*,*,#6519,.T.);
#8643=ORIENTED_EDGE('',*,*,#6520,.T.);
#8644=ORIENTED_EDGE('',*,*,#6521,.T.);
#8645=ORIENTED_EDGE('',*,*,#6522,.T.);
#8646=ORIENTED_EDGE('',*,*,#6491,.T.);
#8647=ORIENTED_EDGE('',*,*,#6513,.T.);
#8648=ORIENTED_EDGE('',*,*,#6523,.T.);
#8649=ORIENTED_EDGE('',*,*,#6524,.T.);
#8650=ORIENTED_EDGE('',*,*,#6525,.T.);
#8651=ORIENTED_EDGE('',*,*,#6526,.T.);
#8652=ORIENTED_EDGE('',*,*,#6527,.T.);
#8653=ORIENTED_EDGE('',*,*,#6473,.T.);
#8654=ORIENTED_EDGE('',*,*,#6477,.T.);
#8655=ORIENTED_EDGE('',*,*,#6502,.T.);
#8656=ORIENTED_EDGE('',*,*,#6528,.T.);
#8657=ORIENTED_EDGE('',*,*,#6529,.T.);
#8658=ORIENTED_EDGE('',*,*,#6530,.F.);
#8659=ORIENTED_EDGE('',*,*,#6501,.T.);
#8660=ORIENTED_EDGE('',*,*,#6531,.T.);
#8661=ORIENTED_EDGE('',*,*,#6532,.T.);
#8662=ORIENTED_EDGE('',*,*,#6533,.F.);
#8663=ORIENTED_EDGE('',*,*,#6534,.F.);
#8664=ORIENTED_EDGE('',*,*,#6535,.T.);
#8665=ORIENTED_EDGE('',*,*,#6528,.F.);
#8666=ORIENTED_EDGE('',*,*,#6500,.T.);
#8667=ORIENTED_EDGE('',*,*,#6536,.F.);
#8668=ORIENTED_EDGE('',*,*,#6537,.T.);
#8669=ORIENTED_EDGE('',*,*,#6531,.F.);
#8670=ORIENTED_EDGE('',*,*,#6499,.T.);
#8671=ORIENTED_EDGE('',*,*,#6538,.T.);
#8672=ORIENTED_EDGE('',*,*,#6539,.T.);
#8673=ORIENTED_EDGE('',*,*,#6540,.T.);
#8674=ORIENTED_EDGE('',*,*,#6541,.F.);
#8675=ORIENTED_EDGE('',*,*,#6542,.F.);
#8676=ORIENTED_EDGE('',*,*,#6536,.T.);
#8677=ORIENTED_EDGE('',*,*,#6498,.T.);
#8678=ORIENTED_EDGE('',*,*,#6543,.T.);
#8679=ORIENTED_EDGE('',*,*,#6544,.T.);
#8680=ORIENTED_EDGE('',*,*,#6538,.F.);
#8681=ORIENTED_EDGE('',*,*,#6496,.T.);
#8682=ORIENTED_EDGE('',*,*,#6545,.T.);
#8683=ORIENTED_EDGE('',*,*,#6466,.F.);
#8684=ORIENTED_EDGE('',*,*,#6452,.F.);
#8685=ORIENTED_EDGE('',*,*,#6450,.F.);
#8686=ORIENTED_EDGE('',*,*,#6503,.T.);
#8687=ORIENTED_EDGE('',*,*,#6530,.T.);
#8688=ORIENTED_EDGE('',*,*,#6546,.T.);
#8689=ORIENTED_EDGE('',*,*,#6543,.F.);
#8690=ORIENTED_EDGE('',*,*,#6497,.T.);
#8691=ORIENTED_EDGE('',*,*,#6547,.F.);
#8692=ORIENTED_EDGE('',*,*,#6532,.F.);
#8693=ORIENTED_EDGE('',*,*,#6537,.F.);
#8694=ORIENTED_EDGE('',*,*,#6542,.T.);
#8695=ORIENTED_EDGE('',*,*,#6548,.F.);
#8696=ORIENTED_EDGE('',*,*,#6540,.F.);
#8697=ORIENTED_EDGE('',*,*,#6549,.F.);
#8698=ORIENTED_EDGE('',*,*,#6534,.T.);
#8699=ORIENTED_EDGE('',*,*,#6549,.T.);
#8700=ORIENTED_EDGE('',*,*,#6539,.F.);
#8701=ORIENTED_EDGE('',*,*,#6544,.F.);
#8702=ORIENTED_EDGE('',*,*,#6546,.F.);
#8703=ORIENTED_EDGE('',*,*,#6529,.F.);
#8704=ORIENTED_EDGE('',*,*,#6535,.F.);
#8705=ORIENTED_EDGE('',*,*,#6439,.F.);
#8706=ORIENTED_EDGE('',*,*,#6550,.F.);
#8707=ORIENTED_EDGE('',*,*,#6509,.T.);
#8708=ORIENTED_EDGE('',*,*,#6514,.F.);
#8709=ORIENTED_EDGE('',*,*,#6447,.F.);
#8710=ORIENTED_EDGE('',*,*,#6463,.F.);
#8711=ORIENTED_EDGE('',*,*,#6551,.F.);
#8712=ORIENTED_EDGE('',*,*,#6552,.T.);
#8713=ORIENTED_EDGE('',*,*,#6504,.F.);
#8714=ORIENTED_EDGE('',*,*,#6455,.F.);
#8715=ORIENTED_EDGE('',*,*,#6553,.F.);
#8716=ORIENTED_EDGE('',*,*,#6554,.F.);
#8717=ORIENTED_EDGE('',*,*,#6505,.F.);
#8718=ORIENTED_EDGE('',*,*,#6552,.F.);
#8719=ORIENTED_EDGE('',*,*,#6555,.F.);
#8720=ORIENTED_EDGE('',*,*,#6556,.F.);
#8721=ORIENTED_EDGE('',*,*,#6557,.F.);
#8722=ORIENTED_EDGE('',*,*,#6445,.F.);
#8723=ORIENTED_EDGE('',*,*,#6475,.F.);
#8724=ORIENTED_EDGE('',*,*,#6558,.F.);
#8725=ORIENTED_EDGE('',*,*,#6495,.T.);
#8726=ORIENTED_EDGE('',*,*,#6559,.F.);
#8727=ORIENTED_EDGE('',*,*,#6560,.F.);
#8728=ORIENTED_EDGE('',*,*,#6467,.F.);
#8729=ORIENTED_EDGE('',*,*,#6545,.F.);
#8730=ORIENTED_EDGE('',*,*,#6442,.F.);
#8731=ORIENTED_EDGE('',*,*,#6446,.T.);
#8732=ORIENTED_EDGE('',*,*,#6557,.T.);
#8733=ORIENTED_EDGE('',*,*,#6561,.F.);
#8734=ORIENTED_EDGE('',*,*,#6525,.F.);
#8735=ORIENTED_EDGE('',*,*,#6562,.T.);
#8736=ORIENTED_EDGE('',*,*,#6510,.T.);
#8737=ORIENTED_EDGE('',*,*,#6550,.T.);
#8738=ORIENTED_EDGE('',*,*,#6556,.T.);
#8739=ORIENTED_EDGE('',*,*,#6563,.F.);
#8740=ORIENTED_EDGE('',*,*,#6526,.F.);
#8741=ORIENTED_EDGE('',*,*,#6561,.T.);
#8742=ORIENTED_EDGE('',*,*,#6558,.T.);
#8743=ORIENTED_EDGE('',*,*,#6474,.F.);
#8744=ORIENTED_EDGE('',*,*,#6527,.F.);
#8745=ORIENTED_EDGE('',*,*,#6563,.T.);
#8746=ORIENTED_EDGE('',*,*,#6465,.F.);
#8747=ORIENTED_EDGE('',*,*,#6468,.T.);
#8748=ORIENTED_EDGE('',*,*,#6560,.T.);
#8749=ORIENTED_EDGE('',*,*,#6564,.F.);
#8750=ORIENTED_EDGE('',*,*,#6519,.F.);
#8751=ORIENTED_EDGE('',*,*,#6565,.T.);
#8752=ORIENTED_EDGE('',*,*,#6555,.T.);
#8753=ORIENTED_EDGE('',*,*,#6551,.T.);
#8754=ORIENTED_EDGE('',*,*,#6494,.T.);
#8755=ORIENTED_EDGE('',*,*,#6566,.F.);
#8756=ORIENTED_EDGE('',*,*,#6520,.F.);
#8757=ORIENTED_EDGE('',*,*,#6564,.T.);
#8758=ORIENTED_EDGE('',*,*,#6559,.T.);
#8759=ORIENTED_EDGE('',*,*,#6493,.T.);
#8760=ORIENTED_EDGE('',*,*,#6567,.F.);
#8761=ORIENTED_EDGE('',*,*,#6521,.F.);
#8762=ORIENTED_EDGE('',*,*,#6566,.T.);
#8763=ORIENTED_EDGE('',*,*,#6554,.T.);
#8764=ORIENTED_EDGE('',*,*,#6568,.F.);
#8765=ORIENTED_EDGE('',*,*,#6517,.F.);
#8766=ORIENTED_EDGE('',*,*,#6506,.T.);
#8767=ORIENTED_EDGE('',*,*,#6553,.T.);
#8768=ORIENTED_EDGE('',*,*,#6565,.F.);
#8769=ORIENTED_EDGE('',*,*,#6518,.F.);
#8770=ORIENTED_EDGE('',*,*,#6568,.T.);
#8771=ORIENTED_EDGE('',*,*,#6492,.T.);
#8772=ORIENTED_EDGE('',*,*,#6522,.F.);
#8773=ORIENTED_EDGE('',*,*,#6567,.T.);
#8774=ORIENTED_EDGE('',*,*,#6489,.T.);
#8775=ORIENTED_EDGE('',*,*,#6569,.F.);
#8776=ORIENTED_EDGE('',*,*,#6523,.F.);
#8777=ORIENTED_EDGE('',*,*,#6512,.T.);
#8778=ORIENTED_EDGE('',*,*,#6488,.T.);
#8779=ORIENTED_EDGE('',*,*,#6511,.T.);
#8780=ORIENTED_EDGE('',*,*,#6562,.F.);
#8781=ORIENTED_EDGE('',*,*,#6524,.F.);
#8782=ORIENTED_EDGE('',*,*,#6569,.T.);
#8783=ORIENTED_EDGE('',*,*,#6570,.F.);
#8784=ORIENTED_EDGE('',*,*,#6571,.T.);
#8785=ORIENTED_EDGE('',*,*,#6572,.F.);
#8786=ORIENTED_EDGE('',*,*,#6573,.F.);
#8787=ORIENTED_EDGE('',*,*,#6574,.F.);
#8788=ORIENTED_EDGE('',*,*,#6575,.T.);
#8789=ORIENTED_EDGE('',*,*,#6576,.T.);
#8790=ORIENTED_EDGE('',*,*,#6577,.F.);
#8791=ORIENTED_EDGE('',*,*,#6575,.F.);
#8792=ORIENTED_EDGE('',*,*,#6578,.F.);
#8793=ORIENTED_EDGE('',*,*,#6572,.T.);
#8794=ORIENTED_EDGE('',*,*,#6579,.T.);
#8795=ORIENTED_EDGE('',*,*,#6580,.F.);
#8796=ORIENTED_EDGE('',*,*,#6581,.F.);
#8797=ORIENTED_EDGE('',*,*,#6576,.F.);
#8798=ORIENTED_EDGE('',*,*,#6579,.F.);
#8799=ORIENTED_EDGE('',*,*,#6571,.F.);
#8800=ORIENTED_EDGE('',*,*,#6582,.F.);
#8801=ORIENTED_EDGE('',*,*,#6583,.F.);
#8802=ORIENTED_EDGE('',*,*,#6584,.F.);
#8803=ORIENTED_EDGE('',*,*,#6585,.F.);
#8804=ORIENTED_EDGE('',*,*,#6586,.F.);
#8805=ORIENTED_EDGE('',*,*,#6587,.F.);
#8806=ORIENTED_EDGE('',*,*,#6588,.T.);
#8807=ORIENTED_EDGE('',*,*,#6589,.F.);
#8808=ORIENTED_EDGE('',*,*,#6590,.F.);
#8809=ORIENTED_EDGE('',*,*,#6591,.T.);
#8810=ORIENTED_EDGE('',*,*,#6592,.T.);
#8811=ORIENTED_EDGE('',*,*,#6593,.F.);
#8812=ORIENTED_EDGE('',*,*,#6591,.F.);
#8813=ORIENTED_EDGE('',*,*,#6594,.F.);
#8814=ORIENTED_EDGE('',*,*,#6589,.T.);
#8815=ORIENTED_EDGE('',*,*,#6595,.T.);
#8816=ORIENTED_EDGE('',*,*,#6595,.F.);
#8817=ORIENTED_EDGE('',*,*,#6588,.F.);
#8818=ORIENTED_EDGE('',*,*,#6596,.F.);
#8819=ORIENTED_EDGE('',*,*,#6592,.F.);
#8820=ORIENTED_EDGE('',*,*,#6597,.F.);
#8821=ORIENTED_EDGE('',*,*,#6598,.F.);
#8822=ORIENTED_EDGE('',*,*,#6599,.F.);
#8823=ORIENTED_EDGE('',*,*,#6600,.F.);
#8824=ORIENTED_EDGE('',*,*,#6573,.T.);
#8825=ORIENTED_EDGE('',*,*,#6578,.T.);
#8826=ORIENTED_EDGE('',*,*,#6574,.T.);
#8827=ORIENTED_EDGE('',*,*,#6601,.T.);
#8828=ORIENTED_EDGE('',*,*,#6602,.T.);
#8829=ORIENTED_EDGE('',*,*,#6603,.T.);
#8830=ORIENTED_EDGE('',*,*,#6604,.T.);
#8831=ORIENTED_EDGE('',*,*,#6605,.T.);
#8832=ORIENTED_EDGE('',*,*,#6584,.T.);
#8833=ORIENTED_EDGE('',*,*,#6606,.T.);
#8834=ORIENTED_EDGE('',*,*,#6607,.T.);
#8835=ORIENTED_EDGE('',*,*,#6608,.F.);
#8836=ORIENTED_EDGE('',*,*,#6583,.T.);
#8837=ORIENTED_EDGE('',*,*,#6609,.T.);
#8838=ORIENTED_EDGE('',*,*,#6610,.T.);
#8839=ORIENTED_EDGE('',*,*,#6606,.F.);
#8840=ORIENTED_EDGE('',*,*,#6593,.T.);
#8841=ORIENTED_EDGE('',*,*,#6596,.T.);
#8842=ORIENTED_EDGE('',*,*,#6587,.T.);
#8843=ORIENTED_EDGE('',*,*,#6611,.F.);
#8844=ORIENTED_EDGE('',*,*,#6612,.T.);
#8845=ORIENTED_EDGE('',*,*,#6613,.T.);
#8846=ORIENTED_EDGE('',*,*,#6614,.T.);
#8847=ORIENTED_EDGE('',*,*,#6615,.F.);
#8848=ORIENTED_EDGE('',*,*,#6599,.T.);
#8849=ORIENTED_EDGE('',*,*,#6616,.T.);
#8850=ORIENTED_EDGE('',*,*,#6617,.T.);
#8851=ORIENTED_EDGE('',*,*,#6618,.F.);
#8852=ORIENTED_EDGE('',*,*,#6598,.T.);
#8853=ORIENTED_EDGE('',*,*,#6619,.T.);
#8854=ORIENTED_EDGE('',*,*,#6620,.T.);
#8855=ORIENTED_EDGE('',*,*,#6616,.F.);
#8856=ORIENTED_EDGE('',*,*,#6597,.T.);
#8857=ORIENTED_EDGE('',*,*,#6621,.T.);
#8858=ORIENTED_EDGE('',*,*,#6622,.T.);
#8859=ORIENTED_EDGE('',*,*,#6619,.F.);
#8860=ORIENTED_EDGE('',*,*,#6600,.T.);
#8861=ORIENTED_EDGE('',*,*,#6618,.T.);
#8862=ORIENTED_EDGE('',*,*,#6623,.T.);
#8863=ORIENTED_EDGE('',*,*,#6621,.F.);
#8864=ORIENTED_EDGE('',*,*,#6620,.F.);
#8865=ORIENTED_EDGE('',*,*,#6622,.F.);
#8866=ORIENTED_EDGE('',*,*,#6623,.F.);
#8867=ORIENTED_EDGE('',*,*,#6617,.F.);
#8868=ORIENTED_EDGE('',*,*,#6582,.T.);
#8869=ORIENTED_EDGE('',*,*,#6624,.T.);
#8870=ORIENTED_EDGE('',*,*,#6625,.T.);
#8871=ORIENTED_EDGE('',*,*,#6609,.F.);
#8872=ORIENTED_EDGE('',*,*,#6585,.T.);
#8873=ORIENTED_EDGE('',*,*,#6608,.T.);
#8874=ORIENTED_EDGE('',*,*,#6626,.T.);
#8875=ORIENTED_EDGE('',*,*,#6624,.F.);
#8876=ORIENTED_EDGE('',*,*,#6610,.F.);
#8877=ORIENTED_EDGE('',*,*,#6625,.F.);
#8878=ORIENTED_EDGE('',*,*,#6626,.F.);
#8879=ORIENTED_EDGE('',*,*,#6607,.F.);
#8880=ORIENTED_EDGE('',*,*,#6627,.F.);
#8881=ORIENTED_EDGE('',*,*,#6628,.F.);
#8882=ORIENTED_EDGE('',*,*,#6629,.F.);
#8883=ORIENTED_EDGE('',*,*,#6630,.F.);
#8884=ORIENTED_EDGE('',*,*,#6629,.T.);
#8885=ORIENTED_EDGE('',*,*,#6631,.T.);
#8886=ORIENTED_EDGE('',*,*,#6632,.T.);
#8887=ORIENTED_EDGE('',*,*,#6633,.F.);
#8888=ORIENTED_EDGE('',*,*,#6634,.F.);
#8889=ORIENTED_EDGE('',*,*,#6635,.F.);
#8890=ORIENTED_EDGE('',*,*,#6632,.F.);
#8891=ORIENTED_EDGE('',*,*,#6636,.F.);
#8892=ORIENTED_EDGE('',*,*,#6547,.T.);
#8893=ORIENTED_EDGE('',*,*,#6541,.T.);
#8894=ORIENTED_EDGE('',*,*,#6548,.T.);
#8895=ORIENTED_EDGE('',*,*,#6533,.T.);
#8896=ORIENTED_EDGE('',*,*,#6637,.F.);
#8897=ORIENTED_EDGE('',*,*,#6638,.F.);
#8898=ORIENTED_EDGE('',*,*,#6630,.T.);
#8899=ORIENTED_EDGE('',*,*,#6633,.T.);
#8900=ORIENTED_EDGE('',*,*,#6635,.T.);
#8901=ORIENTED_EDGE('',*,*,#6639,.F.);
#8902=ORIENTED_EDGE('',*,*,#6640,.F.);
#8903=ORIENTED_EDGE('',*,*,#6641,.T.);
#8904=ORIENTED_EDGE('',*,*,#6636,.T.);
#8905=ORIENTED_EDGE('',*,*,#6631,.F.);
#8906=ORIENTED_EDGE('',*,*,#6628,.T.);
#8907=ORIENTED_EDGE('',*,*,#6642,.F.);
#8908=ORIENTED_EDGE('',*,*,#6643,.F.);
#8909=ORIENTED_EDGE('',*,*,#6644,.T.);
#8910=ORIENTED_EDGE('',*,*,#6645,.F.);
#8911=ORIENTED_EDGE('',*,*,#6646,.F.);
#8912=ORIENTED_EDGE('',*,*,#6647,.F.);
#8913=ORIENTED_EDGE('',*,*,#6639,.T.);
#8914=ORIENTED_EDGE('',*,*,#6634,.T.);
#8915=ORIENTED_EDGE('',*,*,#6641,.F.);
#8916=ORIENTED_EDGE('',*,*,#6648,.F.);
#8917=ORIENTED_EDGE('',*,*,#6649,.T.);
#8918=ORIENTED_EDGE('',*,*,#6650,.T.);
#8919=ORIENTED_EDGE('',*,*,#6644,.F.);
#8920=ORIENTED_EDGE('',*,*,#6651,.F.);
#8921=ORIENTED_EDGE('',*,*,#6652,.T.);
#8922=ORIENTED_EDGE('',*,*,#6653,.T.);
#8923=ORIENTED_EDGE('',*,*,#6649,.F.);
#8924=ORIENTED_EDGE('',*,*,#6654,.F.);
#8925=ORIENTED_EDGE('',*,*,#6646,.T.);
#8926=ORIENTED_EDGE('',*,*,#6655,.T.);
#8927=ORIENTED_EDGE('',*,*,#6652,.F.);
#8928=ORIENTED_EDGE('',*,*,#6645,.T.);
#8929=ORIENTED_EDGE('',*,*,#6650,.F.);
#8930=ORIENTED_EDGE('',*,*,#6653,.F.);
#8931=ORIENTED_EDGE('',*,*,#6655,.F.);
#8932=ORIENTED_EDGE('',*,*,#6656,.F.);
#8933=ORIENTED_EDGE('',*,*,#6657,.F.);
#8934=ORIENTED_EDGE('',*,*,#6658,.F.);
#8935=ORIENTED_EDGE('',*,*,#6659,.F.);
#8936=ORIENTED_EDGE('',*,*,#6614,.F.);
#8937=ORIENTED_EDGE('',*,*,#6660,.F.);
#8938=ORIENTED_EDGE('',*,*,#6661,.F.);
#8939=ORIENTED_EDGE('',*,*,#6603,.F.);
#8940=ORIENTED_EDGE('',*,*,#6638,.T.);
#8941=ORIENTED_EDGE('',*,*,#6662,.F.);
#8942=ORIENTED_EDGE('',*,*,#6663,.F.);
#8943=ORIENTED_EDGE('',*,*,#6664,.F.);
#8944=ORIENTED_EDGE('',*,*,#6665,.F.);
#8945=ORIENTED_EDGE('',*,*,#6666,.F.);
#8946=ORIENTED_EDGE('',*,*,#6642,.T.);
#8947=ORIENTED_EDGE('',*,*,#6627,.T.);
#8948=ORIENTED_EDGE('',*,*,#6590,.T.);
#8949=ORIENTED_EDGE('',*,*,#6615,.T.);
#8950=ORIENTED_EDGE('',*,*,#6659,.T.);
#8951=ORIENTED_EDGE('',*,*,#6667,.T.);
#8952=ORIENTED_EDGE('',*,*,#6668,.T.);
#8953=ORIENTED_EDGE('',*,*,#6669,.T.);
#8954=ORIENTED_EDGE('',*,*,#6611,.T.);
#8955=ORIENTED_EDGE('',*,*,#6586,.T.);
#8956=ORIENTED_EDGE('',*,*,#6594,.T.);
#8957=ORIENTED_EDGE('',*,*,#6637,.T.);
#8958=ORIENTED_EDGE('',*,*,#6647,.T.);
#8959=ORIENTED_EDGE('',*,*,#6654,.T.);
#8960=ORIENTED_EDGE('',*,*,#6651,.T.);
#8961=ORIENTED_EDGE('',*,*,#6648,.T.);
#8962=ORIENTED_EDGE('',*,*,#6643,.T.);
#8963=ORIENTED_EDGE('',*,*,#6640,.T.);
#8964=ORIENTED_EDGE('',*,*,#6666,.T.);
#8965=ORIENTED_EDGE('',*,*,#6670,.T.);
#8966=ORIENTED_EDGE('',*,*,#6671,.F.);
#8967=ORIENTED_EDGE('',*,*,#6672,.F.);
#8968=ORIENTED_EDGE('',*,*,#6673,.F.);
#8969=ORIENTED_EDGE('',*,*,#6660,.T.);
#8970=ORIENTED_EDGE('',*,*,#6613,.F.);
#8971=ORIENTED_EDGE('',*,*,#6674,.F.);
#8972=ORIENTED_EDGE('',*,*,#6675,.F.);
#8973=ORIENTED_EDGE('',*,*,#6676,.T.);
#8974=ORIENTED_EDGE('',*,*,#6662,.T.);
#8975=ORIENTED_EDGE('',*,*,#6677,.F.);
#8976=ORIENTED_EDGE('',*,*,#6678,.F.);
#8977=ORIENTED_EDGE('',*,*,#6679,.F.);
#8978=ORIENTED_EDGE('',*,*,#6658,.T.);
#8979=ORIENTED_EDGE('',*,*,#6436,.F.);
#8980=ORIENTED_EDGE('',*,*,#6663,.T.);
#8981=ORIENTED_EDGE('',*,*,#6676,.F.);
#8982=ORIENTED_EDGE('',*,*,#6680,.F.);
#8983=ORIENTED_EDGE('',*,*,#6667,.F.);
#8984=ORIENTED_EDGE('',*,*,#6664,.T.);
#8985=ORIENTED_EDGE('',*,*,#6435,.T.);
#8986=ORIENTED_EDGE('',*,*,#6429,.F.);
#8987=ORIENTED_EDGE('',*,*,#6414,.F.);
#8988=ORIENTED_EDGE('',*,*,#6656,.T.);
#8989=ORIENTED_EDGE('',*,*,#6602,.F.);
#8990=ORIENTED_EDGE('',*,*,#6681,.F.);
#8991=ORIENTED_EDGE('',*,*,#6670,.F.);
#8992=ORIENTED_EDGE('',*,*,#6665,.T.);
#8993=ORIENTED_EDGE('',*,*,#6413,.F.);
#8994=ORIENTED_EDGE('',*,*,#6657,.T.);
#8995=ORIENTED_EDGE('',*,*,#6412,.T.);
#8996=ORIENTED_EDGE('',*,*,#6434,.F.);
#8997=ORIENTED_EDGE('',*,*,#6437,.F.);
#8998=ORIENTED_EDGE('',*,*,#6680,.T.);
#8999=ORIENTED_EDGE('',*,*,#6675,.T.);
#9000=ORIENTED_EDGE('',*,*,#6682,.F.);
#9001=ORIENTED_EDGE('',*,*,#6668,.F.);
#9002=ORIENTED_EDGE('',*,*,#6669,.F.);
#9003=ORIENTED_EDGE('',*,*,#6682,.T.);
#9004=ORIENTED_EDGE('',*,*,#6674,.T.);
#9005=ORIENTED_EDGE('',*,*,#6612,.F.);
#9006=ORIENTED_EDGE('',*,*,#6661,.T.);
#9007=ORIENTED_EDGE('',*,*,#6673,.T.);
#9008=ORIENTED_EDGE('',*,*,#6683,.F.);
#9009=ORIENTED_EDGE('',*,*,#6604,.F.);
#9010=ORIENTED_EDGE('',*,*,#6570,.T.);
#9011=ORIENTED_EDGE('',*,*,#6605,.F.);
#9012=ORIENTED_EDGE('',*,*,#6683,.T.);
#9013=ORIENTED_EDGE('',*,*,#6672,.T.);
#9014=ORIENTED_EDGE('',*,*,#6684,.F.);
#9015=ORIENTED_EDGE('',*,*,#6580,.T.);
#9016=ORIENTED_EDGE('',*,*,#6581,.T.);
#9017=ORIENTED_EDGE('',*,*,#6684,.T.);
#9018=ORIENTED_EDGE('',*,*,#6671,.T.);
#9019=ORIENTED_EDGE('',*,*,#6681,.T.);
#9020=ORIENTED_EDGE('',*,*,#6601,.F.);
#9021=ORIENTED_EDGE('',*,*,#6577,.T.);
#9022=ORIENTED_EDGE('',*,*,#6678,.T.);
#9023=ORIENTED_EDGE('',*,*,#6685,.T.);
#9024=ORIENTED_EDGE('',*,*,#6686,.F.);
#9025=ORIENTED_EDGE('',*,*,#6685,.F.);
#9026=ORIENTED_EDGE('',*,*,#6679,.T.);
#9027=ORIENTED_EDGE('',*,*,#6687,.T.);
#9028=ORIENTED_EDGE('',*,*,#6688,.F.);
#9029=ORIENTED_EDGE('',*,*,#6687,.F.);
#9030=ORIENTED_EDGE('',*,*,#6688,.T.);
#9031=ORIENTED_EDGE('',*,*,#6686,.T.);
#9032=ORIENTED_EDGE('',*,*,#6432,.F.);
#9033=ORIENTED_EDGE('',*,*,#6418,.T.);
#9034=ORIENTED_EDGE('',*,*,#6516,.F.);
#9035=ORIENTED_EDGE('',*,*,#6427,.F.);
#9036=ORIENTED_EDGE('',*,*,#6431,.F.);
#9037=ORIENTED_EDGE('',*,*,#6424,.T.);
#9038=ORIENTED_EDGE('',*,*,#6515,.F.);
#9039=ORIENTED_EDGE('',*,*,#6421,.F.);
#9040=ORIENTED_EDGE('',*,*,#6689,.T.);
#9041=ORIENTED_EDGE('',*,*,#6690,.T.);
#9042=ORIENTED_EDGE('',*,*,#6691,.T.);
#9043=ORIENTED_EDGE('',*,*,#6690,.F.);
#9044=ORIENTED_EDGE('',*,*,#6689,.F.);
#9045=ORIENTED_EDGE('',*,*,#6692,.T.);
#9046=ORIENTED_EDGE('',*,*,#6677,.T.);
#9047=ORIENTED_EDGE('',*,*,#6692,.F.);
#9048=ORIENTED_EDGE('',*,*,#6691,.F.);
#9049=ORIENTED_EDGE('',*,*,#6693,.T.);
#9050=ORIENTED_EDGE('',*,*,#6694,.T.);
#9051=ORIENTED_EDGE('',*,*,#6695,.T.);
#9052=ORIENTED_EDGE('',*,*,#6696,.T.);
#9053=ORIENTED_EDGE('',*,*,#6697,.T.);
#9054=ORIENTED_EDGE('',*,*,#6698,.T.);
#9055=ORIENTED_EDGE('',*,*,#6699,.T.);
#9056=ORIENTED_EDGE('',*,*,#6700,.T.);
#9057=ORIENTED_EDGE('',*,*,#6694,.F.);
#9058=ORIENTED_EDGE('',*,*,#6701,.T.);
#9059=ORIENTED_EDGE('',*,*,#6702,.T.);
#9060=ORIENTED_EDGE('',*,*,#6703,.T.);
#9061=ORIENTED_EDGE('',*,*,#6704,.T.);
#9062=ORIENTED_EDGE('',*,*,#6699,.F.);
#9063=ORIENTED_EDGE('',*,*,#6705,.T.);
#9064=ORIENTED_EDGE('',*,*,#6706,.T.);
#9065=ORIENTED_EDGE('',*,*,#6707,.T.);
#9066=ORIENTED_EDGE('',*,*,#6702,.F.);
#9067=ORIENTED_EDGE('',*,*,#6708,.T.);
#9068=ORIENTED_EDGE('',*,*,#6709,.T.);
#9069=ORIENTED_EDGE('',*,*,#6710,.T.);
#9070=ORIENTED_EDGE('',*,*,#6711,.T.);
#9071=ORIENTED_EDGE('',*,*,#6706,.F.);
#9072=ORIENTED_EDGE('',*,*,#6712,.T.);
#9073=ORIENTED_EDGE('',*,*,#6713,.T.);
#9074=ORIENTED_EDGE('',*,*,#6714,.T.);
#9075=ORIENTED_EDGE('',*,*,#6709,.F.);
#9076=ORIENTED_EDGE('',*,*,#6715,.T.);
#9077=ORIENTED_EDGE('',*,*,#6716,.T.);
#9078=ORIENTED_EDGE('',*,*,#6717,.T.);
#9079=ORIENTED_EDGE('',*,*,#6713,.F.);
#9080=ORIENTED_EDGE('',*,*,#6718,.F.);
#9081=ORIENTED_EDGE('',*,*,#6719,.T.);
#9082=ORIENTED_EDGE('',*,*,#6720,.T.);
#9083=ORIENTED_EDGE('',*,*,#6697,.F.);
#9084=ORIENTED_EDGE('',*,*,#6715,.F.);
#9085=ORIENTED_EDGE('',*,*,#6712,.F.);
#9086=ORIENTED_EDGE('',*,*,#6708,.F.);
#9087=ORIENTED_EDGE('',*,*,#6705,.F.);
#9088=ORIENTED_EDGE('',*,*,#6701,.F.);
#9089=ORIENTED_EDGE('',*,*,#6698,.F.);
#9090=ORIENTED_EDGE('',*,*,#6693,.F.);
#9091=ORIENTED_EDGE('',*,*,#6720,.F.);
#9092=ORIENTED_EDGE('',*,*,#6721,.F.);
#9093=ORIENTED_EDGE('',*,*,#6722,.F.);
#9094=ORIENTED_EDGE('',*,*,#6723,.F.);
#9095=ORIENTED_EDGE('',*,*,#6724,.F.);
#9096=ORIENTED_EDGE('',*,*,#6719,.F.);
#9097=ORIENTED_EDGE('',*,*,#6725,.T.);
#9098=ORIENTED_EDGE('',*,*,#6726,.T.);
#9099=ORIENTED_EDGE('',*,*,#6727,.T.);
#9100=ORIENTED_EDGE('',*,*,#6721,.T.);
#9101=ORIENTED_EDGE('',*,*,#6718,.T.);
#9102=ORIENTED_EDGE('',*,*,#6696,.F.);
#9103=ORIENTED_EDGE('',*,*,#6728,.T.);
#9104=ORIENTED_EDGE('',*,*,#6725,.F.);
#9105=ORIENTED_EDGE('',*,*,#6695,.F.);
#9106=ORIENTED_EDGE('',*,*,#6729,.F.);
#9107=ORIENTED_EDGE('',*,*,#6730,.F.);
#9108=ORIENTED_EDGE('',*,*,#6731,.T.);
#9109=ORIENTED_EDGE('',*,*,#6700,.F.);
#9110=ORIENTED_EDGE('',*,*,#6732,.F.);
#9111=ORIENTED_EDGE('',*,*,#6733,.F.);
#9112=ORIENTED_EDGE('',*,*,#6729,.T.);
#9113=ORIENTED_EDGE('',*,*,#6704,.F.);
#9114=ORIENTED_EDGE('',*,*,#6734,.F.);
#9115=ORIENTED_EDGE('',*,*,#6735,.F.);
#9116=ORIENTED_EDGE('',*,*,#6732,.T.);
#9117=ORIENTED_EDGE('',*,*,#6711,.F.);
#9118=ORIENTED_EDGE('',*,*,#6736,.T.);
#9119=ORIENTED_EDGE('',*,*,#6703,.F.);
#9120=ORIENTED_EDGE('',*,*,#6707,.F.);
#9121=ORIENTED_EDGE('',*,*,#6710,.F.);
#9122=ORIENTED_EDGE('',*,*,#6737,.F.);
#9123=ORIENTED_EDGE('',*,*,#6738,.F.);
#9124=ORIENTED_EDGE('',*,*,#6739,.T.);
#9125=ORIENTED_EDGE('',*,*,#6716,.F.);
#9126=ORIENTED_EDGE('',*,*,#6724,.T.);
#9127=ORIENTED_EDGE('',*,*,#6740,.T.);
#9128=ORIENTED_EDGE('',*,*,#6741,.T.);
#9129=ORIENTED_EDGE('',*,*,#6723,.T.);
#9130=ORIENTED_EDGE('',*,*,#6742,.F.);
#9131=ORIENTED_EDGE('',*,*,#6743,.T.);
#9132=ORIENTED_EDGE('',*,*,#6740,.F.);
#9133=ORIENTED_EDGE('',*,*,#6741,.F.);
#9134=ORIENTED_EDGE('',*,*,#6744,.F.);
#9135=ORIENTED_EDGE('',*,*,#6745,.F.);
#9136=ORIENTED_EDGE('',*,*,#6746,.T.);
#9137=ORIENTED_EDGE('',*,*,#6743,.F.);
#9138=ORIENTED_EDGE('',*,*,#6747,.F.);
#9139=ORIENTED_EDGE('',*,*,#6748,.F.);
#9140=ORIENTED_EDGE('',*,*,#6744,.T.);
#9141=ORIENTED_EDGE('',*,*,#6727,.F.);
#9142=ORIENTED_EDGE('',*,*,#6749,.T.);
#9143=ORIENTED_EDGE('',*,*,#6742,.T.);
#9144=ORIENTED_EDGE('',*,*,#6722,.T.);
#9145=ORIENTED_EDGE('',*,*,#6749,.F.);
#9146=ORIENTED_EDGE('',*,*,#6750,.F.);
#9147=ORIENTED_EDGE('',*,*,#6751,.F.);
#9148=ORIENTED_EDGE('',*,*,#6747,.T.);
#9149=ORIENTED_EDGE('',*,*,#6726,.F.);
#9150=ORIENTED_EDGE('',*,*,#6752,.F.);
#9151=ORIENTED_EDGE('',*,*,#6753,.F.);
#9152=ORIENTED_EDGE('',*,*,#6750,.T.);
#9153=ORIENTED_EDGE('',*,*,#6728,.F.);
#9154=ORIENTED_EDGE('',*,*,#6731,.F.);
#9155=ORIENTED_EDGE('',*,*,#6754,.F.);
#9156=ORIENTED_EDGE('',*,*,#6752,.T.);
#9157=ORIENTED_EDGE('',*,*,#6755,.F.);
#9158=ORIENTED_EDGE('',*,*,#6756,.T.);
#9159=ORIENTED_EDGE('',*,*,#6757,.F.);
#9160=ORIENTED_EDGE('',*,*,#6758,.F.);
#9161=ORIENTED_EDGE('',*,*,#6759,.F.);
#9162=ORIENTED_EDGE('',*,*,#6758,.T.);
#9163=ORIENTED_EDGE('',*,*,#6760,.F.);
#9164=ORIENTED_EDGE('',*,*,#6761,.F.);
#9165=ORIENTED_EDGE('',*,*,#6762,.F.);
#9166=ORIENTED_EDGE('',*,*,#6761,.T.);
#9167=ORIENTED_EDGE('',*,*,#6763,.F.);
#9168=ORIENTED_EDGE('',*,*,#6764,.F.);
#9169=ORIENTED_EDGE('',*,*,#6765,.F.);
#9170=ORIENTED_EDGE('',*,*,#6764,.T.);
#9171=ORIENTED_EDGE('',*,*,#6766,.F.);
#9172=ORIENTED_EDGE('',*,*,#6767,.F.);
#9173=ORIENTED_EDGE('',*,*,#6768,.F.);
#9174=ORIENTED_EDGE('',*,*,#6767,.T.);
#9175=ORIENTED_EDGE('',*,*,#6769,.F.);
#9176=ORIENTED_EDGE('',*,*,#6770,.F.);
#9177=ORIENTED_EDGE('',*,*,#6771,.T.);
#9178=ORIENTED_EDGE('',*,*,#6772,.T.);
#9179=ORIENTED_EDGE('',*,*,#6769,.T.);
#9180=ORIENTED_EDGE('',*,*,#6766,.T.);
#9181=ORIENTED_EDGE('',*,*,#6763,.T.);
#9182=ORIENTED_EDGE('',*,*,#6760,.T.);
#9183=ORIENTED_EDGE('',*,*,#6757,.T.);
#9184=ORIENTED_EDGE('',*,*,#6773,.T.);
#9185=ORIENTED_EDGE('',*,*,#6774,.F.);
#9186=ORIENTED_EDGE('',*,*,#6775,.T.);
#9187=ORIENTED_EDGE('',*,*,#6776,.F.);
#9188=ORIENTED_EDGE('',*,*,#6777,.F.);
#9189=ORIENTED_EDGE('',*,*,#6778,.F.);
#9190=ORIENTED_EDGE('',*,*,#6777,.T.);
#9191=ORIENTED_EDGE('',*,*,#6779,.F.);
#9192=ORIENTED_EDGE('',*,*,#6780,.F.);
#9193=ORIENTED_EDGE('',*,*,#6781,.F.);
#9194=ORIENTED_EDGE('',*,*,#6780,.T.);
#9195=ORIENTED_EDGE('',*,*,#6782,.F.);
#9196=ORIENTED_EDGE('',*,*,#6783,.F.);
#9197=ORIENTED_EDGE('',*,*,#6784,.F.);
#9198=ORIENTED_EDGE('',*,*,#6783,.T.);
#9199=ORIENTED_EDGE('',*,*,#6785,.F.);
#9200=ORIENTED_EDGE('',*,*,#6786,.F.);
#9201=ORIENTED_EDGE('',*,*,#6787,.F.);
#9202=ORIENTED_EDGE('',*,*,#6786,.T.);
#9203=ORIENTED_EDGE('',*,*,#6788,.F.);
#9204=ORIENTED_EDGE('',*,*,#6789,.F.);
#9205=ORIENTED_EDGE('',*,*,#6790,.T.);
#9206=ORIENTED_EDGE('',*,*,#6791,.T.);
#9207=ORIENTED_EDGE('',*,*,#6788,.T.);
#9208=ORIENTED_EDGE('',*,*,#6785,.T.);
#9209=ORIENTED_EDGE('',*,*,#6782,.T.);
#9210=ORIENTED_EDGE('',*,*,#6779,.T.);
#9211=ORIENTED_EDGE('',*,*,#6776,.T.);
#9212=ORIENTED_EDGE('',*,*,#6792,.T.);
#9213=ORIENTED_EDGE('',*,*,#6736,.F.);
#9214=ORIENTED_EDGE('',*,*,#6739,.F.);
#9215=ORIENTED_EDGE('',*,*,#6793,.F.);
#9216=ORIENTED_EDGE('',*,*,#6734,.T.);
#9217=ORIENTED_EDGE('',*,*,#6714,.F.);
#9218=ORIENTED_EDGE('',*,*,#6794,.F.);
#9219=ORIENTED_EDGE('',*,*,#6795,.F.);
#9220=ORIENTED_EDGE('',*,*,#6737,.T.);
#9221=ORIENTED_EDGE('',*,*,#6717,.F.);
#9222=ORIENTED_EDGE('',*,*,#6746,.F.);
#9223=ORIENTED_EDGE('',*,*,#6796,.F.);
#9224=ORIENTED_EDGE('',*,*,#6794,.T.);
#9225=ORIENTED_EDGE('',*,*,#6797,.F.);
#9226=ORIENTED_EDGE('',*,*,#6798,.F.);
#9227=ORIENTED_EDGE('',*,*,#6799,.T.);
#9228=ORIENTED_EDGE('',*,*,#6773,.F.);
#9229=ORIENTED_EDGE('',*,*,#6756,.F.);
#9230=ORIENTED_EDGE('',*,*,#6800,.F.);
#9231=ORIENTED_EDGE('',*,*,#6789,.T.);
#9232=ORIENTED_EDGE('',*,*,#6791,.F.);
#9233=ORIENTED_EDGE('',*,*,#6799,.F.);
#9234=ORIENTED_EDGE('',*,*,#6801,.F.);
#9235=ORIENTED_EDGE('',*,*,#6802,.T.);
#9236=ORIENTED_EDGE('',*,*,#6771,.F.);
#9237=ORIENTED_EDGE('',*,*,#6802,.F.);
#9238=ORIENTED_EDGE('',*,*,#6803,.F.);
#9239=ORIENTED_EDGE('',*,*,#6804,.F.);
#9240=ORIENTED_EDGE('',*,*,#6792,.F.);
#9241=ORIENTED_EDGE('',*,*,#6775,.F.);
#9242=ORIENTED_EDGE('',*,*,#6805,.F.);
#9243=ORIENTED_EDGE('',*,*,#6770,.T.);
#9244=ORIENTED_EDGE('',*,*,#6772,.F.);
#9245=ORIENTED_EDGE('',*,*,#6804,.T.);
#9246=ORIENTED_EDGE('',*,*,#6806,.F.);
#9247=ORIENTED_EDGE('',*,*,#6797,.T.);
#9248=ORIENTED_EDGE('',*,*,#6790,.F.);
#9249=ORIENTED_EDGE('',*,*,#6768,.T.);
#9250=ORIENTED_EDGE('',*,*,#6805,.T.);
#9251=ORIENTED_EDGE('',*,*,#6774,.T.);
#9252=ORIENTED_EDGE('',*,*,#6778,.T.);
#9253=ORIENTED_EDGE('',*,*,#6781,.T.);
#9254=ORIENTED_EDGE('',*,*,#6784,.T.);
#9255=ORIENTED_EDGE('',*,*,#6787,.T.);
#9256=ORIENTED_EDGE('',*,*,#6800,.T.);
#9257=ORIENTED_EDGE('',*,*,#6755,.T.);
#9258=ORIENTED_EDGE('',*,*,#6759,.T.);
#9259=ORIENTED_EDGE('',*,*,#6762,.T.);
#9260=ORIENTED_EDGE('',*,*,#6765,.T.);
#9261=ORIENTED_EDGE('',*,*,#6754,.T.);
#9262=ORIENTED_EDGE('',*,*,#6730,.T.);
#9263=ORIENTED_EDGE('',*,*,#6733,.T.);
#9264=ORIENTED_EDGE('',*,*,#6735,.T.);
#9265=ORIENTED_EDGE('',*,*,#6793,.T.);
#9266=ORIENTED_EDGE('',*,*,#6738,.T.);
#9267=ORIENTED_EDGE('',*,*,#6795,.T.);
#9268=ORIENTED_EDGE('',*,*,#6796,.T.);
#9269=ORIENTED_EDGE('',*,*,#6745,.T.);
#9270=ORIENTED_EDGE('',*,*,#6748,.T.);
#9271=ORIENTED_EDGE('',*,*,#6751,.T.);
#9272=ORIENTED_EDGE('',*,*,#6753,.T.);
#9273=ORIENTED_EDGE('',*,*,#6806,.T.);
#9274=ORIENTED_EDGE('',*,*,#6803,.T.);
#9275=ORIENTED_EDGE('',*,*,#6801,.T.);
#9276=ORIENTED_EDGE('',*,*,#6798,.T.);
#9277=ORIENTED_EDGE('',*,*,#6807,.T.);
#9278=ORIENTED_EDGE('',*,*,#6808,.T.);
#9279=ORIENTED_EDGE('',*,*,#6809,.T.);
#9280=ORIENTED_EDGE('',*,*,#6810,.T.);
#9281=ORIENTED_EDGE('',*,*,#6809,.F.);
#9282=ORIENTED_EDGE('',*,*,#6811,.F.);
#9283=ORIENTED_EDGE('',*,*,#6812,.F.);
#9284=ORIENTED_EDGE('',*,*,#6813,.F.);
#9285=ORIENTED_EDGE('',*,*,#6814,.F.);
#9286=ORIENTED_EDGE('',*,*,#6815,.T.);
#9287=ORIENTED_EDGE('',*,*,#6808,.F.);
#9288=ORIENTED_EDGE('',*,*,#6816,.T.);
#9289=ORIENTED_EDGE('',*,*,#6817,.F.);
#9290=ORIENTED_EDGE('',*,*,#6811,.T.);
#9291=ORIENTED_EDGE('',*,*,#6812,.T.);
#9292=ORIENTED_EDGE('',*,*,#6817,.T.);
#9293=ORIENTED_EDGE('',*,*,#6818,.T.);
#9294=ORIENTED_EDGE('',*,*,#6819,.T.);
#9295=ORIENTED_EDGE('',*,*,#6819,.F.);
#9296=ORIENTED_EDGE('',*,*,#6820,.F.);
#9297=ORIENTED_EDGE('',*,*,#6821,.F.);
#9298=ORIENTED_EDGE('',*,*,#6813,.T.);
#9299=ORIENTED_EDGE('',*,*,#6807,.F.);
#9300=ORIENTED_EDGE('',*,*,#6822,.F.);
#9301=ORIENTED_EDGE('',*,*,#6823,.F.);
#9302=ORIENTED_EDGE('',*,*,#6820,.T.);
#9303=ORIENTED_EDGE('',*,*,#6818,.F.);
#9304=ORIENTED_EDGE('',*,*,#6816,.F.);
#9305=ORIENTED_EDGE('',*,*,#6810,.F.);
#9306=ORIENTED_EDGE('',*,*,#6815,.F.);
#9307=ORIENTED_EDGE('',*,*,#6824,.F.);
#9308=ORIENTED_EDGE('',*,*,#6822,.T.);
#9309=ORIENTED_EDGE('',*,*,#6824,.T.);
#9310=ORIENTED_EDGE('',*,*,#6814,.T.);
#9311=ORIENTED_EDGE('',*,*,#6821,.T.);
#9312=ORIENTED_EDGE('',*,*,#6823,.T.);
#9313=ORIENTED_EDGE('',*,*,#6825,.T.);
#9314=ORIENTED_EDGE('',*,*,#6826,.T.);
#9315=ORIENTED_EDGE('',*,*,#6827,.T.);
#9316=ORIENTED_EDGE('',*,*,#6828,.T.);
#9317=ORIENTED_EDGE('',*,*,#6826,.F.);
#9318=ORIENTED_EDGE('',*,*,#6829,.T.);
#9319=ORIENTED_EDGE('',*,*,#6830,.F.);
#9320=ORIENTED_EDGE('',*,*,#6831,.T.);
#9321=ORIENTED_EDGE('',*,*,#6825,.F.);
#9322=ORIENTED_EDGE('',*,*,#6832,.F.);
#9323=ORIENTED_EDGE('',*,*,#6833,.F.);
#9324=ORIENTED_EDGE('',*,*,#6834,.T.);
#9325=ORIENTED_EDGE('',*,*,#6835,.F.);
#9326=ORIENTED_EDGE('',*,*,#6829,.F.);
#9327=ORIENTED_EDGE('',*,*,#6836,.T.);
#9328=ORIENTED_EDGE('',*,*,#6830,.T.);
#9329=ORIENTED_EDGE('',*,*,#6835,.T.);
#9330=ORIENTED_EDGE('',*,*,#6837,.T.);
#9331=ORIENTED_EDGE('',*,*,#6827,.F.);
#9332=ORIENTED_EDGE('',*,*,#6831,.F.);
#9333=ORIENTED_EDGE('',*,*,#6836,.F.);
#9334=ORIENTED_EDGE('',*,*,#6838,.F.);
#9335=ORIENTED_EDGE('',*,*,#6839,.F.);
#9336=ORIENTED_EDGE('',*,*,#6840,.T.);
#9337=ORIENTED_EDGE('',*,*,#6837,.F.);
#9338=ORIENTED_EDGE('',*,*,#6834,.F.);
#9339=ORIENTED_EDGE('',*,*,#6841,.F.);
#9340=ORIENTED_EDGE('',*,*,#6838,.T.);
#9341=ORIENTED_EDGE('',*,*,#6828,.F.);
#9342=ORIENTED_EDGE('',*,*,#6840,.F.);
#9343=ORIENTED_EDGE('',*,*,#6842,.F.);
#9344=ORIENTED_EDGE('',*,*,#6832,.T.);
#9345=ORIENTED_EDGE('',*,*,#6839,.T.);
#9346=ORIENTED_EDGE('',*,*,#6841,.T.);
#9347=ORIENTED_EDGE('',*,*,#6833,.T.);
#9348=ORIENTED_EDGE('',*,*,#6842,.T.);
#9349=ORIENTED_EDGE('',*,*,#6843,.F.);
#9350=ORIENTED_EDGE('',*,*,#6844,.T.);
#9351=ORIENTED_EDGE('',*,*,#6845,.F.);
#9352=ORIENTED_EDGE('',*,*,#6846,.F.);
#9353=ORIENTED_EDGE('',*,*,#6847,.F.);
#9354=ORIENTED_EDGE('',*,*,#6848,.F.);
#9355=ORIENTED_EDGE('',*,*,#6849,.F.);
#9356=ORIENTED_EDGE('',*,*,#6850,.T.);
#9357=ORIENTED_EDGE('',*,*,#6851,.F.);
#9358=ORIENTED_EDGE('',*,*,#6844,.F.);
#9359=ORIENTED_EDGE('',*,*,#6852,.F.);
#9360=ORIENTED_EDGE('',*,*,#6853,.T.);
#9361=ORIENTED_EDGE('',*,*,#6854,.F.);
#9362=ORIENTED_EDGE('',*,*,#6853,.F.);
#9363=ORIENTED_EDGE('',*,*,#6855,.T.);
#9364=ORIENTED_EDGE('',*,*,#6846,.T.);
#9365=ORIENTED_EDGE('',*,*,#6856,.F.);
#9366=ORIENTED_EDGE('',*,*,#6857,.F.);
#9367=ORIENTED_EDGE('',*,*,#6858,.T.);
#9368=ORIENTED_EDGE('',*,*,#6857,.T.);
#9369=ORIENTED_EDGE('',*,*,#6859,.F.);
#9370=ORIENTED_EDGE('',*,*,#6850,.F.);
#9371=ORIENTED_EDGE('',*,*,#6859,.T.);
#9372=ORIENTED_EDGE('',*,*,#6856,.T.);
#9373=ORIENTED_EDGE('',*,*,#6845,.T.);
#9374=ORIENTED_EDGE('',*,*,#6851,.T.);
#9375=ORIENTED_EDGE('',*,*,#6852,.T.);
#9376=ORIENTED_EDGE('',*,*,#6849,.T.);
#9377=ORIENTED_EDGE('',*,*,#6860,.F.);
#9378=ORIENTED_EDGE('',*,*,#6861,.T.);
#9379=ORIENTED_EDGE('',*,*,#6862,.T.);
#9380=ORIENTED_EDGE('',*,*,#6863,.T.);
#9381=ORIENTED_EDGE('',*,*,#6864,.F.);
#9382=ORIENTED_EDGE('',*,*,#6865,.T.);
#9383=ORIENTED_EDGE('',*,*,#6866,.T.);
#9384=ORIENTED_EDGE('',*,*,#6854,.T.);
#9385=ORIENTED_EDGE('',*,*,#6867,.F.);
#9386=ORIENTED_EDGE('',*,*,#6868,.T.);
#9387=ORIENTED_EDGE('',*,*,#6869,.F.);
#9388=ORIENTED_EDGE('',*,*,#6868,.F.);
#9389=ORIENTED_EDGE('',*,*,#6870,.F.);
#9390=ORIENTED_EDGE('',*,*,#6871,.F.);
#9391=ORIENTED_EDGE('',*,*,#6872,.F.);
#9392=ORIENTED_EDGE('',*,*,#6873,.F.);
#9393=ORIENTED_EDGE('',*,*,#6874,.F.);
#9394=ORIENTED_EDGE('',*,*,#6873,.T.);
#9395=ORIENTED_EDGE('',*,*,#6875,.F.);
#9396=ORIENTED_EDGE('',*,*,#6861,.F.);
#9397=ORIENTED_EDGE('',*,*,#6875,.T.);
#9398=ORIENTED_EDGE('',*,*,#6872,.T.);
#9399=ORIENTED_EDGE('',*,*,#6876,.F.);
#9400=ORIENTED_EDGE('',*,*,#6862,.F.);
#9401=ORIENTED_EDGE('',*,*,#6867,.T.);
#9402=ORIENTED_EDGE('',*,*,#6843,.T.);
#9403=ORIENTED_EDGE('',*,*,#6877,.T.);
#9404=ORIENTED_EDGE('',*,*,#6878,.T.);
#9405=ORIENTED_EDGE('',*,*,#6879,.T.);
#9406=ORIENTED_EDGE('',*,*,#6880,.T.);
#9407=ORIENTED_EDGE('',*,*,#6881,.T.);
#9408=ORIENTED_EDGE('',*,*,#6882,.T.);
#9409=ORIENTED_EDGE('',*,*,#6883,.T.);
#9410=ORIENTED_EDGE('',*,*,#6870,.T.);
#9411=ORIENTED_EDGE('',*,*,#6874,.T.);
#9412=ORIENTED_EDGE('',*,*,#6860,.T.);
#9413=ORIENTED_EDGE('',*,*,#6848,.T.);
#9414=ORIENTED_EDGE('',*,*,#6884,.T.);
#9415=ORIENTED_EDGE('',*,*,#6885,.T.);
#9416=ORIENTED_EDGE('',*,*,#6886,.F.);
#9417=ORIENTED_EDGE('',*,*,#6887,.F.);
#9418=ORIENTED_EDGE('',*,*,#6888,.F.);
#9419=ORIENTED_EDGE('',*,*,#6889,.T.);
#9420=ORIENTED_EDGE('',*,*,#6890,.F.);
#9421=ORIENTED_EDGE('',*,*,#6889,.F.);
#9422=ORIENTED_EDGE('',*,*,#6891,.T.);
#9423=ORIENTED_EDGE('',*,*,#6892,.T.);
#9424=ORIENTED_EDGE('',*,*,#6893,.F.);
#9425=ORIENTED_EDGE('',*,*,#6885,.F.);
#9426=ORIENTED_EDGE('',*,*,#6878,.F.);
#9427=ORIENTED_EDGE('',*,*,#6894,.F.);
#9428=ORIENTED_EDGE('',*,*,#6887,.T.);
#9429=ORIENTED_EDGE('',*,*,#6895,.F.);
#9430=ORIENTED_EDGE('',*,*,#6896,.F.);
#9431=ORIENTED_EDGE('',*,*,#6879,.F.);
#9432=ORIENTED_EDGE('',*,*,#6896,.T.);
#9433=ORIENTED_EDGE('',*,*,#6897,.F.);
#9434=ORIENTED_EDGE('',*,*,#6892,.F.);
#9435=ORIENTED_EDGE('',*,*,#6898,.F.);
#9436=ORIENTED_EDGE('',*,*,#6897,.T.);
#9437=ORIENTED_EDGE('',*,*,#6895,.T.);
#9438=ORIENTED_EDGE('',*,*,#6886,.T.);
#9439=ORIENTED_EDGE('',*,*,#6893,.T.);
#9440=ORIENTED_EDGE('',*,*,#6888,.T.);
#9441=ORIENTED_EDGE('',*,*,#6847,.T.);
#9442=ORIENTED_EDGE('',*,*,#6899,.T.);
#9443=ORIENTED_EDGE('',*,*,#6894,.T.);
#9444=ORIENTED_EDGE('',*,*,#6877,.F.);
#9445=ORIENTED_EDGE('',*,*,#6869,.T.);
#9446=ORIENTED_EDGE('',*,*,#6881,.F.);
#9447=ORIENTED_EDGE('',*,*,#6900,.F.);
#9448=ORIENTED_EDGE('',*,*,#6901,.F.);
#9449=ORIENTED_EDGE('',*,*,#6902,.F.);
#9450=ORIENTED_EDGE('',*,*,#6903,.F.);
#9451=ORIENTED_EDGE('',*,*,#6904,.T.);
#9452=ORIENTED_EDGE('',*,*,#6905,.F.);
#9453=ORIENTED_EDGE('',*,*,#6904,.F.);
#9454=ORIENTED_EDGE('',*,*,#6882,.F.);
#9455=ORIENTED_EDGE('',*,*,#6902,.T.);
#9456=ORIENTED_EDGE('',*,*,#6906,.F.);
#9457=ORIENTED_EDGE('',*,*,#6907,.F.);
#9458=ORIENTED_EDGE('',*,*,#6908,.F.);
#9459=ORIENTED_EDGE('',*,*,#6909,.F.);
#9460=ORIENTED_EDGE('',*,*,#6906,.T.);
#9461=ORIENTED_EDGE('',*,*,#6901,.T.);
#9462=ORIENTED_EDGE('',*,*,#6903,.T.);
#9463=ORIENTED_EDGE('',*,*,#6871,.T.);
#9464=ORIENTED_EDGE('',*,*,#6883,.F.);
#9465=ORIENTED_EDGE('',*,*,#6907,.T.);
#9466=ORIENTED_EDGE('',*,*,#6909,.T.);
#9467=ORIENTED_EDGE('',*,*,#6910,.T.);
#9468=ORIENTED_EDGE('',*,*,#6911,.F.);
#9469=ORIENTED_EDGE('',*,*,#6863,.F.);
#9470=ORIENTED_EDGE('',*,*,#6876,.T.);
#9471=ORIENTED_EDGE('',*,*,#6890,.T.);
#9472=ORIENTED_EDGE('',*,*,#6912,.F.);
#9473=ORIENTED_EDGE('',*,*,#6913,.T.);
#9474=ORIENTED_EDGE('',*,*,#6914,.T.);
#9475=ORIENTED_EDGE('',*,*,#6913,.F.);
#9476=ORIENTED_EDGE('',*,*,#6914,.F.);
#9477=ORIENTED_EDGE('',*,*,#6915,.F.);
#9478=ORIENTED_EDGE('',*,*,#6916,.T.);
#9479=ORIENTED_EDGE('',*,*,#6917,.T.);
#9480=ORIENTED_EDGE('',*,*,#6916,.F.);
#9481=ORIENTED_EDGE('',*,*,#6917,.F.);
#9482=ORIENTED_EDGE('',*,*,#6898,.T.);
#9483=ORIENTED_EDGE('',*,*,#6918,.T.);
#9484=ORIENTED_EDGE('',*,*,#6919,.T.);
#9485=ORIENTED_EDGE('',*,*,#6920,.F.);
#9486=ORIENTED_EDGE('',*,*,#6910,.F.);
#9487=ORIENTED_EDGE('',*,*,#6908,.T.);
#9488=ORIENTED_EDGE('',*,*,#6900,.T.);
#9489=ORIENTED_EDGE('',*,*,#6880,.F.);
#9490=ORIENTED_EDGE('',*,*,#6921,.F.);
#9491=ORIENTED_EDGE('',*,*,#6922,.T.);
#9492=ORIENTED_EDGE('',*,*,#6923,.T.);
#9493=ORIENTED_EDGE('',*,*,#6924,.F.);
#9494=ORIENTED_EDGE('',*,*,#6866,.F.);
#9495=ORIENTED_EDGE('',*,*,#6925,.F.);
#9496=ORIENTED_EDGE('',*,*,#6926,.F.);
#9497=ORIENTED_EDGE('',*,*,#6927,.F.);
#9498=ORIENTED_EDGE('',*,*,#6923,.F.);
#9499=ORIENTED_EDGE('',*,*,#6928,.F.);
#9500=ORIENTED_EDGE('',*,*,#6918,.F.);
#9501=ORIENTED_EDGE('',*,*,#6891,.F.);
#9502=ORIENTED_EDGE('',*,*,#6884,.F.);
#9503=ORIENTED_EDGE('',*,*,#6899,.F.);
#9504=ORIENTED_EDGE('',*,*,#6855,.F.);
#9505=ORIENTED_EDGE('',*,*,#6858,.F.);
#9506=ORIENTED_EDGE('',*,*,#6929,.T.);
#9507=ORIENTED_EDGE('',*,*,#6930,.T.);
#9508=ORIENTED_EDGE('',*,*,#6931,.T.);
#9509=ORIENTED_EDGE('',*,*,#6932,.T.);
#9510=ORIENTED_EDGE('',*,*,#6912,.T.);
#9511=ORIENTED_EDGE('',*,*,#6915,.T.);
#9512=ORIENTED_EDGE('',*,*,#6933,.T.);
#9513=ORIENTED_EDGE('',*,*,#6934,.T.);
#9514=ORIENTED_EDGE('',*,*,#6935,.T.);
#9515=ORIENTED_EDGE('',*,*,#6864,.T.);
#9516=ORIENTED_EDGE('',*,*,#6911,.T.);
#9517=ORIENTED_EDGE('',*,*,#6920,.T.);
#9518=ORIENTED_EDGE('',*,*,#6936,.T.);
#9519=ORIENTED_EDGE('',*,*,#6921,.T.);
#9520=ORIENTED_EDGE('',*,*,#6933,.F.);
#9521=ORIENTED_EDGE('',*,*,#6924,.T.);
#9522=ORIENTED_EDGE('',*,*,#6927,.T.);
#9523=ORIENTED_EDGE('',*,*,#6937,.F.);
#9524=ORIENTED_EDGE('',*,*,#6934,.F.);
#9525=ORIENTED_EDGE('',*,*,#6937,.T.);
#9526=ORIENTED_EDGE('',*,*,#6926,.T.);
#9527=ORIENTED_EDGE('',*,*,#6938,.F.);
#9528=ORIENTED_EDGE('',*,*,#6935,.F.);
#9529=ORIENTED_EDGE('',*,*,#6938,.T.);
#9530=ORIENTED_EDGE('',*,*,#6925,.T.);
#9531=ORIENTED_EDGE('',*,*,#6865,.F.);
#9532=ORIENTED_EDGE('',*,*,#6936,.F.);
#9533=ORIENTED_EDGE('',*,*,#6919,.F.);
#9534=ORIENTED_EDGE('',*,*,#6928,.T.);
#9535=ORIENTED_EDGE('',*,*,#6922,.F.);
#9536=ORIENTED_EDGE('',*,*,#6939,.T.);
#9537=ORIENTED_EDGE('',*,*,#6940,.T.);
#9538=ORIENTED_EDGE('',*,*,#6931,.F.);
#9539=ORIENTED_EDGE('',*,*,#6941,.F.);
#9540=ORIENTED_EDGE('',*,*,#6942,.T.);
#9541=ORIENTED_EDGE('',*,*,#6941,.T.);
#9542=ORIENTED_EDGE('',*,*,#6930,.F.);
#9543=ORIENTED_EDGE('',*,*,#6943,.F.);
#9544=ORIENTED_EDGE('',*,*,#6944,.T.);
#9545=ORIENTED_EDGE('',*,*,#6943,.T.);
#9546=ORIENTED_EDGE('',*,*,#6929,.F.);
#9547=ORIENTED_EDGE('',*,*,#6945,.F.);
#9548=ORIENTED_EDGE('',*,*,#6946,.T.);
#9549=ORIENTED_EDGE('',*,*,#6945,.T.);
#9550=ORIENTED_EDGE('',*,*,#6932,.F.);
#9551=ORIENTED_EDGE('',*,*,#6940,.F.);
#9552=ORIENTED_EDGE('',*,*,#6905,.T.);
#9553=ORIENTED_EDGE('',*,*,#6946,.F.);
#9554=ORIENTED_EDGE('',*,*,#6939,.F.);
#9555=ORIENTED_EDGE('',*,*,#6942,.F.);
#9556=ORIENTED_EDGE('',*,*,#6944,.F.);
#9557=ORIENTED_EDGE('',*,*,#6947,.F.);
#9558=ORIENTED_EDGE('',*,*,#6948,.F.);
#9559=ORIENTED_EDGE('',*,*,#6949,.F.);
#9560=ORIENTED_EDGE('',*,*,#6950,.F.);
#9561=ORIENTED_EDGE('',*,*,#6951,.F.);
#9562=ORIENTED_EDGE('',*,*,#6952,.F.);
#9563=ORIENTED_EDGE('',*,*,#6953,.F.);
#9564=ORIENTED_EDGE('',*,*,#6954,.F.);
#9565=ORIENTED_EDGE('',*,*,#6955,.F.);
#9566=ORIENTED_EDGE('',*,*,#6956,.F.);
#9567=ORIENTED_EDGE('',*,*,#6957,.F.);
#9568=ORIENTED_EDGE('',*,*,#6958,.F.);
#9569=ORIENTED_EDGE('',*,*,#6959,.F.);
#9570=ORIENTED_EDGE('',*,*,#6960,.F.);
#9571=ORIENTED_EDGE('',*,*,#6961,.F.);
#9572=ORIENTED_EDGE('',*,*,#6957,.T.);
#9573=ORIENTED_EDGE('',*,*,#6962,.F.);
#9574=ORIENTED_EDGE('',*,*,#6963,.F.);
#9575=ORIENTED_EDGE('',*,*,#6958,.T.);
#9576=ORIENTED_EDGE('',*,*,#6963,.T.);
#9577=ORIENTED_EDGE('',*,*,#6964,.T.);
#9578=ORIENTED_EDGE('',*,*,#6960,.T.);
#9579=ORIENTED_EDGE('',*,*,#6965,.T.);
#9580=ORIENTED_EDGE('',*,*,#6966,.T.);
#9581=ORIENTED_EDGE('',*,*,#6959,.T.);
#9582=ORIENTED_EDGE('',*,*,#6967,.T.);
#9583=ORIENTED_EDGE('',*,*,#6968,.T.);
#9584=ORIENTED_EDGE('',*,*,#6962,.T.);
#9585=ORIENTED_EDGE('',*,*,#6961,.T.);
#9586=ORIENTED_EDGE('',*,*,#6969,.T.);
#9587=ORIENTED_EDGE('',*,*,#6952,.T.);
#9588=ORIENTED_EDGE('',*,*,#6970,.T.);
#9589=ORIENTED_EDGE('',*,*,#6971,.T.);
#9590=ORIENTED_EDGE('',*,*,#6972,.T.);
#9591=ORIENTED_EDGE('',*,*,#6973,.T.);
#9592=ORIENTED_EDGE('',*,*,#6974,.T.);
#9593=ORIENTED_EDGE('',*,*,#6966,.F.);
#9594=ORIENTED_EDGE('',*,*,#6975,.T.);
#9595=ORIENTED_EDGE('',*,*,#6976,.F.);
#9596=ORIENTED_EDGE('',*,*,#6977,.F.);
#9597=ORIENTED_EDGE('',*,*,#6978,.F.);
#9598=ORIENTED_EDGE('',*,*,#6979,.T.);
#9599=ORIENTED_EDGE('',*,*,#6980,.F.);
#9600=ORIENTED_EDGE('',*,*,#6969,.F.);
#9601=ORIENTED_EDGE('',*,*,#6981,.T.);
#9602=ORIENTED_EDGE('',*,*,#6982,.T.);
#9603=ORIENTED_EDGE('',*,*,#6983,.T.);
#9604=ORIENTED_EDGE('',*,*,#6984,.T.);
#9605=ORIENTED_EDGE('',*,*,#6954,.T.);
#9606=ORIENTED_EDGE('',*,*,#6985,.F.);
#9607=ORIENTED_EDGE('',*,*,#6986,.F.);
#9608=ORIENTED_EDGE('',*,*,#6987,.F.);
#9609=ORIENTED_EDGE('',*,*,#6988,.F.);
#9610=ORIENTED_EDGE('',*,*,#6955,.T.);
#9611=ORIENTED_EDGE('',*,*,#6988,.T.);
#9612=ORIENTED_EDGE('',*,*,#6989,.T.);
#9613=ORIENTED_EDGE('',*,*,#6985,.T.);
#9614=ORIENTED_EDGE('',*,*,#6956,.T.);
#9615=ORIENTED_EDGE('',*,*,#6990,.T.);
#9616=ORIENTED_EDGE('',*,*,#6991,.T.);
#9617=ORIENTED_EDGE('',*,*,#6977,.T.);
#9618=ORIENTED_EDGE('',*,*,#6987,.T.);
#9619=ORIENTED_EDGE('',*,*,#6992,.T.);
#9620=ORIENTED_EDGE('',*,*,#6993,.T.);
#9621=ORIENTED_EDGE('',*,*,#6986,.T.);
#9622=ORIENTED_EDGE('',*,*,#6976,.T.);
#9623=ORIENTED_EDGE('',*,*,#6994,.T.);
#9624=ORIENTED_EDGE('',*,*,#6950,.T.);
#9625=ORIENTED_EDGE('',*,*,#6995,.F.);
#9626=ORIENTED_EDGE('',*,*,#6996,.F.);
#9627=ORIENTED_EDGE('',*,*,#6951,.T.);
#9628=ORIENTED_EDGE('',*,*,#6996,.T.);
#9629=ORIENTED_EDGE('',*,*,#6997,.T.);
#9630=ORIENTED_EDGE('',*,*,#6995,.T.);
#9631=ORIENTED_EDGE('',*,*,#6998,.T.);
#9632=ORIENTED_EDGE('',*,*,#6999,.T.);
#9633=ORIENTED_EDGE('',*,*,#6953,.T.);
#9634=ORIENTED_EDGE('',*,*,#6980,.T.);
#9635=ORIENTED_EDGE('',*,*,#7000,.T.);
#9636=ORIENTED_EDGE('',*,*,#6947,.T.);
#9637=ORIENTED_EDGE('',*,*,#7001,.F.);
#9638=ORIENTED_EDGE('',*,*,#6991,.F.);
#9639=ORIENTED_EDGE('',*,*,#7002,.F.);
#9640=ORIENTED_EDGE('',*,*,#6948,.T.);
#9641=ORIENTED_EDGE('',*,*,#7002,.T.);
#9642=ORIENTED_EDGE('',*,*,#7003,.T.);
#9643=ORIENTED_EDGE('',*,*,#7001,.T.);
#9644=ORIENTED_EDGE('',*,*,#7004,.T.);
#9645=ORIENTED_EDGE('',*,*,#6978,.T.);
#9646=ORIENTED_EDGE('',*,*,#6949,.T.);
#9647=ORIENTED_EDGE('',*,*,#7005,.T.);
#9648=ORIENTED_EDGE('',*,*,#7006,.T.);
#9649=ORIENTED_EDGE('',*,*,#6982,.F.);
#9650=ORIENTED_EDGE('',*,*,#7007,.T.);
#9651=ORIENTED_EDGE('',*,*,#6997,.F.);
#9652=ORIENTED_EDGE('',*,*,#7007,.F.);
#9653=ORIENTED_EDGE('',*,*,#6984,.F.);
#9654=ORIENTED_EDGE('',*,*,#7008,.T.);
#9655=ORIENTED_EDGE('',*,*,#6964,.F.);
#9656=ORIENTED_EDGE('',*,*,#7008,.F.);
#9657=ORIENTED_EDGE('',*,*,#6981,.F.);
#9658=ORIENTED_EDGE('',*,*,#7009,.T.);
#9659=ORIENTED_EDGE('',*,*,#7003,.F.);
#9660=ORIENTED_EDGE('',*,*,#7009,.F.);
#9661=ORIENTED_EDGE('',*,*,#6983,.F.);
#9662=ORIENTED_EDGE('',*,*,#7010,.T.);
#9663=ORIENTED_EDGE('',*,*,#6989,.F.);
#9664=ORIENTED_EDGE('',*,*,#7010,.F.);
#9665=ORIENTED_EDGE('',*,*,#7011,.T.);
#9666=ORIENTED_EDGE('',*,*,#7005,.F.);
#9667=ORIENTED_EDGE('',*,*,#6990,.F.);
#9668=ORIENTED_EDGE('',*,*,#6993,.F.);
#9669=ORIENTED_EDGE('',*,*,#7012,.T.);
#9670=ORIENTED_EDGE('',*,*,#6967,.F.);
#9671=ORIENTED_EDGE('',*,*,#6974,.F.);
#9672=ORIENTED_EDGE('',*,*,#7013,.T.);
#9673=ORIENTED_EDGE('',*,*,#7014,.T.);
#9674=ORIENTED_EDGE('',*,*,#7015,.T.);
#9675=ORIENTED_EDGE('',*,*,#6970,.F.);
#9676=ORIENTED_EDGE('',*,*,#6999,.F.);
#9677=ORIENTED_EDGE('',*,*,#7016,.T.);
#9678=ORIENTED_EDGE('',*,*,#7017,.T.);
#9679=ORIENTED_EDGE('',*,*,#7018,.T.);
#9680=ORIENTED_EDGE('',*,*,#7019,.T.);
#9681=ORIENTED_EDGE('',*,*,#6968,.F.);
#9682=ORIENTED_EDGE('',*,*,#7012,.F.);
#9683=ORIENTED_EDGE('',*,*,#6992,.F.);
#9684=ORIENTED_EDGE('',*,*,#6994,.F.);
#9685=ORIENTED_EDGE('',*,*,#6975,.F.);
#9686=ORIENTED_EDGE('',*,*,#6965,.F.);
#9687=ORIENTED_EDGE('',*,*,#7020,.T.);
#9688=ORIENTED_EDGE('',*,*,#7017,.F.);
#9689=ORIENTED_EDGE('',*,*,#7021,.T.);
#9690=ORIENTED_EDGE('',*,*,#7022,.T.);
#9691=ORIENTED_EDGE('',*,*,#7023,.T.);
#9692=ORIENTED_EDGE('',*,*,#7024,.T.);
#9693=ORIENTED_EDGE('',*,*,#7013,.F.);
#9694=ORIENTED_EDGE('',*,*,#6973,.F.);
#9695=ORIENTED_EDGE('',*,*,#7025,.T.);
#9696=ORIENTED_EDGE('',*,*,#7026,.T.);
#9697=ORIENTED_EDGE('',*,*,#7014,.F.);
#9698=ORIENTED_EDGE('',*,*,#7024,.F.);
#9699=ORIENTED_EDGE('',*,*,#7027,.F.);
#9700=ORIENTED_EDGE('',*,*,#7028,.T.);
#9701=ORIENTED_EDGE('',*,*,#7018,.F.);
#9702=ORIENTED_EDGE('',*,*,#7020,.F.);
#9703=ORIENTED_EDGE('',*,*,#7029,.F.);
#9704=ORIENTED_EDGE('',*,*,#7030,.T.);
#9705=ORIENTED_EDGE('',*,*,#7029,.T.);
#9706=ORIENTED_EDGE('',*,*,#7022,.F.);
#9707=ORIENTED_EDGE('',*,*,#7031,.F.);
#9708=ORIENTED_EDGE('',*,*,#7032,.T.);
#9709=ORIENTED_EDGE('',*,*,#7031,.T.);
#9710=ORIENTED_EDGE('',*,*,#7021,.F.);
#9711=ORIENTED_EDGE('',*,*,#7016,.F.);
#9712=ORIENTED_EDGE('',*,*,#7033,.T.);
#9713=ORIENTED_EDGE('',*,*,#7027,.T.);
#9714=ORIENTED_EDGE('',*,*,#7023,.F.);
#9715=ORIENTED_EDGE('',*,*,#7034,.F.);
#9716=ORIENTED_EDGE('',*,*,#7035,.T.);
#9717=ORIENTED_EDGE('',*,*,#7034,.T.);
#9718=ORIENTED_EDGE('',*,*,#7025,.F.);
#9719=ORIENTED_EDGE('',*,*,#6972,.F.);
#9720=ORIENTED_EDGE('',*,*,#7028,.F.);
#9721=ORIENTED_EDGE('',*,*,#7030,.F.);
#9722=ORIENTED_EDGE('',*,*,#7032,.F.);
#9723=ORIENTED_EDGE('',*,*,#7019,.F.);
#9724=ORIENTED_EDGE('',*,*,#7033,.F.);
#9725=ORIENTED_EDGE('',*,*,#7035,.F.);
#9726=ORIENTED_EDGE('',*,*,#6971,.F.);
#9727=ORIENTED_EDGE('',*,*,#7015,.F.);
#9728=ORIENTED_EDGE('',*,*,#7026,.F.);
#9729=ORIENTED_EDGE('',*,*,#7000,.F.);
#9730=ORIENTED_EDGE('',*,*,#6979,.F.);
#9731=ORIENTED_EDGE('',*,*,#7004,.F.);
#9732=ORIENTED_EDGE('',*,*,#7006,.F.);
#9733=ORIENTED_EDGE('',*,*,#7011,.F.);
#9734=ORIENTED_EDGE('',*,*,#6998,.F.);
#9735=ORIENTED_EDGE('',*,*,#7036,.F.);
#9736=ORIENTED_EDGE('',*,*,#7037,.T.);
#9737=ORIENTED_EDGE('',*,*,#7038,.T.);
#9738=ORIENTED_EDGE('',*,*,#7037,.F.);
#9739=ORIENTED_EDGE('',*,*,#7038,.F.);
#9740=ORIENTED_EDGE('',*,*,#7039,.F.);
#9741=ORIENTED_EDGE('',*,*,#7040,.T.);
#9742=ORIENTED_EDGE('',*,*,#7041,.T.);
#9743=ORIENTED_EDGE('',*,*,#7040,.F.);
#9744=ORIENTED_EDGE('',*,*,#7041,.F.);
#9745=ORIENTED_EDGE('',*,*,#7042,.F.);
#9746=ORIENTED_EDGE('',*,*,#7043,.T.);
#9747=ORIENTED_EDGE('',*,*,#7044,.T.);
#9748=ORIENTED_EDGE('',*,*,#7043,.F.);
#9749=ORIENTED_EDGE('',*,*,#7044,.F.);
#9750=ORIENTED_EDGE('',*,*,#7045,.F.);
#9751=ORIENTED_EDGE('',*,*,#7046,.T.);
#9752=ORIENTED_EDGE('',*,*,#7047,.T.);
#9753=ORIENTED_EDGE('',*,*,#7046,.F.);
#9754=ORIENTED_EDGE('',*,*,#7047,.F.);
#9755=ORIENTED_EDGE('',*,*,#7048,.F.);
#9756=ORIENTED_EDGE('',*,*,#7049,.T.);
#9757=ORIENTED_EDGE('',*,*,#7050,.F.);
#9758=ORIENTED_EDGE('',*,*,#7051,.T.);
#9759=ORIENTED_EDGE('',*,*,#7052,.F.);
#9760=ORIENTED_EDGE('',*,*,#7053,.F.);
#9761=ORIENTED_EDGE('',*,*,#7054,.F.);
#9762=ORIENTED_EDGE('',*,*,#7055,.F.);
#9763=ORIENTED_EDGE('',*,*,#7045,.T.);
#9764=ORIENTED_EDGE('',*,*,#7042,.T.);
#9765=ORIENTED_EDGE('',*,*,#7039,.T.);
#9766=ORIENTED_EDGE('',*,*,#7036,.T.);
#9767=ORIENTED_EDGE('',*,*,#7050,.T.);
#9768=ORIENTED_EDGE('',*,*,#7056,.F.);
#9769=ORIENTED_EDGE('',*,*,#7057,.F.);
#9770=ORIENTED_EDGE('',*,*,#7058,.F.);
#9771=ORIENTED_EDGE('',*,*,#7059,.T.);
#9772=ORIENTED_EDGE('',*,*,#7060,.T.);
#9773=ORIENTED_EDGE('',*,*,#7061,.T.);
#9774=ORIENTED_EDGE('',*,*,#7062,.T.);
#9775=ORIENTED_EDGE('',*,*,#7063,.T.);
#9776=ORIENTED_EDGE('',*,*,#7064,.T.);
#9777=ORIENTED_EDGE('',*,*,#7057,.T.);
#9778=ORIENTED_EDGE('',*,*,#7065,.T.);
#9779=ORIENTED_EDGE('',*,*,#7066,.T.);
#9780=ORIENTED_EDGE('',*,*,#7067,.T.);
#9781=ORIENTED_EDGE('',*,*,#7068,.T.);
#9782=ORIENTED_EDGE('',*,*,#7069,.T.);
#9783=ORIENTED_EDGE('',*,*,#7070,.T.);
#9784=ORIENTED_EDGE('',*,*,#7064,.F.);
#9785=ORIENTED_EDGE('',*,*,#7071,.T.);
#9786=ORIENTED_EDGE('',*,*,#7072,.T.);
#9787=ORIENTED_EDGE('',*,*,#7073,.T.);
#9788=ORIENTED_EDGE('',*,*,#7074,.T.);
#9789=ORIENTED_EDGE('',*,*,#7075,.T.);
#9790=ORIENTED_EDGE('',*,*,#7076,.T.);
#9791=ORIENTED_EDGE('',*,*,#7069,.F.);
#9792=ORIENTED_EDGE('',*,*,#7061,.F.);
#9793=ORIENTED_EDGE('',*,*,#7077,.F.);
#9794=ORIENTED_EDGE('',*,*,#7072,.F.);
#9795=ORIENTED_EDGE('',*,*,#7078,.F.);
#9796=ORIENTED_EDGE('',*,*,#7062,.F.);
#9797=ORIENTED_EDGE('',*,*,#7079,.T.);
#9798=ORIENTED_EDGE('',*,*,#7080,.F.);
#9799=ORIENTED_EDGE('',*,*,#7079,.F.);
#9800=ORIENTED_EDGE('',*,*,#7066,.F.);
#9801=ORIENTED_EDGE('',*,*,#7081,.T.);
#9802=ORIENTED_EDGE('',*,*,#7082,.T.);
#9803=ORIENTED_EDGE('',*,*,#7083,.T.);
#9804=ORIENTED_EDGE('',*,*,#7074,.F.);
#9805=ORIENTED_EDGE('',*,*,#7068,.F.);
#9806=ORIENTED_EDGE('',*,*,#7084,.T.);
#9807=ORIENTED_EDGE('',*,*,#7085,.T.);
#9808=ORIENTED_EDGE('',*,*,#7073,.F.);
#9809=ORIENTED_EDGE('',*,*,#7077,.T.);
#9810=ORIENTED_EDGE('',*,*,#7086,.T.);
#9811=ORIENTED_EDGE('',*,*,#7087,.T.);
#9812=ORIENTED_EDGE('',*,*,#7088,.T.);
#9813=ORIENTED_EDGE('',*,*,#7089,.T.);
#9814=ORIENTED_EDGE('',*,*,#7070,.F.);
#9815=ORIENTED_EDGE('',*,*,#7090,.F.);
#9816=ORIENTED_EDGE('',*,*,#7091,.T.);
#9817=ORIENTED_EDGE('',*,*,#7058,.T.);
#9818=ORIENTED_EDGE('',*,*,#7092,.F.);
#9819=ORIENTED_EDGE('',*,*,#7093,.T.);
#9820=ORIENTED_EDGE('',*,*,#7090,.T.);
#9821=ORIENTED_EDGE('',*,*,#7076,.F.);
#9822=ORIENTED_EDGE('',*,*,#7094,.T.);
#9823=ORIENTED_EDGE('',*,*,#7048,.T.);
#9824=ORIENTED_EDGE('',*,*,#7095,.F.);
#9825=ORIENTED_EDGE('',*,*,#7096,.T.);
#9826=ORIENTED_EDGE('',*,*,#7097,.F.);
#9827=ORIENTED_EDGE('',*,*,#7098,.T.);
#9828=ORIENTED_EDGE('',*,*,#7099,.F.);
#9829=ORIENTED_EDGE('',*,*,#7098,.F.);
#9830=ORIENTED_EDGE('',*,*,#7067,.F.);
#9831=ORIENTED_EDGE('',*,*,#7085,.F.);
#9832=ORIENTED_EDGE('',*,*,#7100,.T.);
#9833=ORIENTED_EDGE('',*,*,#7101,.F.);
#9834=ORIENTED_EDGE('',*,*,#7100,.F.);
#9835=ORIENTED_EDGE('',*,*,#7084,.F.);
#9836=ORIENTED_EDGE('',*,*,#7102,.T.);
#9837=ORIENTED_EDGE('',*,*,#7103,.T.);
#9838=ORIENTED_EDGE('',*,*,#7104,.T.);
#9839=ORIENTED_EDGE('',*,*,#7105,.F.);
#9840=ORIENTED_EDGE('',*,*,#7106,.T.);
#9841=ORIENTED_EDGE('',*,*,#7107,.T.);
#9842=ORIENTED_EDGE('',*,*,#7108,.F.);
#9843=ORIENTED_EDGE('',*,*,#7109,.T.);
#9844=ORIENTED_EDGE('',*,*,#7110,.T.);
#9845=ORIENTED_EDGE('',*,*,#7103,.F.);
#9846=ORIENTED_EDGE('',*,*,#7111,.T.);
#9847=ORIENTED_EDGE('',*,*,#7112,.F.);
#9848=ORIENTED_EDGE('',*,*,#7052,.T.);
#9849=ORIENTED_EDGE('',*,*,#7113,.T.);
#9850=ORIENTED_EDGE('',*,*,#7051,.F.);
#9851=ORIENTED_EDGE('',*,*,#7060,.F.);
#9852=ORIENTED_EDGE('',*,*,#7114,.T.);
#9853=ORIENTED_EDGE('',*,*,#7115,.T.);
#9854=ORIENTED_EDGE('',*,*,#7116,.T.);
#9855=ORIENTED_EDGE('',*,*,#7117,.T.);
#9856=ORIENTED_EDGE('',*,*,#7118,.T.);
#9857=ORIENTED_EDGE('',*,*,#7095,.T.);
#9858=ORIENTED_EDGE('',*,*,#7097,.T.);
#9859=ORIENTED_EDGE('',*,*,#7119,.F.);
#9860=ORIENTED_EDGE('',*,*,#7120,.F.);
#9861=ORIENTED_EDGE('',*,*,#7115,.F.);
#9862=ORIENTED_EDGE('',*,*,#7121,.T.);
#9863=ORIENTED_EDGE('',*,*,#7122,.F.);
#9864=ORIENTED_EDGE('',*,*,#7123,.F.);
#9865=ORIENTED_EDGE('',*,*,#7117,.F.);
#9866=ORIENTED_EDGE('',*,*,#7124,.T.);
#9867=ORIENTED_EDGE('',*,*,#7125,.F.);
#9868=ORIENTED_EDGE('',*,*,#7124,.F.);
#9869=ORIENTED_EDGE('',*,*,#7116,.F.);
#9870=ORIENTED_EDGE('',*,*,#7120,.T.);
#9871=ORIENTED_EDGE('',*,*,#7126,.F.);
#9872=ORIENTED_EDGE('',*,*,#7127,.F.);
#9873=ORIENTED_EDGE('',*,*,#7128,.F.);
#9874=ORIENTED_EDGE('',*,*,#7129,.T.);
#9875=ORIENTED_EDGE('',*,*,#7130,.F.);
#9876=ORIENTED_EDGE('',*,*,#7129,.F.);
#9877=ORIENTED_EDGE('',*,*,#7131,.F.);
#9878=ORIENTED_EDGE('',*,*,#7132,.T.);
#9879=ORIENTED_EDGE('',*,*,#7133,.F.);
#9880=ORIENTED_EDGE('',*,*,#7132,.F.);
#9881=ORIENTED_EDGE('',*,*,#7134,.F.);
#9882=ORIENTED_EDGE('',*,*,#7135,.T.);
#9883=ORIENTED_EDGE('',*,*,#7136,.F.);
#9884=ORIENTED_EDGE('',*,*,#7135,.F.);
#9885=ORIENTED_EDGE('',*,*,#7137,.F.);
#9886=ORIENTED_EDGE('',*,*,#7127,.T.);
#9887=ORIENTED_EDGE('',*,*,#7138,.T.);
#9888=ORIENTED_EDGE('',*,*,#7139,.F.);
#9889=ORIENTED_EDGE('',*,*,#7140,.F.);
#9890=ORIENTED_EDGE('',*,*,#7107,.F.);
#9891=ORIENTED_EDGE('',*,*,#7141,.T.);
#9892=ORIENTED_EDGE('',*,*,#7113,.F.);
#9893=ORIENTED_EDGE('',*,*,#7055,.T.);
#9894=ORIENTED_EDGE('',*,*,#7142,.T.);
#9895=ORIENTED_EDGE('',*,*,#7133,.T.);
#9896=ORIENTED_EDGE('',*,*,#7136,.T.);
#9897=ORIENTED_EDGE('',*,*,#7126,.T.);
#9898=ORIENTED_EDGE('',*,*,#7130,.T.);
#9899=ORIENTED_EDGE('',*,*,#7143,.T.);
#9900=ORIENTED_EDGE('',*,*,#7142,.F.);
#9901=ORIENTED_EDGE('',*,*,#7054,.T.);
#9902=ORIENTED_EDGE('',*,*,#7144,.T.);
#9903=ORIENTED_EDGE('',*,*,#7145,.T.);
#9904=ORIENTED_EDGE('',*,*,#7144,.F.);
#9905=ORIENTED_EDGE('',*,*,#7053,.T.);
#9906=ORIENTED_EDGE('',*,*,#7112,.T.);
#9907=ORIENTED_EDGE('',*,*,#7146,.T.);
#9908=ORIENTED_EDGE('',*,*,#7122,.T.);
#9909=ORIENTED_EDGE('',*,*,#7125,.T.);
#9910=ORIENTED_EDGE('',*,*,#7119,.T.);
#9911=ORIENTED_EDGE('',*,*,#7099,.T.);
#9912=ORIENTED_EDGE('',*,*,#7049,.F.);
#9913=ORIENTED_EDGE('',*,*,#7094,.F.);
#9914=ORIENTED_EDGE('',*,*,#7075,.F.);
#9915=ORIENTED_EDGE('',*,*,#7083,.F.);
#9916=ORIENTED_EDGE('',*,*,#7147,.F.);
#9917=ORIENTED_EDGE('',*,*,#7081,.F.);
#9918=ORIENTED_EDGE('',*,*,#7065,.F.);
#9919=ORIENTED_EDGE('',*,*,#7056,.T.);
#9920=ORIENTED_EDGE('',*,*,#7134,.T.);
#9921=ORIENTED_EDGE('',*,*,#7131,.T.);
#9922=ORIENTED_EDGE('',*,*,#7128,.T.);
#9923=ORIENTED_EDGE('',*,*,#7137,.T.);
#9924=ORIENTED_EDGE('',*,*,#7140,.T.);
#9925=ORIENTED_EDGE('',*,*,#7148,.T.);
#9926=ORIENTED_EDGE('',*,*,#7147,.T.);
#9927=ORIENTED_EDGE('',*,*,#7108,.T.);
#9928=ORIENTED_EDGE('',*,*,#7063,.F.);
#9929=ORIENTED_EDGE('',*,*,#7078,.T.);
#9930=ORIENTED_EDGE('',*,*,#7071,.F.);
#9931=ORIENTED_EDGE('',*,*,#7087,.F.);
#9932=ORIENTED_EDGE('',*,*,#7149,.T.);
#9933=ORIENTED_EDGE('',*,*,#7150,.F.);
#9934=ORIENTED_EDGE('',*,*,#7151,.F.);
#9935=ORIENTED_EDGE('',*,*,#7088,.F.);
#9936=ORIENTED_EDGE('',*,*,#7151,.T.);
#9937=ORIENTED_EDGE('',*,*,#7152,.F.);
#9938=ORIENTED_EDGE('',*,*,#7153,.F.);
#9939=ORIENTED_EDGE('',*,*,#7089,.F.);
#9940=ORIENTED_EDGE('',*,*,#7153,.T.);
#9941=ORIENTED_EDGE('',*,*,#7154,.F.);
#9942=ORIENTED_EDGE('',*,*,#7155,.F.);
#9943=ORIENTED_EDGE('',*,*,#7086,.F.);
#9944=ORIENTED_EDGE('',*,*,#7155,.T.);
#9945=ORIENTED_EDGE('',*,*,#7156,.F.);
#9946=ORIENTED_EDGE('',*,*,#7149,.F.);
#9947=ORIENTED_EDGE('',*,*,#7109,.F.);
#9948=ORIENTED_EDGE('',*,*,#7082,.F.);
#9949=ORIENTED_EDGE('',*,*,#7157,.F.);
#9950=ORIENTED_EDGE('',*,*,#7158,.F.);
#9951=ORIENTED_EDGE('',*,*,#7110,.F.);
#9952=ORIENTED_EDGE('',*,*,#7158,.T.);
#9953=ORIENTED_EDGE('',*,*,#7159,.F.);
#9954=ORIENTED_EDGE('',*,*,#7104,.F.);
#9955=ORIENTED_EDGE('',*,*,#7156,.T.);
#9956=ORIENTED_EDGE('',*,*,#7154,.T.);
#9957=ORIENTED_EDGE('',*,*,#7152,.T.);
#9958=ORIENTED_EDGE('',*,*,#7150,.T.);
#9959=ORIENTED_EDGE('',*,*,#7160,.T.);
#9960=ORIENTED_EDGE('',*,*,#7105,.T.);
#9961=ORIENTED_EDGE('',*,*,#7159,.T.);
#9962=ORIENTED_EDGE('',*,*,#7157,.T.);
#9963=ORIENTED_EDGE('',*,*,#7148,.F.);
#9964=ORIENTED_EDGE('',*,*,#7139,.T.);
#9965=ORIENTED_EDGE('',*,*,#7161,.T.);
#9966=ORIENTED_EDGE('',*,*,#7162,.F.);
#9967=ORIENTED_EDGE('',*,*,#7163,.F.);
#9968=ORIENTED_EDGE('',*,*,#7096,.F.);
#9969=ORIENTED_EDGE('',*,*,#7118,.F.);
#9970=ORIENTED_EDGE('',*,*,#7123,.T.);
#9971=ORIENTED_EDGE('',*,*,#7146,.F.);
#9972=ORIENTED_EDGE('',*,*,#7111,.F.);
#9973=ORIENTED_EDGE('',*,*,#7141,.F.);
#9974=ORIENTED_EDGE('',*,*,#7106,.F.);
#9975=ORIENTED_EDGE('',*,*,#7102,.F.);
#9976=ORIENTED_EDGE('',*,*,#7160,.F.);
#9977=ORIENTED_EDGE('',*,*,#7138,.F.);
#9978=ORIENTED_EDGE('',*,*,#7143,.F.);
#9979=ORIENTED_EDGE('',*,*,#7145,.F.);
#9980=ORIENTED_EDGE('',*,*,#7121,.F.);
#9981=ORIENTED_EDGE('',*,*,#7114,.F.);
#9982=ORIENTED_EDGE('',*,*,#7059,.F.);
#9983=ORIENTED_EDGE('',*,*,#7091,.F.);
#9984=ORIENTED_EDGE('',*,*,#7093,.F.);
#9985=ORIENTED_EDGE('',*,*,#7101,.T.);
#9986=ORIENTED_EDGE('',*,*,#7080,.T.);
#9987=ORIENTED_EDGE('',*,*,#7092,.T.);
#9988=ORIENTED_EDGE('',*,*,#7163,.T.);
#9989=ORIENTED_EDGE('',*,*,#7164,.F.);
#9990=ORIENTED_EDGE('',*,*,#7161,.F.);
#9991=ORIENTED_EDGE('',*,*,#7164,.T.);
#9992=ORIENTED_EDGE('',*,*,#7162,.T.);
#9993=PLANE('',#11007);
#9994=PLANE('',#11008);
#9995=PLANE('',#11012);
#9996=PLANE('',#11020);
#9997=PLANE('',#11027);
#9998=PLANE('',#11031);
#9999=PLANE('',#11032);
#10000=PLANE('',#11033);
#10001=PLANE('',#11034);
#10002=PLANE('',#11035);
#10003=PLANE('',#11036);
#10004=PLANE('',#11037);
#10005=PLANE('',#11038);
#10006=PLANE('',#11039);
#10007=PLANE('',#11040);
#10008=PLANE('',#11041);
#10009=PLANE('',#11042);
#10010=PLANE('',#11043);
#10011=PLANE('',#11044);
#10012=PLANE('',#11045);
#10013=PLANE('',#11046);
#10014=PLANE('',#11047);
#10015=PLANE('',#11048);
#10016=PLANE('',#11049);
#10017=PLANE('',#11050);
#10018=PLANE('',#11051);
#10019=PLANE('',#11052);
#10020=PLANE('',#11053);
#10021=PLANE('',#11054);
#10022=PLANE('',#11055);
#10023=PLANE('',#11056);
#10024=PLANE('',#11057);
#10025=PLANE('',#11058);
#10026=PLANE('',#11059);
#10027=PLANE('',#11060);
#10028=PLANE('',#11061);
#10029=PLANE('',#11062);
#10030=PLANE('',#11063);
#10031=PLANE('',#11064);
#10032=PLANE('',#11065);
#10033=PLANE('',#11066);
#10034=PLANE('',#11067);
#10035=PLANE('',#11068);
#10036=PLANE('',#11069);
#10037=PLANE('',#11070);
#10038=PLANE('',#11071);
#10039=PLANE('',#11072);
#10040=PLANE('',#11073);
#10041=PLANE('',#11074);
#10042=PLANE('',#11075);
#10043=PLANE('',#11076);
#10044=PLANE('',#11077);
#10045=PLANE('',#11078);
#10046=PLANE('',#11079);
#10047=PLANE('',#11080);
#10048=PLANE('',#11081);
#10049=PLANE('',#11082);
#10050=PLANE('',#11083);
#10051=PLANE('',#11084);
#10052=PLANE('',#11085);
#10053=PLANE('',#11086);
#10054=PLANE('',#11087);
#10055=PLANE('',#11088);
#10056=PLANE('',#11089);
#10057=PLANE('',#11090);
#10058=PLANE('',#11091);
#10059=PLANE('',#11092);
#10060=PLANE('',#11093);
#10061=PLANE('',#11094);
#10062=PLANE('',#11095);
#10063=PLANE('',#11096);
#10064=PLANE('',#11097);
#10065=PLANE('',#11098);
#10066=PLANE('',#11099);
#10067=PLANE('',#11100);
#10068=PLANE('',#11101);
#10069=PLANE('',#11102);
#10070=PLANE('',#11103);
#10071=PLANE('',#11104);
#10072=PLANE('',#11105);
#10073=PLANE('',#11106);
#10074=PLANE('',#11107);
#10075=PLANE('',#11108);
#10076=PLANE('',#11109);
#10077=PLANE('',#11110);
#10078=PLANE('',#11111);
#10079=PLANE('',#11112);
#10080=PLANE('',#11113);
#10081=PLANE('',#11114);
#10082=PLANE('',#11115);
#10083=PLANE('',#11116);
#10084=PLANE('',#11117);
#10085=PLANE('',#11118);
#10086=PLANE('',#11119);
#10087=PLANE('',#11120);
#10088=PLANE('',#11121);
#10089=PLANE('',#11122);
#10090=PLANE('',#11123);
#10091=PLANE('',#11124);
#10092=PLANE('',#11125);
#10093=PLANE('',#11126);
#10094=PLANE('',#11127);
#10095=PLANE('',#11128);
#10096=PLANE('',#11129);
#10097=PLANE('',#11130);
#10098=PLANE('',#11131);
#10099=PLANE('',#11132);
#10100=PLANE('',#11133);
#10101=PLANE('',#11134);
#10102=PLANE('',#11135);
#10103=PLANE('',#11136);
#10104=PLANE('',#11137);
#10105=PLANE('',#11138);
#10106=PLANE('',#11139);
#10107=PLANE('',#11140);
#10108=PLANE('',#11141);
#10109=PLANE('',#11142);
#10110=PLANE('',#11143);
#10111=PLANE('',#11144);
#10112=PLANE('',#11150);
#10113=PLANE('',#11151);
#10114=PLANE('',#11152);
#10115=PLANE('',#11247);
#10116=PLANE('',#11344);
#10117=PLANE('',#11345);
#10118=PLANE('',#11478);
#10119=PLANE('',#11479);
#10120=PLANE('',#11483);
#10121=PLANE('',#11485);
#10122=PLANE('',#11497);
#10123=PLANE('',#11498);
#10124=PLANE('',#11513);
#10125=PLANE('',#11514);
#10126=PLANE('',#11515);
#10127=PLANE('',#11516);
#10128=PLANE('',#11517);
#10129=PLANE('',#11518);
#10130=PLANE('',#11519);
#10131=PLANE('',#11520);
#10132=PLANE('',#11521);
#10133=PLANE('',#11522);
#10134=PLANE('',#11523);
#10135=PLANE('',#11524);
#10136=PLANE('',#11525);
#10137=PLANE('',#11526);
#10138=PLANE('',#11527);
#10139=PLANE('',#11529);
#10140=PLANE('',#11530);
#10141=PLANE('',#11534);
#10142=PLANE('',#11535);
#10143=PLANE('',#11536);
#10144=PLANE('',#11537);
#10145=PLANE('',#11538);
#10146=PLANE('',#11539);
#10147=PLANE('',#11540);
#10148=PLANE('',#11541);
#10149=PLANE('',#11546);
#10150=PLANE('',#11547);
#10151=PLANE('',#11549);
#10152=PLANE('',#11550);
#10153=PLANE('',#11551);
#10154=PLANE('',#11556);
#10155=PLANE('',#11557);
#10156=PLANE('',#11558);
#10157=PLANE('',#11559);
#10158=PLANE('',#11560);
#10159=PLANE('',#11561);
#10160=PLANE('',#11564);
#10161=PLANE('',#11565);
#10162=PLANE('',#11566);
#10163=PLANE('',#11567);
#10164=PLANE('',#11568);
#10165=PLANE('',#11569);
#10166=PLANE('',#11571);
#10167=PLANE('',#11573);
#10168=PLANE('',#11575);
#10169=PLANE('',#11577);
#10170=PLANE('',#11578);
#10171=PLANE('',#11580);
#10172=PLANE('',#11581);
#10173=PLANE('',#11583);
#10174=PLANE('',#11584);
#10175=PLANE('',#11586);
#10176=PLANE('',#11587);
#10177=PLANE('',#11591);
#10178=PLANE('',#11592);
#10179=PLANE('',#11593);
#10180=PLANE('',#11597);
#10181=PLANE('',#11598);
#10182=PLANE('',#11599);
#10183=PLANE('',#11600);
#10184=PLANE('',#11601);
#10185=PLANE('',#11602);
#10186=PLANE('',#11603);
#10187=PLANE('',#11604);
#10188=PLANE('',#11605);
#10189=PLANE('',#11606);
#10190=PLANE('',#11607);
#10191=PLANE('',#11608);
#10192=PLANE('',#11609);
#10193=PLANE('',#11610);
#10194=PLANE('',#11611);
#10195=PLANE('',#11612);
#10196=PLANE('',#11613);
#10197=PLANE('',#11614);
#10198=PLANE('',#11615);
#10199=PLANE('',#11616);
#10200=PLANE('',#11617);
#10201=PLANE('',#11618);
#10202=PLANE('',#11619);
#10203=PLANE('',#11620);
#10204=PLANE('',#11621);
#10205=PLANE('',#11622);
#10206=PLANE('',#11623);
#10207=PLANE('',#11627);
#10208=PLANE('',#11628);
#10209=PLANE('',#11629);
#10210=PLANE('',#11630);
#10211=PLANE('',#11631);
#10212=PLANE('',#11632);
#10213=PLANE('',#11633);
#10214=PLANE('',#11634);
#10215=PLANE('',#11635);
#10216=PLANE('',#11640);
#10217=PLANE('',#11641);
#10218=PLANE('',#11642);
#10219=PLANE('',#11643);
#10220=PLANE('',#11648);
#10221=PLANE('',#11650);
#10222=PLANE('',#11651);
#10223=PLANE('',#11652);
#10224=PLANE('',#11653);
#10225=PLANE('',#11654);
#10226=PLANE('',#11655);
#10227=PLANE('',#11656);
#10228=PLANE('',#11657);
#10229=PLANE('',#11658);
#10230=PLANE('',#11659);
#10231=PLANE('',#11660);
#10232=PLANE('',#11661);
#10233=PLANE('',#11662);
#10234=PLANE('',#11663);
#10235=PLANE('',#11664);
#10236=PLANE('',#11665);
#10237=PLANE('',#11666);
#10238=PLANE('',#11667);
#10239=PLANE('',#11668);
#10240=PLANE('',#11669);
#10241=PLANE('',#11670);
#10242=PLANE('',#11671);
#10243=PLANE('',#11672);
#10244=PLANE('',#11673);
#10245=PLANE('',#11674);
#10246=PLANE('',#11675);
#10247=PLANE('',#11676);
#10248=PLANE('',#11677);
#10249=PLANE('',#11678);
#10250=PLANE('',#11679);
#10251=PLANE('',#11680);
#10252=PLANE('',#11681);
#10253=PLANE('',#11682);
#10254=PLANE('',#11683);
#10255=PLANE('',#11684);
#10256=PLANE('',#11685);
#10257=PLANE('',#11686);
#10258=PLANE('',#11687);
#10259=PLANE('',#11688);
#10260=PLANE('',#11689);
#10261=PLANE('',#11690);
#10262=PLANE('',#11691);
#10263=PLANE('',#11692);
#10264=PLANE('',#11693);
#10265=PLANE('',#11694);
#10266=PLANE('',#11696);
#10267=PLANE('',#11697);
#10268=PLANE('',#11698);
#10269=PLANE('',#11699);
#10270=PLANE('',#11700);
#10271=PLANE('',#11701);
#10272=PLANE('',#11702);
#10273=PLANE('',#11703);
#10274=PLANE('',#11704);
#10275=PLANE('',#11705);
#10276=PLANE('',#11706);
#10277=PLANE('',#11707);
#10278=PLANE('',#11708);
#10279=PLANE('',#11709);
#10280=PLANE('',#11710);
#10281=PLANE('',#11711);
#10282=PLANE('',#11748);
#10283=PLANE('',#11749);
#10284=PLANE('',#11753);
#10285=PLANE('',#11754);
#10286=PLANE('',#11755);
#10287=PLANE('',#11756);
#10288=PLANE('',#11757);
#10289=PLANE('',#11761);
#10290=PLANE('',#11762);
#10291=PLANE('',#11763);
#10292=PLANE('',#11764);
#10293=PLANE('',#11765);
#10294=PLANE('',#11769);
#10295=PLANE('',#11770);
#10296=PLANE('',#11771);
#10297=PLANE('',#11772);
#10298=PLANE('',#11773);
#10299=PLANE('',#11774);
#10300=PLANE('',#11775);
#10301=PLANE('',#11779);
#10302=PLANE('',#11780);
#10303=PLANE('',#11781);
#10304=PLANE('',#11782);
#10305=PLANE('',#11786);
#10306=PLANE('',#11790);
#10307=PLANE('',#11791);
#10308=PLANE('',#11792);
#10309=PLANE('',#11793);
#10310=PLANE('',#11794);
#10311=PLANE('',#11795);
#10312=PLANE('',#11796);
#10313=PLANE('',#11797);
#10314=PLANE('',#11798);
#10315=PLANE('',#11799);
#10316=PLANE('',#11800);
#10317=PLANE('',#11801);
#10318=PLANE('',#11802);
#10319=PLANE('',#11803);
#10320=PLANE('',#11804);
#10321=PLANE('',#11815);
#10322=PLANE('',#11824);
#10323=PLANE('',#11831);
#10324=PLANE('',#11840);
#10325=PLANE('',#11848);
#10326=PLANE('',#11858);
#10327=PLANE('',#11859);
#10328=PLANE('',#11860);
#10329=PLANE('',#11863);
#10330=PLANE('',#11870);
#10331=PLANE('',#11873);
#10332=PLANE('',#11876);
#10333=PLANE('',#11877);
#10334=PLANE('',#11878);
#10335=PLANE('',#11882);
#10336=PLANE('',#11886);
#10337=PLANE('',#11890);
#10338=PLANE('',#11894);
#10339=PLANE('',#11895);
#10340=PLANE('',#11896);
#10341=PLANE('',#11908);
#10342=PLANE('',#11911);
#10343=PLANE('',#11912);
#10344=PLANE('',#11919);
#10345=PLANE('',#11920);
#10346=PLANE('',#11921);
#10347=PLANE('',#11922);
#10348=PLANE('',#11923);
#10349=PLANE('',#11924);
#10350=PLANE('',#11925);
#10351=PLANE('',#11926);
#10352=PLANE('',#11927);
#10353=PLANE('',#11928);
#10354=PLANE('',#11929);
#10355=PLANE('',#11930);
#10356=PLANE('',#11931);
#10357=PLANE('',#11932);
#10358=PLANE('',#11933);
#10359=PLANE('',#11934);
#10360=PLANE('',#11935);
#10361=PLANE('',#11936);
#10362=PLANE('',#11937);
#10363=PLANE('',#11938);
#10364=PLANE('',#11939);
#10365=PLANE('',#11940);
#10366=PLANE('',#11941);
#10367=PLANE('',#11942);
#10368=PLANE('',#11943);
#10369=PLANE('',#11946);
#10370=ADVANCED_FACE('',(#1342),#9993,.F.);
#10371=ADVANCED_FACE('',(#1343),#9994,.T.);
#10372=ADVANCED_FACE('',(#1344),#556,.F.);
#10373=ADVANCED_FACE('',(#1345),#9995,.T.);
#10374=ADVANCED_FACE('',(#1346),#557,.T.);
#10375=ADVANCED_FACE('',(#1347),#549,.T.);
#10376=ADVANCED_FACE('',(#1348),#550,.T.);
#10377=ADVANCED_FACE('',(#1349,#318),#9996,.F.);
#10378=ADVANCED_FACE('',(#1350),#558,.T.);
#10379=ADVANCED_FACE('',(#1351),#551,.T.);
#10380=ADVANCED_FACE('',(#1352),#9997,.F.);
#10381=ADVANCED_FACE('',(#1353),#9998,.F.);
#10382=ADVANCED_FACE('',(#1354),#9999,.F.);
#10383=ADVANCED_FACE('',(#1355),#10000,.T.);
#10384=ADVANCED_FACE('',(#1356,#319,#320,#321,#322),#10001,.F.);
#10385=ADVANCED_FACE('',(#1357),#10002,.T.);
#10386=ADVANCED_FACE('',(#1358),#10003,.F.);
#10387=ADVANCED_FACE('',(#1359),#10004,.F.);
#10388=ADVANCED_FACE('',(#1360,#323,#324,#325,#326),#10005,.T.);
#10389=ADVANCED_FACE('',(#1361),#10006,.F.);
#10390=ADVANCED_FACE('',(#1362),#10007,.F.);
#10391=ADVANCED_FACE('',(#1363),#10008,.T.);
#10392=ADVANCED_FACE('',(#1364),#10009,.T.);
#10393=ADVANCED_FACE('',(#1365),#10010,.T.);
#10394=ADVANCED_FACE('',(#1366),#10011,.T.);
#10395=ADVANCED_FACE('',(#1367),#10012,.T.);
#10396=ADVANCED_FACE('',(#1368),#10013,.T.);
#10397=ADVANCED_FACE('',(#1369),#10014,.T.);
#10398=ADVANCED_FACE('',(#1370),#10015,.T.);
#10399=ADVANCED_FACE('',(#1371),#10016,.T.);
#10400=ADVANCED_FACE('',(#1372),#10017,.T.);
#10401=ADVANCED_FACE('',(#1373),#10018,.T.);
#10402=ADVANCED_FACE('',(#1374),#10019,.T.);
#10403=ADVANCED_FACE('',(#1375),#10020,.T.);
#10404=ADVANCED_FACE('',(#1376),#10021,.T.);
#10405=ADVANCED_FACE('',(#1377),#10022,.T.);
#10406=ADVANCED_FACE('',(#1378),#10023,.T.);
#10407=ADVANCED_FACE('',(#1379),#10024,.T.);
#10408=ADVANCED_FACE('',(#1380),#10025,.F.);
#10409=ADVANCED_FACE('',(#1381),#10026,.T.);
#10410=ADVANCED_FACE('',(#1382),#10027,.T.);
#10411=ADVANCED_FACE('',(#1383),#10028,.T.);
#10412=ADVANCED_FACE('',(#1384),#10029,.F.);
#10413=ADVANCED_FACE('',(#1385),#10030,.T.);
#10414=ADVANCED_FACE('',(#1386),#10031,.T.);
#10415=ADVANCED_FACE('',(#1387),#10032,.T.);
#10416=ADVANCED_FACE('',(#1388),#10033,.F.);
#10417=ADVANCED_FACE('',(#1389),#10034,.T.);
#10418=ADVANCED_FACE('',(#1390),#10035,.T.);
#10419=ADVANCED_FACE('',(#1391),#10036,.T.);
#10420=ADVANCED_FACE('',(#1392),#10037,.F.);
#10421=ADVANCED_FACE('',(#1393),#10038,.T.);
#10422=ADVANCED_FACE('',(#1394),#10039,.T.);
#10423=ADVANCED_FACE('',(#1395),#10040,.F.);
#10424=ADVANCED_FACE('',(#1396),#10041,.F.);
#10425=ADVANCED_FACE('',(#1397),#10042,.F.);
#10426=ADVANCED_FACE('',(#1398),#10043,.F.);
#10427=ADVANCED_FACE('',(#1399),#10044,.F.);
#10428=ADVANCED_FACE('',(#1400),#10045,.F.);
#10429=ADVANCED_FACE('',(#1401),#10046,.F.);
#10430=ADVANCED_FACE('',(#1402),#10047,.F.);
#10431=ADVANCED_FACE('',(#1403),#10048,.F.);
#10432=ADVANCED_FACE('',(#1404),#10049,.F.);
#10433=ADVANCED_FACE('',(#1405),#10050,.F.);
#10434=ADVANCED_FACE('',(#1406),#10051,.F.);
#10435=ADVANCED_FACE('',(#1407),#10052,.F.);
#10436=ADVANCED_FACE('',(#1408),#10053,.F.);
#10437=ADVANCED_FACE('',(#1409),#10054,.F.);
#10438=ADVANCED_FACE('',(#1410),#10055,.F.);
#10439=ADVANCED_FACE('',(#1411),#10056,.T.);
#10440=ADVANCED_FACE('',(#1412),#10057,.T.);
#10441=ADVANCED_FACE('',(#1413),#10058,.T.);
#10442=ADVANCED_FACE('',(#1414),#10059,.T.);
#10443=ADVANCED_FACE('',(#1415),#10060,.T.);
#10444=ADVANCED_FACE('',(#1416),#10061,.T.);
#10445=ADVANCED_FACE('',(#1417),#10062,.T.);
#10446=ADVANCED_FACE('',(#1418),#10063,.T.);
#10447=ADVANCED_FACE('',(#1419),#10064,.T.);
#10448=ADVANCED_FACE('',(#1420),#10065,.T.);
#10449=ADVANCED_FACE('',(#1421),#10066,.T.);
#10450=ADVANCED_FACE('',(#1422),#10067,.T.);
#10451=ADVANCED_FACE('',(#1423),#10068,.T.);
#10452=ADVANCED_FACE('',(#1424),#10069,.T.);
#10453=ADVANCED_FACE('',(#1425),#10070,.T.);
#10454=ADVANCED_FACE('',(#1426),#10071,.T.);
#10455=ADVANCED_FACE('',(#1427),#10072,.T.);
#10456=ADVANCED_FACE('',(#1428),#10073,.T.);
#10457=ADVANCED_FACE('',(#1429),#10074,.T.);
#10458=ADVANCED_FACE('',(#1430),#10075,.T.);
#10459=ADVANCED_FACE('',(#1431),#10076,.T.);
#10460=ADVANCED_FACE('',(#1432),#10077,.T.);
#10461=ADVANCED_FACE('',(#1433),#10078,.T.);
#10462=ADVANCED_FACE('',(#1434),#10079,.T.);
#10463=ADVANCED_FACE('',(#1435),#10080,.F.);
#10464=ADVANCED_FACE('',(#1436),#10081,.T.);
#10465=ADVANCED_FACE('',(#1437),#10082,.T.);
#10466=ADVANCED_FACE('',(#1438),#10083,.T.);
#10467=ADVANCED_FACE('',(#1439),#10084,.T.);
#10468=ADVANCED_FACE('',(#1440),#10085,.T.);
#10469=ADVANCED_FACE('',(#1441),#10086,.F.);
#10470=ADVANCED_FACE('',(#1442),#10087,.T.);
#10471=ADVANCED_FACE('',(#1443),#10088,.T.);
#10472=ADVANCED_FACE('',(#1444),#10089,.T.);
#10473=ADVANCED_FACE('',(#1445),#10090,.T.);
#10474=ADVANCED_FACE('',(#1446),#10091,.T.);
#10475=ADVANCED_FACE('',(#1447),#10092,.F.);
#10476=ADVANCED_FACE('',(#1448),#10093,.T.);
#10477=ADVANCED_FACE('',(#1449),#10094,.T.);
#10478=ADVANCED_FACE('',(#1450),#10095,.T.);
#10479=ADVANCED_FACE('',(#1451),#10096,.T.);
#10480=ADVANCED_FACE('',(#1452),#10097,.T.);
#10481=ADVANCED_FACE('',(#1453),#10098,.F.);
#10482=ADVANCED_FACE('',(#1454),#10099,.T.);
#10483=ADVANCED_FACE('',(#1455),#10100,.T.);
#10484=ADVANCED_FACE('',(#1456),#10101,.T.);
#10485=ADVANCED_FACE('',(#1457),#10102,.T.);
#10486=ADVANCED_FACE('',(#1458),#10103,.T.);
#10487=ADVANCED_FACE('',(#1459),#10104,.T.);
#10488=ADVANCED_FACE('',(#1460),#10105,.T.);
#10489=ADVANCED_FACE('',(#1461),#10106,.T.);
#10490=ADVANCED_FACE('',(#1462),#10107,.T.);
#10491=ADVANCED_FACE('',(#1463),#10108,.T.);
#10492=ADVANCED_FACE('',(#1464),#10109,.T.);
#10493=ADVANCED_FACE('',(#1465),#10110,.T.);
#10494=ADVANCED_FACE('',(#1466),#10111,.T.);
#10495=ADVANCED_FACE('',(#1467),#559,.T.);
#10496=ADVANCED_FACE('',(#1468),#10112,.T.);
#10497=ADVANCED_FACE('',(#1469),#10113,.T.);
#10498=ADVANCED_FACE('',(#1470,#327,#328,#329,#330,#331,#332,#333,#334,
#335,#336,#337,#338,#339,#340,#341,#342,#343,#344,#345,#346,#347,#348,#349,
#350,#351,#352,#353,#354,#355,#356,#357,#358,#359,#360,#361,#362,#363,#364,
#365,#366,#367,#368,#369,#370,#371,#372,#373,#374,#375,#376,#377,#378,#379,
#380,#381,#382,#383,#384,#385,#386,#387,#388,#389,#390,#391,#392,#393,#394,
#395,#396,#397,#398,#399,#400,#401,#402,#403,#404,#405,#406,#407,#408,#409,
#410,#411,#412,#413,#414,#415,#416,#417),#10114,.F.);
#10499=ADVANCED_FACE('',(#1471,#418,#419,#420,#421,#422,#423,#424,#425,
#426,#427,#428,#429,#430,#431,#432,#433,#434,#435,#436,#437,#438,#439,#440,
#441,#442,#443,#444,#445,#446,#447,#448,#449,#450,#451,#452,#453,#454,#455,
#456,#457,#458,#459,#460,#461,#462,#463,#464,#465,#466,#467,#468,#469,#470,
#471,#472,#473,#474,#475,#476,#477,#478,#479,#480,#481,#482,#483,#484,#485,
#486,#487,#488,#489,#490,#491,#492,#493,#494,#495,#496,#497,#498,#499,#500,
#501,#502,#503,#504,#505,#506,#507,#508),#10115,.T.);
#10500=ADVANCED_FACE('',(#1472),#560,.T.);
#10501=ADVANCED_FACE('',(#1473),#561,.T.);
#10502=ADVANCED_FACE('',(#1474),#10116,.T.);
#10503=ADVANCED_FACE('',(#1475),#10117,.T.);
#10504=ADVANCED_FACE('',(#1476),#562,.T.);
#10505=ADVANCED_FACE('',(#1477),#563,.F.);
#10506=ADVANCED_FACE('',(#1478),#564,.F.);
#10507=ADVANCED_FACE('',(#1479),#565,.F.);
#10508=ADVANCED_FACE('',(#1480),#566,.F.);
#10509=ADVANCED_FACE('',(#1481),#567,.F.);
#10510=ADVANCED_FACE('',(#1482),#568,.F.);
#10511=ADVANCED_FACE('',(#1483),#569,.F.);
#10512=ADVANCED_FACE('',(#1484),#570,.F.);
#10513=ADVANCED_FACE('',(#1485),#571,.F.);
#10514=ADVANCED_FACE('',(#1486),#572,.F.);
#10515=ADVANCED_FACE('',(#1487),#573,.F.);
#10516=ADVANCED_FACE('',(#1488),#574,.F.);
#10517=ADVANCED_FACE('',(#1489),#575,.F.);
#10518=ADVANCED_FACE('',(#1490),#576,.F.);
#10519=ADVANCED_FACE('',(#1491),#577,.F.);
#10520=ADVANCED_FACE('',(#1492),#578,.F.);
#10521=ADVANCED_FACE('',(#1493),#579,.F.);
#10522=ADVANCED_FACE('',(#1494),#580,.F.);
#10523=ADVANCED_FACE('',(#1495),#581,.F.);
#10524=ADVANCED_FACE('',(#1496),#582,.F.);
#10525=ADVANCED_FACE('',(#1497),#583,.F.);
#10526=ADVANCED_FACE('',(#1498),#584,.F.);
#10527=ADVANCED_FACE('',(#1499),#585,.F.);
#10528=ADVANCED_FACE('',(#1500),#586,.F.);
#10529=ADVANCED_FACE('',(#1501),#587,.F.);
#10530=ADVANCED_FACE('',(#1502),#588,.F.);
#10531=ADVANCED_FACE('',(#1503),#589,.F.);
#10532=ADVANCED_FACE('',(#1504),#590,.F.);
#10533=ADVANCED_FACE('',(#1505),#591,.F.);
#10534=ADVANCED_FACE('',(#1506),#592,.F.);
#10535=ADVANCED_FACE('',(#1507),#593,.F.);
#10536=ADVANCED_FACE('',(#1508),#594,.F.);
#10537=ADVANCED_FACE('',(#1509),#595,.F.);
#10538=ADVANCED_FACE('',(#1510),#596,.F.);
#10539=ADVANCED_FACE('',(#1511),#597,.F.);
#10540=ADVANCED_FACE('',(#1512),#598,.F.);
#10541=ADVANCED_FACE('',(#1513),#599,.F.);
#10542=ADVANCED_FACE('',(#1514),#600,.F.);
#10543=ADVANCED_FACE('',(#1515),#601,.F.);
#10544=ADVANCED_FACE('',(#1516),#602,.F.);
#10545=ADVANCED_FACE('',(#1517),#603,.F.);
#10546=ADVANCED_FACE('',(#1518),#604,.F.);
#10547=ADVANCED_FACE('',(#1519),#605,.F.);
#10548=ADVANCED_FACE('',(#1520),#606,.F.);
#10549=ADVANCED_FACE('',(#1521),#607,.F.);
#10550=ADVANCED_FACE('',(#1522),#608,.F.);
#10551=ADVANCED_FACE('',(#1523),#609,.F.);
#10552=ADVANCED_FACE('',(#1524),#610,.F.);
#10553=ADVANCED_FACE('',(#1525),#611,.F.);
#10554=ADVANCED_FACE('',(#1526),#612,.F.);
#10555=ADVANCED_FACE('',(#1527),#613,.F.);
#10556=ADVANCED_FACE('',(#1528),#614,.F.);
#10557=ADVANCED_FACE('',(#1529),#615,.F.);
#10558=ADVANCED_FACE('',(#1530),#616,.F.);
#10559=ADVANCED_FACE('',(#1531),#617,.F.);
#10560=ADVANCED_FACE('',(#1532),#618,.F.);
#10561=ADVANCED_FACE('',(#1533),#619,.F.);
#10562=ADVANCED_FACE('',(#1534),#620,.F.);
#10563=ADVANCED_FACE('',(#1535),#621,.F.);
#10564=ADVANCED_FACE('',(#1536),#622,.F.);
#10565=ADVANCED_FACE('',(#1537),#623,.F.);
#10566=ADVANCED_FACE('',(#1538),#624,.F.);
#10567=ADVANCED_FACE('',(#1539),#625,.F.);
#10568=ADVANCED_FACE('',(#1540),#626,.F.);
#10569=ADVANCED_FACE('',(#1541),#627,.F.);
#10570=ADVANCED_FACE('',(#1542),#628,.F.);
#10571=ADVANCED_FACE('',(#1543),#629,.F.);
#10572=ADVANCED_FACE('',(#1544),#630,.F.);
#10573=ADVANCED_FACE('',(#1545),#631,.F.);
#10574=ADVANCED_FACE('',(#1546),#632,.F.);
#10575=ADVANCED_FACE('',(#1547),#633,.F.);
#10576=ADVANCED_FACE('',(#1548),#634,.F.);
#10577=ADVANCED_FACE('',(#1549),#635,.F.);
#10578=ADVANCED_FACE('',(#1550),#636,.F.);
#10579=ADVANCED_FACE('',(#1551),#637,.F.);
#10580=ADVANCED_FACE('',(#1552),#638,.F.);
#10581=ADVANCED_FACE('',(#1553),#639,.F.);
#10582=ADVANCED_FACE('',(#1554),#640,.F.);
#10583=ADVANCED_FACE('',(#1555),#641,.F.);
#10584=ADVANCED_FACE('',(#1556),#642,.F.);
#10585=ADVANCED_FACE('',(#1557),#643,.F.);
#10586=ADVANCED_FACE('',(#1558),#644,.F.);
#10587=ADVANCED_FACE('',(#1559),#645,.F.);
#10588=ADVANCED_FACE('',(#1560),#646,.F.);
#10589=ADVANCED_FACE('',(#1561),#647,.F.);
#10590=ADVANCED_FACE('',(#1562),#648,.F.);
#10591=ADVANCED_FACE('',(#1563),#649,.F.);
#10592=ADVANCED_FACE('',(#1564),#650,.F.);
#10593=ADVANCED_FACE('',(#1565),#651,.F.);
#10594=ADVANCED_FACE('',(#1566),#652,.F.);
#10595=ADVANCED_FACE('',(#1567),#653,.F.);
#10596=ADVANCED_FACE('',(#1568),#654,.T.);
#10597=ADVANCED_FACE('',(#1569),#552,.T.);
#10598=ADVANCED_FACE('',(#1570),#655,.T.);
#10599=ADVANCED_FACE('',(#1571),#553,.T.);
#10600=ADVANCED_FACE('',(#1572),#656,.T.);
#10601=ADVANCED_FACE('',(#1573),#10118,.T.);
#10602=ADVANCED_FACE('',(#1574),#10119,.F.);
#10603=ADVANCED_FACE('',(#1575),#657,.T.);
#10604=ADVANCED_FACE('',(#1576,#509),#10120,.F.);
#10605=ADVANCED_FACE('',(#1577,#510),#10121,.T.);
#10606=ADVANCED_FACE('',(#1578),#658,.T.);
#10607=ADVANCED_FACE('',(#1579),#659,.T.);
#10608=ADVANCED_FACE('',(#1580),#554,.T.);
#10609=ADVANCED_FACE('',(#1581),#555,.T.);
#10610=ADVANCED_FACE('',(#1582),#10122,.F.);
#10611=ADVANCED_FACE('',(#1583),#10123,.T.);
#10612=ADVANCED_FACE('',(#1584),#10124,.F.);
#10613=ADVANCED_FACE('',(#1585),#10125,.F.);
#10614=ADVANCED_FACE('',(#1586),#10126,.F.);
#10615=ADVANCED_FACE('',(#1587),#10127,.F.);
#10616=ADVANCED_FACE('',(#1588),#10128,.T.);
#10617=ADVANCED_FACE('',(#1589),#10129,.T.);
#10618=ADVANCED_FACE('',(#1590),#10130,.T.);
#10619=ADVANCED_FACE('',(#1591),#10131,.T.);
#10620=ADVANCED_FACE('',(#1592),#10132,.T.);
#10621=ADVANCED_FACE('',(#1593),#10133,.F.);
#10622=ADVANCED_FACE('',(#1594),#10134,.F.);
#10623=ADVANCED_FACE('',(#1595),#10135,.T.);
#10624=ADVANCED_FACE('',(#1596),#10136,.T.);
#10625=ADVANCED_FACE('',(#1597),#10137,.F.);
#10626=ADVANCED_FACE('',(#1598,#511),#10138,.T.);
#10627=ADVANCED_FACE('',(#1599),#10139,.T.);
#10628=ADVANCED_FACE('',(#1600),#10140,.F.);
#10629=ADVANCED_FACE('',(#1601),#660,.T.);
#10630=ADVANCED_FACE('',(#1602),#10141,.T.);
#10631=ADVANCED_FACE('',(#1603),#10142,.F.);
#10632=ADVANCED_FACE('',(#1604),#10143,.F.);
#10633=ADVANCED_FACE('',(#1605),#10144,.F.);
#10634=ADVANCED_FACE('',(#1606),#10145,.F.);
#10635=ADVANCED_FACE('',(#1607),#10146,.F.);
#10636=ADVANCED_FACE('',(#1608),#10147,.F.);
#10637=ADVANCED_FACE('',(#1609),#10148,.F.);
#10638=ADVANCED_FACE('',(#1610),#10149,.T.);
#10639=ADVANCED_FACE('',(#1611),#10150,.F.);
#10640=ADVANCED_FACE('',(#1612),#10151,.T.);
#10641=ADVANCED_FACE('',(#1613),#10152,.T.);
#10642=ADVANCED_FACE('',(#1614,#512),#10153,.T.);
#10643=ADVANCED_FACE('',(#1615),#10154,.F.);
#10644=ADVANCED_FACE('',(#1616),#10155,.F.);
#10645=ADVANCED_FACE('',(#1617),#10156,.T.);
#10646=ADVANCED_FACE('',(#1618),#10157,.F.);
#10647=ADVANCED_FACE('',(#1619),#10158,.F.);
#10648=ADVANCED_FACE('',(#1620),#10159,.T.);
#10649=ADVANCED_FACE('',(#1621),#661,.F.);
#10650=ADVANCED_FACE('',(#1622),#10160,.F.);
#10651=ADVANCED_FACE('',(#1623),#10161,.F.);
#10652=ADVANCED_FACE('',(#1624),#10162,.T.);
#10653=ADVANCED_FACE('',(#1625),#10163,.F.);
#10654=ADVANCED_FACE('',(#1626),#10164,.F.);
#10655=ADVANCED_FACE('',(#1627),#10165,.F.);
#10656=ADVANCED_FACE('',(#1628),#10166,.F.);
#10657=ADVANCED_FACE('',(#1629),#10167,.F.);
#10658=ADVANCED_FACE('',(#1630),#10168,.T.);
#10659=ADVANCED_FACE('',(#1631),#662,.T.);
#10660=ADVANCED_FACE('',(#1632),#10169,.T.);
#10661=ADVANCED_FACE('',(#1633),#10170,.T.);
#10662=ADVANCED_FACE('',(#1634),#663,.T.);
#10663=ADVANCED_FACE('',(#1635),#10171,.T.);
#10664=ADVANCED_FACE('',(#1636),#10172,.T.);
#10665=ADVANCED_FACE('',(#1637),#664,.T.);
#10666=ADVANCED_FACE('',(#1638),#10173,.T.);
#10667=ADVANCED_FACE('',(#1639),#10174,.T.);
#10668=ADVANCED_FACE('',(#1640),#665,.T.);
#10669=ADVANCED_FACE('',(#1641),#10175,.F.);
#10670=ADVANCED_FACE('',(#1642),#10176,.F.);
#10671=ADVANCED_FACE('',(#1643),#666,.F.);
#10672=ADVANCED_FACE('',(#1644,#513),#10177,.F.);
#10673=ADVANCED_FACE('',(#1645),#10178,.F.);
#10674=ADVANCED_FACE('',(#1646),#10179,.F.);
#10675=ADVANCED_FACE('',(#1647),#667,.F.);
#10676=ADVANCED_FACE('',(#1648,#514),#10180,.F.);
#10677=ADVANCED_FACE('',(#1649),#10181,.F.);
#10678=ADVANCED_FACE('',(#1650),#10182,.F.);
#10679=ADVANCED_FACE('',(#1651),#10183,.F.);
#10680=ADVANCED_FACE('',(#1652),#10184,.T.);
#10681=ADVANCED_FACE('',(#1653),#10185,.F.);
#10682=ADVANCED_FACE('',(#1654),#10186,.F.);
#10683=ADVANCED_FACE('',(#1655),#10187,.F.);
#10684=ADVANCED_FACE('',(#1656),#10188,.F.);
#10685=ADVANCED_FACE('',(#1657),#10189,.F.);
#10686=ADVANCED_FACE('',(#1658),#10190,.F.);
#10687=ADVANCED_FACE('',(#1659),#10191,.F.);
#10688=ADVANCED_FACE('',(#1660),#10192,.F.);
#10689=ADVANCED_FACE('',(#1661),#10193,.F.);
#10690=ADVANCED_FACE('',(#1662),#10194,.F.);
#10691=ADVANCED_FACE('',(#1663,#515),#10195,.F.);
#10692=ADVANCED_FACE('',(#1664),#10196,.F.);
#10693=ADVANCED_FACE('',(#1665),#10197,.F.);
#10694=ADVANCED_FACE('',(#1666),#10198,.F.);
#10695=ADVANCED_FACE('',(#1667),#10199,.F.);
#10696=ADVANCED_FACE('',(#1668),#10200,.F.);
#10697=ADVANCED_FACE('',(#1669),#10201,.F.);
#10698=ADVANCED_FACE('',(#1670),#10202,.F.);
#10699=ADVANCED_FACE('',(#1671),#10203,.F.);
#10700=ADVANCED_FACE('',(#1672),#10204,.F.);
#10701=ADVANCED_FACE('',(#1673),#10205,.F.);
#10702=ADVANCED_FACE('',(#1674,#516,#517,#518),#10206,.F.);
#10703=ADVANCED_FACE('',(#1675),#10207,.F.);
#10704=ADVANCED_FACE('',(#1676),#10208,.T.);
#10705=ADVANCED_FACE('',(#1677),#10209,.F.);
#10706=ADVANCED_FACE('',(#1678),#10210,.T.);
#10707=ADVANCED_FACE('',(#1679),#10211,.T.);
#10708=ADVANCED_FACE('',(#1680),#10212,.T.);
#10709=ADVANCED_FACE('',(#1681),#10213,.T.);
#10710=ADVANCED_FACE('',(#1682),#10214,.T.);
#10711=ADVANCED_FACE('',(#1683),#10215,.T.);
#10712=ADVANCED_FACE('',(#1684),#668,.T.);
#10713=ADVANCED_FACE('',(#1685),#669,.T.);
#10714=ADVANCED_FACE('',(#1686),#10216,.F.);
#10715=ADVANCED_FACE('',(#1687),#10217,.F.);
#10716=ADVANCED_FACE('',(#1688),#10218,.T.);
#10717=ADVANCED_FACE('',(#1689),#10219,.T.);
#10718=ADVANCED_FACE('',(#1690),#11,.T.);
#10719=ADVANCED_FACE('',(#1691),#670,.T.);
#10720=ADVANCED_FACE('',(#1692),#10220,.F.);
#10721=ADVANCED_FACE('',(#1693),#10221,.T.);
#10722=ADVANCED_FACE('',(#1694),#10222,.T.);
#10723=ADVANCED_FACE('',(#1695),#10223,.T.);
#10724=ADVANCED_FACE('',(#1696),#10224,.T.);
#10725=ADVANCED_FACE('',(#1697),#10225,.T.);
#10726=ADVANCED_FACE('',(#1698),#10226,.T.);
#10727=ADVANCED_FACE('',(#1699),#10227,.T.);
#10728=ADVANCED_FACE('',(#1700),#10228,.T.);
#10729=ADVANCED_FACE('',(#1701),#10229,.T.);
#10730=ADVANCED_FACE('',(#1702),#10230,.T.);
#10731=ADVANCED_FACE('',(#1703),#10231,.T.);
#10732=ADVANCED_FACE('',(#1704),#10232,.T.);
#10733=ADVANCED_FACE('',(#1705),#10233,.T.);
#10734=ADVANCED_FACE('',(#1706),#10234,.T.);
#10735=ADVANCED_FACE('',(#1707),#10235,.T.);
#10736=ADVANCED_FACE('',(#1708),#10236,.T.);
#10737=ADVANCED_FACE('',(#1709),#10237,.T.);
#10738=ADVANCED_FACE('',(#1710),#10238,.T.);
#10739=ADVANCED_FACE('',(#1711),#10239,.T.);
#10740=ADVANCED_FACE('',(#1712),#10240,.T.);
#10741=ADVANCED_FACE('',(#1713),#10241,.T.);
#10742=ADVANCED_FACE('',(#1714),#10242,.T.);
#10743=ADVANCED_FACE('',(#1715),#10243,.T.);
#10744=ADVANCED_FACE('',(#1716),#10244,.T.);
#10745=ADVANCED_FACE('',(#1717),#10245,.T.);
#10746=ADVANCED_FACE('',(#1718),#10246,.T.);
#10747=ADVANCED_FACE('',(#1719),#10247,.T.);
#10748=ADVANCED_FACE('',(#1720),#10248,.T.);
#10749=ADVANCED_FACE('',(#1721),#10249,.T.);
#10750=ADVANCED_FACE('',(#1722),#10250,.T.);
#10751=ADVANCED_FACE('',(#1723),#10251,.T.);
#10752=ADVANCED_FACE('',(#1724),#10252,.T.);
#10753=ADVANCED_FACE('',(#1725),#10253,.T.);
#10754=ADVANCED_FACE('',(#1726),#10254,.T.);
#10755=ADVANCED_FACE('',(#1727),#10255,.T.);
#10756=ADVANCED_FACE('',(#1728),#10256,.T.);
#10757=ADVANCED_FACE('',(#1729),#10257,.T.);
#10758=ADVANCED_FACE('',(#1730),#10258,.T.);
#10759=ADVANCED_FACE('',(#1731),#10259,.T.);
#10760=ADVANCED_FACE('',(#1732),#10260,.T.);
#10761=ADVANCED_FACE('',(#1733),#10261,.T.);
#10762=ADVANCED_FACE('',(#1734),#10262,.T.);
#10763=ADVANCED_FACE('',(#1735),#10263,.T.);
#10764=ADVANCED_FACE('',(#1736,#519),#10264,.T.);
#10765=ADVANCED_FACE('',(#1737),#10265,.T.);
#10766=ADVANCED_FACE('',(#1738),#10266,.T.);
#10767=ADVANCED_FACE('',(#1739),#10267,.T.);
#10768=ADVANCED_FACE('',(#1740),#10268,.T.);
#10769=ADVANCED_FACE('',(#1741),#10269,.T.);
#10770=ADVANCED_FACE('',(#1742),#10270,.T.);
#10771=ADVANCED_FACE('',(#1743),#10271,.T.);
#10772=ADVANCED_FACE('',(#1744),#10272,.T.);
#10773=ADVANCED_FACE('',(#1745),#10273,.F.);
#10774=ADVANCED_FACE('',(#1746),#10274,.T.);
#10775=ADVANCED_FACE('',(#1747),#10275,.T.);
#10776=ADVANCED_FACE('',(#1748),#10276,.T.);
#10777=ADVANCED_FACE('',(#1749),#10277,.T.);
#10778=ADVANCED_FACE('',(#1750),#10278,.T.);
#10779=ADVANCED_FACE('',(#1751),#10279,.T.);
#10780=ADVANCED_FACE('',(#1752),#10280,.T.);
#10781=ADVANCED_FACE('',(#1753),#10281,.F.);
#10782=ADVANCED_FACE('',(#1754),#10282,.T.);
#10783=ADVANCED_FACE('',(#1755),#10283,.T.);
#10784=ADVANCED_FACE('',(#1756),#671,.F.);
#10785=ADVANCED_FACE('',(#1757),#10284,.T.);
#10786=ADVANCED_FACE('',(#1758),#10285,.T.);
#10787=ADVANCED_FACE('',(#1759,#520),#10286,.T.);
#10788=ADVANCED_FACE('',(#1760),#10287,.T.);
#10789=ADVANCED_FACE('',(#1761),#10288,.T.);
#10790=ADVANCED_FACE('',(#1762),#672,.F.);
#10791=ADVANCED_FACE('',(#1763),#10289,.T.);
#10792=ADVANCED_FACE('',(#1764),#10290,.T.);
#10793=ADVANCED_FACE('',(#1765,#521),#10291,.T.);
#10794=ADVANCED_FACE('',(#1766),#10292,.T.);
#10795=ADVANCED_FACE('',(#1767),#10293,.T.);
#10796=ADVANCED_FACE('',(#1768),#673,.F.);
#10797=ADVANCED_FACE('',(#1769),#10294,.T.);
#10798=ADVANCED_FACE('',(#1770),#10295,.T.);
#10799=ADVANCED_FACE('',(#1771),#10296,.T.);
#10800=ADVANCED_FACE('',(#1772,#522),#10297,.T.);
#10801=ADVANCED_FACE('',(#1773),#10298,.T.);
#10802=ADVANCED_FACE('',(#1774),#10299,.T.);
#10803=ADVANCED_FACE('',(#1775),#10300,.T.);
#10804=ADVANCED_FACE('',(#1776),#674,.F.);
#10805=ADVANCED_FACE('',(#1777),#10301,.T.);
#10806=ADVANCED_FACE('',(#1778,#523),#10302,.T.);
#10807=ADVANCED_FACE('',(#1779),#10303,.T.);
#10808=ADVANCED_FACE('',(#1780),#10304,.T.);
#10809=ADVANCED_FACE('',(#1781),#675,.F.);
#10810=ADVANCED_FACE('',(#1782),#10305,.T.);
#10811=ADVANCED_FACE('',(#1783),#676,.F.);
#10812=ADVANCED_FACE('',(#1784),#10306,.T.);
#10813=ADVANCED_FACE('',(#1785),#10307,.T.);
#10814=ADVANCED_FACE('',(#1786),#10308,.F.);
#10815=ADVANCED_FACE('',(#1787),#10309,.F.);
#10816=ADVANCED_FACE('',(#1788,#524,#525,#526),#10310,.F.);
#10817=ADVANCED_FACE('',(#1789),#10311,.F.);
#10818=ADVANCED_FACE('',(#1790),#10312,.F.);
#10819=ADVANCED_FACE('',(#1791),#10313,.F.);
#10820=ADVANCED_FACE('',(#1792),#10314,.F.);
#10821=ADVANCED_FACE('',(#1793),#10315,.T.);
#10822=ADVANCED_FACE('',(#1794),#10316,.T.);
#10823=ADVANCED_FACE('',(#1795),#10317,.T.);
#10824=ADVANCED_FACE('',(#1796),#10318,.T.);
#10825=ADVANCED_FACE('',(#1797),#10319,.T.);
#10826=ADVANCED_FACE('',(#1798),#10320,.F.);
#10827=ADVANCED_FACE('',(#1799),#677,.T.);
#10828=ADVANCED_FACE('',(#1800),#678,.T.);
#10829=ADVANCED_FACE('',(#1801),#679,.T.);
#10830=ADVANCED_FACE('',(#1802),#680,.T.);
#10831=ADVANCED_FACE('',(#1803),#681,.T.);
#10832=ADVANCED_FACE('',(#1804,#527),#10321,.F.);
#10833=ADVANCED_FACE('',(#1805),#682,.T.);
#10834=ADVANCED_FACE('',(#1806),#683,.T.);
#10835=ADVANCED_FACE('',(#1807),#684,.T.);
#10836=ADVANCED_FACE('',(#1808,#528,#529,#530,#531),#10322,.T.);
#10837=ADVANCED_FACE('',(#1809),#685,.T.);
#10838=ADVANCED_FACE('',(#1810,#532),#10323,.F.);
#10839=ADVANCED_FACE('',(#1811),#686,.T.);
#10840=ADVANCED_FACE('',(#1812),#687,.T.);
#10841=ADVANCED_FACE('',(#1813),#688,.T.);
#10842=ADVANCED_FACE('',(#1814),#689,.T.);
#10843=ADVANCED_FACE('',(#1815,#533),#10324,.F.);
#10844=ADVANCED_FACE('',(#1816),#690,.T.);
#10845=ADVANCED_FACE('',(#1817),#691,.T.);
#10846=ADVANCED_FACE('',(#1818),#692,.T.);
#10847=ADVANCED_FACE('',(#1819,#534),#10325,.F.);
#10848=ADVANCED_FACE('',(#1820),#693,.T.);
#10849=ADVANCED_FACE('',(#1821),#694,.T.);
#10850=ADVANCED_FACE('',(#1822),#695,.F.);
#10851=ADVANCED_FACE('',(#1823),#696,.F.);
#10852=ADVANCED_FACE('',(#1824),#697,.F.);
#10853=ADVANCED_FACE('',(#1825),#698,.F.);
#10854=ADVANCED_FACE('',(#1826,#535),#10326,.T.);
#10855=ADVANCED_FACE('',(#1827),#10327,.T.);
#10856=ADVANCED_FACE('',(#1828),#10328,.F.);
#10857=ADVANCED_FACE('',(#1829),#10329,.F.);
#10858=ADVANCED_FACE('',(#1830),#699,.F.);
#10859=ADVANCED_FACE('',(#1831),#700,.T.);
#10860=ADVANCED_FACE('',(#1832),#10330,.T.);
#10861=ADVANCED_FACE('',(#1833),#701,.F.);
#10862=ADVANCED_FACE('',(#1834),#10331,.T.);
#10863=ADVANCED_FACE('',(#1835),#702,.T.);
#10864=ADVANCED_FACE('',(#1836),#10332,.T.);
#10865=ADVANCED_FACE('',(#1837),#10333,.T.);
#10866=ADVANCED_FACE('',(#1838),#10334,.T.);
#10867=ADVANCED_FACE('',(#1839),#703,.F.);
#10868=ADVANCED_FACE('',(#1840),#10335,.T.);
#10869=ADVANCED_FACE('',(#1841),#704,.F.);
#10870=ADVANCED_FACE('',(#1842),#10336,.T.);
#10871=ADVANCED_FACE('',(#1843),#705,.F.);
#10872=ADVANCED_FACE('',(#1844),#10337,.T.);
#10873=ADVANCED_FACE('',(#1845),#706,.F.);
#10874=ADVANCED_FACE('',(#1846),#10338,.T.);
#10875=ADVANCED_FACE('',(#1847,#536,#537,#538,#539,#540),#10339,.F.);
#10876=ADVANCED_FACE('',(#1848),#10340,.T.);
#10877=ADVANCED_FACE('',(#1849),#707,.T.);
#10878=ADVANCED_FACE('',(#1850),#708,.T.);
#10879=ADVANCED_FACE('',(#1851),#709,.T.);
#10880=ADVANCED_FACE('',(#1852),#710,.F.);
#10881=ADVANCED_FACE('',(#1853,#541),#10341,.T.);
#10882=ADVANCED_FACE('',(#1854),#10342,.T.);
#10883=ADVANCED_FACE('',(#1855),#10343,.T.);
#10884=ADVANCED_FACE('',(#1856),#711,.F.);
#10885=ADVANCED_FACE('',(#1857),#712,.F.);
#10886=ADVANCED_FACE('',(#1858),#10344,.T.);
#10887=ADVANCED_FACE('',(#1859),#10345,.T.);
#10888=ADVANCED_FACE('',(#1860),#10346,.F.);
#10889=ADVANCED_FACE('',(#1861,#542),#10347,.T.);
#10890=ADVANCED_FACE('',(#1862),#10348,.F.);
#10891=ADVANCED_FACE('',(#1863),#10349,.F.);
#10892=ADVANCED_FACE('',(#1864),#10350,.F.);
#10893=ADVANCED_FACE('',(#1865),#10351,.F.);
#10894=ADVANCED_FACE('',(#1866),#10352,.F.);
#10895=ADVANCED_FACE('',(#1867),#10353,.F.);
#10896=ADVANCED_FACE('',(#1868),#10354,.F.);
#10897=ADVANCED_FACE('',(#1869,#543),#10355,.F.);
#10898=ADVANCED_FACE('',(#1870),#10356,.F.);
#10899=ADVANCED_FACE('',(#1871,#544),#10357,.F.);
#10900=ADVANCED_FACE('',(#1872,#545),#10358,.T.);
#10901=ADVANCED_FACE('',(#1873),#10359,.F.);
#10902=ADVANCED_FACE('',(#1874),#10360,.T.);
#10903=ADVANCED_FACE('',(#1875),#10361,.T.);
#10904=ADVANCED_FACE('',(#1876),#10362,.T.);
#10905=ADVANCED_FACE('',(#1877),#10363,.T.);
#10906=ADVANCED_FACE('',(#1878),#10364,.T.);
#10907=ADVANCED_FACE('',(#1879),#10365,.T.);
#10908=ADVANCED_FACE('',(#1880,#546),#10366,.T.);
#10909=ADVANCED_FACE('',(#1881),#10367,.T.);
#10910=ADVANCED_FACE('',(#1882,#547,#548),#10368,.T.);
#10911=ADVANCED_FACE('',(#1883),#713,.T.);
#10912=ADVANCED_FACE('',(#1884),#10369,.T.);
#10913=CLOSED_SHELL('',(#10370,#10371,#10372,#10373,#10374,#10375,#10376,
#10377,#10378,#10379,#10380));
#10914=CLOSED_SHELL('',(#10381,#10382,#10383,#10384,#10385,#10386,#10387,
#10388,#10389,#10390,#10391,#10392,#10393,#10394,#10395,#10396,#10397,#10398,
#10399,#10400,#10401,#10402,#10403,#10404,#10405,#10406,#10407,#10408,#10409,
#10410,#10411,#10412,#10413,#10414,#10415,#10416,#10417,#10418,#10419,#10420,
#10421,#10422,#10423,#10424,#10425,#10426,#10427,#10428,#10429,#10430,#10431,
#10432,#10433,#10434,#10435,#10436,#10437,#10438,#10439,#10440,#10441,#10442,
#10443,#10444,#10445,#10446,#10447,#10448,#10449,#10450,#10451,#10452,#10453,
#10454,#10455,#10456,#10457,#10458,#10459,#10460,#10461,#10462,#10463,#10464,
#10465,#10466,#10467,#10468,#10469,#10470,#10471,#10472,#10473,#10474,#10475,
#10476,#10477,#10478,#10479,#10480,#10481,#10482,#10483,#10484,#10485,#10486,
#10487,#10488,#10489,#10490,#10491,#10492,#10493,#10494));
#10915=CLOSED_SHELL('',(#10495,#10496,#10497,#10498,#10499,#10500,#10501,
#10502,#10503,#10504,#10505,#10506,#10507,#10508,#10509,#10510,#10511,#10512,
#10513,#10514,#10515,#10516,#10517,#10518,#10519,#10520,#10521,#10522,#10523,
#10524,#10525,#10526,#10527,#10528,#10529,#10530,#10531,#10532,#10533,#10534,
#10535,#10536,#10537,#10538,#10539,#10540,#10541,#10542,#10543,#10544,#10545,
#10546,#10547,#10548,#10549,#10550,#10551,#10552,#10553,#10554,#10555,#10556,
#10557,#10558,#10559,#10560,#10561,#10562,#10563,#10564,#10565,#10566,#10567,
#10568,#10569,#10570,#10571,#10572,#10573,#10574,#10575,#10576,#10577,#10578,
#10579,#10580,#10581,#10582,#10583,#10584,#10585,#10586,#10587,#10588,#10589,
#10590,#10591,#10592,#10593,#10594,#10595));
#10916=CLOSED_SHELL('',(#10596,#10597,#10598,#10599,#10600,#10601,#10602));
#10917=CLOSED_SHELL('',(#10603,#10604,#10605,#10606,#10607,#10608,#10609,
#10610,#10611));
#10918=CLOSED_SHELL('',(#10612,#10613,#10614,#10615,#10616,#10617,#10618,
#10619,#10620,#10621,#10622,#10623,#10624,#10625,#10626,#10627,#10628,#10629,
#10630,#10631,#10632,#10633,#10634,#10635,#10636,#10637,#10638,#10639,#10640,
#10641,#10642,#10643,#10644,#10645,#10646,#10647,#10648,#10649,#10650,#10651,
#10652,#10653,#10654,#10655,#10656,#10657,#10658,#10659,#10660,#10661,#10662,
#10663,#10664,#10665,#10666,#10667,#10668,#10669,#10670,#10671,#10672,#10673,
#10674,#10675,#10676,#10677,#10678,#10679,#10680,#10681,#10682,#10683,#10684,
#10685,#10686,#10687,#10688,#10689,#10690,#10691,#10692,#10693,#10694,#10695,
#10696,#10697,#10698,#10699,#10700,#10701,#10702,#10703,#10704,#10705,#10706,
#10707,#10708,#10709,#10710,#10711,#10712,#10713,#10714,#10715,#10716,#10717,
#10718,#10719,#10720));
#10919=CLOSED_SHELL('',(#10721,#10722,#10723,#10724,#10725,#10726,#10727,
#10728,#10729,#10730,#10731,#10732,#10733,#10734,#10735,#10736,#10737,#10738,
#10739,#10740,#10741,#10742,#10743,#10744,#10745,#10746,#10747,#10748,#10749,
#10750,#10751,#10752,#10753,#10754,#10755,#10756,#10757,#10758,#10759,#10760,
#10761,#10762,#10763,#10764,#10765));
#10920=CLOSED_SHELL('',(#10766,#10767,#10768,#10769,#10770,#10771,#10772,
#10773));
#10921=CLOSED_SHELL('',(#10774,#10775,#10776,#10777,#10778,#10779,#10780,
#10781));
#10922=CLOSED_SHELL('',(#10782,#10783,#10784,#10785,#10786,#10787,#10788,
#10789,#10790,#10791,#10792,#10793,#10794,#10795,#10796,#10797,#10798,#10799,
#10800,#10801,#10802,#10803,#10804,#10805,#10806,#10807,#10808,#10809,#10810,
#10811,#10812,#10813,#10814,#10815,#10816,#10817,#10818,#10819,#10820,#10821,
#10822,#10823,#10824,#10825,#10826));
#10923=CLOSED_SHELL('',(#10827,#10828,#10829,#10830,#10831,#10832,#10833,
#10834,#10835,#10836,#10837,#10838,#10839,#10840,#10841,#10842,#10843,#10844,
#10845,#10846,#10847,#10848,#10849,#10850,#10851,#10852,#10853,#10854,#10855,
#10856,#10857,#10858,#10859,#10860,#10861,#10862,#10863,#10864,#10865,#10866));
#10924=CLOSED_SHELL('',(#10867,#10868,#10869,#10870,#10871,#10872,#10873,
#10874,#10875,#10876,#10877,#10878,#10879,#10880,#10881,#10882,#10883,#10884,
#10885,#10886,#10887,#10888,#10889,#10890,#10891,#10892,#10893,#10894,#10895,
#10896,#10897,#10898,#10899,#10900,#10901,#10902,#10903,#10904,#10905,#10906,
#10907,#10908,#10909,#10910,#10911,#10912));
#10925=DERIVED_UNIT_ELEMENT(#10939,1.);
#10926=DERIVED_UNIT_ELEMENT(#18238,-3.);
#10927=DERIVED_UNIT_ELEMENT(#10939,1.);
#10928=DERIVED_UNIT_ELEMENT(#18238,-3.);
#10929=DERIVED_UNIT_ELEMENT(#10939,1.);
#10930=DERIVED_UNIT_ELEMENT(#18238,-3.);
#10931=DERIVED_UNIT_ELEMENT(#10939,1.);
#10932=DERIVED_UNIT_ELEMENT(#18238,-3.);
#10933=DERIVED_UNIT_ELEMENT(#10939,1.);
#10934=DERIVED_UNIT_ELEMENT(#18238,-3.);
#10935=DERIVED_UNIT_ELEMENT(#10939,1.);
#10936=DERIVED_UNIT_ELEMENT(#18238,-3.);
#10937=DERIVED_UNIT_ELEMENT(#10939,1.);
#10938=DERIVED_UNIT_ELEMENT(#18238,-3.);
#10939=(
MASS_UNIT()
NAMED_UNIT(*)
SI_UNIT(.KILO.,.GRAM.)
);
#10940=DERIVED_UNIT((#10925,#10926));
#10941=DERIVED_UNIT((#10927,#10928));
#10942=DERIVED_UNIT((#10929,#10930));
#10943=DERIVED_UNIT((#10931,#10932));
#10944=DERIVED_UNIT((#10933,#10934));
#10945=DERIVED_UNIT((#10935,#10936));
#10946=DERIVED_UNIT((#10937,#10938));
#10947=MEASURE_REPRESENTATION_ITEM('density measure',
POSITIVE_RATIO_MEASURE(7850.),#10940);
#10948=MEASURE_REPRESENTATION_ITEM('density measure',
POSITIVE_RATIO_MEASURE(7850.),#10941);
#10949=MEASURE_REPRESENTATION_ITEM('density measure',
POSITIVE_RATIO_MEASURE(7850.),#10942);
#10950=MEASURE_REPRESENTATION_ITEM('density measure',
POSITIVE_RATIO_MEASURE(7850.),#10943);
#10951=MEASURE_REPRESENTATION_ITEM('density measure',
POSITIVE_RATIO_MEASURE(1000.),#10944);
#10952=MEASURE_REPRESENTATION_ITEM('density measure',
POSITIVE_RATIO_MEASURE(1000.),#10945);
#10953=MEASURE_REPRESENTATION_ITEM('density measure',
POSITIVE_RATIO_MEASURE(7850.),#10946);
#10954=PROPERTY_DEFINITION_REPRESENTATION(#10989,#10968);
#10955=PROPERTY_DEFINITION_REPRESENTATION(#10990,#10969);
#10956=PROPERTY_DEFINITION_REPRESENTATION(#10991,#10970);
#10957=PROPERTY_DEFINITION_REPRESENTATION(#10992,#10971);
#10958=PROPERTY_DEFINITION_REPRESENTATION(#10993,#10972);
#10959=PROPERTY_DEFINITION_REPRESENTATION(#10994,#10973);
#10960=PROPERTY_DEFINITION_REPRESENTATION(#10995,#10974);
#10961=PROPERTY_DEFINITION_REPRESENTATION(#10996,#10975);
#10962=PROPERTY_DEFINITION_REPRESENTATION(#10997,#10976);
#10963=PROPERTY_DEFINITION_REPRESENTATION(#10998,#10977);
#10964=PROPERTY_DEFINITION_REPRESENTATION(#10999,#10978);
#10965=PROPERTY_DEFINITION_REPRESENTATION(#11000,#10979);
#10966=PROPERTY_DEFINITION_REPRESENTATION(#11001,#10980);
#10967=PROPERTY_DEFINITION_REPRESENTATION(#11002,#10981);
#10968=REPRESENTATION('material name',(#10982),#18202);
#10969=REPRESENTATION('density',(#10947),#18202);
#10970=REPRESENTATION('material name',(#10983),#18204);
#10971=REPRESENTATION('density',(#10948),#18204);
#10972=REPRESENTATION('material name',(#10984),#18205);
#10973=REPRESENTATION('density',(#10949),#18205);
#10974=REPRESENTATION('material name',(#10985),#18228);
#10975=REPRESENTATION('density',(#10950),#18228);
#10976=REPRESENTATION('material name',(#10986),#18233);
#10977=REPRESENTATION('density',(#10951),#18233);
#10978=REPRESENTATION('material name',(#10987),#18234);
#10979=REPRESENTATION('density',(#10952),#18234);
#10980=REPRESENTATION('material name',(#10988),#18235);
#10981=REPRESENTATION('density',(#10953),#18235);
#10982=DESCRIPTIVE_REPRESENTATION_ITEM('Steel','Steel');
#10983=DESCRIPTIVE_REPRESENTATION_ITEM('Steel','Steel');
#10984=DESCRIPTIVE_REPRESENTATION_ITEM('Steel','Steel');
#10985=DESCRIPTIVE_REPRESENTATION_ITEM('Steel','Steel');
#10986=DESCRIPTIVE_REPRESENTATION_ITEM('Generic','Generic');
#10987=DESCRIPTIVE_REPRESENTATION_ITEM('Generic','Generic');
#10988=DESCRIPTIVE_REPRESENTATION_ITEM('Steel','Steel');
#10989=PROPERTY_DEFINITION('material property','material name',#18424);
#10990=PROPERTY_DEFINITION('material property','density of part',#18424);
#10991=PROPERTY_DEFINITION('material property','material name',#18426);
#10992=PROPERTY_DEFINITION('material property','density of part',#18426);
#10993=PROPERTY_DEFINITION('material property','material name',#18427);
#10994=PROPERTY_DEFINITION('material property','density of part',#18427);
#10995=PROPERTY_DEFINITION('material property','material name',#18450);
#10996=PROPERTY_DEFINITION('material property','density of part',#18450);
#10997=PROPERTY_DEFINITION('material property','material name',#18455);
#10998=PROPERTY_DEFINITION('material property','density of part',#18455);
#10999=PROPERTY_DEFINITION('material property','material name',#18456);
#11000=PROPERTY_DEFINITION('material property','density of part',#18456);
#11001=PROPERTY_DEFINITION('material property','material name',#18457);
#11002=PROPERTY_DEFINITION('material property','density of part',#18457);
#11003=AXIS2_PLACEMENT_3D('',#14973,#11968,#11969);
#11004=AXIS2_PLACEMENT_3D('',#14974,#11970,#11971);
#11005=AXIS2_PLACEMENT_3D('',#14975,#11972,#11973);
#11006=AXIS2_PLACEMENT_3D('',#14976,#11974,#11975);
#11007=AXIS2_PLACEMENT_3D('',#14977,#11976,#11977);
#11008=AXIS2_PLACEMENT_3D('',#15038,#11986,#11987);
#11009=AXIS2_PLACEMENT_3D('',#15039,#11988,#11989);
#11010=AXIS2_PLACEMENT_3D('',#15040,#11990,#11991);
#11011=AXIS2_PLACEMENT_3D('',#15041,#11992,#11993);
#11012=AXIS2_PLACEMENT_3D('',#15042,#11994,#11995);
#11013=AXIS2_PLACEMENT_3D('',#15043,#11996,#11997);
#11014=AXIS2_PLACEMENT_3D('',#15044,#11998,#11999);
#11015=AXIS2_PLACEMENT_3D('',#15045,#12000,#12001);
#11016=AXIS2_PLACEMENT_3D('',#15046,#12002,#12003);
#11017=AXIS2_PLACEMENT_3D('',#15047,#12004,#12005);
#11018=AXIS2_PLACEMENT_3D('',#15048,#12006,#12007);
#11019=AXIS2_PLACEMENT_3D('',#15049,#12008,#12009);
#11020=AXIS2_PLACEMENT_3D('',#15050,#12010,#12011);
#11021=AXIS2_PLACEMENT_3D('',#15052,#12012,#12013);
#11022=AXIS2_PLACEMENT_3D('',#15053,#12014,#12015);
#11023=AXIS2_PLACEMENT_3D('',#15056,#12017,#12018);
#11024=AXIS2_PLACEMENT_3D('',#15057,#12019,#12020);
#11025=AXIS2_PLACEMENT_3D('',#15059,#12021,#12022);
#11026=AXIS2_PLACEMENT_3D('',#15060,#12023,#12024);
#11027=AXIS2_PLACEMENT_3D('',#15061,#12025,#12026);
#11028=AXIS2_PLACEMENT_3D('',#15062,#12027,#12028);
#11029=AXIS2_PLACEMENT_3D('',#15063,#12029,#12030);
#11030=AXIS2_PLACEMENT_3D('',#15064,#12031,#12032);
#11031=AXIS2_PLACEMENT_3D('',#15065,#12033,#12034);
#11032=AXIS2_PLACEMENT_3D('',#15082,#12043,#12044);
#11033=AXIS2_PLACEMENT_3D('',#15088,#12048,#12049);
#11034=AXIS2_PLACEMENT_3D('',#15092,#12052,#12053);
#11035=AXIS2_PLACEMENT_3D('',#15160,#12088,#12089);
#11036=AXIS2_PLACEMENT_3D('',#15164,#12092,#12093);
#11037=AXIS2_PLACEMENT_3D('',#15168,#12096,#12097);
#11038=AXIS2_PLACEMENT_3D('',#15174,#12101,#12102);
#11039=AXIS2_PLACEMENT_3D('',#15208,#12120,#12121);
#11040=AXIS2_PLACEMENT_3D('',#15210,#12123,#12124);
#11041=AXIS2_PLACEMENT_3D('',#15211,#12125,#12126);
#11042=AXIS2_PLACEMENT_3D('',#15217,#12130,#12131);
#11043=AXIS2_PLACEMENT_3D('',#15221,#12134,#12135);
#11044=AXIS2_PLACEMENT_3D('',#15225,#12138,#12139);
#11045=AXIS2_PLACEMENT_3D('',#15227,#12141,#12142);
#11046=AXIS2_PLACEMENT_3D('',#15233,#12146,#12147);
#11047=AXIS2_PLACEMENT_3D('',#15237,#12150,#12151);
#11048=AXIS2_PLACEMENT_3D('',#15241,#12154,#12155);
#11049=AXIS2_PLACEMENT_3D('',#15243,#12157,#12158);
#11050=AXIS2_PLACEMENT_3D('',#15249,#12162,#12163);
#11051=AXIS2_PLACEMENT_3D('',#15253,#12166,#12167);
#11052=AXIS2_PLACEMENT_3D('',#15257,#12170,#12171);
#11053=AXIS2_PLACEMENT_3D('',#15259,#12173,#12174);
#11054=AXIS2_PLACEMENT_3D('',#15265,#12178,#12179);
#11055=AXIS2_PLACEMENT_3D('',#15269,#12182,#12183);
#11056=AXIS2_PLACEMENT_3D('',#15273,#12186,#12187);
#11057=AXIS2_PLACEMENT_3D('',#15275,#12189,#12190);
#11058=AXIS2_PLACEMENT_3D('',#15277,#12192,#12193);
#11059=AXIS2_PLACEMENT_3D('',#15287,#12199,#12200);
#11060=AXIS2_PLACEMENT_3D('',#15289,#12202,#12203);
#11061=AXIS2_PLACEMENT_3D('',#15299,#12209,#12210);
#11062=AXIS2_PLACEMENT_3D('',#15301,#12212,#12213);
#11063=AXIS2_PLACEMENT_3D('',#15311,#12219,#12220);
#11064=AXIS2_PLACEMENT_3D('',#15313,#12222,#12223);
#11065=AXIS2_PLACEMENT_3D('',#15323,#12229,#12230);
#11066=AXIS2_PLACEMENT_3D('',#15325,#12232,#12233);
#11067=AXIS2_PLACEMENT_3D('',#15335,#12239,#12240);
#11068=AXIS2_PLACEMENT_3D('',#15337,#12242,#12243);
#11069=AXIS2_PLACEMENT_3D('',#15347,#12249,#12250);
#11070=AXIS2_PLACEMENT_3D('',#15349,#12252,#12253);
#11071=AXIS2_PLACEMENT_3D('',#15359,#12259,#12260);
#11072=AXIS2_PLACEMENT_3D('',#15361,#12262,#12263);
#11073=AXIS2_PLACEMENT_3D('',#15371,#12269,#12270);
#11074=AXIS2_PLACEMENT_3D('',#15377,#12274,#12275);
#11075=AXIS2_PLACEMENT_3D('',#15389,#12282,#12283);
#11076=AXIS2_PLACEMENT_3D('',#15393,#12286,#12287);
#11077=AXIS2_PLACEMENT_3D('',#15403,#12293,#12294);
#11078=AXIS2_PLACEMENT_3D('',#15409,#12298,#12299);
#11079=AXIS2_PLACEMENT_3D('',#15421,#12306,#12307);
#11080=AXIS2_PLACEMENT_3D('',#15425,#12310,#12311);
#11081=AXIS2_PLACEMENT_3D('',#15435,#12317,#12318);
#11082=AXIS2_PLACEMENT_3D('',#15441,#12322,#12323);
#11083=AXIS2_PLACEMENT_3D('',#15453,#12330,#12331);
#11084=AXIS2_PLACEMENT_3D('',#15457,#12334,#12335);
#11085=AXIS2_PLACEMENT_3D('',#15467,#12341,#12342);
#11086=AXIS2_PLACEMENT_3D('',#15473,#12346,#12347);
#11087=AXIS2_PLACEMENT_3D('',#15485,#12354,#12355);
#11088=AXIS2_PLACEMENT_3D('',#15489,#12358,#12359);
#11089=AXIS2_PLACEMENT_3D('',#15499,#12365,#12366);
#11090=AXIS2_PLACEMENT_3D('',#15501,#12368,#12369);
#11091=AXIS2_PLACEMENT_3D('',#15503,#12371,#12372);
#11092=AXIS2_PLACEMENT_3D('',#15505,#12374,#12375);
#11093=AXIS2_PLACEMENT_3D('',#15507,#12377,#12378);
#11094=AXIS2_PLACEMENT_3D('',#15508,#12379,#12380);
#11095=AXIS2_PLACEMENT_3D('',#15510,#12382,#12383);
#11096=AXIS2_PLACEMENT_3D('',#15512,#12385,#12386);
#11097=AXIS2_PLACEMENT_3D('',#15514,#12388,#12389);
#11098=AXIS2_PLACEMENT_3D('',#15516,#12391,#12392);
#11099=AXIS2_PLACEMENT_3D('',#15517,#12393,#12394);
#11100=AXIS2_PLACEMENT_3D('',#15519,#12396,#12397);
#11101=AXIS2_PLACEMENT_3D('',#15521,#12399,#12400);
#11102=AXIS2_PLACEMENT_3D('',#15523,#12402,#12403);
#11103=AXIS2_PLACEMENT_3D('',#15525,#12405,#12406);
#11104=AXIS2_PLACEMENT_3D('',#15526,#12407,#12408);
#11105=AXIS2_PLACEMENT_3D('',#15528,#12410,#12411);
#11106=AXIS2_PLACEMENT_3D('',#15530,#12413,#12414);
#11107=AXIS2_PLACEMENT_3D('',#15532,#12416,#12417);
#11108=AXIS2_PLACEMENT_3D('',#15534,#12419,#12420);
#11109=AXIS2_PLACEMENT_3D('',#15535,#12421,#12422);
#11110=AXIS2_PLACEMENT_3D('',#15537,#12424,#12425);
#11111=AXIS2_PLACEMENT_3D('',#15539,#12427,#12428);
#11112=AXIS2_PLACEMENT_3D('',#15549,#12434,#12435);
#11113=AXIS2_PLACEMENT_3D('',#15553,#12438,#12439);
#11114=AXIS2_PLACEMENT_3D('',#15561,#12444,#12445);
#11115=AXIS2_PLACEMENT_3D('',#15563,#12447,#12448);
#11116=AXIS2_PLACEMENT_3D('',#15565,#12450,#12451);
#11117=AXIS2_PLACEMENT_3D('',#15567,#12453,#12454);
#11118=AXIS2_PLACEMENT_3D('',#15577,#12460,#12461);
#11119=AXIS2_PLACEMENT_3D('',#15581,#12464,#12465);
#11120=AXIS2_PLACEMENT_3D('',#15589,#12470,#12471);
#11121=AXIS2_PLACEMENT_3D('',#15591,#12473,#12474);
#11122=AXIS2_PLACEMENT_3D('',#15593,#12476,#12477);
#11123=AXIS2_PLACEMENT_3D('',#15595,#12479,#12480);
#11124=AXIS2_PLACEMENT_3D('',#15605,#12486,#12487);
#11125=AXIS2_PLACEMENT_3D('',#15609,#12490,#12491);
#11126=AXIS2_PLACEMENT_3D('',#15617,#12496,#12497);
#11127=AXIS2_PLACEMENT_3D('',#15619,#12499,#12500);
#11128=AXIS2_PLACEMENT_3D('',#15621,#12502,#12503);
#11129=AXIS2_PLACEMENT_3D('',#15623,#12505,#12506);
#11130=AXIS2_PLACEMENT_3D('',#15633,#12512,#12513);
#11131=AXIS2_PLACEMENT_3D('',#15637,#12516,#12517);
#11132=AXIS2_PLACEMENT_3D('',#15645,#12522,#12523);
#11133=AXIS2_PLACEMENT_3D('',#15647,#12525,#12526);
#11134=AXIS2_PLACEMENT_3D('',#15649,#12528,#12529);
#11135=AXIS2_PLACEMENT_3D('',#15651,#12531,#12532);
#11136=AXIS2_PLACEMENT_3D('',#15652,#12533,#12534);
#11137=AXIS2_PLACEMENT_3D('',#15654,#12536,#12537);
#11138=AXIS2_PLACEMENT_3D('',#15656,#12539,#12540);
#11139=AXIS2_PLACEMENT_3D('',#15657,#12541,#12542);
#11140=AXIS2_PLACEMENT_3D('',#15659,#12544,#12545);
#11141=AXIS2_PLACEMENT_3D('',#15661,#12547,#12548);
#11142=AXIS2_PLACEMENT_3D('',#15662,#12549,#12550);
#11143=AXIS2_PLACEMENT_3D('',#15664,#12552,#12553);
#11144=AXIS2_PLACEMENT_3D('',#15666,#12555,#12556);
#11145=AXIS2_PLACEMENT_3D('',#15667,#12557,#12558);
#11146=AXIS2_PLACEMENT_3D('',#15668,#12559,#12560);
#11147=AXIS2_PLACEMENT_3D('',#15669,#12561,#12562);
#11148=AXIS2_PLACEMENT_3D('',#15674,#12564,#12565);
#11149=AXIS2_PLACEMENT_3D('',#15677,#12567,#12568);
#11150=AXIS2_PLACEMENT_3D('',#15678,#12569,#12570);
#11151=AXIS2_PLACEMENT_3D('',#15684,#12574,#12575);
#11152=AXIS2_PLACEMENT_3D('',#15690,#12579,#12580);
#11153=AXIS2_PLACEMENT_3D('',#15692,#12581,#12582);
#11154=AXIS2_PLACEMENT_3D('',#15696,#12584,#12585);
#11155=AXIS2_PLACEMENT_3D('',#15699,#12587,#12588);
#11156=AXIS2_PLACEMENT_3D('',#15701,#12589,#12590);
#11157=AXIS2_PLACEMENT_3D('',#15703,#12591,#12592);
#11158=AXIS2_PLACEMENT_3D('',#15705,#12593,#12594);
#11159=AXIS2_PLACEMENT_3D('',#15707,#12595,#12596);
#11160=AXIS2_PLACEMENT_3D('',#15709,#12597,#12598);
#11161=AXIS2_PLACEMENT_3D('',#15711,#12599,#12600);
#11162=AXIS2_PLACEMENT_3D('',#15713,#12601,#12602);
#11163=AXIS2_PLACEMENT_3D('',#15715,#12603,#12604);
#11164=AXIS2_PLACEMENT_3D('',#15717,#12605,#12606);
#11165=AXIS2_PLACEMENT_3D('',#15719,#12607,#12608);
#11166=AXIS2_PLACEMENT_3D('',#15721,#12609,#12610);
#11167=AXIS2_PLACEMENT_3D('',#15723,#12611,#12612);
#11168=AXIS2_PLACEMENT_3D('',#15725,#12613,#12614);
#11169=AXIS2_PLACEMENT_3D('',#15727,#12615,#12616);
#11170=AXIS2_PLACEMENT_3D('',#15729,#12617,#12618);
#11171=AXIS2_PLACEMENT_3D('',#15731,#12619,#12620);
#11172=AXIS2_PLACEMENT_3D('',#15733,#12621,#12622);
#11173=AXIS2_PLACEMENT_3D('',#15735,#12623,#12624);
#11174=AXIS2_PLACEMENT_3D('',#15737,#12625,#12626);
#11175=AXIS2_PLACEMENT_3D('',#15739,#12627,#12628);
#11176=AXIS2_PLACEMENT_3D('',#15741,#12629,#12630);
#11177=AXIS2_PLACEMENT_3D('',#15743,#12631,#12632);
#11178=AXIS2_PLACEMENT_3D('',#15745,#12633,#12634);
#11179=AXIS2_PLACEMENT_3D('',#15747,#12635,#12636);
#11180=AXIS2_PLACEMENT_3D('',#15749,#12637,#12638);
#11181=AXIS2_PLACEMENT_3D('',#15751,#12639,#12640);
#11182=AXIS2_PLACEMENT_3D('',#15753,#12641,#12642);
#11183=AXIS2_PLACEMENT_3D('',#15755,#12643,#12644);
#11184=AXIS2_PLACEMENT_3D('',#15757,#12645,#12646);
#11185=AXIS2_PLACEMENT_3D('',#15759,#12647,#12648);
#11186=AXIS2_PLACEMENT_3D('',#15761,#12649,#12650);
#11187=AXIS2_PLACEMENT_3D('',#15763,#12651,#12652);
#11188=AXIS2_PLACEMENT_3D('',#15765,#12653,#12654);
#11189=AXIS2_PLACEMENT_3D('',#15767,#12655,#12656);
#11190=AXIS2_PLACEMENT_3D('',#15769,#12657,#12658);
#11191=AXIS2_PLACEMENT_3D('',#15771,#12659,#12660);
#11192=AXIS2_PLACEMENT_3D('',#15773,#12661,#12662);
#11193=AXIS2_PLACEMENT_3D('',#15775,#12663,#12664);
#11194=AXIS2_PLACEMENT_3D('',#15777,#12665,#12666);
#11195=AXIS2_PLACEMENT_3D('',#15779,#12667,#12668);
#11196=AXIS2_PLACEMENT_3D('',#15781,#12669,#12670);
#11197=AXIS2_PLACEMENT_3D('',#15783,#12671,#12672);
#11198=AXIS2_PLACEMENT_3D('',#15785,#12673,#12674);
#11199=AXIS2_PLACEMENT_3D('',#15787,#12675,#12676);
#11200=AXIS2_PLACEMENT_3D('',#15789,#12677,#12678);
#11201=AXIS2_PLACEMENT_3D('',#15791,#12679,#12680);
#11202=AXIS2_PLACEMENT_3D('',#15793,#12681,#12682);
#11203=AXIS2_PLACEMENT_3D('',#15795,#12683,#12684);
#11204=AXIS2_PLACEMENT_3D('',#15797,#12685,#12686);
#11205=AXIS2_PLACEMENT_3D('',#15799,#12687,#12688);
#11206=AXIS2_PLACEMENT_3D('',#15801,#12689,#12690);
#11207=AXIS2_PLACEMENT_3D('',#15803,#12691,#12692);
#11208=AXIS2_PLACEMENT_3D('',#15805,#12693,#12694);
#11209=AXIS2_PLACEMENT_3D('',#15807,#12695,#12696);
#11210=AXIS2_PLACEMENT_3D('',#15809,#12697,#12698);
#11211=AXIS2_PLACEMENT_3D('',#15811,#12699,#12700);
#11212=AXIS2_PLACEMENT_3D('',#15813,#12701,#12702);
#11213=AXIS2_PLACEMENT_3D('',#15815,#12703,#12704);
#11214=AXIS2_PLACEMENT_3D('',#15817,#12705,#12706);
#11215=AXIS2_PLACEMENT_3D('',#15819,#12707,#12708);
#11216=AXIS2_PLACEMENT_3D('',#15821,#12709,#12710);
#11217=AXIS2_PLACEMENT_3D('',#15823,#12711,#12712);
#11218=AXIS2_PLACEMENT_3D('',#15825,#12713,#12714);
#11219=AXIS2_PLACEMENT_3D('',#15827,#12715,#12716);
#11220=AXIS2_PLACEMENT_3D('',#15829,#12717,#12718);
#11221=AXIS2_PLACEMENT_3D('',#15831,#12719,#12720);
#11222=AXIS2_PLACEMENT_3D('',#15833,#12721,#12722);
#11223=AXIS2_PLACEMENT_3D('',#15835,#12723,#12724);
#11224=AXIS2_PLACEMENT_3D('',#15837,#12725,#12726);
#11225=AXIS2_PLACEMENT_3D('',#15839,#12727,#12728);
#11226=AXIS2_PLACEMENT_3D('',#15841,#12729,#12730);
#11227=AXIS2_PLACEMENT_3D('',#15843,#12731,#12732);
#11228=AXIS2_PLACEMENT_3D('',#15845,#12733,#12734);
#11229=AXIS2_PLACEMENT_3D('',#15847,#12735,#12736);
#11230=AXIS2_PLACEMENT_3D('',#15849,#12737,#12738);
#11231=AXIS2_PLACEMENT_3D('',#15851,#12739,#12740);
#11232=AXIS2_PLACEMENT_3D('',#15853,#12741,#12742);
#11233=AXIS2_PLACEMENT_3D('',#15855,#12743,#12744);
#11234=AXIS2_PLACEMENT_3D('',#15857,#12745,#12746);
#11235=AXIS2_PLACEMENT_3D('',#15859,#12747,#12748);
#11236=AXIS2_PLACEMENT_3D('',#15861,#12749,#12750);
#11237=AXIS2_PLACEMENT_3D('',#15863,#12751,#12752);
#11238=AXIS2_PLACEMENT_3D('',#15865,#12753,#12754);
#11239=AXIS2_PLACEMENT_3D('',#15867,#12755,#12756);
#11240=AXIS2_PLACEMENT_3D('',#15869,#12757,#12758);
#11241=AXIS2_PLACEMENT_3D('',#15871,#12759,#12760);
#11242=AXIS2_PLACEMENT_3D('',#15873,#12761,#12762);
#11243=AXIS2_PLACEMENT_3D('',#15875,#12763,#12764);
#11244=AXIS2_PLACEMENT_3D('',#15877,#12765,#12766);
#11245=AXIS2_PLACEMENT_3D('',#15879,#12767,#12768);
#11246=AXIS2_PLACEMENT_3D('',#15881,#12769,#12770);
#11247=AXIS2_PLACEMENT_3D('',#15882,#12771,#12772);
#11248=AXIS2_PLACEMENT_3D('',#15884,#12773,#12774);
#11249=AXIS2_PLACEMENT_3D('',#15888,#12776,#12777);
#11250=AXIS2_PLACEMENT_3D('',#15891,#12779,#12780);
#11251=AXIS2_PLACEMENT_3D('',#15893,#12781,#12782);
#11252=AXIS2_PLACEMENT_3D('',#15895,#12783,#12784);
#11253=AXIS2_PLACEMENT_3D('',#15897,#12785,#12786);
#11254=AXIS2_PLACEMENT_3D('',#15899,#12787,#12788);
#11255=AXIS2_PLACEMENT_3D('',#15901,#12789,#12790);
#11256=AXIS2_PLACEMENT_3D('',#15903,#12791,#12792);
#11257=AXIS2_PLACEMENT_3D('',#15905,#12793,#12794);
#11258=AXIS2_PLACEMENT_3D('',#15907,#12795,#12796);
#11259=AXIS2_PLACEMENT_3D('',#15909,#12797,#12798);
#11260=AXIS2_PLACEMENT_3D('',#15911,#12799,#12800);
#11261=AXIS2_PLACEMENT_3D('',#15913,#12801,#12802);
#11262=AXIS2_PLACEMENT_3D('',#15915,#12803,#12804);
#11263=AXIS2_PLACEMENT_3D('',#15917,#12805,#12806);
#11264=AXIS2_PLACEMENT_3D('',#15919,#12807,#12808);
#11265=AXIS2_PLACEMENT_3D('',#15921,#12809,#12810);
#11266=AXIS2_PLACEMENT_3D('',#15923,#12811,#12812);
#11267=AXIS2_PLACEMENT_3D('',#15925,#12813,#12814);
#11268=AXIS2_PLACEMENT_3D('',#15927,#12815,#12816);
#11269=AXIS2_PLACEMENT_3D('',#15929,#12817,#12818);
#11270=AXIS2_PLACEMENT_3D('',#15931,#12819,#12820);
#11271=AXIS2_PLACEMENT_3D('',#15933,#12821,#12822);
#11272=AXIS2_PLACEMENT_3D('',#15935,#12823,#12824);
#11273=AXIS2_PLACEMENT_3D('',#15937,#12825,#12826);
#11274=AXIS2_PLACEMENT_3D('',#15939,#12827,#12828);
#11275=AXIS2_PLACEMENT_3D('',#15941,#12829,#12830);
#11276=AXIS2_PLACEMENT_3D('',#15943,#12831,#12832);
#11277=AXIS2_PLACEMENT_3D('',#15945,#12833,#12834);
#11278=AXIS2_PLACEMENT_3D('',#15947,#12835,#12836);
#11279=AXIS2_PLACEMENT_3D('',#15949,#12837,#12838);
#11280=AXIS2_PLACEMENT_3D('',#15951,#12839,#12840);
#11281=AXIS2_PLACEMENT_3D('',#15953,#12841,#12842);
#11282=AXIS2_PLACEMENT_3D('',#15955,#12843,#12844);
#11283=AXIS2_PLACEMENT_3D('',#15957,#12845,#12846);
#11284=AXIS2_PLACEMENT_3D('',#15959,#12847,#12848);
#11285=AXIS2_PLACEMENT_3D('',#15961,#12849,#12850);
#11286=AXIS2_PLACEMENT_3D('',#15963,#12851,#12852);
#11287=AXIS2_PLACEMENT_3D('',#15965,#12853,#12854);
#11288=AXIS2_PLACEMENT_3D('',#15967,#12855,#12856);
#11289=AXIS2_PLACEMENT_3D('',#15969,#12857,#12858);
#11290=AXIS2_PLACEMENT_3D('',#15971,#12859,#12860);
#11291=AXIS2_PLACEMENT_3D('',#15973,#12861,#12862);
#11292=AXIS2_PLACEMENT_3D('',#15975,#12863,#12864);
#11293=AXIS2_PLACEMENT_3D('',#15977,#12865,#12866);
#11294=AXIS2_PLACEMENT_3D('',#15979,#12867,#12868);
#11295=AXIS2_PLACEMENT_3D('',#15981,#12869,#12870);
#11296=AXIS2_PLACEMENT_3D('',#15983,#12871,#12872);
#11297=AXIS2_PLACEMENT_3D('',#15985,#12873,#12874);
#11298=AXIS2_PLACEMENT_3D('',#15987,#12875,#12876);
#11299=AXIS2_PLACEMENT_3D('',#15989,#12877,#12878);
#11300=AXIS2_PLACEMENT_3D('',#15991,#12879,#12880);
#11301=AXIS2_PLACEMENT_3D('',#15993,#12881,#12882);
#11302=AXIS2_PLACEMENT_3D('',#15995,#12883,#12884);
#11303=AXIS2_PLACEMENT_3D('',#15997,#12885,#12886);
#11304=AXIS2_PLACEMENT_3D('',#15999,#12887,#12888);
#11305=AXIS2_PLACEMENT_3D('',#16001,#12889,#12890);
#11306=AXIS2_PLACEMENT_3D('',#16003,#12891,#12892);
#11307=AXIS2_PLACEMENT_3D('',#16005,#12893,#12894);
#11308=AXIS2_PLACEMENT_3D('',#16007,#12895,#12896);
#11309=AXIS2_PLACEMENT_3D('',#16009,#12897,#12898);
#11310=AXIS2_PLACEMENT_3D('',#16011,#12899,#12900);
#11311=AXIS2_PLACEMENT_3D('',#16013,#12901,#12902);
#11312=AXIS2_PLACEMENT_3D('',#16015,#12903,#12904);
#11313=AXIS2_PLACEMENT_3D('',#16017,#12905,#12906);
#11314=AXIS2_PLACEMENT_3D('',#16019,#12907,#12908);
#11315=AXIS2_PLACEMENT_3D('',#16021,#12909,#12910);
#11316=AXIS2_PLACEMENT_3D('',#16023,#12911,#12912);
#11317=AXIS2_PLACEMENT_3D('',#16025,#12913,#12914);
#11318=AXIS2_PLACEMENT_3D('',#16027,#12915,#12916);
#11319=AXIS2_PLACEMENT_3D('',#16029,#12917,#12918);
#11320=AXIS2_PLACEMENT_3D('',#16031,#12919,#12920);
#11321=AXIS2_PLACEMENT_3D('',#16033,#12921,#12922);
#11322=AXIS2_PLACEMENT_3D('',#16035,#12923,#12924);
#11323=AXIS2_PLACEMENT_3D('',#16037,#12925,#12926);
#11324=AXIS2_PLACEMENT_3D('',#16039,#12927,#12928);
#11325=AXIS2_PLACEMENT_3D('',#16041,#12929,#12930);
#11326=AXIS2_PLACEMENT_3D('',#16043,#12931,#12932);
#11327=AXIS2_PLACEMENT_3D('',#16045,#12933,#12934);
#11328=AXIS2_PLACEMENT_3D('',#16047,#12935,#12936);
#11329=AXIS2_PLACEMENT_3D('',#16049,#12937,#12938);
#11330=AXIS2_PLACEMENT_3D('',#16051,#12939,#12940);
#11331=AXIS2_PLACEMENT_3D('',#16053,#12941,#12942);
#11332=AXIS2_PLACEMENT_3D('',#16055,#12943,#12944);
#11333=AXIS2_PLACEMENT_3D('',#16057,#12945,#12946);
#11334=AXIS2_PLACEMENT_3D('',#16059,#12947,#12948);
#11335=AXIS2_PLACEMENT_3D('',#16061,#12949,#12950);
#11336=AXIS2_PLACEMENT_3D('',#16063,#12951,#12952);
#11337=AXIS2_PLACEMENT_3D('',#16065,#12953,#12954);
#11338=AXIS2_PLACEMENT_3D('',#16067,#12955,#12956);
#11339=AXIS2_PLACEMENT_3D('',#16069,#12957,#12958);
#11340=AXIS2_PLACEMENT_3D('',#16071,#12959,#12960);
#11341=AXIS2_PLACEMENT_3D('',#16073,#12961,#12962);
#11342=AXIS2_PLACEMENT_3D('',#16074,#12963,#12964);
#11343=AXIS2_PLACEMENT_3D('',#16076,#12966,#12967);
#11344=AXIS2_PLACEMENT_3D('',#16078,#12969,#12970);
#11345=AXIS2_PLACEMENT_3D('',#16080,#12972,#12973);
#11346=AXIS2_PLACEMENT_3D('',#16082,#12975,#12976);
#11347=AXIS2_PLACEMENT_3D('',#16083,#12977,#12978);
#11348=AXIS2_PLACEMENT_3D('',#16085,#12980,#12981);
#11349=AXIS2_PLACEMENT_3D('',#16087,#12983,#12984);
#11350=AXIS2_PLACEMENT_3D('',#16089,#12986,#12987);
#11351=AXIS2_PLACEMENT_3D('',#16091,#12989,#12990);
#11352=AXIS2_PLACEMENT_3D('',#16093,#12992,#12993);
#11353=AXIS2_PLACEMENT_3D('',#16095,#12995,#12996);
#11354=AXIS2_PLACEMENT_3D('',#16097,#12998,#12999);
#11355=AXIS2_PLACEMENT_3D('',#16099,#13001,#13002);
#11356=AXIS2_PLACEMENT_3D('',#16101,#13004,#13005);
#11357=AXIS2_PLACEMENT_3D('',#16103,#13007,#13008);
#11358=AXIS2_PLACEMENT_3D('',#16105,#13010,#13011);
#11359=AXIS2_PLACEMENT_3D('',#16107,#13013,#13014);
#11360=AXIS2_PLACEMENT_3D('',#16109,#13016,#13017);
#11361=AXIS2_PLACEMENT_3D('',#16111,#13019,#13020);
#11362=AXIS2_PLACEMENT_3D('',#16113,#13022,#13023);
#11363=AXIS2_PLACEMENT_3D('',#16115,#13025,#13026);
#11364=AXIS2_PLACEMENT_3D('',#16117,#13028,#13029);
#11365=AXIS2_PLACEMENT_3D('',#16119,#13031,#13032);
#11366=AXIS2_PLACEMENT_3D('',#16121,#13034,#13035);
#11367=AXIS2_PLACEMENT_3D('',#16123,#13037,#13038);
#11368=AXIS2_PLACEMENT_3D('',#16125,#13040,#13041);
#11369=AXIS2_PLACEMENT_3D('',#16127,#13043,#13044);
#11370=AXIS2_PLACEMENT_3D('',#16129,#13046,#13047);
#11371=AXIS2_PLACEMENT_3D('',#16131,#13049,#13050);
#11372=AXIS2_PLACEMENT_3D('',#16133,#13052,#13053);
#11373=AXIS2_PLACEMENT_3D('',#16135,#13055,#13056);
#11374=AXIS2_PLACEMENT_3D('',#16137,#13058,#13059);
#11375=AXIS2_PLACEMENT_3D('',#16139,#13061,#13062);
#11376=AXIS2_PLACEMENT_3D('',#16141,#13064,#13065);
#11377=AXIS2_PLACEMENT_3D('',#16143,#13067,#13068);
#11378=AXIS2_PLACEMENT_3D('',#16145,#13070,#13071);
#11379=AXIS2_PLACEMENT_3D('',#16147,#13073,#13074);
#11380=AXIS2_PLACEMENT_3D('',#16149,#13076,#13077);
#11381=AXIS2_PLACEMENT_3D('',#16151,#13079,#13080);
#11382=AXIS2_PLACEMENT_3D('',#16153,#13082,#13083);
#11383=AXIS2_PLACEMENT_3D('',#16155,#13085,#13086);
#11384=AXIS2_PLACEMENT_3D('',#16157,#13088,#13089);
#11385=AXIS2_PLACEMENT_3D('',#16159,#13091,#13092);
#11386=AXIS2_PLACEMENT_3D('',#16161,#13094,#13095);
#11387=AXIS2_PLACEMENT_3D('',#16163,#13097,#13098);
#11388=AXIS2_PLACEMENT_3D('',#16165,#13100,#13101);
#11389=AXIS2_PLACEMENT_3D('',#16167,#13103,#13104);
#11390=AXIS2_PLACEMENT_3D('',#16169,#13106,#13107);
#11391=AXIS2_PLACEMENT_3D('',#16171,#13109,#13110);
#11392=AXIS2_PLACEMENT_3D('',#16173,#13112,#13113);
#11393=AXIS2_PLACEMENT_3D('',#16175,#13115,#13116);
#11394=AXIS2_PLACEMENT_3D('',#16177,#13118,#13119);
#11395=AXIS2_PLACEMENT_3D('',#16179,#13121,#13122);
#11396=AXIS2_PLACEMENT_3D('',#16181,#13124,#13125);
#11397=AXIS2_PLACEMENT_3D('',#16183,#13127,#13128);
#11398=AXIS2_PLACEMENT_3D('',#16185,#13130,#13131);
#11399=AXIS2_PLACEMENT_3D('',#16187,#13133,#13134);
#11400=AXIS2_PLACEMENT_3D('',#16189,#13136,#13137);
#11401=AXIS2_PLACEMENT_3D('',#16191,#13139,#13140);
#11402=AXIS2_PLACEMENT_3D('',#16193,#13142,#13143);
#11403=AXIS2_PLACEMENT_3D('',#16195,#13145,#13146);
#11404=AXIS2_PLACEMENT_3D('',#16197,#13148,#13149);
#11405=AXIS2_PLACEMENT_3D('',#16199,#13151,#13152);
#11406=AXIS2_PLACEMENT_3D('',#16201,#13154,#13155);
#11407=AXIS2_PLACEMENT_3D('',#16203,#13157,#13158);
#11408=AXIS2_PLACEMENT_3D('',#16205,#13160,#13161);
#11409=AXIS2_PLACEMENT_3D('',#16207,#13163,#13164);
#11410=AXIS2_PLACEMENT_3D('',#16209,#13166,#13167);
#11411=AXIS2_PLACEMENT_3D('',#16211,#13169,#13170);
#11412=AXIS2_PLACEMENT_3D('',#16213,#13172,#13173);
#11413=AXIS2_PLACEMENT_3D('',#16215,#13175,#13176);
#11414=AXIS2_PLACEMENT_3D('',#16217,#13178,#13179);
#11415=AXIS2_PLACEMENT_3D('',#16219,#13181,#13182);
#11416=AXIS2_PLACEMENT_3D('',#16221,#13184,#13185);
#11417=AXIS2_PLACEMENT_3D('',#16223,#13187,#13188);
#11418=AXIS2_PLACEMENT_3D('',#16225,#13190,#13191);
#11419=AXIS2_PLACEMENT_3D('',#16227,#13193,#13194);
#11420=AXIS2_PLACEMENT_3D('',#16229,#13196,#13197);
#11421=AXIS2_PLACEMENT_3D('',#16231,#13199,#13200);
#11422=AXIS2_PLACEMENT_3D('',#16233,#13202,#13203);
#11423=AXIS2_PLACEMENT_3D('',#16235,#13205,#13206);
#11424=AXIS2_PLACEMENT_3D('',#16237,#13208,#13209);
#11425=AXIS2_PLACEMENT_3D('',#16239,#13211,#13212);
#11426=AXIS2_PLACEMENT_3D('',#16241,#13214,#13215);
#11427=AXIS2_PLACEMENT_3D('',#16243,#13217,#13218);
#11428=AXIS2_PLACEMENT_3D('',#16245,#13220,#13221);
#11429=AXIS2_PLACEMENT_3D('',#16247,#13223,#13224);
#11430=AXIS2_PLACEMENT_3D('',#16249,#13226,#13227);
#11431=AXIS2_PLACEMENT_3D('',#16251,#13229,#13230);
#11432=AXIS2_PLACEMENT_3D('',#16253,#13232,#13233);
#11433=AXIS2_PLACEMENT_3D('',#16255,#13235,#13236);
#11434=AXIS2_PLACEMENT_3D('',#16257,#13238,#13239);
#11435=AXIS2_PLACEMENT_3D('',#16259,#13241,#13242);
#11436=AXIS2_PLACEMENT_3D('',#16261,#13244,#13245);
#11437=AXIS2_PLACEMENT_3D('',#16263,#13247,#13248);
#11438=AXIS2_PLACEMENT_3D('',#16265,#13250,#13251);
#11439=AXIS2_PLACEMENT_3D('',#16266,#13252,#13253);
#11440=AXIS2_PLACEMENT_3D('',#16267,#13254,#13255);
#11441=AXIS2_PLACEMENT_3D('',#16268,#13256,#13257);
#11442=AXIS2_PLACEMENT_3D('',#16269,#13258,#13259);
#11443=AXIS2_PLACEMENT_3D('',#16270,#13260,#13261);
#11444=AXIS2_PLACEMENT_3D('',#16271,#13262,#13263);
#11445=AXIS2_PLACEMENT_3D('',#16272,#13264,#13265);
#11446=AXIS2_PLACEMENT_3D('',#16273,#13266,#13267);
#11447=AXIS2_PLACEMENT_3D('',#16274,#13268,#13269);
#11448=AXIS2_PLACEMENT_3D('',#16275,#13270,#13271);
#11449=AXIS2_PLACEMENT_3D('',#16276,#13272,#13273);
#11450=AXIS2_PLACEMENT_3D('',#16277,#13274,#13275);
#11451=AXIS2_PLACEMENT_3D('',#16278,#13276,#13277);
#11452=AXIS2_PLACEMENT_3D('',#16279,#13278,#13279);
#11453=AXIS2_PLACEMENT_3D('',#16280,#13280,#13281);
#11454=AXIS2_PLACEMENT_3D('',#16281,#13282,#13283);
#11455=AXIS2_PLACEMENT_3D('',#16282,#13284,#13285);
#11456=AXIS2_PLACEMENT_3D('',#16283,#13286,#13287);
#11457=AXIS2_PLACEMENT_3D('',#16284,#13288,#13289);
#11458=AXIS2_PLACEMENT_3D('',#16285,#13290,#13291);
#11459=AXIS2_PLACEMENT_3D('',#16286,#13292,#13293);
#11460=AXIS2_PLACEMENT_3D('',#16287,#13294,#13295);
#11461=AXIS2_PLACEMENT_3D('',#16288,#13296,#13297);
#11462=AXIS2_PLACEMENT_3D('',#16291,#13298,#13299);
#11463=AXIS2_PLACEMENT_3D('',#16292,#13300,#13301);
#11464=AXIS2_PLACEMENT_3D('',#16295,#13303,#13304);
#11465=AXIS2_PLACEMENT_3D('',#16296,#13305,#13306);
#11466=AXIS2_PLACEMENT_3D('',#16299,#13307,#13308);
#11467=AXIS2_PLACEMENT_3D('',#16300,#13309,#13310);
#11468=AXIS2_PLACEMENT_3D('',#16301,#13311,#13312);
#11469=AXIS2_PLACEMENT_3D('',#16302,#13313,#13314);
#11470=AXIS2_PLACEMENT_3D('',#16305,#13315,#13316);
#11471=AXIS2_PLACEMENT_3D('',#16306,#13317,#13318);
#11472=AXIS2_PLACEMENT_3D('',#16308,#13320,#13321);
#11473=AXIS2_PLACEMENT_3D('',#16311,#13322,#13323);
#11474=AXIS2_PLACEMENT_3D('',#16312,#13324,#13325);
#11475=AXIS2_PLACEMENT_3D('',#16313,#13326,#13327);
#11476=AXIS2_PLACEMENT_3D('',#16314,#13328,#13329);
#11477=AXIS2_PLACEMENT_3D('',#16316,#13330,#13331);
#11478=AXIS2_PLACEMENT_3D('',#16318,#13333,#13334);
#11479=AXIS2_PLACEMENT_3D('',#16319,#13335,#13336);
#11480=AXIS2_PLACEMENT_3D('',#16320,#13337,#13338);
#11481=AXIS2_PLACEMENT_3D('',#16322,#13339,#13340);
#11482=AXIS2_PLACEMENT_3D('',#16325,#13342,#13343);
#11483=AXIS2_PLACEMENT_3D('',#16326,#13344,#13345);
#11484=AXIS2_PLACEMENT_3D('',#16328,#13346,#13347);
#11485=AXIS2_PLACEMENT_3D('',#16329,#13348,#13349);
#11486=AXIS2_PLACEMENT_3D('',#16331,#13350,#13351);
#11487=AXIS2_PLACEMENT_3D('',#16332,#13352,#13353);
#11488=AXIS2_PLACEMENT_3D('',#16335,#13355,#13356);
#11489=AXIS2_PLACEMENT_3D('',#16336,#13357,#13358);
#11490=AXIS2_PLACEMENT_3D('',#16338,#13359,#13360);
#11491=AXIS2_PLACEMENT_3D('',#16340,#13362,#13363);
#11492=AXIS2_PLACEMENT_3D('',#16342,#13364,#13365);
#11493=AXIS2_PLACEMENT_3D('',#16343,#13366,#13367);
#11494=AXIS2_PLACEMENT_3D('',#16344,#13368,#13369);
#11495=AXIS2_PLACEMENT_3D('',#16346,#13370,#13371);
#11496=AXIS2_PLACEMENT_3D('',#16347,#13372,#13373);
#11497=AXIS2_PLACEMENT_3D('',#16348,#13374,#13375);
#11498=AXIS2_PLACEMENT_3D('',#16349,#13376,#13377);
#11499=AXIS2_PLACEMENT_3D('',#16350,#13378,#13379);
#11500=AXIS2_PLACEMENT_3D('',#16351,#13380,#13381);
#11501=AXIS2_PLACEMENT_3D('',#16352,#13382,#13383);
#11502=AXIS2_PLACEMENT_3D('',#16353,#13384,#13385);
#11503=AXIS2_PLACEMENT_3D('',#16354,#13386,#13387);
#11504=AXIS2_PLACEMENT_3D('',#16355,#13388,#13389);
#11505=AXIS2_PLACEMENT_3D('',#16356,#13390,#13391);
#11506=AXIS2_PLACEMENT_3D('',#16357,#13392,#13393);
#11507=AXIS2_PLACEMENT_3D('',#16358,#13394,#13395);
#11508=AXIS2_PLACEMENT_3D('',#16359,#13396,#13397);
#11509=AXIS2_PLACEMENT_3D('',#16360,#13398,#13399);
#11510=AXIS2_PLACEMENT_3D('',#16361,#13400,#13401);
#11511=AXIS2_PLACEMENT_3D('',#16362,#13402,#13403);
#11512=AXIS2_PLACEMENT_3D('',#16363,#13404,#13405);
#11513=AXIS2_PLACEMENT_3D('',#16364,#13406,#13407);
#11514=AXIS2_PLACEMENT_3D('',#16373,#13412,#13413);
#11515=AXIS2_PLACEMENT_3D('',#16382,#13418,#13419);
#11516=AXIS2_PLACEMENT_3D('',#16391,#13424,#13425);
#11517=AXIS2_PLACEMENT_3D('',#16400,#13430,#13431);
#11518=AXIS2_PLACEMENT_3D('',#16411,#13438,#13439);
#11519=AXIS2_PLACEMENT_3D('',#16417,#13443,#13444);
#11520=AXIS2_PLACEMENT_3D('',#16423,#13448,#13449);
#11521=AXIS2_PLACEMENT_3D('',#16429,#13453,#13454);
#11522=AXIS2_PLACEMENT_3D('',#16435,#13458,#13459);
#11523=AXIS2_PLACEMENT_3D('',#16440,#13463,#13464);
#11524=AXIS2_PLACEMENT_3D('',#16445,#13468,#13469);
#11525=AXIS2_PLACEMENT_3D('',#16452,#13474,#13475);
#11526=AXIS2_PLACEMENT_3D('',#16461,#13480,#13481);
#11527=AXIS2_PLACEMENT_3D('',#16469,#13486,#13487);
#11528=AXIS2_PLACEMENT_3D('',#16477,#13491,#13492);
#11529=AXIS2_PLACEMENT_3D('',#16501,#13505,#13506);
#11530=AXIS2_PLACEMENT_3D('',#16507,#13510,#13511);
#11531=AXIS2_PLACEMENT_3D('',#16513,#13515,#13516);
#11532=AXIS2_PLACEMENT_3D('',#16515,#13517,#13518);
#11533=AXIS2_PLACEMENT_3D('',#16517,#13519,#13520);
#11534=AXIS2_PLACEMENT_3D('',#16519,#13522,#13523);
#11535=AXIS2_PLACEMENT_3D('',#16527,#13528,#13529);
#11536=AXIS2_PLACEMENT_3D('',#16531,#13532,#13533);
#11537=AXIS2_PLACEMENT_3D('',#16537,#13537,#13538);
#11538=AXIS2_PLACEMENT_3D('',#16541,#13541,#13542);
#11539=AXIS2_PLACEMENT_3D('',#16545,#13545,#13546);
#11540=AXIS2_PLACEMENT_3D('',#16547,#13548,#13549);
#11541=AXIS2_PLACEMENT_3D('',#16548,#13550,#13551);
#11542=AXIS2_PLACEMENT_3D('',#16554,#13554,#13555);
#11543=AXIS2_PLACEMENT_3D('',#16566,#13561,#13562);
#11544=AXIS2_PLACEMENT_3D('',#16571,#13565,#13566);
#11545=AXIS2_PLACEMENT_3D('',#16582,#13572,#13573);
#11546=AXIS2_PLACEMENT_3D('',#16583,#13574,#13575);
#11547=AXIS2_PLACEMENT_3D('',#16591,#13580,#13581);
#11548=AXIS2_PLACEMENT_3D('',#16598,#13585,#13586);
#11549=AXIS2_PLACEMENT_3D('',#16599,#13587,#13588);
#11550=AXIS2_PLACEMENT_3D('',#16603,#13591,#13592);
#11551=AXIS2_PLACEMENT_3D('',#16605,#13594,#13595);
#11552=AXIS2_PLACEMENT_3D('',#16611,#13599,#13600);
#11553=AXIS2_PLACEMENT_3D('',#16615,#13602,#13603);
#11554=AXIS2_PLACEMENT_3D('',#16622,#13607,#13608);
#11555=AXIS2_PLACEMENT_3D('',#16626,#13610,#13611);
#11556=AXIS2_PLACEMENT_3D('',#16628,#13613,#13614);
#11557=AXIS2_PLACEMENT_3D('',#16634,#13618,#13619);
#11558=AXIS2_PLACEMENT_3D('',#16644,#13625,#13626);
#11559=AXIS2_PLACEMENT_3D('',#16648,#13629,#13630);
#11560=AXIS2_PLACEMENT_3D('',#16658,#13636,#13637);
#11561=AXIS2_PLACEMENT_3D('',#16662,#13640,#13641);
#11562=AXIS2_PLACEMENT_3D('',#16664,#13643,#13644);
#11563=AXIS2_PLACEMENT_3D('',#16665,#13645,#13646);
#11564=AXIS2_PLACEMENT_3D('',#16666,#13647,#13648);
#11565=AXIS2_PLACEMENT_3D('',#16668,#13650,#13651);
#11566=AXIS2_PLACEMENT_3D('',#16671,#13654,#13655);
#11567=AXIS2_PLACEMENT_3D('',#16672,#13656,#13657);
#11568=AXIS2_PLACEMENT_3D('',#16674,#13659,#13660);
#11569=AXIS2_PLACEMENT_3D('',#16678,#13663,#13664);
#11570=AXIS2_PLACEMENT_3D('',#16681,#13665,#13666);
#11571=AXIS2_PLACEMENT_3D('',#16684,#13669,#13670);
#11572=AXIS2_PLACEMENT_3D('',#16687,#13671,#13672);
#11573=AXIS2_PLACEMENT_3D('',#16690,#13675,#13676);
#11574=AXIS2_PLACEMENT_3D('',#16692,#13677,#13678);
#11575=AXIS2_PLACEMENT_3D('',#16694,#13680,#13681);
#11576=AXIS2_PLACEMENT_3D('',#16697,#13684,#13685);
#11577=AXIS2_PLACEMENT_3D('',#16699,#13687,#13688);
#11578=AXIS2_PLACEMENT_3D('',#16700,#13689,#13690);
#11579=AXIS2_PLACEMENT_3D('',#16703,#13693,#13694);
#11580=AXIS2_PLACEMENT_3D('',#16705,#13696,#13697);
#11581=AXIS2_PLACEMENT_3D('',#16707,#13699,#13700);
#11582=AXIS2_PLACEMENT_3D('',#16709,#13702,#13703);
#11583=AXIS2_PLACEMENT_3D('',#16710,#13704,#13705);
#11584=AXIS2_PLACEMENT_3D('',#16711,#13706,#13707);
#11585=AXIS2_PLACEMENT_3D('',#16713,#13709,#13710);
#11586=AXIS2_PLACEMENT_3D('',#16714,#13711,#13712);
#11587=AXIS2_PLACEMENT_3D('',#16723,#13717,#13718);
#11588=AXIS2_PLACEMENT_3D('',#16732,#13723,#13724);
#11589=AXIS2_PLACEMENT_3D('',#16733,#13725,#13726);
#11590=AXIS2_PLACEMENT_3D('',#16734,#13727,#13728);
#11591=AXIS2_PLACEMENT_3D('',#16735,#13729,#13730);
#11592=AXIS2_PLACEMENT_3D('',#16747,#13737,#13738);
#11593=AXIS2_PLACEMENT_3D('',#16756,#13743,#13744);
#11594=AXIS2_PLACEMENT_3D('',#16765,#13749,#13750);
#11595=AXIS2_PLACEMENT_3D('',#16766,#13751,#13752);
#11596=AXIS2_PLACEMENT_3D('',#16767,#13753,#13754);
#11597=AXIS2_PLACEMENT_3D('',#16768,#13755,#13756);
#11598=AXIS2_PLACEMENT_3D('',#16778,#13762,#13763);
#11599=AXIS2_PLACEMENT_3D('',#16788,#13769,#13770);
#11600=AXIS2_PLACEMENT_3D('',#16794,#13774,#13775);
#11601=AXIS2_PLACEMENT_3D('',#16798,#13778,#13779);
#11602=AXIS2_PLACEMENT_3D('',#16808,#13785,#13786);
#11603=AXIS2_PLACEMENT_3D('',#16814,#13790,#13791);
#11604=AXIS2_PLACEMENT_3D('',#16818,#13794,#13795);
#11605=AXIS2_PLACEMENT_3D('',#16822,#13798,#13799);
#11606=AXIS2_PLACEMENT_3D('',#16824,#13801,#13802);
#11607=AXIS2_PLACEMENT_3D('',#16825,#13803,#13804);
#11608=AXIS2_PLACEMENT_3D('',#16829,#13807,#13808);
#11609=AXIS2_PLACEMENT_3D('',#16831,#13810,#13811);
#11610=AXIS2_PLACEMENT_3D('',#16832,#13812,#13813);
#11611=AXIS2_PLACEMENT_3D('',#16841,#13818,#13819);
#11612=AXIS2_PLACEMENT_3D('',#16847,#13823,#13824);
#11613=AXIS2_PLACEMENT_3D('',#16853,#13828,#13829);
#11614=AXIS2_PLACEMENT_3D('',#16859,#13833,#13834);
#11615=AXIS2_PLACEMENT_3D('',#16865,#13838,#13839);
#11616=AXIS2_PLACEMENT_3D('',#16875,#13845,#13846);
#11617=AXIS2_PLACEMENT_3D('',#16881,#13850,#13851);
#11618=AXIS2_PLACEMENT_3D('',#16887,#13855,#13856);
#11619=AXIS2_PLACEMENT_3D('',#16890,#13859,#13860);
#11620=AXIS2_PLACEMENT_3D('',#16891,#13861,#13862);
#11621=AXIS2_PLACEMENT_3D('',#16900,#13869,#13870);
#11622=AXIS2_PLACEMENT_3D('',#16908,#13876,#13877);
#11623=AXIS2_PLACEMENT_3D('',#16914,#13881,#13882);
#11624=AXIS2_PLACEMENT_3D('',#16928,#13890,#13891);
#11625=AXIS2_PLACEMENT_3D('',#16930,#13892,#13893);
#11626=AXIS2_PLACEMENT_3D('',#16932,#13894,#13895);
#11627=AXIS2_PLACEMENT_3D('',#16933,#13896,#13897);
#11628=AXIS2_PLACEMENT_3D('',#16935,#13899,#13900);
#11629=AXIS2_PLACEMENT_3D('',#16936,#13901,#13902);
#11630=AXIS2_PLACEMENT_3D('',#16938,#13904,#13905);
#11631=AXIS2_PLACEMENT_3D('',#16939,#13906,#13907);
#11632=AXIS2_PLACEMENT_3D('',#16941,#13909,#13910);
#11633=AXIS2_PLACEMENT_3D('',#16942,#13911,#13912);
#11634=AXIS2_PLACEMENT_3D('',#16944,#13914,#13915);
#11635=AXIS2_PLACEMENT_3D('',#16946,#13917,#13918);
#11636=AXIS2_PLACEMENT_3D('',#16947,#13919,#13920);
#11637=AXIS2_PLACEMENT_3D('',#16950,#13922,#13923);
#11638=AXIS2_PLACEMENT_3D('',#16951,#13924,#13925);
#11639=AXIS2_PLACEMENT_3D('',#16954,#13927,#13928);
#11640=AXIS2_PLACEMENT_3D('',#16955,#13929,#13930);
#11641=AXIS2_PLACEMENT_3D('',#16956,#13931,#13932);
#11642=AXIS2_PLACEMENT_3D('',#16957,#13933,#13934);
#11643=AXIS2_PLACEMENT_3D('',#16958,#13935,#13936);
#11644=AXIS2_PLACEMENT_3D('',#16959,#13937,#13938);
#11645=AXIS2_PLACEMENT_3D('',#16961,#13939,#13940);
#11646=AXIS2_PLACEMENT_3D('',#16964,#13942,#13943);
#11647=AXIS2_PLACEMENT_3D('',#16965,#13944,#13945);
#11648=AXIS2_PLACEMENT_3D('',#16967,#13947,#13948);
#11649=AXIS2_PLACEMENT_3D('',#16968,#13949,#13950);
#11650=AXIS2_PLACEMENT_3D('',#16969,#13951,#13952);
#11651=AXIS2_PLACEMENT_3D('',#16980,#13958,#13959);
#11652=AXIS2_PLACEMENT_3D('',#16986,#13963,#13964);
#11653=AXIS2_PLACEMENT_3D('',#16994,#13969,#13970);
#11654=AXIS2_PLACEMENT_3D('',#17000,#13974,#13975);
#11655=AXIS2_PLACEMENT_3D('',#17008,#13980,#13981);
#11656=AXIS2_PLACEMENT_3D('',#17014,#13985,#13986);
#11657=AXIS2_PLACEMENT_3D('',#17020,#13990,#13991);
#11658=AXIS2_PLACEMENT_3D('',#17026,#13995,#13996);
#11659=AXIS2_PLACEMENT_3D('',#17034,#14001,#14002);
#11660=AXIS2_PLACEMENT_3D('',#17040,#14006,#14007);
#11661=AXIS2_PLACEMENT_3D('',#17042,#14009,#14010);
#11662=AXIS2_PLACEMENT_3D('',#17048,#14014,#14015);
#11663=AXIS2_PLACEMENT_3D('',#17052,#14018,#14019);
#11664=AXIS2_PLACEMENT_3D('',#17056,#14022,#14023);
#11665=AXIS2_PLACEMENT_3D('',#17058,#14025,#14026);
#11666=AXIS2_PLACEMENT_3D('',#17064,#14030,#14031);
#11667=AXIS2_PLACEMENT_3D('',#17068,#14034,#14035);
#11668=AXIS2_PLACEMENT_3D('',#17072,#14038,#14039);
#11669=AXIS2_PLACEMENT_3D('',#17078,#14043,#14044);
#11670=AXIS2_PLACEMENT_3D('',#17082,#14047,#14048);
#11671=AXIS2_PLACEMENT_3D('',#17084,#14050,#14051);
#11672=AXIS2_PLACEMENT_3D('',#17088,#14054,#14055);
#11673=AXIS2_PLACEMENT_3D('',#17092,#14058,#14059);
#11674=AXIS2_PLACEMENT_3D('',#17094,#14061,#14062);
#11675=AXIS2_PLACEMENT_3D('',#17103,#14067,#14068);
#11676=AXIS2_PLACEMENT_3D('',#17109,#14072,#14073);
#11677=AXIS2_PLACEMENT_3D('',#17115,#14077,#14078);
#11678=AXIS2_PLACEMENT_3D('',#17121,#14082,#14083);
#11679=AXIS2_PLACEMENT_3D('',#17127,#14087,#14088);
#11680=AXIS2_PLACEMENT_3D('',#17133,#14092,#14093);
#11681=AXIS2_PLACEMENT_3D('',#17142,#14098,#14099);
#11682=AXIS2_PLACEMENT_3D('',#17148,#14103,#14104);
#11683=AXIS2_PLACEMENT_3D('',#17154,#14108,#14109);
#11684=AXIS2_PLACEMENT_3D('',#17160,#14113,#14114);
#11685=AXIS2_PLACEMENT_3D('',#17166,#14118,#14119);
#11686=AXIS2_PLACEMENT_3D('',#17172,#14123,#14124);
#11687=AXIS2_PLACEMENT_3D('',#17174,#14126,#14127);
#11688=AXIS2_PLACEMENT_3D('',#17178,#14130,#14131);
#11689=AXIS2_PLACEMENT_3D('',#17180,#14133,#14134);
#11690=AXIS2_PLACEMENT_3D('',#17187,#14139,#14140);
#11691=AXIS2_PLACEMENT_3D('',#17191,#14143,#14144);
#11692=AXIS2_PLACEMENT_3D('',#17196,#14148,#14149);
#11693=AXIS2_PLACEMENT_3D('',#17198,#14151,#14152);
#11694=AXIS2_PLACEMENT_3D('',#17199,#14153,#14154);
#11695=AXIS2_PLACEMENT_3D('',#17200,#14155,#14156);
#11696=AXIS2_PLACEMENT_3D('',#17201,#14157,#14158);
#11697=AXIS2_PLACEMENT_3D('',#17210,#14163,#14164);
#11698=AXIS2_PLACEMENT_3D('',#17220,#14170,#14171);
#11699=AXIS2_PLACEMENT_3D('',#17224,#14174,#14175);
#11700=AXIS2_PLACEMENT_3D('',#17228,#14178,#14179);
#11701=AXIS2_PLACEMENT_3D('',#17232,#14182,#14183);
#11702=AXIS2_PLACEMENT_3D('',#17236,#14186,#14187);
#11703=AXIS2_PLACEMENT_3D('',#17238,#14189,#14190);
#11704=AXIS2_PLACEMENT_3D('',#17239,#14191,#14192);
#11705=AXIS2_PLACEMENT_3D('',#17248,#14197,#14198);
#11706=AXIS2_PLACEMENT_3D('',#17254,#14202,#14203);
#11707=AXIS2_PLACEMENT_3D('',#17262,#14208,#14209);
#11708=AXIS2_PLACEMENT_3D('',#17266,#14212,#14213);
#11709=AXIS2_PLACEMENT_3D('',#17272,#14217,#14218);
#11710=AXIS2_PLACEMENT_3D('',#17274,#14220,#14221);
#11711=AXIS2_PLACEMENT_3D('',#17276,#14223,#14224);
#11712=AXIS2_PLACEMENT_3D('',#17277,#14225,#14226);
#11713=AXIS2_PLACEMENT_3D('',#17278,#14227,#14228);
#11714=AXIS2_PLACEMENT_3D('',#17279,#14229,#14230);
#11715=AXIS2_PLACEMENT_3D('',#17280,#14231,#14232);
#11716=AXIS2_PLACEMENT_3D('',#17281,#14233,#14234);
#11717=AXIS2_PLACEMENT_3D('',#17282,#14235,#14236);
#11718=AXIS2_PLACEMENT_3D('',#17283,#14237,#14238);
#11719=AXIS2_PLACEMENT_3D('',#17284,#14239,#14240);
#11720=AXIS2_PLACEMENT_3D('',#17285,#14241,#14242);
#11721=AXIS2_PLACEMENT_3D('',#17286,#14243,#14244);
#11722=AXIS2_PLACEMENT_3D('',#17287,#14245,#14246);
#11723=AXIS2_PLACEMENT_3D('',#17288,#14247,#14248);
#11724=AXIS2_PLACEMENT_3D('',#17289,#14249,#14250);
#11725=AXIS2_PLACEMENT_3D('',#17290,#14251,#14252);
#11726=AXIS2_PLACEMENT_3D('',#17291,#14253,#14254);
#11727=AXIS2_PLACEMENT_3D('',#17292,#14255,#14256);
#11728=AXIS2_PLACEMENT_3D('',#17293,#14257,#14258);
#11729=AXIS2_PLACEMENT_3D('',#17294,#14259,#14260);
#11730=AXIS2_PLACEMENT_3D('',#17295,#14261,#14262);
#11731=AXIS2_PLACEMENT_3D('',#17296,#14263,#14264);
#11732=AXIS2_PLACEMENT_3D('',#17297,#14265,#14266);
#11733=AXIS2_PLACEMENT_3D('',#17298,#14267,#14268);
#11734=AXIS2_PLACEMENT_3D('',#17299,#14269,#14270);
#11735=AXIS2_PLACEMENT_3D('',#17300,#14271,#14272);
#11736=AXIS2_PLACEMENT_3D('',#17301,#14273,#14274);
#11737=AXIS2_PLACEMENT_3D('',#17302,#14275,#14276);
#11738=AXIS2_PLACEMENT_3D('',#17303,#14277,#14278);
#11739=AXIS2_PLACEMENT_3D('',#17304,#14279,#14280);
#11740=AXIS2_PLACEMENT_3D('',#17305,#14281,#14282);
#11741=AXIS2_PLACEMENT_3D('',#17306,#14283,#14284);
#11742=AXIS2_PLACEMENT_3D('',#17307,#14285,#14286);
#11743=AXIS2_PLACEMENT_3D('',#17308,#14287,#14288);
#11744=AXIS2_PLACEMENT_3D('',#17309,#14289,#14290);
#11745=AXIS2_PLACEMENT_3D('',#17310,#14291,#14292);
#11746=AXIS2_PLACEMENT_3D('',#17311,#14293,#14294);
#11747=AXIS2_PLACEMENT_3D('',#17312,#14295,#14296);
#11748=AXIS2_PLACEMENT_3D('',#17313,#14297,#14298);
#11749=AXIS2_PLACEMENT_3D('',#17324,#14304,#14305);
#11750=AXIS2_PLACEMENT_3D('',#17332,#14310,#14311);
#11751=AXIS2_PLACEMENT_3D('',#17334,#14312,#14313);
#11752=AXIS2_PLACEMENT_3D('',#17337,#14315,#14316);
#11753=AXIS2_PLACEMENT_3D('',#17338,#14317,#14318);
#11754=AXIS2_PLACEMENT_3D('',#17344,#14322,#14323);
#11755=AXIS2_PLACEMENT_3D('',#17347,#14326,#14327);
#11756=AXIS2_PLACEMENT_3D('',#17348,#14328,#14329);
#11757=AXIS2_PLACEMENT_3D('',#17362,#14337,#14338);
#11758=AXIS2_PLACEMENT_3D('',#17363,#14339,#14340);
#11759=AXIS2_PLACEMENT_3D('',#17365,#14341,#14342);
#11760=AXIS2_PLACEMENT_3D('',#17368,#14344,#14345);
#11761=AXIS2_PLACEMENT_3D('',#17369,#14346,#14347);
#11762=AXIS2_PLACEMENT_3D('',#17378,#14352,#14353);
#11763=AXIS2_PLACEMENT_3D('',#17381,#14356,#14357);
#11764=AXIS2_PLACEMENT_3D('',#17383,#14359,#14360);
#11765=AXIS2_PLACEMENT_3D('',#17397,#14368,#14369);
#11766=AXIS2_PLACEMENT_3D('',#17406,#14374,#14375);
#11767=AXIS2_PLACEMENT_3D('',#17408,#14376,#14377);
#11768=AXIS2_PLACEMENT_3D('',#17411,#14379,#14380);
#11769=AXIS2_PLACEMENT_3D('',#17412,#14381,#14382);
#11770=AXIS2_PLACEMENT_3D('',#17418,#14386,#14387);
#11771=AXIS2_PLACEMENT_3D('',#17423,#14391,#14392);
#11772=AXIS2_PLACEMENT_3D('',#17426,#14395,#14396);
#11773=AXIS2_PLACEMENT_3D('',#17427,#14397,#14398);
#11774=AXIS2_PLACEMENT_3D('',#17429,#14400,#14401);
#11775=AXIS2_PLACEMENT_3D('',#17430,#14402,#14403);
#11776=AXIS2_PLACEMENT_3D('',#17436,#14407,#14408);
#11777=AXIS2_PLACEMENT_3D('',#17438,#14409,#14410);
#11778=AXIS2_PLACEMENT_3D('',#17441,#14412,#14413);
#11779=AXIS2_PLACEMENT_3D('',#17442,#14414,#14415);
#11780=AXIS2_PLACEMENT_3D('',#17446,#14418,#14419);
#11781=AXIS2_PLACEMENT_3D('',#17450,#14422,#14423);
#11782=AXIS2_PLACEMENT_3D('',#17454,#14426,#14427);
#11783=AXIS2_PLACEMENT_3D('',#17455,#14428,#14429);
#11784=AXIS2_PLACEMENT_3D('',#17457,#14430,#14431);
#11785=AXIS2_PLACEMENT_3D('',#17460,#14433,#14434);
#11786=AXIS2_PLACEMENT_3D('',#17461,#14435,#14436);
#11787=AXIS2_PLACEMENT_3D('',#17462,#14437,#14438);
#11788=AXIS2_PLACEMENT_3D('',#17464,#14439,#14440);
#11789=AXIS2_PLACEMENT_3D('',#17467,#14442,#14443);
#11790=AXIS2_PLACEMENT_3D('',#17468,#14444,#14445);
#11791=AXIS2_PLACEMENT_3D('',#17469,#14446,#14447);
#11792=AXIS2_PLACEMENT_3D('',#17475,#14451,#14452);
#11793=AXIS2_PLACEMENT_3D('',#17484,#14457,#14458);
#11794=AXIS2_PLACEMENT_3D('',#17491,#14463,#14464);
#11795=AXIS2_PLACEMENT_3D('',#17506,#14473,#14474);
#11796=AXIS2_PLACEMENT_3D('',#17508,#14476,#14477);
#11797=AXIS2_PLACEMENT_3D('',#17510,#14479,#14480);
#11798=AXIS2_PLACEMENT_3D('',#17511,#14481,#14482);
#11799=AXIS2_PLACEMENT_3D('',#17512,#14483,#14484);
#11800=AXIS2_PLACEMENT_3D('',#17518,#14488,#14489);
#11801=AXIS2_PLACEMENT_3D('',#17522,#14492,#14493);
#11802=AXIS2_PLACEMENT_3D('',#17526,#14496,#14497);
#11803=AXIS2_PLACEMENT_3D('',#17528,#14499,#14500);
#11804=AXIS2_PLACEMENT_3D('',#17529,#14501,#14502);
#11805=AXIS2_PLACEMENT_3D('',#17530,#14503,#14504);
#11806=AXIS2_PLACEMENT_3D('',#17535,#14506,#14507);
#11807=AXIS2_PLACEMENT_3D('',#17546,#14508,#14509);
#11808=AXIS2_PLACEMENT_3D('',#17551,#14511,#14512);
#11809=AXIS2_PLACEMENT_3D('',#17581,#14513,#14514);
#11810=AXIS2_PLACEMENT_3D('',#17586,#14516,#14517);
#11811=AXIS2_PLACEMENT_3D('',#17597,#14518,#14519);
#11812=AXIS2_PLACEMENT_3D('',#17602,#14521,#14522);
#11813=AXIS2_PLACEMENT_3D('',#17635,#14523,#14524);
#11814=AXIS2_PLACEMENT_3D('',#17646,#14525,#14526);
#11815=AXIS2_PLACEMENT_3D('',#17647,#14527,#14528);
#11816=AXIS2_PLACEMENT_3D('',#17649,#14529,#14530);
#11817=AXIS2_PLACEMENT_3D('',#17650,#14531,#14532);
#11818=AXIS2_PLACEMENT_3D('',#17652,#14533,#14534);
#11819=AXIS2_PLACEMENT_3D('',#17654,#14536,#14537);
#11820=AXIS2_PLACEMENT_3D('',#17657,#14539,#14540);
#11821=AXIS2_PLACEMENT_3D('',#17658,#14541,#14542);
#11822=AXIS2_PLACEMENT_3D('',#17663,#14545,#14546);
#11823=AXIS2_PLACEMENT_3D('',#17667,#14548,#14549);
#11824=AXIS2_PLACEMENT_3D('',#17669,#14551,#14552);
#11825=AXIS2_PLACEMENT_3D('',#17682,#14559,#14560);
#11826=AXIS2_PLACEMENT_3D('',#17684,#14561,#14562);
#11827=AXIS2_PLACEMENT_3D('',#17686,#14563,#14564);
#11828=AXIS2_PLACEMENT_3D('',#17688,#14565,#14566);
#11829=AXIS2_PLACEMENT_3D('',#17689,#14567,#14568);
#11830=AXIS2_PLACEMENT_3D('',#17721,#14569,#14570);
#11831=AXIS2_PLACEMENT_3D('',#17722,#14571,#14572);
#11832=AXIS2_PLACEMENT_3D('',#17724,#14573,#14574);
#11833=AXIS2_PLACEMENT_3D('',#17725,#14575,#14576);
#11834=AXIS2_PLACEMENT_3D('',#17745,#14578,#14579);
#11835=AXIS2_PLACEMENT_3D('',#17747,#14580,#14581);
#11836=AXIS2_PLACEMENT_3D('',#17749,#14583,#14584);
#11837=AXIS2_PLACEMENT_3D('',#17750,#14585,#14586);
#11838=AXIS2_PLACEMENT_3D('',#17751,#14587,#14588);
#11839=AXIS2_PLACEMENT_3D('',#17762,#14589,#14590);
#11840=AXIS2_PLACEMENT_3D('',#17763,#14591,#14592);
#11841=AXIS2_PLACEMENT_3D('',#17765,#14593,#14594);
#11842=AXIS2_PLACEMENT_3D('',#17766,#14595,#14596);
#11843=AXIS2_PLACEMENT_3D('',#17768,#14597,#14598);
#11844=AXIS2_PLACEMENT_3D('',#17770,#14600,#14601);
#11845=AXIS2_PLACEMENT_3D('',#17771,#14602,#14603);
#11846=AXIS2_PLACEMENT_3D('',#17772,#14604,#14605);
#11847=AXIS2_PLACEMENT_3D('',#17783,#14606,#14607);
#11848=AXIS2_PLACEMENT_3D('',#17784,#14608,#14609);
#11849=AXIS2_PLACEMENT_3D('',#17786,#14610,#14611);
#11850=AXIS2_PLACEMENT_3D('',#17787,#14612,#14613);
#11851=AXIS2_PLACEMENT_3D('',#17788,#14614,#14615);
#11852=AXIS2_PLACEMENT_3D('',#17789,#14616,#14617);
#11853=AXIS2_PLACEMENT_3D('',#17792,#14619,#14620);
#11854=AXIS2_PLACEMENT_3D('',#17793,#14621,#14622);
#11855=AXIS2_PLACEMENT_3D('',#17795,#14624,#14625);
#11856=AXIS2_PLACEMENT_3D('',#17797,#14627,#14628);
#11857=AXIS2_PLACEMENT_3D('',#17799,#14630,#14631);
#11858=AXIS2_PLACEMENT_3D('',#17801,#14633,#14634);
#11859=AXIS2_PLACEMENT_3D('',#17817,#14644,#14645);
#11860=AXIS2_PLACEMENT_3D('',#17818,#14646,#14647);
#11861=AXIS2_PLACEMENT_3D('',#17820,#14648,#14649);
#11862=AXIS2_PLACEMENT_3D('',#17822,#14650,#14651);
#11863=AXIS2_PLACEMENT_3D('',#17824,#14653,#14654);
#11864=AXIS2_PLACEMENT_3D('',#17828,#14656,#14657);
#11865=AXIS2_PLACEMENT_3D('',#17829,#14658,#14659);
#11866=AXIS2_PLACEMENT_3D('',#17830,#14660,#14661);
#11867=AXIS2_PLACEMENT_3D('',#17832,#14662,#14663);
#11868=AXIS2_PLACEMENT_3D('',#17834,#14665,#14666);
#11869=AXIS2_PLACEMENT_3D('',#17836,#14667,#14668);
#11870=AXIS2_PLACEMENT_3D('',#17838,#14670,#14671);
#11871=AXIS2_PLACEMENT_3D('',#17842,#14674,#14675);
#11872=AXIS2_PLACEMENT_3D('',#17843,#14676,#14677);
#11873=AXIS2_PLACEMENT_3D('',#17844,#14678,#14679);
#11874=AXIS2_PLACEMENT_3D('',#17848,#14682,#14683);
#11875=AXIS2_PLACEMENT_3D('',#17849,#14684,#14685);
#11876=AXIS2_PLACEMENT_3D('',#17850,#14686,#14687);
#11877=AXIS2_PLACEMENT_3D('',#17851,#14688,#14689);
#11878=AXIS2_PLACEMENT_3D('',#17852,#14690,#14691);
#11879=AXIS2_PLACEMENT_3D('',#17853,#14692,#14693);
#11880=AXIS2_PLACEMENT_3D('',#17855,#14694,#14695);
#11881=AXIS2_PLACEMENT_3D('',#17858,#14697,#14698);
#11882=AXIS2_PLACEMENT_3D('',#17859,#14699,#14700);
#11883=AXIS2_PLACEMENT_3D('',#17860,#14701,#14702);
#11884=AXIS2_PLACEMENT_3D('',#17862,#14703,#14704);
#11885=AXIS2_PLACEMENT_3D('',#17865,#14706,#14707);
#11886=AXIS2_PLACEMENT_3D('',#17866,#14708,#14709);
#11887=AXIS2_PLACEMENT_3D('',#17867,#14710,#14711);
#11888=AXIS2_PLACEMENT_3D('',#17869,#14712,#14713);
#11889=AXIS2_PLACEMENT_3D('',#17872,#14715,#14716);
#11890=AXIS2_PLACEMENT_3D('',#17873,#14717,#14718);
#11891=AXIS2_PLACEMENT_3D('',#17874,#14719,#14720);
#11892=AXIS2_PLACEMENT_3D('',#17876,#14721,#14722);
#11893=AXIS2_PLACEMENT_3D('',#17879,#14724,#14725);
#11894=AXIS2_PLACEMENT_3D('',#17880,#14726,#14727);
#11895=AXIS2_PLACEMENT_3D('',#17881,#14728,#14729);
#11896=AXIS2_PLACEMENT_3D('',#17898,#14738,#14739);
#11897=AXIS2_PLACEMENT_3D('',#17908,#14745,#14746);
#11898=AXIS2_PLACEMENT_3D('',#17926,#14748,#14749);
#11899=AXIS2_PLACEMENT_3D('',#17928,#14750,#14751);
#11900=AXIS2_PLACEMENT_3D('',#17930,#14753,#14754);
#11901=AXIS2_PLACEMENT_3D('',#17950,#14756,#14757);
#11902=AXIS2_PLACEMENT_3D('',#17962,#14761,#14762);
#11903=AXIS2_PLACEMENT_3D('',#17966,#14764,#14765);
#11904=AXIS2_PLACEMENT_3D('',#17968,#14767,#14768);
#11905=AXIS2_PLACEMENT_3D('',#17969,#14769,#14770);
#11906=AXIS2_PLACEMENT_3D('',#17970,#14771,#14772);
#11907=AXIS2_PLACEMENT_3D('',#17973,#14774,#14775);
#11908=AXIS2_PLACEMENT_3D('',#17974,#14776,#14777);
#11909=AXIS2_PLACEMENT_3D('',#17981,#14781,#14782);
#11910=AXIS2_PLACEMENT_3D('',#17982,#14783,#14784);
#11911=AXIS2_PLACEMENT_3D('',#17991,#14789,#14790);
#11912=AXIS2_PLACEMENT_3D('',#17995,#14793,#14794);
#11913=AXIS2_PLACEMENT_3D('',#17998,#14795,#14796);
#11914=AXIS2_PLACEMENT_3D('',#18004,#14801,#14802);
#11915=AXIS2_PLACEMENT_3D('',#18006,#14803,#14804);
#11916=AXIS2_PLACEMENT_3D('',#18009,#14806,#14807);
#11917=AXIS2_PLACEMENT_3D('',#18010,#14808,#14809);
#11918=AXIS2_PLACEMENT_3D('',#18013,#14811,#14812);
#11919=AXIS2_PLACEMENT_3D('',#18014,#14813,#14814);
#11920=AXIS2_PLACEMENT_3D('',#18023,#14819,#14820);
#11921=AXIS2_PLACEMENT_3D('',#18032,#14826,#14827);
#11922=AXIS2_PLACEMENT_3D('',#18038,#14831,#14832);
#11923=AXIS2_PLACEMENT_3D('',#18048,#14838,#14839);
#11924=AXIS2_PLACEMENT_3D('',#18054,#14843,#14844);
#11925=AXIS2_PLACEMENT_3D('',#18060,#14848,#14849);
#11926=AXIS2_PLACEMENT_3D('',#18062,#14851,#14852);
#11927=AXIS2_PLACEMENT_3D('',#18071,#14857,#14858);
#11928=AXIS2_PLACEMENT_3D('',#18077,#14862,#14863);
#11929=AXIS2_PLACEMENT_3D('',#18083,#14867,#14868);
#11930=AXIS2_PLACEMENT_3D('',#18086,#14871,#14872);
#11931=AXIS2_PLACEMENT_3D('',#18095,#14878,#14879);
#11932=AXIS2_PLACEMENT_3D('',#18099,#14882,#14883);
#11933=AXIS2_PLACEMENT_3D('',#18102,#14886,#14887);
#11934=AXIS2_PLACEMENT_3D('',#18104,#14889,#14890);
#11935=AXIS2_PLACEMENT_3D('',#18106,#14892,#14893);
#11936=AXIS2_PLACEMENT_3D('',#18107,#14894,#14895);
#11937=AXIS2_PLACEMENT_3D('',#18113,#14899,#14900);
#11938=AXIS2_PLACEMENT_3D('',#18117,#14903,#14904);
#11939=AXIS2_PLACEMENT_3D('',#18121,#14907,#14908);
#11940=AXIS2_PLACEMENT_3D('',#18123,#14910,#14911);
#11941=AXIS2_PLACEMENT_3D('',#18127,#14914,#14915);
#11942=AXIS2_PLACEMENT_3D('',#18129,#14917,#14918);
#11943=AXIS2_PLACEMENT_3D('',#18131,#14920,#14921);
#11944=AXIS2_PLACEMENT_3D('',#18137,#14925,#14926);
#11945=AXIS2_PLACEMENT_3D('',#18138,#14927,#14928);
#11946=AXIS2_PLACEMENT_3D('',#18139,#14929,#14930);
#11947=AXIS2_PLACEMENT_3D('',#18140,#14931,#14932);
#11948=AXIS2_PLACEMENT_3D('',#18141,#14933,#14934);
#11949=AXIS2_PLACEMENT_3D('',#18142,#14935,#14936);
#11950=AXIS2_PLACEMENT_3D('',#18143,#14937,#14938);
#11951=AXIS2_PLACEMENT_3D('',#18144,#14939,#14940);
#11952=AXIS2_PLACEMENT_3D('',#18145,#14941,#14942);
#11953=AXIS2_PLACEMENT_3D('',#18146,#14943,#14944);
#11954=AXIS2_PLACEMENT_3D('',#18147,#14945,#14946);
#11955=AXIS2_PLACEMENT_3D('',#18148,#14947,#14948);
#11956=AXIS2_PLACEMENT_3D('',#18149,#14949,#14950);
#11957=AXIS2_PLACEMENT_3D('',#18150,#14951,#14952);
#11958=AXIS2_PLACEMENT_3D('',#18151,#14953,#14954);
#11959=AXIS2_PLACEMENT_3D('',#18152,#14955,#14956);
#11960=AXIS2_PLACEMENT_3D('',#18153,#14957,#14958);
#11961=AXIS2_PLACEMENT_3D('',#18154,#14959,#14960);
#11962=AXIS2_PLACEMENT_3D('',#18155,#14961,#14962);
#11963=AXIS2_PLACEMENT_3D('',#18156,#14963,#14964);
#11964=AXIS2_PLACEMENT_3D('',#18157,#14965,#14966);
#11965=AXIS2_PLACEMENT_3D('',#18158,#14967,#14968);
#11966=AXIS2_PLACEMENT_3D('',#18159,#14969,#14970);
#11967=AXIS2_PLACEMENT_3D('',#18160,#14971,#14972);
#11968=DIRECTION('axis',(0.,0.,1.));
#11969=DIRECTION('refdir',(1.,0.,0.));
#11970=DIRECTION('axis',(0.,0.,1.));
#11971=DIRECTION('refdir',(1.,0.,0.));
#11972=DIRECTION('axis',(0.,0.,1.));
#11973=DIRECTION('refdir',(1.,0.,0.));
#11974=DIRECTION('axis',(0.,0.,1.));
#11975=DIRECTION('refdir',(1.,0.,0.));
#11976=DIRECTION('center_axis',(-1.,-1.28369537222268E-16,2.29446091755866E-15));
#11977=DIRECTION('ref_axis',(-1.28369537222268E-16,1.,3.94815638599026E-32));
#11978=DIRECTION('',(0.,0.,-1.));
#11979=DIRECTION('',(-1.28369537222268E-16,1.,-6.014522413226E-35));
#11980=DIRECTION('',(0.,0.,1.));
#11981=DIRECTION('',(-1.28369537222268E-16,1.,1.63218634694399E-32));
#11982=DIRECTION('',(0.,0.,-1.));
#11983=DIRECTION('',(-1.28369537222268E-16,1.,-6.014522413226E-35));
#11984=DIRECTION('',(0.,0.,1.));
#11985=DIRECTION('',(1.28369537222268E-16,-1.,6.014522413226E-35));
#11986=DIRECTION('center_axis',(-4.930380657631E-31,-1.632186346944E-32,
1.));
#11987=DIRECTION('ref_axis',(1.,0.,4.930380657631E-31));
#11988=DIRECTION('center_axis',(0.,0.,1.));
#11989=DIRECTION('ref_axis',(1.,0.,0.));
#11990=DIRECTION('center_axis',(0.,0.,-1.));
#11991=DIRECTION('ref_axis',(-1.,-1.22464679914735E-16,0.));
#11992=DIRECTION('center_axis',(0.,0.,-1.));
#11993=DIRECTION('ref_axis',(1.,0.,0.));
#11994=DIRECTION('center_axis',(-8.559688641721E-35,6.014522413226E-35,
1.));
#11995=DIRECTION('ref_axis',(1.,0.,8.559688641721E-35));
#11996=DIRECTION('center_axis',(-8.559688641721E-35,6.014522413226E-35,
1.));
#11997=DIRECTION('ref_axis',(1.,8.259101077374E-51,8.559688641721E-35));
#11998=DIRECTION('center_axis',(0.,0.,-1.));
#11999=DIRECTION('ref_axis',(-1.,-1.22464679914735E-16,0.));
#12000=DIRECTION('center_axis',(-8.559688641721E-35,6.014522413226E-35,
1.));
#12001=DIRECTION('ref_axis',(1.,8.259101077374E-51,8.559688641721E-35));
#12002=DIRECTION('center_axis',(-8.559688641721E-35,6.014522413226E-35,
1.));
#12003=DIRECTION('ref_axis',(1.,6.690258951221E-52,8.559688641721E-35));
#12004=DIRECTION('center_axis',(8.559688641721E-35,-6.014522413226E-35,
-1.));
#12005=DIRECTION('ref_axis',(-1.,-1.22464679914735E-16,0.));
#12006=DIRECTION('center_axis',(-8.559688641721E-35,6.014522413226E-35,
1.));
#12007=DIRECTION('ref_axis',(1.,6.690258951221E-52,8.559688641721E-35));
#12008=DIRECTION('center_axis',(-8.559688641721E-35,6.014522413226E-35,
1.));
#12009=DIRECTION('ref_axis',(-1.,-1.22464679914735E-16,0.));
#12010=DIRECTION('center_axis',(-8.559688641721E-35,6.014522413226E-35,
1.));
#12011=DIRECTION('ref_axis',(1.,0.,8.559688641721E-35));
#12012=DIRECTION('center_axis',(0.,0.,1.));
#12013=DIRECTION('ref_axis',(1.,0.,0.));
#12014=DIRECTION('center_axis',(0.,0.,1.));
#12015=DIRECTION('ref_axis',(1.,0.,0.));
#12016=DIRECTION('',(0.,0.,-1.));
#12017=DIRECTION('center_axis',(0.,0.,1.));
#12018=DIRECTION('ref_axis',(1.,0.,0.));
#12019=DIRECTION('center_axis',(0.,0.,-1.));
#12020=DIRECTION('ref_axis',(1.,0.,0.));
#12021=DIRECTION('center_axis',(0.,0.,1.));
#12022=DIRECTION('ref_axis',(1.,0.,0.));
#12023=DIRECTION('center_axis',(1.22464679914735E-16,1.,0.));
#12024=DIRECTION('ref_axis',(-1.,1.22464679914735E-16,0.));
#12025=DIRECTION('center_axis',(0.,0.,1.));
#12026=DIRECTION('ref_axis',(1.,0.,0.));
#12027=DIRECTION('',(0.,-4.37905770101505E-47,1.));
#12028=DIRECTION('',(1.,0.,0.));
#12029=DIRECTION('axis',(0.,0.,1.));
#12030=DIRECTION('refdir',(1.,0.,0.));
#12031=DIRECTION('axis',(0.,0.,1.));
#12032=DIRECTION('refdir',(1.,0.,0.));
#12033=DIRECTION('center_axis',(-1.39811914674468E-16,1.,2.29446091755866E-15));
#12034=DIRECTION('ref_axis',(1.,1.39811914674468E-16,1.00571428145129E-32));
#12035=DIRECTION('',(-1.,-1.39811914674468E-16,0.));
#12036=DIRECTION('',(2.54736333977583E-31,2.29446091755866E-15,-1.));
#12037=DIRECTION('',(-1.,-1.39811914674468E-16,0.));
#12038=DIRECTION('',(-2.54736333977583E-31,-2.29446091755866E-15,1.));
#12039=DIRECTION('',(-1.,-1.39811914674468E-16,0.));
#12040=DIRECTION('',(2.54736333977583E-31,2.29446091755866E-15,-1.));
#12041=DIRECTION('',(1.,1.39811914674468E-16,0.));
#12042=DIRECTION('',(-2.54736333977583E-31,-2.29446091755866E-15,1.));
#12043=DIRECTION('center_axis',(0.,0.,1.));
#12044=DIRECTION('ref_axis',(1.110223024625E-16,1.,0.));
#12045=DIRECTION('',(1.110223024625E-16,1.,0.));
#12046=DIRECTION('',(-1.,1.110223024625E-16,0.));
#12047=DIRECTION('',(1.110223024625E-16,1.,0.));
#12048=DIRECTION('center_axis',(-1.,1.110223024625E-16,0.));
#12049=DIRECTION('ref_axis',(1.110223024625E-16,1.,0.));
#12050=DIRECTION('',(1.110223024625E-16,1.,0.));
#12051=DIRECTION('',(0.,0.,1.));
#12052=DIRECTION('center_axis',(0.,0.,1.));
#12053=DIRECTION('ref_axis',(1.110223024625E-16,1.,0.));
#12054=DIRECTION('',(-1.110223024625E-16,-1.,0.));
#12055=DIRECTION('',(-1.,1.110223024625E-16,0.));
#12056=DIRECTION('',(1.,-1.110223024625E-16,0.));
#12057=DIRECTION('',(-1.110223024625E-16,-1.,0.));
#12058=DIRECTION('',(-1.110223024625E-16,-1.,0.));
#12059=DIRECTION('',(-1.110223024625E-16,-1.,0.));
#12060=DIRECTION('',(1.,-1.110223024625E-16,0.));
#12061=DIRECTION('',(1.110223024625E-16,1.,0.));
#12062=DIRECTION('',(-1.110223024625E-16,-1.,0.));
#12063=DIRECTION('',(1.110223024625E-16,1.,0.));
#12064=DIRECTION('',(1.,-1.110223024625E-16,0.));
#12065=DIRECTION('',(-1.110223024625E-16,-1.,0.));
#12066=DIRECTION('',(-1.110223024625E-16,-1.,0.));
#12067=DIRECTION('',(-1.110223024625E-16,-1.,0.));
#12068=DIRECTION('',(1.,-1.110223024625E-16,0.));
#12069=DIRECTION('',(1.110223024625E-16,1.,0.));
#12070=DIRECTION('',(-1.110223024625E-16,-1.,0.));
#12071=DIRECTION('',(1.110223024625E-16,1.,0.));
#12072=DIRECTION('',(1.,-1.110223024625E-16,0.));
#12073=DIRECTION('',(-1.110223024625E-16,-1.,0.));
#12074=DIRECTION('',(-1.110223024625E-16,-1.,0.));
#12075=DIRECTION('',(-1.110223024625E-16,-1.,0.));
#12076=DIRECTION('',(1.,-1.110223024625E-16,0.));
#12077=DIRECTION('',(1.110223024625E-16,1.,0.));
#12078=DIRECTION('',(-1.110223024625E-16,-1.,0.));
#12079=DIRECTION('',(1.110223024625E-16,1.,0.));
#12080=DIRECTION('',(1.,-1.110223024625E-16,0.));
#12081=DIRECTION('',(-1.110223024625E-16,-1.,0.));
#12082=DIRECTION('',(-1.110223024625E-16,-1.,0.));
#12083=DIRECTION('',(-1.110223024625E-16,-1.,0.));
#12084=DIRECTION('',(1.,-1.110223024625E-16,0.));
#12085=DIRECTION('',(1.110223024625E-16,1.,0.));
#12086=DIRECTION('',(-1.110223024625E-16,-1.,0.));
#12087=DIRECTION('',(1.110223024625E-16,1.,0.));
#12088=DIRECTION('center_axis',(1.,-1.110223024625E-16,0.));
#12089=DIRECTION('ref_axis',(-1.110223024625E-16,-1.,0.));
#12090=DIRECTION('',(-1.110223024625E-16,-1.,0.));
#12091=DIRECTION('',(0.,0.,1.));
#12092=DIRECTION('center_axis',(-1.,1.110223024625E-16,0.));
#12093=DIRECTION('ref_axis',(1.110223024625E-16,1.,0.));
#12094=DIRECTION('',(0.,0.,1.));
#12095=DIRECTION('',(1.110223024625E-16,1.,0.));
#12096=DIRECTION('center_axis',(-1.110223024625E-16,-1.,0.));
#12097=DIRECTION('ref_axis',(-1.,1.110223024625E-16,0.));
#12098=DIRECTION('',(-1.,1.110223024625E-16,0.));
#12099=DIRECTION('',(0.,0.,1.));
#12100=DIRECTION('',(-1.,1.110223024625E-16,0.));
#12101=DIRECTION('center_axis',(0.,0.,1.));
#12102=DIRECTION('ref_axis',(1.110223024625E-16,1.,0.));
#12103=DIRECTION('',(-1.110223024625E-16,-1.,0.));
#12104=DIRECTION('',(1.110223024625E-16,1.,0.));
#12105=DIRECTION('',(1.,-1.110223024625E-16,0.));
#12106=DIRECTION('',(-1.110223024625E-16,-1.,0.));
#12107=DIRECTION('',(-1.,1.110223024625E-16,0.));
#12108=DIRECTION('',(1.110223024625E-16,1.,0.));
#12109=DIRECTION('',(1.,-1.110223024625E-16,0.));
#12110=DIRECTION('',(-1.110223024625E-16,-1.,0.));
#12111=DIRECTION('',(-1.,1.110223024625E-16,0.));
#12112=DIRECTION('',(1.110223024625E-16,1.,0.));
#12113=DIRECTION('',(1.,-1.110223024625E-16,0.));
#12114=DIRECTION('',(-1.110223024625E-16,-1.,0.));
#12115=DIRECTION('',(-1.,1.110223024625E-16,0.));
#12116=DIRECTION('',(1.110223024625E-16,1.,0.));
#12117=DIRECTION('',(1.,-1.110223024625E-16,0.));
#12118=DIRECTION('',(-1.110223024625E-16,-1.,0.));
#12119=DIRECTION('',(-1.,1.110223024625E-16,0.));
#12120=DIRECTION('center_axis',(0.,0.,1.));
#12121=DIRECTION('ref_axis',(1.110223024625E-16,1.,0.));
#12122=DIRECTION('',(-1.110223024625E-16,-1.,0.));
#12123=DIRECTION('center_axis',(1.,-1.110223024625E-16,0.));
#12124=DIRECTION('ref_axis',(-1.110223024625E-16,-1.,0.));
#12125=DIRECTION('center_axis',(-0.707106781186548,7.85046229340898E-17,
0.707106781186548));
#12126=DIRECTION('ref_axis',(1.11022302462451E-16,1.,7.55765725056662E-29));
#12127=DIRECTION('',(-0.577350269189626,0.577350269189626,-0.577350269189626));
#12128=DIRECTION('',(-0.577350269189626,-0.577350269189626,-0.577350269189626));
#12129=DIRECTION('',(1.110223024625E-16,1.,0.));
#12130=DIRECTION('center_axis',(-7.85046229340898E-17,-0.707106781186548,
0.707106781186548));
#12131=DIRECTION('ref_axis',(-1.,1.11022302462451E-16,7.55765725056662E-29));
#12132=DIRECTION('',(0.577350269189626,-0.577350269189626,-0.577350269189626));
#12133=DIRECTION('',(-1.,1.110223024625E-16,0.));
#12134=DIRECTION('center_axis',(0.707106781186548,-7.85046229340898E-17,
0.707106781186548));
#12135=DIRECTION('ref_axis',(-1.11022302462451E-16,-1.,7.55765725056662E-29));
#12136=DIRECTION('',(0.577350269189626,0.577350269189626,-0.577350269189626));
#12137=DIRECTION('',(-1.110223024625E-16,-1.,0.));
#12138=DIRECTION('center_axis',(7.85046229340898E-17,0.707106781186548,
0.707106781186548));
#12139=DIRECTION('ref_axis',(1.,-1.11022302462451E-16,7.55765725056662E-29));
#12140=DIRECTION('',(1.,-1.110223024625E-16,0.));
#12141=DIRECTION('center_axis',(-0.707106781186548,7.85046229340898E-17,
0.707106781186548));
#12142=DIRECTION('ref_axis',(1.11022302462451E-16,1.,7.55765725056662E-29));
#12143=DIRECTION('',(-0.577350269189626,0.577350269189626,-0.577350269189626));
#12144=DIRECTION('',(-0.577350269189626,-0.577350269189626,-0.577350269189626));
#12145=DIRECTION('',(1.110223024625E-16,1.,0.));
#12146=DIRECTION('center_axis',(-7.85046229340898E-17,-0.707106781186548,
0.707106781186548));
#12147=DIRECTION('ref_axis',(-1.,1.11022302462451E-16,7.55765725056662E-29));
#12148=DIRECTION('',(0.577350269189626,-0.577350269189626,-0.577350269189626));
#12149=DIRECTION('',(-1.,1.110223024625E-16,0.));
#12150=DIRECTION('center_axis',(0.707106781186548,-7.85046229340898E-17,
0.707106781186548));
#12151=DIRECTION('ref_axis',(-1.11022302462451E-16,-1.,7.55765725056662E-29));
#12152=DIRECTION('',(0.577350269189626,0.577350269189626,-0.577350269189626));
#12153=DIRECTION('',(-1.110223024625E-16,-1.,0.));
#12154=DIRECTION('center_axis',(7.85046229340898E-17,0.707106781186548,
0.707106781186548));
#12155=DIRECTION('ref_axis',(1.,-1.11022302462451E-16,7.55765725056662E-29));
#12156=DIRECTION('',(1.,-1.110223024625E-16,0.));
#12157=DIRECTION('center_axis',(-0.707106781186548,7.85046229340898E-17,
0.707106781186548));
#12158=DIRECTION('ref_axis',(1.11022302462451E-16,1.,7.55765725056662E-29));
#12159=DIRECTION('',(-0.577350269189626,0.577350269189626,-0.577350269189626));
#12160=DIRECTION('',(-0.577350269189626,-0.577350269189626,-0.577350269189626));
#12161=DIRECTION('',(1.110223024625E-16,1.,0.));
#12162=DIRECTION('center_axis',(-7.85046229340898E-17,-0.707106781186548,
0.707106781186548));
#12163=DIRECTION('ref_axis',(-1.,1.11022302462451E-16,7.55765725056662E-29));
#12164=DIRECTION('',(0.577350269189626,-0.577350269189626,-0.577350269189626));
#12165=DIRECTION('',(-1.,1.110223024625E-16,0.));
#12166=DIRECTION('center_axis',(0.707106781186548,-7.85046229340898E-17,
0.707106781186548));
#12167=DIRECTION('ref_axis',(-1.11022302462451E-16,-1.,7.55765725056662E-29));
#12168=DIRECTION('',(0.577350269189626,0.577350269189626,-0.577350269189626));
#12169=DIRECTION('',(-1.110223024625E-16,-1.,0.));
#12170=DIRECTION('center_axis',(7.85046229340898E-17,0.707106781186548,
0.707106781186548));
#12171=DIRECTION('ref_axis',(1.,-1.11022302462451E-16,7.55765725056662E-29));
#12172=DIRECTION('',(1.,-1.110223024625E-16,0.));
#12173=DIRECTION('center_axis',(-0.707106781186548,7.85046229340898E-17,
0.707106781186548));
#12174=DIRECTION('ref_axis',(1.11022302462451E-16,1.,7.55765725056662E-29));
#12175=DIRECTION('',(-0.577350269189626,0.577350269189626,-0.577350269189626));
#12176=DIRECTION('',(-0.577350269189626,-0.577350269189626,-0.577350269189626));
#12177=DIRECTION('',(1.110223024625E-16,1.,0.));
#12178=DIRECTION('center_axis',(-7.85046229340898E-17,-0.707106781186548,
0.707106781186548));
#12179=DIRECTION('ref_axis',(-1.,1.11022302462451E-16,7.55765725056662E-29));
#12180=DIRECTION('',(0.577350269189626,-0.577350269189626,-0.577350269189626));
#12181=DIRECTION('',(-1.,1.110223024625E-16,0.));
#12182=DIRECTION('center_axis',(0.707106781186548,-7.85046229340898E-17,
0.707106781186548));
#12183=DIRECTION('ref_axis',(-1.11022302462451E-16,-1.,7.55765725056662E-29));
#12184=DIRECTION('',(0.577350269189626,0.577350269189626,-0.577350269189626));
#12185=DIRECTION('',(-1.110223024625E-16,-1.,0.));
#12186=DIRECTION('center_axis',(7.85046229340898E-17,0.707106781186548,
0.707106781186548));
#12187=DIRECTION('ref_axis',(1.,-1.11022302462451E-16,7.55765725056662E-29));
#12188=DIRECTION('',(1.,-1.110223024625E-16,0.));
#12189=DIRECTION('center_axis',(0.,0.,-1.));
#12190=DIRECTION('ref_axis',(-1.110223024625E-16,-1.,0.));
#12191=DIRECTION('',(1.,-1.110223024625E-16,0.));
#12192=DIRECTION('center_axis',(-1.,1.110223024625E-16,0.));
#12193=DIRECTION('ref_axis',(0.,0.,1.));
#12194=DIRECTION('',(0.,0.,1.));
#12195=DIRECTION('',(-2.69268635207408E-17,-0.242535625036098,0.970142500145391));
#12196=DIRECTION('',(-1.110223024625E-16,-1.,0.));
#12197=DIRECTION('',(-2.69268635207408E-17,-0.242535625036098,-0.970142500145391));
#12198=DIRECTION('',(0.,0.,-1.));
#12199=DIRECTION('center_axis',(0.,0.,-1.));
#12200=DIRECTION('ref_axis',(-1.110223024625E-16,-1.,0.));
#12201=DIRECTION('',(1.,-1.110223024625E-16,0.));
#12202=DIRECTION('center_axis',(-1.,1.110223024625E-16,0.));
#12203=DIRECTION('ref_axis',(0.,0.,1.));
#12204=DIRECTION('',(0.,0.,1.));
#12205=DIRECTION('',(0.,0.,-1.));
#12206=DIRECTION('',(-2.69268635207408E-17,-0.242535625036098,-0.970142500145391));
#12207=DIRECTION('',(1.110223024625E-16,1.,0.));
#12208=DIRECTION('',(-2.69268635207408E-17,-0.242535625036098,0.970142500145391));
#12209=DIRECTION('center_axis',(0.,0.,-1.));
#12210=DIRECTION('ref_axis',(-1.110223024625E-16,-1.,0.));
#12211=DIRECTION('',(1.,-1.110223024625E-16,0.));
#12212=DIRECTION('center_axis',(-1.,1.110223024625E-16,0.));
#12213=DIRECTION('ref_axis',(0.,0.,1.));
#12214=DIRECTION('',(0.,0.,1.));
#12215=DIRECTION('',(-2.69268635207408E-17,-0.242535625036098,0.970142500145391));
#12216=DIRECTION('',(-1.110223024625E-16,-1.,0.));
#12217=DIRECTION('',(-2.69268635207408E-17,-0.242535625036098,-0.970142500145391));
#12218=DIRECTION('',(0.,0.,-1.));
#12219=DIRECTION('center_axis',(0.,0.,-1.));
#12220=DIRECTION('ref_axis',(-1.110223024625E-16,-1.,0.));
#12221=DIRECTION('',(1.,-1.110223024625E-16,0.));
#12222=DIRECTION('center_axis',(-1.,1.110223024625E-16,0.));
#12223=DIRECTION('ref_axis',(0.,0.,1.));
#12224=DIRECTION('',(0.,0.,1.));
#12225=DIRECTION('',(0.,0.,-1.));
#12226=DIRECTION('',(-2.69268635207408E-17,-0.242535625036098,-0.970142500145391));
#12227=DIRECTION('',(1.110223024625E-16,1.,0.));
#12228=DIRECTION('',(-2.69268635207408E-17,-0.242535625036098,0.970142500145391));
#12229=DIRECTION('center_axis',(0.,0.,-1.));
#12230=DIRECTION('ref_axis',(-1.110223024625E-16,-1.,0.));
#12231=DIRECTION('',(1.,-1.110223024625E-16,0.));
#12232=DIRECTION('center_axis',(-1.,1.110223024625E-16,0.));
#12233=DIRECTION('ref_axis',(0.,0.,1.));
#12234=DIRECTION('',(0.,0.,1.));
#12235=DIRECTION('',(-2.69268635207408E-17,-0.242535625036098,0.970142500145391));
#12236=DIRECTION('',(-1.110223024625E-16,-1.,0.));
#12237=DIRECTION('',(-2.69268635207408E-17,-0.242535625036098,-0.970142500145391));
#12238=DIRECTION('',(0.,0.,-1.));
#12239=DIRECTION('center_axis',(0.,0.,-1.));
#12240=DIRECTION('ref_axis',(-1.110223024625E-16,-1.,0.));
#12241=DIRECTION('',(1.,-1.110223024625E-16,0.));
#12242=DIRECTION('center_axis',(-1.,1.110223024625E-16,0.));
#12243=DIRECTION('ref_axis',(0.,0.,1.));
#12244=DIRECTION('',(0.,0.,1.));
#12245=DIRECTION('',(0.,0.,-1.));
#12246=DIRECTION('',(-2.69268635207408E-17,-0.242535625036098,-0.970142500145391));
#12247=DIRECTION('',(1.110223024625E-16,1.,0.));
#12248=DIRECTION('',(-2.69268635207408E-17,-0.242535625036098,0.970142500145391));
#12249=DIRECTION('center_axis',(0.,0.,-1.));
#12250=DIRECTION('ref_axis',(-1.110223024625E-16,-1.,0.));
#12251=DIRECTION('',(1.,-1.110223024625E-16,0.));
#12252=DIRECTION('center_axis',(-1.,1.110223024625E-16,0.));
#12253=DIRECTION('ref_axis',(0.,0.,1.));
#12254=DIRECTION('',(0.,0.,1.));
#12255=DIRECTION('',(-2.69268635207408E-17,-0.242535625036098,0.970142500145391));
#12256=DIRECTION('',(-1.110223024625E-16,-1.,0.));
#12257=DIRECTION('',(-2.69268635207408E-17,-0.242535625036098,-0.970142500145391));
#12258=DIRECTION('',(0.,0.,-1.));
#12259=DIRECTION('center_axis',(0.,0.,-1.));
#12260=DIRECTION('ref_axis',(-1.110223024625E-16,-1.,0.));
#12261=DIRECTION('',(1.,-1.110223024625E-16,0.));
#12262=DIRECTION('center_axis',(-1.,1.110223024625E-16,0.));
#12263=DIRECTION('ref_axis',(0.,0.,1.));
#12264=DIRECTION('',(0.,0.,1.));
#12265=DIRECTION('',(0.,0.,-1.));
#12266=DIRECTION('',(-2.69268635207408E-17,-0.242535625036098,-0.970142500145391));
#12267=DIRECTION('',(1.110223024625E-16,1.,0.));
#12268=DIRECTION('',(-2.69268635207408E-17,-0.242535625036098,0.970142500145391));
#12269=DIRECTION('center_axis',(1.,-1.110223024625E-16,0.));
#12270=DIRECTION('ref_axis',(1.110223024625E-16,1.,0.));
#12271=DIRECTION('',(0.,0.,-1.));
#12272=DIRECTION('',(0.,0.,-1.));
#12273=DIRECTION('',(1.110223024625E-16,1.,0.));
#12274=DIRECTION('center_axis',(1.110223024625E-16,1.,0.));
#12275=DIRECTION('ref_axis',(-1.,1.110223024625E-16,0.));
#12276=DIRECTION('',(0.,0.,-1.));
#12277=DIRECTION('',(-1.,1.110223024625E-16,0.));
#12278=DIRECTION('',(0.,0.,1.));
#12279=DIRECTION('',(1.,-1.110223024625E-16,0.));
#12280=DIRECTION('',(0.,0.,1.));
#12281=DIRECTION('',(-1.,1.110223024625E-16,0.));
#12282=DIRECTION('center_axis',(-1.,1.110223024625E-16,0.));
#12283=DIRECTION('ref_axis',(-1.110223024625E-16,-1.,0.));
#12284=DIRECTION('',(0.,0.,-1.));
#12285=DIRECTION('',(-1.110223024625E-16,-1.,0.));
#12286=DIRECTION('center_axis',(-1.110223024625E-16,-1.,0.));
#12287=DIRECTION('ref_axis',(1.,-1.110223024625E-16,0.));
#12288=DIRECTION('',(1.,-1.110223024625E-16,0.));
#12289=DIRECTION('',(0.,0.,-1.));
#12290=DIRECTION('',(1.,-1.110223024625E-16,0.));
#12291=DIRECTION('',(0.,0.,-1.));
#12292=DIRECTION('',(1.,-1.110223024625E-16,0.));
#12293=DIRECTION('center_axis',(1.,-1.110223024625E-16,0.));
#12294=DIRECTION('ref_axis',(1.110223024625E-16,1.,0.));
#12295=DIRECTION('',(0.,0.,-1.));
#12296=DIRECTION('',(0.,0.,-1.));
#12297=DIRECTION('',(1.110223024625E-16,1.,0.));
#12298=DIRECTION('center_axis',(1.110223024625E-16,1.,0.));
#12299=DIRECTION('ref_axis',(-1.,1.110223024625E-16,0.));
#12300=DIRECTION('',(0.,0.,-1.));
#12301=DIRECTION('',(-1.,1.110223024625E-16,0.));
#12302=DIRECTION('',(0.,0.,1.));
#12303=DIRECTION('',(1.,-1.110223024625E-16,0.));
#12304=DIRECTION('',(0.,0.,1.));
#12305=DIRECTION('',(-1.,1.110223024625E-16,0.));
#12306=DIRECTION('center_axis',(-1.,1.110223024625E-16,0.));
#12307=DIRECTION('ref_axis',(-1.110223024625E-16,-1.,0.));
#12308=DIRECTION('',(0.,0.,-1.));
#12309=DIRECTION('',(-1.110223024625E-16,-1.,0.));
#12310=DIRECTION('center_axis',(-1.110223024625E-16,-1.,0.));
#12311=DIRECTION('ref_axis',(1.,-1.110223024625E-16,0.));
#12312=DIRECTION('',(1.,-1.110223024625E-16,0.));
#12313=DIRECTION('',(0.,0.,-1.));
#12314=DIRECTION('',(1.,-1.110223024625E-16,0.));
#12315=DIRECTION('',(0.,0.,-1.));
#12316=DIRECTION('',(1.,-1.110223024625E-16,0.));
#12317=DIRECTION('center_axis',(1.,-1.110223024625E-16,0.));
#12318=DIRECTION('ref_axis',(1.110223024625E-16,1.,0.));
#12319=DIRECTION('',(0.,0.,-1.));
#12320=DIRECTION('',(0.,0.,-1.));
#12321=DIRECTION('',(1.110223024625E-16,1.,0.));
#12322=DIRECTION('center_axis',(1.110223024625E-16,1.,0.));
#12323=DIRECTION('ref_axis',(-1.,1.110223024625E-16,0.));
#12324=DIRECTION('',(0.,0.,-1.));
#12325=DIRECTION('',(-1.,1.110223024625E-16,0.));
#12326=DIRECTION('',(0.,0.,1.));
#12327=DIRECTION('',(1.,-1.110223024625E-16,0.));
#12328=DIRECTION('',(0.,0.,1.));
#12329=DIRECTION('',(-1.,1.110223024625E-16,0.));
#12330=DIRECTION('center_axis',(-1.,1.110223024625E-16,0.));
#12331=DIRECTION('ref_axis',(-1.110223024625E-16,-1.,0.));
#12332=DIRECTION('',(0.,0.,-1.));
#12333=DIRECTION('',(-1.110223024625E-16,-1.,0.));
#12334=DIRECTION('center_axis',(-1.110223024625E-16,-1.,0.));
#12335=DIRECTION('ref_axis',(1.,-1.110223024625E-16,0.));
#12336=DIRECTION('',(1.,-1.110223024625E-16,0.));
#12337=DIRECTION('',(0.,0.,-1.));
#12338=DIRECTION('',(1.,-1.110223024625E-16,0.));
#12339=DIRECTION('',(0.,0.,-1.));
#12340=DIRECTION('',(1.,-1.110223024625E-16,0.));
#12341=DIRECTION('center_axis',(1.,-1.110223024625E-16,0.));
#12342=DIRECTION('ref_axis',(1.110223024625E-16,1.,0.));
#12343=DIRECTION('',(0.,0.,-1.));
#12344=DIRECTION('',(0.,0.,-1.));
#12345=DIRECTION('',(1.110223024625E-16,1.,0.));
#12346=DIRECTION('center_axis',(1.110223024625E-16,1.,0.));
#12347=DIRECTION('ref_axis',(-1.,1.110223024625E-16,0.));
#12348=DIRECTION('',(0.,0.,-1.));
#12349=DIRECTION('',(-1.,1.110223024625E-16,0.));
#12350=DIRECTION('',(0.,0.,1.));
#12351=DIRECTION('',(1.,-1.110223024625E-16,0.));
#12352=DIRECTION('',(0.,0.,1.));
#12353=DIRECTION('',(-1.,1.110223024625E-16,0.));
#12354=DIRECTION('center_axis',(-1.,1.110223024625E-16,0.));
#12355=DIRECTION('ref_axis',(-1.110223024625E-16,-1.,0.));
#12356=DIRECTION('',(0.,0.,-1.));
#12357=DIRECTION('',(-1.110223024625E-16,-1.,0.));
#12358=DIRECTION('center_axis',(-1.110223024625E-16,-1.,0.));
#12359=DIRECTION('ref_axis',(1.,-1.110223024625E-16,0.));
#12360=DIRECTION('',(1.,-1.110223024625E-16,0.));
#12361=DIRECTION('',(0.,0.,-1.));
#12362=DIRECTION('',(1.,-1.110223024625E-16,0.));
#12363=DIRECTION('',(0.,0.,-1.));
#12364=DIRECTION('',(1.,-1.110223024625E-16,0.));
#12365=DIRECTION('center_axis',(-1.110223024625E-16,-1.,0.));
#12366=DIRECTION('ref_axis',(0.,0.,1.));
#12367=DIRECTION('',(1.,-1.110223024625E-16,0.));
#12368=DIRECTION('center_axis',(-1.07707454082943E-16,-0.970142500145391,
-0.242535625036098));
#12369=DIRECTION('ref_axis',(-2.69268635207408E-17,-0.242535625036098,0.970142500145391));
#12370=DIRECTION('',(1.,-1.110223024625E-16,0.));
#12371=DIRECTION('center_axis',(0.,0.,-1.));
#12372=DIRECTION('ref_axis',(-1.110223024625E-16,-1.,0.));
#12373=DIRECTION('',(1.,-1.110223024625E-16,0.));
#12374=DIRECTION('center_axis',(1.07707454082943E-16,0.970142500145391,
-0.242535625036098));
#12375=DIRECTION('ref_axis',(-2.69268635207408E-17,-0.242535625036098,-0.970142500145391));
#12376=DIRECTION('',(1.,-1.110223024625E-16,0.));
#12377=DIRECTION('center_axis',(1.110223024625E-16,1.,0.));
#12378=DIRECTION('ref_axis',(0.,0.,-1.));
#12379=DIRECTION('center_axis',(-1.110223024625E-16,-1.,0.));
#12380=DIRECTION('ref_axis',(0.,0.,1.));
#12381=DIRECTION('',(1.,-1.110223024625E-16,0.));
#12382=DIRECTION('center_axis',(-1.07707454082943E-16,-0.970142500145391,
-0.242535625036098));
#12383=DIRECTION('ref_axis',(-2.69268635207408E-17,-0.242535625036098,0.970142500145391));
#12384=DIRECTION('',(1.,-1.110223024625E-16,0.));
#12385=DIRECTION('center_axis',(0.,0.,-1.));
#12386=DIRECTION('ref_axis',(-1.110223024625E-16,-1.,0.));
#12387=DIRECTION('',(1.,-1.110223024625E-16,0.));
#12388=DIRECTION('center_axis',(1.07707454082943E-16,0.970142500145391,
-0.242535625036098));
#12389=DIRECTION('ref_axis',(-2.69268635207408E-17,-0.242535625036098,-0.970142500145391));
#12390=DIRECTION('',(1.,-1.110223024625E-16,0.));
#12391=DIRECTION('center_axis',(1.110223024625E-16,1.,0.));
#12392=DIRECTION('ref_axis',(0.,0.,-1.));
#12393=DIRECTION('center_axis',(-1.110223024625E-16,-1.,0.));
#12394=DIRECTION('ref_axis',(0.,0.,1.));
#12395=DIRECTION('',(1.,-1.110223024625E-16,0.));
#12396=DIRECTION('center_axis',(-1.07707454082943E-16,-0.970142500145391,
-0.242535625036098));
#12397=DIRECTION('ref_axis',(-2.69268635207408E-17,-0.242535625036098,0.970142500145391));
#12398=DIRECTION('',(1.,-1.110223024625E-16,0.));
#12399=DIRECTION('center_axis',(0.,0.,-1.));
#12400=DIRECTION('ref_axis',(-1.110223024625E-16,-1.,0.));
#12401=DIRECTION('',(1.,-1.110223024625E-16,0.));
#12402=DIRECTION('center_axis',(1.07707454082943E-16,0.970142500145391,
-0.242535625036098));
#12403=DIRECTION('ref_axis',(-2.69268635207408E-17,-0.242535625036098,-0.970142500145391));
#12404=DIRECTION('',(1.,-1.110223024625E-16,0.));
#12405=DIRECTION('center_axis',(1.110223024625E-16,1.,0.));
#12406=DIRECTION('ref_axis',(0.,0.,-1.));
#12407=DIRECTION('center_axis',(-1.110223024625E-16,-1.,0.));
#12408=DIRECTION('ref_axis',(0.,0.,1.));
#12409=DIRECTION('',(1.,-1.110223024625E-16,0.));
#12410=DIRECTION('center_axis',(-1.07707454082943E-16,-0.970142500145391,
-0.242535625036098));
#12411=DIRECTION('ref_axis',(-2.69268635207408E-17,-0.242535625036098,0.970142500145391));
#12412=DIRECTION('',(1.,-1.110223024625E-16,0.));
#12413=DIRECTION('center_axis',(0.,0.,-1.));
#12414=DIRECTION('ref_axis',(-1.110223024625E-16,-1.,0.));
#12415=DIRECTION('',(1.,-1.110223024625E-16,0.));
#12416=DIRECTION('center_axis',(1.07707454082943E-16,0.970142500145391,
-0.242535625036098));
#12417=DIRECTION('ref_axis',(-2.69268635207408E-17,-0.242535625036098,-0.970142500145391));
#12418=DIRECTION('',(1.,-1.110223024625E-16,0.));
#12419=DIRECTION('center_axis',(1.110223024625E-16,1.,0.));
#12420=DIRECTION('ref_axis',(0.,0.,-1.));
#12421=DIRECTION('center_axis',(0.,0.,1.));
#12422=DIRECTION('ref_axis',(1.110223024625E-16,1.,0.));
#12423=DIRECTION('',(-1.110223024625E-16,-1.,0.));
#12424=DIRECTION('center_axis',(0.,0.,1.));
#12425=DIRECTION('ref_axis',(1.110223024625E-16,1.,0.));
#12426=DIRECTION('',(-1.110223024625E-16,-1.,0.));
#12427=DIRECTION('center_axis',(-1.,1.110223024625E-16,0.));
#12428=DIRECTION('ref_axis',(0.,0.,1.));
#12429=DIRECTION('',(7.85046229340898E-17,0.707106781186548,-0.707106781186548));
#12430=DIRECTION('',(0.,0.,-1.));
#12431=DIRECTION('',(1.110223024625E-16,1.,0.));
#12432=DIRECTION('',(0.,0.,1.));
#12433=DIRECTION('',(7.85046229340898E-17,0.707106781186548,0.707106781186548));
#12434=DIRECTION('center_axis',(-7.85046229340898E-17,-0.707106781186548,
0.707106781186548));
#12435=DIRECTION('ref_axis',(7.85046229340898E-17,0.707106781186548,0.707106781186548));
#12436=DIRECTION('',(1.,-1.110223024625E-16,0.));
#12437=DIRECTION('',(7.85046229340898E-17,0.707106781186548,0.707106781186548));
#12438=DIRECTION('center_axis',(-1.,1.110223024625E-16,0.));
#12439=DIRECTION('ref_axis',(0.,0.,1.));
#12440=DIRECTION('',(0.,0.,1.));
#12441=DIRECTION('',(1.110223024625E-16,1.,0.));
#12442=DIRECTION('',(0.,0.,-1.));
#12443=DIRECTION('',(7.85046229340898E-17,0.707106781186548,-0.707106781186548));
#12444=DIRECTION('center_axis',(7.85046229340898E-17,0.707106781186548,
0.707106781186548));
#12445=DIRECTION('ref_axis',(7.85046229340898E-17,0.707106781186548,-0.707106781186548));
#12446=DIRECTION('',(1.,-1.110223024625E-16,0.));
#12447=DIRECTION('center_axis',(0.,0.,1.));
#12448=DIRECTION('ref_axis',(1.110223024625E-16,1.,0.));
#12449=DIRECTION('',(-1.110223024625E-16,-1.,0.));
#12450=DIRECTION('center_axis',(0.,0.,1.));
#12451=DIRECTION('ref_axis',(1.110223024625E-16,1.,0.));
#12452=DIRECTION('',(-1.110223024625E-16,-1.,0.));
#12453=DIRECTION('center_axis',(-1.,1.110223024625E-16,0.));
#12454=DIRECTION('ref_axis',(0.,0.,1.));
#12455=DIRECTION('',(7.85046229340898E-17,0.707106781186548,-0.707106781186548));
#12456=DIRECTION('',(0.,0.,-1.));
#12457=DIRECTION('',(1.110223024625E-16,1.,0.));
#12458=DIRECTION('',(0.,0.,1.));
#12459=DIRECTION('',(7.85046229340898E-17,0.707106781186548,0.707106781186548));
#12460=DIRECTION('center_axis',(-7.85046229340898E-17,-0.707106781186548,
0.707106781186548));
#12461=DIRECTION('ref_axis',(7.85046229340898E-17,0.707106781186548,0.707106781186548));
#12462=DIRECTION('',(1.,-1.110223024625E-16,0.));
#12463=DIRECTION('',(7.85046229340898E-17,0.707106781186548,0.707106781186548));
#12464=DIRECTION('center_axis',(-1.,1.110223024625E-16,0.));
#12465=DIRECTION('ref_axis',(0.,0.,1.));
#12466=DIRECTION('',(0.,0.,1.));
#12467=DIRECTION('',(1.110223024625E-16,1.,0.));
#12468=DIRECTION('',(0.,0.,-1.));
#12469=DIRECTION('',(7.85046229340898E-17,0.707106781186548,-0.707106781186548));
#12470=DIRECTION('center_axis',(7.85046229340898E-17,0.707106781186548,
0.707106781186548));
#12471=DIRECTION('ref_axis',(7.85046229340898E-17,0.707106781186548,-0.707106781186548));
#12472=DIRECTION('',(1.,-1.110223024625E-16,0.));
#12473=DIRECTION('center_axis',(0.,0.,1.));
#12474=DIRECTION('ref_axis',(1.110223024625E-16,1.,0.));
#12475=DIRECTION('',(-1.110223024625E-16,-1.,0.));
#12476=DIRECTION('center_axis',(0.,0.,1.));
#12477=DIRECTION('ref_axis',(1.110223024625E-16,1.,0.));
#12478=DIRECTION('',(-1.110223024625E-16,-1.,0.));
#12479=DIRECTION('center_axis',(-1.,1.110223024625E-16,0.));
#12480=DIRECTION('ref_axis',(0.,0.,1.));
#12481=DIRECTION('',(7.85046229340898E-17,0.707106781186548,-0.707106781186548));
#12482=DIRECTION('',(0.,0.,-1.));
#12483=DIRECTION('',(1.110223024625E-16,1.,0.));
#12484=DIRECTION('',(0.,0.,1.));
#12485=DIRECTION('',(7.85046229340898E-17,0.707106781186548,0.707106781186548));
#12486=DIRECTION('center_axis',(-7.85046229340898E-17,-0.707106781186548,
0.707106781186548));
#12487=DIRECTION('ref_axis',(7.85046229340898E-17,0.707106781186548,0.707106781186548));
#12488=DIRECTION('',(1.,-1.110223024625E-16,0.));
#12489=DIRECTION('',(7.85046229340898E-17,0.707106781186548,0.707106781186548));
#12490=DIRECTION('center_axis',(-1.,1.110223024625E-16,0.));
#12491=DIRECTION('ref_axis',(0.,0.,1.));
#12492=DIRECTION('',(0.,0.,1.));
#12493=DIRECTION('',(1.110223024625E-16,1.,0.));
#12494=DIRECTION('',(0.,0.,-1.));
#12495=DIRECTION('',(7.85046229340898E-17,0.707106781186548,-0.707106781186548));
#12496=DIRECTION('center_axis',(7.85046229340898E-17,0.707106781186548,
0.707106781186548));
#12497=DIRECTION('ref_axis',(7.85046229340898E-17,0.707106781186548,-0.707106781186548));
#12498=DIRECTION('',(1.,-1.110223024625E-16,0.));
#12499=DIRECTION('center_axis',(0.,0.,1.));
#12500=DIRECTION('ref_axis',(1.110223024625E-16,1.,0.));
#12501=DIRECTION('',(-1.110223024625E-16,-1.,0.));
#12502=DIRECTION('center_axis',(0.,0.,1.));
#12503=DIRECTION('ref_axis',(1.110223024625E-16,1.,0.));
#12504=DIRECTION('',(-1.110223024625E-16,-1.,0.));
#12505=DIRECTION('center_axis',(-1.,1.110223024625E-16,0.));
#12506=DIRECTION('ref_axis',(0.,0.,1.));
#12507=DIRECTION('',(7.85046229340898E-17,0.707106781186548,-0.707106781186548));
#12508=DIRECTION('',(0.,0.,-1.));
#12509=DIRECTION('',(1.110223024625E-16,1.,0.));
#12510=DIRECTION('',(0.,0.,1.));
#12511=DIRECTION('',(7.85046229340898E-17,0.707106781186548,0.707106781186548));
#12512=DIRECTION('center_axis',(-7.85046229340898E-17,-0.707106781186548,
0.707106781186548));
#12513=DIRECTION('ref_axis',(7.85046229340898E-17,0.707106781186548,0.707106781186548));
#12514=DIRECTION('',(1.,-1.110223024625E-16,0.));
#12515=DIRECTION('',(7.85046229340898E-17,0.707106781186548,0.707106781186548));
#12516=DIRECTION('center_axis',(-1.,1.110223024625E-16,0.));
#12517=DIRECTION('ref_axis',(0.,0.,1.));
#12518=DIRECTION('',(0.,0.,1.));
#12519=DIRECTION('',(1.110223024625E-16,1.,0.));
#12520=DIRECTION('',(0.,0.,-1.));
#12521=DIRECTION('',(7.85046229340898E-17,0.707106781186548,-0.707106781186548));
#12522=DIRECTION('center_axis',(7.85046229340898E-17,0.707106781186548,
0.707106781186548));
#12523=DIRECTION('ref_axis',(7.85046229340898E-17,0.707106781186548,-0.707106781186548));
#12524=DIRECTION('',(1.,-1.110223024625E-16,0.));
#12525=DIRECTION('center_axis',(-1.110223024625E-16,-1.,0.));
#12526=DIRECTION('ref_axis',(0.,0.,1.));
#12527=DIRECTION('',(1.,-1.110223024625E-16,0.));
#12528=DIRECTION('center_axis',(0.,0.,1.));
#12529=DIRECTION('ref_axis',(1.110223024625E-16,1.,0.));
#12530=DIRECTION('',(1.,-1.110223024625E-16,0.));
#12531=DIRECTION('center_axis',(1.110223024625E-16,1.,0.));
#12532=DIRECTION('ref_axis',(0.,0.,-1.));
#12533=DIRECTION('center_axis',(-1.110223024625E-16,-1.,0.));
#12534=DIRECTION('ref_axis',(0.,0.,1.));
#12535=DIRECTION('',(1.,-1.110223024625E-16,0.));
#12536=DIRECTION('center_axis',(0.,0.,1.));
#12537=DIRECTION('ref_axis',(1.110223024625E-16,1.,0.));
#12538=DIRECTION('',(1.,-1.110223024625E-16,0.));
#12539=DIRECTION('center_axis',(1.110223024625E-16,1.,0.));
#12540=DIRECTION('ref_axis',(0.,0.,-1.));
#12541=DIRECTION('center_axis',(-1.110223024625E-16,-1.,0.));
#12542=DIRECTION('ref_axis',(0.,0.,1.));
#12543=DIRECTION('',(1.,-1.110223024625E-16,0.));
#12544=DIRECTION('center_axis',(0.,0.,1.));
#12545=DIRECTION('ref_axis',(1.110223024625E-16,1.,0.));
#12546=DIRECTION('',(1.,-1.110223024625E-16,0.));
#12547=DIRECTION('center_axis',(1.110223024625E-16,1.,0.));
#12548=DIRECTION('ref_axis',(0.,0.,-1.));
#12549=DIRECTION('center_axis',(-1.110223024625E-16,-1.,0.));
#12550=DIRECTION('ref_axis',(0.,0.,1.));
#12551=DIRECTION('',(1.,-1.110223024625E-16,0.));
#12552=DIRECTION('center_axis',(0.,0.,1.));
#12553=DIRECTION('ref_axis',(1.110223024625E-16,1.,0.));
#12554=DIRECTION('',(1.,-1.110223024625E-16,0.));
#12555=DIRECTION('center_axis',(1.110223024625E-16,1.,0.));
#12556=DIRECTION('ref_axis',(0.,0.,-1.));
#12557=DIRECTION('',(-4.37905770101505E-47,0.,1.));
#12558=DIRECTION('',(1.,0.,0.));
#12559=DIRECTION('axis',(0.,0.,1.));
#12560=DIRECTION('refdir',(1.,0.,0.));
#12561=DIRECTION('center_axis',(0.,0.,-1.));
#12562=DIRECTION('ref_axis',(-6.42331470193999E-8,0.999999999999998,0.));
#12563=DIRECTION('',(0.,0.,1.));
#12564=DIRECTION('center_axis',(0.,0.,-1.));
#12565=DIRECTION('ref_axis',(-6.42331470193999E-8,0.999999999999998,0.));
#12566=DIRECTION('',(0.,0.,1.));
#12567=DIRECTION('center_axis',(0.,0.,-1.));
#12568=DIRECTION('ref_axis',(-6.42331470193999E-8,0.999999999999998,0.));
#12569=DIRECTION('center_axis',(0.,1.,0.));
#12570=DIRECTION('ref_axis',(1.,0.,0.));
#12571=DIRECTION('',(0.,0.,1.));
#12572=DIRECTION('',(1.,0.,0.));
#12573=DIRECTION('',(1.,0.,0.));
#12574=DIRECTION('center_axis',(1.,0.,0.));
#12575=DIRECTION('ref_axis',(0.,-1.,0.));
#12576=DIRECTION('',(0.,-1.,0.));
#12577=DIRECTION('',(0.,0.,1.));
#12578=DIRECTION('',(0.,-1.,0.));
#12579=DIRECTION('center_axis',(0.,0.,1.));
#12580=DIRECTION('ref_axis',(1.,0.,0.));
#12581=DIRECTION('center_axis',(0.,0.,-1.));
#12582=DIRECTION('ref_axis',(0.999999999999998,6.42331470193999E-8,0.));
#12583=DIRECTION('',(-1.,0.,0.));
#12584=DIRECTION('center_axis',(0.,0.,-1.));
#12585=DIRECTION('ref_axis',(6.42331413350499E-8,-0.999999999999998,0.));
#12586=DIRECTION('',(0.,1.,0.));
#12587=DIRECTION('center_axis',(0.,0.,-1.));
#12588=DIRECTION('ref_axis',(-0.999999999999998,-6.42331427561399E-8,0.));
#12589=DIRECTION('center_axis',(0.,0.,-1.));
#12590=DIRECTION('ref_axis',(0.,-1.,0.));
#12591=DIRECTION('center_axis',(0.,0.,-1.));
#12592=DIRECTION('ref_axis',(0.,-1.,0.));
#12593=DIRECTION('center_axis',(0.,0.,-1.));
#12594=DIRECTION('ref_axis',(-1.671865260612E-14,-1.,0.));
#12595=DIRECTION('center_axis',(0.,0.,-1.));
#12596=DIRECTION('ref_axis',(0.,-1.,0.));
#12597=DIRECTION('center_axis',(0.,0.,-1.));
#12598=DIRECTION('ref_axis',(0.,-1.,0.));
#12599=DIRECTION('center_axis',(0.,0.,-1.));
#12600=DIRECTION('ref_axis',(0.,-1.,0.));
#12601=DIRECTION('center_axis',(0.,0.,-1.));
#12602=DIRECTION('ref_axis',(0.,-1.,0.));
#12603=DIRECTION('center_axis',(0.,0.,-1.));
#12604=DIRECTION('ref_axis',(0.,-1.,0.));
#12605=DIRECTION('center_axis',(0.,0.,-1.));
#12606=DIRECTION('ref_axis',(-1.671865260612E-14,-1.,0.));
#12607=DIRECTION('center_axis',(0.,0.,-1.));
#12608=DIRECTION('ref_axis',(0.,-1.,0.));
#12609=DIRECTION('center_axis',(0.,0.,-1.));
#12610=DIRECTION('ref_axis',(0.,-1.,0.));
#12611=DIRECTION('center_axis',(0.,0.,-1.));
#12612=DIRECTION('ref_axis',(0.,-1.,0.));
#12613=DIRECTION('center_axis',(0.,0.,-1.));
#12614=DIRECTION('ref_axis',(0.,-1.,0.));
#12615=DIRECTION('center_axis',(0.,0.,-1.));
#12616=DIRECTION('ref_axis',(0.,-1.,0.));
#12617=DIRECTION('center_axis',(0.,0.,-1.));
#12618=DIRECTION('ref_axis',(0.,-1.,0.));
#12619=DIRECTION('center_axis',(0.,0.,-1.));
#12620=DIRECTION('ref_axis',(-1.671865260612E-14,-1.,0.));
#12621=DIRECTION('center_axis',(0.,0.,-1.));
#12622=DIRECTION('ref_axis',(0.,-1.,0.));
#12623=DIRECTION('center_axis',(0.,0.,-1.));
#12624=DIRECTION('ref_axis',(0.,-1.,0.));
#12625=DIRECTION('center_axis',(0.,0.,-1.));
#12626=DIRECTION('ref_axis',(0.,-1.,0.));
#12627=DIRECTION('center_axis',(0.,0.,-1.));
#12628=DIRECTION('ref_axis',(-1.671865260612E-14,-1.,0.));
#12629=DIRECTION('center_axis',(0.,0.,-1.));
#12630=DIRECTION('ref_axis',(-1.671865260612E-14,-1.,0.));
#12631=DIRECTION('center_axis',(0.,0.,-1.));
#12632=DIRECTION('ref_axis',(0.,-1.,0.));
#12633=DIRECTION('center_axis',(0.,0.,-1.));
#12634=DIRECTION('ref_axis',(0.,-1.,0.));
#12635=DIRECTION('center_axis',(0.,0.,-1.));
#12636=DIRECTION('ref_axis',(0.,-1.,0.));
#12637=DIRECTION('center_axis',(0.,0.,-1.));
#12638=DIRECTION('ref_axis',(0.,-1.,0.));
#12639=DIRECTION('center_axis',(0.,0.,-1.));
#12640=DIRECTION('ref_axis',(0.,-1.,0.));
#12641=DIRECTION('center_axis',(0.,0.,-1.));
#12642=DIRECTION('ref_axis',(0.,-1.,0.));
#12643=DIRECTION('center_axis',(0.,0.,-1.));
#12644=DIRECTION('ref_axis',(0.,-1.,0.));
#12645=DIRECTION('center_axis',(0.,0.,-1.));
#12646=DIRECTION('ref_axis',(1.671865260612E-14,-1.,0.));
#12647=DIRECTION('center_axis',(0.,0.,-1.));
#12648=DIRECTION('ref_axis',(0.,-1.,0.));
#12649=DIRECTION('center_axis',(0.,0.,-1.));
#12650=DIRECTION('ref_axis',(0.,-1.,0.));
#12651=DIRECTION('center_axis',(0.,0.,-1.));
#12652=DIRECTION('ref_axis',(0.,-1.,0.));
#12653=DIRECTION('center_axis',(0.,0.,-1.));
#12654=DIRECTION('ref_axis',(0.,-1.,0.));
#12655=DIRECTION('center_axis',(0.,0.,-1.));
#12656=DIRECTION('ref_axis',(0.,-1.,0.));
#12657=DIRECTION('center_axis',(0.,0.,-1.));
#12658=DIRECTION('ref_axis',(0.,-1.,0.));
#12659=DIRECTION('center_axis',(0.,0.,-1.));
#12660=DIRECTION('ref_axis',(0.,-1.,0.));
#12661=DIRECTION('center_axis',(0.,0.,-1.));
#12662=DIRECTION('ref_axis',(0.,-1.,0.));
#12663=DIRECTION('center_axis',(0.,0.,-1.));
#12664=DIRECTION('ref_axis',(0.,-1.,0.));
#12665=DIRECTION('center_axis',(0.,0.,-1.));
#12666=DIRECTION('ref_axis',(0.,-1.,0.));
#12667=DIRECTION('center_axis',(0.,0.,-1.));
#12668=DIRECTION('ref_axis',(0.,-1.,0.));
#12669=DIRECTION('center_axis',(0.,0.,-1.));
#12670=DIRECTION('ref_axis',(-1.671865260612E-14,-1.,0.));
#12671=DIRECTION('center_axis',(0.,0.,-1.));
#12672=DIRECTION('ref_axis',(0.,-1.,0.));
#12673=DIRECTION('center_axis',(0.,0.,-1.));
#12674=DIRECTION('ref_axis',(0.,-1.,0.));
#12675=DIRECTION('center_axis',(0.,0.,-1.));
#12676=DIRECTION('ref_axis',(0.,-1.,0.));
#12677=DIRECTION('center_axis',(0.,0.,-1.));
#12678=DIRECTION('ref_axis',(0.,-1.,0.));
#12679=DIRECTION('center_axis',(0.,0.,-1.));
#12680=DIRECTION('ref_axis',(0.,-1.,0.));
#12681=DIRECTION('center_axis',(0.,0.,-1.));
#12682=DIRECTION('ref_axis',(0.,-1.,0.));
#12683=DIRECTION('center_axis',(0.,0.,-1.));
#12684=DIRECTION('ref_axis',(0.,-1.,0.));
#12685=DIRECTION('center_axis',(0.,0.,-1.));
#12686=DIRECTION('ref_axis',(0.,-1.,0.));
#12687=DIRECTION('center_axis',(0.,0.,-1.));
#12688=DIRECTION('ref_axis',(0.,-1.,0.));
#12689=DIRECTION('center_axis',(0.,0.,-1.));
#12690=DIRECTION('ref_axis',(-1.671865260612E-14,-1.,0.));
#12691=DIRECTION('center_axis',(0.,0.,-1.));
#12692=DIRECTION('ref_axis',(0.,-1.,0.));
#12693=DIRECTION('center_axis',(0.,0.,-1.));
#12694=DIRECTION('ref_axis',(0.,-1.,0.));
#12695=DIRECTION('center_axis',(0.,0.,-1.));
#12696=DIRECTION('ref_axis',(0.,-1.,0.));
#12697=DIRECTION('center_axis',(0.,0.,-1.));
#12698=DIRECTION('ref_axis',(-1.671865260612E-14,-1.,0.));
#12699=DIRECTION('center_axis',(0.,0.,-1.));
#12700=DIRECTION('ref_axis',(0.,-1.,0.));
#12701=DIRECTION('center_axis',(0.,0.,-1.));
#12702=DIRECTION('ref_axis',(-1.671865260612E-14,-1.,0.));
#12703=DIRECTION('center_axis',(0.,0.,-1.));
#12704=DIRECTION('ref_axis',(0.,-1.,0.));
#12705=DIRECTION('center_axis',(0.,0.,-1.));
#12706=DIRECTION('ref_axis',(0.,-1.,0.));
#12707=DIRECTION('center_axis',(0.,0.,-1.));
#12708=DIRECTION('ref_axis',(0.,-1.,0.));
#12709=DIRECTION('center_axis',(0.,0.,-1.));
#12710=DIRECTION('ref_axis',(0.,-1.,0.));
#12711=DIRECTION('center_axis',(0.,0.,-1.));
#12712=DIRECTION('ref_axis',(0.,-1.,0.));
#12713=DIRECTION('center_axis',(0.,0.,-1.));
#12714=DIRECTION('ref_axis',(0.,-1.,0.));
#12715=DIRECTION('center_axis',(0.,0.,-1.));
#12716=DIRECTION('ref_axis',(0.,-1.,0.));
#12717=DIRECTION('center_axis',(0.,0.,-1.));
#12718=DIRECTION('ref_axis',(0.,-1.,0.));
#12719=DIRECTION('center_axis',(0.,0.,-1.));
#12720=DIRECTION('ref_axis',(0.,-1.,0.));
#12721=DIRECTION('center_axis',(0.,0.,-1.));
#12722=DIRECTION('ref_axis',(0.,-1.,0.));
#12723=DIRECTION('center_axis',(0.,0.,-1.));
#12724=DIRECTION('ref_axis',(0.,-1.,0.));
#12725=DIRECTION('center_axis',(0.,0.,-1.));
#12726=DIRECTION('ref_axis',(0.,-1.,0.));
#12727=DIRECTION('center_axis',(0.,0.,-1.));
#12728=DIRECTION('ref_axis',(-1.671865260612E-14,-1.,0.));
#12729=DIRECTION('center_axis',(0.,0.,-1.));
#12730=DIRECTION('ref_axis',(0.,-1.,0.));
#12731=DIRECTION('center_axis',(0.,0.,-1.));
#12732=DIRECTION('ref_axis',(0.,-1.,0.));
#12733=DIRECTION('center_axis',(0.,0.,-1.));
#12734=DIRECTION('ref_axis',(0.,-1.,0.));
#12735=DIRECTION('center_axis',(0.,0.,-1.));
#12736=DIRECTION('ref_axis',(0.,-1.,0.));
#12737=DIRECTION('center_axis',(0.,0.,-1.));
#12738=DIRECTION('ref_axis',(0.,-1.,0.));
#12739=DIRECTION('center_axis',(0.,0.,-1.));
#12740=DIRECTION('ref_axis',(0.,-1.,0.));
#12741=DIRECTION('center_axis',(0.,0.,-1.));
#12742=DIRECTION('ref_axis',(0.,-1.,0.));
#12743=DIRECTION('center_axis',(0.,0.,-1.));
#12744=DIRECTION('ref_axis',(0.,-1.,0.));
#12745=DIRECTION('center_axis',(0.,0.,-1.));
#12746=DIRECTION('ref_axis',(0.,-1.,0.));
#12747=DIRECTION('center_axis',(0.,0.,-1.));
#12748=DIRECTION('ref_axis',(0.,-1.,0.));
#12749=DIRECTION('center_axis',(0.,0.,-1.));
#12750=DIRECTION('ref_axis',(0.,-1.,0.));
#12751=DIRECTION('center_axis',(0.,0.,-1.));
#12752=DIRECTION('ref_axis',(0.,-1.,0.));
#12753=DIRECTION('center_axis',(0.,0.,-1.));
#12754=DIRECTION('ref_axis',(0.,-1.,0.));
#12755=DIRECTION('center_axis',(0.,0.,-1.));
#12756=DIRECTION('ref_axis',(0.,-1.,0.));
#12757=DIRECTION('center_axis',(0.,0.,-1.));
#12758=DIRECTION('ref_axis',(0.,-1.,0.));
#12759=DIRECTION('center_axis',(0.,0.,-1.));
#12760=DIRECTION('ref_axis',(0.,-1.,0.));
#12761=DIRECTION('center_axis',(0.,0.,-1.));
#12762=DIRECTION('ref_axis',(0.,-1.,0.));
#12763=DIRECTION('center_axis',(0.,0.,-1.));
#12764=DIRECTION('ref_axis',(0.,-1.,0.));
#12765=DIRECTION('center_axis',(0.,0.,-1.));
#12766=DIRECTION('ref_axis',(0.,-1.,0.));
#12767=DIRECTION('center_axis',(0.,0.,-1.));
#12768=DIRECTION('ref_axis',(0.,-1.,0.));
#12769=DIRECTION('center_axis',(0.,0.,-1.));
#12770=DIRECTION('ref_axis',(0.,-1.,0.));
#12771=DIRECTION('center_axis',(0.,0.,1.));
#12772=DIRECTION('ref_axis',(1.,0.,0.));
#12773=DIRECTION('center_axis',(0.,0.,-1.));
#12774=DIRECTION('ref_axis',(-0.999999999999998,-6.42331427561399E-8,0.));
#12775=DIRECTION('',(0.,1.,0.));
#12776=DIRECTION('center_axis',(0.,0.,-1.));
#12777=DIRECTION('ref_axis',(6.42331413350499E-8,-0.999999999999998,0.));
#12778=DIRECTION('',(-1.,0.,0.));
#12779=DIRECTION('center_axis',(0.,0.,-1.));
#12780=DIRECTION('ref_axis',(0.999999999999998,6.42331470193999E-8,0.));
#12781=DIRECTION('center_axis',(0.,0.,-1.));
#12782=DIRECTION('ref_axis',(0.,-1.,0.));
#12783=DIRECTION('center_axis',(0.,0.,-1.));
#12784=DIRECTION('ref_axis',(0.,-1.,0.));
#12785=DIRECTION('center_axis',(0.,0.,-1.));
#12786=DIRECTION('ref_axis',(-1.671865260612E-14,-1.,0.));
#12787=DIRECTION('center_axis',(0.,0.,-1.));
#12788=DIRECTION('ref_axis',(0.,-1.,0.));
#12789=DIRECTION('center_axis',(0.,0.,-1.));
#12790=DIRECTION('ref_axis',(0.,-1.,0.));
#12791=DIRECTION('center_axis',(0.,0.,-1.));
#12792=DIRECTION('ref_axis',(0.,-1.,0.));
#12793=DIRECTION('center_axis',(0.,0.,-1.));
#12794=DIRECTION('ref_axis',(0.,-1.,0.));
#12795=DIRECTION('center_axis',(0.,0.,-1.));
#12796=DIRECTION('ref_axis',(0.,-1.,0.));
#12797=DIRECTION('center_axis',(0.,0.,-1.));
#12798=DIRECTION('ref_axis',(-1.671865260612E-14,-1.,0.));
#12799=DIRECTION('center_axis',(0.,0.,-1.));
#12800=DIRECTION('ref_axis',(0.,-1.,0.));
#12801=DIRECTION('center_axis',(0.,0.,-1.));
#12802=DIRECTION('ref_axis',(0.,-1.,0.));
#12803=DIRECTION('center_axis',(0.,0.,-1.));
#12804=DIRECTION('ref_axis',(0.,-1.,0.));
#12805=DIRECTION('center_axis',(0.,0.,-1.));
#12806=DIRECTION('ref_axis',(0.,-1.,0.));
#12807=DIRECTION('center_axis',(0.,0.,-1.));
#12808=DIRECTION('ref_axis',(0.,-1.,0.));
#12809=DIRECTION('center_axis',(0.,0.,-1.));
#12810=DIRECTION('ref_axis',(0.,-1.,0.));
#12811=DIRECTION('center_axis',(0.,0.,-1.));
#12812=DIRECTION('ref_axis',(-1.671865260612E-14,-1.,0.));
#12813=DIRECTION('center_axis',(0.,0.,-1.));
#12814=DIRECTION('ref_axis',(0.,-1.,0.));
#12815=DIRECTION('center_axis',(0.,0.,-1.));
#12816=DIRECTION('ref_axis',(0.,-1.,0.));
#12817=DIRECTION('center_axis',(0.,0.,-1.));
#12818=DIRECTION('ref_axis',(0.,-1.,0.));
#12819=DIRECTION('center_axis',(0.,0.,-1.));
#12820=DIRECTION('ref_axis',(-1.671865260612E-14,-1.,0.));
#12821=DIRECTION('center_axis',(0.,0.,-1.));
#12822=DIRECTION('ref_axis',(-1.671865260612E-14,-1.,0.));
#12823=DIRECTION('center_axis',(0.,0.,-1.));
#12824=DIRECTION('ref_axis',(0.,-1.,0.));
#12825=DIRECTION('center_axis',(0.,0.,-1.));
#12826=DIRECTION('ref_axis',(0.,-1.,0.));
#12827=DIRECTION('center_axis',(0.,0.,-1.));
#12828=DIRECTION('ref_axis',(0.,-1.,0.));
#12829=DIRECTION('center_axis',(0.,0.,-1.));
#12830=DIRECTION('ref_axis',(0.,-1.,0.));
#12831=DIRECTION('center_axis',(0.,0.,-1.));
#12832=DIRECTION('ref_axis',(0.,-1.,0.));
#12833=DIRECTION('center_axis',(0.,0.,-1.));
#12834=DIRECTION('ref_axis',(0.,-1.,0.));
#12835=DIRECTION('center_axis',(0.,0.,-1.));
#12836=DIRECTION('ref_axis',(0.,-1.,0.));
#12837=DIRECTION('center_axis',(0.,0.,-1.));
#12838=DIRECTION('ref_axis',(1.671865260612E-14,-1.,0.));
#12839=DIRECTION('center_axis',(0.,0.,-1.));
#12840=DIRECTION('ref_axis',(0.,-1.,0.));
#12841=DIRECTION('center_axis',(0.,0.,-1.));
#12842=DIRECTION('ref_axis',(0.,-1.,0.));
#12843=DIRECTION('center_axis',(0.,0.,-1.));
#12844=DIRECTION('ref_axis',(0.,-1.,0.));
#12845=DIRECTION('center_axis',(0.,0.,-1.));
#12846=DIRECTION('ref_axis',(0.,-1.,0.));
#12847=DIRECTION('center_axis',(0.,0.,-1.));
#12848=DIRECTION('ref_axis',(0.,-1.,0.));
#12849=DIRECTION('center_axis',(0.,0.,-1.));
#12850=DIRECTION('ref_axis',(0.,-1.,0.));
#12851=DIRECTION('center_axis',(0.,0.,-1.));
#12852=DIRECTION('ref_axis',(0.,-1.,0.));
#12853=DIRECTION('center_axis',(0.,0.,-1.));
#12854=DIRECTION('ref_axis',(0.,-1.,0.));
#12855=DIRECTION('center_axis',(0.,0.,-1.));
#12856=DIRECTION('ref_axis',(0.,-1.,0.));
#12857=DIRECTION('center_axis',(0.,0.,-1.));
#12858=DIRECTION('ref_axis',(0.,-1.,0.));
#12859=DIRECTION('center_axis',(0.,0.,-1.));
#12860=DIRECTION('ref_axis',(0.,-1.,0.));
#12861=DIRECTION('center_axis',(0.,0.,-1.));
#12862=DIRECTION('ref_axis',(-1.671865260612E-14,-1.,0.));
#12863=DIRECTION('center_axis',(0.,0.,-1.));
#12864=DIRECTION('ref_axis',(0.,-1.,0.));
#12865=DIRECTION('center_axis',(0.,0.,-1.));
#12866=DIRECTION('ref_axis',(0.,-1.,0.));
#12867=DIRECTION('center_axis',(0.,0.,-1.));
#12868=DIRECTION('ref_axis',(0.,-1.,0.));
#12869=DIRECTION('center_axis',(0.,0.,-1.));
#12870=DIRECTION('ref_axis',(0.,-1.,0.));
#12871=DIRECTION('center_axis',(0.,0.,-1.));
#12872=DIRECTION('ref_axis',(0.,-1.,0.));
#12873=DIRECTION('center_axis',(0.,0.,-1.));
#12874=DIRECTION('ref_axis',(0.,-1.,0.));
#12875=DIRECTION('center_axis',(0.,0.,-1.));
#12876=DIRECTION('ref_axis',(0.,-1.,0.));
#12877=DIRECTION('center_axis',(0.,0.,-1.));
#12878=DIRECTION('ref_axis',(0.,-1.,0.));
#12879=DIRECTION('center_axis',(0.,0.,-1.));
#12880=DIRECTION('ref_axis',(0.,-1.,0.));
#12881=DIRECTION('center_axis',(0.,0.,-1.));
#12882=DIRECTION('ref_axis',(-1.671865260612E-14,-1.,0.));
#12883=DIRECTION('center_axis',(0.,0.,-1.));
#12884=DIRECTION('ref_axis',(0.,-1.,0.));
#12885=DIRECTION('center_axis',(0.,0.,-1.));
#12886=DIRECTION('ref_axis',(0.,-1.,0.));
#12887=DIRECTION('center_axis',(0.,0.,-1.));
#12888=DIRECTION('ref_axis',(0.,-1.,0.));
#12889=DIRECTION('center_axis',(0.,0.,-1.));
#12890=DIRECTION('ref_axis',(-1.671865260612E-14,-1.,0.));
#12891=DIRECTION('center_axis',(0.,0.,-1.));
#12892=DIRECTION('ref_axis',(0.,-1.,0.));
#12893=DIRECTION('center_axis',(0.,0.,-1.));
#12894=DIRECTION('ref_axis',(-1.671865260612E-14,-1.,0.));
#12895=DIRECTION('center_axis',(0.,0.,-1.));
#12896=DIRECTION('ref_axis',(0.,-1.,0.));
#12897=DIRECTION('center_axis',(0.,0.,-1.));
#12898=DIRECTION('ref_axis',(0.,-1.,0.));
#12899=DIRECTION('center_axis',(0.,0.,-1.));
#12900=DIRECTION('ref_axis',(0.,-1.,0.));
#12901=DIRECTION('center_axis',(0.,0.,-1.));
#12902=DIRECTION('ref_axis',(0.,-1.,0.));
#12903=DIRECTION('center_axis',(0.,0.,-1.));
#12904=DIRECTION('ref_axis',(0.,-1.,0.));
#12905=DIRECTION('center_axis',(0.,0.,-1.));
#12906=DIRECTION('ref_axis',(0.,-1.,0.));
#12907=DIRECTION('center_axis',(0.,0.,-1.));
#12908=DIRECTION('ref_axis',(0.,-1.,0.));
#12909=DIRECTION('center_axis',(0.,0.,-1.));
#12910=DIRECTION('ref_axis',(0.,-1.,0.));
#12911=DIRECTION('center_axis',(0.,0.,-1.));
#12912=DIRECTION('ref_axis',(0.,-1.,0.));
#12913=DIRECTION('center_axis',(0.,0.,-1.));
#12914=DIRECTION('ref_axis',(0.,-1.,0.));
#12915=DIRECTION('center_axis',(0.,0.,-1.));
#12916=DIRECTION('ref_axis',(0.,-1.,0.));
#12917=DIRECTION('center_axis',(0.,0.,-1.));
#12918=DIRECTION('ref_axis',(0.,-1.,0.));
#12919=DIRECTION('center_axis',(0.,0.,-1.));
#12920=DIRECTION('ref_axis',(-1.671865260612E-14,-1.,0.));
#12921=DIRECTION('center_axis',(0.,0.,-1.));
#12922=DIRECTION('ref_axis',(0.,-1.,0.));
#12923=DIRECTION('center_axis',(0.,0.,-1.));
#12924=DIRECTION('ref_axis',(0.,-1.,0.));
#12925=DIRECTION('center_axis',(0.,0.,-1.));
#12926=DIRECTION('ref_axis',(0.,-1.,0.));
#12927=DIRECTION('center_axis',(0.,0.,-1.));
#12928=DIRECTION('ref_axis',(0.,-1.,0.));
#12929=DIRECTION('center_axis',(0.,0.,-1.));
#12930=DIRECTION('ref_axis',(0.,-1.,0.));
#12931=DIRECTION('center_axis',(0.,0.,-1.));
#12932=DIRECTION('ref_axis',(0.,-1.,0.));
#12933=DIRECTION('center_axis',(0.,0.,-1.));
#12934=DIRECTION('ref_axis',(0.,-1.,0.));
#12935=DIRECTION('center_axis',(0.,0.,-1.));
#12936=DIRECTION('ref_axis',(0.,-1.,0.));
#12937=DIRECTION('center_axis',(0.,0.,-1.));
#12938=DIRECTION('ref_axis',(0.,-1.,0.));
#12939=DIRECTION('center_axis',(0.,0.,-1.));
#12940=DIRECTION('ref_axis',(0.,-1.,0.));
#12941=DIRECTION('center_axis',(0.,0.,-1.));
#12942=DIRECTION('ref_axis',(0.,-1.,0.));
#12943=DIRECTION('center_axis',(0.,0.,-1.));
#12944=DIRECTION('ref_axis',(0.,-1.,0.));
#12945=DIRECTION('center_axis',(0.,0.,-1.));
#12946=DIRECTION('ref_axis',(0.,-1.,0.));
#12947=DIRECTION('center_axis',(0.,0.,-1.));
#12948=DIRECTION('ref_axis',(0.,-1.,0.));
#12949=DIRECTION('center_axis',(0.,0.,-1.));
#12950=DIRECTION('ref_axis',(0.,-1.,0.));
#12951=DIRECTION('center_axis',(0.,0.,-1.));
#12952=DIRECTION('ref_axis',(0.,-1.,0.));
#12953=DIRECTION('center_axis',(0.,0.,-1.));
#12954=DIRECTION('ref_axis',(0.,-1.,0.));
#12955=DIRECTION('center_axis',(0.,0.,-1.));
#12956=DIRECTION('ref_axis',(0.,-1.,0.));
#12957=DIRECTION('center_axis',(0.,0.,-1.));
#12958=DIRECTION('ref_axis',(0.,-1.,0.));
#12959=DIRECTION('center_axis',(0.,0.,-1.));
#12960=DIRECTION('ref_axis',(0.,-1.,0.));
#12961=DIRECTION('center_axis',(0.,0.,-1.));
#12962=DIRECTION('ref_axis',(0.,-1.,0.));
#12963=DIRECTION('center_axis',(0.,0.,-1.));
#12964=DIRECTION('ref_axis',(-0.999999999999998,-6.42331427561399E-8,0.));
#12965=DIRECTION('',(0.,0.,1.));
#12966=DIRECTION('center_axis',(0.,0.,-1.));
#12967=DIRECTION('ref_axis',(0.999999999999998,6.42331470193999E-8,0.));
#12968=DIRECTION('',(0.,0.,1.));
#12969=DIRECTION('center_axis',(-1.,0.,0.));
#12970=DIRECTION('ref_axis',(0.,1.,0.));
#12971=DIRECTION('',(0.,0.,1.));
#12972=DIRECTION('center_axis',(0.,-1.,0.));
#12973=DIRECTION('ref_axis',(-1.,0.,0.));
#12974=DIRECTION('',(0.,0.,1.));
#12975=DIRECTION('center_axis',(0.,0.,-1.));
#12976=DIRECTION('ref_axis',(6.42331413350499E-8,-0.999999999999998,0.));
#12977=DIRECTION('center_axis',(0.,0.,-1.));
#12978=DIRECTION('ref_axis',(0.,-1.,0.));
#12979=DIRECTION('',(0.,0.,-1.));
#12980=DIRECTION('center_axis',(0.,0.,-1.));
#12981=DIRECTION('ref_axis',(0.,-1.,0.));
#12982=DIRECTION('',(0.,0.,-1.));
#12983=DIRECTION('center_axis',(0.,0.,-1.));
#12984=DIRECTION('ref_axis',(-1.671865260612E-14,-1.,0.));
#12985=DIRECTION('',(0.,0.,-1.));
#12986=DIRECTION('center_axis',(0.,0.,-1.));
#12987=DIRECTION('ref_axis',(0.,-1.,0.));
#12988=DIRECTION('',(0.,0.,-1.));
#12989=DIRECTION('center_axis',(0.,0.,-1.));
#12990=DIRECTION('ref_axis',(0.,-1.,0.));
#12991=DIRECTION('',(0.,0.,-1.));
#12992=DIRECTION('center_axis',(0.,0.,-1.));
#12993=DIRECTION('ref_axis',(0.,-1.,0.));
#12994=DIRECTION('',(0.,0.,-1.));
#12995=DIRECTION('center_axis',(0.,0.,-1.));
#12996=DIRECTION('ref_axis',(0.,-1.,0.));
#12997=DIRECTION('',(0.,0.,-1.));
#12998=DIRECTION('center_axis',(0.,0.,-1.));
#12999=DIRECTION('ref_axis',(0.,-1.,0.));
#13000=DIRECTION('',(0.,0.,-1.));
#13001=DIRECTION('center_axis',(0.,0.,-1.));
#13002=DIRECTION('ref_axis',(-1.671865260612E-14,-1.,0.));
#13003=DIRECTION('',(0.,0.,-1.));
#13004=DIRECTION('center_axis',(0.,0.,-1.));
#13005=DIRECTION('ref_axis',(0.,-1.,0.));
#13006=DIRECTION('',(0.,0.,-1.));
#13007=DIRECTION('center_axis',(0.,0.,-1.));
#13008=DIRECTION('ref_axis',(0.,-1.,0.));
#13009=DIRECTION('',(0.,0.,-1.));
#13010=DIRECTION('center_axis',(0.,0.,-1.));
#13011=DIRECTION('ref_axis',(0.,-1.,0.));
#13012=DIRECTION('',(0.,0.,-1.));
#13013=DIRECTION('center_axis',(0.,0.,-1.));
#13014=DIRECTION('ref_axis',(0.,-1.,0.));
#13015=DIRECTION('',(0.,0.,-1.));
#13016=DIRECTION('center_axis',(0.,0.,-1.));
#13017=DIRECTION('ref_axis',(0.,-1.,0.));
#13018=DIRECTION('',(0.,0.,-1.));
#13019=DIRECTION('center_axis',(0.,0.,-1.));
#13020=DIRECTION('ref_axis',(0.,-1.,0.));
#13021=DIRECTION('',(0.,0.,-1.));
#13022=DIRECTION('center_axis',(0.,0.,-1.));
#13023=DIRECTION('ref_axis',(-1.671865260612E-14,-1.,0.));
#13024=DIRECTION('',(0.,0.,-1.));
#13025=DIRECTION('center_axis',(0.,0.,-1.));
#13026=DIRECTION('ref_axis',(0.,-1.,0.));
#13027=DIRECTION('',(0.,0.,-1.));
#13028=DIRECTION('center_axis',(0.,0.,-1.));
#13029=DIRECTION('ref_axis',(0.,-1.,0.));
#13030=DIRECTION('',(0.,0.,-1.));
#13031=DIRECTION('center_axis',(0.,0.,-1.));
#13032=DIRECTION('ref_axis',(0.,-1.,0.));
#13033=DIRECTION('',(0.,0.,-1.));
#13034=DIRECTION('center_axis',(0.,0.,-1.));
#13035=DIRECTION('ref_axis',(-1.671865260612E-14,-1.,0.));
#13036=DIRECTION('',(0.,0.,-1.));
#13037=DIRECTION('center_axis',(0.,0.,-1.));
#13038=DIRECTION('ref_axis',(-1.671865260612E-14,-1.,0.));
#13039=DIRECTION('',(0.,0.,-1.));
#13040=DIRECTION('center_axis',(0.,0.,-1.));
#13041=DIRECTION('ref_axis',(0.,-1.,0.));
#13042=DIRECTION('',(0.,0.,-1.));
#13043=DIRECTION('center_axis',(0.,0.,-1.));
#13044=DIRECTION('ref_axis',(0.,-1.,0.));
#13045=DIRECTION('',(0.,0.,-1.));
#13046=DIRECTION('center_axis',(0.,0.,-1.));
#13047=DIRECTION('ref_axis',(0.,-1.,0.));
#13048=DIRECTION('',(0.,0.,-1.));
#13049=DIRECTION('center_axis',(0.,0.,-1.));
#13050=DIRECTION('ref_axis',(0.,-1.,0.));
#13051=DIRECTION('',(0.,0.,-1.));
#13052=DIRECTION('center_axis',(0.,0.,-1.));
#13053=DIRECTION('ref_axis',(0.,-1.,0.));
#13054=DIRECTION('',(0.,0.,-1.));
#13055=DIRECTION('center_axis',(0.,0.,-1.));
#13056=DIRECTION('ref_axis',(0.,-1.,0.));
#13057=DIRECTION('',(0.,0.,-1.));
#13058=DIRECTION('center_axis',(0.,0.,-1.));
#13059=DIRECTION('ref_axis',(0.,-1.,0.));
#13060=DIRECTION('',(0.,0.,-1.));
#13061=DIRECTION('center_axis',(0.,0.,-1.));
#13062=DIRECTION('ref_axis',(1.671865260612E-14,-1.,0.));
#13063=DIRECTION('',(0.,0.,-1.));
#13064=DIRECTION('center_axis',(0.,0.,-1.));
#13065=DIRECTION('ref_axis',(0.,-1.,0.));
#13066=DIRECTION('',(0.,0.,-1.));
#13067=DIRECTION('center_axis',(0.,0.,-1.));
#13068=DIRECTION('ref_axis',(0.,-1.,0.));
#13069=DIRECTION('',(0.,0.,-1.));
#13070=DIRECTION('center_axis',(0.,0.,-1.));
#13071=DIRECTION('ref_axis',(0.,-1.,0.));
#13072=DIRECTION('',(0.,0.,-1.));
#13073=DIRECTION('center_axis',(0.,0.,-1.));
#13074=DIRECTION('ref_axis',(0.,-1.,0.));
#13075=DIRECTION('',(0.,0.,-1.));
#13076=DIRECTION('center_axis',(0.,0.,-1.));
#13077=DIRECTION('ref_axis',(0.,-1.,0.));
#13078=DIRECTION('',(0.,0.,-1.));
#13079=DIRECTION('center_axis',(0.,0.,-1.));
#13080=DIRECTION('ref_axis',(0.,-1.,0.));
#13081=DIRECTION('',(0.,0.,-1.));
#13082=DIRECTION('center_axis',(0.,0.,-1.));
#13083=DIRECTION('ref_axis',(0.,-1.,0.));
#13084=DIRECTION('',(0.,0.,-1.));
#13085=DIRECTION('center_axis',(0.,0.,-1.));
#13086=DIRECTION('ref_axis',(0.,-1.,0.));
#13087=DIRECTION('',(0.,0.,-1.));
#13088=DIRECTION('center_axis',(0.,0.,-1.));
#13089=DIRECTION('ref_axis',(0.,-1.,0.));
#13090=DIRECTION('',(0.,0.,-1.));
#13091=DIRECTION('center_axis',(0.,0.,-1.));
#13092=DIRECTION('ref_axis',(0.,-1.,0.));
#13093=DIRECTION('',(0.,0.,-1.));
#13094=DIRECTION('center_axis',(0.,0.,-1.));
#13095=DIRECTION('ref_axis',(0.,-1.,0.));
#13096=DIRECTION('',(0.,0.,-1.));
#13097=DIRECTION('center_axis',(0.,0.,-1.));
#13098=DIRECTION('ref_axis',(-1.671865260612E-14,-1.,0.));
#13099=DIRECTION('',(0.,0.,-1.));
#13100=DIRECTION('center_axis',(0.,0.,-1.));
#13101=DIRECTION('ref_axis',(0.,-1.,0.));
#13102=DIRECTION('',(0.,0.,-1.));
#13103=DIRECTION('center_axis',(0.,0.,-1.));
#13104=DIRECTION('ref_axis',(0.,-1.,0.));
#13105=DIRECTION('',(0.,0.,-1.));
#13106=DIRECTION('center_axis',(0.,0.,-1.));
#13107=DIRECTION('ref_axis',(0.,-1.,0.));
#13108=DIRECTION('',(0.,0.,-1.));
#13109=DIRECTION('center_axis',(0.,0.,-1.));
#13110=DIRECTION('ref_axis',(0.,-1.,0.));
#13111=DIRECTION('',(0.,0.,-1.));
#13112=DIRECTION('center_axis',(0.,0.,-1.));
#13113=DIRECTION('ref_axis',(0.,-1.,0.));
#13114=DIRECTION('',(0.,0.,-1.));
#13115=DIRECTION('center_axis',(0.,0.,-1.));
#13116=DIRECTION('ref_axis',(0.,-1.,0.));
#13117=DIRECTION('',(0.,0.,-1.));
#13118=DIRECTION('center_axis',(0.,0.,-1.));
#13119=DIRECTION('ref_axis',(0.,-1.,0.));
#13120=DIRECTION('',(0.,0.,-1.));
#13121=DIRECTION('center_axis',(0.,0.,-1.));
#13122=DIRECTION('ref_axis',(0.,-1.,0.));
#13123=DIRECTION('',(0.,0.,-1.));
#13124=DIRECTION('center_axis',(0.,0.,-1.));
#13125=DIRECTION('ref_axis',(0.,-1.,0.));
#13126=DIRECTION('',(0.,0.,-1.));
#13127=DIRECTION('center_axis',(0.,0.,-1.));
#13128=DIRECTION('ref_axis',(-1.671865260612E-14,-1.,0.));
#13129=DIRECTION('',(0.,0.,-1.));
#13130=DIRECTION('center_axis',(0.,0.,-1.));
#13131=DIRECTION('ref_axis',(0.,-1.,0.));
#13132=DIRECTION('',(0.,0.,-1.));
#13133=DIRECTION('center_axis',(0.,0.,-1.));
#13134=DIRECTION('ref_axis',(0.,-1.,0.));
#13135=DIRECTION('',(0.,0.,-1.));
#13136=DIRECTION('center_axis',(0.,0.,-1.));
#13137=DIRECTION('ref_axis',(0.,-1.,0.));
#13138=DIRECTION('',(0.,0.,-1.));
#13139=DIRECTION('center_axis',(0.,0.,-1.));
#13140=DIRECTION('ref_axis',(-1.671865260612E-14,-1.,0.));
#13141=DIRECTION('',(0.,0.,-1.));
#13142=DIRECTION('center_axis',(0.,0.,-1.));
#13143=DIRECTION('ref_axis',(0.,-1.,0.));
#13144=DIRECTION('',(0.,0.,-1.));
#13145=DIRECTION('center_axis',(0.,0.,-1.));
#13146=DIRECTION('ref_axis',(-1.671865260612E-14,-1.,0.));
#13147=DIRECTION('',(0.,0.,-1.));
#13148=DIRECTION('center_axis',(0.,0.,-1.));
#13149=DIRECTION('ref_axis',(0.,-1.,0.));
#13150=DIRECTION('',(0.,0.,-1.));
#13151=DIRECTION('center_axis',(0.,0.,-1.));
#13152=DIRECTION('ref_axis',(0.,-1.,0.));
#13153=DIRECTION('',(0.,0.,-1.));
#13154=DIRECTION('center_axis',(0.,0.,-1.));
#13155=DIRECTION('ref_axis',(0.,-1.,0.));
#13156=DIRECTION('',(0.,0.,-1.));
#13157=DIRECTION('center_axis',(0.,0.,-1.));
#13158=DIRECTION('ref_axis',(0.,-1.,0.));
#13159=DIRECTION('',(0.,0.,-1.));
#13160=DIRECTION('center_axis',(0.,0.,-1.));
#13161=DIRECTION('ref_axis',(0.,-1.,0.));
#13162=DIRECTION('',(0.,0.,-1.));
#13163=DIRECTION('center_axis',(0.,0.,-1.));
#13164=DIRECTION('ref_axis',(0.,-1.,0.));
#13165=DIRECTION('',(0.,0.,-1.));
#13166=DIRECTION('center_axis',(0.,0.,-1.));
#13167=DIRECTION('ref_axis',(0.,-1.,0.));
#13168=DIRECTION('',(0.,0.,-1.));
#13169=DIRECTION('center_axis',(0.,0.,-1.));
#13170=DIRECTION('ref_axis',(0.,-1.,0.));
#13171=DIRECTION('',(0.,0.,-1.));
#13172=DIRECTION('center_axis',(0.,0.,-1.));
#13173=DIRECTION('ref_axis',(0.,-1.,0.));
#13174=DIRECTION('',(0.,0.,-1.));
#13175=DIRECTION('center_axis',(0.,0.,-1.));
#13176=DIRECTION('ref_axis',(0.,-1.,0.));
#13177=DIRECTION('',(0.,0.,-1.));
#13178=DIRECTION('center_axis',(0.,0.,-1.));
#13179=DIRECTION('ref_axis',(0.,-1.,0.));
#13180=DIRECTION('',(0.,0.,-1.));
#13181=DIRECTION('center_axis',(0.,0.,-1.));
#13182=DIRECTION('ref_axis',(0.,-1.,0.));
#13183=DIRECTION('',(0.,0.,-1.));
#13184=DIRECTION('center_axis',(0.,0.,-1.));
#13185=DIRECTION('ref_axis',(-1.671865260612E-14,-1.,0.));
#13186=DIRECTION('',(0.,0.,-1.));
#13187=DIRECTION('center_axis',(0.,0.,-1.));
#13188=DIRECTION('ref_axis',(0.,-1.,0.));
#13189=DIRECTION('',(0.,0.,-1.));
#13190=DIRECTION('center_axis',(0.,0.,-1.));
#13191=DIRECTION('ref_axis',(0.,-1.,0.));
#13192=DIRECTION('',(0.,0.,-1.));
#13193=DIRECTION('center_axis',(0.,0.,-1.));
#13194=DIRECTION('ref_axis',(0.,-1.,0.));
#13195=DIRECTION('',(0.,0.,-1.));
#13196=DIRECTION('center_axis',(0.,0.,-1.));
#13197=DIRECTION('ref_axis',(0.,-1.,0.));
#13198=DIRECTION('',(0.,0.,-1.));
#13199=DIRECTION('center_axis',(0.,0.,-1.));
#13200=DIRECTION('ref_axis',(0.,-1.,0.));
#13201=DIRECTION('',(0.,0.,-1.));
#13202=DIRECTION('center_axis',(0.,0.,-1.));
#13203=DIRECTION('ref_axis',(0.,-1.,0.));
#13204=DIRECTION('',(0.,0.,-1.));
#13205=DIRECTION('center_axis',(0.,0.,-1.));
#13206=DIRECTION('ref_axis',(0.,-1.,0.));
#13207=DIRECTION('',(0.,0.,-1.));
#13208=DIRECTION('center_axis',(0.,0.,-1.));
#13209=DIRECTION('ref_axis',(0.,-1.,0.));
#13210=DIRECTION('',(0.,0.,-1.));
#13211=DIRECTION('center_axis',(0.,0.,-1.));
#13212=DIRECTION('ref_axis',(0.,-1.,0.));
#13213=DIRECTION('',(0.,0.,-1.));
#13214=DIRECTION('center_axis',(0.,0.,-1.));
#13215=DIRECTION('ref_axis',(0.,-1.,0.));
#13216=DIRECTION('',(0.,0.,-1.));
#13217=DIRECTION('center_axis',(0.,0.,-1.));
#13218=DIRECTION('ref_axis',(0.,-1.,0.));
#13219=DIRECTION('',(0.,0.,-1.));
#13220=DIRECTION('center_axis',(0.,0.,-1.));
#13221=DIRECTION('ref_axis',(0.,-1.,0.));
#13222=DIRECTION('',(0.,0.,-1.));
#13223=DIRECTION('center_axis',(0.,0.,-1.));
#13224=DIRECTION('ref_axis',(0.,-1.,0.));
#13225=DIRECTION('',(0.,0.,-1.));
#13226=DIRECTION('center_axis',(0.,0.,-1.));
#13227=DIRECTION('ref_axis',(0.,-1.,0.));
#13228=DIRECTION('',(0.,0.,-1.));
#13229=DIRECTION('center_axis',(0.,0.,-1.));
#13230=DIRECTION('ref_axis',(0.,-1.,0.));
#13231=DIRECTION('',(0.,0.,-1.));
#13232=DIRECTION('center_axis',(0.,0.,-1.));
#13233=DIRECTION('ref_axis',(0.,-1.,0.));
#13234=DIRECTION('',(0.,0.,-1.));
#13235=DIRECTION('center_axis',(0.,0.,-1.));
#13236=DIRECTION('ref_axis',(0.,-1.,0.));
#13237=DIRECTION('',(0.,0.,-1.));
#13238=DIRECTION('center_axis',(0.,0.,-1.));
#13239=DIRECTION('ref_axis',(0.,-1.,0.));
#13240=DIRECTION('',(0.,0.,-1.));
#13241=DIRECTION('center_axis',(0.,0.,-1.));
#13242=DIRECTION('ref_axis',(0.,-1.,0.));
#13243=DIRECTION('',(0.,0.,-1.));
#13244=DIRECTION('center_axis',(0.,0.,-1.));
#13245=DIRECTION('ref_axis',(0.,-1.,0.));
#13246=DIRECTION('',(0.,0.,-1.));
#13247=DIRECTION('center_axis',(0.,0.,-1.));
#13248=DIRECTION('ref_axis',(0.,-1.,0.));
#13249=DIRECTION('',(0.,0.,-1.));
#13250=DIRECTION('axis',(0.,0.,1.));
#13251=DIRECTION('refdir',(1.,0.,0.));
#13252=DIRECTION('axis',(0.,0.,1.));
#13253=DIRECTION('refdir',(1.,0.,0.));
#13254=DIRECTION('axis',(0.,0.,1.));
#13255=DIRECTION('refdir',(1.,0.,0.));
#13256=DIRECTION('axis',(0.,0.,1.));
#13257=DIRECTION('refdir',(1.,0.,0.));
#13258=DIRECTION('axis',(0.,0.,1.));
#13259=DIRECTION('refdir',(1.,0.,0.));
#13260=DIRECTION('axis',(0.,0.,1.));
#13261=DIRECTION('refdir',(1.,0.,0.));
#13262=DIRECTION('axis',(0.,0.,1.));
#13263=DIRECTION('refdir',(1.,0.,0.));
#13264=DIRECTION('axis',(0.,0.,1.));
#13265=DIRECTION('refdir',(1.,0.,0.));
#13266=DIRECTION('axis',(0.,0.,1.));
#13267=DIRECTION('refdir',(1.,0.,0.));
#13268=DIRECTION('axis',(0.,0.,1.));
#13269=DIRECTION('refdir',(1.,0.,0.));
#13270=DIRECTION('axis',(0.,0.,1.));
#13271=DIRECTION('refdir',(1.,0.,0.));
#13272=DIRECTION('axis',(0.,0.,1.));
#13273=DIRECTION('refdir',(1.,0.,0.));
#13274=DIRECTION('axis',(0.,0.,1.));
#13275=DIRECTION('refdir',(1.,0.,0.));
#13276=DIRECTION('axis',(0.,0.,1.));
#13277=DIRECTION('refdir',(1.,0.,0.));
#13278=DIRECTION('axis',(0.,0.,1.));
#13279=DIRECTION('refdir',(1.,0.,0.));
#13280=DIRECTION('axis',(0.,0.,1.));
#13281=DIRECTION('refdir',(1.,0.,0.));
#13282=DIRECTION('axis',(0.,0.,1.));
#13283=DIRECTION('refdir',(1.,0.,0.));
#13284=DIRECTION('axis',(0.,0.,1.));
#13285=DIRECTION('refdir',(1.,0.,0.));
#13286=DIRECTION('axis',(0.,0.,1.));
#13287=DIRECTION('refdir',(1.,0.,0.));
#13288=DIRECTION('axis',(0.,0.,1.));
#13289=DIRECTION('refdir',(1.,0.,0.));
#13290=DIRECTION('axis',(0.,0.,1.));
#13291=DIRECTION('refdir',(1.,0.,0.));
#13292=DIRECTION('axis',(0.,0.,1.));
#13293=DIRECTION('refdir',(1.,0.,0.));
#13294=DIRECTION('axis',(0.,0.,1.));
#13295=DIRECTION('refdir',(1.,0.,0.));
#13296=DIRECTION('center_axis',(0.,2.2E-16,1.));
#13297=DIRECTION('ref_axis',(1.,0.,0.));
#13298=DIRECTION('center_axis',(0.,2.2E-16,1.));
#13299=DIRECTION('ref_axis',(1.,0.,0.));
#13300=DIRECTION('center_axis',(0.,2.2E-16,1.));
#13301=DIRECTION('ref_axis',(1.,0.,0.));
#13302=DIRECTION('',(0.,-2.2E-16,-1.));
#13303=DIRECTION('center_axis',(0.,2.2E-16,1.));
#13304=DIRECTION('ref_axis',(1.,0.,0.));
#13305=DIRECTION('center_axis',(0.,1.,-2.2E-16));
#13306=DIRECTION('ref_axis',(1.,0.,0.));
#13307=DIRECTION('center_axis',(-1.,0.,-1.8E-16));
#13308=DIRECTION('ref_axis',(-1.8E-16,2.2E-16,1.));
#13309=DIRECTION('center_axis',(-1.,0.,-1.8E-16));
#13310=DIRECTION('ref_axis',(-1.8E-16,2.2E-16,1.));
#13311=DIRECTION('center_axis',(0.,-1.,2.2E-16));
#13312=DIRECTION('ref_axis',(1.,0.,-2.69422295812418E-32));
#13313=DIRECTION('center_axis',(1.,0.,0.));
#13314=DIRECTION('ref_axis',(0.,-2.2E-16,-1.));
#13315=DIRECTION('center_axis',(1.,0.,0.));
#13316=DIRECTION('ref_axis',(0.,-2.2E-16,-1.));
#13317=DIRECTION('center_axis',(1.,0.,0.));
#13318=DIRECTION('ref_axis',(0.,-2.2E-16,-1.));
#13319=DIRECTION('',(-1.,0.,0.));
#13320=DIRECTION('center_axis',(0.,1.,-2.2E-16));
#13321=DIRECTION('ref_axis',(1.,0.,0.));
#13322=DIRECTION('center_axis',(-2.4E-16,2.2E-16,1.));
#13323=DIRECTION('ref_axis',(1.,0.,2.4E-16));
#13324=DIRECTION('center_axis',(-2.4E-16,2.2E-16,1.));
#13325=DIRECTION('ref_axis',(1.,0.,2.4E-16));
#13326=DIRECTION('center_axis',(0.,-1.,2.2E-16));
#13327=DIRECTION('ref_axis',(1.,0.,-2.69422295812418E-32));
#13328=DIRECTION('center_axis',(0.,-2.2E-16,-1.));
#13329=DIRECTION('ref_axis',(-1.,0.,0.));
#13330=DIRECTION('center_axis',(0.,-2.2E-16,-1.));
#13331=DIRECTION('ref_axis',(-1.,0.,0.));
#13332=DIRECTION('',(0.,2.2E-16,1.));
#13333=DIRECTION('center_axis',(0.,0.,-1.));
#13334=DIRECTION('ref_axis',(-1.,0.,0.));
#13335=DIRECTION('center_axis',(0.,0.,1.));
#13336=DIRECTION('ref_axis',(1.,0.,0.));
#13337=DIRECTION('center_axis',(1.,0.,0.));
#13338=DIRECTION('ref_axis',(0.,9.92044604925E-16,1.));
#13339=DIRECTION('center_axis',(1.,0.,0.));
#13340=DIRECTION('ref_axis',(0.,9.92044604925E-16,1.));
#13341=DIRECTION('',(-1.,0.,0.));
#13342=DIRECTION('center_axis',(1.,0.,0.));
#13343=DIRECTION('ref_axis',(0.,9.92044604925E-16,1.));
#13344=DIRECTION('center_axis',(1.,0.,0.));
#13345=DIRECTION('ref_axis',(0.,1.002044604925E-15,1.));
#13346=DIRECTION('center_axis',(1.,0.,0.));
#13347=DIRECTION('ref_axis',(0.,1.002044604925E-15,1.));
#13348=DIRECTION('center_axis',(1.,0.,0.));
#13349=DIRECTION('ref_axis',(0.,9.92044604925E-16,1.));
#13350=DIRECTION('center_axis',(1.,0.,0.));
#13351=DIRECTION('ref_axis',(0.,1.002044604925E-15,1.));
#13352=DIRECTION('center_axis',(1.,0.,0.));
#13353=DIRECTION('ref_axis',(0.,1.002044604925E-15,1.));
#13354=DIRECTION('',(-1.,0.,0.));
#13355=DIRECTION('center_axis',(1.,0.,0.));
#13356=DIRECTION('ref_axis',(0.,1.002044604925E-15,1.));
#13357=DIRECTION('center_axis',(1.,0.,0.));
#13358=DIRECTION('ref_axis',(0.,1.002044604925E-15,1.));
#13359=DIRECTION('center_axis',(1.,0.,0.));
#13360=DIRECTION('ref_axis',(0.,1.002044604925E-15,1.));
#13361=DIRECTION('',(-1.,0.,0.));
#13362=DIRECTION('center_axis',(-1.,0.,0.));
#13363=DIRECTION('ref_axis',(0.,1.002044604925E-15,1.));
#13364=DIRECTION('center_axis',(1.,0.,0.));
#13365=DIRECTION('ref_axis',(0.,1.002044604925E-15,1.));
#13366=DIRECTION('center_axis',(0.,-1.,1.12450928483974E-15));
#13367=DIRECTION('ref_axis',(0.,-1.12450928483974E-15,-1.));
#13368=DIRECTION('center_axis',(-1.,0.,0.));
#13369=DIRECTION('ref_axis',(0.,1.002044604925E-15,1.));
#13370=DIRECTION('center_axis',(0.,-1.,1.12450928483974E-15));
#13371=DIRECTION('ref_axis',(0.,-1.12450928483974E-15,-1.));
#13372=DIRECTION('center_axis',(1.,0.,0.));
#13373=DIRECTION('ref_axis',(0.,1.002044604925E-15,1.));
#13374=DIRECTION('center_axis',(1.,0.,0.));
#13375=DIRECTION('ref_axis',(0.,1.002044604925E-15,1.));
#13376=DIRECTION('center_axis',(1.,0.,0.));
#13377=DIRECTION('ref_axis',(0.,1.002044604925E-15,1.));
#13378=DIRECTION('',(-4.37905770101505E-47,0.,1.));
#13379=DIRECTION('',(1.,0.,0.));
#13380=DIRECTION('',(-4.37905770101505E-47,0.,1.));
#13381=DIRECTION('',(1.,0.,0.));
#13382=DIRECTION('',(-4.37905770101505E-47,0.,1.));
#13383=DIRECTION('',(1.,0.,0.));
#13384=DIRECTION('',(-4.37905770101505E-47,0.,1.));
#13385=DIRECTION('',(1.,0.,0.));
#13386=DIRECTION('',(-4.37905770101505E-47,0.,1.));
#13387=DIRECTION('',(1.,0.,0.));
#13388=DIRECTION('',(-4.37905770101505E-47,0.,1.));
#13389=DIRECTION('',(1.,0.,0.));
#13390=DIRECTION('',(-4.37905770101505E-47,0.,1.));
#13391=DIRECTION('',(1.,0.,0.));
#13392=DIRECTION('',(-4.37905770101505E-47,0.,1.));
#13393=DIRECTION('',(1.,0.,0.));
#13394=DIRECTION('',(-4.37905770101505E-47,0.,1.));
#13395=DIRECTION('',(1.,0.,0.));
#13396=DIRECTION('axis',(0.,0.,1.));
#13397=DIRECTION('refdir',(1.,0.,0.));
#13398=DIRECTION('axis',(0.,0.,1.));
#13399=DIRECTION('refdir',(1.,0.,0.));
#13400=DIRECTION('axis',(0.,0.,1.));
#13401=DIRECTION('refdir',(1.,0.,0.));
#13402=DIRECTION('axis',(0.,0.,1.));
#13403=DIRECTION('refdir',(1.,0.,0.));
#13404=DIRECTION('axis',(0.,0.,1.));
#13405=DIRECTION('refdir',(1.,0.,0.));
#13406=DIRECTION('center_axis',(0.,1.,0.));
#13407=DIRECTION('ref_axis',(1.,0.,0.));
#13408=DIRECTION('',(-1.,0.,0.));
#13409=DIRECTION('',(0.,0.,-1.));
#13410=DIRECTION('',(1.,0.,0.));
#13411=DIRECTION('',(0.,0.,1.));
#13412=DIRECTION('center_axis',(0.,-1.,0.));
#13413=DIRECTION('ref_axis',(-1.,0.,0.));
#13414=DIRECTION('',(1.,0.,0.));
#13415=DIRECTION('',(0.,0.,-1.));
#13416=DIRECTION('',(-1.,0.,0.));
#13417=DIRECTION('',(0.,0.,-1.));
#13418=DIRECTION('center_axis',(0.,1.,0.));
#13419=DIRECTION('ref_axis',(1.,0.,0.));
#13420=DIRECTION('',(-1.,0.,0.));
#13421=DIRECTION('',(0.,0.,-1.));
#13422=DIRECTION('',(1.,0.,0.));
#13423=DIRECTION('',(0.,0.,-1.));
#13424=DIRECTION('center_axis',(0.,-1.,0.));
#13425=DIRECTION('ref_axis',(-1.,0.,0.));
#13426=DIRECTION('',(1.,0.,0.));
#13427=DIRECTION('',(0.,0.,-1.));
#13428=DIRECTION('',(-1.,0.,0.));
#13429=DIRECTION('',(0.,0.,1.));
#13430=DIRECTION('center_axis',(-1.,-3.172065784643E-16,0.));
#13431=DIRECTION('ref_axis',(3.172065784643E-16,-1.,0.));
#13432=DIRECTION('',(3.172065784643E-16,-1.,0.));
#13433=DIRECTION('',(0.,0.,1.));
#13434=DIRECTION('',(3.172065784643E-16,-1.,-1.561632386286E-15));
#13435=DIRECTION('',(0.,0.,1.));
#13436=DIRECTION('',(3.172065784643E-16,-1.,0.));
#13437=DIRECTION('',(0.,-1.,0.));
#13438=DIRECTION('center_axis',(-1.,0.,0.));
#13439=DIRECTION('ref_axis',(0.,-1.,0.));
#13440=DIRECTION('',(0.,-1.,0.));
#13441=DIRECTION('',(0.,0.,1.));
#13442=DIRECTION('',(0.,1.,0.));
#13443=DIRECTION('center_axis',(-1.,0.,0.));
#13444=DIRECTION('ref_axis',(0.,-1.,0.));
#13445=DIRECTION('',(0.,1.,0.));
#13446=DIRECTION('',(0.,0.,1.));
#13447=DIRECTION('',(0.,-1.,0.));
#13448=DIRECTION('center_axis',(1.,0.,0.));
#13449=DIRECTION('ref_axis',(0.,1.,0.));
#13450=DIRECTION('',(0.,1.,0.));
#13451=DIRECTION('',(0.,0.,1.));
#13452=DIRECTION('',(0.,-1.,0.));
#13453=DIRECTION('center_axis',(1.,0.,0.));
#13454=DIRECTION('ref_axis',(0.,1.,0.));
#13455=DIRECTION('',(0.,-1.,0.));
#13456=DIRECTION('',(0.,0.,1.));
#13457=DIRECTION('',(0.,1.,0.));
#13458=DIRECTION('center_axis',(0.,0.,1.));
#13459=DIRECTION('ref_axis',(1.,0.,0.));
#13460=DIRECTION('',(1.,0.,0.));
#13461=DIRECTION('',(-1.586032892322E-16,1.,0.));
#13462=DIRECTION('',(-1.,0.,0.));
#13463=DIRECTION('center_axis',(0.,0.,1.));
#13464=DIRECTION('ref_axis',(1.,0.,0.));
#13465=DIRECTION('',(1.,0.,0.));
#13466=DIRECTION('',(-1.586032892322E-16,1.,0.));
#13467=DIRECTION('',(-1.,-1.586032892322E-16,0.));
#13468=DIRECTION('center_axis',(1.,1.586032892322E-16,0.));
#13469=DIRECTION('ref_axis',(-1.586032892322E-16,1.,0.));
#13470=DIRECTION('',(0.,0.,1.));
#13471=DIRECTION('',(-1.586032892322E-16,1.,-7.80816193143E-16));
#13472=DIRECTION('',(0.,0.,1.));
#13473=DIRECTION('',(0.,1.,0.));
#13474=DIRECTION('center_axis',(-0.894427190999916,0.,0.447213595499958));
#13475=DIRECTION('ref_axis',(0.447213595499958,0.,0.894427190999916));
#13476=DIRECTION('',(0.447213595499958,0.,0.894427190999916));
#13477=DIRECTION('',(0.,1.,0.));
#13478=DIRECTION('',(-0.447213595499958,0.,-0.894427190999916));
#13479=DIRECTION('',(0.,-1.,0.));
#13480=DIRECTION('center_axis',(0.,-1.,0.));
#13481=DIRECTION('ref_axis',(-1.,0.,0.));
#13482=DIRECTION('',(-1.,0.,0.));
#13483=DIRECTION('',(0.,0.,-1.));
#13484=DIRECTION('',(-1.,0.,0.));
#13485=DIRECTION('',(0.,0.,-1.));
#13486=DIRECTION('center_axis',(0.,0.,1.));
#13487=DIRECTION('ref_axis',(1.,0.,0.));
#13488=DIRECTION('',(1.,0.,0.));
#13489=DIRECTION('',(0.,-1.,0.));
#13490=DIRECTION('',(1.,0.,0.));
#13491=DIRECTION('center_axis',(0.,0.,-1.));
#13492=DIRECTION('ref_axis',(0.8,0.6,0.));
#13493=DIRECTION('',(1.,0.,0.));
#13494=DIRECTION('',(5.843279076974E-16,1.,0.));
#13495=DIRECTION('',(1.,0.,0.));
#13496=DIRECTION('',(0.,-1.,0.));
#13497=DIRECTION('',(-1.,0.,0.));
#13498=DIRECTION('',(0.,1.,0.));
#13499=DIRECTION('',(1.,0.,0.));
#13500=DIRECTION('',(-5.843279076974E-16,-1.,0.));
#13501=DIRECTION('',(0.,-1.,0.));
#13502=DIRECTION('',(-1.,0.,0.));
#13503=DIRECTION('',(0.,1.,0.));
#13504=DIRECTION('',(1.,0.,0.));
#13505=DIRECTION('center_axis',(0.894427190999916,0.,0.447213595499958));
#13506=DIRECTION('ref_axis',(0.447213595499958,0.,-0.894427190999916));
#13507=DIRECTION('',(-0.447213595499958,0.,0.894427190999916));
#13508=DIRECTION('',(0.447213595499958,0.,-0.894427190999916));
#13509=DIRECTION('',(0.,1.,0.));
#13510=DIRECTION('center_axis',(0.,1.,0.));
#13511=DIRECTION('ref_axis',(1.,0.,0.));
#13512=DIRECTION('',(0.,0.,-1.));
#13513=DIRECTION('',(1.,0.,0.));
#13514=DIRECTION('',(0.,0.,-1.));
#13515=DIRECTION('center_axis',(-1.,0.,0.));
#13516=DIRECTION('ref_axis',(0.,0.602712451703266,0.797958457917352));
#13517=DIRECTION('center_axis',(1.,-5.843279076974E-16,0.));
#13518=DIRECTION('ref_axis',(3.5218170584694E-16,0.602712451703266,0.797958457917352));
#13519=DIRECTION('center_axis',(-1.,-8.180590707764E-15,0.));
#13520=DIRECTION('ref_axis',(-4.9305438818574E-15,0.602712451703266,0.797958457917352));
#13521=DIRECTION('',(-1.,0.,0.));
#13522=DIRECTION('center_axis',(-1.,5.843279076974E-16,0.));
#13523=DIRECTION('ref_axis',(-5.843279076974E-16,-1.,0.));
#13524=DIRECTION('',(1.59799308945655E-16,0.273475401124094,-0.96187899705733));
#13525=DIRECTION('',(5.843279076974E-16,1.,0.));
#13526=DIRECTION('',(0.,0.,1.));
#13527=DIRECTION('',(0.,-1.,0.));
#13528=DIRECTION('center_axis',(0.,-0.96187899705733,-0.273475401124094));
#13529=DIRECTION('ref_axis',(0.,-0.273475401124094,0.96187899705733));
#13530=DIRECTION('',(2.23719032523877E-15,-0.273475401124094,0.96187899705733));
#13531=DIRECTION('',(1.,0.,0.));
#13532=DIRECTION('center_axis',(1.,0.,0.));
#13533=DIRECTION('ref_axis',(0.,-1.,0.));
#13534=DIRECTION('',(0.,0.,-1.));
#13535=DIRECTION('',(0.,-1.,0.));
#13536=DIRECTION('',(0.,0.,-1.));
#13537=DIRECTION('center_axis',(0.,1.,0.));
#13538=DIRECTION('ref_axis',(1.,0.,0.));
#13539=DIRECTION('',(0.,0.,-1.));
#13540=DIRECTION('',(1.,0.,0.));
#13541=DIRECTION('center_axis',(-1.,0.,0.));
#13542=DIRECTION('ref_axis',(0.,1.,0.));
#13543=DIRECTION('',(0.,0.,-1.));
#13544=DIRECTION('',(0.,1.,0.));
#13545=DIRECTION('center_axis',(0.,-1.,0.));
#13546=DIRECTION('ref_axis',(-1.,0.,0.));
#13547=DIRECTION('',(-1.,0.,0.));
#13548=DIRECTION('center_axis',(0.,0.,-1.));
#13549=DIRECTION('ref_axis',(-1.,0.,0.));
#13550=DIRECTION('center_axis',(0.,0.813194439676095,-0.581992098984068));
#13551=DIRECTION('ref_axis',(0.,-0.581992098984068,-0.813194439676095));
#13552=DIRECTION('',(0.,0.581992098984068,0.813194439676095));
#13553=DIRECTION('',(1.,0.,0.));
#13554=DIRECTION('center_axis',(0.,0.813194439676095,-0.581992098984068));
#13555=DIRECTION('ref_axis',(0.,-0.581992098984068,-0.813194439676095));
#13556=DIRECTION('',(-1.,-1.00929365875E-15,-1.410245934144E-15));
#13557=DIRECTION('',(0.,0.581992098984068,0.813194439676095));
#13558=DIRECTION('',(-1.,-2.265761274745E-16,0.));
#13559=DIRECTION('',(-3.4007422549574E-16,-0.581992098984068,-0.813194439676095));
#13560=DIRECTION('',(-1.,0.,0.));
#13561=DIRECTION('center_axis',(1.97215226305323E-31,0.813194439676095,
-0.581992098984068));
#13562=DIRECTION('ref_axis',(-2.15380342814025E-15,-0.581992098984068,-0.813194439676095));
#13563=DIRECTION('',(1.,0.,0.));
#13564=DIRECTION('',(-3.4007422549574E-16,-0.581992098984068,-0.813194439676095));
#13565=DIRECTION('center_axis',(0.,-0.813194439676095,0.581992098984068));
#13566=DIRECTION('ref_axis',(-4.61529306029954E-17,0.581992098984068,0.813194439676095));
#13567=DIRECTION('',(-1.,0.,0.));
#13568=DIRECTION('',(0.,0.581992098984068,0.813194439676095));
#13569=DIRECTION('',(1.,0.,0.));
#13570=DIRECTION('',(0.,-0.581992098984068,-0.813194439676095));
#13571=DIRECTION('',(-1.,0.,0.));
#13572=DIRECTION('center_axis',(0.,-0.813194439676095,0.581992098984068));
#13573=DIRECTION('ref_axis',(-4.61529306029954E-17,0.581992098984068,0.813194439676095));
#13574=DIRECTION('center_axis',(1.,8.180590707764E-15,0.));
#13575=DIRECTION('ref_axis',(-8.180590707764E-15,1.,0.));
#13576=DIRECTION('',(0.,0.,-1.));
#13577=DIRECTION('',(0.,1.,0.));
#13578=DIRECTION('',(0.,0.,1.));
#13579=DIRECTION('',(8.180590707764E-15,-1.,0.));
#13580=DIRECTION('center_axis',(0.,0.,-1.));
#13581=DIRECTION('ref_axis',(-1.,0.,0.));
#13582=DIRECTION('',(0.,-1.,0.));
#13583=DIRECTION('',(1.,0.,0.));
#13584=DIRECTION('',(0.,1.,0.));
#13585=DIRECTION('center_axis',(0.,0.,-1.));
#13586=DIRECTION('ref_axis',(-1.,0.,0.));
#13587=DIRECTION('center_axis',(-1.,0.,0.));
#13588=DIRECTION('ref_axis',(0.,-1.,0.));
#13589=DIRECTION('',(0.,0.,1.));
#13590=DIRECTION('',(0.,1.,0.));
#13591=DIRECTION('center_axis',(-1.,0.,0.));
#13592=DIRECTION('ref_axis',(0.,-1.,0.));
#13593=DIRECTION('',(0.,0.,-1.));
#13594=DIRECTION('center_axis',(0.,0.,1.));
#13595=DIRECTION('ref_axis',(1.,0.,0.));
#13596=DIRECTION('',(1.,0.,0.));
#13597=DIRECTION('',(-1.,0.,0.));
#13598=DIRECTION('',(1.,1.00929365875E-15,0.));
#13599=DIRECTION('center_axis',(0.,0.,-1.));
#13600=DIRECTION('ref_axis',(1.,-4.93432455389E-15,0.));
#13601=DIRECTION('',(0.,-1.,0.));
#13602=DIRECTION('center_axis',(0.,0.,-1.));
#13603=DIRECTION('ref_axis',(-3.700743415417E-15,-1.,0.));
#13604=DIRECTION('',(-1.,0.,0.));
#13605=DIRECTION('',(-5.843279076974E-16,-1.,0.));
#13606=DIRECTION('',(-1.,-1.00929365875E-15,0.));
#13607=DIRECTION('center_axis',(0.,0.,-1.));
#13608=DIRECTION('ref_axis',(-1.,0.,0.));
#13609=DIRECTION('',(0.,1.,0.));
#13610=DIRECTION('center_axis',(0.,0.,-1.));
#13611=DIRECTION('ref_axis',(4.93432455389E-15,1.,0.));
#13612=DIRECTION('',(1.,-3.02788097625E-15,0.));
#13613=DIRECTION('center_axis',(0.,1.,0.));
#13614=DIRECTION('ref_axis',(1.,0.,0.));
#13615=DIRECTION('',(0.,0.,-1.));
#13616=DIRECTION('',(1.,0.,0.));
#13617=DIRECTION('',(0.,0.,-1.));
#13618=DIRECTION('center_axis',(-1.,0.,0.));
#13619=DIRECTION('ref_axis',(0.,1.,0.));
#13620=DIRECTION('',(0.,1.,0.));
#13621=DIRECTION('',(0.,0.,-1.));
#13622=DIRECTION('',(0.,-1.,0.));
#13623=DIRECTION('',(0.,0.,-1.));
#13624=DIRECTION('',(0.,1.,0.));
#13625=DIRECTION('center_axis',(0.,0.,1.));
#13626=DIRECTION('ref_axis',(1.,0.,0.));
#13627=DIRECTION('',(0.,-1.,0.));
#13628=DIRECTION('',(-1.,0.,0.));
#13629=DIRECTION('center_axis',(1.,0.,0.));
#13630=DIRECTION('ref_axis',(0.,-1.,0.));
#13631=DIRECTION('',(0.,0.,-1.));
#13632=DIRECTION('',(0.,-1.,0.));
#13633=DIRECTION('',(0.,0.,-1.));
#13634=DIRECTION('',(0.,1.,0.));
#13635=DIRECTION('',(0.,0.,-1.));
#13636=DIRECTION('center_axis',(0.,1.,0.));
#13637=DIRECTION('ref_axis',(1.,0.,0.));
#13638=DIRECTION('',(0.,0.,-1.));
#13639=DIRECTION('',(1.,0.,0.));
#13640=DIRECTION('center_axis',(1.,-5.843279076974E-16,0.));
#13641=DIRECTION('ref_axis',(5.843279076974E-16,1.,0.));
#13642=DIRECTION('',(0.,1.,0.));
#13643=DIRECTION('center_axis',(0.,0.,-1.));
#13644=DIRECTION('ref_axis',(0.8,0.6,0.));
#13645=DIRECTION('center_axis',(0.,0.,-1.));
#13646=DIRECTION('ref_axis',(0.8,0.6,0.));
#13647=DIRECTION('center_axis',(0.,-1.,0.));
#13648=DIRECTION('ref_axis',(-1.,0.,0.));
#13649=DIRECTION('',(1.,0.,0.));
#13650=DIRECTION('center_axis',(0.,1.,0.));
#13651=DIRECTION('ref_axis',(1.,0.,0.));
#13652=DIRECTION('',(-1.,0.,0.));
#13653=DIRECTION('',(1.,0.,0.));
#13654=DIRECTION('center_axis',(0.,0.,1.));
#13655=DIRECTION('ref_axis',(1.,0.,0.));
#13656=DIRECTION('center_axis',(0.,1.,0.));
#13657=DIRECTION('ref_axis',(1.,0.,0.));
#13658=DIRECTION('',(0.,0.,1.));
#13659=DIRECTION('center_axis',(0.,-1.,0.));
#13660=DIRECTION('ref_axis',(-1.,0.,0.));
#13661=DIRECTION('',(0.,0.,1.));
#13662=DIRECTION('',(-1.,0.,0.));
#13663=DIRECTION('center_axis',(0.,0.,-1.));
#13664=DIRECTION('ref_axis',(-1.,0.,0.));
#13665=DIRECTION('center_axis',(0.,0.,-1.));
#13666=DIRECTION('ref_axis',(1.,-4.93432455389E-15,0.));
#13667=DIRECTION('',(1.,1.00929365875E-15,0.));
#13668=DIRECTION('',(0.,-1.,0.));
#13669=DIRECTION('center_axis',(0.,0.,-1.));
#13670=DIRECTION('ref_axis',(-1.,0.,0.));
#13671=DIRECTION('center_axis',(0.,0.,-1.));
#13672=DIRECTION('ref_axis',(4.93432455389E-15,1.,0.));
#13673=DIRECTION('',(0.,1.,0.));
#13674=DIRECTION('',(1.,-3.02788097625E-15,0.));
#13675=DIRECTION('center_axis',(0.,0.,-1.));
#13676=DIRECTION('ref_axis',(-1.,0.,0.));
#13677=DIRECTION('center_axis',(0.,0.,-1.));
#13678=DIRECTION('ref_axis',(-3.700743415417E-15,-1.,0.));
#13679=DIRECTION('',(0.,-1.,0.));
#13680=DIRECTION('center_axis',(-1.,0.,0.));
#13681=DIRECTION('ref_axis',(0.,-1.,0.));
#13682=DIRECTION('',(0.,0.,1.));
#13683=DIRECTION('',(0.,0.,1.));
#13684=DIRECTION('center_axis',(0.,0.,1.));
#13685=DIRECTION('ref_axis',(4.93432455389E-15,1.,0.));
#13686=DIRECTION('',(0.,0.,1.));
#13687=DIRECTION('center_axis',(3.02788097625E-15,1.,0.));
#13688=DIRECTION('ref_axis',(-1.,3.02788097625E-15,0.));
#13689=DIRECTION('center_axis',(1.,0.,0.));
#13690=DIRECTION('ref_axis',(0.,1.,0.));
#13691=DIRECTION('',(0.,0.,1.));
#13692=DIRECTION('',(0.,0.,1.));
#13693=DIRECTION('center_axis',(0.,0.,1.));
#13694=DIRECTION('ref_axis',(-3.700743415417E-15,-1.,0.));
#13695=DIRECTION('',(0.,0.,1.));
#13696=DIRECTION('center_axis',(0.,-1.,0.));
#13697=DIRECTION('ref_axis',(1.,0.,0.));
#13698=DIRECTION('',(0.,0.,1.));
#13699=DIRECTION('center_axis',(-1.00929365875E-15,1.,0.));
#13700=DIRECTION('ref_axis',(-1.,-1.00929365875E-15,0.));
#13701=DIRECTION('',(0.,0.,1.));
#13702=DIRECTION('center_axis',(0.,0.,1.));
#13703=DIRECTION('ref_axis',(1.,-4.93432455389E-15,0.));
#13704=DIRECTION('center_axis',(1.,-5.843279076974E-16,0.));
#13705=DIRECTION('ref_axis',(5.843279076974E-16,1.,0.));
#13706=DIRECTION('center_axis',(1.00929365875E-15,-1.,0.));
#13707=DIRECTION('ref_axis',(1.,1.00929365875E-15,0.));
#13708=DIRECTION('',(0.,0.,1.));
#13709=DIRECTION('center_axis',(0.,0.,1.));
#13710=DIRECTION('ref_axis',(-1.,0.,0.));
#13711=DIRECTION('center_axis',(1.,1.02798428206E-15,0.));
#13712=DIRECTION('ref_axis',(-1.02798428206E-15,1.,0.));
#13713=DIRECTION('',(0.,0.,-1.));
#13714=DIRECTION('',(-1.02798428206E-15,1.,0.));
#13715=DIRECTION('',(0.,0.,1.));
#13716=DIRECTION('',(-1.02798428206E-15,1.,0.));
#13717=DIRECTION('center_axis',(-1.,-2.055968564121E-15,0.));
#13718=DIRECTION('ref_axis',(2.055968564121E-15,-1.,0.));
#13719=DIRECTION('',(2.055968564121E-15,-1.,0.));
#13720=DIRECTION('',(0.,0.,1.));
#13721=DIRECTION('',(2.055968564121E-15,-1.,0.));
#13722=DIRECTION('',(0.,0.,1.));
#13723=DIRECTION('center_axis',(0.,0.,1.));
#13724=DIRECTION('ref_axis',(-1.,0.,0.));
#13725=DIRECTION('center_axis',(0.,0.,1.));
#13726=DIRECTION('ref_axis',(-1.,0.,0.));
#13727=DIRECTION('center_axis',(0.,0.,1.));
#13728=DIRECTION('ref_axis',(-1.,0.,0.));
#13729=DIRECTION('center_axis',(0.,0.,1.));
#13730=DIRECTION('ref_axis',(1.,0.,0.));
#13731=DIRECTION('',(0.707106781186548,0.707106781186548,0.));
#13732=DIRECTION('',(1.,0.,0.));
#13733=DIRECTION('',(0.,-1.,0.));
#13734=DIRECTION('',(1.,0.,0.));
#13735=DIRECTION('',(0.,1.,0.));
#13736=DIRECTION('',(-1.,3.469446951954E-16,0.));
#13737=DIRECTION('center_axis',(0.,-1.,0.));
#13738=DIRECTION('ref_axis',(1.,0.,0.));
#13739=DIRECTION('',(1.,0.,0.));
#13740=DIRECTION('',(0.,0.,-1.));
#13741=DIRECTION('',(1.,0.,0.));
#13742=DIRECTION('',(0.,0.,1.));
#13743=DIRECTION('center_axis',(0.,1.,0.));
#13744=DIRECTION('ref_axis',(-1.,0.,0.));
#13745=DIRECTION('',(-1.,0.,0.));
#13746=DIRECTION('',(0.,0.,1.));
#13747=DIRECTION('',(-1.,0.,0.));
#13748=DIRECTION('',(0.,0.,1.));
#13749=DIRECTION('center_axis',(0.,0.,1.));
#13750=DIRECTION('ref_axis',(0.,1.,0.));
#13751=DIRECTION('center_axis',(0.,0.,1.));
#13752=DIRECTION('ref_axis',(0.,1.,0.));
#13753=DIRECTION('center_axis',(0.,0.,1.));
#13754=DIRECTION('ref_axis',(0.,1.,0.));
#13755=DIRECTION('center_axis',(0.,0.,1.));
#13756=DIRECTION('ref_axis',(1.,0.,0.));
#13757=DIRECTION('',(6.938893903907E-17,-1.,0.));
#13758=DIRECTION('',(-1.850371707709E-15,-1.,0.));
#13759=DIRECTION('',(1.,0.,0.));
#13760=DIRECTION('',(0.,1.,0.));
#13761=DIRECTION('',(-1.,0.,0.));
#13762=DIRECTION('center_axis',(0.,0.,1.));
#13763=DIRECTION('ref_axis',(1.,0.,0.));
#13764=DIRECTION('',(-1.,0.,0.));
#13765=DIRECTION('',(0.,1.,0.));
#13766=DIRECTION('',(1.,1.500301384629E-16,0.));
#13767=DIRECTION('',(6.938893903907E-17,-1.,0.));
#13768=DIRECTION('',(-0.707106781186548,-0.707106781186548,0.));
#13769=DIRECTION('center_axis',(-1.,0.,0.));
#13770=DIRECTION('ref_axis',(0.,-1.,0.));
#13771=DIRECTION('',(0.,0.,1.));
#13772=DIRECTION('',(0.,-1.,0.));
#13773=DIRECTION('',(0.,0.,1.));
#13774=DIRECTION('center_axis',(0.,1.,0.));
#13775=DIRECTION('ref_axis',(-1.,0.,0.));
#13776=DIRECTION('',(0.,0.,1.));
#13777=DIRECTION('',(-1.,0.,0.));
#13778=DIRECTION('center_axis',(-1.,-6.938893903907E-17,0.));
#13779=DIRECTION('ref_axis',(6.938893903907E-17,-1.,0.));
#13780=DIRECTION('',(-6.938893903907E-17,1.,0.));
#13781=DIRECTION('',(0.,0.,1.));
#13782=DIRECTION('',(-6.938893903907E-17,1.,0.));
#13783=DIRECTION('',(4.67777608261983E-18,-0.0674138579923464,-0.997725098286391));
#13784=DIRECTION('',(-6.938893903907E-17,1.,0.));
#13785=DIRECTION('center_axis',(-1.,0.,0.));
#13786=DIRECTION('ref_axis',(0.,-1.,0.));
#13787=DIRECTION('',(0.,0.,1.));
#13788=DIRECTION('',(0.,-1.,0.));
#13789=DIRECTION('',(0.,0.,1.));
#13790=DIRECTION('center_axis',(0.,1.,0.));
#13791=DIRECTION('ref_axis',(-1.,0.,0.));
#13792=DIRECTION('',(0.,0.,1.));
#13793=DIRECTION('',(-1.,0.,0.));
#13794=DIRECTION('center_axis',(1.,-1.850371707709E-15,0.));
#13795=DIRECTION('ref_axis',(1.850371707709E-15,1.,0.));
#13796=DIRECTION('',(0.,0.,1.));
#13797=DIRECTION('',(1.850371707709E-15,1.,0.));
#13798=DIRECTION('center_axis',(0.,-1.,0.));
#13799=DIRECTION('ref_axis',(1.,0.,0.));
#13800=DIRECTION('',(1.,0.,0.));
#13801=DIRECTION('center_axis',(0.,0.,1.));
#13802=DIRECTION('ref_axis',(1.,0.,0.));
#13803=DIRECTION('center_axis',(1.,0.,0.));
#13804=DIRECTION('ref_axis',(0.,1.,0.));
#13805=DIRECTION('',(0.,0.,1.));
#13806=DIRECTION('',(0.,1.,0.));
#13807=DIRECTION('center_axis',(-3.469446951954E-16,-1.,0.));
#13808=DIRECTION('ref_axis',(1.,-3.469446951954E-16,0.));
#13809=DIRECTION('',(1.,-3.469446951954E-16,0.));
#13810=DIRECTION('center_axis',(0.,0.,1.));
#13811=DIRECTION('ref_axis',(1.,0.,0.));
#13812=DIRECTION('center_axis',(0.,0.,1.));
#13813=DIRECTION('ref_axis',(1.,0.,0.));
#13814=DIRECTION('',(1.,1.500301384629E-16,0.));
#13815=DIRECTION('',(0.,-1.,0.));
#13816=DIRECTION('',(-1.,-2.362176648139E-16,0.));
#13817=DIRECTION('',(0.,1.,0.));
#13818=DIRECTION('center_axis',(2.362176648139E-16,-1.,0.));
#13819=DIRECTION('ref_axis',(1.,2.362176648139E-16,0.));
#13820=DIRECTION('',(0.,0.,1.));
#13821=DIRECTION('',(1.,0.,0.));
#13822=DIRECTION('',(0.,0.,1.));
#13823=DIRECTION('center_axis',(0.,0.,1.));
#13824=DIRECTION('ref_axis',(1.,0.,0.));
#13825=DIRECTION('',(-1.,0.,0.));
#13826=DIRECTION('',(0.,1.,0.));
#13827=DIRECTION('',(0.,-1.,0.));
#13828=DIRECTION('center_axis',(1.,2.135044278125E-16,0.));
#13829=DIRECTION('ref_axis',(-2.135044278125E-16,1.,0.));
#13830=DIRECTION('',(-2.135044278125E-16,1.,0.));
#13831=DIRECTION('',(0.,0.0674138579923464,-0.997725098286391));
#13832=DIRECTION('',(0.,0.,1.));
#13833=DIRECTION('center_axis',(-1.,-2.135044278125E-16,0.));
#13834=DIRECTION('ref_axis',(2.135044278125E-16,-1.,0.));
#13835=DIRECTION('',(0.,-1.,0.));
#13836=DIRECTION('',(0.,0.,1.));
#13837=DIRECTION('',(0.,-0.0674138579923464,0.997725098286391));
#13838=DIRECTION('center_axis',(0.,1.,0.));
#13839=DIRECTION('ref_axis',(-1.,0.,0.));
#13840=DIRECTION('',(-1.,0.,0.));
#13841=DIRECTION('',(0.,0.,1.));
#13842=DIRECTION('',(-1.,0.,0.));
#13843=DIRECTION('',(0.,0.,1.));
#13844=DIRECTION('',(-1.,-2.176907891422E-16,0.));
#13845=DIRECTION('center_axis',(-1.,-1.850371707709E-16,0.));
#13846=DIRECTION('ref_axis',(1.850371707709E-16,-1.,0.));
#13847=DIRECTION('',(1.850371707709E-16,-1.,0.));
#13848=DIRECTION('',(0.,0.,1.));
#13849=DIRECTION('',(1.850371707709E-16,-1.,0.));
#13850=DIRECTION('center_axis',(0.,1.,0.));
#13851=DIRECTION('ref_axis',(-1.,0.,0.));
#13852=DIRECTION('',(-1.,0.,0.));
#13853=DIRECTION('',(0.,0.,1.));
#13854=DIRECTION('',(-1.,0.,0.));
#13855=DIRECTION('center_axis',(1.,0.,0.));
#13856=DIRECTION('ref_axis',(0.,1.,0.));
#13857=DIRECTION('',(0.,1.,0.));
#13858=DIRECTION('',(0.,1.,0.));
#13859=DIRECTION('center_axis',(0.,0.,1.));
#13860=DIRECTION('ref_axis',(1.,0.,0.));
#13861=DIRECTION('center_axis',(1.49688834643859E-16,-0.997725098286391,
0.0674138579923464));
#13862=DIRECTION('ref_axis',(-1.06920596174142E-17,0.0674138579923464,0.997725098286391));
#13863=DIRECTION('',(0.198624967546924,-0.0660706752755547,-0.977845994078626));
#13864=DIRECTION('',(-1.,-1.586032892322E-16,-1.268826313857E-16));
#13865=DIRECTION('',(0.198624967546924,0.0660706752755547,0.977845994078626));
#13866=DIRECTION('',(1.,1.500301384629E-16,0.));
#13867=DIRECTION('',(1.,1.500301384629E-16,0.));
#13868=DIRECTION('',(-4.67777608261983E-18,0.0674138579923464,0.997725098286391));
#13869=DIRECTION('center_axis',(-1.49688834643859E-16,0.997725098286391,
0.0674138579923464));
#13870=DIRECTION('ref_axis',(-1.06920596174142E-17,0.0674138579923464,-0.997725098286391));
#13871=DIRECTION('',(-1.,-1.500301384629E-16,0.));
#13872=DIRECTION('',(-0.198624967546924,0.0660706752755547,-0.977845994078626));
#13873=DIRECTION('',(1.,0.,2.22044604925E-15));
#13874=DIRECTION('',(-0.198624967546924,-0.0660706752755547,0.977845994078626));
#13875=DIRECTION('',(-1.,-1.500301384629E-16,0.));
#13876=DIRECTION('center_axis',(0.,0.,1.));
#13877=DIRECTION('ref_axis',(1.,0.,0.));
#13878=DIRECTION('',(0.,-1.,0.));
#13879=DIRECTION('',(-1.,1.233581138472E-16,0.));
#13880=DIRECTION('',(-0.707106781186548,0.707106781186548,0.));
#13881=DIRECTION('center_axis',(0.,0.,1.));
#13882=DIRECTION('ref_axis',(1.,0.,0.));
#13883=DIRECTION('',(0.,1.,0.));
#13884=DIRECTION('',(-1.,0.,0.));
#13885=DIRECTION('',(-0.707106781186548,-0.707106781186548,0.));
#13886=DIRECTION('',(6.938893903907E-17,-1.,0.));
#13887=DIRECTION('',(-0.707106781186548,0.707106781186548,0.));
#13888=DIRECTION('',(-1.,1.233581138472E-16,0.));
#13889=DIRECTION('',(0.,-1.,0.));
#13890=DIRECTION('center_axis',(0.,0.,-1.));
#13891=DIRECTION('ref_axis',(1.,0.,0.));
#13892=DIRECTION('center_axis',(0.,0.,-1.));
#13893=DIRECTION('ref_axis',(1.,0.,0.));
#13894=DIRECTION('center_axis',(0.,0.,-1.));
#13895=DIRECTION('ref_axis',(1.,0.,0.));
#13896=DIRECTION('center_axis',(-0.979987319582072,0.,0.199059924290015));
#13897=DIRECTION('ref_axis',(0.199059924290015,0.,0.979987319582072));
#13898=DIRECTION('',(0.199059924290015,-2.45556568030018E-17,0.979987319582072));
#13899=DIRECTION('center_axis',(0.,-1.,0.));
#13900=DIRECTION('ref_axis',(1.,0.,0.));
#13901=DIRECTION('center_axis',(0.979987319582072,0.,0.199059924290015));
#13902=DIRECTION('ref_axis',(0.199059924290015,0.,-0.979987319582072));
#13903=DIRECTION('',(0.199059924290015,0.,-0.979987319582072));
#13904=DIRECTION('center_axis',(-1.586032892322E-16,1.,0.));
#13905=DIRECTION('ref_axis',(-1.,-1.586032892322E-16,0.));
#13906=DIRECTION('center_axis',(-1.233581138472E-16,-1.,0.));
#13907=DIRECTION('ref_axis',(1.,-1.233581138472E-16,0.));
#13908=DIRECTION('',(0.,0.,1.));
#13909=DIRECTION('center_axis',(-0.707106781186548,-0.707106781186548,0.));
#13910=DIRECTION('ref_axis',(0.707106781186548,-0.707106781186548,0.));
#13911=DIRECTION('center_axis',(1.,6.938893903907E-17,0.));
#13912=DIRECTION('ref_axis',(-6.938893903907E-17,1.,0.));
#13913=DIRECTION('',(0.,0.,1.));
#13914=DIRECTION('center_axis',(0.707106781186548,-0.707106781186548,0.));
#13915=DIRECTION('ref_axis',(0.707106781186548,0.707106781186548,0.));
#13916=DIRECTION('',(0.,0.,1.));
#13917=DIRECTION('center_axis',(0.,-1.,0.));
#13918=DIRECTION('ref_axis',(1.,0.,0.));
#13919=DIRECTION('center_axis',(0.,0.,1.));
#13920=DIRECTION('ref_axis',(1.,0.,0.));
#13921=DIRECTION('',(0.,0.,-1.));
#13922=DIRECTION('center_axis',(0.,0.,-1.));
#13923=DIRECTION('ref_axis',(1.,0.,0.));
#13924=DIRECTION('center_axis',(0.,0.,1.));
#13925=DIRECTION('ref_axis',(1.,0.,0.));
#13926=DIRECTION('',(0.,0.,-1.));
#13927=DIRECTION('center_axis',(0.,0.,-1.));
#13928=DIRECTION('ref_axis',(1.,0.,0.));
#13929=DIRECTION('center_axis',(0.,0.,1.));
#13930=DIRECTION('ref_axis',(1.,0.,0.));
#13931=DIRECTION('center_axis',(0.,0.,1.));
#13932=DIRECTION('ref_axis',(1.,0.,0.));
#13933=DIRECTION('center_axis',(0.,1.,0.));
#13934=DIRECTION('ref_axis',(-1.,0.,0.));
#13935=DIRECTION('center_axis',(0.,-1.,0.));
#13936=DIRECTION('ref_axis',(1.,0.,0.));
#13937=DIRECTION('center_axis',(0.,0.,1.));
#13938=DIRECTION('ref_axis',(-1.,0.,0.));
#13939=DIRECTION('center_axis',(0.,0.,-1.));
#13940=DIRECTION('ref_axis',(-1.,0.,0.));
#13941=DIRECTION('',(-0.358979079308665,-4.3962258043622E-17,-0.933345606203138));
#13942=DIRECTION('center_axis',(0.,0.,1.));
#13943=DIRECTION('ref_axis',(-1.,0.,0.));
#13944=DIRECTION('center_axis',(0.,0.,-1.));
#13945=DIRECTION('ref_axis',(-1.,0.,0.));
#13946=DIRECTION('',(0.,0.,1.));
#13947=DIRECTION('center_axis',(0.,0.,1.));
#13948=DIRECTION('ref_axis',(1.,0.,0.));
#13949=DIRECTION('axis',(0.,0.,1.));
#13950=DIRECTION('refdir',(1.,0.,0.));
#13951=DIRECTION('center_axis',(0.707106781186548,0.,0.707106781186548));
#13952=DIRECTION('ref_axis',(0.707106781186548,0.,-0.707106781186548));
#13953=DIRECTION('',(0.,-1.,0.));
#13954=DIRECTION('',(0.577350269189626,-0.577350269189626,-0.577350269189626));
#13955=DIRECTION('',(0.,1.,0.));
#13956=DIRECTION('',(-0.577350269189626,0.577350269189626,0.577350269189626));
#13957=DIRECTION('',(-0.357406744336901,0.862856209460762,0.357406744336901));
#13958=DIRECTION('center_axis',(0.,-0.707106781186548,0.707106781186548));
#13959=DIRECTION('ref_axis',(1.,0.,0.));
#13960=DIRECTION('',(-1.,0.,0.));
#13961=DIRECTION('',(-0.577350269189626,-0.577350269189626,-0.577350269189626));
#13962=DIRECTION('',(1.,0.,0.));
#13963=DIRECTION('center_axis',(-0.707106781186548,0.,0.707106781186548));
#13964=DIRECTION('ref_axis',(0.707106781186548,0.,0.707106781186548));
#13965=DIRECTION('',(0.,1.,0.));
#13966=DIRECTION('',(-0.357406744336901,-0.862856209460762,-0.357406744336901));
#13967=DIRECTION('',(-0.577350269189626,-0.577350269189626,-0.577350269189626));
#13968=DIRECTION('',(0.,-1.,0.));
#13969=DIRECTION('center_axis',(0.,-0.382683432365115,0.923879532511277));
#13970=DIRECTION('ref_axis',(1.,0.,0.));
#13971=DIRECTION('',(-1.,0.,0.));
#13972=DIRECTION('',(-0.357406744336901,-0.862856209460762,-0.357406744336901));
#13973=DIRECTION('',(1.,0.,0.));
#13974=DIRECTION('center_axis',(-0.707106781186548,0.,0.707106781186548));
#13975=DIRECTION('ref_axis',(0.707106781186548,0.,0.707106781186548));
#13976=DIRECTION('',(0.,1.,0.));
#13977=DIRECTION('',(-0.577350269189626,0.577350269189626,-0.577350269189626));
#13978=DIRECTION('',(0.,-1.,0.));
#13979=DIRECTION('',(0.577350269189626,0.577350269189626,0.577350269189626));
#13980=DIRECTION('center_axis',(0.,0.707106781186548,0.707106781186548));
#13981=DIRECTION('ref_axis',(1.,0.,0.));
#13982=DIRECTION('',(1.,0.,0.));
#13983=DIRECTION('',(-0.577350269189626,0.577350269189626,-0.577350269189626));
#13984=DIRECTION('',(-1.,0.,0.));
#13985=DIRECTION('center_axis',(-0.707106781186548,0.,0.707106781186548));
#13986=DIRECTION('ref_axis',(0.707106781186548,0.,0.707106781186548));
#13987=DIRECTION('',(0.,1.,0.));
#13988=DIRECTION('',(-0.577350269189626,0.577350269189626,-0.577350269189626));
#13989=DIRECTION('',(0.,-1.,0.));
#13990=DIRECTION('center_axis',(0.,-0.382683432365115,0.923879532511277));
#13991=DIRECTION('ref_axis',(1.,0.,0.));
#13992=DIRECTION('',(-1.,0.,0.));
#13993=DIRECTION('',(-0.357406744336901,0.862856209460762,0.357406744336901));
#13994=DIRECTION('',(-1.,0.,0.));
#13995=DIRECTION('center_axis',(0.,0.,1.));
#13996=DIRECTION('ref_axis',(1.,0.,0.));
#13997=DIRECTION('',(0.,-1.,0.));
#13998=DIRECTION('',(1.,0.,0.));
#13999=DIRECTION('',(0.,-1.,0.));
#14000=DIRECTION('',(1.,0.,0.));
#14001=DIRECTION('center_axis',(0.707106781186548,0.,0.707106781186548));
#14002=DIRECTION('ref_axis',(0.707106781186548,0.,-0.707106781186548));
#14003=DIRECTION('',(0.577350269189626,-0.577350269189626,-0.577350269189626));
#14004=DIRECTION('',(0.,1.,0.));
#14005=DIRECTION('',(-0.577350269189626,-0.577350269189626,0.577350269189626));
#14006=DIRECTION('center_axis',(0.,-0.707106781186548,0.707106781186548));
#14007=DIRECTION('ref_axis',(1.,0.,0.));
#14008=DIRECTION('',(1.,0.,0.));
#14009=DIRECTION('center_axis',(1.,0.,0.));
#14010=DIRECTION('ref_axis',(0.,1.,0.));
#14011=DIRECTION('',(0.,0.,1.));
#14012=DIRECTION('',(0.,-1.,0.));
#14013=DIRECTION('',(0.,0.,1.));
#14014=DIRECTION('center_axis',(0.,-1.,0.));
#14015=DIRECTION('ref_axis',(1.,0.,0.));
#14016=DIRECTION('',(0.,0.,1.));
#14017=DIRECTION('',(-1.,0.,0.));
#14018=DIRECTION('center_axis',(-1.,0.,0.));
#14019=DIRECTION('ref_axis',(0.,-1.,0.));
#14020=DIRECTION('',(0.,0.,1.));
#14021=DIRECTION('',(0.,1.,0.));
#14022=DIRECTION('center_axis',(0.,-0.707106781186548,0.707106781186548));
#14023=DIRECTION('ref_axis',(1.,0.,0.));
#14024=DIRECTION('',(1.,0.,0.));
#14025=DIRECTION('center_axis',(-1.,0.,0.));
#14026=DIRECTION('ref_axis',(0.,-1.,0.));
#14027=DIRECTION('',(0.,0.,1.));
#14028=DIRECTION('',(0.,1.,0.));
#14029=DIRECTION('',(0.,0.,1.));
#14030=DIRECTION('center_axis',(0.,0.707106781186548,0.707106781186548));
#14031=DIRECTION('ref_axis',(1.,0.,0.));
#14032=DIRECTION('',(0.577350269189626,0.577350269189626,-0.577350269189626));
#14033=DIRECTION('',(-1.,0.,0.));
#14034=DIRECTION('center_axis',(0.707106781186548,0.,0.707106781186548));
#14035=DIRECTION('ref_axis',(0.707106781186548,0.,-0.707106781186548));
#14036=DIRECTION('',(-0.577350269189626,-0.577350269189626,0.577350269189626));
#14037=DIRECTION('',(0.,1.,0.));
#14038=DIRECTION('center_axis',(0.,1.,0.));
#14039=DIRECTION('ref_axis',(-1.,0.,0.));
#14040=DIRECTION('',(0.,0.,1.));
#14041=DIRECTION('',(1.,0.,0.));
#14042=DIRECTION('',(0.,0.,1.));
#14043=DIRECTION('center_axis',(1.,0.,0.));
#14044=DIRECTION('ref_axis',(0.,1.,0.));
#14045=DIRECTION('',(0.,0.,1.));
#14046=DIRECTION('',(0.,-1.,0.));
#14047=DIRECTION('center_axis',(0.,0.707106781186548,0.707106781186548));
#14048=DIRECTION('ref_axis',(1.,0.,0.));
#14049=DIRECTION('',(-1.,0.,0.));
#14050=DIRECTION('center_axis',(0.,1.,0.));
#14051=DIRECTION('ref_axis',(-1.,0.,0.));
#14052=DIRECTION('',(0.,0.,1.));
#14053=DIRECTION('',(1.,0.,0.));
#14054=DIRECTION('center_axis',(1.,0.,0.));
#14055=DIRECTION('ref_axis',(0.,1.,0.));
#14056=DIRECTION('',(0.,0.,1.));
#14057=DIRECTION('',(0.,-1.,0.));
#14058=DIRECTION('center_axis',(0.,-1.,0.));
#14059=DIRECTION('ref_axis',(1.,0.,0.));
#14060=DIRECTION('',(-1.,0.,0.));
#14061=DIRECTION('center_axis',(1.,0.,0.));
#14062=DIRECTION('ref_axis',(0.,1.,0.));
#14063=DIRECTION('',(0.,-1.,0.));
#14064=DIRECTION('',(0.,0.,1.));
#14065=DIRECTION('',(0.,1.,0.));
#14066=DIRECTION('',(0.,0.,1.));
#14067=DIRECTION('center_axis',(-1.850371707709E-16,-1.,0.));
#14068=DIRECTION('ref_axis',(1.,-1.850371707709E-16,0.));
#14069=DIRECTION('',(-1.,1.850371707709E-16,0.));
#14070=DIRECTION('',(1.,-1.850371707709E-16,0.));
#14071=DIRECTION('',(0.,0.,1.));
#14072=DIRECTION('center_axis',(1.,-2.362176648139E-16,0.));
#14073=DIRECTION('ref_axis',(2.362176648139E-16,1.,0.));
#14074=DIRECTION('',(-2.362176648139E-16,-1.,0.));
#14075=DIRECTION('',(2.362176648139E-16,1.,0.));
#14076=DIRECTION('',(0.,0.,1.));
#14077=DIRECTION('center_axis',(-1.850371707709E-16,1.,0.));
#14078=DIRECTION('ref_axis',(-1.,-1.850371707709E-16,0.));
#14079=DIRECTION('',(1.,1.850371707709E-16,0.));
#14080=DIRECTION('',(-1.,-1.850371707709E-16,0.));
#14081=DIRECTION('',(0.,0.,1.));
#14082=DIRECTION('center_axis',(1.,0.,0.));
#14083=DIRECTION('ref_axis',(0.,1.,0.));
#14084=DIRECTION('',(0.,-1.,0.));
#14085=DIRECTION('',(0.,1.,0.));
#14086=DIRECTION('',(0.,0.,1.));
#14087=DIRECTION('center_axis',(0.,0.,1.));
#14088=DIRECTION('ref_axis',(1.,0.,0.));
#14089=DIRECTION('',(0.,-1.,0.));
#14090=DIRECTION('',(1.,0.,0.));
#14091=DIRECTION('',(-1.,0.,0.));
#14092=DIRECTION('center_axis',(-1.,0.,0.));
#14093=DIRECTION('ref_axis',(0.,-1.,0.));
#14094=DIRECTION('',(0.,1.,0.));
#14095=DIRECTION('',(0.,0.,1.));
#14096=DIRECTION('',(0.,-1.,0.));
#14097=DIRECTION('',(0.,0.,1.));
#14098=DIRECTION('center_axis',(0.,1.,0.));
#14099=DIRECTION('ref_axis',(-1.,0.,0.));
#14100=DIRECTION('',(1.,0.,0.));
#14101=DIRECTION('',(-1.,0.,0.));
#14102=DIRECTION('',(0.,0.,1.));
#14103=DIRECTION('center_axis',(-1.,0.,0.));
#14104=DIRECTION('ref_axis',(0.,-1.,0.));
#14105=DIRECTION('',(0.,1.,0.));
#14106=DIRECTION('',(0.,-1.,0.));
#14107=DIRECTION('',(0.,0.,1.));
#14108=DIRECTION('center_axis',(-1.850371707709E-16,-1.,0.));
#14109=DIRECTION('ref_axis',(1.,-1.850371707709E-16,0.));
#14110=DIRECTION('',(-1.,1.850371707709E-16,0.));
#14111=DIRECTION('',(1.,-1.850371707709E-16,0.));
#14112=DIRECTION('',(0.,0.,1.));
#14113=DIRECTION('center_axis',(-1.,0.,0.));
#14114=DIRECTION('ref_axis',(0.,-1.,0.));
#14115=DIRECTION('',(0.,1.,0.));
#14116=DIRECTION('',(0.,-1.,0.));
#14117=DIRECTION('',(0.,0.,1.));
#14118=DIRECTION('center_axis',(0.,0.,1.));
#14119=DIRECTION('ref_axis',(1.,0.,0.));
#14120=DIRECTION('',(0.,1.,0.));
#14121=DIRECTION('',(-1.,0.,0.));
#14122=DIRECTION('',(1.,0.,0.));
#14123=DIRECTION('center_axis',(0.,-1.,0.));
#14124=DIRECTION('ref_axis',(1.,0.,0.));
#14125=DIRECTION('',(-1.,0.,0.));
#14126=DIRECTION('center_axis',(0.,1.,0.));
#14127=DIRECTION('ref_axis',(-1.,0.,0.));
#14128=DIRECTION('',(0.,0.,1.));
#14129=DIRECTION('',(1.,0.,0.));
#14130=DIRECTION('center_axis',(-1.,0.,0.));
#14131=DIRECTION('ref_axis',(0.,-1.,0.));
#14132=DIRECTION('',(0.,1.,0.));
#14133=DIRECTION('center_axis',(0.,1.,0.));
#14134=DIRECTION('ref_axis',(1.,0.,0.));
#14135=DIRECTION('',(0.,0.,1.));
#14136=DIRECTION('',(1.,0.,0.));
#14137=DIRECTION('',(0.,0.,1.));
#14138=DIRECTION('',(-1.,0.,0.));
#14139=DIRECTION('center_axis',(-1.,0.,0.));
#14140=DIRECTION('ref_axis',(0.,1.,0.));
#14141=DIRECTION('',(0.,1.,0.));
#14142=DIRECTION('',(0.,0.,1.));
#14143=DIRECTION('center_axis',(0.,-1.,0.));
#14144=DIRECTION('ref_axis',(-1.,0.,0.));
#14145=DIRECTION('',(-1.,0.,0.));
#14146=DIRECTION('',(0.,0.,-1.));
#14147=DIRECTION('',(1.,0.,0.));
#14148=DIRECTION('center_axis',(1.,0.,0.));
#14149=DIRECTION('ref_axis',(0.,-1.,0.));
#14150=DIRECTION('',(0.,-1.,0.));
#14151=DIRECTION('center_axis',(0.,0.,1.));
#14152=DIRECTION('ref_axis',(1.,0.,0.));
#14153=DIRECTION('center_axis',(0.,0.,-1.));
#14154=DIRECTION('ref_axis',(-1.,0.,0.));
#14155=DIRECTION('axis',(0.,0.,1.));
#14156=DIRECTION('refdir',(1.,0.,0.));
#14157=DIRECTION('center_axis',(0.707106781186548,1.63551297779495E-16,
0.707106781186548));
#14158=DIRECTION('ref_axis',(0.707106781186548,0.,-0.707106781186548));
#14159=DIRECTION('',(-0.707106781186548,-6.13317366672908E-17,0.707106781186548));
#14160=DIRECTION('',(2.312964634636E-16,-1.,0.));
#14161=DIRECTION('',(0.707106781186548,0.,-0.707106781186548));
#14162=DIRECTION('',(-2.312964634636E-16,1.,0.));
#14163=DIRECTION('center_axis',(0.,-1.,0.));
#14164=DIRECTION('ref_axis',(1.,0.,0.));
#14165=DIRECTION('',(1.,0.,0.));
#14166=DIRECTION('',(0.707106781186548,0.,0.707106781186548));
#14167=DIRECTION('',(0.,0.,1.));
#14168=DIRECTION('',(-1.,0.,0.));
#14169=DIRECTION('',(0.,0.,1.));
#14170=DIRECTION('center_axis',(0.,0.,1.));
#14171=DIRECTION('ref_axis',(1.,0.,0.));
#14172=DIRECTION('',(-1.,-8.673617379884E-17,0.));
#14173=DIRECTION('',(-4.625929269271E-16,1.,0.));
#14174=DIRECTION('center_axis',(-0.707106781186548,-3.27102595558891E-16,
0.707106781186548));
#14175=DIRECTION('ref_axis',(0.707106781186548,0.,0.707106781186548));
#14176=DIRECTION('',(-0.707106781186548,-6.13317366672908E-17,-0.707106781186548));
#14177=DIRECTION('',(4.625929269271E-16,-1.,0.));
#14178=DIRECTION('center_axis',(-1.,-4.625929269271E-16,0.));
#14179=DIRECTION('ref_axis',(4.625929269271E-16,-1.,0.));
#14180=DIRECTION('',(0.,0.,1.));
#14181=DIRECTION('',(-4.625929269271E-16,1.,0.));
#14182=DIRECTION('center_axis',(-8.673617379884E-17,1.,0.));
#14183=DIRECTION('ref_axis',(-1.,-8.673617379884E-17,0.));
#14184=DIRECTION('',(0.,0.,1.));
#14185=DIRECTION('',(1.,8.673617379884E-17,0.));
#14186=DIRECTION('center_axis',(1.,2.312964634636E-16,0.));
#14187=DIRECTION('ref_axis',(-2.312964634636E-16,1.,0.));
#14188=DIRECTION('',(2.312964634636E-16,-1.,0.));
#14189=DIRECTION('center_axis',(0.,0.,1.));
#14190=DIRECTION('ref_axis',(1.,0.,0.));
#14191=DIRECTION('center_axis',(-0.707106781186548,0.,0.707106781186548));
#14192=DIRECTION('ref_axis',(0.707106781186548,0.,0.707106781186548));
#14193=DIRECTION('',(0.707106781186548,0.,0.707106781186548));
#14194=DIRECTION('',(0.,1.,0.));
#14195=DIRECTION('',(-0.707106781186548,0.,-0.707106781186548));
#14196=DIRECTION('',(0.,-1.,0.));
#14197=DIRECTION('center_axis',(0.,0.,1.));
#14198=DIRECTION('ref_axis',(1.,0.,0.));
#14199=DIRECTION('',(1.,0.,0.));
#14200=DIRECTION('',(0.,-1.,0.));
#14201=DIRECTION('',(-1.,0.,0.));
#14202=DIRECTION('center_axis',(0.,-1.,0.));
#14203=DIRECTION('ref_axis',(1.,0.,0.));
#14204=DIRECTION('',(0.,0.,1.));
#14205=DIRECTION('',(-1.,0.,0.));
#14206=DIRECTION('',(0.,0.,1.));
#14207=DIRECTION('',(0.707106781186548,0.,-0.707106781186548));
#14208=DIRECTION('center_axis',(0.707106781186548,0.,0.707106781186548));
#14209=DIRECTION('ref_axis',(0.707106781186548,0.,-0.707106781186548));
#14210=DIRECTION('',(-0.707106781186548,0.,0.707106781186548));
#14211=DIRECTION('',(0.,1.,0.));
#14212=DIRECTION('center_axis',(0.,1.,0.));
#14213=DIRECTION('ref_axis',(-1.,0.,0.));
#14214=DIRECTION('',(0.,0.,1.));
#14215=DIRECTION('',(1.,0.,0.));
#14216=DIRECTION('',(0.,0.,1.));
#14217=DIRECTION('center_axis',(1.,0.,0.));
#14218=DIRECTION('ref_axis',(0.,1.,0.));
#14219=DIRECTION('',(0.,-1.,0.));
#14220=DIRECTION('center_axis',(-1.,0.,0.));
#14221=DIRECTION('ref_axis',(0.,-1.,0.));
#14222=DIRECTION('',(0.,1.,0.));
#14223=DIRECTION('center_axis',(0.,0.,1.));
#14224=DIRECTION('ref_axis',(1.,0.,0.));
#14225=DIRECTION('',(4.92643991364194E-47,0.,1.));
#14226=DIRECTION('',(1.,0.,5.47382212626882E-48));
#14227=DIRECTION('',(4.92643991364194E-47,0.,1.));
#14228=DIRECTION('',(1.,0.,5.47382212626882E-48));
#14229=DIRECTION('',(-4.92643991364194E-47,0.,-1.));
#14230=DIRECTION('',(-1.,0.,-5.47382212626882E-48));
#14231=DIRECTION('',(4.92643991364194E-47,0.,1.));
#14232=DIRECTION('',(1.,0.,5.47382212626882E-48));
#14233=DIRECTION('',(4.92643991364194E-47,0.,1.));
#14234=DIRECTION('',(1.,0.,5.47382212626882E-48));
#14235=DIRECTION('',(4.92643991364194E-47,0.,1.));
#14236=DIRECTION('',(1.,0.,5.47382212626882E-48));
#14237=DIRECTION('',(-4.92643991364194E-47,0.,-1.));
#14238=DIRECTION('',(-1.,0.,-5.47382212626882E-48));
#14239=DIRECTION('',(4.92643991364194E-47,0.,1.));
#14240=DIRECTION('',(1.,0.,5.47382212626882E-48));
#14241=DIRECTION('',(4.92643991364194E-47,0.,1.));
#14242=DIRECTION('',(1.,0.,5.47382212626882E-48));
#14243=DIRECTION('',(4.92643991364194E-47,0.,1.));
#14244=DIRECTION('',(1.,0.,5.47382212626882E-48));
#14245=DIRECTION('',(-4.92643991364194E-47,0.,-1.));
#14246=DIRECTION('',(-1.,0.,-5.47382212626882E-48));
#14247=DIRECTION('',(4.92643991364194E-47,0.,1.));
#14248=DIRECTION('',(1.,0.,5.47382212626882E-48));
#14249=DIRECTION('',(4.92643991364194E-47,0.,1.));
#14250=DIRECTION('',(1.,0.,5.47382212626882E-48));
#14251=DIRECTION('',(4.92643991364194E-47,0.,1.));
#14252=DIRECTION('',(1.,0.,5.47382212626882E-48));
#14253=DIRECTION('',(-4.92643991364194E-47,0.,-1.));
#14254=DIRECTION('',(-1.,0.,-5.47382212626882E-48));
#14255=DIRECTION('',(4.92643991364194E-47,0.,1.));
#14256=DIRECTION('',(1.,0.,5.47382212626882E-48));
#14257=DIRECTION('',(4.92643991364194E-47,0.,1.));
#14258=DIRECTION('',(1.,0.,5.47382212626882E-48));
#14259=DIRECTION('',(4.92643991364194E-47,0.,1.));
#14260=DIRECTION('',(1.,0.,5.47382212626882E-48));
#14261=DIRECTION('',(-4.92643991364194E-47,0.,-1.));
#14262=DIRECTION('',(-1.,0.,-5.47382212626882E-48));
#14263=DIRECTION('',(4.92643991364194E-47,0.,1.));
#14264=DIRECTION('',(1.,0.,5.47382212626882E-48));
#14265=DIRECTION('',(4.92643991364194E-47,0.,1.));
#14266=DIRECTION('',(1.,0.,5.47382212626882E-48));
#14267=DIRECTION('',(4.92643991364194E-47,0.,1.));
#14268=DIRECTION('',(1.,0.,5.47382212626882E-48));
#14269=DIRECTION('',(-4.92643991364194E-47,0.,-1.));
#14270=DIRECTION('',(-1.,0.,-5.47382212626882E-48));
#14271=DIRECTION('',(4.92643991364194E-47,0.,1.));
#14272=DIRECTION('',(1.,0.,5.47382212626882E-48));
#14273=DIRECTION('',(4.92643991364194E-47,0.,1.));
#14274=DIRECTION('',(1.,0.,5.47382212626882E-48));
#14275=DIRECTION('',(4.92643991364194E-47,0.,1.));
#14276=DIRECTION('',(1.,0.,5.47382212626882E-48));
#14277=DIRECTION('',(-4.92643991364194E-47,0.,-1.));
#14278=DIRECTION('',(-1.,0.,-5.47382212626882E-48));
#14279=DIRECTION('',(4.92643991364194E-47,0.,1.));
#14280=DIRECTION('',(1.,0.,5.47382212626882E-48));
#14281=DIRECTION('',(4.92643991364194E-47,0.,1.));
#14282=DIRECTION('',(1.,0.,5.47382212626882E-48));
#14283=DIRECTION('',(4.92643991364194E-47,0.,1.));
#14284=DIRECTION('',(1.,0.,5.47382212626882E-48));
#14285=DIRECTION('',(-4.92643991364194E-47,0.,-1.));
#14286=DIRECTION('',(-1.,0.,-5.47382212626882E-48));
#14287=DIRECTION('',(4.92643991364194E-47,0.,1.));
#14288=DIRECTION('',(1.,0.,5.47382212626882E-48));
#14289=DIRECTION('',(4.92643991364194E-47,0.,1.));
#14290=DIRECTION('',(1.,0.,5.47382212626882E-48));
#14291=DIRECTION('',(4.92643991364194E-47,0.,1.));
#14292=DIRECTION('',(1.,0.,5.47382212626882E-48));
#14293=DIRECTION('',(-4.92643991364194E-47,0.,-1.));
#14294=DIRECTION('',(-1.,0.,-5.47382212626882E-48));
#14295=DIRECTION('',(4.92643991364194E-47,0.,1.));
#14296=DIRECTION('',(1.,0.,5.47382212626882E-48));
#14297=DIRECTION('center_axis',(-1.,0.,0.));
#14298=DIRECTION('ref_axis',(0.,0.,1.));
#14299=DIRECTION('',(0.,0.,-1.));
#14300=DIRECTION('',(0.,1.,0.));
#14301=DIRECTION('',(0.,0.,1.));
#14302=DIRECTION('',(0.,1.,0.));
#14303=DIRECTION('',(0.,1.,0.));
#14304=DIRECTION('center_axis',(0.,0.,1.));
#14305=DIRECTION('ref_axis',(1.,0.,0.));
#14306=DIRECTION('',(-1.,0.,0.));
#14307=DIRECTION('',(0.,-1.,0.));
#14308=DIRECTION('',(0.,1.,0.));
#14309=DIRECTION('',(1.,0.,0.));
#14310=DIRECTION('center_axis',(0.,1.,0.));
#14311=DIRECTION('ref_axis',(1.,0.,0.));
#14312=DIRECTION('center_axis',(0.,-1.,0.));
#14313=DIRECTION('ref_axis',(1.,0.,0.));
#14314=DIRECTION('',(0.,-1.,0.));
#14315=DIRECTION('center_axis',(0.,1.,0.));
#14316=DIRECTION('ref_axis',(1.,0.,0.));
#14317=DIRECTION('center_axis',(0.,0.,-1.));
#14318=DIRECTION('ref_axis',(-1.,0.,0.));
#14319=DIRECTION('',(-1.,0.,0.));
#14320=DIRECTION('',(-1.,0.,0.));
#14321=DIRECTION('',(0.,1.,0.));
#14322=DIRECTION('center_axis',(1.,0.,0.));
#14323=DIRECTION('ref_axis',(0.,0.,-1.));
#14324=DIRECTION('',(0.,0.,-1.));
#14325=DIRECTION('',(0.,0.,-1.));
#14326=DIRECTION('center_axis',(0.,1.,0.));
#14327=DIRECTION('ref_axis',(1.,0.,0.));
#14328=DIRECTION('center_axis',(-1.,0.,0.));
#14329=DIRECTION('ref_axis',(0.,0.,1.));
#14330=DIRECTION('',(0.,0.,-1.));
#14331=DIRECTION('',(0.,1.,0.));
#14332=DIRECTION('',(0.,0.,1.));
#14333=DIRECTION('',(0.,1.,0.));
#14334=DIRECTION('',(0.,0.,1.));
#14335=DIRECTION('',(0.,-1.,0.));
#14336=DIRECTION('',(0.,0.,-1.));
#14337=DIRECTION('center_axis',(0.,1.,0.));
#14338=DIRECTION('ref_axis',(0.,0.,1.));
#14339=DIRECTION('center_axis',(0.,1.,0.));
#14340=DIRECTION('ref_axis',(1.,0.,0.));
#14341=DIRECTION('center_axis',(0.,-1.,0.));
#14342=DIRECTION('ref_axis',(1.,0.,0.));
#14343=DIRECTION('',(0.,-1.,0.));
#14344=DIRECTION('center_axis',(0.,1.,0.));
#14345=DIRECTION('ref_axis',(1.,0.,0.));
#14346=DIRECTION('center_axis',(-1.,0.,0.));
#14347=DIRECTION('ref_axis',(0.,0.,1.));
#14348=DIRECTION('',(0.,0.,-1.));
#14349=DIRECTION('',(0.,-1.,0.));
#14350=DIRECTION('',(0.,0.,1.));
#14351=DIRECTION('',(0.,1.,0.));
#14352=DIRECTION('center_axis',(0.,0.,-1.));
#14353=DIRECTION('ref_axis',(-1.,0.,0.));
#14354=DIRECTION('',(1.,0.,0.));
#14355=DIRECTION('',(-1.,0.,0.));
#14356=DIRECTION('center_axis',(0.,1.,0.));
#14357=DIRECTION('ref_axis',(1.,0.,0.));
#14358=DIRECTION('',(-1.,0.,0.));
#14359=DIRECTION('center_axis',(0.,1.,0.));
#14360=DIRECTION('ref_axis',(0.,0.,1.));
#14361=DIRECTION('',(-1.,0.,0.));
#14362=DIRECTION('',(0.,0.,1.));
#14363=DIRECTION('',(-1.,0.,0.));
#14364=DIRECTION('',(0.,0.,1.));
#14365=DIRECTION('',(1.,0.,0.));
#14366=DIRECTION('',(0.,0.,1.));
#14367=DIRECTION('',(1.,0.,0.));
#14368=DIRECTION('center_axis',(0.,0.,-1.));
#14369=DIRECTION('ref_axis',(-1.,0.,0.));
#14370=DIRECTION('',(-1.,0.,0.));
#14371=DIRECTION('',(0.,1.,0.));
#14372=DIRECTION('',(-1.,0.,0.));
#14373=DIRECTION('',(0.,1.,0.));
#14374=DIRECTION('center_axis',(0.,1.,0.));
#14375=DIRECTION('ref_axis',(1.,0.,0.));
#14376=DIRECTION('center_axis',(0.,-1.,0.));
#14377=DIRECTION('ref_axis',(1.,0.,0.));
#14378=DIRECTION('',(0.,-1.,0.));
#14379=DIRECTION('center_axis',(0.,1.,0.));
#14380=DIRECTION('ref_axis',(1.,0.,0.));
#14381=DIRECTION('center_axis',(-1.,0.,0.));
#14382=DIRECTION('ref_axis',(0.,0.,1.));
#14383=DIRECTION('',(0.,0.,1.));
#14384=DIRECTION('',(0.,1.,0.));
#14385=DIRECTION('',(0.,0.,1.));
#14386=DIRECTION('center_axis',(1.,0.,0.));
#14387=DIRECTION('ref_axis',(0.,0.,-1.));
#14388=DIRECTION('',(0.,-1.,0.));
#14389=DIRECTION('',(0.,0.,-1.));
#14390=DIRECTION('',(0.,1.,0.));
#14391=DIRECTION('center_axis',(0.,0.,1.));
#14392=DIRECTION('ref_axis',(1.,0.,0.));
#14393=DIRECTION('',(1.,0.,0.));
#14394=DIRECTION('',(0.,1.,0.));
#14395=DIRECTION('center_axis',(0.,1.,0.));
#14396=DIRECTION('ref_axis',(1.,0.,0.));
#14397=DIRECTION('center_axis',(0.,0.,1.));
#14398=DIRECTION('ref_axis',(1.,0.,0.));
#14399=DIRECTION('',(-1.,0.,0.));
#14400=DIRECTION('center_axis',(0.,1.,0.));
#14401=DIRECTION('ref_axis',(0.,0.,1.));
#14402=DIRECTION('center_axis',(0.,0.,-1.));
#14403=DIRECTION('ref_axis',(-1.,0.,0.));
#14404=DIRECTION('',(0.,-1.,0.));
#14405=DIRECTION('',(-1.,0.,0.));
#14406=DIRECTION('',(0.,1.,0.));
#14407=DIRECTION('center_axis',(0.,1.,0.));
#14408=DIRECTION('ref_axis',(1.,0.,0.));
#14409=DIRECTION('center_axis',(0.,-1.,0.));
#14410=DIRECTION('ref_axis',(1.,0.,0.));
#14411=DIRECTION('',(0.,-1.,0.));
#14412=DIRECTION('center_axis',(0.,1.,0.));
#14413=DIRECTION('ref_axis',(1.,0.,0.));
#14414=DIRECTION('center_axis',(1.,0.,0.));
#14415=DIRECTION('ref_axis',(0.,0.,-1.));
#14416=DIRECTION('',(0.,0.,-1.));
#14417=DIRECTION('',(0.,1.,0.));
#14418=DIRECTION('center_axis',(0.,1.,0.));
#14419=DIRECTION('ref_axis',(1.,0.,0.));
#14420=DIRECTION('',(0.,0.,-1.));
#14421=DIRECTION('',(-1.,0.,0.));
#14422=DIRECTION('center_axis',(0.,0.,-1.));
#14423=DIRECTION('ref_axis',(-1.,0.,0.));
#14424=DIRECTION('',(0.,1.,0.));
#14425=DIRECTION('',(-1.,0.,0.));
#14426=DIRECTION('center_axis',(0.,1.,0.));
#14427=DIRECTION('ref_axis',(0.,0.,1.));
#14428=DIRECTION('center_axis',(0.,-1.,0.));
#14429=DIRECTION('ref_axis',(-1.,0.,0.));
#14430=DIRECTION('center_axis',(0.,-1.,0.));
#14431=DIRECTION('ref_axis',(-1.,0.,0.));
#14432=DIRECTION('',(0.,-1.,0.));
#14433=DIRECTION('center_axis',(0.,-1.,0.));
#14434=DIRECTION('ref_axis',(-1.,0.,0.));
#14435=DIRECTION('center_axis',(0.,1.,0.));
#14436=DIRECTION('ref_axis',(-1.,0.,0.));
#14437=DIRECTION('center_axis',(0.,-1.,0.));
#14438=DIRECTION('ref_axis',(-1.,0.,0.));
#14439=DIRECTION('center_axis',(0.,-1.,0.));
#14440=DIRECTION('ref_axis',(-1.,0.,0.));
#14441=DIRECTION('',(0.,-1.,0.));
#14442=DIRECTION('center_axis',(0.,-1.,0.));
#14443=DIRECTION('ref_axis',(-1.,0.,0.));
#14444=DIRECTION('center_axis',(0.,1.,0.));
#14445=DIRECTION('ref_axis',(-1.,0.,0.));
#14446=DIRECTION('center_axis',(1.,0.,0.));
#14447=DIRECTION('ref_axis',(0.,0.,-1.));
#14448=DIRECTION('',(0.,0.,1.));
#14449=DIRECTION('',(0.,1.,0.));
#14450=DIRECTION('',(0.,0.,-1.));
#14451=DIRECTION('center_axis',(-1.,0.,0.));
#14452=DIRECTION('ref_axis',(0.,0.,-1.));
#14453=DIRECTION('',(0.,0.,-1.));
#14454=DIRECTION('',(0.,-1.,0.));
#14455=DIRECTION('',(0.,0.,-1.));
#14456=DIRECTION('',(0.,-1.,0.));
#14457=DIRECTION('center_axis',(0.,-1.,0.));
#14458=DIRECTION('ref_axis',(0.,0.,-1.));
#14459=DIRECTION('',(-1.,0.,0.));
#14460=DIRECTION('',(0.,0.,1.));
#14461=DIRECTION('',(1.,0.,0.));
#14462=DIRECTION('',(-1.,0.,0.));
#14463=DIRECTION('center_axis',(0.,-1.,0.));
#14464=DIRECTION('ref_axis',(1.,0.,0.));
#14465=DIRECTION('',(-1.,0.,0.));
#14466=DIRECTION('',(0.,0.,1.));
#14467=DIRECTION('',(1.,0.,0.));
#14468=DIRECTION('',(0.,0.,-1.));
#14469=DIRECTION('',(1.,0.,0.));
#14470=DIRECTION('',(0.,0.,1.));
#14471=DIRECTION('',(-1.,0.,0.));
#14472=DIRECTION('',(-1.,0.,0.));
#14473=DIRECTION('center_axis',(0.,0.,-1.));
#14474=DIRECTION('ref_axis',(1.,0.,0.));
#14475=DIRECTION('',(0.,-1.,0.));
#14476=DIRECTION('center_axis',(1.,0.,0.));
#14477=DIRECTION('ref_axis',(0.,0.,1.));
#14478=DIRECTION('',(0.,-1.,0.));
#14479=DIRECTION('center_axis',(0.,0.,1.));
#14480=DIRECTION('ref_axis',(-1.,0.,0.));
#14481=DIRECTION('center_axis',(0.,0.,1.));
#14482=DIRECTION('ref_axis',(-1.,0.,0.));
#14483=DIRECTION('center_axis',(0.,0.,1.));
#14484=DIRECTION('ref_axis',(1.,0.,0.));
#14485=DIRECTION('',(1.,0.,0.));
#14486=DIRECTION('',(0.,1.,0.));
#14487=DIRECTION('',(0.,1.,0.));
#14488=DIRECTION('center_axis',(-1.,0.,0.));
#14489=DIRECTION('ref_axis',(0.,0.,1.));
#14490=DIRECTION('',(0.,0.,1.));
#14491=DIRECTION('',(0.,1.,0.));
#14492=DIRECTION('center_axis',(0.,0.,-1.));
#14493=DIRECTION('ref_axis',(-1.,0.,0.));
#14494=DIRECTION('',(-1.,0.,0.));
#14495=DIRECTION('',(0.,1.,0.));
#14496=DIRECTION('center_axis',(1.,0.,0.));
#14497=DIRECTION('ref_axis',(0.,0.,-1.));
#14498=DIRECTION('',(0.,0.,-1.));
#14499=DIRECTION('center_axis',(0.,1.,0.));
#14500=DIRECTION('ref_axis',(0.,0.,1.));
#14501=DIRECTION('center_axis',(0.,1.,0.));
#14502=DIRECTION('ref_axis',(1.,0.,0.));
#14503=DIRECTION('center_axis',(0.,1.,0.));
#14504=DIRECTION('ref_axis',(1.,0.,0.));
#14505=DIRECTION('',(0.,-1.,0.));
#14506=DIRECTION('center_axis',(0.,1.,0.));
#14507=DIRECTION('ref_axis',(1.,0.,0.));
#14508=DIRECTION('center_axis',(0.,1.,0.));
#14509=DIRECTION('ref_axis',(1.,0.,0.));
#14510=DIRECTION('',(0.,-1.,0.));
#14511=DIRECTION('center_axis',(0.,1.,0.));
#14512=DIRECTION('ref_axis',(1.,0.,0.));
#14513=DIRECTION('center_axis',(0.,1.,0.));
#14514=DIRECTION('ref_axis',(1.,0.,0.));
#14515=DIRECTION('',(0.,-1.,0.));
#14516=DIRECTION('center_axis',(0.,1.,0.));
#14517=DIRECTION('ref_axis',(1.,0.,0.));
#14518=DIRECTION('center_axis',(0.,1.,0.));
#14519=DIRECTION('ref_axis',(1.,0.,0.));
#14520=DIRECTION('',(0.,-1.,0.));
#14521=DIRECTION('center_axis',(0.,1.,0.));
#14522=DIRECTION('ref_axis',(1.,0.,0.));
#14523=DIRECTION('center_axis',(0.,1.,0.));
#14524=DIRECTION('ref_axis',(1.,0.,0.));
#14525=DIRECTION('center_axis',(0.,1.,0.));
#14526=DIRECTION('ref_axis',(1.,0.,0.));
#14527=DIRECTION('center_axis',(0.,-1.,0.));
#14528=DIRECTION('ref_axis',(1.,0.,0.));
#14529=DIRECTION('center_axis',(0.,-1.,0.));
#14530=DIRECTION('ref_axis',(1.,0.,0.));
#14531=DIRECTION('center_axis',(-1.,0.,0.));
#14532=DIRECTION('ref_axis',(0.,0.707106781186547,-0.707106781186547));
#14533=DIRECTION('center_axis',(-1.,0.,0.));
#14534=DIRECTION('ref_axis',(0.,0.707106781186547,-0.707106781186547));
#14535=DIRECTION('',(-1.,0.,0.));
#14536=DIRECTION('center_axis',(-1.,0.,0.));
#14537=DIRECTION('ref_axis',(0.,0.707106781186547,-0.707106781186547));
#14538=DIRECTION('',(1.,0.,0.));
#14539=DIRECTION('center_axis',(-1.,0.,0.));
#14540=DIRECTION('ref_axis',(0.,0.707106781186547,-0.707106781186547));
#14541=DIRECTION('center_axis',(-1.,0.,0.));
#14542=DIRECTION('ref_axis',(0.,0.707106781186547,-0.707106781186547));
#14543=DIRECTION('',(-1.,0.,0.));
#14544=DIRECTION('',(1.,0.,0.));
#14545=DIRECTION('center_axis',(-1.,0.,0.));
#14546=DIRECTION('ref_axis',(0.,1.,0.));
#14547=DIRECTION('',(1.,0.,0.));
#14548=DIRECTION('center_axis',(1.,0.,0.));
#14549=DIRECTION('ref_axis',(0.,0.707106781186547,-0.707106781186547));
#14550=DIRECTION('',(1.,0.,0.));
#14551=DIRECTION('center_axis',(0.,-1.,0.));
#14552=DIRECTION('ref_axis',(0.,0.,-1.));
#14553=DIRECTION('',(0.,0.,1.));
#14554=DIRECTION('',(1.,0.,0.));
#14555=DIRECTION('',(1.,0.,0.));
#14556=DIRECTION('',(1.,0.,0.));
#14557=DIRECTION('',(0.,0.,-1.));
#14558=DIRECTION('',(-1.,0.,0.));
#14559=DIRECTION('center_axis',(0.,1.,0.));
#14560=DIRECTION('ref_axis',(1.,0.,0.));
#14561=DIRECTION('center_axis',(0.,1.,0.));
#14562=DIRECTION('ref_axis',(1.,0.,0.));
#14563=DIRECTION('center_axis',(0.,1.,0.));
#14564=DIRECTION('ref_axis',(1.,0.,0.));
#14565=DIRECTION('center_axis',(0.,1.,0.));
#14566=DIRECTION('ref_axis',(1.,0.,0.));
#14567=DIRECTION('center_axis',(0.,1.,0.));
#14568=DIRECTION('ref_axis',(1.,0.,0.));
#14569=DIRECTION('center_axis',(0.,1.,0.));
#14570=DIRECTION('ref_axis',(1.,0.,0.));
#14571=DIRECTION('center_axis',(0.,-1.,0.));
#14572=DIRECTION('ref_axis',(1.,0.,0.));
#14573=DIRECTION('center_axis',(0.,-1.,0.));
#14574=DIRECTION('ref_axis',(1.,0.,0.));
#14575=DIRECTION('center_axis',(1.,0.,0.));
#14576=DIRECTION('ref_axis',(0.,0.707106781186547,0.707106781186547));
#14577=DIRECTION('',(-1.,0.,0.));
#14578=DIRECTION('center_axis',(1.,0.,0.));
#14579=DIRECTION('ref_axis',(0.,0.707106781186547,0.707106781186547));
#14580=DIRECTION('center_axis',(-1.,0.,0.));
#14581=DIRECTION('ref_axis',(0.,0.707106781186547,0.707106781186547));
#14582=DIRECTION('',(-1.,0.,0.));
#14583=DIRECTION('center_axis',(1.,0.,0.));
#14584=DIRECTION('ref_axis',(0.,0.707106781186547,0.707106781186547));
#14585=DIRECTION('center_axis',(-1.,0.,0.));
#14586=DIRECTION('ref_axis',(0.,0.707106781186547,0.707106781186547));
#14587=DIRECTION('center_axis',(0.,1.,0.));
#14588=DIRECTION('ref_axis',(1.,0.,0.));
#14589=DIRECTION('center_axis',(0.,1.,0.));
#14590=DIRECTION('ref_axis',(1.,0.,0.));
#14591=DIRECTION('center_axis',(0.,-1.,0.));
#14592=DIRECTION('ref_axis',(1.,0.,0.));
#14593=DIRECTION('center_axis',(0.,-1.,0.));
#14594=DIRECTION('ref_axis',(1.,0.,0.));
#14595=DIRECTION('center_axis',(-1.,0.,0.));
#14596=DIRECTION('ref_axis',(0.,0.707106781186547,-0.707106781186547));
#14597=DIRECTION('center_axis',(1.,0.,0.));
#14598=DIRECTION('ref_axis',(0.,0.707106781186547,-0.707106781186547));
#14599=DIRECTION('',(1.,0.,0.));
#14600=DIRECTION('center_axis',(-1.,0.,0.));
#14601=DIRECTION('ref_axis',(0.,0.707106781186547,-0.707106781186547));
#14602=DIRECTION('center_axis',(1.,0.,0.));
#14603=DIRECTION('ref_axis',(0.,0.707106781186547,-0.707106781186547));
#14604=DIRECTION('center_axis',(0.,1.,0.));
#14605=DIRECTION('ref_axis',(1.,0.,0.));
#14606=DIRECTION('center_axis',(0.,1.,0.));
#14607=DIRECTION('ref_axis',(1.,0.,0.));
#14608=DIRECTION('center_axis',(0.,-1.,0.));
#14609=DIRECTION('ref_axis',(1.,0.,0.));
#14610=DIRECTION('center_axis',(0.,-1.,0.));
#14611=DIRECTION('ref_axis',(1.,0.,0.));
#14612=DIRECTION('center_axis',(1.,0.,0.));
#14613=DIRECTION('ref_axis',(0.,0.707106781186547,0.707106781186547));
#14614=DIRECTION('center_axis',(1.,0.,0.));
#14615=DIRECTION('ref_axis',(0.,0.707106781186547,0.707106781186547));
#14616=DIRECTION('center_axis',(1.,0.,0.));
#14617=DIRECTION('ref_axis',(0.,0.707106781186547,0.707106781186547));
#14618=DIRECTION('',(-1.,0.,0.));
#14619=DIRECTION('center_axis',(1.,0.,0.));
#14620=DIRECTION('ref_axis',(0.,0.707106781186547,0.707106781186547));
#14621=DIRECTION('center_axis',(0.,1.,0.));
#14622=DIRECTION('ref_axis',(1.,0.,0.));
#14623=DIRECTION('',(0.,1.,0.));
#14624=DIRECTION('center_axis',(0.,1.,0.));
#14625=DIRECTION('ref_axis',(1.,0.,0.));
#14626=DIRECTION('',(0.,1.,0.));
#14627=DIRECTION('center_axis',(0.,1.,0.));
#14628=DIRECTION('ref_axis',(1.,0.,0.));
#14629=DIRECTION('',(0.,1.,0.));
#14630=DIRECTION('center_axis',(0.,1.,0.));
#14631=DIRECTION('ref_axis',(1.,0.,0.));
#14632=DIRECTION('',(0.,1.,0.));
#14633=DIRECTION('center_axis',(0.,1.,0.));
#14634=DIRECTION('ref_axis',(0.,0.,1.));
#14635=DIRECTION('',(0.,0.,1.));
#14636=DIRECTION('',(0.,0.,-1.));
#14637=DIRECTION('',(0.,0.,1.));
#14638=DIRECTION('',(-1.,0.,0.));
#14639=DIRECTION('',(0.,3.36738603387615E-16,-1.));
#14640=DIRECTION('',(1.,0.,0.));
#14641=DIRECTION('',(0.,0.,1.));
#14642=DIRECTION('',(-1.,0.,0.));
#14643=DIRECTION('',(0.,3.36738603387615E-16,-1.));
#14644=DIRECTION('center_axis',(1.,0.,0.));
#14645=DIRECTION('ref_axis',(0.,0.,-1.));
#14646=DIRECTION('center_axis',(-1.,0.,0.));
#14647=DIRECTION('ref_axis',(0.,0.,1.));
#14648=DIRECTION('center_axis',(1.,0.,0.));
#14649=DIRECTION('ref_axis',(0.,0.,1.));
#14650=DIRECTION('center_axis',(-1.,0.,0.));
#14651=DIRECTION('ref_axis',(0.,0.,1.));
#14652=DIRECTION('',(0.,0.649814798629636,0.76009257823105));
#14653=DIRECTION('center_axis',(-1.,0.,0.));
#14654=DIRECTION('ref_axis',(0.,0.,1.));
#14655=DIRECTION('',(0.,-0.76009257823105,0.649814798629636));
#14656=DIRECTION('center_axis',(-1.,0.,0.));
#14657=DIRECTION('ref_axis',(0.,0.,1.));
#14658=DIRECTION('center_axis',(1.,0.,0.));
#14659=DIRECTION('ref_axis',(0.,0.,1.));
#14660=DIRECTION('center_axis',(1.,0.,0.));
#14661=DIRECTION('ref_axis',(0.,-0.0319145395219529,-0.999490601340054));
#14662=DIRECTION('center_axis',(-1.,0.,0.));
#14663=DIRECTION('ref_axis',(0.,0.,1.));
#14664=DIRECTION('',(1.,0.,0.));
#14665=DIRECTION('center_axis',(1.,0.,0.));
#14666=DIRECTION('ref_axis',(0.,0.,1.));
#14667=DIRECTION('center_axis',(1.,0.,0.));
#14668=DIRECTION('ref_axis',(0.,0.,1.));
#14669=DIRECTION('',(1.,0.,0.));
#14670=DIRECTION('center_axis',(0.,0.76009257823105,-0.649814798629636));
#14671=DIRECTION('ref_axis',(0.,0.649814798629636,0.76009257823105));
#14672=DIRECTION('',(0.,0.649814798629636,0.76009257823105));
#14673=DIRECTION('',(1.,0.,0.));
#14674=DIRECTION('center_axis',(1.,0.,0.));
#14675=DIRECTION('ref_axis',(0.,0.,1.));
#14676=DIRECTION('center_axis',(-1.,0.,0.));
#14677=DIRECTION('ref_axis',(0.,0.,1.));
#14678=DIRECTION('center_axis',(0.,0.649814798629636,0.76009257823105));
#14679=DIRECTION('ref_axis',(0.,-0.76009257823105,0.649814798629636));
#14680=DIRECTION('',(0.,-0.76009257823105,0.649814798629636));
#14681=DIRECTION('',(1.,0.,0.));
#14682=DIRECTION('center_axis',(1.,0.,0.));
#14683=DIRECTION('ref_axis',(0.,0.183435173746973,-0.983031808759217));
#14684=DIRECTION('center_axis',(1.,0.,0.));
#14685=DIRECTION('ref_axis',(0.,0.,1.));
#14686=DIRECTION('center_axis',(-1.,0.,0.));
#14687=DIRECTION('ref_axis',(0.,0.,1.));
#14688=DIRECTION('center_axis',(-1.,0.,0.));
#14689=DIRECTION('ref_axis',(0.,0.,1.));
#14690=DIRECTION('center_axis',(-1.,0.,0.));
#14691=DIRECTION('ref_axis',(0.,0.,1.));
#14692=DIRECTION('center_axis',(0.,-1.,0.));
#14693=DIRECTION('ref_axis',(-1.,0.,0.));
#14694=DIRECTION('center_axis',(0.,-1.,0.));
#14695=DIRECTION('ref_axis',(-1.,0.,0.));
#14696=DIRECTION('',(0.,-1.,0.));
#14697=DIRECTION('center_axis',(0.,-1.,0.));
#14698=DIRECTION('ref_axis',(-1.,0.,0.));
#14699=DIRECTION('center_axis',(0.,1.,0.));
#14700=DIRECTION('ref_axis',(-1.,0.,0.));
#14701=DIRECTION('center_axis',(0.,-1.,0.));
#14702=DIRECTION('ref_axis',(-1.,0.,0.));
#14703=DIRECTION('center_axis',(0.,-1.,0.));
#14704=DIRECTION('ref_axis',(-1.,0.,0.));
#14705=DIRECTION('',(0.,-1.,0.));
#14706=DIRECTION('center_axis',(0.,-1.,0.));
#14707=DIRECTION('ref_axis',(-1.,0.,0.));
#14708=DIRECTION('center_axis',(0.,1.,0.));
#14709=DIRECTION('ref_axis',(-1.,0.,0.));
#14710=DIRECTION('center_axis',(0.,-1.,0.));
#14711=DIRECTION('ref_axis',(-1.,0.,0.));
#14712=DIRECTION('center_axis',(0.,-1.,0.));
#14713=DIRECTION('ref_axis',(-1.,0.,0.));
#14714=DIRECTION('',(0.,-1.,0.));
#14715=DIRECTION('center_axis',(0.,-1.,0.));
#14716=DIRECTION('ref_axis',(-1.,0.,0.));
#14717=DIRECTION('center_axis',(0.,1.,0.));
#14718=DIRECTION('ref_axis',(-1.,0.,0.));
#14719=DIRECTION('center_axis',(0.,-1.,0.));
#14720=DIRECTION('ref_axis',(-1.,0.,0.));
#14721=DIRECTION('center_axis',(0.,-1.,0.));
#14722=DIRECTION('ref_axis',(-1.,0.,0.));
#14723=DIRECTION('',(0.,-1.,0.));
#14724=DIRECTION('center_axis',(0.,-1.,0.));
#14725=DIRECTION('ref_axis',(-1.,0.,0.));
#14726=DIRECTION('center_axis',(0.,1.,0.));
#14727=DIRECTION('ref_axis',(-1.,0.,0.));
#14728=DIRECTION('center_axis',(0.,-1.,0.));
#14729=DIRECTION('ref_axis',(0.,0.,-1.));
#14730=DIRECTION('',(0.,0.,-1.));
#14731=DIRECTION('',(1.,0.,0.));
#14732=DIRECTION('',(0.,0.,1.));
#14733=DIRECTION('',(-1.,0.,0.));
#14734=DIRECTION('',(0.,0.,1.));
#14735=DIRECTION('',(-1.,0.,0.));
#14736=DIRECTION('',(0.,0.,-1.));
#14737=DIRECTION('',(1.,0.,0.));
#14738=DIRECTION('center_axis',(1.,0.,0.));
#14739=DIRECTION('ref_axis',(0.,0.,-1.));
#14740=DIRECTION('',(0.,1.,0.));
#14741=DIRECTION('',(0.,0.,-1.));
#14742=DIRECTION('',(0.,1.,0.));
#14743=DIRECTION('',(0.,0.,-1.));
#14744=DIRECTION('',(0.,1.,0.));
#14745=DIRECTION('center_axis',(0.,0.,-1.));
#14746=DIRECTION('ref_axis',(0.707106781186547,0.707106781186547,0.));
#14747=DIRECTION('',(0.,0.,1.));
#14748=DIRECTION('center_axis',(0.707106781186548,0.,-0.707106781186548));
#14749=DIRECTION('ref_axis',(0.707106781186547,0.,0.707106781186547));
#14750=DIRECTION('center_axis',(0.,0.,-1.));
#14751=DIRECTION('ref_axis',(0.707106781186547,0.707106781186547,0.));
#14752=DIRECTION('',(0.,0.,1.));
#14753=DIRECTION('center_axis',(1.,0.,0.));
#14754=DIRECTION('ref_axis',(0.,0.707106781186547,0.707106781186547));
#14755=DIRECTION('',(-1.,0.,0.));
#14756=DIRECTION('center_axis',(0.707106781186548,0.,0.707106781186548));
#14757=DIRECTION('ref_axis',(-0.707106781186547,0.,0.707106781186547));
#14758=DIRECTION('',(1.,0.,0.));
#14759=DIRECTION('',(-1.,0.,0.));
#14760=DIRECTION('',(-1.,0.,0.));
#14761=DIRECTION('center_axis',(0.,0.,1.));
#14762=DIRECTION('ref_axis',(-0.707106781186547,0.707106781186547,0.));
#14763=DIRECTION('',(0.,0.,-1.));
#14764=DIRECTION('center_axis',(0.,0.,-1.));
#14765=DIRECTION('ref_axis',(-0.707106781186547,0.707106781186547,0.));
#14766=DIRECTION('',(0.,0.,1.));
#14767=DIRECTION('center_axis',(0.,-1.,0.));
#14768=DIRECTION('ref_axis',(-1.,0.,0.));
#14769=DIRECTION('center_axis',(0.,-1.,0.));
#14770=DIRECTION('ref_axis',(-1.,0.,0.));
#14771=DIRECTION('center_axis',(0.,-1.,0.));
#14772=DIRECTION('ref_axis',(-1.,0.,0.));
#14773=DIRECTION('',(0.,-1.,0.));
#14774=DIRECTION('center_axis',(0.,1.,0.));
#14775=DIRECTION('ref_axis',(-1.,0.,0.));
#14776=DIRECTION('center_axis',(0.,1.,0.));
#14777=DIRECTION('ref_axis',(0.,0.,1.));
#14778=DIRECTION('',(-1.,0.,0.));
#14779=DIRECTION('',(-1.,0.,0.));
#14780=DIRECTION('',(-1.,0.,0.));
#14781=DIRECTION('center_axis',(0.,-1.,0.));
#14782=DIRECTION('ref_axis',(-1.,0.,0.));
#14783=DIRECTION('center_axis',(0.,-1.,0.));
#14784=DIRECTION('ref_axis',(-1.,0.,0.));
#14785=DIRECTION('',(-1.,0.,0.));
#14786=DIRECTION('',(0.,0.,-1.));
#14787=DIRECTION('',(1.,0.,0.));
#14788=DIRECTION('',(0.,0.,1.));
#14789=DIRECTION('center_axis',(0.,0.,1.));
#14790=DIRECTION('ref_axis',(1.,0.,0.));
#14791=DIRECTION('',(0.,1.,0.));
#14792=DIRECTION('',(1.,0.,0.));
#14793=DIRECTION('center_axis',(-1.,0.,0.));
#14794=DIRECTION('ref_axis',(0.,0.,1.));
#14795=DIRECTION('center_axis',(-1.,0.,0.));
#14796=DIRECTION('ref_axis',(0.,0.,1.));
#14797=DIRECTION('',(0.,0.,1.));
#14798=DIRECTION('',(0.,1.,0.));
#14799=DIRECTION('',(0.,1.,0.));
#14800=DIRECTION('',(0.,0.,1.));
#14801=DIRECTION('center_axis',(0.,0.,1.));
#14802=DIRECTION('ref_axis',(-1.,0.,0.));
#14803=DIRECTION('center_axis',(0.,0.,1.));
#14804=DIRECTION('ref_axis',(-1.,0.,0.));
#14805=DIRECTION('',(0.,0.,1.));
#14806=DIRECTION('center_axis',(0.,0.,-1.));
#14807=DIRECTION('ref_axis',(-1.,0.,0.));
#14808=DIRECTION('center_axis',(0.,-1.,0.));
#14809=DIRECTION('ref_axis',(-1.,0.,0.));
#14810=DIRECTION('',(0.,-1.,0.));
#14811=DIRECTION('center_axis',(0.,1.,0.));
#14812=DIRECTION('ref_axis',(-1.,0.,0.));
#14813=DIRECTION('center_axis',(0.,0.,-1.));
#14814=DIRECTION('ref_axis',(-1.,0.,0.));
#14815=DIRECTION('',(-1.,0.,0.));
#14816=DIRECTION('',(0.,1.,0.));
#14817=DIRECTION('',(1.,0.,0.));
#14818=DIRECTION('',(0.,1.,0.));
#14819=DIRECTION('center_axis',(1.,0.,0.));
#14820=DIRECTION('ref_axis',(0.,0.,-1.));
#14821=DIRECTION('',(0.,0.,-1.));
#14822=DIRECTION('',(0.,1.,0.));
#14823=DIRECTION('',(0.,0.,-1.));
#14824=DIRECTION('',(0.,-1.,0.));
#14825=DIRECTION('',(0.,0.,1.));
#14826=DIRECTION('center_axis',(-1.,0.,0.));
#14827=DIRECTION('ref_axis',(0.,0.,-1.));
#14828=DIRECTION('',(0.,0.,-1.));
#14829=DIRECTION('',(0.,-1.,0.));
#14830=DIRECTION('',(0.,-1.,0.));
#14831=DIRECTION('center_axis',(0.,0.,-1.));
#14832=DIRECTION('ref_axis',(-1.,0.,0.));
#14833=DIRECTION('',(-1.,0.,0.));
#14834=DIRECTION('',(0.,1.,0.));
#14835=DIRECTION('',(-1.,0.,0.));
#14836=DIRECTION('',(0.,-1.,0.));
#14837=DIRECTION('',(-1.,0.,0.));
#14838=DIRECTION('center_axis',(1.,0.,0.));
#14839=DIRECTION('ref_axis',(0.,1.,0.));
#14840=DIRECTION('',(0.,-1.,0.));
#14841=DIRECTION('',(0.,0.,1.));
#14842=DIRECTION('',(0.,0.,1.));
#14843=DIRECTION('center_axis',(-1.,0.,0.));
#14844=DIRECTION('ref_axis',(0.,-1.,0.));
#14845=DIRECTION('',(0.,1.,0.));
#14846=DIRECTION('',(0.,0.,1.));
#14847=DIRECTION('',(0.,0.,1.));
#14848=DIRECTION('center_axis',(0.,1.,0.));
#14849=DIRECTION('ref_axis',(-1.,0.,0.));
#14850=DIRECTION('',(1.,0.,0.));
#14851=DIRECTION('center_axis',(-6.34413156928661E-17,-1.,0.));
#14852=DIRECTION('ref_axis',(-1.,6.34413156928661E-17,0.));
#14853=DIRECTION('',(1.,-6.34413156928661E-17,0.));
#14854=DIRECTION('',(0.,0.,-1.));
#14855=DIRECTION('',(-1.,6.34413156928661E-17,0.));
#14856=DIRECTION('',(0.,0.,-1.));
#14857=DIRECTION('center_axis',(1.,0.,0.));
#14858=DIRECTION('ref_axis',(0.,-1.,0.));
#14859=DIRECTION('',(0.,1.,0.));
#14860=DIRECTION('',(0.,-1.,0.));
#14861=DIRECTION('',(0.,0.,-1.));
#14862=DIRECTION('center_axis',(0.,1.,0.));
#14863=DIRECTION('ref_axis',(1.,0.,0.));
#14864=DIRECTION('',(-1.,0.,0.));
#14865=DIRECTION('',(1.,0.,0.));
#14866=DIRECTION('',(0.,0.,-1.));
#14867=DIRECTION('center_axis',(-1.,0.,0.));
#14868=DIRECTION('ref_axis',(0.,1.,0.));
#14869=DIRECTION('',(0.,-1.,0.));
#14870=DIRECTION('',(0.,1.,0.));
#14871=DIRECTION('center_axis',(0.,0.,1.));
#14872=DIRECTION('ref_axis',(-1.,0.,0.));
#14873=DIRECTION('',(-1.,0.,0.));
#14874=DIRECTION('',(0.,-1.,0.));
#14875=DIRECTION('',(1.,0.,0.));
#14876=DIRECTION('',(-1.,0.,0.));
#14877=DIRECTION('',(0.,-1.,0.));
#14878=DIRECTION('center_axis',(1.,0.,0.));
#14879=DIRECTION('ref_axis',(0.,0.,1.));
#14880=DIRECTION('',(0.,0.,1.));
#14881=DIRECTION('',(0.,-1.,0.));
#14882=DIRECTION('center_axis',(0.,0.,-1.));
#14883=DIRECTION('ref_axis',(1.,0.,0.));
#14884=DIRECTION('',(1.,0.,0.));
#14885=DIRECTION('',(1.,0.,0.));
#14886=DIRECTION('center_axis',(0.,0.,1.));
#14887=DIRECTION('ref_axis',(1.,0.,0.));
#14888=DIRECTION('',(-1.,0.,0.));
#14889=DIRECTION('center_axis',(0.,1.,0.));
#14890=DIRECTION('ref_axis',(-1.,0.,0.));
#14891=DIRECTION('',(0.,0.,1.));
#14892=DIRECTION('center_axis',(0.,1.,0.));
#14893=DIRECTION('ref_axis',(0.,0.,1.));
#14894=DIRECTION('center_axis',(1.,0.,0.));
#14895=DIRECTION('ref_axis',(0.,0.,1.));
#14896=DIRECTION('',(0.,-1.,0.));
#14897=DIRECTION('',(0.,0.,1.));
#14898=DIRECTION('',(0.,-1.,0.));
#14899=DIRECTION('center_axis',(0.,0.,1.));
#14900=DIRECTION('ref_axis',(-1.,0.,0.));
#14901=DIRECTION('',(-1.,0.,0.));
#14902=DIRECTION('',(0.,-1.,0.));
#14903=DIRECTION('center_axis',(-1.,0.,0.));
#14904=DIRECTION('ref_axis',(0.,0.,-1.));
#14905=DIRECTION('',(0.,0.,-1.));
#14906=DIRECTION('',(0.,-1.,0.));
#14907=DIRECTION('center_axis',(0.,0.,-1.));
#14908=DIRECTION('ref_axis',(1.,0.,0.));
#14909=DIRECTION('',(1.,0.,0.));
#14910=DIRECTION('center_axis',(0.,0.,-1.));
#14911=DIRECTION('ref_axis',(1.,0.,0.));
#14912=DIRECTION('',(0.,1.,0.));
#14913=DIRECTION('',(1.,0.,0.));
#14914=DIRECTION('center_axis',(0.,-1.,0.));
#14915=DIRECTION('ref_axis',(0.,0.,-1.));
#14916=DIRECTION('',(0.,0.,-1.));
#14917=DIRECTION('center_axis',(-1.,0.,0.));
#14918=DIRECTION('ref_axis',(0.,0.,1.));
#14919=DIRECTION('',(0.,0.,1.));
#14920=DIRECTION('center_axis',(0.,-1.,0.));
#14921=DIRECTION('ref_axis',(0.,0.,1.));
#14922=DIRECTION('',(-1.,0.,0.));
#14923=DIRECTION('',(0.,0.,1.));
#14924=DIRECTION('',(-1.,0.,0.));
#14925=DIRECTION('center_axis',(-1.,0.,0.));
#14926=DIRECTION('ref_axis',(0.,1.,2.83276944882399E-16));
#14927=DIRECTION('center_axis',(-1.,0.,0.));
#14928=DIRECTION('ref_axis',(0.,0.,1.));
#14929=DIRECTION('center_axis',(-1.,0.,0.));
#14930=DIRECTION('ref_axis',(0.,0.,1.));
#14931=DIRECTION('',(-3.55141481745007E-31,1.,2.27595720048157E-15));
#14932=DIRECTION('',(-0.999999999999999,3.08148791101957E-31,-1.39811914674468E-16));
#14933=DIRECTION('',(-3.55141481745007E-31,1.,2.27595720048157E-15));
#14934=DIRECTION('',(1.28369537222268E-16,2.27595720048157E-15,-1.));
#14935=DIRECTION('',(-3.55141481745007E-31,1.,2.27595720048157E-15));
#14936=DIRECTION('',(-0.999999999999999,3.08148791101957E-31,-1.39811914674468E-16));
#14937=DIRECTION('',(-3.55141481745007E-31,1.,2.27595720048157E-15));
#14938=DIRECTION('',(0.999999999999999,-3.08148791101958E-32,1.73472347597681E-17));
#14939=DIRECTION('',(-3.55141481745007E-31,1.,2.27595720048157E-15));
#14940=DIRECTION('',(0.999999999999999,-3.08148791101958E-32,1.73472347597681E-17));
#14941=DIRECTION('',(-3.55141481745007E-31,1.,2.27595720048157E-15));
#14942=DIRECTION('',(0.999999999999999,-3.08148791101958E-32,1.73472347597681E-17));
#14943=DIRECTION('',(-3.55141481745007E-31,1.,2.27595720048157E-15));
#14944=DIRECTION('',(0.999999999999999,-3.08148791101958E-32,1.73472347597681E-17));
#14945=DIRECTION('',(-3.55141481745007E-31,1.,2.27595720048157E-15));
#14946=DIRECTION('',(0.999999999999999,-3.08148791101958E-32,1.73472347597681E-17));
#14947=DIRECTION('',(-3.55141481745007E-31,1.,2.27595720048157E-15));
#14948=DIRECTION('',(-0.999999999999999,3.08148791101957E-31,-1.39811914674468E-16));
#14949=DIRECTION('',(-3.55141481745007E-31,1.,2.27595720048157E-15));
#14950=DIRECTION('',(-0.999999999999999,3.08148791101957E-31,-1.39811914674468E-16));
#14951=DIRECTION('',(-3.55141481745007E-31,1.,2.27595720048157E-15));
#14952=DIRECTION('',(0.999999999999999,-3.08148791101958E-32,1.73472347597681E-17));
#14953=DIRECTION('',(-3.55141481745007E-31,1.,2.27595720048157E-15));
#14954=DIRECTION('',(0.999999999999999,-3.08148791101958E-32,1.73472347597681E-17));
#14955=DIRECTION('',(-3.55141481745007E-31,1.,2.27595720048157E-15));
#14956=DIRECTION('',(-0.999999999999999,3.08148791101957E-31,-1.39811914674468E-16));
#14957=DIRECTION('',(-3.55141481745007E-31,1.,2.27595720048157E-15));
#14958=DIRECTION('',(0.999999999999999,-3.08148791101958E-32,1.73472347597681E-17));
#14959=DIRECTION('',(-3.55141481745007E-31,1.,2.27595720048157E-15));
#14960=DIRECTION('',(-0.999999999999999,3.08148791101957E-31,-1.39811914674468E-16));
#14961=DIRECTION('',(-3.55141481745007E-31,1.,2.27595720048157E-15));
#14962=DIRECTION('',(-0.999999999999999,3.08148791101957E-31,-1.39811914674468E-16));
#14963=DIRECTION('',(-3.55141481745007E-31,1.,2.27595720048157E-15));
#14964=DIRECTION('',(-0.999999999999999,3.08148791101957E-31,-1.39811914674468E-16));
#14965=DIRECTION('',(-3.55141481745007E-31,1.,2.27595720048157E-15));
#14966=DIRECTION('',(-0.999999999999999,3.08148791101957E-31,-1.39811914674468E-16));
#14967=DIRECTION('',(-3.55141481745007E-31,1.,2.27595720048157E-15));
#14968=DIRECTION('',(-0.999999999999999,3.08148791101957E-31,-1.39811914674468E-16));
#14969=DIRECTION('',(-3.55141481745007E-31,1.,2.27595720048157E-15));
#14970=DIRECTION('',(0.999999999999999,-3.08148791101958E-32,1.73472347597681E-17));
#14971=DIRECTION('',(-3.55141481745007E-31,1.,2.27595720048157E-15));
#14972=DIRECTION('',(0.999999999999999,-3.08148791101958E-32,1.73472347597681E-17));
#14973=CARTESIAN_POINT('',(0.,0.,0.));
#14974=CARTESIAN_POINT('',(0.,0.,0.));
#14975=CARTESIAN_POINT('',(0.,0.,0.));
#14976=CARTESIAN_POINT('',(0.,0.,0.));
#14977=CARTESIAN_POINT('Origin',(4.00432436395368,-53.2576562238071,54.9999999999997));
#14978=CARTESIAN_POINT('',(4.00432436395357,5.99651995363102,8.048518518519));
#14979=CARTESIAN_POINT('',(4.00432436395355,5.99651995363102,0.330000000000004));
#14980=CARTESIAN_POINT('',(4.00432436395355,5.99651995363102,0.0300000000000011));
#14981=CARTESIAN_POINT('',(4.00432436395357,4.51389644946515,9.53));
#14982=CARTESIAN_POINT('Ctrl Pts',(4.00432436395357,4.51389644946515,9.53));
#14983=CARTESIAN_POINT('Ctrl Pts',(4.00432436395357,4.69695170340329,9.53));
#14984=CARTESIAN_POINT('Ctrl Pts',(4.00432436395357,4.91240392499334,9.48717914475646));
#14985=CARTESIAN_POINT('Ctrl Pts',(4.00432436395357,5.25055619742193,9.34717154616181));
#14986=CARTESIAN_POINT('Ctrl Pts',(4.00432436395357,5.43311237217601,9.22525636812297));
#14987=CARTESIAN_POINT('Ctrl Pts',(4.00432436395357,5.69180853732067,8.96665631224584));
#14988=CARTESIAN_POINT('Ctrl Pts',(4.00432436395357,5.81374718776794,8.7842412810162));
#14989=CARTESIAN_POINT('Ctrl Pts',(4.00432436395357,5.95371048490851,8.44644747447009));
#14990=CARTESIAN_POINT('Ctrl Pts',(4.00432436395357,5.99651995363102,8.23131256975313));
#14991=CARTESIAN_POINT('Ctrl Pts',(4.00432436395357,5.99651995363102,8.048518518519));
#14992=CARTESIAN_POINT('',(4.00432436395357,0.978903240517146,9.53));
#14993=CARTESIAN_POINT('',(4.00432436395357,-26.6288281119035,9.53));
#14994=CARTESIAN_POINT('',(4.00432436395357,0.978903240517146,9.33));
#14995=CARTESIAN_POINT('',(4.00432436395355,0.978903240517149,1.93));
#14996=CARTESIAN_POINT('',(4.00432436395357,-0.978903240517146,9.33));
#14997=CARTESIAN_POINT('',(4.00432436395357,-26.6288281119035,9.33));
#14998=CARTESIAN_POINT('',(4.00432436395357,-0.978903240517146,9.53));
#14999=CARTESIAN_POINT('',(4.00432436395355,-0.978903240517149,1.93));
#15000=CARTESIAN_POINT('',(4.00432436395357,-4.51389644946515,9.53));
#15001=CARTESIAN_POINT('',(4.00432436395357,-26.6288281119035,9.53));
#15002=CARTESIAN_POINT('',(4.00432436395357,-5.99651995363102,8.048518518519));
#15003=CARTESIAN_POINT('Ctrl Pts',(4.00432436395357,-5.99651995363102,8.048518518519));
#15004=CARTESIAN_POINT('Ctrl Pts',(4.00432436395357,-5.99651995363102,8.23131256975313));
#15005=CARTESIAN_POINT('Ctrl Pts',(4.00432436395357,-5.95371048490851,8.44644747447009));
#15006=CARTESIAN_POINT('Ctrl Pts',(4.00432436395357,-5.81374718776794,8.7842412810162));
#15007=CARTESIAN_POINT('Ctrl Pts',(4.00432436395357,-5.69180853732067,8.96665631224584));
#15008=CARTESIAN_POINT('Ctrl Pts',(4.00432436395357,-5.43311237217601,9.22525636812297));
#15009=CARTESIAN_POINT('Ctrl Pts',(4.00432436395357,-5.25055619742193,9.34717154616181));
#15010=CARTESIAN_POINT('Ctrl Pts',(4.00432436395357,-4.91240392499334,9.48717914475646));
#15011=CARTESIAN_POINT('Ctrl Pts',(4.00432436395357,-4.69695170340329,9.53));
#15012=CARTESIAN_POINT('Ctrl Pts',(4.00432436395357,-4.51389644946515,9.53));
#15013=CARTESIAN_POINT('',(4.00432436395355,-5.99651995363102,0.330000000000004));
#15014=CARTESIAN_POINT('',(4.00432436395355,-5.99651995363102,0.0300000000000011));
#15015=CARTESIAN_POINT('',(4.00432436395355,-5.69633667845353,0.0300000000000011));
#15016=CARTESIAN_POINT('Ctrl Pts',(4.00432436395355,-5.69633667845353,0.03));
#15017=CARTESIAN_POINT('Ctrl Pts',(4.00432436395355,-5.73339157030804,0.0300000000000004));
#15018=CARTESIAN_POINT('Ctrl Pts',(4.00432436395355,-5.77700384490636,0.0386708199880034));
#15019=CARTESIAN_POINT('Ctrl Pts',(4.00432436395355,-5.84546400278638,0.0670178907444764));
#15020=CARTESIAN_POINT('Ctrl Pts',(4.00432436395355,-5.88242835258192,0.0917054399924799));
#15021=CARTESIAN_POINT('Ctrl Pts',(4.00432436395355,-5.93481309889895,0.144071450509751));
#15022=CARTESIAN_POINT('Ctrl Pts',(4.00432436395355,-5.95950653969708,0.181011612754261));
#15023=CARTESIAN_POINT('Ctrl Pts',(4.00432436395355,-5.98785044887901,0.24941686094159));
#15024=CARTESIAN_POINT('Ctrl Pts',(4.00432436395355,-5.99651995363102,0.292983016264264));
#15025=CARTESIAN_POINT('Ctrl Pts',(4.00432436395355,-5.99651995363102,0.330000000000004));
#15026=CARTESIAN_POINT('',(4.00432436395355,5.69633667845353,0.0300000000000011));
#15027=CARTESIAN_POINT('',(4.00432436395355,-26.6288281119035,0.0300000000000011));
#15028=CARTESIAN_POINT('Ctrl Pts',(4.00432436395355,5.99651995363102,0.330000000000004));
#15029=CARTESIAN_POINT('Ctrl Pts',(4.00432436395355,5.99651995363102,0.292983016264264));
#15030=CARTESIAN_POINT('Ctrl Pts',(4.00432436395355,5.98785044887901,0.24941686094159));
#15031=CARTESIAN_POINT('Ctrl Pts',(4.00432436395355,5.95950653969708,0.181011612754261));
#15032=CARTESIAN_POINT('Ctrl Pts',(4.00432436395355,5.93481309889895,0.144071450509751));
#15033=CARTESIAN_POINT('Ctrl Pts',(4.00432436395355,5.88242835258192,0.0917054399924799));
#15034=CARTESIAN_POINT('Ctrl Pts',(4.00432436395355,5.84546400278638,0.0670178907444764));
#15035=CARTESIAN_POINT('Ctrl Pts',(4.00432436395355,5.77700384490636,0.0386708199880034));
#15036=CARTESIAN_POINT('Ctrl Pts',(4.00432436395355,5.73339157030804,0.0300000000000004));
#15037=CARTESIAN_POINT('Ctrl Pts',(4.00432436395355,5.69633667845353,0.03));
#15038=CARTESIAN_POINT('Origin',(3.8,8.737595245399E-17,9.33));
#15039=CARTESIAN_POINT('Origin',(3.8,0.,9.33));
#15040=CARTESIAN_POINT('Origin',(3.8,0.,1.93));
#15041=CARTESIAN_POINT('Origin',(3.8,0.,9.53));
#15042=CARTESIAN_POINT('Origin',(3.8,2.108840176837E-16,9.53));
#15043=CARTESIAN_POINT('Origin',(3.8,0.,9.53));
#15044=CARTESIAN_POINT('Origin',(3.8,0.,0.03));
#15045=CARTESIAN_POINT('Origin',(3.8,-8.91040357515E-35,8.048518518519));
#15046=CARTESIAN_POINT('Origin',(3.8,1.804356723968E-35,0.33));
#15047=CARTESIAN_POINT('Origin',(3.8,1.804356723968E-35,0.33));
#15048=CARTESIAN_POINT('Origin',(3.8,0.,0.03));
#15049=CARTESIAN_POINT('Origin',(3.8,-8.91040357515E-35,8.048518518519));
#15050=CARTESIAN_POINT('Origin',(3.8,2.108840176837E-16,0.03));
#15051=CARTESIAN_POINT('',(-0.45,-5.51091059616309E-17,0.0300000000000002));
#15052=CARTESIAN_POINT('Origin',(0.,0.,0.03));
#15053=CARTESIAN_POINT('Origin',(0.,0.,1.03));
#15054=CARTESIAN_POINT('',(-0.45,-5.51091059616309E-17,-2.82));
#15055=CARTESIAN_POINT('',(-0.45,-5.51091059616309E-17,1.03));
#15056=CARTESIAN_POINT('Origin',(0.,0.,-2.82));
#15057=CARTESIAN_POINT('Origin',(0.,0.,-2.82));
#15058=CARTESIAN_POINT('',(-0.27,3.30654635769785E-17,-3.));
#15059=CARTESIAN_POINT('Origin',(0.,0.,-3.));
#15060=CARTESIAN_POINT('Origin',(-0.27,3.30654635769785E-17,-2.82));
#15061=CARTESIAN_POINT('Origin',(-1.18701400394E-17,2.911085817041E-17,
-3.));
#15062=CARTESIAN_POINT('',(8.88178419700125E-16,-1.77635683940025E-15,-2.22044604925031E-16));
#15063=CARTESIAN_POINT('',(0.,0.,0.));
#15064=CARTESIAN_POINT('',(0.,0.,0.));
#15065=CARTESIAN_POINT('Origin',(-70.257656223807,-8.24432436395371,54.9999999999997));
#15066=CARTESIAN_POINT('',(-0.846666666667001,-8.24432436395358,0.));
#15067=CARTESIAN_POINT('',(-1.27,-8.24432436395358,0.));
#15068=CARTESIAN_POINT('',(-35.1288281119035,-8.24432436395358,0.));
#15069=CARTESIAN_POINT('',(-0.846666666667001,-8.24432436395358,0.2));
#15070=CARTESIAN_POINT('',(-0.846666666667,-8.24432436395364,27.4999999999999));
#15071=CARTESIAN_POINT('',(0.846666666667001,-8.24432436395358,0.2));
#15072=CARTESIAN_POINT('',(-35.1288281119035,-8.24432436395358,0.2));
#15073=CARTESIAN_POINT('',(0.846666666667001,-8.24432436395358,0.));
#15074=CARTESIAN_POINT('',(0.846666666667,-8.24432436395364,27.4999999999999));
#15075=CARTESIAN_POINT('',(1.27,-8.24432436395357,0.));
#15076=CARTESIAN_POINT('',(-35.1288281119035,-8.24432436395358,0.));
#15077=CARTESIAN_POINT('',(1.27,-8.2443243639536,8.5));
#15078=CARTESIAN_POINT('',(1.27,-8.24432436395364,27.4999999999999));
#15079=CARTESIAN_POINT('',(-1.27,-8.2443243639536,8.5));
#15080=CARTESIAN_POINT('',(-35.1288281119035,-8.2443243639536,8.5));
#15081=CARTESIAN_POINT('',(-1.27,-8.24432436395364,27.4999999999999));
#15082=CARTESIAN_POINT('Origin',(-9.592326932761E-16,-8.89,0.));
#15083=CARTESIAN_POINT('',(0.846666666667,1.27,0.));
#15084=CARTESIAN_POINT('',(0.846666666667,-19.05,0.));
#15085=CARTESIAN_POINT('',(1.27,1.27,0.));
#15086=CARTESIAN_POINT('',(1.27,1.27,0.));
#15087=CARTESIAN_POINT('',(1.27,-19.05,0.));
#15088=CARTESIAN_POINT('Origin',(0.846666666667,-19.05,0.));
#15089=CARTESIAN_POINT('',(0.846666666667,1.27,0.2));
#15090=CARTESIAN_POINT('',(0.846666666667,-19.05,0.2));
#15091=CARTESIAN_POINT('',(0.846666666667,1.27,0.));
#15092=CARTESIAN_POINT('Origin',(-9.592326932761E-16,-8.89,0.2));
#15093=CARTESIAN_POINT('',(-0.846666666667,1.27,0.2));
#15094=CARTESIAN_POINT('',(-0.846666666667,1.27,0.2));
#15095=CARTESIAN_POINT('',(0.846666666667,1.27,0.2));
#15096=CARTESIAN_POINT('',(-0.1,-0.45,0.2));
#15097=CARTESIAN_POINT('',(0.1,-0.45,0.2));
#15098=CARTESIAN_POINT('',(-0.1,-0.45,0.2));
#15099=CARTESIAN_POINT('',(0.1,-0.3,0.2));
#15100=CARTESIAN_POINT('',(0.1,0.45,0.2));
#15101=CARTESIAN_POINT('',(0.1,0.3,0.2));
#15102=CARTESIAN_POINT('',(0.1,-4.445,0.2));
#15103=CARTESIAN_POINT('',(0.1,0.45,0.2));
#15104=CARTESIAN_POINT('',(0.1,0.45,0.2));
#15105=CARTESIAN_POINT('',(-0.1,0.45,0.2));
#15106=CARTESIAN_POINT('',(-0.1,0.45,0.2));
#15107=CARTESIAN_POINT('',(-0.1,0.3,0.2));
#15108=CARTESIAN_POINT('',(-0.1,-0.45,0.2));
#15109=CARTESIAN_POINT('',(-0.1,-0.3,0.2));
#15110=CARTESIAN_POINT('',(-0.1,-4.445,0.2));
#15111=CARTESIAN_POINT('',(-0.1,-0.45,0.2));
#15112=CARTESIAN_POINT('',(-0.1,-2.99,0.2));
#15113=CARTESIAN_POINT('',(0.1,-2.99,0.2));
#15114=CARTESIAN_POINT('',(-0.1,-2.99,0.2));
#15115=CARTESIAN_POINT('',(0.1,-2.84,0.2));
#15116=CARTESIAN_POINT('',(0.1,-2.09,0.2));
#15117=CARTESIAN_POINT('',(0.1,-2.24,0.2));
#15118=CARTESIAN_POINT('',(0.1,-5.715,0.2));
#15119=CARTESIAN_POINT('',(0.1,-2.09,0.2));
#15120=CARTESIAN_POINT('',(0.1,-2.09,0.2));
#15121=CARTESIAN_POINT('',(-0.1,-2.09,0.2));
#15122=CARTESIAN_POINT('',(-0.1,-2.09,0.2));
#15123=CARTESIAN_POINT('',(-0.1,-2.24,0.2));
#15124=CARTESIAN_POINT('',(-0.1,-2.99,0.2));
#15125=CARTESIAN_POINT('',(-0.1,-2.84,0.2));
#15126=CARTESIAN_POINT('',(-0.1,-5.715,0.2));
#15127=CARTESIAN_POINT('',(-0.1,-2.99,0.2));
#15128=CARTESIAN_POINT('',(-0.1,-5.53,0.2));
#15129=CARTESIAN_POINT('',(0.1,-5.53,0.2));
#15130=CARTESIAN_POINT('',(-0.1,-5.53,0.2));
#15131=CARTESIAN_POINT('',(0.1,-5.38,0.2));
#15132=CARTESIAN_POINT('',(0.1,-4.63,0.2));
#15133=CARTESIAN_POINT('',(0.1,-4.78,0.2));
#15134=CARTESIAN_POINT('',(0.1,-6.985,0.2));
#15135=CARTESIAN_POINT('',(0.1,-4.63,0.2));
#15136=CARTESIAN_POINT('',(0.1,-4.63,0.2));
#15137=CARTESIAN_POINT('',(-0.1,-4.63,0.2));
#15138=CARTESIAN_POINT('',(-0.1,-4.63,0.2));
#15139=CARTESIAN_POINT('',(-0.1,-4.78,0.2));
#15140=CARTESIAN_POINT('',(-0.1,-5.53,0.2));
#15141=CARTESIAN_POINT('',(-0.1,-5.38,0.2));
#15142=CARTESIAN_POINT('',(-0.1,-6.985,0.2));
#15143=CARTESIAN_POINT('',(-0.1,-5.53,0.2));
#15144=CARTESIAN_POINT('',(-0.1,-8.07,0.2));
#15145=CARTESIAN_POINT('',(0.1,-8.07,0.2));
#15146=CARTESIAN_POINT('',(-0.1,-8.07,0.2));
#15147=CARTESIAN_POINT('',(0.1,-7.92,0.2));
#15148=CARTESIAN_POINT('',(0.1,-7.17,0.2));
#15149=CARTESIAN_POINT('',(0.1,-7.32,0.2));
#15150=CARTESIAN_POINT('',(0.1,-8.255,0.2));
#15151=CARTESIAN_POINT('',(0.1,-7.17,0.2));
#15152=CARTESIAN_POINT('',(0.1,-7.17,0.2));
#15153=CARTESIAN_POINT('',(-0.1,-7.17,0.2));
#15154=CARTESIAN_POINT('',(-0.1,-7.17,0.2));
#15155=CARTESIAN_POINT('',(-0.1,-7.32,0.2));
#15156=CARTESIAN_POINT('',(-0.1,-8.07,0.2));
#15157=CARTESIAN_POINT('',(-0.1,-7.92,0.2));
#15158=CARTESIAN_POINT('',(-0.1,-8.255,0.2));
#15159=CARTESIAN_POINT('',(-0.1,-8.07,0.2));
#15160=CARTESIAN_POINT('Origin',(-0.846666666667,1.27,0.));
#15161=CARTESIAN_POINT('',(-0.846666666667,1.27,0.));
#15162=CARTESIAN_POINT('',(-0.846666666667,1.27,0.));
#15163=CARTESIAN_POINT('',(-0.846666666667,1.27,0.));
#15164=CARTESIAN_POINT('Origin',(1.27,-19.05,0.));
#15165=CARTESIAN_POINT('',(1.27,1.27,8.5));
#15166=CARTESIAN_POINT('',(1.27,1.27,0.));
#15167=CARTESIAN_POINT('',(1.27,-19.05,8.5));
#15168=CARTESIAN_POINT('Origin',(1.27,1.27,0.));
#15169=CARTESIAN_POINT('',(-1.27,1.27,0.));
#15170=CARTESIAN_POINT('',(1.27,1.27,0.));
#15171=CARTESIAN_POINT('',(-1.27,1.27,8.5));
#15172=CARTESIAN_POINT('',(-1.27,1.27,0.));
#15173=CARTESIAN_POINT('',(1.27,1.27,8.5));
#15174=CARTESIAN_POINT('Origin',(-9.592326932761E-16,-8.89,8.5));
#15175=CARTESIAN_POINT('',(-1.27,1.27,8.5));
#15176=CARTESIAN_POINT('',(0.6,-0.6,8.5));
#15177=CARTESIAN_POINT('',(0.6,0.6,8.5));
#15178=CARTESIAN_POINT('',(0.6,-0.6,8.5));
#15179=CARTESIAN_POINT('',(-0.6,-0.6,8.5));
#15180=CARTESIAN_POINT('',(-0.6,-0.6,8.5));
#15181=CARTESIAN_POINT('',(-0.6,0.6,8.5));
#15182=CARTESIAN_POINT('',(-0.6,0.6,8.5));
#15183=CARTESIAN_POINT('',(0.6,0.6,8.5));
#15184=CARTESIAN_POINT('',(0.6,-3.14,8.5));
#15185=CARTESIAN_POINT('',(0.6,-1.94,8.5));
#15186=CARTESIAN_POINT('',(0.6,-3.14,8.5));
#15187=CARTESIAN_POINT('',(-0.6,-3.14,8.5));
#15188=CARTESIAN_POINT('',(-0.6,-3.14,8.5));
#15189=CARTESIAN_POINT('',(-0.6,-1.94,8.5));
#15190=CARTESIAN_POINT('',(-0.6,-1.94,8.5));
#15191=CARTESIAN_POINT('',(0.6,-1.94,8.5));
#15192=CARTESIAN_POINT('',(0.6,-5.68,8.5));
#15193=CARTESIAN_POINT('',(0.6,-4.48,8.5));
#15194=CARTESIAN_POINT('',(0.6,-5.68,8.5));
#15195=CARTESIAN_POINT('',(-0.6,-5.68,8.5));
#15196=CARTESIAN_POINT('',(-0.6,-5.68,8.5));
#15197=CARTESIAN_POINT('',(-0.6,-4.48,8.5));
#15198=CARTESIAN_POINT('',(-0.6,-4.48,8.5));
#15199=CARTESIAN_POINT('',(0.6,-4.48,8.5));
#15200=CARTESIAN_POINT('',(0.6,-8.22,8.5));
#15201=CARTESIAN_POINT('',(0.6,-7.02,8.5));
#15202=CARTESIAN_POINT('',(0.6,-8.22,8.5));
#15203=CARTESIAN_POINT('',(-0.6,-8.22,8.5));
#15204=CARTESIAN_POINT('',(-0.6,-8.22,8.5));
#15205=CARTESIAN_POINT('',(-0.6,-7.02,8.5));
#15206=CARTESIAN_POINT('',(-0.6,-7.02,8.5));
#15207=CARTESIAN_POINT('',(0.6,-7.02,8.5));
#15208=CARTESIAN_POINT('Origin',(-9.592326932761E-16,-8.89,0.));
#15209=CARTESIAN_POINT('',(-1.27,1.27,0.));
#15210=CARTESIAN_POINT('Origin',(-1.27,1.27,0.));
#15211=CARTESIAN_POINT('Origin',(0.45,-8.22,8.35));
#15212=CARTESIAN_POINT('',(0.3,-7.92,8.2));
#15213=CARTESIAN_POINT('',(0.3,-7.92,8.2));
#15214=CARTESIAN_POINT('',(0.3,-7.32,8.2));
#15215=CARTESIAN_POINT('',(0.3,-7.32,8.2));
#15216=CARTESIAN_POINT('',(0.3,-8.22,8.2));
#15217=CARTESIAN_POINT('Origin',(0.6,-7.17,8.35));
#15218=CARTESIAN_POINT('',(-0.3,-7.32,8.2));
#15219=CARTESIAN_POINT('',(-0.3,-7.32,8.2));
#15220=CARTESIAN_POINT('',(0.6,-7.32,8.2));
#15221=CARTESIAN_POINT('Origin',(-0.45,-7.02,8.35));
#15222=CARTESIAN_POINT('',(-0.3,-7.92,8.2));
#15223=CARTESIAN_POINT('',(-0.3,-7.92,8.2));
#15224=CARTESIAN_POINT('',(-0.3,-7.02,8.2));
#15225=CARTESIAN_POINT('Origin',(-0.6,-8.07,8.35));
#15226=CARTESIAN_POINT('',(-0.6,-7.92,8.2));
#15227=CARTESIAN_POINT('Origin',(0.45,-5.68,8.35));
#15228=CARTESIAN_POINT('',(0.3,-5.38,8.2));
#15229=CARTESIAN_POINT('',(0.3,-5.38,8.2));
#15230=CARTESIAN_POINT('',(0.3,-4.78,8.2));
#15231=CARTESIAN_POINT('',(0.3,-4.78,8.2));
#15232=CARTESIAN_POINT('',(0.3,-5.68,8.2));
#15233=CARTESIAN_POINT('Origin',(0.6,-4.63,8.35));
#15234=CARTESIAN_POINT('',(-0.3,-4.78,8.2));
#15235=CARTESIAN_POINT('',(-0.3,-4.78,8.2));
#15236=CARTESIAN_POINT('',(0.6,-4.78,8.2));
#15237=CARTESIAN_POINT('Origin',(-0.45,-4.48,8.35));
#15238=CARTESIAN_POINT('',(-0.3,-5.38,8.2));
#15239=CARTESIAN_POINT('',(-0.3,-5.38,8.2));
#15240=CARTESIAN_POINT('',(-0.3,-4.48,8.2));
#15241=CARTESIAN_POINT('Origin',(-0.6,-5.53,8.35));
#15242=CARTESIAN_POINT('',(-0.6,-5.38,8.2));
#15243=CARTESIAN_POINT('Origin',(0.45,-3.14,8.35));
#15244=CARTESIAN_POINT('',(0.3,-2.84,8.2));
#15245=CARTESIAN_POINT('',(0.3,-2.84,8.2));
#15246=CARTESIAN_POINT('',(0.3,-2.24,8.2));
#15247=CARTESIAN_POINT('',(0.3,-2.24,8.2));
#15248=CARTESIAN_POINT('',(0.3,-3.14,8.2));
#15249=CARTESIAN_POINT('Origin',(0.6,-2.09,8.35));
#15250=CARTESIAN_POINT('',(-0.3,-2.24,8.2));
#15251=CARTESIAN_POINT('',(-0.3,-2.24,8.2));
#15252=CARTESIAN_POINT('',(0.6,-2.24,8.2));
#15253=CARTESIAN_POINT('Origin',(-0.45,-1.94,8.35));
#15254=CARTESIAN_POINT('',(-0.3,-2.84,8.2));
#15255=CARTESIAN_POINT('',(-0.3,-2.84,8.2));
#15256=CARTESIAN_POINT('',(-0.3,-1.94,8.2));
#15257=CARTESIAN_POINT('Origin',(-0.6,-2.99,8.35));
#15258=CARTESIAN_POINT('',(-0.6,-2.84,8.2));
#15259=CARTESIAN_POINT('Origin',(0.45,-0.6,8.35));
#15260=CARTESIAN_POINT('',(0.3,-0.3,8.2));
#15261=CARTESIAN_POINT('',(0.3,-0.3,8.2));
#15262=CARTESIAN_POINT('',(0.3,0.3,8.2));
#15263=CARTESIAN_POINT('',(0.3,0.3,8.2));
#15264=CARTESIAN_POINT('',(0.3,-0.6,8.2));
#15265=CARTESIAN_POINT('Origin',(0.6,0.45,8.35));
#15266=CARTESIAN_POINT('',(-0.3,0.3,8.2));
#15267=CARTESIAN_POINT('',(-0.3,0.3,8.2));
#15268=CARTESIAN_POINT('',(0.6,0.3,8.2));
#15269=CARTESIAN_POINT('Origin',(-0.45,0.6,8.35));
#15270=CARTESIAN_POINT('',(-0.3,-0.3,8.2));
#15271=CARTESIAN_POINT('',(-0.3,-0.3,8.2));
#15272=CARTESIAN_POINT('',(-0.3,0.6,8.2));
#15273=CARTESIAN_POINT('Origin',(-0.6,-0.45,8.35));
#15274=CARTESIAN_POINT('',(-0.6,-0.3,8.2));
#15275=CARTESIAN_POINT('Origin',(-0.1,-7.92,0.2));
#15276=CARTESIAN_POINT('',(-0.1,-7.92,0.2));
#15277=CARTESIAN_POINT('Origin',(0.1,-7.62,3.911477598424));
#15278=CARTESIAN_POINT('',(0.1,-7.92,-2.5));
#15279=CARTESIAN_POINT('',(0.1,-7.92,-2.5));
#15280=CARTESIAN_POINT('',(0.1,-7.77,-3.1));
#15281=CARTESIAN_POINT('',(0.1,-7.77,-3.1));
#15282=CARTESIAN_POINT('',(0.1,-7.47,-3.1));
#15283=CARTESIAN_POINT('',(0.1,-7.47,-3.1));
#15284=CARTESIAN_POINT('',(0.1,-7.32,-2.5));
#15285=CARTESIAN_POINT('',(0.1,-7.32,-2.5));
#15286=CARTESIAN_POINT('',(0.1,-7.32,0.2));
#15287=CARTESIAN_POINT('Origin',(-0.1,-7.92,0.2));
#15288=CARTESIAN_POINT('',(-0.1,-7.32,0.2));
#15289=CARTESIAN_POINT('Origin',(-0.1,-7.62,3.911477598424));
#15290=CARTESIAN_POINT('',(-0.1,-7.92,-2.5));
#15291=CARTESIAN_POINT('',(-0.1,-7.92,-2.5));
#15292=CARTESIAN_POINT('',(-0.1,-7.32,-2.5));
#15293=CARTESIAN_POINT('',(-0.1,-7.32,0.2));
#15294=CARTESIAN_POINT('',(-0.1,-7.47,-3.1));
#15295=CARTESIAN_POINT('',(-0.1,-7.32,-2.5));
#15296=CARTESIAN_POINT('',(-0.1,-7.77,-3.1));
#15297=CARTESIAN_POINT('',(-0.1,-7.77,-3.1));
#15298=CARTESIAN_POINT('',(-0.1,-7.77,-3.1));
#15299=CARTESIAN_POINT('Origin',(-0.1,-5.38,0.2));
#15300=CARTESIAN_POINT('',(-0.1,-5.38,0.2));
#15301=CARTESIAN_POINT('Origin',(0.1,-5.08,3.911477598424));
#15302=CARTESIAN_POINT('',(0.1,-5.38,-2.5));
#15303=CARTESIAN_POINT('',(0.1,-5.38,-2.5));
#15304=CARTESIAN_POINT('',(0.1,-5.23,-3.1));
#15305=CARTESIAN_POINT('',(0.1,-5.23,-3.1));
#15306=CARTESIAN_POINT('',(0.1,-4.93,-3.1));
#15307=CARTESIAN_POINT('',(0.1,-4.93,-3.1));
#15308=CARTESIAN_POINT('',(0.1,-4.78,-2.5));
#15309=CARTESIAN_POINT('',(0.1,-4.78,-2.5));
#15310=CARTESIAN_POINT('',(0.1,-4.78,0.2));
#15311=CARTESIAN_POINT('Origin',(-0.1,-5.38,0.2));
#15312=CARTESIAN_POINT('',(-0.1,-4.78,0.2));
#15313=CARTESIAN_POINT('Origin',(-0.1,-5.08,3.911477598424));
#15314=CARTESIAN_POINT('',(-0.1,-5.38,-2.5));
#15315=CARTESIAN_POINT('',(-0.1,-5.38,-2.5));
#15316=CARTESIAN_POINT('',(-0.1,-4.78,-2.5));
#15317=CARTESIAN_POINT('',(-0.1,-4.78,0.2));
#15318=CARTESIAN_POINT('',(-0.1,-4.93,-3.1));
#15319=CARTESIAN_POINT('',(-0.1,-4.78,-2.5));
#15320=CARTESIAN_POINT('',(-0.1,-5.23,-3.1));
#15321=CARTESIAN_POINT('',(-0.1,-5.23,-3.1));
#15322=CARTESIAN_POINT('',(-0.1,-5.23,-3.1));
#15323=CARTESIAN_POINT('Origin',(-0.1,-2.84,0.2));
#15324=CARTESIAN_POINT('',(-0.1,-2.84,0.2));
#15325=CARTESIAN_POINT('Origin',(0.1,-2.54,3.911477598424));
#15326=CARTESIAN_POINT('',(0.1,-2.84,-2.5));
#15327=CARTESIAN_POINT('',(0.1,-2.84,-2.5));
#15328=CARTESIAN_POINT('',(0.1,-2.69,-3.1));
#15329=CARTESIAN_POINT('',(0.1,-2.69,-3.1));
#15330=CARTESIAN_POINT('',(0.1,-2.39,-3.1));
#15331=CARTESIAN_POINT('',(0.1,-2.39,-3.1));
#15332=CARTESIAN_POINT('',(0.1,-2.24,-2.5));
#15333=CARTESIAN_POINT('',(0.1,-2.24,-2.5));
#15334=CARTESIAN_POINT('',(0.1,-2.24,0.2));
#15335=CARTESIAN_POINT('Origin',(-0.1,-2.84,0.2));
#15336=CARTESIAN_POINT('',(-0.1,-2.24,0.2));
#15337=CARTESIAN_POINT('Origin',(-0.1,-2.54,3.911477598424));
#15338=CARTESIAN_POINT('',(-0.1,-2.84,-2.5));
#15339=CARTESIAN_POINT('',(-0.1,-2.84,-2.5));
#15340=CARTESIAN_POINT('',(-0.1,-2.24,-2.5));
#15341=CARTESIAN_POINT('',(-0.1,-2.24,0.2));
#15342=CARTESIAN_POINT('',(-0.1,-2.39,-3.1));
#15343=CARTESIAN_POINT('',(-0.1,-2.24,-2.5));
#15344=CARTESIAN_POINT('',(-0.1,-2.69,-3.1));
#15345=CARTESIAN_POINT('',(-0.1,-2.69,-3.1));
#15346=CARTESIAN_POINT('',(-0.1,-2.69,-3.1));
#15347=CARTESIAN_POINT('Origin',(-0.1,-0.3,0.2));
#15348=CARTESIAN_POINT('',(-0.1,-0.3,0.2));
#15349=CARTESIAN_POINT('Origin',(0.1,-1.110223024625E-17,3.911477598424));
#15350=CARTESIAN_POINT('',(0.1,-0.3,-2.5));
#15351=CARTESIAN_POINT('',(0.1,-0.3,-2.5));
#15352=CARTESIAN_POINT('',(0.1,-0.15,-3.1));
#15353=CARTESIAN_POINT('',(0.1,-0.15,-3.1));
#15354=CARTESIAN_POINT('',(0.1,0.15,-3.1));
#15355=CARTESIAN_POINT('',(0.1,0.15,-3.1));
#15356=CARTESIAN_POINT('',(0.1,0.3,-2.5));
#15357=CARTESIAN_POINT('',(0.1,0.3,-2.5));
#15358=CARTESIAN_POINT('',(0.1,0.3,0.2));
#15359=CARTESIAN_POINT('Origin',(-0.1,-0.3,0.2));
#15360=CARTESIAN_POINT('',(-0.1,0.3,0.2));
#15361=CARTESIAN_POINT('Origin',(-0.1,1.110223024625E-17,3.911477598424));
#15362=CARTESIAN_POINT('',(-0.1,-0.3,-2.5));
#15363=CARTESIAN_POINT('',(-0.1,-0.3,-2.5));
#15364=CARTESIAN_POINT('',(-0.1,0.3,-2.5));
#15365=CARTESIAN_POINT('',(-0.1,0.3,0.2));
#15366=CARTESIAN_POINT('',(-0.1,0.15,-3.1));
#15367=CARTESIAN_POINT('',(-0.1,0.3,-2.5));
#15368=CARTESIAN_POINT('',(-0.1,-0.15,-3.1));
#15369=CARTESIAN_POINT('',(-0.1,-0.15,-3.1));
#15370=CARTESIAN_POINT('',(-0.1,-0.15,-3.1));
#15371=CARTESIAN_POINT('Origin',(0.3,-7.92,8.2));
#15372=CARTESIAN_POINT('',(0.3,-7.92,0.9));
#15373=CARTESIAN_POINT('',(0.3,-7.92,8.2));
#15374=CARTESIAN_POINT('',(0.3,-7.32,0.9));
#15375=CARTESIAN_POINT('',(0.3,-7.32,8.2));
#15376=CARTESIAN_POINT('',(0.3,-7.92,0.9));
#15377=CARTESIAN_POINT('Origin',(0.3,-7.32,8.2));
#15378=CARTESIAN_POINT('',(-0.3,-7.32,0.9));
#15379=CARTESIAN_POINT('',(-0.3,-7.32,8.2));
#15380=CARTESIAN_POINT('',(-0.1,-7.32,0.9));
#15381=CARTESIAN_POINT('',(0.3,-7.32,0.9));
#15382=CARTESIAN_POINT('',(-0.1,-7.32,7.4));
#15383=CARTESIAN_POINT('',(-0.1,-7.32,6.055738799212));
#15384=CARTESIAN_POINT('',(0.1,-7.32,7.4));
#15385=CARTESIAN_POINT('',(-0.1,-7.32,7.4));
#15386=CARTESIAN_POINT('',(0.1,-7.32,0.9));
#15387=CARTESIAN_POINT('',(0.1,-7.32,6.055738799212));
#15388=CARTESIAN_POINT('',(0.3,-7.32,0.9));
#15389=CARTESIAN_POINT('Origin',(-0.3,-7.32,8.2));
#15390=CARTESIAN_POINT('',(-0.3,-7.92,0.9));
#15391=CARTESIAN_POINT('',(-0.3,-7.92,8.2));
#15392=CARTESIAN_POINT('',(-0.3,-7.32,0.9));
#15393=CARTESIAN_POINT('Origin',(-0.3,-7.92,8.2));
#15394=CARTESIAN_POINT('',(0.1,-7.92,0.9));
#15395=CARTESIAN_POINT('',(-0.3,-7.92,0.9));
#15396=CARTESIAN_POINT('',(0.1,-7.92,7.4));
#15397=CARTESIAN_POINT('',(0.1,-7.92,6.055738799212));
#15398=CARTESIAN_POINT('',(-0.1,-7.92,7.4));
#15399=CARTESIAN_POINT('',(-0.1,-7.92,7.4));
#15400=CARTESIAN_POINT('',(-0.1,-7.92,0.9));
#15401=CARTESIAN_POINT('',(-0.1,-7.92,6.055738799212));
#15402=CARTESIAN_POINT('',(-0.3,-7.92,0.9));
#15403=CARTESIAN_POINT('Origin',(0.3,-5.38,8.2));
#15404=CARTESIAN_POINT('',(0.3,-5.38,0.9));
#15405=CARTESIAN_POINT('',(0.3,-5.38,8.2));
#15406=CARTESIAN_POINT('',(0.3,-4.78,0.9));
#15407=CARTESIAN_POINT('',(0.3,-4.78,8.2));
#15408=CARTESIAN_POINT('',(0.3,-5.38,0.9));
#15409=CARTESIAN_POINT('Origin',(0.3,-4.78,8.2));
#15410=CARTESIAN_POINT('',(-0.3,-4.78,0.9));
#15411=CARTESIAN_POINT('',(-0.3,-4.78,8.2));
#15412=CARTESIAN_POINT('',(-0.1,-4.78,0.9));
#15413=CARTESIAN_POINT('',(0.3,-4.78,0.9));
#15414=CARTESIAN_POINT('',(-0.1,-4.78,7.4));
#15415=CARTESIAN_POINT('',(-0.1,-4.78,6.055738799212));
#15416=CARTESIAN_POINT('',(0.1,-4.78,7.4));
#15417=CARTESIAN_POINT('',(-0.1,-4.78,7.4));
#15418=CARTESIAN_POINT('',(0.1,-4.78,0.9));
#15419=CARTESIAN_POINT('',(0.1,-4.78,6.055738799212));
#15420=CARTESIAN_POINT('',(0.3,-4.78,0.9));
#15421=CARTESIAN_POINT('Origin',(-0.3,-4.78,8.2));
#15422=CARTESIAN_POINT('',(-0.3,-5.38,0.9));
#15423=CARTESIAN_POINT('',(-0.3,-5.38,8.2));
#15424=CARTESIAN_POINT('',(-0.3,-4.78,0.9));
#15425=CARTESIAN_POINT('Origin',(-0.3,-5.38,8.2));
#15426=CARTESIAN_POINT('',(0.1,-5.38,0.9));
#15427=CARTESIAN_POINT('',(-0.3,-5.38,0.9));
#15428=CARTESIAN_POINT('',(0.1,-5.38,7.4));
#15429=CARTESIAN_POINT('',(0.1,-5.38,6.055738799212));
#15430=CARTESIAN_POINT('',(-0.1,-5.38,7.4));
#15431=CARTESIAN_POINT('',(-0.1,-5.38,7.4));
#15432=CARTESIAN_POINT('',(-0.1,-5.38,0.9));
#15433=CARTESIAN_POINT('',(-0.1,-5.38,6.055738799212));
#15434=CARTESIAN_POINT('',(-0.3,-5.38,0.9));
#15435=CARTESIAN_POINT('Origin',(0.3,-2.84,8.2));
#15436=CARTESIAN_POINT('',(0.3,-2.84,0.9));
#15437=CARTESIAN_POINT('',(0.3,-2.84,8.2));
#15438=CARTESIAN_POINT('',(0.3,-2.24,0.9));
#15439=CARTESIAN_POINT('',(0.3,-2.24,8.2));
#15440=CARTESIAN_POINT('',(0.3,-2.84,0.9));
#15441=CARTESIAN_POINT('Origin',(0.3,-2.24,8.2));
#15442=CARTESIAN_POINT('',(-0.3,-2.24,0.9));
#15443=CARTESIAN_POINT('',(-0.3,-2.24,8.2));
#15444=CARTESIAN_POINT('',(-0.1,-2.24,0.9));
#15445=CARTESIAN_POINT('',(0.3,-2.24,0.9));
#15446=CARTESIAN_POINT('',(-0.1,-2.24,7.4));
#15447=CARTESIAN_POINT('',(-0.1,-2.24,6.055738799212));
#15448=CARTESIAN_POINT('',(0.1,-2.24,7.4));
#15449=CARTESIAN_POINT('',(-0.1,-2.24,7.4));
#15450=CARTESIAN_POINT('',(0.1,-2.24,0.9));
#15451=CARTESIAN_POINT('',(0.1,-2.24,6.055738799212));
#15452=CARTESIAN_POINT('',(0.3,-2.24,0.9));
#15453=CARTESIAN_POINT('Origin',(-0.3,-2.24,8.2));
#15454=CARTESIAN_POINT('',(-0.3,-2.84,0.9));
#15455=CARTESIAN_POINT('',(-0.3,-2.84,8.2));
#15456=CARTESIAN_POINT('',(-0.3,-2.24,0.9));
#15457=CARTESIAN_POINT('Origin',(-0.3,-2.84,8.2));
#15458=CARTESIAN_POINT('',(0.1,-2.84,0.9));
#15459=CARTESIAN_POINT('',(-0.3,-2.84,0.9));
#15460=CARTESIAN_POINT('',(0.1,-2.84,7.4));
#15461=CARTESIAN_POINT('',(0.1,-2.84,6.055738799212));
#15462=CARTESIAN_POINT('',(-0.1,-2.84,7.4));
#15463=CARTESIAN_POINT('',(-0.1,-2.84,7.4));
#15464=CARTESIAN_POINT('',(-0.1,-2.84,0.9));
#15465=CARTESIAN_POINT('',(-0.1,-2.84,6.055738799212));
#15466=CARTESIAN_POINT('',(-0.3,-2.84,0.9));
#15467=CARTESIAN_POINT('Origin',(0.3,-0.3,8.2));
#15468=CARTESIAN_POINT('',(0.3,-0.3,0.9));
#15469=CARTESIAN_POINT('',(0.3,-0.3,8.2));
#15470=CARTESIAN_POINT('',(0.3,0.3,0.9));
#15471=CARTESIAN_POINT('',(0.3,0.3,8.2));
#15472=CARTESIAN_POINT('',(0.3,-0.3,0.9));
#15473=CARTESIAN_POINT('Origin',(0.3,0.3,8.2));
#15474=CARTESIAN_POINT('',(-0.3,0.3,0.9));
#15475=CARTESIAN_POINT('',(-0.3,0.3,8.2));
#15476=CARTESIAN_POINT('',(-0.1,0.3,0.9));
#15477=CARTESIAN_POINT('',(0.3,0.3,0.9));
#15478=CARTESIAN_POINT('',(-0.1,0.3,7.4));
#15479=CARTESIAN_POINT('',(-0.1,0.3,6.055738799212));
#15480=CARTESIAN_POINT('',(0.1,0.3,7.4));
#15481=CARTESIAN_POINT('',(-0.1,0.3,7.4));
#15482=CARTESIAN_POINT('',(0.1,0.3,0.9));
#15483=CARTESIAN_POINT('',(0.1,0.3,6.055738799212));
#15484=CARTESIAN_POINT('',(0.3,0.3,0.9));
#15485=CARTESIAN_POINT('Origin',(-0.3,0.3,8.2));
#15486=CARTESIAN_POINT('',(-0.3,-0.3,0.9));
#15487=CARTESIAN_POINT('',(-0.3,-0.3,8.2));
#15488=CARTESIAN_POINT('',(-0.3,0.3,0.9));
#15489=CARTESIAN_POINT('Origin',(-0.3,-0.3,8.2));
#15490=CARTESIAN_POINT('',(0.1,-0.3,0.9));
#15491=CARTESIAN_POINT('',(-0.3,-0.3,0.9));
#15492=CARTESIAN_POINT('',(0.1,-0.3,7.4));
#15493=CARTESIAN_POINT('',(0.1,-0.3,6.055738799212));
#15494=CARTESIAN_POINT('',(-0.1,-0.3,7.4));
#15495=CARTESIAN_POINT('',(-0.1,-0.3,7.4));
#15496=CARTESIAN_POINT('',(-0.1,-0.3,0.9));
#15497=CARTESIAN_POINT('',(-0.1,-0.3,6.055738799212));
#15498=CARTESIAN_POINT('',(-0.3,-0.3,0.9));
#15499=CARTESIAN_POINT('Origin',(-0.1,-7.92,-2.5));
#15500=CARTESIAN_POINT('',(-0.1,-7.92,-2.5));
#15501=CARTESIAN_POINT('Origin',(-0.1,-7.77,-3.1));
#15502=CARTESIAN_POINT('',(-0.1,-7.77,-3.1));
#15503=CARTESIAN_POINT('Origin',(-0.1,-7.47,-3.1));
#15504=CARTESIAN_POINT('',(-0.1,-7.47,-3.1));
#15505=CARTESIAN_POINT('Origin',(-0.1,-7.32,-2.5));
#15506=CARTESIAN_POINT('',(-0.1,-7.32,-2.5));
#15507=CARTESIAN_POINT('Origin',(-0.1,-7.32,0.2));
#15508=CARTESIAN_POINT('Origin',(-0.1,-5.38,-2.5));
#15509=CARTESIAN_POINT('',(-0.1,-5.38,-2.5));
#15510=CARTESIAN_POINT('Origin',(-0.1,-5.23,-3.1));
#15511=CARTESIAN_POINT('',(-0.1,-5.23,-3.1));
#15512=CARTESIAN_POINT('Origin',(-0.1,-4.93,-3.1));
#15513=CARTESIAN_POINT('',(-0.1,-4.93,-3.1));
#15514=CARTESIAN_POINT('Origin',(-0.1,-4.78,-2.5));
#15515=CARTESIAN_POINT('',(-0.1,-4.78,-2.5));
#15516=CARTESIAN_POINT('Origin',(-0.1,-4.78,0.2));
#15517=CARTESIAN_POINT('Origin',(-0.1,-2.84,-2.5));
#15518=CARTESIAN_POINT('',(-0.1,-2.84,-2.5));
#15519=CARTESIAN_POINT('Origin',(-0.1,-2.69,-3.1));
#15520=CARTESIAN_POINT('',(-0.1,-2.69,-3.1));
#15521=CARTESIAN_POINT('Origin',(-0.1,-2.39,-3.1));
#15522=CARTESIAN_POINT('',(-0.1,-2.39,-3.1));
#15523=CARTESIAN_POINT('Origin',(-0.1,-2.24,-2.5));
#15524=CARTESIAN_POINT('',(-0.1,-2.24,-2.5));
#15525=CARTESIAN_POINT('Origin',(-0.1,-2.24,0.2));
#15526=CARTESIAN_POINT('Origin',(-0.1,-0.3,-2.5));
#15527=CARTESIAN_POINT('',(-0.1,-0.3,-2.5));
#15528=CARTESIAN_POINT('Origin',(-0.1,-0.15,-3.1));
#15529=CARTESIAN_POINT('',(-0.1,-0.15,-3.1));
#15530=CARTESIAN_POINT('Origin',(-0.1,0.15,-3.1));
#15531=CARTESIAN_POINT('',(-0.1,0.15,-3.1));
#15532=CARTESIAN_POINT('Origin',(-0.1,0.3,-2.5));
#15533=CARTESIAN_POINT('',(-0.1,0.3,-2.5));
#15534=CARTESIAN_POINT('Origin',(-0.1,0.3,0.2));
#15535=CARTESIAN_POINT('Origin',(-9.396650124671E-16,-7.62,0.9));
#15536=CARTESIAN_POINT('',(0.1,-7.62,0.9));
#15537=CARTESIAN_POINT('Origin',(-9.396650124671E-16,-7.62,0.9));
#15538=CARTESIAN_POINT('',(-0.1,-7.62,0.9));
#15539=CARTESIAN_POINT('Origin',(-0.1,-7.62,3.911477598424));
#15540=CARTESIAN_POINT('',(-0.1,-7.87,7.35));
#15541=CARTESIAN_POINT('',(-0.1,-7.92,7.4));
#15542=CARTESIAN_POINT('',(-0.1,-7.87,1.25));
#15543=CARTESIAN_POINT('',(-0.1,-7.87,7.35));
#15544=CARTESIAN_POINT('',(-0.1,-7.37,1.25));
#15545=CARTESIAN_POINT('',(-0.1,-7.87,1.25));
#15546=CARTESIAN_POINT('',(-0.1,-7.37,7.35));
#15547=CARTESIAN_POINT('',(-0.1,-7.37,1.25));
#15548=CARTESIAN_POINT('',(-0.1,-7.37,7.35));
#15549=CARTESIAN_POINT('Origin',(-0.1,-7.37,7.35));
#15550=CARTESIAN_POINT('',(0.1,-7.37,7.35));
#15551=CARTESIAN_POINT('',(-0.1,-7.37,7.35));
#15552=CARTESIAN_POINT('',(0.1,-7.37,7.35));
#15553=CARTESIAN_POINT('Origin',(0.1,-7.62,3.911477598424));
#15554=CARTESIAN_POINT('',(0.1,-7.37,1.25));
#15555=CARTESIAN_POINT('',(0.1,-7.37,1.25));
#15556=CARTESIAN_POINT('',(0.1,-7.87,1.25));
#15557=CARTESIAN_POINT('',(0.1,-7.87,1.25));
#15558=CARTESIAN_POINT('',(0.1,-7.87,7.35));
#15559=CARTESIAN_POINT('',(0.1,-7.87,7.35));
#15560=CARTESIAN_POINT('',(0.1,-7.92,7.4));
#15561=CARTESIAN_POINT('Origin',(-0.1,-7.92,7.4));
#15562=CARTESIAN_POINT('',(-0.1,-7.87,7.35));
#15563=CARTESIAN_POINT('Origin',(-6.576683642123E-16,-5.08,0.9));
#15564=CARTESIAN_POINT('',(0.1,-5.08,0.9));
#15565=CARTESIAN_POINT('Origin',(-6.576683642123E-16,-5.08,0.9));
#15566=CARTESIAN_POINT('',(-0.1,-5.08,0.9));
#15567=CARTESIAN_POINT('Origin',(-0.1,-5.08,3.911477598424));
#15568=CARTESIAN_POINT('',(-0.1,-5.33,7.35));
#15569=CARTESIAN_POINT('',(-0.1,-5.38,7.4));
#15570=CARTESIAN_POINT('',(-0.1,-5.33,1.25));
#15571=CARTESIAN_POINT('',(-0.1,-5.33,7.35));
#15572=CARTESIAN_POINT('',(-0.1,-4.83,1.25));
#15573=CARTESIAN_POINT('',(-0.1,-5.33,1.25));
#15574=CARTESIAN_POINT('',(-0.1,-4.83,7.35));
#15575=CARTESIAN_POINT('',(-0.1,-4.83,1.25));
#15576=CARTESIAN_POINT('',(-0.1,-4.83,7.35));
#15577=CARTESIAN_POINT('Origin',(-0.1,-4.83,7.35));
#15578=CARTESIAN_POINT('',(0.1,-4.83,7.35));
#15579=CARTESIAN_POINT('',(-0.1,-4.83,7.35));
#15580=CARTESIAN_POINT('',(0.1,-4.83,7.35));
#15581=CARTESIAN_POINT('Origin',(0.1,-5.08,3.911477598424));
#15582=CARTESIAN_POINT('',(0.1,-4.83,1.25));
#15583=CARTESIAN_POINT('',(0.1,-4.83,1.25));
#15584=CARTESIAN_POINT('',(0.1,-5.33,1.25));
#15585=CARTESIAN_POINT('',(0.1,-5.33,1.25));
#15586=CARTESIAN_POINT('',(0.1,-5.33,7.35));
#15587=CARTESIAN_POINT('',(0.1,-5.33,7.35));
#15588=CARTESIAN_POINT('',(0.1,-5.38,7.4));
#15589=CARTESIAN_POINT('Origin',(-0.1,-5.38,7.4));
#15590=CARTESIAN_POINT('',(-0.1,-5.33,7.35));
#15591=CARTESIAN_POINT('Origin',(-3.756717159575E-16,-2.54,0.9));
#15592=CARTESIAN_POINT('',(0.1,-2.54,0.9));
#15593=CARTESIAN_POINT('Origin',(-3.756717159575E-16,-2.54,0.9));
#15594=CARTESIAN_POINT('',(-0.1,-2.54,0.9));
#15595=CARTESIAN_POINT('Origin',(-0.1,-2.54,3.911477598424));
#15596=CARTESIAN_POINT('',(-0.1,-2.79,7.35));
#15597=CARTESIAN_POINT('',(-0.1,-2.84,7.4));
#15598=CARTESIAN_POINT('',(-0.1,-2.79,1.25));
#15599=CARTESIAN_POINT('',(-0.1,-2.79,7.35));
#15600=CARTESIAN_POINT('',(-0.1,-2.29,1.25));
#15601=CARTESIAN_POINT('',(-0.1,-2.79,1.25));
#15602=CARTESIAN_POINT('',(-0.1,-2.29,7.35));
#15603=CARTESIAN_POINT('',(-0.1,-2.29,1.25));
#15604=CARTESIAN_POINT('',(-0.1,-2.29,7.35));
#15605=CARTESIAN_POINT('Origin',(-0.1,-2.29,7.35));
#15606=CARTESIAN_POINT('',(0.1,-2.29,7.35));
#15607=CARTESIAN_POINT('',(-0.1,-2.29,7.35));
#15608=CARTESIAN_POINT('',(0.1,-2.29,7.35));
#15609=CARTESIAN_POINT('Origin',(0.1,-2.54,3.911477598424));
#15610=CARTESIAN_POINT('',(0.1,-2.29,1.25));
#15611=CARTESIAN_POINT('',(0.1,-2.29,1.25));
#15612=CARTESIAN_POINT('',(0.1,-2.79,1.25));
#15613=CARTESIAN_POINT('',(0.1,-2.79,1.25));
#15614=CARTESIAN_POINT('',(0.1,-2.79,7.35));
#15615=CARTESIAN_POINT('',(0.1,-2.79,7.35));
#15616=CARTESIAN_POINT('',(0.1,-2.84,7.4));
#15617=CARTESIAN_POINT('Origin',(-0.1,-2.84,7.4));
#15618=CARTESIAN_POINT('',(-0.1,-2.79,7.35));
#15619=CARTESIAN_POINT('Origin',(-9.367506770275E-17,1.7763568394E-15,0.9));
#15620=CARTESIAN_POINT('',(0.1,8.770761894539E-16,0.9));
#15621=CARTESIAN_POINT('Origin',(-9.367506770275E-17,1.7763568394E-15,0.9));
#15622=CARTESIAN_POINT('',(-0.1,8.992806499464E-16,0.9));
#15623=CARTESIAN_POINT('Origin',(-0.1,1.110223024625E-17,3.911477598424));
#15624=CARTESIAN_POINT('',(-0.1,-0.25,7.35));
#15625=CARTESIAN_POINT('',(-0.1,-0.3,7.4));
#15626=CARTESIAN_POINT('',(-0.1,-0.25,1.25));
#15627=CARTESIAN_POINT('',(-0.1,-0.25,7.35));
#15628=CARTESIAN_POINT('',(-0.1,0.25,1.25));
#15629=CARTESIAN_POINT('',(-0.1,-0.25,1.25));
#15630=CARTESIAN_POINT('',(-0.1,0.25,7.35));
#15631=CARTESIAN_POINT('',(-0.1,0.25,1.25));
#15632=CARTESIAN_POINT('',(-0.1,0.25,7.35));
#15633=CARTESIAN_POINT('Origin',(-0.1,0.25,7.35));
#15634=CARTESIAN_POINT('',(0.1,0.25,7.35));
#15635=CARTESIAN_POINT('',(-0.1,0.25,7.35));
#15636=CARTESIAN_POINT('',(0.1,0.25,7.35));
#15637=CARTESIAN_POINT('Origin',(0.1,-1.110223024625E-17,3.911477598424));
#15638=CARTESIAN_POINT('',(0.1,0.25,1.25));
#15639=CARTESIAN_POINT('',(0.1,0.25,1.25));
#15640=CARTESIAN_POINT('',(0.1,-0.25,1.25));
#15641=CARTESIAN_POINT('',(0.1,-0.25,1.25));
#15642=CARTESIAN_POINT('',(0.1,-0.25,7.35));
#15643=CARTESIAN_POINT('',(0.1,-0.25,7.35));
#15644=CARTESIAN_POINT('',(0.1,-0.3,7.4));
#15645=CARTESIAN_POINT('Origin',(-0.1,-0.3,7.4));
#15646=CARTESIAN_POINT('',(-0.1,-0.25,7.35));
#15647=CARTESIAN_POINT('Origin',(-0.1,-7.37,1.25));
#15648=CARTESIAN_POINT('',(-0.1,-7.37,1.25));
#15649=CARTESIAN_POINT('Origin',(-0.1,-7.87,1.25));
#15650=CARTESIAN_POINT('',(-0.1,-7.87,1.25));
#15651=CARTESIAN_POINT('Origin',(-0.1,-7.87,7.35));
#15652=CARTESIAN_POINT('Origin',(-0.1,-4.83,1.25));
#15653=CARTESIAN_POINT('',(-0.1,-4.83,1.25));
#15654=CARTESIAN_POINT('Origin',(-0.1,-5.33,1.25));
#15655=CARTESIAN_POINT('',(-0.1,-5.33,1.25));
#15656=CARTESIAN_POINT('Origin',(-0.1,-5.33,7.35));
#15657=CARTESIAN_POINT('Origin',(-0.1,-2.29,1.25));
#15658=CARTESIAN_POINT('',(-0.1,-2.29,1.25));
#15659=CARTESIAN_POINT('Origin',(-0.1,-2.79,1.25));
#15660=CARTESIAN_POINT('',(-0.1,-2.79,1.25));
#15661=CARTESIAN_POINT('Origin',(-0.1,-2.79,7.35));
#15662=CARTESIAN_POINT('Origin',(-0.1,0.25,1.25));
#15663=CARTESIAN_POINT('',(-0.1,0.25,1.25));
#15664=CARTESIAN_POINT('Origin',(-0.1,-0.25,1.25));
#15665=CARTESIAN_POINT('',(-0.1,-0.25,1.25));
#15666=CARTESIAN_POINT('Origin',(-0.1,-0.25,7.35));
#15667=CARTESIAN_POINT('',(0.,0.,-2.22044604925031E-16));
#15668=CARTESIAN_POINT('',(0.,0.,0.));
#15669=CARTESIAN_POINT('Origin',(156.50000032116,-26.99999967883,0.));
#15670=CARTESIAN_POINT('',(156.5,-22.,0.));
#15671=CARTESIAN_POINT('',(156.5,-22.,1.51));
#15672=CARTESIAN_POINT('',(156.5,-22.,0.));
#15673=CARTESIAN_POINT('',(161.5,-27.,1.51));
#15674=CARTESIAN_POINT('Origin',(156.50000032116,-26.99999967883,1.51));
#15675=CARTESIAN_POINT('',(161.5,-27.,0.));
#15676=CARTESIAN_POINT('',(161.5,-27.,0.));
#15677=CARTESIAN_POINT('Origin',(156.50000032116,-26.99999967883,0.));
#15678=CARTESIAN_POINT('Origin',(83.,-22.,0.));
#15679=CARTESIAN_POINT('',(83.,-22.,0.));
#15680=CARTESIAN_POINT('',(83.,-22.,1.51));
#15681=CARTESIAN_POINT('',(83.,-22.,0.));
#15682=CARTESIAN_POINT('',(83.,-22.,1.51));
#15683=CARTESIAN_POINT('',(83.,-22.,0.));
#15684=CARTESIAN_POINT('Origin',(161.5,-27.,0.));
#15685=CARTESIAN_POINT('',(161.5,-116.,1.51));
#15686=CARTESIAN_POINT('',(161.5,-27.,1.51));
#15687=CARTESIAN_POINT('',(161.5,-116.,0.));
#15688=CARTESIAN_POINT('',(161.5,-116.,0.));
#15689=CARTESIAN_POINT('',(161.5,-27.,0.));
#15690=CARTESIAN_POINT('Origin',(0.,0.,0.));
#15691=CARTESIAN_POINT('',(156.5,-121.,0.));
#15692=CARTESIAN_POINT('Origin',(156.50000032116,-116.0000003211,0.));
#15693=CARTESIAN_POINT('',(83.,-121.,0.));
#15694=CARTESIAN_POINT('',(156.5,-121.,0.));
#15695=CARTESIAN_POINT('',(78.,-116.,0.));
#15696=CARTESIAN_POINT('Origin',(82.999999678834,-116.0000003211,0.));
#15697=CARTESIAN_POINT('',(78.,-27.,0.));
#15698=CARTESIAN_POINT('',(78.,-116.,0.));
#15699=CARTESIAN_POINT('Origin',(82.999999678834,-26.99999967883,0.));
#15700=CARTESIAN_POINT('',(84.5,-113.4,0.));
#15701=CARTESIAN_POINT('Origin',(84.5,-115.,0.));
#15702=CARTESIAN_POINT('',(98.19,-114.1,0.));
#15703=CARTESIAN_POINT('Origin',(98.19,-114.5,0.));
#15704=CARTESIAN_POINT('',(93.8,-104.23,0.));
#15705=CARTESIAN_POINT('Origin',(93.8,-105.08,0.));
#15706=CARTESIAN_POINT('',(95.07,-101.79,0.));
#15707=CARTESIAN_POINT('Origin',(95.07,-102.54,0.));
#15708=CARTESIAN_POINT('',(98.88,-103.08,0.));
#15709=CARTESIAN_POINT('Origin',(98.88,-105.08,0.));
#15710=CARTESIAN_POINT('',(98.38,-95.1,0.));
#15711=CARTESIAN_POINT('Origin',(98.38,-95.5,0.));
#15712=CARTESIAN_POINT('',(105.81,-114.1,0.));
#15713=CARTESIAN_POINT('Origin',(105.81,-114.5,0.));
#15714=CARTESIAN_POINT('',(117.38,-114.1,0.));
#15715=CARTESIAN_POINT('Origin',(117.38,-114.5,0.));
#15716=CARTESIAN_POINT('',(103.96,-104.23,0.));
#15717=CARTESIAN_POINT('Origin',(103.96,-105.08,0.));
#15718=CARTESIAN_POINT('',(101.42,-99.25,0.));
#15719=CARTESIAN_POINT('Origin',(101.42,-100.,0.));
#15720=CARTESIAN_POINT('',(106.,-95.1,0.));
#15721=CARTESIAN_POINT('Origin',(106.,-95.5,0.));
#15722=CARTESIAN_POINT('',(112.88,-104.23,0.));
#15723=CARTESIAN_POINT('Origin',(112.88,-105.08,0.));
#15724=CARTESIAN_POINT('',(114.15,-101.79,0.));
#15725=CARTESIAN_POINT('Origin',(114.15,-102.54,0.));
#15726=CARTESIAN_POINT('',(117.96,-103.08,0.));
#15727=CARTESIAN_POINT('Origin',(117.96,-105.08,0.));
#15728=CARTESIAN_POINT('',(116.88,-95.1,0.));
#15729=CARTESIAN_POINT('Origin',(116.88,-95.5,0.));
#15730=CARTESIAN_POINT('',(93.8,-85.23,0.));
#15731=CARTESIAN_POINT('Origin',(93.8,-86.08,0.));
#15732=CARTESIAN_POINT('',(95.07,-82.79,0.));
#15733=CARTESIAN_POINT('Origin',(95.07,-83.54,0.));
#15734=CARTESIAN_POINT('',(98.88,-84.08,0.));
#15735=CARTESIAN_POINT('Origin',(98.88,-86.08,0.));
#15736=CARTESIAN_POINT('',(98.38,-76.1,0.));
#15737=CARTESIAN_POINT('Origin',(98.38,-76.5,0.));
#15738=CARTESIAN_POINT('',(103.96,-85.23,0.));
#15739=CARTESIAN_POINT('Origin',(103.96,-86.08,0.));
#15740=CARTESIAN_POINT('',(112.8,-85.23,0.));
#15741=CARTESIAN_POINT('Origin',(112.8,-86.08,0.));
#15742=CARTESIAN_POINT('',(114.07,-82.79,0.));
#15743=CARTESIAN_POINT('Origin',(114.07,-83.54,0.));
#15744=CARTESIAN_POINT('',(117.88,-84.08,0.));
#15745=CARTESIAN_POINT('Origin',(117.88,-86.08,0.));
#15746=CARTESIAN_POINT('',(101.42,-80.25,0.));
#15747=CARTESIAN_POINT('Origin',(101.42,-81.,0.));
#15748=CARTESIAN_POINT('',(106.,-76.1,0.));
#15749=CARTESIAN_POINT('Origin',(106.,-76.5,0.));
#15750=CARTESIAN_POINT('',(117.38,-76.1,0.));
#15751=CARTESIAN_POINT('Origin',(117.38,-76.5,0.));
#15752=CARTESIAN_POINT('',(125.,-114.1,0.));
#15753=CARTESIAN_POINT('Origin',(125.,-114.5,0.));
#15754=CARTESIAN_POINT('',(136.38,-114.1,0.));
#15755=CARTESIAN_POINT('Origin',(136.38,-114.5,0.));
#15756=CARTESIAN_POINT('',(123.04,-104.23,0.));
#15757=CARTESIAN_POINT('Origin',(123.04,-105.08,0.));
#15758=CARTESIAN_POINT('',(120.5,-99.25,0.));
#15759=CARTESIAN_POINT('Origin',(120.5,-100.,0.));
#15760=CARTESIAN_POINT('',(124.5,-95.1,0.));
#15761=CARTESIAN_POINT('Origin',(124.5,-95.5,0.));
#15762=CARTESIAN_POINT('',(131.88,-104.23,0.));
#15763=CARTESIAN_POINT('Origin',(131.88,-105.08,0.));
#15764=CARTESIAN_POINT('',(133.15,-101.79,0.));
#15765=CARTESIAN_POINT('Origin',(133.15,-102.54,0.));
#15766=CARTESIAN_POINT('',(136.96,-103.08,0.));
#15767=CARTESIAN_POINT('Origin',(136.96,-105.08,0.));
#15768=CARTESIAN_POINT('',(136.88,-95.1,0.));
#15769=CARTESIAN_POINT('Origin',(136.88,-95.5,0.));
#15770=CARTESIAN_POINT('',(144.,-114.1,0.));
#15771=CARTESIAN_POINT('Origin',(144.,-114.5,0.));
#15772=CARTESIAN_POINT('',(155.5,-113.9,0.));
#15773=CARTESIAN_POINT('Origin',(155.5,-115.5,0.));
#15774=CARTESIAN_POINT('',(142.04,-104.23,0.));
#15775=CARTESIAN_POINT('Origin',(142.04,-105.08,0.));
#15776=CARTESIAN_POINT('',(139.5,-99.25,0.));
#15777=CARTESIAN_POINT('Origin',(139.5,-100.,0.));
#15778=CARTESIAN_POINT('',(144.5,-95.1,0.));
#15779=CARTESIAN_POINT('Origin',(144.5,-95.5,0.));
#15780=CARTESIAN_POINT('',(122.96,-85.23,0.));
#15781=CARTESIAN_POINT('Origin',(122.96,-86.08,0.));
#15782=CARTESIAN_POINT('',(131.8,-85.23,0.));
#15783=CARTESIAN_POINT('Origin',(131.8,-86.08,0.));
#15784=CARTESIAN_POINT('',(133.07,-82.79,0.));
#15785=CARTESIAN_POINT('Origin',(133.07,-83.54,0.));
#15786=CARTESIAN_POINT('',(136.88,-84.08,0.));
#15787=CARTESIAN_POINT('Origin',(136.88,-86.08,0.));
#15788=CARTESIAN_POINT('',(120.42,-80.25,0.));
#15789=CARTESIAN_POINT('Origin',(120.42,-81.,0.));
#15790=CARTESIAN_POINT('',(125.,-76.1,0.));
#15791=CARTESIAN_POINT('Origin',(125.,-76.5,0.));
#15792=CARTESIAN_POINT('',(136.38,-76.1,0.));
#15793=CARTESIAN_POINT('Origin',(136.38,-76.5,0.));
#15794=CARTESIAN_POINT('',(141.96,-85.23,0.));
#15795=CARTESIAN_POINT('Origin',(141.96,-86.08,0.));
#15796=CARTESIAN_POINT('',(139.42,-80.25,0.));
#15797=CARTESIAN_POINT('Origin',(139.42,-81.,0.));
#15798=CARTESIAN_POINT('',(144.,-76.1,0.));
#15799=CARTESIAN_POINT('Origin',(144.,-76.5,0.));
#15800=CARTESIAN_POINT('',(93.8,-66.23,0.));
#15801=CARTESIAN_POINT('Origin',(93.8,-67.08,0.));
#15802=CARTESIAN_POINT('',(98.88,-65.08,0.));
#15803=CARTESIAN_POINT('Origin',(98.88,-67.08,0.));
#15804=CARTESIAN_POINT('',(95.07,-63.79,0.));
#15805=CARTESIAN_POINT('Origin',(95.07,-64.54,0.));
#15806=CARTESIAN_POINT('',(94.5,-50.54,0.));
#15807=CARTESIAN_POINT('Origin',(94.5,-51.04,0.));
#15808=CARTESIAN_POINT('',(103.96,-66.23,0.));
#15809=CARTESIAN_POINT('Origin',(103.96,-67.08,0.));
#15810=CARTESIAN_POINT('',(101.42,-61.25,0.));
#15811=CARTESIAN_POINT('Origin',(101.42,-62.,0.));
#15812=CARTESIAN_POINT('',(112.8,-66.23,0.));
#15813=CARTESIAN_POINT('Origin',(112.8,-67.08,0.));
#15814=CARTESIAN_POINT('',(117.88,-65.08,0.));
#15815=CARTESIAN_POINT('Origin',(117.88,-67.08,0.));
#15816=CARTESIAN_POINT('',(114.07,-63.79,0.));
#15817=CARTESIAN_POINT('Origin',(114.07,-64.54,0.));
#15818=CARTESIAN_POINT('',(94.5,-48.,0.));
#15819=CARTESIAN_POINT('Origin',(94.5,-48.5,0.));
#15820=CARTESIAN_POINT('',(94.5,-45.46,0.));
#15821=CARTESIAN_POINT('Origin',(94.5,-45.96,0.));
#15822=CARTESIAN_POINT('',(94.5,-42.92,0.));
#15823=CARTESIAN_POINT('Origin',(94.5,-43.42,0.));
#15824=CARTESIAN_POINT('',(94.5,-40.38,0.));
#15825=CARTESIAN_POINT('Origin',(94.5,-40.88,0.));
#15826=CARTESIAN_POINT('',(94.5,-37.84,0.));
#15827=CARTESIAN_POINT('Origin',(94.5,-38.34,0.));
#15828=CARTESIAN_POINT('',(83.5,-26.4,0.));
#15829=CARTESIAN_POINT('Origin',(83.5,-28.,0.));
#15830=CARTESIAN_POINT('',(94.5,-35.3,0.));
#15831=CARTESIAN_POINT('Origin',(94.5,-35.8,0.));
#15832=CARTESIAN_POINT('',(94.5,-32.76,0.));
#15833=CARTESIAN_POINT('Origin',(94.5,-33.26,0.));
#15834=CARTESIAN_POINT('',(111.5,-46.3,0.));
#15835=CARTESIAN_POINT('Origin',(111.5,-46.8,0.));
#15836=CARTESIAN_POINT('',(111.5,-38.7,0.));
#15837=CARTESIAN_POINT('Origin',(111.5,-39.2,0.));
#15838=CARTESIAN_POINT('',(122.96,-66.23,0.));
#15839=CARTESIAN_POINT('Origin',(122.96,-67.08,0.));
#15840=CARTESIAN_POINT('',(120.42,-61.25,0.));
#15841=CARTESIAN_POINT('Origin',(120.42,-62.,0.));
#15842=CARTESIAN_POINT('',(131.88,-66.23,0.));
#15843=CARTESIAN_POINT('Origin',(131.88,-67.08,0.));
#15844=CARTESIAN_POINT('',(136.96,-65.08,0.));
#15845=CARTESIAN_POINT('Origin',(136.96,-67.08,0.));
#15846=CARTESIAN_POINT('',(133.15,-63.79,0.));
#15847=CARTESIAN_POINT('Origin',(133.15,-64.54,0.));
#15848=CARTESIAN_POINT('',(128.76,-50.2955,0.));
#15849=CARTESIAN_POINT('Origin',(128.76,-50.74,0.));
#15850=CARTESIAN_POINT('',(142.04,-66.23,0.));
#15851=CARTESIAN_POINT('Origin',(142.04,-67.08,0.));
#15852=CARTESIAN_POINT('',(139.5,-61.25,0.));
#15853=CARTESIAN_POINT('Origin',(139.5,-62.,0.));
#15854=CARTESIAN_POINT('',(144.,-50.2955,0.));
#15855=CARTESIAN_POINT('Origin',(144.,-50.74,0.));
#15856=CARTESIAN_POINT('',(128.76,-47.7555,0.));
#15857=CARTESIAN_POINT('Origin',(128.76,-48.2,0.));
#15858=CARTESIAN_POINT('',(128.76,-45.2155,0.));
#15859=CARTESIAN_POINT('Origin',(128.76,-45.66,0.));
#15860=CARTESIAN_POINT('',(128.76,-42.6755,0.));
#15861=CARTESIAN_POINT('Origin',(128.76,-43.12,0.));
#15862=CARTESIAN_POINT('',(128.76,-40.1355,0.));
#15863=CARTESIAN_POINT('Origin',(128.76,-40.58,0.));
#15864=CARTESIAN_POINT('',(128.76,-37.5955,0.));
#15865=CARTESIAN_POINT('Origin',(128.76,-38.04,0.));
#15866=CARTESIAN_POINT('',(128.76,-35.0555,0.));
#15867=CARTESIAN_POINT('Origin',(128.76,-35.5,0.));
#15868=CARTESIAN_POINT('',(144.,-47.7555,0.));
#15869=CARTESIAN_POINT('Origin',(144.,-48.2,0.));
#15870=CARTESIAN_POINT('',(144.,-45.2155,0.));
#15871=CARTESIAN_POINT('Origin',(144.,-45.66,0.));
#15872=CARTESIAN_POINT('',(144.,-42.6755,0.));
#15873=CARTESIAN_POINT('Origin',(144.,-43.12,0.));
#15874=CARTESIAN_POINT('',(144.,-40.1355,0.));
#15875=CARTESIAN_POINT('Origin',(144.,-40.58,0.));
#15876=CARTESIAN_POINT('',(144.,-37.5955,0.));
#15877=CARTESIAN_POINT('Origin',(144.,-38.04,0.));
#15878=CARTESIAN_POINT('',(144.,-35.0555,0.));
#15879=CARTESIAN_POINT('Origin',(144.,-35.5,0.));
#15880=CARTESIAN_POINT('',(156.,-25.9,0.));
#15881=CARTESIAN_POINT('Origin',(156.,-27.5,0.));
#15882=CARTESIAN_POINT('Origin',(0.,0.,1.51));
#15883=CARTESIAN_POINT('',(78.,-27.,1.51));
#15884=CARTESIAN_POINT('Origin',(82.999999678834,-26.99999967883,1.51));
#15885=CARTESIAN_POINT('',(78.,-116.,1.51));
#15886=CARTESIAN_POINT('',(78.,-116.,1.51));
#15887=CARTESIAN_POINT('',(83.,-121.,1.51));
#15888=CARTESIAN_POINT('Origin',(82.999999678834,-116.0000003211,1.51));
#15889=CARTESIAN_POINT('',(156.5,-121.,1.51));
#15890=CARTESIAN_POINT('',(156.5,-121.,1.51));
#15891=CARTESIAN_POINT('Origin',(156.50000032116,-116.0000003211,1.51));
#15892=CARTESIAN_POINT('',(84.5,-113.4,1.51));
#15893=CARTESIAN_POINT('Origin',(84.5,-115.,1.51));
#15894=CARTESIAN_POINT('',(98.19,-114.1,1.51));
#15895=CARTESIAN_POINT('Origin',(98.19,-114.5,1.51));
#15896=CARTESIAN_POINT('',(93.8,-104.23,1.51));
#15897=CARTESIAN_POINT('Origin',(93.8,-105.08,1.51));
#15898=CARTESIAN_POINT('',(95.07,-101.79,1.51));
#15899=CARTESIAN_POINT('Origin',(95.07,-102.54,1.51));
#15900=CARTESIAN_POINT('',(98.88,-103.08,1.51));
#15901=CARTESIAN_POINT('Origin',(98.88,-105.08,1.51));
#15902=CARTESIAN_POINT('',(98.38,-95.1,1.51));
#15903=CARTESIAN_POINT('Origin',(98.38,-95.5,1.51));
#15904=CARTESIAN_POINT('',(105.81,-114.1,1.51));
#15905=CARTESIAN_POINT('Origin',(105.81,-114.5,1.51));
#15906=CARTESIAN_POINT('',(117.38,-114.1,1.51));
#15907=CARTESIAN_POINT('Origin',(117.38,-114.5,1.51));
#15908=CARTESIAN_POINT('',(103.96,-104.23,1.51));
#15909=CARTESIAN_POINT('Origin',(103.96,-105.08,1.51));
#15910=CARTESIAN_POINT('',(101.42,-99.25,1.51));
#15911=CARTESIAN_POINT('Origin',(101.42,-100.,1.51));
#15912=CARTESIAN_POINT('',(106.,-95.1,1.51));
#15913=CARTESIAN_POINT('Origin',(106.,-95.5,1.51));
#15914=CARTESIAN_POINT('',(112.88,-104.23,1.51));
#15915=CARTESIAN_POINT('Origin',(112.88,-105.08,1.51));
#15916=CARTESIAN_POINT('',(114.15,-101.79,1.51));
#15917=CARTESIAN_POINT('Origin',(114.15,-102.54,1.51));
#15918=CARTESIAN_POINT('',(117.96,-103.08,1.51));
#15919=CARTESIAN_POINT('Origin',(117.96,-105.08,1.51));
#15920=CARTESIAN_POINT('',(116.88,-95.1,1.51));
#15921=CARTESIAN_POINT('Origin',(116.88,-95.5,1.51));
#15922=CARTESIAN_POINT('',(93.8,-85.23,1.51));
#15923=CARTESIAN_POINT('Origin',(93.8,-86.08,1.51));
#15924=CARTESIAN_POINT('',(95.07,-82.79,1.51));
#15925=CARTESIAN_POINT('Origin',(95.07,-83.54,1.51));
#15926=CARTESIAN_POINT('',(98.88,-84.08,1.51));
#15927=CARTESIAN_POINT('Origin',(98.88,-86.08,1.51));
#15928=CARTESIAN_POINT('',(98.38,-76.1,1.51));
#15929=CARTESIAN_POINT('Origin',(98.38,-76.5,1.51));
#15930=CARTESIAN_POINT('',(103.96,-85.23,1.51));
#15931=CARTESIAN_POINT('Origin',(103.96,-86.08,1.51));
#15932=CARTESIAN_POINT('',(112.8,-85.23,1.51));
#15933=CARTESIAN_POINT('Origin',(112.8,-86.08,1.51));
#15934=CARTESIAN_POINT('',(114.07,-82.79,1.51));
#15935=CARTESIAN_POINT('Origin',(114.07,-83.54,1.51));
#15936=CARTESIAN_POINT('',(117.88,-84.08,1.51));
#15937=CARTESIAN_POINT('Origin',(117.88,-86.08,1.51));
#15938=CARTESIAN_POINT('',(101.42,-80.25,1.51));
#15939=CARTESIAN_POINT('Origin',(101.42,-81.,1.51));
#15940=CARTESIAN_POINT('',(106.,-76.1,1.51));
#15941=CARTESIAN_POINT('Origin',(106.,-76.5,1.51));
#15942=CARTESIAN_POINT('',(117.38,-76.1,1.51));
#15943=CARTESIAN_POINT('Origin',(117.38,-76.5,1.51));
#15944=CARTESIAN_POINT('',(125.,-114.1,1.51));
#15945=CARTESIAN_POINT('Origin',(125.,-114.5,1.51));
#15946=CARTESIAN_POINT('',(136.38,-114.1,1.51));
#15947=CARTESIAN_POINT('Origin',(136.38,-114.5,1.51));
#15948=CARTESIAN_POINT('',(123.04,-104.23,1.51));
#15949=CARTESIAN_POINT('Origin',(123.04,-105.08,1.51));
#15950=CARTESIAN_POINT('',(120.5,-99.25,1.51));
#15951=CARTESIAN_POINT('Origin',(120.5,-100.,1.51));
#15952=CARTESIAN_POINT('',(124.5,-95.1,1.51));
#15953=CARTESIAN_POINT('Origin',(124.5,-95.5,1.51));
#15954=CARTESIAN_POINT('',(131.88,-104.23,1.51));
#15955=CARTESIAN_POINT('Origin',(131.88,-105.08,1.51));
#15956=CARTESIAN_POINT('',(133.15,-101.79,1.51));
#15957=CARTESIAN_POINT('Origin',(133.15,-102.54,1.51));
#15958=CARTESIAN_POINT('',(136.96,-103.08,1.51));
#15959=CARTESIAN_POINT('Origin',(136.96,-105.08,1.51));
#15960=CARTESIAN_POINT('',(136.88,-95.1,1.51));
#15961=CARTESIAN_POINT('Origin',(136.88,-95.5,1.51));
#15962=CARTESIAN_POINT('',(144.,-114.1,1.51));
#15963=CARTESIAN_POINT('Origin',(144.,-114.5,1.51));
#15964=CARTESIAN_POINT('',(155.5,-113.9,1.51));
#15965=CARTESIAN_POINT('Origin',(155.5,-115.5,1.51));
#15966=CARTESIAN_POINT('',(142.04,-104.23,1.51));
#15967=CARTESIAN_POINT('Origin',(142.04,-105.08,1.51));
#15968=CARTESIAN_POINT('',(139.5,-99.25,1.51));
#15969=CARTESIAN_POINT('Origin',(139.5,-100.,1.51));
#15970=CARTESIAN_POINT('',(144.5,-95.1,1.51));
#15971=CARTESIAN_POINT('Origin',(144.5,-95.5,1.51));
#15972=CARTESIAN_POINT('',(122.96,-85.23,1.51));
#15973=CARTESIAN_POINT('Origin',(122.96,-86.08,1.51));
#15974=CARTESIAN_POINT('',(131.8,-85.23,1.51));
#15975=CARTESIAN_POINT('Origin',(131.8,-86.08,1.51));
#15976=CARTESIAN_POINT('',(133.07,-82.79,1.51));
#15977=CARTESIAN_POINT('Origin',(133.07,-83.54,1.51));
#15978=CARTESIAN_POINT('',(136.88,-84.08,1.51));
#15979=CARTESIAN_POINT('Origin',(136.88,-86.08,1.51));
#15980=CARTESIAN_POINT('',(120.42,-80.25,1.51));
#15981=CARTESIAN_POINT('Origin',(120.42,-81.,1.51));
#15982=CARTESIAN_POINT('',(125.,-76.1,1.51));
#15983=CARTESIAN_POINT('Origin',(125.,-76.5,1.51));
#15984=CARTESIAN_POINT('',(136.38,-76.1,1.51));
#15985=CARTESIAN_POINT('Origin',(136.38,-76.5,1.51));
#15986=CARTESIAN_POINT('',(141.96,-85.23,1.51));
#15987=CARTESIAN_POINT('Origin',(141.96,-86.08,1.51));
#15988=CARTESIAN_POINT('',(139.42,-80.25,1.51));
#15989=CARTESIAN_POINT('Origin',(139.42,-81.,1.51));
#15990=CARTESIAN_POINT('',(144.,-76.1,1.51));
#15991=CARTESIAN_POINT('Origin',(144.,-76.5,1.51));
#15992=CARTESIAN_POINT('',(93.8,-66.23,1.51));
#15993=CARTESIAN_POINT('Origin',(93.8,-67.08,1.51));
#15994=CARTESIAN_POINT('',(98.88,-65.08,1.51));
#15995=CARTESIAN_POINT('Origin',(98.88,-67.08,1.51));
#15996=CARTESIAN_POINT('',(95.07,-63.79,1.51));
#15997=CARTESIAN_POINT('Origin',(95.07,-64.54,1.51));
#15998=CARTESIAN_POINT('',(94.5,-50.54,1.51));
#15999=CARTESIAN_POINT('Origin',(94.5,-51.04,1.51));
#16000=CARTESIAN_POINT('',(103.96,-66.23,1.51));
#16001=CARTESIAN_POINT('Origin',(103.96,-67.08,1.51));
#16002=CARTESIAN_POINT('',(101.42,-61.25,1.51));
#16003=CARTESIAN_POINT('Origin',(101.42,-62.,1.51));
#16004=CARTESIAN_POINT('',(112.8,-66.23,1.51));
#16005=CARTESIAN_POINT('Origin',(112.8,-67.08,1.51));
#16006=CARTESIAN_POINT('',(117.88,-65.08,1.51));
#16007=CARTESIAN_POINT('Origin',(117.88,-67.08,1.51));
#16008=CARTESIAN_POINT('',(114.07,-63.79,1.51));
#16009=CARTESIAN_POINT('Origin',(114.07,-64.54,1.51));
#16010=CARTESIAN_POINT('',(94.5,-48.,1.51));
#16011=CARTESIAN_POINT('Origin',(94.5,-48.5,1.51));
#16012=CARTESIAN_POINT('',(94.5,-45.46,1.51));
#16013=CARTESIAN_POINT('Origin',(94.5,-45.96,1.51));
#16014=CARTESIAN_POINT('',(94.5,-42.92,1.51));
#16015=CARTESIAN_POINT('Origin',(94.5,-43.42,1.51));
#16016=CARTESIAN_POINT('',(94.5,-40.38,1.51));
#16017=CARTESIAN_POINT('Origin',(94.5,-40.88,1.51));
#16018=CARTESIAN_POINT('',(94.5,-37.84,1.51));
#16019=CARTESIAN_POINT('Origin',(94.5,-38.34,1.51));
#16020=CARTESIAN_POINT('',(83.5,-26.4,1.51));
#16021=CARTESIAN_POINT('Origin',(83.5,-28.,1.51));
#16022=CARTESIAN_POINT('',(94.5,-35.3,1.51));
#16023=CARTESIAN_POINT('Origin',(94.5,-35.8,1.51));
#16024=CARTESIAN_POINT('',(94.5,-32.76,1.51));
#16025=CARTESIAN_POINT('Origin',(94.5,-33.26,1.51));
#16026=CARTESIAN_POINT('',(111.5,-46.3,1.51));
#16027=CARTESIAN_POINT('Origin',(111.5,-46.8,1.51));
#16028=CARTESIAN_POINT('',(111.5,-38.7,1.51));
#16029=CARTESIAN_POINT('Origin',(111.5,-39.2,1.51));
#16030=CARTESIAN_POINT('',(122.96,-66.23,1.51));
#16031=CARTESIAN_POINT('Origin',(122.96,-67.08,1.51));
#16032=CARTESIAN_POINT('',(120.42,-61.25,1.51));
#16033=CARTESIAN_POINT('Origin',(120.42,-62.,1.51));
#16034=CARTESIAN_POINT('',(131.88,-66.23,1.51));
#16035=CARTESIAN_POINT('Origin',(131.88,-67.08,1.51));
#16036=CARTESIAN_POINT('',(136.96,-65.08,1.51));
#16037=CARTESIAN_POINT('Origin',(136.96,-67.08,1.51));
#16038=CARTESIAN_POINT('',(133.15,-63.79,1.51));
#16039=CARTESIAN_POINT('Origin',(133.15,-64.54,1.51));
#16040=CARTESIAN_POINT('',(128.76,-50.2955,1.51));
#16041=CARTESIAN_POINT('Origin',(128.76,-50.74,1.51));
#16042=CARTESIAN_POINT('',(142.04,-66.23,1.51));
#16043=CARTESIAN_POINT('Origin',(142.04,-67.08,1.51));
#16044=CARTESIAN_POINT('',(139.5,-61.25,1.51));
#16045=CARTESIAN_POINT('Origin',(139.5,-62.,1.51));
#16046=CARTESIAN_POINT('',(144.,-50.2955,1.51));
#16047=CARTESIAN_POINT('Origin',(144.,-50.74,1.51));
#16048=CARTESIAN_POINT('',(128.76,-47.7555,1.51));
#16049=CARTESIAN_POINT('Origin',(128.76,-48.2,1.51));
#16050=CARTESIAN_POINT('',(128.76,-45.2155,1.51));
#16051=CARTESIAN_POINT('Origin',(128.76,-45.66,1.51));
#16052=CARTESIAN_POINT('',(128.76,-42.6755,1.51));
#16053=CARTESIAN_POINT('Origin',(128.76,-43.12,1.51));
#16054=CARTESIAN_POINT('',(128.76,-40.1355,1.51));
#16055=CARTESIAN_POINT('Origin',(128.76,-40.58,1.51));
#16056=CARTESIAN_POINT('',(128.76,-37.5955,1.51));
#16057=CARTESIAN_POINT('Origin',(128.76,-38.04,1.51));
#16058=CARTESIAN_POINT('',(128.76,-35.0555,1.51));
#16059=CARTESIAN_POINT('Origin',(128.76,-35.5,1.51));
#16060=CARTESIAN_POINT('',(144.,-47.7555,1.51));
#16061=CARTESIAN_POINT('Origin',(144.,-48.2,1.51));
#16062=CARTESIAN_POINT('',(144.,-45.2155,1.51));
#16063=CARTESIAN_POINT('Origin',(144.,-45.66,1.51));
#16064=CARTESIAN_POINT('',(144.,-42.6755,1.51));
#16065=CARTESIAN_POINT('Origin',(144.,-43.12,1.51));
#16066=CARTESIAN_POINT('',(144.,-40.1355,1.51));
#16067=CARTESIAN_POINT('Origin',(144.,-40.58,1.51));
#16068=CARTESIAN_POINT('',(144.,-37.5955,1.51));
#16069=CARTESIAN_POINT('Origin',(144.,-38.04,1.51));
#16070=CARTESIAN_POINT('',(144.,-35.0555,1.51));
#16071=CARTESIAN_POINT('Origin',(144.,-35.5,1.51));
#16072=CARTESIAN_POINT('',(156.,-25.9,1.51));
#16073=CARTESIAN_POINT('Origin',(156.,-27.5,1.51));
#16074=CARTESIAN_POINT('Origin',(82.999999678834,-26.99999967883,0.));
#16075=CARTESIAN_POINT('',(78.,-27.,0.));
#16076=CARTESIAN_POINT('Origin',(156.50000032116,-116.0000003211,0.));
#16077=CARTESIAN_POINT('',(156.5,-121.,0.));
#16078=CARTESIAN_POINT('Origin',(78.,-116.,0.));
#16079=CARTESIAN_POINT('',(78.,-116.,0.));
#16080=CARTESIAN_POINT('Origin',(156.5,-121.,0.));
#16081=CARTESIAN_POINT('',(83.,-121.,0.));
#16082=CARTESIAN_POINT('Origin',(82.999999678834,-116.0000003211,0.));
#16083=CARTESIAN_POINT('Origin',(84.5,-115.,-0.046));
#16084=CARTESIAN_POINT('',(84.5,-113.4,-0.046));
#16085=CARTESIAN_POINT('Origin',(98.19,-114.5,-0.046));
#16086=CARTESIAN_POINT('',(98.19,-114.1,-0.046));
#16087=CARTESIAN_POINT('Origin',(93.8,-105.08,-0.046));
#16088=CARTESIAN_POINT('',(93.8,-104.23,-0.046));
#16089=CARTESIAN_POINT('Origin',(95.07,-102.54,-0.046));
#16090=CARTESIAN_POINT('',(95.07,-101.79,-0.046));
#16091=CARTESIAN_POINT('Origin',(98.88,-105.08,-0.046));
#16092=CARTESIAN_POINT('',(98.88,-103.08,-0.046));
#16093=CARTESIAN_POINT('Origin',(98.38,-95.5,-0.046));
#16094=CARTESIAN_POINT('',(98.38,-95.1,-0.046));
#16095=CARTESIAN_POINT('Origin',(105.81,-114.5,-0.046));
#16096=CARTESIAN_POINT('',(105.81,-114.1,-0.046));
#16097=CARTESIAN_POINT('Origin',(117.38,-114.5,-0.046));
#16098=CARTESIAN_POINT('',(117.38,-114.1,-0.046));
#16099=CARTESIAN_POINT('Origin',(103.96,-105.08,-0.046));
#16100=CARTESIAN_POINT('',(103.96,-104.23,-0.046));
#16101=CARTESIAN_POINT('Origin',(101.42,-100.,-0.046));
#16102=CARTESIAN_POINT('',(101.42,-99.25,-0.046));
#16103=CARTESIAN_POINT('Origin',(106.,-95.5,-0.046));
#16104=CARTESIAN_POINT('',(106.,-95.1,-0.046));
#16105=CARTESIAN_POINT('Origin',(112.88,-105.08,-0.046));
#16106=CARTESIAN_POINT('',(112.88,-104.23,-0.046));
#16107=CARTESIAN_POINT('Origin',(114.15,-102.54,-0.046));
#16108=CARTESIAN_POINT('',(114.15,-101.79,-0.046));
#16109=CARTESIAN_POINT('Origin',(117.96,-105.08,-0.046));
#16110=CARTESIAN_POINT('',(117.96,-103.08,-0.046));
#16111=CARTESIAN_POINT('Origin',(116.88,-95.5,-0.046));
#16112=CARTESIAN_POINT('',(116.88,-95.1,-0.046));
#16113=CARTESIAN_POINT('Origin',(93.8,-86.08,-0.046));
#16114=CARTESIAN_POINT('',(93.8,-85.23,-0.046));
#16115=CARTESIAN_POINT('Origin',(95.07,-83.54,-0.046));
#16116=CARTESIAN_POINT('',(95.07,-82.79,-0.046));
#16117=CARTESIAN_POINT('Origin',(98.88,-86.08,-0.046));
#16118=CARTESIAN_POINT('',(98.88,-84.08,-0.046));
#16119=CARTESIAN_POINT('Origin',(98.38,-76.5,-0.046));
#16120=CARTESIAN_POINT('',(98.38,-76.1,-0.046));
#16121=CARTESIAN_POINT('Origin',(103.96,-86.08,-0.046));
#16122=CARTESIAN_POINT('',(103.96,-85.23,-0.046));
#16123=CARTESIAN_POINT('Origin',(112.8,-86.08,-0.046));
#16124=CARTESIAN_POINT('',(112.8,-85.23,-0.046));
#16125=CARTESIAN_POINT('Origin',(114.07,-83.54,-0.046));
#16126=CARTESIAN_POINT('',(114.07,-82.79,-0.046));
#16127=CARTESIAN_POINT('Origin',(117.88,-86.08,-0.046));
#16128=CARTESIAN_POINT('',(117.88,-84.08,-0.046));
#16129=CARTESIAN_POINT('Origin',(101.42,-81.,-0.046));
#16130=CARTESIAN_POINT('',(101.42,-80.25,-0.046));
#16131=CARTESIAN_POINT('Origin',(106.,-76.5,-0.046));
#16132=CARTESIAN_POINT('',(106.,-76.1,-0.046));
#16133=CARTESIAN_POINT('Origin',(117.38,-76.5,-0.046));
#16134=CARTESIAN_POINT('',(117.38,-76.1,-0.046));
#16135=CARTESIAN_POINT('Origin',(125.,-114.5,-0.046));
#16136=CARTESIAN_POINT('',(125.,-114.1,-0.046));
#16137=CARTESIAN_POINT('Origin',(136.38,-114.5,-0.046));
#16138=CARTESIAN_POINT('',(136.38,-114.1,-0.046));
#16139=CARTESIAN_POINT('Origin',(123.04,-105.08,-0.046));
#16140=CARTESIAN_POINT('',(123.04,-104.23,-0.046));
#16141=CARTESIAN_POINT('Origin',(120.5,-100.,-0.046));
#16142=CARTESIAN_POINT('',(120.5,-99.25,-0.046));
#16143=CARTESIAN_POINT('Origin',(124.5,-95.5,-0.046));
#16144=CARTESIAN_POINT('',(124.5,-95.1,-0.046));
#16145=CARTESIAN_POINT('Origin',(131.88,-105.08,-0.046));
#16146=CARTESIAN_POINT('',(131.88,-104.23,-0.046));
#16147=CARTESIAN_POINT('Origin',(133.15,-102.54,-0.046));
#16148=CARTESIAN_POINT('',(133.15,-101.79,-0.046));
#16149=CARTESIAN_POINT('Origin',(136.96,-105.08,-0.046));
#16150=CARTESIAN_POINT('',(136.96,-103.08,-0.046));
#16151=CARTESIAN_POINT('Origin',(136.88,-95.5,-0.046));
#16152=CARTESIAN_POINT('',(136.88,-95.1,-0.046));
#16153=CARTESIAN_POINT('Origin',(144.,-114.5,-0.046));
#16154=CARTESIAN_POINT('',(144.,-114.1,-0.046));
#16155=CARTESIAN_POINT('Origin',(155.5,-115.5,-0.046));
#16156=CARTESIAN_POINT('',(155.5,-113.9,-0.046));
#16157=CARTESIAN_POINT('Origin',(142.04,-105.08,-0.046));
#16158=CARTESIAN_POINT('',(142.04,-104.23,-0.046));
#16159=CARTESIAN_POINT('Origin',(139.5,-100.,-0.046));
#16160=CARTESIAN_POINT('',(139.5,-99.25,-0.046));
#16161=CARTESIAN_POINT('Origin',(144.5,-95.5,-0.046));
#16162=CARTESIAN_POINT('',(144.5,-95.1,-0.046));
#16163=CARTESIAN_POINT('Origin',(122.96,-86.08,-0.046));
#16164=CARTESIAN_POINT('',(122.96,-85.23,-0.046));
#16165=CARTESIAN_POINT('Origin',(131.8,-86.08,-0.046));
#16166=CARTESIAN_POINT('',(131.8,-85.23,-0.046));
#16167=CARTESIAN_POINT('Origin',(133.07,-83.54,-0.046));
#16168=CARTESIAN_POINT('',(133.07,-82.79,-0.046));
#16169=CARTESIAN_POINT('Origin',(136.88,-86.08,-0.046));
#16170=CARTESIAN_POINT('',(136.88,-84.08,-0.046));
#16171=CARTESIAN_POINT('Origin',(120.42,-81.,-0.046));
#16172=CARTESIAN_POINT('',(120.42,-80.25,-0.046));
#16173=CARTESIAN_POINT('Origin',(125.,-76.5,-0.046));
#16174=CARTESIAN_POINT('',(125.,-76.1,-0.046));
#16175=CARTESIAN_POINT('Origin',(136.38,-76.5,-0.046));
#16176=CARTESIAN_POINT('',(136.38,-76.1,-0.046));
#16177=CARTESIAN_POINT('Origin',(141.96,-86.08,-0.046));
#16178=CARTESIAN_POINT('',(141.96,-85.23,-0.046));
#16179=CARTESIAN_POINT('Origin',(139.42,-81.,-0.046));
#16180=CARTESIAN_POINT('',(139.42,-80.25,-0.046));
#16181=CARTESIAN_POINT('Origin',(144.,-76.5,-0.046));
#16182=CARTESIAN_POINT('',(144.,-76.1,-0.046));
#16183=CARTESIAN_POINT('Origin',(93.8,-67.08,-0.046));
#16184=CARTESIAN_POINT('',(93.8,-66.23,-0.046));
#16185=CARTESIAN_POINT('Origin',(98.88,-67.08,-0.046));
#16186=CARTESIAN_POINT('',(98.88,-65.08,-0.046));
#16187=CARTESIAN_POINT('Origin',(95.07,-64.54,-0.046));
#16188=CARTESIAN_POINT('',(95.07,-63.79,-0.046));
#16189=CARTESIAN_POINT('Origin',(94.5,-51.04,-0.046));
#16190=CARTESIAN_POINT('',(94.5,-50.54,-0.046));
#16191=CARTESIAN_POINT('Origin',(103.96,-67.08,-0.046));
#16192=CARTESIAN_POINT('',(103.96,-66.23,-0.046));
#16193=CARTESIAN_POINT('Origin',(101.42,-62.,-0.046));
#16194=CARTESIAN_POINT('',(101.42,-61.25,-0.046));
#16195=CARTESIAN_POINT('Origin',(112.8,-67.08,-0.046));
#16196=CARTESIAN_POINT('',(112.8,-66.23,-0.046));
#16197=CARTESIAN_POINT('Origin',(117.88,-67.08,-0.046));
#16198=CARTESIAN_POINT('',(117.88,-65.08,-0.046));
#16199=CARTESIAN_POINT('Origin',(114.07,-64.54,-0.046));
#16200=CARTESIAN_POINT('',(114.07,-63.79,-0.046));
#16201=CARTESIAN_POINT('Origin',(94.5,-48.5,-0.046));
#16202=CARTESIAN_POINT('',(94.5,-48.,-0.046));
#16203=CARTESIAN_POINT('Origin',(94.5,-45.96,-0.046));
#16204=CARTESIAN_POINT('',(94.5,-45.46,-0.046));
#16205=CARTESIAN_POINT('Origin',(94.5,-43.42,-0.046));
#16206=CARTESIAN_POINT('',(94.5,-42.92,-0.046));
#16207=CARTESIAN_POINT('Origin',(94.5,-40.88,-0.046));
#16208=CARTESIAN_POINT('',(94.5,-40.38,-0.046));
#16209=CARTESIAN_POINT('Origin',(94.5,-38.34,-0.046));
#16210=CARTESIAN_POINT('',(94.5,-37.84,-0.046));
#16211=CARTESIAN_POINT('Origin',(83.5,-28.,-0.046));
#16212=CARTESIAN_POINT('',(83.5,-26.4,-0.046));
#16213=CARTESIAN_POINT('Origin',(94.5,-35.8,-0.046));
#16214=CARTESIAN_POINT('',(94.5,-35.3,-0.046));
#16215=CARTESIAN_POINT('Origin',(94.5,-33.26,-0.046));
#16216=CARTESIAN_POINT('',(94.5,-32.76,-0.046));
#16217=CARTESIAN_POINT('Origin',(111.5,-46.8,-0.046));
#16218=CARTESIAN_POINT('',(111.5,-46.3,-0.046));
#16219=CARTESIAN_POINT('Origin',(111.5,-39.2,-0.046));
#16220=CARTESIAN_POINT('',(111.5,-38.7,-0.046));
#16221=CARTESIAN_POINT('Origin',(122.96,-67.08,-0.046));
#16222=CARTESIAN_POINT('',(122.96,-66.23,-0.046));
#16223=CARTESIAN_POINT('Origin',(120.42,-62.,-0.046));
#16224=CARTESIAN_POINT('',(120.42,-61.25,-0.046));
#16225=CARTESIAN_POINT('Origin',(131.88,-67.08,-0.046));
#16226=CARTESIAN_POINT('',(131.88,-66.23,-0.046));
#16227=CARTESIAN_POINT('Origin',(136.96,-67.08,-0.046));
#16228=CARTESIAN_POINT('',(136.96,-65.08,-0.046));
#16229=CARTESIAN_POINT('Origin',(133.15,-64.54,-0.046));
#16230=CARTESIAN_POINT('',(133.15,-63.79,-0.046));
#16231=CARTESIAN_POINT('Origin',(128.76,-50.74,-0.046));
#16232=CARTESIAN_POINT('',(128.76,-50.2955,-0.046));
#16233=CARTESIAN_POINT('Origin',(142.04,-67.08,-0.046));
#16234=CARTESIAN_POINT('',(142.04,-66.23,-0.046));
#16235=CARTESIAN_POINT('Origin',(139.5,-62.,-0.046));
#16236=CARTESIAN_POINT('',(139.5,-61.25,-0.046));
#16237=CARTESIAN_POINT('Origin',(144.,-50.74,-0.046));
#16238=CARTESIAN_POINT('',(144.,-50.2955,-0.046));
#16239=CARTESIAN_POINT('Origin',(128.76,-48.2,-0.046));
#16240=CARTESIAN_POINT('',(128.76,-47.7555,-0.046));
#16241=CARTESIAN_POINT('Origin',(128.76,-45.66,-0.046));
#16242=CARTESIAN_POINT('',(128.76,-45.2155,-0.046));
#16243=CARTESIAN_POINT('Origin',(128.76,-43.12,-0.046));
#16244=CARTESIAN_POINT('',(128.76,-42.6755,-0.046));
#16245=CARTESIAN_POINT('Origin',(128.76,-40.58,-0.046));
#16246=CARTESIAN_POINT('',(128.76,-40.1355,-0.046));
#16247=CARTESIAN_POINT('Origin',(128.76,-38.04,-0.046));
#16248=CARTESIAN_POINT('',(128.76,-37.5955,-0.046));
#16249=CARTESIAN_POINT('Origin',(128.76,-35.5,-0.046));
#16250=CARTESIAN_POINT('',(128.76,-35.0555,-0.046));
#16251=CARTESIAN_POINT('Origin',(144.,-48.2,-0.046));
#16252=CARTESIAN_POINT('',(144.,-47.7555,-0.046));
#16253=CARTESIAN_POINT('Origin',(144.,-45.66,-0.046));
#16254=CARTESIAN_POINT('',(144.,-45.2155,-0.046));
#16255=CARTESIAN_POINT('Origin',(144.,-43.12,-0.046));
#16256=CARTESIAN_POINT('',(144.,-42.6755,-0.046));
#16257=CARTESIAN_POINT('Origin',(144.,-40.58,-0.046));
#16258=CARTESIAN_POINT('',(144.,-40.1355,-0.046));
#16259=CARTESIAN_POINT('Origin',(144.,-38.04,-0.046));
#16260=CARTESIAN_POINT('',(144.,-37.5955,-0.046));
#16261=CARTESIAN_POINT('Origin',(144.,-35.5,-0.046));
#16262=CARTESIAN_POINT('',(144.,-35.0555,-0.046));
#16263=CARTESIAN_POINT('Origin',(156.,-27.5,-0.046));
#16264=CARTESIAN_POINT('',(156.,-25.9,-0.046));
#16265=CARTESIAN_POINT('',(0.,0.,0.));
#16266=CARTESIAN_POINT('',(0.,0.,0.));
#16267=CARTESIAN_POINT('',(0.,0.,0.));
#16268=CARTESIAN_POINT('',(0.,0.,0.));
#16269=CARTESIAN_POINT('',(0.,0.,0.));
#16270=CARTESIAN_POINT('',(0.,0.,0.));
#16271=CARTESIAN_POINT('',(0.,0.,0.));
#16272=CARTESIAN_POINT('',(0.,0.,0.));
#16273=CARTESIAN_POINT('',(0.,0.,0.));
#16274=CARTESIAN_POINT('',(0.,0.,0.));
#16275=CARTESIAN_POINT('',(0.,0.,0.));
#16276=CARTESIAN_POINT('',(0.,0.,0.));
#16277=CARTESIAN_POINT('',(0.,0.,0.));
#16278=CARTESIAN_POINT('',(0.,0.,0.));
#16279=CARTESIAN_POINT('',(0.,0.,0.));
#16280=CARTESIAN_POINT('',(0.,0.,0.));
#16281=CARTESIAN_POINT('',(0.,0.,0.));
#16282=CARTESIAN_POINT('',(0.,0.,0.));
#16283=CARTESIAN_POINT('',(0.,0.,0.));
#16284=CARTESIAN_POINT('',(0.,0.,0.));
#16285=CARTESIAN_POINT('',(0.,0.,0.));
#16286=CARTESIAN_POINT('',(0.,0.,0.));
#16287=CARTESIAN_POINT('',(0.,0.,0.));
#16288=CARTESIAN_POINT('Origin',(0.,6.7E-16,1.));
#16289=CARTESIAN_POINT('',(0.25,1.E-15,1.));
#16290=CARTESIAN_POINT('',(-0.25,6.39383830021316E-16,1.));
#16291=CARTESIAN_POINT('Origin',(0.,6.7E-16,1.));
#16292=CARTESIAN_POINT('Origin',(0.,6.7E-16,1.));
#16293=CARTESIAN_POINT('',(-0.25,-1.30616169978684E-16,-2.5));
#16294=CARTESIAN_POINT('',(-0.25,6.39383830021316E-16,1.));
#16295=CARTESIAN_POINT('Origin',(0.,-1.1E-16,-2.5));
#16296=CARTESIAN_POINT('Origin',(0.5,6.7E-16,1.));
#16297=CARTESIAN_POINT('',(0.5,1.E-15,1.25));
#16298=CARTESIAN_POINT('',(0.5,8.04383830021316E-16,1.75));
#16299=CARTESIAN_POINT('Origin',(0.5,7.8E-16,1.5));
#16300=CARTESIAN_POINT('Origin',(0.5,7.8E-16,1.5));
#16301=CARTESIAN_POINT('Origin',(0.5,6.39383830021316E-16,1.));
#16302=CARTESIAN_POINT('Origin',(0.5,7.8E-16,1.5));
#16303=CARTESIAN_POINT('',(7.12,1.E-15,1.25));
#16304=CARTESIAN_POINT('',(7.12,8.04383830021316E-16,1.75));
#16305=CARTESIAN_POINT('Origin',(7.12,7.8E-16,1.5));
#16306=CARTESIAN_POINT('Origin',(7.12,7.8E-16,1.5));
#16307=CARTESIAN_POINT('',(0.5,8.04383830021316E-16,1.75));
#16308=CARTESIAN_POINT('Origin',(7.12,6.7E-16,1.));
#16309=CARTESIAN_POINT('',(7.37,1.E-15,1.));
#16310=CARTESIAN_POINT('',(7.87,6.39383830021316E-16,1.));
#16311=CARTESIAN_POINT('Origin',(7.62,6.7E-16,1.));
#16312=CARTESIAN_POINT('Origin',(7.62,6.7E-16,1.));
#16313=CARTESIAN_POINT('Origin',(7.12,6.39383830021316E-16,1.));
#16314=CARTESIAN_POINT('Origin',(7.62,6.7E-16,1.));
#16315=CARTESIAN_POINT('',(7.87,-1.30616169978684E-16,-2.5));
#16316=CARTESIAN_POINT('Origin',(7.62,-1.1E-16,-2.5));
#16317=CARTESIAN_POINT('',(7.87,6.39383830021316E-16,1.));
#16318=CARTESIAN_POINT('Origin',(0.25,-1.1E-16,-2.5));
#16319=CARTESIAN_POINT('Origin',(7.37,-1.1E-16,-2.5));
#16320=CARTESIAN_POINT('Origin',(2.41,6.630669073875E-16,1.5));
#16321=CARTESIAN_POINT('',(3.41,-2.15208816872867E-16,0.49));
#16322=CARTESIAN_POINT('Origin',(3.41,6.630669073875E-16,1.5));
#16323=CARTESIAN_POINT('',(2.41,-2.15208816872867E-16,0.49));
#16324=CARTESIAN_POINT('',(2.41,-2.15208816872867E-16,0.49));
#16325=CARTESIAN_POINT('Origin',(2.41,6.630669073875E-16,1.5));
#16326=CARTESIAN_POINT('Origin',(2.41,6.630669073875E-16,1.5));
#16327=CARTESIAN_POINT('',(2.41,-2.16513017622765E-16,0.5));
#16328=CARTESIAN_POINT('Origin',(2.41,6.630669073875E-16,1.5));
#16329=CARTESIAN_POINT('Origin',(3.41,6.630669073875E-16,1.5));
#16330=CARTESIAN_POINT('',(3.41,-2.16513017622765E-16,0.5));
#16331=CARTESIAN_POINT('Origin',(3.41,6.630669073875E-16,1.5));
#16332=CARTESIAN_POINT('Origin',(1.81,6.630669073875E-16,1.5));
#16333=CARTESIAN_POINT('',(2.21,-2.16513017622765E-16,0.5));
#16334=CARTESIAN_POINT('',(1.81,-2.16513017622765E-16,0.5));
#16335=CARTESIAN_POINT('Origin',(2.21,6.630669073875E-16,1.5));
#16336=CARTESIAN_POINT('Origin',(1.81,6.630669073875E-16,1.5));
#16337=CARTESIAN_POINT('',(5.41,-2.16513017622765E-16,0.5));
#16338=CARTESIAN_POINT('Origin',(5.41,6.630669073875E-16,1.5));
#16339=CARTESIAN_POINT('',(1.81,-2.16513017622765E-16,0.5));
#16340=CARTESIAN_POINT('Origin',(2.21,6.630669073875E-16,1.5));
#16341=CARTESIAN_POINT('',(1.81,-1.16386635163412E-17,0.9));
#16342=CARTESIAN_POINT('Origin',(1.81,6.630669073875E-16,1.5));
#16343=CARTESIAN_POINT('Origin',(2.21,-1.16386635163412E-17,0.9));
#16344=CARTESIAN_POINT('Origin',(5.41,6.630669073875E-16,1.5));
#16345=CARTESIAN_POINT('',(5.81,-1.16386635163412E-17,0.9));
#16346=CARTESIAN_POINT('Origin',(5.41,-1.16386635163412E-17,0.9));
#16347=CARTESIAN_POINT('Origin',(5.81,6.630669073875E-16,1.5));
#16348=CARTESIAN_POINT('Origin',(1.81,6.630669073875E-16,1.5));
#16349=CARTESIAN_POINT('Origin',(5.81,6.630669073875E-16,1.5));
#16350=CARTESIAN_POINT('',(0.,0.,-2.22044604925031E-16));
#16351=CARTESIAN_POINT('',(0.,-1.11022302462516E-16,-2.22044604925031E-16));
#16352=CARTESIAN_POINT('',(0.,0.,-2.22044604925031E-16));
#16353=CARTESIAN_POINT('',(0.,-2.22044604925031E-16,-2.22044604925031E-16));
#16354=CARTESIAN_POINT('',(0.,-2.22044604925031E-16,-2.22044604925031E-16));
#16355=CARTESIAN_POINT('',(0.,-1.11022302462516E-16,-2.22044604925031E-16));
#16356=CARTESIAN_POINT('',(0.,0.,-2.22044604925031E-16));
#16357=CARTESIAN_POINT('',(0.,-1.11022302462516E-16,-2.22044604925031E-16));
#16358=CARTESIAN_POINT('',(0.,-2.22044604925031E-16,-2.22044604925031E-16));
#16359=CARTESIAN_POINT('',(0.,0.,0.));
#16360=CARTESIAN_POINT('',(0.,0.,0.));
#16361=CARTESIAN_POINT('',(0.,0.,0.));
#16362=CARTESIAN_POINT('',(0.,0.,0.));
#16363=CARTESIAN_POINT('',(0.,0.,0.));
#16364=CARTESIAN_POINT('Origin',(-7.8,5.2,6.));
#16365=CARTESIAN_POINT('',(-7.,5.2,5.));
#16366=CARTESIAN_POINT('',(-7.8,5.2,5.));
#16367=CARTESIAN_POINT('',(-3.9,5.2,5.));
#16368=CARTESIAN_POINT('',(-7.,5.2,6.));
#16369=CARTESIAN_POINT('',(-7.,5.2,6.));
#16370=CARTESIAN_POINT('',(-7.8,5.2,6.));
#16371=CARTESIAN_POINT('',(-3.9,5.2,6.));
#16372=CARTESIAN_POINT('',(-7.8,5.2,5.5));
#16373=CARTESIAN_POINT('Origin',(-7.,-5.2,6.));
#16374=CARTESIAN_POINT('',(-7.8,-5.2,5.));
#16375=CARTESIAN_POINT('',(-7.,-5.2,5.));
#16376=CARTESIAN_POINT('',(-3.5,-5.2,5.));
#16377=CARTESIAN_POINT('',(-7.8,-5.2,6.));
#16378=CARTESIAN_POINT('',(-7.8,-5.2,5.5));
#16379=CARTESIAN_POINT('',(-7.,-5.2,6.));
#16380=CARTESIAN_POINT('',(-3.5,-5.2,6.));
#16381=CARTESIAN_POINT('',(-7.,-5.2,6.));
#16382=CARTESIAN_POINT('Origin',(7.,5.2,6.));
#16383=CARTESIAN_POINT('',(7.8,5.2,5.));
#16384=CARTESIAN_POINT('',(7.,5.2,5.));
#16385=CARTESIAN_POINT('',(3.5,5.2,5.));
#16386=CARTESIAN_POINT('',(7.8,5.2,6.));
#16387=CARTESIAN_POINT('',(7.8,5.2,5.5));
#16388=CARTESIAN_POINT('',(7.,5.2,6.));
#16389=CARTESIAN_POINT('',(3.5,5.2,6.));
#16390=CARTESIAN_POINT('',(7.,5.2,6.));
#16391=CARTESIAN_POINT('Origin',(7.8,-5.2,6.));
#16392=CARTESIAN_POINT('',(7.,-5.2,5.));
#16393=CARTESIAN_POINT('',(7.8,-5.2,5.));
#16394=CARTESIAN_POINT('',(3.9,-5.2,5.));
#16395=CARTESIAN_POINT('',(7.,-5.2,6.));
#16396=CARTESIAN_POINT('',(7.,-5.2,6.));
#16397=CARTESIAN_POINT('',(7.8,-5.2,6.));
#16398=CARTESIAN_POINT('',(3.9,-5.2,6.));
#16399=CARTESIAN_POINT('',(7.8,-5.2,5.5));
#16400=CARTESIAN_POINT('Origin',(-7.,7.,0.));
#16401=CARTESIAN_POINT('',(-7.,7.,5.));
#16402=CARTESIAN_POINT('',(-7.,7.,5.));
#16403=CARTESIAN_POINT('',(-7.,7.,3.7));
#16404=CARTESIAN_POINT('',(-7.,7.,0.));
#16405=CARTESIAN_POINT('',(-7.,-7.,3.7));
#16406=CARTESIAN_POINT('',(-7.,-2.889019914629E-15,3.7));
#16407=CARTESIAN_POINT('',(-7.,-7.,5.));
#16408=CARTESIAN_POINT('',(-7.,-7.,0.));
#16409=CARTESIAN_POINT('',(-7.,7.,5.));
#16410=CARTESIAN_POINT('',(-7.,2.6,6.));
#16411=CARTESIAN_POINT('Origin',(-7.8,7.8,5.));
#16412=CARTESIAN_POINT('',(-7.8,7.8,6.));
#16413=CARTESIAN_POINT('',(-7.8,-7.8,6.));
#16414=CARTESIAN_POINT('',(-7.8,7.8,5.));
#16415=CARTESIAN_POINT('',(-7.8,7.8,5.));
#16416=CARTESIAN_POINT('',(-7.8,-7.8,5.));
#16417=CARTESIAN_POINT('Origin',(-7.8,7.8,5.));
#16418=CARTESIAN_POINT('',(-7.8,-7.8,5.));
#16419=CARTESIAN_POINT('',(-7.8,-7.8,5.));
#16420=CARTESIAN_POINT('',(-7.8,-7.8,6.));
#16421=CARTESIAN_POINT('',(-7.8,-7.8,5.));
#16422=CARTESIAN_POINT('',(-7.8,-7.8,6.));
#16423=CARTESIAN_POINT('Origin',(7.8,-7.8,5.));
#16424=CARTESIAN_POINT('',(7.8,-7.8,6.));
#16425=CARTESIAN_POINT('',(7.8,7.8,6.));
#16426=CARTESIAN_POINT('',(7.8,-7.8,5.));
#16427=CARTESIAN_POINT('',(7.8,-7.8,5.));
#16428=CARTESIAN_POINT('',(7.8,7.8,5.));
#16429=CARTESIAN_POINT('Origin',(7.8,-7.8,5.));
#16430=CARTESIAN_POINT('',(7.8,7.8,5.));
#16431=CARTESIAN_POINT('',(7.8,7.8,5.));
#16432=CARTESIAN_POINT('',(7.8,7.8,6.));
#16433=CARTESIAN_POINT('',(7.8,7.8,5.));
#16434=CARTESIAN_POINT('',(7.8,7.8,6.));
#16435=CARTESIAN_POINT('Origin',(0.,0.,5.));
#16436=CARTESIAN_POINT('',(7.,-7.,5.));
#16437=CARTESIAN_POINT('',(-7.,-7.,5.));
#16438=CARTESIAN_POINT('',(7.,-7.,5.));
#16439=CARTESIAN_POINT('',(7.8,-7.8,5.));
#16440=CARTESIAN_POINT('Origin',(0.,0.,5.));
#16441=CARTESIAN_POINT('',(-7.8,7.8,5.));
#16442=CARTESIAN_POINT('',(7.,7.,5.));
#16443=CARTESIAN_POINT('',(7.,-7.,5.));
#16444=CARTESIAN_POINT('',(7.,7.,5.));
#16445=CARTESIAN_POINT('Origin',(7.,-7.,0.));
#16446=CARTESIAN_POINT('',(7.,-7.,3.7));
#16447=CARTESIAN_POINT('',(7.,-7.,0.));
#16448=CARTESIAN_POINT('',(7.,7.,3.7));
#16449=CARTESIAN_POINT('',(7.,-7.,3.7));
#16450=CARTESIAN_POINT('',(7.,7.,0.));
#16451=CARTESIAN_POINT('',(7.,-2.6,6.));
#16452=CARTESIAN_POINT('Origin',(-6.5,2.7,10.3));
#16453=CARTESIAN_POINT('',(-6.9,-3.1,9.5));
#16454=CARTESIAN_POINT('',(-6.1,-3.1,11.1));
#16455=CARTESIAN_POINT('',(-6.38,-3.1,10.54));
#16456=CARTESIAN_POINT('',(-6.1,3.1,11.1));
#16457=CARTESIAN_POINT('',(-6.1,2.7,11.1));
#16458=CARTESIAN_POINT('',(-6.9,3.1,9.5));
#16459=CARTESIAN_POINT('',(-6.18,3.1,10.94));
#16460=CARTESIAN_POINT('',(-6.9,2.7,9.5));
#16461=CARTESIAN_POINT('Origin',(-4.9,3.1,11.1));
#16462=CARTESIAN_POINT('',(-4.9,3.1,11.1));
#16463=CARTESIAN_POINT('',(-2.45,3.1,11.1));
#16464=CARTESIAN_POINT('',(-4.9,3.1,7.5));
#16465=CARTESIAN_POINT('',(-4.9,3.1,11.1));
#16466=CARTESIAN_POINT('',(-6.9,3.1,7.5));
#16467=CARTESIAN_POINT('',(-4.9,3.1,7.5));
#16468=CARTESIAN_POINT('',(-6.9,3.1,8.55));
#16469=CARTESIAN_POINT('Origin',(-3.880729939564E-17,-9.313751854954E-16,
11.1));
#16470=CARTESIAN_POINT('',(-4.9,-3.1,11.1));
#16471=CARTESIAN_POINT('',(-3.45,-3.1,11.1));
#16472=CARTESIAN_POINT('',(-4.9,-3.6,11.1));
#16473=CARTESIAN_POINT('',(-4.9,-1.55,11.1));
#16474=CARTESIAN_POINT('',(-0.901387818866,-3.6,11.1));
#16475=CARTESIAN_POINT('',(3.9,-3.6,11.1));
#16476=CARTESIAN_POINT('',(0.901387818866,-3.6,11.1));
#16477=CARTESIAN_POINT('Origin',(0.,-5.1,11.1));
#16478=CARTESIAN_POINT('',(4.9,-3.6,11.1));
#16479=CARTESIAN_POINT('',(3.9,-3.6,11.1));
#16480=CARTESIAN_POINT('',(4.9,-3.1,11.1));
#16481=CARTESIAN_POINT('',(4.9,-7.25,11.1));
#16482=CARTESIAN_POINT('',(6.1,-3.1,11.1));
#16483=CARTESIAN_POINT('',(2.45,-3.1,11.1));
#16484=CARTESIAN_POINT('',(6.1,3.1,11.1));
#16485=CARTESIAN_POINT('',(6.1,-2.7,11.1));
#16486=CARTESIAN_POINT('',(4.9,3.1,11.1));
#16487=CARTESIAN_POINT('',(3.45,3.1,11.1));
#16488=CARTESIAN_POINT('',(4.9,5.044681918309,11.1));
#16489=CARTESIAN_POINT('',(4.9,1.55,11.1));
#16490=CARTESIAN_POINT('',(-4.9,5.044681918309,11.1));
#16491=CARTESIAN_POINT('',(3.9,5.044681918309,11.1));
#16492=CARTESIAN_POINT('',(-4.9,7.25,11.1));
#16493=CARTESIAN_POINT('',(3.55,2.75,11.1));
#16494=CARTESIAN_POINT('',(3.55,-2.75,11.1));
#16495=CARTESIAN_POINT('',(3.55,1.375,11.1));
#16496=CARTESIAN_POINT('',(-3.55,-2.75,11.1));
#16497=CARTESIAN_POINT('',(1.775,-2.75,11.1));
#16498=CARTESIAN_POINT('',(-3.55,2.75,11.1));
#16499=CARTESIAN_POINT('',(-3.55,-1.375,11.1));
#16500=CARTESIAN_POINT('',(-1.775,2.75,11.1));
#16501=CARTESIAN_POINT('Origin',(6.5,-2.7,10.3));
#16502=CARTESIAN_POINT('',(6.9,3.1,9.5));
#16503=CARTESIAN_POINT('',(6.38,3.1,10.54));
#16504=CARTESIAN_POINT('',(6.9,-3.1,9.5));
#16505=CARTESIAN_POINT('',(6.18,-3.1,10.94));
#16506=CARTESIAN_POINT('',(6.9,-2.7,9.5));
#16507=CARTESIAN_POINT('Origin',(4.9,-3.1,11.1));
#16508=CARTESIAN_POINT('',(4.9,-3.1,7.5));
#16509=CARTESIAN_POINT('',(4.9,-3.1,11.1));
#16510=CARTESIAN_POINT('',(6.9,-3.1,7.5));
#16511=CARTESIAN_POINT('',(4.9,-3.1,7.5));
#16512=CARTESIAN_POINT('',(6.9,-3.1,8.55));
#16513=CARTESIAN_POINT('Origin',(3.9,5.044681918309,10.1));
#16514=CARTESIAN_POINT('',(-4.9,6.006560915367,10.373475401124));
#16515=CARTESIAN_POINT('Origin',(-4.9,5.044681918309,10.1));
#16516=CARTESIAN_POINT('',(4.9,6.006560915367,10.373475401124));
#16517=CARTESIAN_POINT('Origin',(4.9,5.044681918309,10.1));
#16518=CARTESIAN_POINT('',(3.9,6.006560915367,10.373475401124));
#16519=CARTESIAN_POINT('Origin',(-4.9,7.25,6.));
#16520=CARTESIAN_POINT('',(-4.9,7.25,6.));
#16521=CARTESIAN_POINT('',(-4.9,7.25,6.));
#16522=CARTESIAN_POINT('',(-4.9,6.3,6.));
#16523=CARTESIAN_POINT('',(-4.9,3.625,6.));
#16524=CARTESIAN_POINT('',(-4.9,6.3,7.5));
#16525=CARTESIAN_POINT('',(-4.9,6.3,6.));
#16526=CARTESIAN_POINT('',(-4.9,7.25,7.5));
#16527=CARTESIAN_POINT('Origin',(7.8,7.25,6.));
#16528=CARTESIAN_POINT('',(4.9,7.25,6.));
#16529=CARTESIAN_POINT('',(4.9,7.214475322365,6.124948866163));
#16530=CARTESIAN_POINT('',(0.,7.25,6.));
#16531=CARTESIAN_POINT('Origin',(3.55,2.75,11.1));
#16532=CARTESIAN_POINT('',(3.55,2.75,10.1));
#16533=CARTESIAN_POINT('',(3.55,2.75,11.1));
#16534=CARTESIAN_POINT('',(3.55,-2.75,10.1));
#16535=CARTESIAN_POINT('',(3.55,2.75,10.1));
#16536=CARTESIAN_POINT('',(3.55,-2.75,11.1));
#16537=CARTESIAN_POINT('Origin',(-3.55,2.75,11.1));
#16538=CARTESIAN_POINT('',(-3.55,2.75,10.1));
#16539=CARTESIAN_POINT('',(-3.55,2.75,11.1));
#16540=CARTESIAN_POINT('',(-3.55,2.75,10.1));
#16541=CARTESIAN_POINT('Origin',(-3.55,-2.75,11.1));
#16542=CARTESIAN_POINT('',(-3.55,-2.75,10.1));
#16543=CARTESIAN_POINT('',(-3.55,-2.75,11.1));
#16544=CARTESIAN_POINT('',(-3.55,-2.75,10.1));
#16545=CARTESIAN_POINT('Origin',(3.55,-2.75,11.1));
#16546=CARTESIAN_POINT('',(3.55,-2.75,10.1));
#16547=CARTESIAN_POINT('Origin',(0.,0.,10.1));
#16548=CARTESIAN_POINT('Origin',(7.8,-3.6,11.1));
#16549=CARTESIAN_POINT('',(-4.9,-6.176470588235,7.5));
#16550=CARTESIAN_POINT('',(-4.9,-5.264110468442,8.774804550944));
#16551=CARTESIAN_POINT('',(-6.455075186761,-6.176470588235,7.5));
#16552=CARTESIAN_POINT('',(0.95,-6.176470588235,7.5));
#16553=CARTESIAN_POINT('',(-6.,-6.3,7.327397260274));
#16554=CARTESIAN_POINT('Origin',(-6.,-5.4,8.584931506849));
#16555=CARTESIAN_POINT('',(-4.9,-6.3,7.327397260274));
#16556=CARTESIAN_POINT('',(0.9,-6.3,7.327397260274));
#16557=CARTESIAN_POINT('',(-4.9,-7.25,6.));
#16558=CARTESIAN_POINT('',(-4.9,-5.264110468442,8.774804550944));
#16559=CARTESIAN_POINT('',(4.9,-7.25,6.));
#16560=CARTESIAN_POINT('',(-2.45,-7.25,6.));
#16561=CARTESIAN_POINT('',(4.9,-6.3,7.327397260274));
#16562=CARTESIAN_POINT('',(4.9,-5.425,8.55));
#16563=CARTESIAN_POINT('',(6.,-6.3,7.327397260274));
#16564=CARTESIAN_POINT('',(6.35,-6.3,7.327397260274));
#16565=CARTESIAN_POINT('',(6.455075186761,-6.176470588235,7.5));
#16566=CARTESIAN_POINT('Origin',(6.,-5.4,8.584931506849));
#16567=CARTESIAN_POINT('',(4.9,-6.176470588235,7.5));
#16568=CARTESIAN_POINT('',(6.85,-6.176470588235,7.5));
#16569=CARTESIAN_POINT('',(4.9,-5.425,8.55));
#16570=CARTESIAN_POINT('',(1.4,-4.05,10.471232876712));
#16571=CARTESIAN_POINT('Origin',(0.,-5.1,9.004109589041));
#16572=CARTESIAN_POINT('',(4.25,-4.05,10.471232876712));
#16573=CARTESIAN_POINT('',(4.6,-4.05,10.471232876712));
#16574=CARTESIAN_POINT('',(4.25,-6.605882352941,6.9));
#16575=CARTESIAN_POINT('',(4.25,-3.676210830738,10.993513633763));
#16576=CARTESIAN_POINT('',(-4.25,-6.605882352941,6.9));
#16577=CARTESIAN_POINT('',(3.9,-6.605882352941,6.9));
#16578=CARTESIAN_POINT('',(-4.25,-4.05,10.471232876712));
#16579=CARTESIAN_POINT('',(-4.25,-4.218154515986,10.236277251637));
#16580=CARTESIAN_POINT('',(-1.4,-4.05,10.471232876712));
#16581=CARTESIAN_POINT('',(1.775,-4.05,10.471232876712));
#16582=CARTESIAN_POINT('Origin',(0.,-5.1,9.004109589041));
#16583=CARTESIAN_POINT('Origin',(4.9,6.3,6.));
#16584=CARTESIAN_POINT('',(4.9,3.1,7.5));
#16585=CARTESIAN_POINT('',(4.9,3.1,11.1));
#16586=CARTESIAN_POINT('',(4.9,6.3,7.5));
#16587=CARTESIAN_POINT('',(4.9,7.25,7.5));
#16588=CARTESIAN_POINT('',(4.9,6.3,6.));
#16589=CARTESIAN_POINT('',(4.9,6.3,6.));
#16590=CARTESIAN_POINT('',(4.9,3.15,6.));
#16591=CARTESIAN_POINT('Origin',(-5.9,-5.175,7.5));
#16592=CARTESIAN_POINT('',(-4.9,-3.1,7.5));
#16593=CARTESIAN_POINT('',(-4.9,-7.25,7.5));
#16594=CARTESIAN_POINT('',(-6.9,-3.1,7.5));
#16595=CARTESIAN_POINT('',(-4.9,-3.1,7.5));
#16596=CARTESIAN_POINT('',(-6.9,-5.4,7.5));
#16597=CARTESIAN_POINT('',(-6.9,0.1125,7.5));
#16598=CARTESIAN_POINT('Origin',(-6.,-5.4,7.5));
#16599=CARTESIAN_POINT('Origin',(-4.9,-6.3,6.));
#16600=CARTESIAN_POINT('',(-4.9,-6.3,6.));
#16601=CARTESIAN_POINT('',(-4.9,-6.3,6.));
#16602=CARTESIAN_POINT('',(-4.9,-3.15,6.));
#16603=CARTESIAN_POINT('Origin',(-4.9,-6.3,6.));
#16604=CARTESIAN_POINT('',(-4.9,-3.1,11.1));
#16605=CARTESIAN_POINT('Origin',(0.,0.,6.));
#16606=CARTESIAN_POINT('',(7.8,-7.8,6.));
#16607=CARTESIAN_POINT('',(-7.8,7.8,6.));
#16608=CARTESIAN_POINT('',(6.,6.3,6.));
#16609=CARTESIAN_POINT('',(3.,6.3,6.));
#16610=CARTESIAN_POINT('',(6.9,5.4,6.));
#16611=CARTESIAN_POINT('Origin',(6.,5.4,6.));
#16612=CARTESIAN_POINT('',(6.9,-5.4,6.));
#16613=CARTESIAN_POINT('',(6.9,-2.7,6.));
#16614=CARTESIAN_POINT('',(6.,-6.3,6.));
#16615=CARTESIAN_POINT('Origin',(6.,-5.4,6.));
#16616=CARTESIAN_POINT('',(4.9,-6.3,6.));
#16617=CARTESIAN_POINT('',(2.45,-6.3,6.));
#16618=CARTESIAN_POINT('',(4.9,-3.625,6.));
#16619=CARTESIAN_POINT('',(-6.,-6.3,6.));
#16620=CARTESIAN_POINT('',(-3.,-6.3,6.));
#16621=CARTESIAN_POINT('',(-6.9,-5.4,6.));
#16622=CARTESIAN_POINT('Origin',(-6.,-5.4,6.));
#16623=CARTESIAN_POINT('',(-6.9,5.4,6.));
#16624=CARTESIAN_POINT('',(-6.9,2.7,6.));
#16625=CARTESIAN_POINT('',(-6.,6.3,6.));
#16626=CARTESIAN_POINT('Origin',(-6.,5.4,6.));
#16627=CARTESIAN_POINT('',(-2.45,6.3,6.));
#16628=CARTESIAN_POINT('Origin',(-4.25,-4.05,11.1));
#16629=CARTESIAN_POINT('',(-4.25,-4.05,6.9));
#16630=CARTESIAN_POINT('',(-4.25,-4.05,11.1));
#16631=CARTESIAN_POINT('',(-1.4,-4.05,6.9));
#16632=CARTESIAN_POINT('',(-1.4,-4.05,6.9));
#16633=CARTESIAN_POINT('',(-1.4,-4.05,11.1));
#16634=CARTESIAN_POINT('Origin',(-4.25,-7.25,11.1));
#16635=CARTESIAN_POINT('',(-4.25,-5.7,6.9));
#16636=CARTESIAN_POINT('',(-4.25,-4.05,6.9));
#16637=CARTESIAN_POINT('',(-4.25,-5.7,5.6));
#16638=CARTESIAN_POINT('',(-4.25,-5.7,6.9));
#16639=CARTESIAN_POINT('',(-4.25,-4.5,5.6));
#16640=CARTESIAN_POINT('',(-4.25,-5.45,5.6));
#16641=CARTESIAN_POINT('',(-4.25,-4.5,6.9));
#16642=CARTESIAN_POINT('',(-4.25,-4.5,6.9));
#16643=CARTESIAN_POINT('',(-4.25,-4.05,6.9));
#16644=CARTESIAN_POINT('Origin',(0.,-5.62682646407,6.9));
#16645=CARTESIAN_POINT('',(4.25,-5.7,6.9));
#16646=CARTESIAN_POINT('',(4.25,-7.25,6.9));
#16647=CARTESIAN_POINT('',(2.125,-5.7,6.9));
#16648=CARTESIAN_POINT('Origin',(4.25,-4.05,11.1));
#16649=CARTESIAN_POINT('',(4.25,-4.05,6.9));
#16650=CARTESIAN_POINT('',(4.25,-4.05,11.1));
#16651=CARTESIAN_POINT('',(4.25,-4.5,6.9));
#16652=CARTESIAN_POINT('',(4.25,-7.25,6.9));
#16653=CARTESIAN_POINT('',(4.25,-4.5,5.6));
#16654=CARTESIAN_POINT('',(4.25,-4.5,6.9));
#16655=CARTESIAN_POINT('',(4.25,-5.7,5.6));
#16656=CARTESIAN_POINT('',(4.25,-4.85,5.6));
#16657=CARTESIAN_POINT('',(4.25,-5.7,6.9));
#16658=CARTESIAN_POINT('Origin',(1.4,-4.05,11.1));
#16659=CARTESIAN_POINT('',(1.4,-4.05,6.9));
#16660=CARTESIAN_POINT('',(1.4,-4.05,11.1));
#16661=CARTESIAN_POINT('',(4.25,-4.05,6.9));
#16662=CARTESIAN_POINT('Origin',(4.9,-7.25,6.));
#16663=CARTESIAN_POINT('',(4.9,-7.25,7.5));
#16664=CARTESIAN_POINT('Origin',(0.,-5.1,11.1));
#16665=CARTESIAN_POINT('Origin',(0.,-5.1,6.9));
#16666=CARTESIAN_POINT('Origin',(4.25,-5.7,6.9));
#16667=CARTESIAN_POINT('',(2.125,-5.7,5.6));
#16668=CARTESIAN_POINT('Origin',(-4.25,-4.5,6.9));
#16669=CARTESIAN_POINT('',(-2.125,-4.5,5.6));
#16670=CARTESIAN_POINT('',(-2.125,-4.5,6.9));
#16671=CARTESIAN_POINT('Origin',(0.,-5.62682646407,6.9));
#16672=CARTESIAN_POINT('Origin',(-6.9,-3.1,11.1));
#16673=CARTESIAN_POINT('',(-6.9,-3.1,8.55));
#16674=CARTESIAN_POINT('Origin',(6.9,3.1,11.1));
#16675=CARTESIAN_POINT('',(6.9,3.1,7.5));
#16676=CARTESIAN_POINT('',(6.9,3.1,8.55));
#16677=CARTESIAN_POINT('',(4.9,3.1,7.5));
#16678=CARTESIAN_POINT('Origin',(5.9,5.175,7.5));
#16679=CARTESIAN_POINT('',(6.,6.3,7.5));
#16680=CARTESIAN_POINT('',(6.9,5.4,7.5));
#16681=CARTESIAN_POINT('Origin',(6.,5.4,7.5));
#16682=CARTESIAN_POINT('',(5.95,6.3,7.5));
#16683=CARTESIAN_POINT('',(6.9,-0.1125,7.5));
#16684=CARTESIAN_POINT('Origin',(-5.9,5.175,7.5));
#16685=CARTESIAN_POINT('',(-6.9,5.4,7.5));
#16686=CARTESIAN_POINT('',(-6.,6.3,7.5));
#16687=CARTESIAN_POINT('Origin',(-6.,5.4,7.5));
#16688=CARTESIAN_POINT('',(-6.9,5.2875,7.5));
#16689=CARTESIAN_POINT('',(-5.4,6.3,7.5));
#16690=CARTESIAN_POINT('Origin',(5.9,-5.175,7.5));
#16691=CARTESIAN_POINT('',(6.9,-5.4,7.5));
#16692=CARTESIAN_POINT('Origin',(6.,-5.4,7.5));
#16693=CARTESIAN_POINT('',(6.9,-5.2875,7.5));
#16694=CARTESIAN_POINT('Origin',(-6.9,5.4,6.));
#16695=CARTESIAN_POINT('',(-6.9,5.4,6.));
#16696=CARTESIAN_POINT('',(-6.9,-5.4,6.));
#16697=CARTESIAN_POINT('Origin',(-6.,5.4,6.));
#16698=CARTESIAN_POINT('',(-6.,6.3,6.));
#16699=CARTESIAN_POINT('Origin',(-4.9,6.3,6.));
#16700=CARTESIAN_POINT('Origin',(6.9,-5.4,6.));
#16701=CARTESIAN_POINT('',(6.9,-5.4,6.));
#16702=CARTESIAN_POINT('',(6.9,5.4,6.));
#16703=CARTESIAN_POINT('Origin',(6.,-5.4,6.));
#16704=CARTESIAN_POINT('',(6.,-6.3,6.));
#16705=CARTESIAN_POINT('Origin',(4.9,-6.3,6.));
#16706=CARTESIAN_POINT('',(4.9,-6.3,6.));
#16707=CARTESIAN_POINT('Origin',(6.,6.3,6.));
#16708=CARTESIAN_POINT('',(6.,6.3,6.));
#16709=CARTESIAN_POINT('Origin',(6.,5.4,6.));
#16710=CARTESIAN_POINT('Origin',(4.9,-7.25,6.));
#16711=CARTESIAN_POINT('Origin',(-6.,-6.3,6.));
#16712=CARTESIAN_POINT('',(-6.,-6.3,6.));
#16713=CARTESIAN_POINT('Origin',(-6.,-5.4,6.));
#16714=CARTESIAN_POINT('Origin',(-2.46,2.,0.));
#16715=CARTESIAN_POINT('',(-2.46,2.04,0.2));
#16716=CARTESIAN_POINT('',(-2.46,2.04,0.));
#16717=CARTESIAN_POINT('',(-2.46,2.04,0.));
#16718=CARTESIAN_POINT('',(-2.46,2.54,0.2));
#16719=CARTESIAN_POINT('',(-2.46,2.54,0.2));
#16720=CARTESIAN_POINT('',(-2.46,2.54,0.));
#16721=CARTESIAN_POINT('',(-2.46,2.54,0.));
#16722=CARTESIAN_POINT('',(-2.46,1.,0.));
#16723=CARTESIAN_POINT('Origin',(-5.16,2.54,0.));
#16724=CARTESIAN_POINT('',(-5.16,2.54,0.));
#16725=CARTESIAN_POINT('',(-5.16,2.,0.));
#16726=CARTESIAN_POINT('',(-5.16,1.27,0.));
#16727=CARTESIAN_POINT('',(-5.16,2.54,0.2));
#16728=CARTESIAN_POINT('',(-5.16,2.54,0.));
#16729=CARTESIAN_POINT('',(-5.16,2.,0.2));
#16730=CARTESIAN_POINT('',(-5.16,2.,0.2));
#16731=CARTESIAN_POINT('',(-5.16,2.,0.));
#16732=CARTESIAN_POINT('Origin',(-3.81,2.54,0.));
#16733=CARTESIAN_POINT('Origin',(-3.81,2.54,0.));
#16734=CARTESIAN_POINT('Origin',(-3.81,2.54,0.2));
#16735=CARTESIAN_POINT('Origin',(-3.81,2.681386598163,0.2));
#16736=CARTESIAN_POINT('',(-2.5,2.,0.2));
#16737=CARTESIAN_POINT('',(-2.657153350459,1.842846649541,0.2));
#16738=CARTESIAN_POINT('',(-5.405,2.,0.2));
#16739=CARTESIAN_POINT('',(-3.41,2.74,0.2));
#16740=CARTESIAN_POINT('',(-3.41,2.34,0.2));
#16741=CARTESIAN_POINT('',(-3.41,2.510693299082,0.2));
#16742=CARTESIAN_POINT('',(-4.21,2.74,0.2));
#16743=CARTESIAN_POINT('',(-3.61,2.74,0.2));
#16744=CARTESIAN_POINT('',(-4.21,2.34,0.2));
#16745=CARTESIAN_POINT('',(-4.21,2.710693299082,0.2));
#16746=CARTESIAN_POINT('',(-4.01,2.34,0.2));
#16747=CARTESIAN_POINT('Origin',(1.5,3.77,0.));
#16748=CARTESIAN_POINT('',(1.5,3.77,0.));
#16749=CARTESIAN_POINT('',(2.54,3.77,0.));
#16750=CARTESIAN_POINT('',(0.75,3.77,0.));
#16751=CARTESIAN_POINT('',(1.5,3.77,0.2));
#16752=CARTESIAN_POINT('',(1.5,3.77,0.));
#16753=CARTESIAN_POINT('',(2.54,3.77,0.2));
#16754=CARTESIAN_POINT('',(2.54,3.77,0.2));
#16755=CARTESIAN_POINT('',(2.54,3.77,0.));
#16756=CARTESIAN_POINT('Origin',(2.54,6.47,0.));
#16757=CARTESIAN_POINT('',(2.54,6.47,0.));
#16758=CARTESIAN_POINT('',(1.5,6.47,0.));
#16759=CARTESIAN_POINT('',(1.27,6.47,0.));
#16760=CARTESIAN_POINT('',(2.54,6.47,0.2));
#16761=CARTESIAN_POINT('',(2.54,6.47,0.));
#16762=CARTESIAN_POINT('',(1.5,6.47,0.2));
#16763=CARTESIAN_POINT('',(1.5,6.47,0.2));
#16764=CARTESIAN_POINT('',(1.5,6.47,0.));
#16765=CARTESIAN_POINT('Origin',(2.54,5.12,0.));
#16766=CARTESIAN_POINT('Origin',(2.54,5.12,0.));
#16767=CARTESIAN_POINT('Origin',(2.54,5.12,0.2));
#16768=CARTESIAN_POINT('Origin',(2.394811295492,5.12,0.2));
#16769=CARTESIAN_POINT('',(1.5,6.06,0.2));
#16770=CARTESIAN_POINT('',(2.94,5.27,0.2));
#16771=CARTESIAN_POINT('',(2.94,4.97,0.2));
#16772=CARTESIAN_POINT('',(2.94,5.045,0.2));
#16773=CARTESIAN_POINT('',(2.14,5.27,0.2));
#16774=CARTESIAN_POINT('',(2.667405647746,5.27,0.2));
#16775=CARTESIAN_POINT('',(2.14,4.97,0.2));
#16776=CARTESIAN_POINT('',(2.14,5.195,0.2));
#16777=CARTESIAN_POINT('',(2.267405647746,4.97,0.2));
#16778=CARTESIAN_POINT('Origin',(8.921435019309E-16,8.921435019309E-16,
0.));
#16779=CARTESIAN_POINT('',(-6.2484375,2.,0.));
#16780=CARTESIAN_POINT('',(-3.5,2.,0.));
#16781=CARTESIAN_POINT('',(-6.2484375,6.75,1.387778780781E-16));
#16782=CARTESIAN_POINT('',(-6.2484375,-3.5,1.387778780781E-16));
#16783=CARTESIAN_POINT('',(-1.5,6.75,0.));
#16784=CARTESIAN_POINT('',(3.5,6.75,-6.938893903907E-17));
#16785=CARTESIAN_POINT('',(-1.5,3.,0.));
#16786=CARTESIAN_POINT('',(-1.5,1.5,0.));
#16787=CARTESIAN_POINT('',(-2.375,2.125,0.));
#16788=CARTESIAN_POINT('Origin',(-4.21,2.74,0.));
#16789=CARTESIAN_POINT('',(-4.21,2.74,2.));
#16790=CARTESIAN_POINT('',(-4.21,2.74,0.));
#16791=CARTESIAN_POINT('',(-4.21,2.34,2.));
#16792=CARTESIAN_POINT('',(-4.21,2.34,2.));
#16793=CARTESIAN_POINT('',(-4.21,2.34,0.));
#16794=CARTESIAN_POINT('Origin',(-3.41,2.74,0.));
#16795=CARTESIAN_POINT('',(-3.41,2.74,2.));
#16796=CARTESIAN_POINT('',(-3.41,2.74,0.));
#16797=CARTESIAN_POINT('',(-4.21,2.74,2.));
#16798=CARTESIAN_POINT('Origin',(1.5,7.,0.));
#16799=CARTESIAN_POINT('',(1.5,3.,0.));
#16800=CARTESIAN_POINT('',(1.5,3.5,0.));
#16801=CARTESIAN_POINT('',(1.5,3.,0.5));
#16802=CARTESIAN_POINT('',(1.5,3.,0.));
#16803=CARTESIAN_POINT('',(1.5,6.783783783784,0.5));
#16804=CARTESIAN_POINT('',(1.5,3.5,0.5));
#16805=CARTESIAN_POINT('',(1.5,6.75,0.));
#16806=CARTESIAN_POINT('',(1.5,6.740432943396,-0.141592437739));
#16807=CARTESIAN_POINT('',(1.5,3.5,0.));
#16808=CARTESIAN_POINT('Origin',(2.14,5.27,0.));
#16809=CARTESIAN_POINT('',(2.14,5.27,2.));
#16810=CARTESIAN_POINT('',(2.14,5.27,0.));
#16811=CARTESIAN_POINT('',(2.14,4.97,2.));
#16812=CARTESIAN_POINT('',(2.14,5.27,2.));
#16813=CARTESIAN_POINT('',(2.14,4.97,0.));
#16814=CARTESIAN_POINT('Origin',(2.94,5.27,0.));
#16815=CARTESIAN_POINT('',(2.94,5.27,2.));
#16816=CARTESIAN_POINT('',(2.94,5.27,0.));
#16817=CARTESIAN_POINT('',(2.94,5.27,2.));
#16818=CARTESIAN_POINT('Origin',(2.94,4.97,0.));
#16819=CARTESIAN_POINT('',(2.94,4.97,2.));
#16820=CARTESIAN_POINT('',(2.94,4.97,0.));
#16821=CARTESIAN_POINT('',(2.94,4.97,2.));
#16822=CARTESIAN_POINT('Origin',(2.14,4.97,0.));
#16823=CARTESIAN_POINT('',(2.14,4.97,2.));
#16824=CARTESIAN_POINT('Origin',(2.54,5.12,2.));
#16825=CARTESIAN_POINT('Origin',(-3.41,2.34,0.));
#16826=CARTESIAN_POINT('',(-3.41,2.34,2.));
#16827=CARTESIAN_POINT('',(-3.41,2.34,0.));
#16828=CARTESIAN_POINT('',(-3.41,2.74,2.));
#16829=CARTESIAN_POINT('Origin',(-4.21,2.34,0.));
#16830=CARTESIAN_POINT('',(-3.41,2.34,2.));
#16831=CARTESIAN_POINT('Origin',(-3.81,2.54,2.));
#16832=CARTESIAN_POINT('Origin',(0.,-6.8,2.3));
#16833=CARTESIAN_POINT('',(-4.7,-6.905405405405,2.3));
#16834=CARTESIAN_POINT('',(4.7,-6.905405405405,2.3));
#16835=CARTESIAN_POINT('',(3.5,-6.905405405405,2.3));
#16836=CARTESIAN_POINT('',(-4.7,-6.5,2.3));
#16837=CARTESIAN_POINT('',(-4.7,-6.5,2.3));
#16838=CARTESIAN_POINT('',(4.7,-6.5,2.3));
#16839=CARTESIAN_POINT('',(-2.35,-6.5,2.3));
#16840=CARTESIAN_POINT('',(4.7,-7.1,2.3));
#16841=CARTESIAN_POINT('Origin',(-4.7,-6.5,0.5));
#16842=CARTESIAN_POINT('',(-4.7,-6.5,5.6));
#16843=CARTESIAN_POINT('',(-4.7,-6.5,0.5));
#16844=CARTESIAN_POINT('',(4.7,-6.5,5.6));
#16845=CARTESIAN_POINT('',(-4.7,-6.5,5.6));
#16846=CARTESIAN_POINT('',(4.7,-6.5,0.5));
#16847=CARTESIAN_POINT('Origin',(-5.551115123126E-16,-5.2,5.6));
#16848=CARTESIAN_POINT('',(4.7,-3.9,5.6));
#16849=CARTESIAN_POINT('',(-4.7,-3.9,5.6));
#16850=CARTESIAN_POINT('',(4.7,-3.9,5.6));
#16851=CARTESIAN_POINT('',(4.7,-6.5,5.6));
#16852=CARTESIAN_POINT('',(-4.7,-3.9,5.6));
#16853=CARTESIAN_POINT('Origin',(4.7,-6.5,0.5));
#16854=CARTESIAN_POINT('',(4.7,-6.783783783784,0.5));
#16855=CARTESIAN_POINT('',(4.7,-3.9,0.5));
#16856=CARTESIAN_POINT('',(4.7,-3.25,0.5));
#16857=CARTESIAN_POINT('',(4.7,-6.892610434466,2.110634430104));
#16858=CARTESIAN_POINT('',(4.7,-3.9,0.5));
#16859=CARTESIAN_POINT('Origin',(-4.7,-3.9,0.5));
#16860=CARTESIAN_POINT('',(-4.7,-3.9,0.5));
#16861=CARTESIAN_POINT('',(-4.7,-6.783783783784,0.5));
#16862=CARTESIAN_POINT('',(-4.7,-3.25,0.5));
#16863=CARTESIAN_POINT('',(-4.7,-3.9,0.5));
#16864=CARTESIAN_POINT('',(-4.7,-6.891247045992,2.090456280676));
#16865=CARTESIAN_POINT('Origin',(-2.15,-3.9,0.5));
#16866=CARTESIAN_POINT('',(-2.15,-3.9,0.5));
#16867=CARTESIAN_POINT('',(-1.075,-3.9,0.5));
#16868=CARTESIAN_POINT('',(-2.15,-3.9,2.5));
#16869=CARTESIAN_POINT('',(-2.15,-3.9,0.5));
#16870=CARTESIAN_POINT('',(2.15,-3.9,2.5));
#16871=CARTESIAN_POINT('',(2.35,-3.9,2.5));
#16872=CARTESIAN_POINT('',(2.15,-3.9,0.5));
#16873=CARTESIAN_POINT('',(2.15,-3.9,0.5));
#16874=CARTESIAN_POINT('',(2.35,-3.9,0.5));
#16875=CARTESIAN_POINT('Origin',(-2.15,-2.4,0.5));
#16876=CARTESIAN_POINT('',(-2.15,-2.4,0.5));
#16877=CARTESIAN_POINT('',(-2.15,-1.2,0.5));
#16878=CARTESIAN_POINT('',(-2.15,-2.4,2.5));
#16879=CARTESIAN_POINT('',(-2.15,-2.4,0.5));
#16880=CARTESIAN_POINT('',(-2.15,-3.9,2.5));
#16881=CARTESIAN_POINT('Origin',(2.15,-2.4,0.5));
#16882=CARTESIAN_POINT('',(2.15,-2.4,0.5));
#16883=CARTESIAN_POINT('',(1.075,-2.4,0.5));
#16884=CARTESIAN_POINT('',(2.15,-2.4,2.5));
#16885=CARTESIAN_POINT('',(2.15,-2.4,0.5));
#16886=CARTESIAN_POINT('',(-2.15,-2.4,2.5));
#16887=CARTESIAN_POINT('Origin',(2.15,-3.9,0.5));
#16888=CARTESIAN_POINT('',(2.15,-1.95,0.5));
#16889=CARTESIAN_POINT('',(2.15,-2.4,2.5));
#16890=CARTESIAN_POINT('Origin',(-2.775557561563E-16,-4.733333333333,2.5));
#16891=CARTESIAN_POINT('Origin',(7.,6.72972972973,-0.3));
#16892=CARTESIAN_POINT('',(-6.24175118107,6.747775860647,-0.03291726242393));
#16893=CARTESIAN_POINT('',(7.,7.,3.7));
#16894=CARTESIAN_POINT('',(6.2484375,6.75,0.));
#16895=CARTESIAN_POINT('',(6.113437742193,6.705093635657,-0.664614192281));
#16896=CARTESIAN_POINT('',(3.5,6.75,-6.938893903907E-17));
#16897=CARTESIAN_POINT('',(-1.5,6.783783783784,0.5));
#16898=CARTESIAN_POINT('',(3.5,6.783783783784,0.5));
#16899=CARTESIAN_POINT('',(-1.5,6.731343686897,-0.276113433921));
#16900=CARTESIAN_POINT('Origin',(7.,-7.,3.7));
#16901=CARTESIAN_POINT('',(6.35,-6.783783783784,0.5));
#16902=CARTESIAN_POINT('',(3.5,-6.783783783784,0.5));
#16903=CARTESIAN_POINT('',(6.595523416991,-6.865454774883,1.708730668263));
#16904=CARTESIAN_POINT('',(-1.887379141863E-15,-7.,3.7));
#16905=CARTESIAN_POINT('',(-6.35,-6.783783783784,0.5));
#16906=CARTESIAN_POINT('',(-6.723836855868,-6.908136999873,2.34042759812));
#16907=CARTESIAN_POINT('',(3.5,-6.783783783784,0.5));
#16908=CARTESIAN_POINT('Origin',(8.921435019309E-16,8.921435019309E-16,
0.));
#16909=CARTESIAN_POINT('',(6.2484375,2.,0.));
#16910=CARTESIAN_POINT('',(6.2484375,-3.5,0.));
#16911=CARTESIAN_POINT('',(2.5,2.,0.));
#16912=CARTESIAN_POINT('',(1.25,2.,0.));
#16913=CARTESIAN_POINT('',(1.875,2.625,0.));
#16914=CARTESIAN_POINT('Origin',(1.110223024625E-15,1.110223024625E-15,
0.5));
#16915=CARTESIAN_POINT('',(-6.35,2.,0.5));
#16916=CARTESIAN_POINT('',(-6.35,-3.5,0.5));
#16917=CARTESIAN_POINT('',(-2.5,2.,0.5));
#16918=CARTESIAN_POINT('',(-3.5,2.,0.5));
#16919=CARTESIAN_POINT('',(-1.5,3.,0.5));
#16920=CARTESIAN_POINT('',(-2.375,2.125,0.5));
#16921=CARTESIAN_POINT('',(-1.5,1.5,0.5));
#16922=CARTESIAN_POINT('',(2.5,2.,0.5));
#16923=CARTESIAN_POINT('',(1.875,2.625,0.5));
#16924=CARTESIAN_POINT('',(6.35,2.,0.5));
#16925=CARTESIAN_POINT('',(1.25,2.,0.5));
#16926=CARTESIAN_POINT('',(6.35,-3.5,0.5));
#16927=CARTESIAN_POINT('',(1.9,-2.32682891837997E-16,0.5));
#16928=CARTESIAN_POINT('Origin',(0.,0.,0.5));
#16929=CARTESIAN_POINT('',(-6.05,-5.8,0.5));
#16930=CARTESIAN_POINT('Origin',(-5.55,-5.8,0.5));
#16931=CARTESIAN_POINT('',(5.05,-5.8,0.5));
#16932=CARTESIAN_POINT('Origin',(5.55,-5.8,0.5));
#16933=CARTESIAN_POINT('Origin',(6.1875,-7.,-0.3));
#16934=CARTESIAN_POINT('',(6.143703106682,2.,-0.515615474795));
#16935=CARTESIAN_POINT('Origin',(-7.,-7.,0.));
#16936=CARTESIAN_POINT('Origin',(-7.,-7.,3.7));
#16937=CARTESIAN_POINT('',(-6.639109026964,2.,1.923305978898));
#16938=CARTESIAN_POINT('Origin',(7.,7.,0.));
#16939=CARTESIAN_POINT('Origin',(2.5,2.,0.));
#16940=CARTESIAN_POINT('',(2.5,2.,0.));
#16941=CARTESIAN_POINT('Origin',(1.5,3.,0.));
#16942=CARTESIAN_POINT('Origin',(-1.5,3.,0.));
#16943=CARTESIAN_POINT('',(-1.5,3.,0.));
#16944=CARTESIAN_POINT('Origin',(-2.5,2.,0.));
#16945=CARTESIAN_POINT('',(-2.5,2.,0.));
#16946=CARTESIAN_POINT('Origin',(-7.,2.,0.));
#16947=CARTESIAN_POINT('Origin',(-5.55,-5.8,0.));
#16948=CARTESIAN_POINT('',(-6.05,-5.8,0.));
#16949=CARTESIAN_POINT('',(-6.05,-5.8,0.));
#16950=CARTESIAN_POINT('Origin',(-5.55,-5.8,0.));
#16951=CARTESIAN_POINT('Origin',(5.55,-5.8,0.));
#16952=CARTESIAN_POINT('',(5.05,-5.8,0.));
#16953=CARTESIAN_POINT('',(5.05,-5.8,0.));
#16954=CARTESIAN_POINT('Origin',(5.55,-5.8,0.));
#16955=CARTESIAN_POINT('Origin',(8.921435019309E-16,8.921435019309E-16,
0.));
#16956=CARTESIAN_POINT('Origin',(8.921435019309E-16,8.921435019309E-16,
0.));
#16957=CARTESIAN_POINT('Origin',(7.8,7.8,5.));
#16958=CARTESIAN_POINT('Origin',(-7.8,-7.8,5.));
#16959=CARTESIAN_POINT('Origin',(0.,0.,-2.35));
#16960=CARTESIAN_POINT('',(1.89999999999986,2.3268289183798E-16,-1.69999999999995));
#16961=CARTESIAN_POINT('Origin',(0.,0.,-1.7));
#16962=CARTESIAN_POINT('',(1.4,1.714505518806E-16,-3.));
#16963=CARTESIAN_POINT('',(1.65,2.02066721859313E-16,-2.35));
#16964=CARTESIAN_POINT('Origin',(0.,0.,-3.));
#16965=CARTESIAN_POINT('Origin',(0.,0.,0.));
#16966=CARTESIAN_POINT('',(1.9,-2.32682891837997E-16,0.));
#16967=CARTESIAN_POINT('Origin',(-1.411252217568E-16,0.,-3.));
#16968=CARTESIAN_POINT('',(0.,0.,0.));
#16969=CARTESIAN_POINT('Origin',(0.5,-1.,4.1));
#16970=CARTESIAN_POINT('',(0.4,-0.2,4.2));
#16971=CARTESIAN_POINT('',(0.4,-1.8,4.2));
#16972=CARTESIAN_POINT('',(0.4,-1.,4.2));
#16973=CARTESIAN_POINT('',(0.6,-2.,4.));
#16974=CARTESIAN_POINT('',(0.4,-1.8,4.2));
#16975=CARTESIAN_POINT('',(0.6,-0.6,4.));
#16976=CARTESIAN_POINT('',(0.6,-1.,4.));
#16977=CARTESIAN_POINT('',(0.541421356237,-0.541421356237,4.058578643763));
#16978=CARTESIAN_POINT('',(0.55,-0.55,4.05));
#16979=CARTESIAN_POINT('',(0.541421356237,-0.541421356237,4.058578643763));
#16980=CARTESIAN_POINT('Origin',(-0.3,-1.9,4.1));
#16981=CARTESIAN_POINT('',(-0.4,-1.8,4.2));
#16982=CARTESIAN_POINT('',(-0.3,-1.8,4.2));
#16983=CARTESIAN_POINT('',(-0.6,-2.,4.));
#16984=CARTESIAN_POINT('',(-0.4,-1.8,4.2));
#16985=CARTESIAN_POINT('',(-0.3,-2.,4.));
#16986=CARTESIAN_POINT('Origin',(-0.5,-0.3,4.1));
#16987=CARTESIAN_POINT('',(-0.4,-0.2,4.2));
#16988=CARTESIAN_POINT('',(-0.4,-0.3,4.2));
#16989=CARTESIAN_POINT('',(-0.541421356237,-0.541421356237,4.058578643763));
#16990=CARTESIAN_POINT('',(-0.4,-0.2,4.2));
#16991=CARTESIAN_POINT('',(-0.6,-0.6,4.));
#16992=CARTESIAN_POINT('',(-0.55,-0.55,4.05));
#16993=CARTESIAN_POINT('',(-0.6,-0.3,4.));
#16994=CARTESIAN_POINT('Origin',(-0.5,-0.370710678119,4.129289321881));
#16995=CARTESIAN_POINT('',(-1.8,-0.2,4.2));
#16996=CARTESIAN_POINT('',(-0.5,-0.2,4.2));
#16997=CARTESIAN_POINT('',(-1.941421356237,-0.541421356237,4.058578643763));
#16998=CARTESIAN_POINT('',(-1.8,-0.2,4.2));
#16999=CARTESIAN_POINT('',(-0.5,-0.541421356237,4.058578643763));
#17000=CARTESIAN_POINT('Origin',(-1.9,0.3,4.1));
#17001=CARTESIAN_POINT('',(-1.8,0.4,4.2));
#17002=CARTESIAN_POINT('',(-1.8,0.3,4.2));
#17003=CARTESIAN_POINT('',(-2.,0.6,4.));
#17004=CARTESIAN_POINT('',(-1.8,0.4,4.2));
#17005=CARTESIAN_POINT('',(-2.,-0.6,4.));
#17006=CARTESIAN_POINT('',(-2.,0.3,4.));
#17007=CARTESIAN_POINT('',(-1.616666666667,-0.216666666667,4.383333333333));
#17008=CARTESIAN_POINT('Origin',(-0.3,0.5,4.1));
#17009=CARTESIAN_POINT('',(-0.4,0.4,4.2));
#17010=CARTESIAN_POINT('',(-0.3,0.4,4.2));
#17011=CARTESIAN_POINT('',(-0.6,0.6,4.));
#17012=CARTESIAN_POINT('',(-0.4,0.4,4.2));
#17013=CARTESIAN_POINT('',(-0.3,0.6,4.));
#17014=CARTESIAN_POINT('Origin',(-0.5,1.,4.1));
#17015=CARTESIAN_POINT('',(-0.4,1.8,4.2));
#17016=CARTESIAN_POINT('',(-0.4,1.,4.2));
#17017=CARTESIAN_POINT('',(-0.6,2.,4.));
#17018=CARTESIAN_POINT('',(-0.216666666667,1.616666666667,4.383333333333));
#17019=CARTESIAN_POINT('',(-0.6,1.,4.));
#17020=CARTESIAN_POINT('Origin',(0.15,-0.370710678119,4.129289321881));
#17021=CARTESIAN_POINT('',(1.941421356237,-0.541421356237,4.058578643763));
#17022=CARTESIAN_POINT('',(0.15,-0.541421356237,4.058578643763));
#17023=CARTESIAN_POINT('',(1.8,-0.2,4.2));
#17024=CARTESIAN_POINT('',(1.753647398148,-0.08809491995661,4.246352601852));
#17025=CARTESIAN_POINT('',(0.15,-0.2,4.2));
#17026=CARTESIAN_POINT('Origin',(0.,0.,4.2));
#17027=CARTESIAN_POINT('',(1.8,0.4,4.2));
#17028=CARTESIAN_POINT('',(1.8,-0.3,4.2));
#17029=CARTESIAN_POINT('',(0.4,0.4,4.2));
#17030=CARTESIAN_POINT('',(1.,0.4,4.2));
#17031=CARTESIAN_POINT('',(0.4,1.8,4.2));
#17032=CARTESIAN_POINT('',(0.4,0.3,4.2));
#17033=CARTESIAN_POINT('',(0.3,1.8,4.2));
#17034=CARTESIAN_POINT('Origin',(1.9,-0.3,4.1));
#17035=CARTESIAN_POINT('',(2.,-0.6,4.));
#17036=CARTESIAN_POINT('',(1.6,-0.2,4.4));
#17037=CARTESIAN_POINT('',(2.,0.6,4.));
#17038=CARTESIAN_POINT('',(2.,-0.3,4.));
#17039=CARTESIAN_POINT('',(1.616666666667,0.216666666667,4.383333333333));
#17040=CARTESIAN_POINT('Origin',(0.3,-0.5,4.1));
#17041=CARTESIAN_POINT('',(0.3,-0.6,4.));
#17042=CARTESIAN_POINT('Origin',(0.6,-2.,0.));
#17043=CARTESIAN_POINT('',(0.6,-2.,0.));
#17044=CARTESIAN_POINT('',(0.6,-2.,0.));
#17045=CARTESIAN_POINT('',(0.6,-0.6,0.));
#17046=CARTESIAN_POINT('',(0.6,-1.,0.));
#17047=CARTESIAN_POINT('',(0.6,-0.6,0.));
#17048=CARTESIAN_POINT('Origin',(-0.6,-2.,0.));
#17049=CARTESIAN_POINT('',(-0.6,-2.,0.));
#17050=CARTESIAN_POINT('',(-0.6,-2.,0.));
#17051=CARTESIAN_POINT('',(-0.3,-2.,0.));
#17052=CARTESIAN_POINT('Origin',(-0.6,-0.6,0.));
#17053=CARTESIAN_POINT('',(-0.6,-0.6,0.));
#17054=CARTESIAN_POINT('',(-0.6,-0.6,0.));
#17055=CARTESIAN_POINT('',(-0.6,-0.3,0.));
#17056=CARTESIAN_POINT('Origin',(-1.,-0.5,4.1));
#17057=CARTESIAN_POINT('',(-1.,-0.6,4.));
#17058=CARTESIAN_POINT('Origin',(-2.,0.6,0.));
#17059=CARTESIAN_POINT('',(-2.,0.6,0.));
#17060=CARTESIAN_POINT('',(-2.,0.6,0.));
#17061=CARTESIAN_POINT('',(-2.,-0.6,0.));
#17062=CARTESIAN_POINT('',(-2.,0.3,0.));
#17063=CARTESIAN_POINT('',(-2.,-0.6,0.));
#17064=CARTESIAN_POINT('Origin',(0.3,1.9,4.1));
#17065=CARTESIAN_POINT('',(0.6,2.,4.));
#17066=CARTESIAN_POINT('',(0.4,1.8,4.2));
#17067=CARTESIAN_POINT('',(0.3,2.,4.));
#17068=CARTESIAN_POINT('Origin',(0.5,0.3,4.1));
#17069=CARTESIAN_POINT('',(0.6,0.6,4.));
#17070=CARTESIAN_POINT('',(0.55,0.55,4.05));
#17071=CARTESIAN_POINT('',(0.6,0.3,4.));
#17072=CARTESIAN_POINT('Origin',(0.6,2.,0.));
#17073=CARTESIAN_POINT('',(0.6,2.,0.));
#17074=CARTESIAN_POINT('',(0.6,2.,0.));
#17075=CARTESIAN_POINT('',(-0.6,2.,0.));
#17076=CARTESIAN_POINT('',(0.3,2.,0.));
#17077=CARTESIAN_POINT('',(-0.6,2.,0.));
#17078=CARTESIAN_POINT('Origin',(0.6,0.6,0.));
#17079=CARTESIAN_POINT('',(0.6,0.6,0.));
#17080=CARTESIAN_POINT('',(0.6,0.6,0.));
#17081=CARTESIAN_POINT('',(0.6,0.3,0.));
#17082=CARTESIAN_POINT('Origin',(1.,0.5,4.1));
#17083=CARTESIAN_POINT('',(1.,0.6,4.));
#17084=CARTESIAN_POINT('Origin',(2.,0.6,0.));
#17085=CARTESIAN_POINT('',(2.,0.6,0.));
#17086=CARTESIAN_POINT('',(2.,0.6,0.));
#17087=CARTESIAN_POINT('',(1.,0.6,0.));
#17088=CARTESIAN_POINT('Origin',(2.,-0.6,0.));
#17089=CARTESIAN_POINT('',(2.,-0.6,0.));
#17090=CARTESIAN_POINT('',(2.,-0.6,0.));
#17091=CARTESIAN_POINT('',(2.,-0.3,0.));
#17092=CARTESIAN_POINT('Origin',(0.6,-0.6,0.));
#17093=CARTESIAN_POINT('',(0.3,-0.6,0.));
#17094=CARTESIAN_POINT('Origin',(-1.65,2.35,0.));
#17095=CARTESIAN_POINT('',(-1.65,2.75,0.));
#17096=CARTESIAN_POINT('',(-1.65,2.35,0.));
#17097=CARTESIAN_POINT('',(-1.65,1.175,0.));
#17098=CARTESIAN_POINT('',(-1.65,2.75,4.2));
#17099=CARTESIAN_POINT('',(-1.65,2.75,0.));
#17100=CARTESIAN_POINT('',(-1.65,2.35,4.2));
#17101=CARTESIAN_POINT('',(-1.65,2.35,4.2));
#17102=CARTESIAN_POINT('',(-1.65,2.35,0.));
#17103=CARTESIAN_POINT('Origin',(-3.15,2.35,0.));
#17104=CARTESIAN_POINT('',(-3.15,2.35,0.));
#17105=CARTESIAN_POINT('',(-1.575,2.35,0.));
#17106=CARTESIAN_POINT('',(-3.15,2.35,4.2));
#17107=CARTESIAN_POINT('',(-3.15,2.35,4.2));
#17108=CARTESIAN_POINT('',(-3.15,2.35,0.));
#17109=CARTESIAN_POINT('Origin',(-3.15,-2.35,0.));
#17110=CARTESIAN_POINT('',(-3.15,-2.35,0.));
#17111=CARTESIAN_POINT('',(-3.15,-1.175,0.));
#17112=CARTESIAN_POINT('',(-3.15,-2.35,4.2));
#17113=CARTESIAN_POINT('',(-3.15,-2.35,4.2));
#17114=CARTESIAN_POINT('',(-3.15,-2.35,0.));
#17115=CARTESIAN_POINT('Origin',(-1.65,-2.35,0.));
#17116=CARTESIAN_POINT('',(-1.65,-2.35,0.));
#17117=CARTESIAN_POINT('',(-0.825,-2.35,0.));
#17118=CARTESIAN_POINT('',(-1.65,-2.35,4.2));
#17119=CARTESIAN_POINT('',(-1.65,-2.35,4.2));
#17120=CARTESIAN_POINT('',(-1.65,-2.35,0.));
#17121=CARTESIAN_POINT('Origin',(-1.65,-2.75,0.));
#17122=CARTESIAN_POINT('',(-1.65,-2.75,0.));
#17123=CARTESIAN_POINT('',(-1.65,-1.375,0.));
#17124=CARTESIAN_POINT('',(-1.65,-2.75,4.2));
#17125=CARTESIAN_POINT('',(-1.65,-2.75,4.2));
#17126=CARTESIAN_POINT('',(-1.65,-2.75,0.));
#17127=CARTESIAN_POINT('Origin',(-2.962359550562,1.110223024625E-15,4.2));
#17128=CARTESIAN_POINT('',(-3.55,2.75,4.2));
#17129=CARTESIAN_POINT('',(-3.55,-2.75,4.2));
#17130=CARTESIAN_POINT('',(-3.55,2.75,4.2));
#17131=CARTESIAN_POINT('',(-3.55,-2.75,4.2));
#17132=CARTESIAN_POINT('',(3.55,2.75,4.2));
#17133=CARTESIAN_POINT('Origin',(1.65,-2.35,0.));
#17134=CARTESIAN_POINT('',(1.65,-2.75,0.));
#17135=CARTESIAN_POINT('',(1.65,-2.35,0.));
#17136=CARTESIAN_POINT('',(1.65,-1.175,0.));
#17137=CARTESIAN_POINT('',(1.65,-2.75,4.2));
#17138=CARTESIAN_POINT('',(1.65,-2.75,0.));
#17139=CARTESIAN_POINT('',(1.65,-2.35,4.2));
#17140=CARTESIAN_POINT('',(1.65,-2.35,4.2));
#17141=CARTESIAN_POINT('',(1.65,-2.35,0.));
#17142=CARTESIAN_POINT('Origin',(3.15,-2.35,0.));
#17143=CARTESIAN_POINT('',(3.15,-2.35,0.));
#17144=CARTESIAN_POINT('',(1.575,-2.35,0.));
#17145=CARTESIAN_POINT('',(3.15,-2.35,4.2));
#17146=CARTESIAN_POINT('',(3.15,-2.35,4.2));
#17147=CARTESIAN_POINT('',(3.15,-2.35,0.));
#17148=CARTESIAN_POINT('Origin',(3.15,2.35,0.));
#17149=CARTESIAN_POINT('',(3.15,2.35,0.));
#17150=CARTESIAN_POINT('',(3.15,1.175,0.));
#17151=CARTESIAN_POINT('',(3.15,2.35,4.2));
#17152=CARTESIAN_POINT('',(3.15,2.35,4.2));
#17153=CARTESIAN_POINT('',(3.15,2.35,0.));
#17154=CARTESIAN_POINT('Origin',(1.65,2.35,0.));
#17155=CARTESIAN_POINT('',(1.65,2.35,0.));
#17156=CARTESIAN_POINT('',(0.825,2.35,0.));
#17157=CARTESIAN_POINT('',(1.65,2.35,4.2));
#17158=CARTESIAN_POINT('',(1.65,2.35,4.2));
#17159=CARTESIAN_POINT('',(1.65,2.35,0.));
#17160=CARTESIAN_POINT('Origin',(1.65,2.75,0.));
#17161=CARTESIAN_POINT('',(1.65,2.75,0.));
#17162=CARTESIAN_POINT('',(1.65,1.375,0.));
#17163=CARTESIAN_POINT('',(1.65,2.75,4.2));
#17164=CARTESIAN_POINT('',(1.65,2.75,4.2));
#17165=CARTESIAN_POINT('',(1.65,2.75,0.));
#17166=CARTESIAN_POINT('Origin',(2.962359550562,1.110223024625E-15,4.2));
#17167=CARTESIAN_POINT('',(3.55,-2.75,4.2));
#17168=CARTESIAN_POINT('',(3.55,2.75,4.2));
#17169=CARTESIAN_POINT('',(3.55,-2.75,4.2));
#17170=CARTESIAN_POINT('',(3.55,2.75,4.2));
#17171=CARTESIAN_POINT('',(-3.55,-2.75,4.2));
#17172=CARTESIAN_POINT('Origin',(-2.,-0.6,0.));
#17173=CARTESIAN_POINT('',(-1.,-0.6,0.));
#17174=CARTESIAN_POINT('Origin',(-0.6,0.6,0.));
#17175=CARTESIAN_POINT('',(-0.6,0.6,0.));
#17176=CARTESIAN_POINT('',(-0.6,0.6,0.));
#17177=CARTESIAN_POINT('',(-0.3,0.6,0.));
#17178=CARTESIAN_POINT('Origin',(-0.6,2.,0.));
#17179=CARTESIAN_POINT('',(-0.6,1.,0.));
#17180=CARTESIAN_POINT('Origin',(-3.55,2.75,0.));
#17181=CARTESIAN_POINT('',(3.55,2.75,-1.));
#17182=CARTESIAN_POINT('',(3.55,2.75,0.));
#17183=CARTESIAN_POINT('',(-3.55,2.75,-1.));
#17184=CARTESIAN_POINT('',(3.55,2.75,-1.));
#17185=CARTESIAN_POINT('',(-3.55,2.75,0.));
#17186=CARTESIAN_POINT('',(3.55,2.75,0.));
#17187=CARTESIAN_POINT('Origin',(-3.55,-2.75,0.));
#17188=CARTESIAN_POINT('',(-3.55,-2.75,-1.));
#17189=CARTESIAN_POINT('',(-3.55,2.75,-1.));
#17190=CARTESIAN_POINT('',(-3.55,-2.75,0.));
#17191=CARTESIAN_POINT('Origin',(3.55,-2.75,0.));
#17192=CARTESIAN_POINT('',(3.55,-2.75,-1.));
#17193=CARTESIAN_POINT('',(-3.55,-2.75,-1.));
#17194=CARTESIAN_POINT('',(3.55,-2.75,0.));
#17195=CARTESIAN_POINT('',(-3.55,-2.75,0.));
#17196=CARTESIAN_POINT('Origin',(3.55,2.75,0.));
#17197=CARTESIAN_POINT('',(3.55,-2.75,-1.));
#17198=CARTESIAN_POINT('Origin',(0.,9.91270557701E-16,0.));
#17199=CARTESIAN_POINT('Origin',(0.,1.110223024625E-15,-1.));
#17200=CARTESIAN_POINT('',(0.,0.,0.));
#17201=CARTESIAN_POINT('Origin',(0.16,0.095,5.3));
#17202=CARTESIAN_POINT('',(0.26,0.32,5.2));
#17203=CARTESIAN_POINT('',(0.06,0.32,5.4));
#17204=CARTESIAN_POINT('',(1.51,0.32,3.95));
#17205=CARTESIAN_POINT('',(0.06,0.02,5.4));
#17206=CARTESIAN_POINT('',(0.06,0.095,5.4));
#17207=CARTESIAN_POINT('',(0.26,0.02,5.2));
#17208=CARTESIAN_POINT('',(1.31,0.02,4.15));
#17209=CARTESIAN_POINT('',(0.26,0.095,5.2));
#17210=CARTESIAN_POINT('Origin',(-0.54,0.02,0.));
#17211=CARTESIAN_POINT('',(-0.34,0.02,5.4));
#17212=CARTESIAN_POINT('',(0.26,0.02,5.4));
#17213=CARTESIAN_POINT('',(-0.54,0.02,5.2));
#17214=CARTESIAN_POINT('',(-1.79,0.02,3.95));
#17215=CARTESIAN_POINT('',(-0.54,0.02,0.));
#17216=CARTESIAN_POINT('',(-0.54,0.02,0.));
#17217=CARTESIAN_POINT('',(0.26,0.02,0.));
#17218=CARTESIAN_POINT('',(0.26,0.02,0.));
#17219=CARTESIAN_POINT('',(0.26,0.02,0.));
#17220=CARTESIAN_POINT('Origin',(-0.14,0.17,5.4));
#17221=CARTESIAN_POINT('',(-0.34,0.32,5.4));
#17222=CARTESIAN_POINT('',(-0.54,0.32,5.4));
#17223=CARTESIAN_POINT('',(-0.34,0.245,5.4));
#17224=CARTESIAN_POINT('Origin',(-0.44,0.245,5.3));
#17225=CARTESIAN_POINT('',(-0.54,0.32,5.2));
#17226=CARTESIAN_POINT('',(-1.59,0.32,4.15));
#17227=CARTESIAN_POINT('',(-0.54,0.245,5.2));
#17228=CARTESIAN_POINT('Origin',(-0.54,0.32,0.));
#17229=CARTESIAN_POINT('',(-0.54,0.32,0.));
#17230=CARTESIAN_POINT('',(-0.54,0.32,0.));
#17231=CARTESIAN_POINT('',(-0.54,0.02,0.));
#17232=CARTESIAN_POINT('Origin',(0.26,0.32,0.));
#17233=CARTESIAN_POINT('',(0.26,0.32,0.));
#17234=CARTESIAN_POINT('',(0.26,0.32,0.));
#17235=CARTESIAN_POINT('',(-0.54,0.32,0.));
#17236=CARTESIAN_POINT('Origin',(0.26,0.02,0.));
#17237=CARTESIAN_POINT('',(0.26,0.32,0.));
#17238=CARTESIAN_POINT('Origin',(-0.14,0.17,0.));
#17239=CARTESIAN_POINT('Origin',(5.91,-2.31,5.3));
#17240=CARTESIAN_POINT('',(5.81,-2.61,5.2));
#17241=CARTESIAN_POINT('',(6.01,-2.61,5.4));
#17242=CARTESIAN_POINT('',(4.56,-2.61,3.95));
#17243=CARTESIAN_POINT('',(6.01,-2.21,5.4));
#17244=CARTESIAN_POINT('',(6.01,-2.31,5.4));
#17245=CARTESIAN_POINT('',(5.81,-2.21,5.2));
#17246=CARTESIAN_POINT('',(4.76,-2.21,4.15));
#17247=CARTESIAN_POINT('',(5.81,-2.31,5.2));
#17248=CARTESIAN_POINT('Origin',(6.21,-2.41,5.4));
#17249=CARTESIAN_POINT('',(6.41,-2.61,5.4));
#17250=CARTESIAN_POINT('',(6.61,-2.61,5.4));
#17251=CARTESIAN_POINT('',(6.41,-2.21,5.4));
#17252=CARTESIAN_POINT('',(6.41,-2.51,5.4));
#17253=CARTESIAN_POINT('',(5.81,-2.21,5.4));
#17254=CARTESIAN_POINT('Origin',(5.81,-2.61,0.));
#17255=CARTESIAN_POINT('',(5.81,-2.61,0.));
#17256=CARTESIAN_POINT('',(5.81,-2.61,0.));
#17257=CARTESIAN_POINT('',(6.61,-2.61,0.));
#17258=CARTESIAN_POINT('',(6.61,-2.61,0.));
#17259=CARTESIAN_POINT('',(6.61,-2.61,5.2));
#17260=CARTESIAN_POINT('',(6.61,-2.61,0.));
#17261=CARTESIAN_POINT('',(7.66,-2.61,4.15));
#17262=CARTESIAN_POINT('Origin',(6.51,-2.51,5.3));
#17263=CARTESIAN_POINT('',(6.61,-2.21,5.2));
#17264=CARTESIAN_POINT('',(7.86,-2.21,3.95));
#17265=CARTESIAN_POINT('',(6.61,-2.51,5.2));
#17266=CARTESIAN_POINT('Origin',(6.61,-2.21,0.));
#17267=CARTESIAN_POINT('',(6.61,-2.21,0.));
#17268=CARTESIAN_POINT('',(6.61,-2.21,0.));
#17269=CARTESIAN_POINT('',(5.81,-2.21,0.));
#17270=CARTESIAN_POINT('',(5.81,-2.21,0.));
#17271=CARTESIAN_POINT('',(5.81,-2.21,0.));
#17272=CARTESIAN_POINT('Origin',(6.61,-2.61,0.));
#17273=CARTESIAN_POINT('',(6.61,-2.21,0.));
#17274=CARTESIAN_POINT('Origin',(5.81,-2.21,0.));
#17275=CARTESIAN_POINT('',(5.81,-2.61,0.));
#17276=CARTESIAN_POINT('Origin',(6.21,-2.41,0.));
#17277=CARTESIAN_POINT('',(1.77635683940025E-15,0.,-2.22044604925031E-16));
#17278=CARTESIAN_POINT('',(1.77635683940025E-14,1.77635683940025E-14,11.1));
#17279=CARTESIAN_POINT('',(2.40000000000002,4.94999999999997,1.99999999999992));
#17280=CARTESIAN_POINT('',(1.77635683940025E-15,0.,-2.22044604925031E-16));
#17281=CARTESIAN_POINT('',(1.77635683940025E-15,2.77555756156289E-17,-2.22044604925031E-16));
#17282=CARTESIAN_POINT('',(1.77635683940025E-14,-2.77555756156289E-14,11.1));
#17283=CARTESIAN_POINT('',(2.40000000000002,4.95000000000004,1.99999999999997));
#17284=CARTESIAN_POINT('',(1.77635683940025E-15,2.77555756156289E-17,-2.22044604925031E-16));
#17285=CARTESIAN_POINT('',(1.77635683940025E-15,2.22044604925031E-16,-2.22044604925031E-16));
#17286=CARTESIAN_POINT('',(1.77635683940025E-14,-2.44249065417534E-14,11.1));
#17287=CARTESIAN_POINT('',(2.40000000000002,4.94999999999999,1.99999999999996));
#17288=CARTESIAN_POINT('',(1.77635683940025E-15,2.22044604925031E-16,-2.22044604925031E-16));
#17289=CARTESIAN_POINT('',(0.,2.22044604925031E-16,-2.22044604925031E-16));
#17290=CARTESIAN_POINT('',(0.,-2.44249065417534E-14,11.1));
#17291=CARTESIAN_POINT('',(2.4,4.94999999999999,1.99999999999996));
#17292=CARTESIAN_POINT('',(0.,2.22044604925031E-16,-2.22044604925031E-16));
#17293=CARTESIAN_POINT('',(0.,2.22044604925031E-16,-2.22044604925031E-16));
#17294=CARTESIAN_POINT('',(0.,-2.44249065417534E-14,11.1));
#17295=CARTESIAN_POINT('',(2.4,4.94999999999999,1.99999999999996));
#17296=CARTESIAN_POINT('',(0.,2.22044604925031E-16,-2.22044604925031E-16));
#17297=CARTESIAN_POINT('',(0.,0.,-2.22044604925031E-16));
#17298=CARTESIAN_POINT('',(0.,1.77635683940025E-14,11.1));
#17299=CARTESIAN_POINT('',(2.4,4.94999999999997,1.99999999999992));
#17300=CARTESIAN_POINT('',(0.,0.,-2.22044604925031E-16));
#17301=CARTESIAN_POINT('',(0.,2.77555756156289E-17,-2.22044604925031E-16));
#17302=CARTESIAN_POINT('',(0.,-2.77555756156289E-14,11.1));
#17303=CARTESIAN_POINT('',(2.4,4.95000000000004,1.99999999999997));
#17304=CARTESIAN_POINT('',(0.,2.77555756156289E-17,-2.22044604925031E-16));
#17305=CARTESIAN_POINT('',(0.,0.,-2.22044604925031E-16));
#17306=CARTESIAN_POINT('',(0.,1.77635683940025E-14,11.1));
#17307=CARTESIAN_POINT('',(2.4,4.94999999999997,1.99999999999992));
#17308=CARTESIAN_POINT('',(0.,0.,-2.22044604925031E-16));
#17309=CARTESIAN_POINT('',(0.,2.77555756156289E-17,-2.22044604925031E-16));
#17310=CARTESIAN_POINT('',(0.,-2.77555756156289E-14,11.1));
#17311=CARTESIAN_POINT('',(2.4,4.95000000000004,1.99999999999997));
#17312=CARTESIAN_POINT('',(0.,2.77555756156289E-17,-2.22044604925031E-16));
#17313=CARTESIAN_POINT('Origin',(150.,0.,-81.9588766313497));
#17314=CARTESIAN_POINT('',(150.,8.,-66.5589608747917));
#17315=CARTESIAN_POINT('',(150.,8.,-81.9588766313497));
#17316=CARTESIAN_POINT('',(150.,8.,-56.6280758450351));
#17317=CARTESIAN_POINT('',(150.,13.,-66.5589608747917));
#17318=CARTESIAN_POINT('',(150.,0.,-66.5589608747917));
#17319=CARTESIAN_POINT('',(150.,13.,-81.9588766313497));
#17320=CARTESIAN_POINT('',(150.,13.,-81.9588766313497));
#17321=CARTESIAN_POINT('',(150.,10.,-81.9588766313497));
#17322=CARTESIAN_POINT('',(150.,0.,-81.9588766313497));
#17323=CARTESIAN_POINT('',(150.,0.,-81.9588766313497));
#17324=CARTESIAN_POINT('Origin',(150.,0.,-66.5589608747917));
#17325=CARTESIAN_POINT('',(162.484650408076,8.,-66.5589608747917));
#17326=CARTESIAN_POINT('',(134.853039062897,8.,-66.5589608747917));
#17327=CARTESIAN_POINT('',(162.484650408076,10.,-66.5589608747917));
#17328=CARTESIAN_POINT('',(162.484650408076,0.,-66.5589608747917));
#17329=CARTESIAN_POINT('',(162.484650408076,13.,-66.5589608747917));
#17330=CARTESIAN_POINT('',(162.484650408076,0.,-66.5589608747917));
#17331=CARTESIAN_POINT('',(150.,13.,-66.5589608747917));
#17332=CARTESIAN_POINT('Origin',(156.000002324581,0.,-76.0000011324883));
#17333=CARTESIAN_POINT('',(154.750002324581,13.,-76.0000011324883));
#17334=CARTESIAN_POINT('Origin',(156.000002324581,13.,-76.0000011324883));
#17335=CARTESIAN_POINT('',(154.750002324581,8.,-76.0000011324883));
#17336=CARTESIAN_POINT('',(154.750002324581,0.,-76.0000011324883));
#17337=CARTESIAN_POINT('Origin',(156.000002324581,8.,-76.0000011324883));
#17338=CARTESIAN_POINT('Origin',(162.484650408076,0.,-81.9588766313497));
#17339=CARTESIAN_POINT('',(162.484650408076,10.,-81.9588766313497));
#17340=CARTESIAN_POINT('',(98.3167919846524,10.,-81.9588766313497));
#17341=CARTESIAN_POINT('',(162.484650408076,13.,-81.9588766313497));
#17342=CARTESIAN_POINT('',(162.484650408076,13.,-81.9588766313497));
#17343=CARTESIAN_POINT('',(162.484650408076,0.,-81.9588766313497));
#17344=CARTESIAN_POINT('Origin',(162.484650408076,0.,-66.5589608747917));
#17345=CARTESIAN_POINT('',(162.484650408076,10.,-77.5341004976515));
#17346=CARTESIAN_POINT('',(162.484650408076,13.,-66.5589608747917));
#17347=CARTESIAN_POINT('Origin',(156.242325204038,13.,-74.2589187530707));
#17348=CARTESIAN_POINT('Origin',(162.484650408076,0.,-81.9588766313497));
#17349=CARTESIAN_POINT('',(162.484650408076,8.,5.));
#17350=CARTESIAN_POINT('',(162.484650408076,8.,-56.6280758450351));
#17351=CARTESIAN_POINT('',(162.484650408076,13.,5.));
#17352=CARTESIAN_POINT('',(162.484650408076,0.,5.));
#17353=CARTESIAN_POINT('',(162.484650408076,13.,19.3643265139089));
#17354=CARTESIAN_POINT('',(162.484650408076,13.,-34.8883566871976));
#17355=CARTESIAN_POINT('',(162.484650408076,15.,19.3643265139089));
#17356=CARTESIAN_POINT('',(162.484650408076,0.,19.3643265139089));
#17357=CARTESIAN_POINT('',(162.484650408076,15.,-60.6093243639533));
#17358=CARTESIAN_POINT('',(162.484650408076,15.,-56.6280758450351));
#17359=CARTESIAN_POINT('',(162.484650408076,10.,-60.6093243639533));
#17360=CARTESIAN_POINT('',(162.484650408076,35.,-60.6093243639533));
#17361=CARTESIAN_POINT('',(162.484650408076,10.,-77.5341004976515));
#17362=CARTESIAN_POINT('Origin',(119.706078125794,8.,-31.2972750587204));
#17363=CARTESIAN_POINT('Origin',(155.500002317131,0.,12.0000001788139));
#17364=CARTESIAN_POINT('',(154.250002317131,13.,12.0000001788139));
#17365=CARTESIAN_POINT('Origin',(155.500002317131,13.,12.0000001788139));
#17366=CARTESIAN_POINT('',(154.250002317131,8.,12.0000001788139));
#17367=CARTESIAN_POINT('',(154.250002317131,0.,12.0000001788139));
#17368=CARTESIAN_POINT('Origin',(155.500002317131,8.,12.0000001788139));
#17369=CARTESIAN_POINT('Origin',(150.,0.,5.));
#17370=CARTESIAN_POINT('',(150.,8.,19.3643265139089));
#17371=CARTESIAN_POINT('',(150.,8.,5.));
#17372=CARTESIAN_POINT('',(150.,8.,-13.1486375293602));
#17373=CARTESIAN_POINT('',(150.,13.,19.3643265139089));
#17374=CARTESIAN_POINT('',(150.,0.,19.3643265139089));
#17375=CARTESIAN_POINT('',(150.,13.,5.));
#17376=CARTESIAN_POINT('',(150.,13.,19.3643265139089));
#17377=CARTESIAN_POINT('',(150.,0.,5.));
#17378=CARTESIAN_POINT('Origin',(162.484650408076,0.,5.));
#17379=CARTESIAN_POINT('',(141.095364266935,8.,5.));
#17380=CARTESIAN_POINT('',(150.,13.,5.));
#17381=CARTESIAN_POINT('Origin',(156.242325204038,13.,12.1821632569544));
#17382=CARTESIAN_POINT('',(159.363487806057,13.,19.3643265139089));
#17383=CARTESIAN_POINT('Origin',(119.706078125794,8.,-31.2972750587204));
#17384=CARTESIAN_POINT('',(90.0000013411045,8.,-81.9588766313497));
#17385=CARTESIAN_POINT('',(98.3167919846524,8.,-81.9588766313497));
#17386=CARTESIAN_POINT('',(90.0000013411045,8.,-65.8747177140298));
#17387=CARTESIAN_POINT('',(90.0000013411045,8.,-48.5859963863751));
#17388=CARTESIAN_POINT('',(76.9275058435112,8.,-65.8747177140298));
#17389=CARTESIAN_POINT('',(98.3167919846524,8.,-65.8747177140298));
#17390=CARTESIAN_POINT('',(76.9275058435112,8.,5.00000007450581));
#17391=CARTESIAN_POINT('',(76.9275058435112,8.,-5.96647427240578));
#17392=CARTESIAN_POINT('',(90.0000013411045,8.,5.00000007450581));
#17393=CARTESIAN_POINT('',(104.853039733449,8.,5.00000007450581));
#17394=CARTESIAN_POINT('',(90.0000013411045,8.,19.3643265139089));
#17395=CARTESIAN_POINT('',(90.0000013411045,8.,-5.96647427240578));
#17396=CARTESIAN_POINT('',(141.095364266935,8.,19.3643265139089));
#17397=CARTESIAN_POINT('Origin',(90.0000013411045,0.,-81.9588766313497));
#17398=CARTESIAN_POINT('',(90.0000013411045,10.,-81.9588766313497));
#17399=CARTESIAN_POINT('',(76.9275058435112,10.,-81.9588766313497));
#17400=CARTESIAN_POINT('',(98.3167919846524,10.,-81.9588766313497));
#17401=CARTESIAN_POINT('',(76.9275058435112,13.,-81.9588766313497));
#17402=CARTESIAN_POINT('',(76.9275058435112,0.,-81.9588766313497));
#17403=CARTESIAN_POINT('',(90.0000013411045,13.,-81.9588766313497));
#17404=CARTESIAN_POINT('',(76.9275058435112,13.,-81.9588766313497));
#17405=CARTESIAN_POINT('',(90.0000013411045,0.,-81.9588766313497));
#17406=CARTESIAN_POINT('Origin',(83.4746880949152,0.,-75.5573957494236));
#17407=CARTESIAN_POINT('',(82.2246880949152,13.,-75.5573957494236));
#17408=CARTESIAN_POINT('Origin',(83.4746880949152,13.,-75.5573957494236));
#17409=CARTESIAN_POINT('',(82.2246880949152,8.,-75.5573957494236));
#17410=CARTESIAN_POINT('',(82.2246880949152,0.,-75.5573957494236));
#17411=CARTESIAN_POINT('Origin',(83.4746880949152,8.,-75.5573957494236));
#17412=CARTESIAN_POINT('Origin',(76.9275058435112,0.,-81.9588766313497));
#17413=CARTESIAN_POINT('',(76.9275058435112,10.,-65.8747177140298));
#17414=CARTESIAN_POINT('',(76.9275058435112,10.,-26.8724989250222));
#17415=CARTESIAN_POINT('',(76.9275058435112,13.,-65.8747177140298));
#17416=CARTESIAN_POINT('',(76.9275058435112,0.,-65.8747177140298));
#17417=CARTESIAN_POINT('',(76.9275058435112,13.,-65.8747177140298));
#17418=CARTESIAN_POINT('Origin',(90.0000013411045,0.,-65.8747177140298));
#17419=CARTESIAN_POINT('',(90.0000013411045,0.,-81.9588766313497));
#17420=CARTESIAN_POINT('',(90.0000013411045,13.,-65.8747177140298));
#17421=CARTESIAN_POINT('',(90.0000013411045,13.,-81.9588766313497));
#17422=CARTESIAN_POINT('',(90.0000013411045,0.,-65.8747177140298));
#17423=CARTESIAN_POINT('Origin',(76.9275058435112,0.,-65.8747177140298));
#17424=CARTESIAN_POINT('',(90.0000013411045,13.,-65.8747177140298));
#17425=CARTESIAN_POINT('',(76.9275058435112,0.,-65.8747177140298));
#17426=CARTESIAN_POINT('Origin',(83.4637535923078,13.,-73.9167971726897));
#17427=CARTESIAN_POINT('Origin',(76.9275058435112,0.,-81.9588766313497));
#17428=CARTESIAN_POINT('',(98.3167919846524,10.,-81.9588766313497));
#17429=CARTESIAN_POINT('Origin',(119.706078125794,8.,-31.2972750587204));
#17430=CARTESIAN_POINT('Origin',(90.0000013411045,0.,5.00000007450581));
#17431=CARTESIAN_POINT('',(76.9275058435112,13.,5.00000007450581));
#17432=CARTESIAN_POINT('',(76.9275058435112,0.,5.00000007450581));
#17433=CARTESIAN_POINT('',(90.0000013411045,13.,5.00000007450581));
#17434=CARTESIAN_POINT('',(90.0000013411045,13.,5.00000007450581));
#17435=CARTESIAN_POINT('',(90.0000013411045,0.,5.00000007450581));
#17436=CARTESIAN_POINT('Origin',(84.5000012591481,0.,11.5000001713634));
#17437=CARTESIAN_POINT('',(83.2500012591481,13.,11.5000001713634));
#17438=CARTESIAN_POINT('Origin',(84.5000012591481,13.,11.5000001713634));
#17439=CARTESIAN_POINT('',(83.2500012591481,8.,11.5000001713634));
#17440=CARTESIAN_POINT('',(83.2500012591481,0.,11.5000001713634));
#17441=CARTESIAN_POINT('Origin',(84.5000012591481,8.,11.5000001713634));
#17442=CARTESIAN_POINT('Origin',(90.0000013411045,0.,19.3643265139089));
#17443=CARTESIAN_POINT('',(90.0000013411045,13.,19.3643265139089));
#17444=CARTESIAN_POINT('',(90.0000013411045,13.,19.3643265139089));
#17445=CARTESIAN_POINT('',(90.0000013411045,0.,19.3643265139089));
#17446=CARTESIAN_POINT('Origin',(83.4637535923078,13.,12.1821632942073));
#17447=CARTESIAN_POINT('',(76.9275058435112,13.,19.3643265139089));
#17448=CARTESIAN_POINT('',(76.9275058435112,13.,15.7732449040581));
#17449=CARTESIAN_POINT('',(122.974202000192,13.,19.3643265139089));
#17450=CARTESIAN_POINT('Origin',(162.484650408076,0.,19.3643265139089));
#17451=CARTESIAN_POINT('',(76.9275058435112,15.,19.3643265139089));
#17452=CARTESIAN_POINT('',(76.9275058435112,0.,19.3643265139089));
#17453=CARTESIAN_POINT('',(141.095364266935,15.,19.3643265139089));
#17454=CARTESIAN_POINT('Origin',(119.706078125794,8.,-31.2972750587204));
#17455=CARTESIAN_POINT('Origin',(165.000002458692,25.,22.0000003278256));
#17456=CARTESIAN_POINT('',(166.750002458692,15.,22.0000003278256));
#17457=CARTESIAN_POINT('Origin',(165.000002458692,15.,22.0000003278256));
#17458=CARTESIAN_POINT('',(166.750002458692,9.,22.0000003278256));
#17459=CARTESIAN_POINT('',(166.750002458692,25.,22.0000003278256));
#17460=CARTESIAN_POINT('Origin',(165.000002458692,9.,22.0000003278256));
#17461=CARTESIAN_POINT('Origin',(165.000002458692,9.,22.0000003278256));
#17462=CARTESIAN_POINT('Origin',(75.0000011175871,25.,23.0000003427267));
#17463=CARTESIAN_POINT('',(76.7500011175871,15.,23.0000003427267));
#17464=CARTESIAN_POINT('Origin',(75.0000011175871,15.,23.0000003427267));
#17465=CARTESIAN_POINT('',(76.7500011175871,9.,23.0000003427267));
#17466=CARTESIAN_POINT('',(76.7500011175871,25.,23.0000003427267));
#17467=CARTESIAN_POINT('Origin',(75.0000011175871,9.,23.0000003427267));
#17468=CARTESIAN_POINT('Origin',(75.0000011175871,9.,23.0000003427267));
#17469=CARTESIAN_POINT('Origin',(76.9275058435112,0.,19.3643265139089));
#17470=CARTESIAN_POINT('',(76.9275058435112,10.,-60.6093243639533));
#17471=CARTESIAN_POINT('',(76.9275058435112,10.,-26.8724989250222));
#17472=CARTESIAN_POINT('',(76.9275058435112,15.,-60.6093243639533));
#17473=CARTESIAN_POINT('',(76.9275058435112,35.,-60.6093243639533));
#17474=CARTESIAN_POINT('',(76.9275058435112,15.,-5.96647427240578));
#17475=CARTESIAN_POINT('Origin',(74.6545000277801,70.,-60.6093243639533));
#17476=CARTESIAN_POINT('',(74.6545000277801,15.,-60.6093243639533));
#17477=CARTESIAN_POINT('',(74.6545000277801,15.,-85.6093243639533));
#17478=CARTESIAN_POINT('',(74.6545000277801,15.,-45.9532997113369));
#17479=CARTESIAN_POINT('',(74.6545000277801,10.,-60.6093243639533));
#17480=CARTESIAN_POINT('',(74.6545000277801,70.,-60.6093243639533));
#17481=CARTESIAN_POINT('',(74.6545000277801,10.,-85.6093243639533));
#17482=CARTESIAN_POINT('',(74.6545000277801,10.,-60.6093243639533));
#17483=CARTESIAN_POINT('',(74.6545000277801,70.,-85.6093243639533));
#17484=CARTESIAN_POINT('Origin',(119.706078125794,10.,-73.1093243639533));
#17485=CARTESIAN_POINT('',(164.757656223807,10.,-60.6093243639533));
#17486=CARTESIAN_POINT('',(164.757656223807,10.,-60.6093243639533));
#17487=CARTESIAN_POINT('',(164.757656223807,10.,-85.6093243639533));
#17488=CARTESIAN_POINT('',(164.757656223807,10.,-85.6093243639533));
#17489=CARTESIAN_POINT('',(74.6545000277801,10.,-85.6093243639533));
#17490=CARTESIAN_POINT('',(164.757656223807,10.,-60.6093243639533));
#17491=CARTESIAN_POINT('Origin',(130.,15.,-91.2972750587204));
#17492=CARTESIAN_POINT('',(171.253111978156,15.,-91.2972750587204));
#17493=CARTESIAN_POINT('',(68.1590442734314,15.,-91.2972750587204));
#17494=CARTESIAN_POINT('',(145.479595051975,15.,-91.2972750587204));
#17495=CARTESIAN_POINT('',(68.1590442734314,15.,28.7027249412796));
#17496=CARTESIAN_POINT('',(68.1590442734314,15.,-61.2972750587204));
#17497=CARTESIAN_POINT('',(171.253111978156,15.,28.7027249412796));
#17498=CARTESIAN_POINT('',(93.9325611996125,15.,28.7027249412796));
#17499=CARTESIAN_POINT('',(171.253111978156,15.,-1.29727505872042));
#17500=CARTESIAN_POINT('',(164.757656223807,15.,-85.6093243639533));
#17501=CARTESIAN_POINT('',(97.1802890767868,15.,-85.6093243639533));
#17502=CARTESIAN_POINT('',(164.757656223807,15.,-60.6093243639533));
#17503=CARTESIAN_POINT('',(164.757656223807,15.,-58.4532997113369));
#17504=CARTESIAN_POINT('',(142.2318671748,15.,-60.6093243639533));
#17505=CARTESIAN_POINT('',(142.2318671748,15.,-60.6093243639533));
#17506=CARTESIAN_POINT('Origin',(74.6545000277801,70.,-85.6093243639533));
#17507=CARTESIAN_POINT('',(164.757656223807,70.,-85.6093243639533));
#17508=CARTESIAN_POINT('Origin',(164.757656223807,70.,-85.6093243639533));
#17509=CARTESIAN_POINT('',(164.757656223807,70.,-60.6093243639533));
#17510=CARTESIAN_POINT('Origin',(164.757656223807,70.,-60.6093243639533));
#17511=CARTESIAN_POINT('Origin',(164.757656223807,70.,-60.6093243639533));
#17512=CARTESIAN_POINT('Origin',(68.1590442734314,0.,28.7027249412796));
#17513=CARTESIAN_POINT('',(68.1590442734314,0.,28.7027249412796));
#17514=CARTESIAN_POINT('',(171.253111978156,0.,28.7027249412796));
#17515=CARTESIAN_POINT('',(68.1590442734314,0.,28.7027249412796));
#17516=CARTESIAN_POINT('',(171.253111978156,0.,28.7027249412796));
#17517=CARTESIAN_POINT('',(68.1590442734314,0.,28.7027249412796));
#17518=CARTESIAN_POINT('Origin',(68.1590442734314,0.,-91.2972750587204));
#17519=CARTESIAN_POINT('',(68.1590442734314,0.,-91.2972750587204));
#17520=CARTESIAN_POINT('',(68.1590442734314,0.,-91.2972750587204));
#17521=CARTESIAN_POINT('',(68.1590442734314,0.,-91.2972750587204));
#17522=CARTESIAN_POINT('Origin',(171.253111978156,0.,-91.2972750587204));
#17523=CARTESIAN_POINT('',(171.253111978156,0.,-91.2972750587204));
#17524=CARTESIAN_POINT('',(171.253111978156,0.,-91.2972750587204));
#17525=CARTESIAN_POINT('',(171.253111978156,0.,-91.2972750587204));
#17526=CARTESIAN_POINT('Origin',(171.253111978156,0.,28.7027249412796));
#17527=CARTESIAN_POINT('',(171.253111978156,0.,28.7027249412796));
#17528=CARTESIAN_POINT('Origin',(119.706078125794,8.,-31.2972750587204));
#17529=CARTESIAN_POINT('Origin',(119.706078125794,0.,-31.2972750587204));
#17530=CARTESIAN_POINT('Origin',(70.6590442734314,65.,-57.4213736691861));
#17531=CARTESIAN_POINT('',(68.1590442734314,70.,-57.4213736691861));
#17532=CARTESIAN_POINT('',(68.1590442734314,69.3301270189222,-57.4213736691861));
#17533=CARTESIAN_POINT('',(68.1590442734314,65.,-57.4213736691861));
#17534=CARTESIAN_POINT('',(70.6590442734314,70.,-59.9213736691861));
#17535=CARTESIAN_POINT('Origin',(70.6590442734314,70.,-57.4213736691861));
#17536=CARTESIAN_POINT('Ctrl Pts',(68.1590442734314,69.3301270189222,-57.4213736691861));
#17537=CARTESIAN_POINT('Ctrl Pts',(68.1590442734314,69.4965604327335,-57.7096447979845));
#17538=CARTESIAN_POINT('Ctrl Pts',(68.2127476672819,69.6426660900684,-58.0363270157687));
#17539=CARTESIAN_POINT('Ctrl Pts',(68.4613996879726,69.849263782752,-58.6594746145459));
#17540=CARTESIAN_POINT('Ctrl Pts',(68.6571840694587,69.9114370769136,-58.9550473711462));
#17541=CARTESIAN_POINT('Ctrl Pts',(69.1124104623651,69.9788300306939,-59.4102737640525));
#17542=CARTESIAN_POINT('Ctrl Pts',(69.3931973655643,69.9914821831948,-59.6028539665318));
#17543=CARTESIAN_POINT('Ctrl Pts',(70.0093124594574,70.0012381203181,-59.8583950943074));
#17544=CARTESIAN_POINT('Ctrl Pts',(70.3446059583152,70.,-59.9213736691861));
#17545=CARTESIAN_POINT('Ctrl Pts',(70.6590442734314,70.,-59.9213736691861));
#17546=CARTESIAN_POINT('Origin',(70.6590442734314,65.,-88.7972750587204));
#17547=CARTESIAN_POINT('',(68.1590442734314,70.,-88.7972750587204));
#17548=CARTESIAN_POINT('',(68.1590442734314,69.3301270189222,-88.7972750587204));
#17549=CARTESIAN_POINT('',(68.1590442734314,65.,-88.7972750587204));
#17550=CARTESIAN_POINT('',(70.6590442734314,70.,-86.2972750587204));
#17551=CARTESIAN_POINT('Origin',(70.6590442734314,70.,-88.7972750587204));
#17552=CARTESIAN_POINT('',(70.6590442734314,65.,-91.2972750587204));
#17553=CARTESIAN_POINT('Ctrl Pts',(70.6590442734314,65.,-91.2972750587204));
#17554=CARTESIAN_POINT('Ctrl Pts',(70.9791311829284,65.4526712485487,-91.2972750587204));
#17555=CARTESIAN_POINT('Ctrl Pts',(71.328061587077,65.9454546528457,-91.2326468140182));
#17556=CARTESIAN_POINT('Ctrl Pts',(71.9857182716825,66.9073065202067,-90.9463570536127));
#17557=CARTESIAN_POINT('Ctrl Pts',(72.2939238435839,67.3766436228736,-90.7244023082941));
#17558=CARTESIAN_POINT('Ctrl Pts',(72.7040087796507,68.0714107905696,-90.2572716687254));
#17559=CARTESIAN_POINT('Ctrl Pts',(72.8638723010243,68.3664883158918,-90.014588651672));
#17560=CARTESIAN_POINT('Ctrl Pts',(73.0919487880414,68.9014671153246,-89.448500164055));
#17561=CARTESIAN_POINT('Ctrl Pts',(73.1590442734314,69.1412075475125,-89.124493181741));
#17562=CARTESIAN_POINT('Ctrl Pts',(73.1590442734314,69.4965604327335,-88.5090039299221));
#17563=CARTESIAN_POINT('Ctrl Pts',(73.1053408795808,69.6426660900684,-88.1823217121378));
#17564=CARTESIAN_POINT('Ctrl Pts',(72.8566888588902,69.849263782752,-87.5591741133606));
#17565=CARTESIAN_POINT('Ctrl Pts',(72.660904477404,69.9114370769136,-87.2636013567603));
#17566=CARTESIAN_POINT('Ctrl Pts',(72.2056780844977,69.9788300306939,-86.808374963854));
#17567=CARTESIAN_POINT('Ctrl Pts',(71.9248911812985,69.9914821831948,-86.6157947613748));
#17568=CARTESIAN_POINT('Ctrl Pts',(71.3087760874054,70.0012381203181,-86.3602536335991));
#17569=CARTESIAN_POINT('Ctrl Pts',(70.9734825885476,70.,-86.2972750587204));
#17570=CARTESIAN_POINT('Ctrl Pts',(70.6590442734314,70.,-86.2972750587204));
#17571=CARTESIAN_POINT('Ctrl Pts',(68.1590442734314,69.3301270189222,-88.7972750587204));
#17572=CARTESIAN_POINT('Ctrl Pts',(68.1590442734314,69.1412075475125,-89.124493181741));
#17573=CARTESIAN_POINT('Ctrl Pts',(68.2261397588214,68.9014671153246,-89.4485001640551));
#17574=CARTESIAN_POINT('Ctrl Pts',(68.4542162458385,68.3664883158918,-90.014588651672));
#17575=CARTESIAN_POINT('Ctrl Pts',(68.614079767212,68.0714107905696,-90.2572716687254));
#17576=CARTESIAN_POINT('Ctrl Pts',(69.0241647032788,67.3766436228736,-90.7244023082941));
#17577=CARTESIAN_POINT('Ctrl Pts',(69.3323702751803,66.9073065202067,-90.9463570536127));
#17578=CARTESIAN_POINT('Ctrl Pts',(69.9900269597858,65.9454546528457,-91.2326468140182));
#17579=CARTESIAN_POINT('Ctrl Pts',(70.3389573639344,65.4526712485487,-91.2972750587204));
#17580=CARTESIAN_POINT('Ctrl Pts',(70.6590442734314,65.,-91.2972750587204));
#17581=CARTESIAN_POINT('Origin',(168.753111978156,65.,-57.4213736691861));
#17582=CARTESIAN_POINT('',(166.253111978156,70.,-57.4213736691861));
#17583=CARTESIAN_POINT('',(166.253111978156,69.3301270189222,-57.4213736691861));
#17584=CARTESIAN_POINT('',(166.253111978156,65.,-57.4213736691861));
#17585=CARTESIAN_POINT('',(168.753111978156,70.,-59.9213736691861));
#17586=CARTESIAN_POINT('Origin',(168.753111978156,70.,-57.4213736691861));
#17587=CARTESIAN_POINT('Ctrl Pts',(166.253111978156,69.3301270189222,-57.4213736691861));
#17588=CARTESIAN_POINT('Ctrl Pts',(166.253111978156,69.4965604327335,-57.7096447979845));
#17589=CARTESIAN_POINT('Ctrl Pts',(166.306815372006,69.6426660900684,-58.0363270157687));
#17590=CARTESIAN_POINT('Ctrl Pts',(166.555467392697,69.849263782752,-58.6594746145459));
#17591=CARTESIAN_POINT('Ctrl Pts',(166.751251774183,69.9114370769136,-58.9550473711462));
#17592=CARTESIAN_POINT('Ctrl Pts',(167.206478167089,69.9788300306939,-59.4102737640525));
#17593=CARTESIAN_POINT('Ctrl Pts',(167.487265070289,69.9914821831948,-59.6028539665318));
#17594=CARTESIAN_POINT('Ctrl Pts',(168.103380164182,70.0012381203181,-59.8583950943074));
#17595=CARTESIAN_POINT('Ctrl Pts',(168.43867366304,70.,-59.9213736691861));
#17596=CARTESIAN_POINT('Ctrl Pts',(168.753111978156,70.,-59.9213736691861));
#17597=CARTESIAN_POINT('Origin',(168.753111978156,65.,-88.7972750587204));
#17598=CARTESIAN_POINT('',(166.253111978156,70.,-88.7972750587204));
#17599=CARTESIAN_POINT('',(166.253111978156,69.3301270189222,-88.7972750587204));
#17600=CARTESIAN_POINT('',(166.253111978156,65.,-88.7972750587204));
#17601=CARTESIAN_POINT('',(168.753111978156,70.,-86.2972750587204));
#17602=CARTESIAN_POINT('Origin',(168.753111978156,70.,-88.7972750587204));
#17603=CARTESIAN_POINT('',(171.253111978156,69.3301270189222,-88.7972750587204));
#17604=CARTESIAN_POINT('Ctrl Pts',(171.253111978156,69.3301270189222,-88.7972750587204));
#17605=CARTESIAN_POINT('Ctrl Pts',(171.253111978156,69.4965604327335,-88.5090039299221));
#17606=CARTESIAN_POINT('Ctrl Pts',(171.199408584305,69.6426660900684,-88.1823217121378));
#17607=CARTESIAN_POINT('Ctrl Pts',(170.950756563615,69.849263782752,-87.5591741133606));
#17608=CARTESIAN_POINT('Ctrl Pts',(170.754972182128,69.9114370769136,-87.2636013567603));
#17609=CARTESIAN_POINT('Ctrl Pts',(170.299745789222,69.9788300306939,-86.808374963854));
#17610=CARTESIAN_POINT('Ctrl Pts',(170.018958886023,69.9914821831948,-86.6157947613748));
#17611=CARTESIAN_POINT('Ctrl Pts',(169.40284379213,70.0012381203181,-86.3602536335991));
#17612=CARTESIAN_POINT('Ctrl Pts',(169.067550293272,70.,-86.2972750587204));
#17613=CARTESIAN_POINT('Ctrl Pts',(168.753111978156,70.,-86.2972750587204));
#17614=CARTESIAN_POINT('',(168.753111978156,65.,-91.2972750587204));
#17615=CARTESIAN_POINT('Ctrl Pts',(168.753111978156,65.,-91.2972750587204));
#17616=CARTESIAN_POINT('Ctrl Pts',(169.073198887653,65.4526712485487,-91.2972750587204));
#17617=CARTESIAN_POINT('Ctrl Pts',(169.422129291801,65.9454546528457,-91.2326468140182));
#17618=CARTESIAN_POINT('Ctrl Pts',(170.079785976407,66.9073065202066,-90.9463570536127));
#17619=CARTESIAN_POINT('Ctrl Pts',(170.387991548308,67.3766436228736,-90.7244023082941));
#17620=CARTESIAN_POINT('Ctrl Pts',(170.798076484375,68.0714107905696,-90.2572716687254));
#17621=CARTESIAN_POINT('Ctrl Pts',(170.957940005749,68.3664883158918,-90.014588651672));
#17622=CARTESIAN_POINT('Ctrl Pts',(171.186016492766,68.9014671153246,-89.448500164055));
#17623=CARTESIAN_POINT('Ctrl Pts',(171.253111978156,69.1412075475125,-89.1244931817411));
#17624=CARTESIAN_POINT('Ctrl Pts',(171.253111978156,69.3301270189222,-88.7972750587205));
#17625=CARTESIAN_POINT('Ctrl Pts',(166.253111978156,69.3301270189222,-88.7972750587204));
#17626=CARTESIAN_POINT('Ctrl Pts',(166.253111978156,69.1412075475125,-89.124493181741));
#17627=CARTESIAN_POINT('Ctrl Pts',(166.320207463546,68.9014671153246,-89.4485001640551));
#17628=CARTESIAN_POINT('Ctrl Pts',(166.548283950563,68.3664883158918,-90.014588651672));
#17629=CARTESIAN_POINT('Ctrl Pts',(166.708147471936,68.0714107905696,-90.2572716687254));
#17630=CARTESIAN_POINT('Ctrl Pts',(167.118232408003,67.3766436228736,-90.7244023082941));
#17631=CARTESIAN_POINT('Ctrl Pts',(167.426437979905,66.9073065202066,-90.9463570536127));
#17632=CARTESIAN_POINT('Ctrl Pts',(168.08409466451,65.9454546528457,-91.2326468140182));
#17633=CARTESIAN_POINT('Ctrl Pts',(168.433025068659,65.4526712485487,-91.2972750587204));
#17634=CARTESIAN_POINT('Ctrl Pts',(168.753111978156,65.,-91.2972750587204));
#17635=CARTESIAN_POINT('Origin',(168.753111978156,65.,-88.7972750587204));
#17636=CARTESIAN_POINT('Ctrl Pts',(168.753111978156,70.,-86.2972750587204));
#17637=CARTESIAN_POINT('Ctrl Pts',(168.43867366304,70.,-86.2972750587204));
#17638=CARTESIAN_POINT('Ctrl Pts',(168.103380164182,70.0012381203181,-86.3602536335991));
#17639=CARTESIAN_POINT('Ctrl Pts',(167.487265070289,69.9914821831948,-86.6157947613748));
#17640=CARTESIAN_POINT('Ctrl Pts',(167.206478167089,69.9788300306939,-86.808374963854));
#17641=CARTESIAN_POINT('Ctrl Pts',(166.751251774183,69.9114370769136,-87.2636013567603));
#17642=CARTESIAN_POINT('Ctrl Pts',(166.555467392697,69.849263782752,-87.5591741133606));
#17643=CARTESIAN_POINT('Ctrl Pts',(166.306815372006,69.6426660900684,-88.1823217121378));
#17644=CARTESIAN_POINT('Ctrl Pts',(166.253111978156,69.4965604327335,-88.5090039299221));
#17645=CARTESIAN_POINT('Ctrl Pts',(166.253111978156,69.3301270189222,-88.7972750587204));
#17646=CARTESIAN_POINT('Origin',(168.753111978156,70.,-88.7972750587204));
#17647=CARTESIAN_POINT('Origin',(168.753111978156,70.,-88.7972750587204));
#17648=CARTESIAN_POINT('',(167.878111978156,70.,-88.7972750587204));
#17649=CARTESIAN_POINT('Origin',(168.753111978156,70.,-88.7972750587204));
#17650=CARTESIAN_POINT('Origin',(145.479595051975,65.,-86.2972750587204));
#17651=CARTESIAN_POINT('',(171.253111978156,65.,-91.2972750587204));
#17652=CARTESIAN_POINT('Origin',(171.253111978156,65.,-86.2972750587204));
#17653=CARTESIAN_POINT('',(145.479595051975,65.,-91.2972750587204));
#17654=CARTESIAN_POINT('Origin',(145.479595051975,65.,-86.2972750587204));
#17655=CARTESIAN_POINT('',(171.253111978156,70.,-86.2972750587204));
#17656=CARTESIAN_POINT('',(145.479595051975,70.,-86.2972750587204));
#17657=CARTESIAN_POINT('Origin',(171.253111978156,65.,-86.2972750587204));
#17658=CARTESIAN_POINT('Origin',(145.479595051975,65.,-86.2972750587204));
#17659=CARTESIAN_POINT('',(145.479595051975,65.,-91.2972750587204));
#17660=CARTESIAN_POINT('',(109.659044273431,70.,-86.2972750587204));
#17661=CARTESIAN_POINT('',(68.1590442734314,70.,-86.2972750587204));
#17662=CARTESIAN_POINT('',(109.659044273431,69.7287080734799,-87.9218734570351));
#17663=CARTESIAN_POINT('Origin',(109.659044273431,65.,-86.2972750587204));
#17664=CARTESIAN_POINT('',(129.659044273431,69.7287080734799,-87.9218734570351));
#17665=CARTESIAN_POINT('',(68.1590442734314,69.7287080734799,-87.9218734570351));
#17666=CARTESIAN_POINT('',(129.659044273431,70.,-86.2972750587204));
#17667=CARTESIAN_POINT('Origin',(129.659044273431,65.,-86.2972750587204));
#17668=CARTESIAN_POINT('',(145.479595051975,70.,-86.2972750587204));
#17669=CARTESIAN_POINT('Origin',(119.706078125794,65.,-73.1093243639533));
#17670=CARTESIAN_POINT('',(171.253111978156,65.,-54.9213736691861));
#17671=CARTESIAN_POINT('',(171.253111978156,65.,-1.29727505872044));
#17672=CARTESIAN_POINT('',(168.753111978156,65.,-54.9213736691861));
#17673=CARTESIAN_POINT('',(93.9325611996125,65.,-54.9213736691861));
#17674=CARTESIAN_POINT('',(70.6590442734314,65.,-54.9213736691861));
#17675=CARTESIAN_POINT('',(93.9325611996125,65.,-54.9213736691861));
#17676=CARTESIAN_POINT('',(68.1590442734314,65.,-54.9213736691861));
#17677=CARTESIAN_POINT('',(93.9325611996125,65.,-54.9213736691861));
#17678=CARTESIAN_POINT('',(68.1590442734314,65.,-91.2972750587204));
#17679=CARTESIAN_POINT('',(68.1590442734314,65.,-61.2972750587204));
#17680=CARTESIAN_POINT('',(145.479595051975,65.,-91.2972750587204));
#17681=CARTESIAN_POINT('',(69.7840442734314,65.,-57.4213736691861));
#17682=CARTESIAN_POINT('Origin',(70.6590442734314,65.,-57.4213736691861));
#17683=CARTESIAN_POINT('',(69.7840442734314,65.,-88.7972750587204));
#17684=CARTESIAN_POINT('Origin',(70.6590442734314,65.,-88.7972750587204));
#17685=CARTESIAN_POINT('',(167.878111978156,65.,-57.4213736691861));
#17686=CARTESIAN_POINT('Origin',(168.753111978156,65.,-57.4213736691861));
#17687=CARTESIAN_POINT('',(167.878111978156,65.,-88.7972750587204));
#17688=CARTESIAN_POINT('Origin',(168.753111978156,65.,-88.7972750587204));
#17689=CARTESIAN_POINT('Origin',(168.753111978156,65.,-57.4213736691861));
#17690=CARTESIAN_POINT('Ctrl Pts',(168.753111978156,65.,-54.9213736691861));
#17691=CARTESIAN_POINT('Ctrl Pts',(168.433025068659,65.4526712485487,-54.9213736691861));
#17692=CARTESIAN_POINT('Ctrl Pts',(168.08409466451,65.9454546528457,-54.9860019138884));
#17693=CARTESIAN_POINT('Ctrl Pts',(167.426437979905,66.9073065202066,-55.2722916742938));
#17694=CARTESIAN_POINT('Ctrl Pts',(167.118232408003,67.3766436228736,-55.4942464196124));
#17695=CARTESIAN_POINT('Ctrl Pts',(166.708147471936,68.0714107905696,-55.9613770591812));
#17696=CARTESIAN_POINT('Ctrl Pts',(166.548283950563,68.3664883158918,-56.2040600762346));
#17697=CARTESIAN_POINT('Ctrl Pts',(166.320207463546,68.9014671153246,-56.7701485638515));
#17698=CARTESIAN_POINT('Ctrl Pts',(166.253111978156,69.1412075475125,-57.0941555461655));
#17699=CARTESIAN_POINT('Ctrl Pts',(166.253111978156,69.3301270189222,-57.4213736691861));
#17700=CARTESIAN_POINT('',(171.253111978156,69.3301270189222,-57.4213736691861));
#17701=CARTESIAN_POINT('Ctrl Pts',(171.253111978156,69.3301270189222,-57.4213736691861));
#17702=CARTESIAN_POINT('Ctrl Pts',(171.253111978156,69.1412075475125,-57.0941555461655));
#17703=CARTESIAN_POINT('Ctrl Pts',(171.186016492766,68.9014671153246,-56.7701485638515));
#17704=CARTESIAN_POINT('Ctrl Pts',(170.957940005749,68.3664883158918,-56.2040600762346));
#17705=CARTESIAN_POINT('Ctrl Pts',(170.798076484375,68.0714107905696,-55.9613770591812));
#17706=CARTESIAN_POINT('Ctrl Pts',(170.387991548308,67.3766436228736,-55.4942464196124));
#17707=CARTESIAN_POINT('Ctrl Pts',(170.079785976407,66.9073065202066,-55.2722916742938));
#17708=CARTESIAN_POINT('Ctrl Pts',(169.422129291801,65.9454546528457,-54.9860019138884));
#17709=CARTESIAN_POINT('Ctrl Pts',(169.073198887653,65.4526712485487,-54.9213736691861));
#17710=CARTESIAN_POINT('Ctrl Pts',(168.753111978156,65.,-54.9213736691861));
#17711=CARTESIAN_POINT('Ctrl Pts',(168.753111978156,70.,-59.9213736691861));
#17712=CARTESIAN_POINT('Ctrl Pts',(169.067550293272,70.,-59.9213736691861));
#17713=CARTESIAN_POINT('Ctrl Pts',(169.40284379213,70.0012381203181,-59.8583950943074));
#17714=CARTESIAN_POINT('Ctrl Pts',(170.018958886023,69.9914821831948,-59.6028539665318));
#17715=CARTESIAN_POINT('Ctrl Pts',(170.299745789222,69.9788300306939,-59.4102737640525));
#17716=CARTESIAN_POINT('Ctrl Pts',(170.754972182128,69.9114370769136,-58.9550473711462));
#17717=CARTESIAN_POINT('Ctrl Pts',(170.950756563615,69.849263782752,-58.6594746145459));
#17718=CARTESIAN_POINT('Ctrl Pts',(171.199408584305,69.6426660900684,-58.0363270157687));
#17719=CARTESIAN_POINT('Ctrl Pts',(171.253111978156,69.4965604327335,-57.7096447979845));
#17720=CARTESIAN_POINT('Ctrl Pts',(171.253111978156,69.3301270189222,-57.4213736691861));
#17721=CARTESIAN_POINT('Origin',(168.753111978156,70.,-57.4213736691861));
#17722=CARTESIAN_POINT('Origin',(168.753111978156,70.,-57.4213736691861));
#17723=CARTESIAN_POINT('',(167.878111978156,70.,-57.4213736691861));
#17724=CARTESIAN_POINT('Origin',(168.753111978156,70.,-57.4213736691861));
#17725=CARTESIAN_POINT('Origin',(93.9325611996125,65.,-59.9213736691861));
#17726=CARTESIAN_POINT('',(93.9325611996125,70.,-59.9213736691861));
#17727=CARTESIAN_POINT('Ctrl Pts',(70.6590442734314,70.,-59.9213736691861));
#17728=CARTESIAN_POINT('Ctrl Pts',(70.9734825885476,70.,-59.9213736691861));
#17729=CARTESIAN_POINT('Ctrl Pts',(71.3087760874054,70.0012381203181,-59.8583950943074));
#17730=CARTESIAN_POINT('Ctrl Pts',(71.9248911812985,69.9914821831948,-59.6028539665318));
#17731=CARTESIAN_POINT('Ctrl Pts',(72.2056780844977,69.9788300306939,-59.4102737640525));
#17732=CARTESIAN_POINT('Ctrl Pts',(72.660904477404,69.9114370769136,-58.9550473711462));
#17733=CARTESIAN_POINT('Ctrl Pts',(72.8566888588902,69.849263782752,-58.6594746145459));
#17734=CARTESIAN_POINT('Ctrl Pts',(73.1053408795808,69.6426660900684,-58.0363270157687));
#17735=CARTESIAN_POINT('Ctrl Pts',(73.1590442734314,69.4965604327335,-57.7096447979845));
#17736=CARTESIAN_POINT('Ctrl Pts',(73.1590442734314,69.1412075475125,-57.0941555461655));
#17737=CARTESIAN_POINT('Ctrl Pts',(73.0919487880414,68.9014671153246,-56.7701485638515));
#17738=CARTESIAN_POINT('Ctrl Pts',(72.8638723010243,68.3664883158918,-56.2040600762346));
#17739=CARTESIAN_POINT('Ctrl Pts',(72.7040087796507,68.0714107905696,-55.9613770591812));
#17740=CARTESIAN_POINT('Ctrl Pts',(72.2939238435839,67.3766436228736,-55.4942464196124));
#17741=CARTESIAN_POINT('Ctrl Pts',(71.9857182716825,66.9073065202067,-55.2722916742938));
#17742=CARTESIAN_POINT('Ctrl Pts',(71.328061587077,65.9454546528457,-54.9860019138884));
#17743=CARTESIAN_POINT('Ctrl Pts',(70.9791311829284,65.4526712485487,-54.9213736691861));
#17744=CARTESIAN_POINT('Ctrl Pts',(70.6590442734314,65.,-54.9213736691861));
#17745=CARTESIAN_POINT('Origin',(93.9325611996125,65.,-59.9213736691861));
#17746=CARTESIAN_POINT('',(171.253111978156,70.,-59.9213736691861));
#17747=CARTESIAN_POINT('Origin',(171.253111978156,65.,-59.9213736691861));
#17748=CARTESIAN_POINT('',(93.9325611996125,70.,-59.9213736691861));
#17749=CARTESIAN_POINT('Origin',(93.9325611996125,65.,-59.9213736691861));
#17750=CARTESIAN_POINT('Origin',(171.253111978156,65.,-59.9213736691861));
#17751=CARTESIAN_POINT('Origin',(70.6590442734314,65.,-88.7972750587204));
#17752=CARTESIAN_POINT('Ctrl Pts',(70.6590442734314,70.,-86.2972750587204));
#17753=CARTESIAN_POINT('Ctrl Pts',(70.3446059583152,70.,-86.2972750587204));
#17754=CARTESIAN_POINT('Ctrl Pts',(70.0093124594574,70.0012381203181,-86.3602536335992));
#17755=CARTESIAN_POINT('Ctrl Pts',(69.3931973655643,69.9914821831948,-86.6157947613748));
#17756=CARTESIAN_POINT('Ctrl Pts',(69.112410462365,69.9788300306939,-86.808374963854));
#17757=CARTESIAN_POINT('Ctrl Pts',(68.6571840694587,69.9114370769136,-87.2636013567603));
#17758=CARTESIAN_POINT('Ctrl Pts',(68.4613996879726,69.849263782752,-87.5591741133606));
#17759=CARTESIAN_POINT('Ctrl Pts',(68.2127476672819,69.6426660900684,-88.1823217121378));
#17760=CARTESIAN_POINT('Ctrl Pts',(68.1590442734314,69.4965604327335,-88.509003929922));
#17761=CARTESIAN_POINT('Ctrl Pts',(68.1590442734314,69.3301270189222,-88.7972750587204));
#17762=CARTESIAN_POINT('Origin',(70.6590442734314,70.,-88.7972750587204));
#17763=CARTESIAN_POINT('Origin',(70.6590442734314,70.,-88.7972750587204));
#17764=CARTESIAN_POINT('',(69.7840442734314,70.,-88.7972750587204));
#17765=CARTESIAN_POINT('Origin',(70.6590442734314,70.,-88.7972750587204));
#17766=CARTESIAN_POINT('Origin',(145.479595051975,65.,-86.2972750587204));
#17767=CARTESIAN_POINT('',(68.1590442734314,70.,-86.2972750587204));
#17768=CARTESIAN_POINT('Origin',(68.1590442734314,65.,-86.2972750587204));
#17769=CARTESIAN_POINT('',(68.1590442734314,70.,-86.2972750587204));
#17770=CARTESIAN_POINT('Origin',(145.479595051975,65.,-86.2972750587204));
#17771=CARTESIAN_POINT('Origin',(68.1590442734314,65.,-86.2972750587204));
#17772=CARTESIAN_POINT('Origin',(70.6590442734314,65.,-57.4213736691861));
#17773=CARTESIAN_POINT('Ctrl Pts',(70.6590442734314,65.,-54.9213736691861));
#17774=CARTESIAN_POINT('Ctrl Pts',(70.3389573639344,65.4526712485487,-54.9213736691861));
#17775=CARTESIAN_POINT('Ctrl Pts',(69.9900269597858,65.9454546528457,-54.9860019138884));
#17776=CARTESIAN_POINT('Ctrl Pts',(69.3323702751803,66.9073065202066,-55.2722916742938));
#17777=CARTESIAN_POINT('Ctrl Pts',(69.0241647032789,67.3766436228736,-55.4942464196124));
#17778=CARTESIAN_POINT('Ctrl Pts',(68.614079767212,68.0714107905696,-55.9613770591812));
#17779=CARTESIAN_POINT('Ctrl Pts',(68.4542162458385,68.3664883158918,-56.2040600762346));
#17780=CARTESIAN_POINT('Ctrl Pts',(68.2261397588214,68.9014671153246,-56.7701485638515));
#17781=CARTESIAN_POINT('Ctrl Pts',(68.1590442734314,69.1412075475125,-57.0941555461655));
#17782=CARTESIAN_POINT('Ctrl Pts',(68.1590442734314,69.3301270189222,-57.4213736691861));
#17783=CARTESIAN_POINT('Origin',(70.6590442734314,70.,-57.4213736691861));
#17784=CARTESIAN_POINT('Origin',(70.6590442734314,70.,-57.4213736691861));
#17785=CARTESIAN_POINT('',(69.7840442734314,70.,-57.4213736691861));
#17786=CARTESIAN_POINT('Origin',(70.6590442734314,70.,-57.4213736691861));
#17787=CARTESIAN_POINT('Origin',(93.9325611996125,65.,-59.9213736691861));
#17788=CARTESIAN_POINT('Origin',(68.1590442734314,65.,-59.9213736691861));
#17789=CARTESIAN_POINT('Origin',(93.9325611996125,65.,-59.9213736691861));
#17790=CARTESIAN_POINT('',(68.1590442734314,70.,-59.9213736691861));
#17791=CARTESIAN_POINT('',(93.9325611996125,70.,-59.9213736691861));
#17792=CARTESIAN_POINT('Origin',(68.1590442734314,65.,-59.9213736691861));
#17793=CARTESIAN_POINT('Origin',(70.6590442734314,65.,-88.7972750587204));
#17794=CARTESIAN_POINT('',(69.7840442734314,65.,-88.7972750587204));
#17795=CARTESIAN_POINT('Origin',(168.753111978156,65.,-88.7972750587204));
#17796=CARTESIAN_POINT('',(167.878111978156,65.,-88.7972750587204));
#17797=CARTESIAN_POINT('Origin',(70.6590442734314,65.,-57.4213736691861));
#17798=CARTESIAN_POINT('',(69.7840442734314,65.,-57.4213736691861));
#17799=CARTESIAN_POINT('Origin',(168.753111978156,65.,-57.4213736691861));
#17800=CARTESIAN_POINT('',(167.878111978156,65.,-57.4213736691861));
#17801=CARTESIAN_POINT('Origin',(119.706078125794,70.,-73.1093243639533));
#17802=CARTESIAN_POINT('',(68.1590442734314,70.,-81.9588766313497));
#17803=CARTESIAN_POINT('',(171.253111978156,70.,-81.9588766313497));
#17804=CARTESIAN_POINT('',(129.659044273431,70.,-83.0000001440443));
#17805=CARTESIAN_POINT('',(129.659044273431,70.,-79.5546625495385));
#17806=CARTESIAN_POINT('',(109.659044273431,70.,-83.0000001440443));
#17807=CARTESIAN_POINT('',(68.1590442734314,70.,-83.0000001440443));
#17808=CARTESIAN_POINT('',(109.659044273431,70.,-59.9213736691861));
#17809=CARTESIAN_POINT('',(109.659044273431,70.,-77.0000022401415));
#17810=CARTESIAN_POINT('',(129.659044273431,70.,-77.0000022401415));
#17811=CARTESIAN_POINT('',(68.1590442734314,70.,-77.0000022401415));
#17812=CARTESIAN_POINT('',(129.659044273431,70.,-71.9377437302749));
#17813=CARTESIAN_POINT('',(129.659044273431,70.,-73.5546630065076));
#17814=CARTESIAN_POINT('',(109.659044273431,70.,-71.9377437302749));
#17815=CARTESIAN_POINT('',(68.1590442734314,70.,-71.9377437302749));
#17816=CARTESIAN_POINT('',(109.659044273431,70.,-59.9213736691861));
#17817=CARTESIAN_POINT('Origin',(171.253111978156,0.,28.7027249412796));
#17818=CARTESIAN_POINT('Origin',(129.659044273431,74.9241670769911,-74.000001649062));
#17819=CARTESIAN_POINT('',(129.659044273431,79.8483341539822,-73.1591678860771));
#17820=CARTESIAN_POINT('Origin',(129.659044273431,74.0000008791685,-80.0000011920929));
#17821=CARTESIAN_POINT('',(129.659044273431,77.2490749207317,-76.1995382443064));
#17822=CARTESIAN_POINT('Origin',(129.659044273431,74.0000008791685,-80.0000011920929));
#17823=CARTESIAN_POINT('',(129.659044273431,74.0000008791685,-80.0000011920929));
#17824=CARTESIAN_POINT('Origin',(129.659044273431,75.2847711293321,-86.0000007351238));
#17825=CARTESIAN_POINT('',(129.659044273431,80.8408341851843,-85.8483344669066));
#17826=CARTESIAN_POINT('',(129.659044273431,77.8004638269551,-83.249075233656));
#17827=CARTESIAN_POINT('',(129.659044273431,74.0000008791685,-80.0000011920929));
#17828=CARTESIAN_POINT('Origin',(129.659044273431,74.0000008791685,-80.0000011920929));
#17829=CARTESIAN_POINT('Origin',(129.659044273431,74.0000008791685,-80.0000011920929));
#17830=CARTESIAN_POINT('Origin',(68.1590442734314,74.0000008791685,-80.0000011920929));
#17831=CARTESIAN_POINT('',(109.659044273431,77.8004638269551,-83.249075233656));
#17832=CARTESIAN_POINT('Origin',(109.659044273431,74.0000008791685,-80.0000011920929));
#17833=CARTESIAN_POINT('',(68.1590442734314,77.8004638269551,-83.249075233656));
#17834=CARTESIAN_POINT('Origin',(68.1590442734314,74.0000008791685,-80.0000011920929));
#17835=CARTESIAN_POINT('',(109.659044273431,79.8483341539822,-73.1591678860771));
#17836=CARTESIAN_POINT('Origin',(109.659044273431,74.0000008791685,-80.0000011920929));
#17837=CARTESIAN_POINT('',(68.1590442734314,79.8483341539822,-73.1591678860771));
#17838=CARTESIAN_POINT('Origin',(68.1590442734314,77.2490749207317,-76.1995382443064));
#17839=CARTESIAN_POINT('',(109.659044273431,77.2490749207317,-76.1995382443064));
#17840=CARTESIAN_POINT('',(109.659044273431,77.3014148772756,-76.1383158581775));
#17841=CARTESIAN_POINT('',(68.1590442734314,77.2490749207317,-76.1995382443064));
#17842=CARTESIAN_POINT('Origin',(68.1590442734314,74.0000008791685,-80.0000011920929));
#17843=CARTESIAN_POINT('Origin',(109.659044273431,74.0000008791685,-80.0000011920929));
#17844=CARTESIAN_POINT('Origin',(68.1590442734314,80.8408341851843,-85.8483344669066));
#17845=CARTESIAN_POINT('',(109.659044273431,80.8408341851843,-85.8483344669066));
#17846=CARTESIAN_POINT('',(109.659044273431,79.273307685801,-84.5082320297614));
#17847=CARTESIAN_POINT('',(68.1590442734314,80.8408341851843,-85.8483344669066));
#17848=CARTESIAN_POINT('Origin',(68.1590442734314,74.0000008791685,-80.0000011920929));
#17849=CARTESIAN_POINT('Origin',(109.659044273431,74.0000008791685,-80.0000011920929));
#17850=CARTESIAN_POINT('Origin',(109.659044273431,74.9241670769911,-74.000001649062));
#17851=CARTESIAN_POINT('Origin',(109.659044273431,75.2847711293321,-86.0000007351238));
#17852=CARTESIAN_POINT('Origin',(68.1590442734314,0.,-91.2972750587204));
#17853=CARTESIAN_POINT('Origin',(70.6590442734314,65.,-57.4213736691861));
#17854=CARTESIAN_POINT('',(71.5340442734314,65.,-57.4213736691861));
#17855=CARTESIAN_POINT('Origin',(70.6590442734314,65.,-57.4213736691861));
#17856=CARTESIAN_POINT('',(71.5340442734314,59.,-57.4213736691861));
#17857=CARTESIAN_POINT('',(71.5340442734314,65.,-57.4213736691861));
#17858=CARTESIAN_POINT('Origin',(70.6590442734314,59.,-57.4213736691861));
#17859=CARTESIAN_POINT('Origin',(70.6590442734314,59.,-57.4213736691861));
#17860=CARTESIAN_POINT('Origin',(168.753111978156,65.,-57.4213736691861));
#17861=CARTESIAN_POINT('',(169.628111978156,65.,-57.4213736691861));
#17862=CARTESIAN_POINT('Origin',(168.753111978156,65.,-57.4213736691861));
#17863=CARTESIAN_POINT('',(169.628111978156,59.,-57.4213736691861));
#17864=CARTESIAN_POINT('',(169.628111978156,65.,-57.4213736691861));
#17865=CARTESIAN_POINT('Origin',(168.753111978156,59.,-57.4213736691861));
#17866=CARTESIAN_POINT('Origin',(168.753111978156,59.,-57.4213736691861));
#17867=CARTESIAN_POINT('Origin',(70.6590442734314,65.,-88.7972750587204));
#17868=CARTESIAN_POINT('',(71.5340442734314,65.,-88.7972750587204));
#17869=CARTESIAN_POINT('Origin',(70.6590442734314,65.,-88.7972750587204));
#17870=CARTESIAN_POINT('',(71.5340442734314,59.,-88.7972750587204));
#17871=CARTESIAN_POINT('',(71.5340442734314,65.,-88.7972750587204));
#17872=CARTESIAN_POINT('Origin',(70.6590442734314,59.,-88.7972750587204));
#17873=CARTESIAN_POINT('Origin',(70.6590442734314,59.,-88.7972750587204));
#17874=CARTESIAN_POINT('Origin',(168.753111978156,65.,-88.7972750587204));
#17875=CARTESIAN_POINT('',(169.628111978156,65.,-88.7972750587204));
#17876=CARTESIAN_POINT('Origin',(168.753111978156,65.,-88.7972750587204));
#17877=CARTESIAN_POINT('',(169.628111978156,59.,-88.7972750587204));
#17878=CARTESIAN_POINT('',(169.628111978156,65.,-88.7972750587204));
#17879=CARTESIAN_POINT('Origin',(168.753111978156,59.,-88.7972750587204));
#17880=CARTESIAN_POINT('Origin',(168.753111978156,59.,-88.7972750587204));
#17881=CARTESIAN_POINT('Origin',(119.706078125794,65.,-31.2972750587204));
#17882=CARTESIAN_POINT('',(68.1590442734314,65.,-54.9213736691861));
#17883=CARTESIAN_POINT('',(68.1590442734314,65.,-91.2972750587204));
#17884=CARTESIAN_POINT('',(68.1590442734314,65.,-61.2972750587204));
#17885=CARTESIAN_POINT('',(171.253111978156,65.,-54.9213736691861));
#17886=CARTESIAN_POINT('',(93.9325611996125,65.,-54.9213736691861));
#17887=CARTESIAN_POINT('',(171.253111978156,65.,-91.2972750587204));
#17888=CARTESIAN_POINT('',(171.253111978156,65.,-1.29727505872042));
#17889=CARTESIAN_POINT('',(145.479595051975,65.,-91.2972750587204));
#17890=CARTESIAN_POINT('',(74.6545000277801,65.,-85.6093243639533));
#17891=CARTESIAN_POINT('',(74.6545000277801,65.,-60.6093243639533));
#17892=CARTESIAN_POINT('',(74.6545000277801,65.,-66.8593243639533));
#17893=CARTESIAN_POINT('',(164.757656223807,65.,-85.6093243639533));
#17894=CARTESIAN_POINT('',(97.1802890767868,65.,-85.6093243639533));
#17895=CARTESIAN_POINT('',(164.757656223807,65.,-60.6093243639533));
#17896=CARTESIAN_POINT('',(164.757656223807,65.,-79.3593243639533));
#17897=CARTESIAN_POINT('',(142.2318671748,65.,-60.6093243639533));
#17898=CARTESIAN_POINT('Origin',(171.253111978156,0.,28.7027249412796));
#17899=CARTESIAN_POINT('',(171.253111978156,20.,-54.9213736691861));
#17900=CARTESIAN_POINT('',(171.253111978156,25.,-54.9213736691861));
#17901=CARTESIAN_POINT('',(171.253111978156,20.,28.7027249412796));
#17902=CARTESIAN_POINT('',(171.253111978156,20.,-1.29727505872042));
#17903=CARTESIAN_POINT('',(171.253111978156,15.,28.7027249412796));
#17904=CARTESIAN_POINT('',(171.253111978156,0.,28.7027249412796));
#17905=CARTESIAN_POINT('',(171.253111978156,15.,-91.2972750587204));
#17906=CARTESIAN_POINT('',(171.253111978156,15.,-1.29727505872042));
#17907=CARTESIAN_POINT('',(171.253111978156,0.,-91.2972750587204));
#17908=CARTESIAN_POINT('Origin',(166.253111978156,20.,-1.29727505872042));
#17909=CARTESIAN_POINT('',(166.253111978156,25.,20.7784371766833));
#17910=CARTESIAN_POINT('',(166.750002458692,24.9752487224613,22.0000003278256));
#17911=CARTESIAN_POINT('Ctrl Pts',(166.253111978156,25.,20.7784371766833));
#17912=CARTESIAN_POINT('Ctrl Pts',(166.401651488197,25.,20.9308126587652));
#17913=CARTESIAN_POINT('Ctrl Pts',(166.5297336688,24.9930905200468,21.1208681704709));
#17914=CARTESIAN_POINT('Ctrl Pts',(166.705771590744,24.9802821219585,21.5443569292458));
#17915=CARTESIAN_POINT('Ctrl Pts',(166.750002458692,24.9752487224613,21.7794383172524));
#17916=CARTESIAN_POINT('Ctrl Pts',(166.750002458692,24.9752487224613,22.0000003278256));
#17917=CARTESIAN_POINT('',(166.253111978156,25.,23.2215634789678));
#17918=CARTESIAN_POINT('Ctrl Pts',(166.750002458692,24.9752487224613,22.0000003278256));
#17919=CARTESIAN_POINT('Ctrl Pts',(166.750002458692,24.9752487224613,22.2205623383987));
#17920=CARTESIAN_POINT('Ctrl Pts',(166.705771590744,24.9802821219585,22.4556437264054));
#17921=CARTESIAN_POINT('Ctrl Pts',(166.5297336688,24.9930905200468,22.8791324851802));
#17922=CARTESIAN_POINT('Ctrl Pts',(166.401651488197,25.,23.0691879968859));
#17923=CARTESIAN_POINT('Ctrl Pts',(166.253111978156,25.,23.2215634789678));
#17924=CARTESIAN_POINT('',(166.253111978156,25.,23.7027249412796));
#17925=CARTESIAN_POINT('',(166.253111978156,25.,-1.29727505872042));
#17926=CARTESIAN_POINT('Origin',(166.253111978156,20.,23.7027249412796));
#17927=CARTESIAN_POINT('',(166.253111978156,25.,-54.9213736691861));
#17928=CARTESIAN_POINT('Origin',(166.253111978156,20.,-54.9213736691861));
#17929=CARTESIAN_POINT('',(166.253111978156,25.,-1.29727505872042));
#17930=CARTESIAN_POINT('Origin',(93.9325611996125,20.,23.7027249412796));
#17931=CARTESIAN_POINT('',(76.6027107415018,25.,23.7027249412796));
#17932=CARTESIAN_POINT('',(73.3972914936724,25.,23.7027249412796));
#17933=CARTESIAN_POINT('Ctrl Pts',(76.6027107415018,25.,23.7027249412796));
#17934=CARTESIAN_POINT('Ctrl Pts',(76.5145402736739,25.,23.903816033898));
#17935=CARTESIAN_POINT('Ctrl Pts',(76.3867711180696,24.9873719492541,24.0872416561474));
#17936=CARTESIAN_POINT('Ctrl Pts',(76.0855612610247,24.9550072652779,24.3902123043516));
#17937=CARTESIAN_POINT('Ctrl Pts',(75.8886634738574,24.932665547029,24.5256353575036));
#17938=CARTESIAN_POINT('Ctrl Pts',(75.4565024472767,24.8992570076875,24.7055469474159));
#17939=CARTESIAN_POINT('Ctrl Pts',(75.2211553876383,24.889091350499,24.7500003427267));
#17940=CARTESIAN_POINT('Ctrl Pts',(74.7788468475359,24.889091350499,24.7500003427267));
#17941=CARTESIAN_POINT('Ctrl Pts',(74.5434997878975,24.8992570076875,24.7055469474159));
#17942=CARTESIAN_POINT('Ctrl Pts',(74.1113387613169,24.932665547029,24.5256353575036));
#17943=CARTESIAN_POINT('Ctrl Pts',(73.9144409741496,24.9550072652779,24.3902123043516));
#17944=CARTESIAN_POINT('Ctrl Pts',(73.6132311171046,24.9873719492541,24.0872416561474));
#17945=CARTESIAN_POINT('Ctrl Pts',(73.4854619615003,25.,23.903816033898));
#17946=CARTESIAN_POINT('Ctrl Pts',(73.3972914936724,25.,23.7027249412796));
#17947=CARTESIAN_POINT('',(73.1590442734314,25.,23.7027249412796));
#17948=CARTESIAN_POINT('',(93.9325611996125,25.,23.7027249412796));
#17949=CARTESIAN_POINT('',(68.1590442734314,20.,28.7027249412796));
#17950=CARTESIAN_POINT('Origin',(73.1590442734314,20.,23.7027249412796));
#17951=CARTESIAN_POINT('',(93.9325611996125,20.,28.7027249412796));
#17952=CARTESIAN_POINT('',(165.40401841226,25.,23.7027249412796));
#17953=CARTESIAN_POINT('',(93.9325611996125,25.,23.7027249412796));
#17954=CARTESIAN_POINT('',(164.595986505123,25.,23.7027249412796));
#17955=CARTESIAN_POINT('Ctrl Pts',(165.40401841226,25.,23.7027249412796));
#17956=CARTESIAN_POINT('Ctrl Pts',(165.268975597492,25.,23.7347673814665));
#17957=CARTESIAN_POINT('Ctrl Pts',(165.1317979717,24.9997764987874,23.7500003278256));
#17958=CARTESIAN_POINT('Ctrl Pts',(164.868206945684,24.9997764987874,23.7500003278256));
#17959=CARTESIAN_POINT('Ctrl Pts',(164.731029319892,25.,23.7347673814665));
#17960=CARTESIAN_POINT('Ctrl Pts',(164.595986505123,25.,23.7027249412796));
#17961=CARTESIAN_POINT('',(93.9325611996125,25.,23.7027249412796));
#17962=CARTESIAN_POINT('Origin',(73.1590442734314,20.,-61.2972750587204));
#17963=CARTESIAN_POINT('',(73.1590442734314,25.,-54.9213736691861));
#17964=CARTESIAN_POINT('',(73.1590442734314,25.,-61.2972750587204));
#17965=CARTESIAN_POINT('',(68.1590442734314,20.,-54.9213736691861));
#17966=CARTESIAN_POINT('Origin',(73.1590442734314,20.,-54.9213736691861));
#17967=CARTESIAN_POINT('',(68.1590442734314,20.,-61.2972750587204));
#17968=CARTESIAN_POINT('Origin',(165.000002458692,25.,22.0000003278256));
#17969=CARTESIAN_POINT('Origin',(165.000002458692,25.,22.0000003278256));
#17970=CARTESIAN_POINT('Origin',(165.000002458692,25.,22.0000003278256));
#17971=CARTESIAN_POINT('',(166.750002458692,15.,22.0000003278256));
#17972=CARTESIAN_POINT('',(166.750002458692,25.,22.0000003278256));
#17973=CARTESIAN_POINT('Origin',(165.000002458692,15.,22.0000003278256));
#17974=CARTESIAN_POINT('Origin',(119.706078125794,25.,-31.2972750587204));
#17975=CARTESIAN_POINT('',(162.484650408076,25.,-54.9213736691861));
#17976=CARTESIAN_POINT('',(93.9325611996125,25.,-54.9213736691861));
#17977=CARTESIAN_POINT('',(76.9275058435112,25.,-54.9213736691861));
#17978=CARTESIAN_POINT('',(171.253111978156,25.,-54.9213736691861));
#17979=CARTESIAN_POINT('',(93.9325611996125,25.,-54.9213736691861));
#17980=CARTESIAN_POINT('',(76.7500011175871,25.,23.0000003427267));
#17981=CARTESIAN_POINT('Origin',(75.0000011175871,25.,23.0000003427267));
#17982=CARTESIAN_POINT('Origin',(75.0000011175871,25.,23.0000003427267));
#17983=CARTESIAN_POINT('',(150.,25.,15.));
#17984=CARTESIAN_POINT('',(85.,25.,15.));
#17985=CARTESIAN_POINT('',(150.,25.,15.));
#17986=CARTESIAN_POINT('',(85.,25.,-50.));
#17987=CARTESIAN_POINT('',(85.,25.,15.));
#17988=CARTESIAN_POINT('',(150.,25.,-50.));
#17989=CARTESIAN_POINT('',(85.,25.,-50.));
#17990=CARTESIAN_POINT('',(150.,25.,-50.));
#17991=CARTESIAN_POINT('Origin',(68.1590442734314,0.,28.7027249412796));
#17992=CARTESIAN_POINT('',(68.1590442734314,15.,28.7027249412796));
#17993=CARTESIAN_POINT('',(68.1590442734314,0.,28.7027249412796));
#17994=CARTESIAN_POINT('',(93.9325611996125,15.,28.7027249412796));
#17995=CARTESIAN_POINT('Origin',(68.1590442734314,0.,-91.2972750587204));
#17996=CARTESIAN_POINT('',(68.1590442734314,15.,-60.857864376269));
#17997=CARTESIAN_POINT('',(68.1590442734314,15.,-89.142135623731));
#17998=CARTESIAN_POINT('Origin',(68.1590442734314,20.,-75.));
#17999=CARTESIAN_POINT('',(68.1590442734314,15.,-61.2972750587204));
#18000=CARTESIAN_POINT('',(68.1590442734314,25.,-54.9213736691861));
#18001=CARTESIAN_POINT('',(68.1590442734314,15.,-91.2972750587204));
#18002=CARTESIAN_POINT('',(68.1590442734314,0.,-91.2972750587204));
#18003=CARTESIAN_POINT('',(68.1590442734314,15.,-61.2972750587204));
#18004=CARTESIAN_POINT('Origin',(100.,25.,-91.2972750587204));
#18005=CARTESIAN_POINT('',(108.,25.,-91.2972750587204));
#18006=CARTESIAN_POINT('Origin',(100.,25.,-91.2972750587204));
#18007=CARTESIAN_POINT('',(108.,25.,-85.6093243639533));
#18008=CARTESIAN_POINT('',(108.,25.,-91.2972750587204));
#18009=CARTESIAN_POINT('Origin',(100.,25.,-85.6093243639533));
#18010=CARTESIAN_POINT('Origin',(75.0000011175871,25.,23.0000003427267));
#18011=CARTESIAN_POINT('',(76.7500011175871,15.,23.0000003427267));
#18012=CARTESIAN_POINT('',(76.7500011175871,25.,23.0000003427267));
#18013=CARTESIAN_POINT('Origin',(75.0000011175871,15.,23.0000003427267));
#18014=CARTESIAN_POINT('Origin',(162.484650408076,0.,19.3643265139089));
#18015=CARTESIAN_POINT('',(162.484650408076,15.,19.3643265139089));
#18016=CARTESIAN_POINT('',(76.9275058435112,15.,19.3643265139089));
#18017=CARTESIAN_POINT('',(141.095364266935,15.,19.3643265139089));
#18018=CARTESIAN_POINT('',(76.9275058435112,20.,19.3643265139089));
#18019=CARTESIAN_POINT('',(76.9275058435112,0.,19.3643265139089));
#18020=CARTESIAN_POINT('',(162.484650408076,20.,19.3643265139089));
#18021=CARTESIAN_POINT('',(141.095364266935,20.,19.3643265139089));
#18022=CARTESIAN_POINT('',(162.484650408076,0.,19.3643265139089));
#18023=CARTESIAN_POINT('Origin',(76.9275058435112,0.,19.3643265139089));
#18024=CARTESIAN_POINT('',(76.9275058435112,15.,-60.6093243639533));
#18025=CARTESIAN_POINT('',(76.9275058435112,15.,-5.96647427240578));
#18026=CARTESIAN_POINT('',(76.9275058435112,25.,-60.6093243639533));
#18027=CARTESIAN_POINT('',(76.9275058435112,35.,-60.6093243639533));
#18028=CARTESIAN_POINT('',(76.9275058435112,25.,-65.8747177140298));
#18029=CARTESIAN_POINT('',(76.9275058435112,20.,-54.9213736691861));
#18030=CARTESIAN_POINT('',(76.9275058435112,12.5,-54.9213736691861));
#18031=CARTESIAN_POINT('',(76.9275058435112,20.,3.1275010749778));
#18032=CARTESIAN_POINT('Origin',(74.6545000277801,70.,-60.6093243639533));
#18033=CARTESIAN_POINT('',(74.6545000277801,15.,-60.6093243639533));
#18034=CARTESIAN_POINT('',(74.6545000277801,15.,-85.6093243639533));
#18035=CARTESIAN_POINT('',(74.6545000277801,15.,-45.9532997113369));
#18036=CARTESIAN_POINT('',(74.6545000277801,70.,-85.6093243639533));
#18037=CARTESIAN_POINT('',(74.6545000277801,70.,-60.6093243639533));
#18038=CARTESIAN_POINT('Origin',(171.253111978156,0.,-91.2972750587204));
#18039=CARTESIAN_POINT('',(145.,15.,-91.2972750587204));
#18040=CARTESIAN_POINT('',(145.479595051975,15.,-91.2972750587204));
#18041=CARTESIAN_POINT('',(145.,25.,-91.2972750587204));
#18042=CARTESIAN_POINT('',(145.,7.5,-91.2972750587204));
#18043=CARTESIAN_POINT('',(130.,25.,-91.2972750587204));
#18044=CARTESIAN_POINT('',(158.126555989078,25.,-91.2972750587204));
#18045=CARTESIAN_POINT('',(130.,15.,-91.2972750587204));
#18046=CARTESIAN_POINT('',(130.,12.5,-91.2972750587204));
#18047=CARTESIAN_POINT('',(145.479595051975,15.,-91.2972750587204));
#18048=CARTESIAN_POINT('Origin',(145.,15.,-91.2972750587204));
#18049=CARTESIAN_POINT('',(145.,25.,-85.6093243639533));
#18050=CARTESIAN_POINT('',(145.,15.,-85.6093243639533));
#18051=CARTESIAN_POINT('',(145.,42.5,-85.6093243639533));
#18052=CARTESIAN_POINT('',(145.,25.,-91.2972750587204));
#18053=CARTESIAN_POINT('',(145.,15.,-91.2972750587204));
#18054=CARTESIAN_POINT('Origin',(130.,25.,-91.2972750587204));
#18055=CARTESIAN_POINT('',(130.,15.,-85.6093243639533));
#18056=CARTESIAN_POINT('',(130.,25.,-85.6093243639533));
#18057=CARTESIAN_POINT('',(130.,47.5,-85.6093243639533));
#18058=CARTESIAN_POINT('',(130.,15.,-91.2972750587204));
#18059=CARTESIAN_POINT('',(130.,25.,-91.2972750587204));
#18060=CARTESIAN_POINT('Origin',(145.,25.,-91.2972750587204));
#18061=CARTESIAN_POINT('',(109.82725001389,25.,-85.6093243639533));
#18062=CARTESIAN_POINT('Origin',(154.706078125794,40.,-54.9213736691861));
#18063=CARTESIAN_POINT('',(84.7060781257936,40.,-60.6093243639533));
#18064=CARTESIAN_POINT('',(154.706078125794,40.,-60.6093243639533));
#18065=CARTESIAN_POINT('',(159.7318671748,40.,-60.6093243639533));
#18066=CARTESIAN_POINT('',(84.7060781257936,40.,-54.9213736691861));
#18067=CARTESIAN_POINT('',(84.7060781257936,40.,-54.9213736691861));
#18068=CARTESIAN_POINT('',(154.706078125794,40.,-54.9213736691861));
#18069=CARTESIAN_POINT('',(111.432561199612,40.,-54.9213736691861));
#18070=CARTESIAN_POINT('',(154.706078125794,40.,-54.9213736691861));
#18071=CARTESIAN_POINT('Origin',(154.706078125794,60.,-54.9213736691861));
#18072=CARTESIAN_POINT('',(154.706078125794,60.,-60.6093243639533));
#18073=CARTESIAN_POINT('',(154.706078125794,65.,-60.6093243639533));
#18074=CARTESIAN_POINT('',(154.706078125794,60.,-54.9213736691861));
#18075=CARTESIAN_POINT('',(154.706078125794,42.5,-54.9213736691861));
#18076=CARTESIAN_POINT('',(154.706078125794,60.,-54.9213736691861));
#18077=CARTESIAN_POINT('Origin',(84.7060781257936,60.,-54.9213736691861));
#18078=CARTESIAN_POINT('',(84.7060781257936,60.,-60.6093243639533));
#18079=CARTESIAN_POINT('',(124.7318671748,60.,-60.6093243639533));
#18080=CARTESIAN_POINT('',(84.7060781257936,60.,-54.9213736691861));
#18081=CARTESIAN_POINT('',(76.4325611996125,60.,-54.9213736691861));
#18082=CARTESIAN_POINT('',(84.7060781257936,60.,-54.9213736691861));
#18083=CARTESIAN_POINT('Origin',(84.7060781257936,40.,-54.9213736691861));
#18084=CARTESIAN_POINT('',(84.7060781257936,55.,-60.6093243639533));
#18085=CARTESIAN_POINT('',(84.7060781257936,32.5,-54.9213736691861));
#18086=CARTESIAN_POINT('Origin',(164.757656223807,70.,-60.6093243639533));
#18087=CARTESIAN_POINT('',(164.757656223807,15.,-60.6093243639533));
#18088=CARTESIAN_POINT('',(162.484650408076,15.,-60.6093243639533));
#18089=CARTESIAN_POINT('',(142.2318671748,15.,-60.6093243639533));
#18090=CARTESIAN_POINT('',(162.484650408076,25.,-60.6093243639533));
#18091=CARTESIAN_POINT('',(162.484650408076,35.,-60.6093243639533));
#18092=CARTESIAN_POINT('',(142.2318671748,25.,-60.6093243639533));
#18093=CARTESIAN_POINT('',(142.2318671748,15.,-60.6093243639533));
#18094=CARTESIAN_POINT('',(164.757656223807,70.,-60.6093243639533));
#18095=CARTESIAN_POINT('Origin',(164.757656223807,70.,-85.6093243639533));
#18096=CARTESIAN_POINT('',(164.757656223807,15.,-85.6093243639533));
#18097=CARTESIAN_POINT('',(164.757656223807,15.,-58.4532997113369));
#18098=CARTESIAN_POINT('',(164.757656223807,70.,-85.6093243639533));
#18099=CARTESIAN_POINT('Origin',(74.6545000277801,70.,-85.6093243639533));
#18100=CARTESIAN_POINT('',(97.1802890767868,15.,-85.6093243639533));
#18101=CARTESIAN_POINT('',(97.1802890767868,15.,-85.6093243639533));
#18102=CARTESIAN_POINT('Origin',(68.1590442734314,25.,-54.9213736691861));
#18103=CARTESIAN_POINT('',(171.253111978156,25.,-54.9213736691861));
#18104=CARTESIAN_POINT('Origin',(119.706078125794,25.,-73.1093243639533));
#18105=CARTESIAN_POINT('',(162.484650408076,25.,-81.9588766313497));
#18106=CARTESIAN_POINT('Origin',(119.706078125794,25.,-31.2972750587204));
#18107=CARTESIAN_POINT('Origin',(85.,25.,-50.));
#18108=CARTESIAN_POINT('',(85.,20.,15.));
#18109=CARTESIAN_POINT('',(85.,25.,15.));
#18110=CARTESIAN_POINT('',(85.,20.,-50.));
#18111=CARTESIAN_POINT('',(85.,20.,15.));
#18112=CARTESIAN_POINT('',(85.,25.,-50.));
#18113=CARTESIAN_POINT('Origin',(150.,25.,-50.));
#18114=CARTESIAN_POINT('',(150.,20.,-50.));
#18115=CARTESIAN_POINT('',(85.,20.,-50.));
#18116=CARTESIAN_POINT('',(150.,25.,-50.));
#18117=CARTESIAN_POINT('Origin',(150.,25.,15.));
#18118=CARTESIAN_POINT('',(150.,20.,15.));
#18119=CARTESIAN_POINT('',(150.,20.,-50.));
#18120=CARTESIAN_POINT('',(150.,25.,15.));
#18121=CARTESIAN_POINT('Origin',(85.,25.,15.));
#18122=CARTESIAN_POINT('',(150.,20.,15.));
#18123=CARTESIAN_POINT('Origin',(68.1590442734314,25.,-54.9213736691861));
#18124=CARTESIAN_POINT('',(162.484650408076,20.,-54.9213736691861));
#18125=CARTESIAN_POINT('',(162.484650408076,12.5,-54.9213736691861));
#18126=CARTESIAN_POINT('',(171.253111978156,20.,-54.9213736691861));
#18127=CARTESIAN_POINT('Origin',(119.706078125794,20.,-13.1093243639533));
#18128=CARTESIAN_POINT('',(162.484650408076,20.,-47.5341004976515));
#18129=CARTESIAN_POINT('Origin',(162.484650408076,0.,-81.9588766313497));
#18130=CARTESIAN_POINT('',(162.484650408076,15.,-56.6280758450351));
#18131=CARTESIAN_POINT('Origin',(68.1590442734314,15.,-89.142135623731));
#18132=CARTESIAN_POINT('',(28.1590442734314,15.,-60.857864376269));
#18133=CARTESIAN_POINT('',(68.1590442734314,15.,-60.857864376269));
#18134=CARTESIAN_POINT('',(28.1590442734314,15.,-89.142135623731));
#18135=CARTESIAN_POINT('',(28.1590442734314,15.,-91.2972750587204));
#18136=CARTESIAN_POINT('',(68.1590442734314,15.,-89.142135623731));
#18137=CARTESIAN_POINT('Origin',(68.1590442734314,20.,-75.));
#18138=CARTESIAN_POINT('Origin',(28.1590442734314,20.,-75.));
#18139=CARTESIAN_POINT('Origin',(28.1590442734314,25.,-75.));
#18140=CARTESIAN_POINT('',(144.,15.0000000000002,-26.9049999999998));
#18141=CARTESIAN_POINT('',(111.5,15.0000000000003,-56.6049999999998));
#18142=CARTESIAN_POINT('',(94.5,15.0000000000003,-52.3649999999998));
#18143=CARTESIAN_POINT('',(1.84912848921748E-15,13.4050000000004,-103.405));
#18144=CARTESIAN_POINT('',(117.92,15.0000000000002,-36.4049999999998));
#18145=CARTESIAN_POINT('',(118.,15.0000000000001,1.59500000000026));
#18146=CARTESIAN_POINT('',(117.92,15.0000000000002,-17.4049999999998));
#18147=CARTESIAN_POINT('',(98.92,15.0000000000002,-17.4049999999998));
#18148=CARTESIAN_POINT('',(124.5,15.0000000000001,-7.90499999999979));
#18149=CARTESIAN_POINT('',(106.,15.0000000000002,-26.9049999999998));
#18150=CARTESIAN_POINT('',(136.92,15.0000000000002,-17.4049999999998));
#18151=CARTESIAN_POINT('',(137.,15.0000000000002,-36.4049999999998));
#18152=CARTESIAN_POINT('',(125.,15.0000000000001,11.0950000000002));
#18153=CARTESIAN_POINT('',(98.92,15.0000000000001,1.59500000000026));
#18154=CARTESIAN_POINT('',(105.81,15.0000000000001,11.0950000000003));
#18155=CARTESIAN_POINT('',(144.5,15.0000000000001,-7.90499999999979));
#18156=CARTESIAN_POINT('',(125.,15.0000000000002,-26.9049999999998));
#18157=CARTESIAN_POINT('',(106.,15.0000000000001,-7.90499999999979));
#18158=CARTESIAN_POINT('',(144.,15.0000000000001,11.0950000000002));
#18159=CARTESIAN_POINT('',(98.92,15.0000000000002,-36.4049999999998));
#18160=CARTESIAN_POINT('',(137.,15.0000000000001,1.59500000000026));
#18161=UNCERTAINTY_MEASURE_WITH_UNIT(LENGTH_MEASURE(0.01),#18237,
'DISTANCE_ACCURACY_VALUE',
'Maximum model space distance between geometric entities at asserted c
onnectivities');
#18162=UNCERTAINTY_MEASURE_WITH_UNIT(LENGTH_MEASURE(0.01),#18237,
'DISTANCE_ACCURACY_VALUE',
'Maximum model space distance between geometric entities at asserted c
onnectivities');
#18163=UNCERTAINTY_MEASURE_WITH_UNIT(LENGTH_MEASURE(0.01),#18237,
'DISTANCE_ACCURACY_VALUE',
'Maximum model space distance between geometric entities at asserted c
onnectivities');
#18164=UNCERTAINTY_MEASURE_WITH_UNIT(LENGTH_MEASURE(0.01),#18237,
'DISTANCE_ACCURACY_VALUE',
'Maximum model space distance between geometric entities at asserted c
onnectivities');
#18165=UNCERTAINTY_MEASURE_WITH_UNIT(LENGTH_MEASURE(0.01),#18237,
'DISTANCE_ACCURACY_VALUE',
'Maximum model space distance between geometric entities at asserted c
onnectivities');
#18166=UNCERTAINTY_MEASURE_WITH_UNIT(LENGTH_MEASURE(0.01),#18237,
'DISTANCE_ACCURACY_VALUE',
'Maximum model space distance between geometric entities at asserted c
onnectivities');
#18167=UNCERTAINTY_MEASURE_WITH_UNIT(LENGTH_MEASURE(0.01),#18237,
'DISTANCE_ACCURACY_VALUE',
'Maximum model space distance between geometric entities at asserted c
onnectivities');
#18168=UNCERTAINTY_MEASURE_WITH_UNIT(LENGTH_MEASURE(0.01),#18237,
'DISTANCE_ACCURACY_VALUE',
'Maximum model space distance between geometric entities at asserted c
onnectivities');
#18169=UNCERTAINTY_MEASURE_WITH_UNIT(LENGTH_MEASURE(0.01),#18237,
'DISTANCE_ACCURACY_VALUE',
'Maximum model space distance between geometric entities at asserted c
onnectivities');
#18170=UNCERTAINTY_MEASURE_WITH_UNIT(LENGTH_MEASURE(0.01),#18237,
'DISTANCE_ACCURACY_VALUE',
'Maximum model space distance between geometric entities at asserted c
onnectivities');
#18171=UNCERTAINTY_MEASURE_WITH_UNIT(LENGTH_MEASURE(0.01),#18237,
'DISTANCE_ACCURACY_VALUE',
'Maximum model space distance between geometric entities at asserted c
onnectivities');
#18172=UNCERTAINTY_MEASURE_WITH_UNIT(LENGTH_MEASURE(0.01),#18237,
'DISTANCE_ACCURACY_VALUE',
'Maximum model space distance between geometric entities at asserted c
onnectivities');
#18173=UNCERTAINTY_MEASURE_WITH_UNIT(LENGTH_MEASURE(0.01),#18237,
'DISTANCE_ACCURACY_VALUE',
'Maximum model space distance between geometric entities at asserted c
onnectivities');
#18174=UNCERTAINTY_MEASURE_WITH_UNIT(LENGTH_MEASURE(0.01),#18237,
'DISTANCE_ACCURACY_VALUE',
'Maximum model space distance between geometric entities at asserted c
onnectivities');
#18175=UNCERTAINTY_MEASURE_WITH_UNIT(LENGTH_MEASURE(0.01),#18237,
'DISTANCE_ACCURACY_VALUE',
'Maximum model space distance between geometric entities at asserted c
onnectivities');
#18176=UNCERTAINTY_MEASURE_WITH_UNIT(LENGTH_MEASURE(0.01),#18237,
'DISTANCE_ACCURACY_VALUE',
'Maximum model space distance between geometric entities at asserted c
onnectivities');
#18177=UNCERTAINTY_MEASURE_WITH_UNIT(LENGTH_MEASURE(0.01),#18237,
'DISTANCE_ACCURACY_VALUE',
'Maximum model space distance between geometric entities at asserted c
onnectivities');
#18178=UNCERTAINTY_MEASURE_WITH_UNIT(LENGTH_MEASURE(0.01),#18237,
'DISTANCE_ACCURACY_VALUE',
'Maximum model space distance between geometric entities at asserted c
onnectivities');
#18179=UNCERTAINTY_MEASURE_WITH_UNIT(LENGTH_MEASURE(0.01),#18237,
'DISTANCE_ACCURACY_VALUE',
'Maximum model space distance between geometric entities at asserted c
onnectivities');
#18180=UNCERTAINTY_MEASURE_WITH_UNIT(LENGTH_MEASURE(0.01),#18237,
'DISTANCE_ACCURACY_VALUE',
'Maximum model space distance between geometric entities at asserted c
onnectivities');
#18181=UNCERTAINTY_MEASURE_WITH_UNIT(LENGTH_MEASURE(0.01),#18237,
'DISTANCE_ACCURACY_VALUE',
'Maximum model space distance between geometric entities at asserted c
onnectivities');
#18182=UNCERTAINTY_MEASURE_WITH_UNIT(LENGTH_MEASURE(0.01),#18237,
'DISTANCE_ACCURACY_VALUE',
'Maximum model space distance between geometric entities at asserted c
onnectivities');
#18183=UNCERTAINTY_MEASURE_WITH_UNIT(LENGTH_MEASURE(0.01),#18237,
'DISTANCE_ACCURACY_VALUE',
'Maximum model space distance between geometric entities at asserted c
onnectivities');
#18184=UNCERTAINTY_MEASURE_WITH_UNIT(LENGTH_MEASURE(0.01),#18237,
'DISTANCE_ACCURACY_VALUE',
'Maximum model space distance between geometric entities at asserted c
onnectivities');
#18185=UNCERTAINTY_MEASURE_WITH_UNIT(LENGTH_MEASURE(0.01),#18237,
'DISTANCE_ACCURACY_VALUE',
'Maximum model space distance between geometric entities at asserted c
onnectivities');
#18186=UNCERTAINTY_MEASURE_WITH_UNIT(LENGTH_MEASURE(0.01),#18237,
'DISTANCE_ACCURACY_VALUE',
'Maximum model space distance between geometric entities at asserted c
onnectivities');
#18187=UNCERTAINTY_MEASURE_WITH_UNIT(LENGTH_MEASURE(0.01),#18237,
'DISTANCE_ACCURACY_VALUE',
'Maximum model space distance between geometric entities at asserted c
onnectivities');
#18188=UNCERTAINTY_MEASURE_WITH_UNIT(LENGTH_MEASURE(0.01),#18237,
'DISTANCE_ACCURACY_VALUE',
'Maximum model space distance between geometric entities at asserted c
onnectivities');
#18189=UNCERTAINTY_MEASURE_WITH_UNIT(LENGTH_MEASURE(0.01),#18237,
'DISTANCE_ACCURACY_VALUE',
'Maximum model space distance between geometric entities at asserted c
onnectivities');
#18190=UNCERTAINTY_MEASURE_WITH_UNIT(LENGTH_MEASURE(0.01),#18237,
'DISTANCE_ACCURACY_VALUE',
'Maximum model space distance between geometric entities at asserted c
onnectivities');
#18191=UNCERTAINTY_MEASURE_WITH_UNIT(LENGTH_MEASURE(0.01),#18237,
'DISTANCE_ACCURACY_VALUE',
'Maximum model space distance between geometric entities at asserted c
onnectivities');
#18192=UNCERTAINTY_MEASURE_WITH_UNIT(LENGTH_MEASURE(0.01),#18237,
'DISTANCE_ACCURACY_VALUE',
'Maximum model space distance between geometric entities at asserted c
onnectivities');
#18193=UNCERTAINTY_MEASURE_WITH_UNIT(LENGTH_MEASURE(0.01),#18237,
'DISTANCE_ACCURACY_VALUE',
'Maximum model space distance between geometric entities at asserted c
onnectivities');
#18194=UNCERTAINTY_MEASURE_WITH_UNIT(LENGTH_MEASURE(0.01),#18237,
'DISTANCE_ACCURACY_VALUE',
'Maximum model space distance between geometric entities at asserted c
onnectivities');
#18195=UNCERTAINTY_MEASURE_WITH_UNIT(LENGTH_MEASURE(0.01),#18237,
'DISTANCE_ACCURACY_VALUE',
'Maximum model space distance between geometric entities at asserted c
onnectivities');
#18196=UNCERTAINTY_MEASURE_WITH_UNIT(LENGTH_MEASURE(0.01),#18237,
'DISTANCE_ACCURACY_VALUE',
'Maximum model space distance between geometric entities at asserted c
onnectivities');
#18197=UNCERTAINTY_MEASURE_WITH_UNIT(LENGTH_MEASURE(0.01),#18237,
'DISTANCE_ACCURACY_VALUE',
'Maximum model space distance between geometric entities at asserted c
onnectivities');
#18198=UNCERTAINTY_MEASURE_WITH_UNIT(LENGTH_MEASURE(0.01),#18237,
'DISTANCE_ACCURACY_VALUE',
'Maximum model space distance between geometric entities at asserted c
onnectivities');
#18199=(
GEOMETRIC_REPRESENTATION_CONTEXT(3)
GLOBAL_UNCERTAINTY_ASSIGNED_CONTEXT((#18161))
GLOBAL_UNIT_ASSIGNED_CONTEXT((#18237,#18239,#18240))
REPRESENTATION_CONTEXT('','3D')
);
#18200=(
GEOMETRIC_REPRESENTATION_CONTEXT(3)
GLOBAL_UNCERTAINTY_ASSIGNED_CONTEXT((#18162))
GLOBAL_UNIT_ASSIGNED_CONTEXT((#18237,#18239,#18240))
REPRESENTATION_CONTEXT('','3D')
);
#18201=(
GEOMETRIC_REPRESENTATION_CONTEXT(3)
GLOBAL_UNCERTAINTY_ASSIGNED_CONTEXT((#18163))
GLOBAL_UNIT_ASSIGNED_CONTEXT((#18237,#18239,#18240))
REPRESENTATION_CONTEXT('','3D')
);
#18202=(
GEOMETRIC_REPRESENTATION_CONTEXT(3)
GLOBAL_UNCERTAINTY_ASSIGNED_CONTEXT((#18164))
GLOBAL_UNIT_ASSIGNED_CONTEXT((#18237,#18239,#18240))
REPRESENTATION_CONTEXT('','3D')
);
#18203=(
GEOMETRIC_REPRESENTATION_CONTEXT(3)
GLOBAL_UNCERTAINTY_ASSIGNED_CONTEXT((#18165))
GLOBAL_UNIT_ASSIGNED_CONTEXT((#18237,#18239,#18240))
REPRESENTATION_CONTEXT('','3D')
);
#18204=(
GEOMETRIC_REPRESENTATION_CONTEXT(3)
GLOBAL_UNCERTAINTY_ASSIGNED_CONTEXT((#18166))
GLOBAL_UNIT_ASSIGNED_CONTEXT((#18237,#18239,#18240))
REPRESENTATION_CONTEXT('','3D')
);
#18205=(
GEOMETRIC_REPRESENTATION_CONTEXT(3)
GLOBAL_UNCERTAINTY_ASSIGNED_CONTEXT((#18167))
GLOBAL_UNIT_ASSIGNED_CONTEXT((#18237,#18239,#18240))
REPRESENTATION_CONTEXT('','3D')
);
#18206=(
GEOMETRIC_REPRESENTATION_CONTEXT(3)
GLOBAL_UNCERTAINTY_ASSIGNED_CONTEXT((#18168))
GLOBAL_UNIT_ASSIGNED_CONTEXT((#18237,#18239,#18240))
REPRESENTATION_CONTEXT('','3D')
);
#18207=(
GEOMETRIC_REPRESENTATION_CONTEXT(3)
GLOBAL_UNCERTAINTY_ASSIGNED_CONTEXT((#18169))
GLOBAL_UNIT_ASSIGNED_CONTEXT((#18237,#18239,#18240))
REPRESENTATION_CONTEXT('','3D')
);
#18208=(
GEOMETRIC_REPRESENTATION_CONTEXT(3)
GLOBAL_UNCERTAINTY_ASSIGNED_CONTEXT((#18170))
GLOBAL_UNIT_ASSIGNED_CONTEXT((#18237,#18239,#18240))
REPRESENTATION_CONTEXT('','3D')
);
#18209=(
GEOMETRIC_REPRESENTATION_CONTEXT(3)
GLOBAL_UNCERTAINTY_ASSIGNED_CONTEXT((#18171))
GLOBAL_UNIT_ASSIGNED_CONTEXT((#18237,#18239,#18240))
REPRESENTATION_CONTEXT('','3D')
);
#18210=(
GEOMETRIC_REPRESENTATION_CONTEXT(3)
GLOBAL_UNCERTAINTY_ASSIGNED_CONTEXT((#18172))
GLOBAL_UNIT_ASSIGNED_CONTEXT((#18237,#18239,#18240))
REPRESENTATION_CONTEXT('','3D')
);
#18211=(
GEOMETRIC_REPRESENTATION_CONTEXT(3)
GLOBAL_UNCERTAINTY_ASSIGNED_CONTEXT((#18173))
GLOBAL_UNIT_ASSIGNED_CONTEXT((#18237,#18239,#18240))
REPRESENTATION_CONTEXT('','3D')
);
#18212=(
GEOMETRIC_REPRESENTATION_CONTEXT(3)
GLOBAL_UNCERTAINTY_ASSIGNED_CONTEXT((#18174))
GLOBAL_UNIT_ASSIGNED_CONTEXT((#18237,#18239,#18240))
REPRESENTATION_CONTEXT('','3D')
);
#18213=(
GEOMETRIC_REPRESENTATION_CONTEXT(3)
GLOBAL_UNCERTAINTY_ASSIGNED_CONTEXT((#18175))
GLOBAL_UNIT_ASSIGNED_CONTEXT((#18237,#18239,#18240))
REPRESENTATION_CONTEXT('','3D')
);
#18214=(
GEOMETRIC_REPRESENTATION_CONTEXT(3)
GLOBAL_UNCERTAINTY_ASSIGNED_CONTEXT((#18176))
GLOBAL_UNIT_ASSIGNED_CONTEXT((#18237,#18239,#18240))
REPRESENTATION_CONTEXT('','3D')
);
#18215=(
GEOMETRIC_REPRESENTATION_CONTEXT(3)
GLOBAL_UNCERTAINTY_ASSIGNED_CONTEXT((#18177))
GLOBAL_UNIT_ASSIGNED_CONTEXT((#18237,#18239,#18240))
REPRESENTATION_CONTEXT('','3D')
);
#18216=(
GEOMETRIC_REPRESENTATION_CONTEXT(3)
GLOBAL_UNCERTAINTY_ASSIGNED_CONTEXT((#18178))
GLOBAL_UNIT_ASSIGNED_CONTEXT((#18237,#18239,#18240))
REPRESENTATION_CONTEXT('','3D')
);
#18217=(
GEOMETRIC_REPRESENTATION_CONTEXT(3)
GLOBAL_UNCERTAINTY_ASSIGNED_CONTEXT((#18179))
GLOBAL_UNIT_ASSIGNED_CONTEXT((#18237,#18239,#18240))
REPRESENTATION_CONTEXT('','3D')
);
#18218=(
GEOMETRIC_REPRESENTATION_CONTEXT(3)
GLOBAL_UNCERTAINTY_ASSIGNED_CONTEXT((#18180))
GLOBAL_UNIT_ASSIGNED_CONTEXT((#18237,#18239,#18240))
REPRESENTATION_CONTEXT('','3D')
);
#18219=(
GEOMETRIC_REPRESENTATION_CONTEXT(3)
GLOBAL_UNCERTAINTY_ASSIGNED_CONTEXT((#18181))
GLOBAL_UNIT_ASSIGNED_CONTEXT((#18237,#18239,#18240))
REPRESENTATION_CONTEXT('','3D')
);
#18220=(
GEOMETRIC_REPRESENTATION_CONTEXT(3)
GLOBAL_UNCERTAINTY_ASSIGNED_CONTEXT((#18182))
GLOBAL_UNIT_ASSIGNED_CONTEXT((#18237,#18239,#18240))
REPRESENTATION_CONTEXT('','3D')
);
#18221=(
GEOMETRIC_REPRESENTATION_CONTEXT(3)
GLOBAL_UNCERTAINTY_ASSIGNED_CONTEXT((#18183))
GLOBAL_UNIT_ASSIGNED_CONTEXT((#18237,#18239,#18240))
REPRESENTATION_CONTEXT('','3D')
);
#18222=(
GEOMETRIC_REPRESENTATION_CONTEXT(3)
GLOBAL_UNCERTAINTY_ASSIGNED_CONTEXT((#18184))
GLOBAL_UNIT_ASSIGNED_CONTEXT((#18237,#18239,#18240))
REPRESENTATION_CONTEXT('','3D')
);
#18223=(
GEOMETRIC_REPRESENTATION_CONTEXT(3)
GLOBAL_UNCERTAINTY_ASSIGNED_CONTEXT((#18185))
GLOBAL_UNIT_ASSIGNED_CONTEXT((#18237,#18239,#18240))
REPRESENTATION_CONTEXT('','3D')
);
#18224=(
GEOMETRIC_REPRESENTATION_CONTEXT(3)
GLOBAL_UNCERTAINTY_ASSIGNED_CONTEXT((#18186))
GLOBAL_UNIT_ASSIGNED_CONTEXT((#18237,#18239,#18240))
REPRESENTATION_CONTEXT('','3D')
);
#18225=(
GEOMETRIC_REPRESENTATION_CONTEXT(3)
GLOBAL_UNCERTAINTY_ASSIGNED_CONTEXT((#18187))
GLOBAL_UNIT_ASSIGNED_CONTEXT((#18237,#18239,#18240))
REPRESENTATION_CONTEXT('','3D')
);
#18226=(
GEOMETRIC_REPRESENTATION_CONTEXT(3)
GLOBAL_UNCERTAINTY_ASSIGNED_CONTEXT((#18188))
GLOBAL_UNIT_ASSIGNED_CONTEXT((#18237,#18239,#18240))
REPRESENTATION_CONTEXT('','3D')
);
#18227=(
GEOMETRIC_REPRESENTATION_CONTEXT(3)
GLOBAL_UNCERTAINTY_ASSIGNED_CONTEXT((#18189))
GLOBAL_UNIT_ASSIGNED_CONTEXT((#18237,#18239,#18240))
REPRESENTATION_CONTEXT('','3D')
);
#18228=(
GEOMETRIC_REPRESENTATION_CONTEXT(3)
GLOBAL_UNCERTAINTY_ASSIGNED_CONTEXT((#18190))
GLOBAL_UNIT_ASSIGNED_CONTEXT((#18237,#18239,#18240))
REPRESENTATION_CONTEXT('','3D')
);
#18229=(
GEOMETRIC_REPRESENTATION_CONTEXT(3)
GLOBAL_UNCERTAINTY_ASSIGNED_CONTEXT((#18191))
GLOBAL_UNIT_ASSIGNED_CONTEXT((#18237,#18239,#18240))
REPRESENTATION_CONTEXT('','3D')
);
#18230=(
GEOMETRIC_REPRESENTATION_CONTEXT(3)
GLOBAL_UNCERTAINTY_ASSIGNED_CONTEXT((#18192))
GLOBAL_UNIT_ASSIGNED_CONTEXT((#18237,#18239,#18240))
REPRESENTATION_CONTEXT('','3D')
);
#18231=(
GEOMETRIC_REPRESENTATION_CONTEXT(3)
GLOBAL_UNCERTAINTY_ASSIGNED_CONTEXT((#18193))
GLOBAL_UNIT_ASSIGNED_CONTEXT((#18237,#18239,#18240))
REPRESENTATION_CONTEXT('','3D')
);
#18232=(
GEOMETRIC_REPRESENTATION_CONTEXT(3)
GLOBAL_UNCERTAINTY_ASSIGNED_CONTEXT((#18194))
GLOBAL_UNIT_ASSIGNED_CONTEXT((#18237,#18239,#18240))
REPRESENTATION_CONTEXT('','3D')
);
#18233=(
GEOMETRIC_REPRESENTATION_CONTEXT(3)
GLOBAL_UNCERTAINTY_ASSIGNED_CONTEXT((#18195))
GLOBAL_UNIT_ASSIGNED_CONTEXT((#18237,#18239,#18240))
REPRESENTATION_CONTEXT('','3D')
);
#18234=(
GEOMETRIC_REPRESENTATION_CONTEXT(3)
GLOBAL_UNCERTAINTY_ASSIGNED_CONTEXT((#18196))
GLOBAL_UNIT_ASSIGNED_CONTEXT((#18237,#18239,#18240))
REPRESENTATION_CONTEXT('','3D')
);
#18235=(
GEOMETRIC_REPRESENTATION_CONTEXT(3)
GLOBAL_UNCERTAINTY_ASSIGNED_CONTEXT((#18197))
GLOBAL_UNIT_ASSIGNED_CONTEXT((#18237,#18239,#18240))
REPRESENTATION_CONTEXT('','3D')
);
#18236=(
GEOMETRIC_REPRESENTATION_CONTEXT(3)
GLOBAL_UNCERTAINTY_ASSIGNED_CONTEXT((#18198))
GLOBAL_UNIT_ASSIGNED_CONTEXT((#18237,#18239,#18240))
REPRESENTATION_CONTEXT('','3D')
);
#18237=(
LENGTH_UNIT()
NAMED_UNIT(*)
SI_UNIT(.MILLI.,.METRE.)
);
#18238=(
LENGTH_UNIT()
NAMED_UNIT(*)
SI_UNIT($,.METRE.)
);
#18239=(
NAMED_UNIT(*)
PLANE_ANGLE_UNIT()
SI_UNIT($,.RADIAN.)
);
#18240=(
NAMED_UNIT(*)
SI_UNIT($,.STERADIAN.)
SOLID_ANGLE_UNIT()
);
#18241=SHAPE_DEFINITION_REPRESENTATION(#18278,#18383);
#18242=SHAPE_DEFINITION_REPRESENTATION(#18279,#18384);
#18243=SHAPE_DEFINITION_REPRESENTATION(#18280,#18385);
#18244=SHAPE_DEFINITION_REPRESENTATION(#18281,#18386);
#18245=SHAPE_DEFINITION_REPRESENTATION(#18283,#18387);
#18246=SHAPE_DEFINITION_REPRESENTATION(#18284,#18388);
#18247=SHAPE_DEFINITION_REPRESENTATION(#18286,#18389);
#18248=SHAPE_DEFINITION_REPRESENTATION(#18287,#18390);
#18249=SHAPE_DEFINITION_REPRESENTATION(#18288,#18391);
#18250=SHAPE_DEFINITION_REPRESENTATION(#18289,#18392);
#18251=SHAPE_DEFINITION_REPRESENTATION(#18290,#18393);
#18252=SHAPE_DEFINITION_REPRESENTATION(#18291,#18394);
#18253=SHAPE_DEFINITION_REPRESENTATION(#18292,#18395);
#18254=SHAPE_DEFINITION_REPRESENTATION(#18293,#18396);
#18255=SHAPE_DEFINITION_REPRESENTATION(#18294,#18397);
#18256=SHAPE_DEFINITION_REPRESENTATION(#18295,#18398);
#18257=SHAPE_DEFINITION_REPRESENTATION(#18296,#18399);
#18258=SHAPE_DEFINITION_REPRESENTATION(#18297,#18400);
#18259=SHAPE_DEFINITION_REPRESENTATION(#18298,#18401);
#18260=SHAPE_DEFINITION_REPRESENTATION(#18299,#18402);
#18261=SHAPE_DEFINITION_REPRESENTATION(#18300,#18403);
#18262=SHAPE_DEFINITION_REPRESENTATION(#18301,#18404);
#18263=SHAPE_DEFINITION_REPRESENTATION(#18302,#18405);
#18264=SHAPE_DEFINITION_REPRESENTATION(#18303,#18406);
#18265=SHAPE_DEFINITION_REPRESENTATION(#18304,#18407);
#18266=SHAPE_DEFINITION_REPRESENTATION(#18305,#18408);
#18267=SHAPE_DEFINITION_REPRESENTATION(#18306,#18409);
#18268=SHAPE_DEFINITION_REPRESENTATION(#18307,#18410);
#18269=SHAPE_DEFINITION_REPRESENTATION(#18308,#18411);
#18270=SHAPE_DEFINITION_REPRESENTATION(#18309,#18412);
#18271=SHAPE_DEFINITION_REPRESENTATION(#18319,#18413);
#18272=SHAPE_DEFINITION_REPRESENTATION(#18320,#18414);
#18273=SHAPE_DEFINITION_REPRESENTATION(#18321,#18415);
#18274=SHAPE_DEFINITION_REPRESENTATION(#18322,#18416);
#18275=SHAPE_DEFINITION_REPRESENTATION(#18323,#18417);
#18276=SHAPE_DEFINITION_REPRESENTATION(#18324,#18418);
#18277=SHAPE_DEFINITION_REPRESENTATION(#18325,#18419);
#18278=PRODUCT_DEFINITION_SHAPE('',$,#18421);
#18279=PRODUCT_DEFINITION_SHAPE('',$,#18422);
#18280=PRODUCT_DEFINITION_SHAPE('',$,#18423);
#18281=PRODUCT_DEFINITION_SHAPE('',$,#18424);
#18282=PRODUCT_DEFINITION_SHAPE($,$,#222);
#18283=PRODUCT_DEFINITION_SHAPE('',$,#18425);
#18284=PRODUCT_DEFINITION_SHAPE('',$,#18426);
#18285=PRODUCT_DEFINITION_SHAPE($,$,#223);
#18286=PRODUCT_DEFINITION_SHAPE('',$,#18427);
#18287=PRODUCT_DEFINITION_SHAPE('',$,#18428);
#18288=PRODUCT_DEFINITION_SHAPE('',$,#18429);
#18289=PRODUCT_DEFINITION_SHAPE('',$,#18430);
#18290=PRODUCT_DEFINITION_SHAPE('',$,#18431);
#18291=PRODUCT_DEFINITION_SHAPE('',$,#18432);
#18292=PRODUCT_DEFINITION_SHAPE('',$,#18433);
#18293=PRODUCT_DEFINITION_SHAPE('',$,#18434);
#18294=PRODUCT_DEFINITION_SHAPE('',$,#18435);
#18295=PRODUCT_DEFINITION_SHAPE('',$,#18436);
#18296=PRODUCT_DEFINITION_SHAPE('',$,#18437);
#18297=PRODUCT_DEFINITION_SHAPE('',$,#18438);
#18298=PRODUCT_DEFINITION_SHAPE('',$,#18439);
#18299=PRODUCT_DEFINITION_SHAPE('',$,#18440);
#18300=PRODUCT_DEFINITION_SHAPE('',$,#18441);
#18301=PRODUCT_DEFINITION_SHAPE('',$,#18442);
#18302=PRODUCT_DEFINITION_SHAPE('',$,#18443);
#18303=PRODUCT_DEFINITION_SHAPE('',$,#18444);
#18304=PRODUCT_DEFINITION_SHAPE('',$,#18445);
#18305=PRODUCT_DEFINITION_SHAPE('',$,#18446);
#18306=PRODUCT_DEFINITION_SHAPE('',$,#18447);
#18307=PRODUCT_DEFINITION_SHAPE('',$,#18448);
#18308=PRODUCT_DEFINITION_SHAPE('',$,#18449);
#18309=PRODUCT_DEFINITION_SHAPE('',$,#18450);
#18310=PRODUCT_DEFINITION_SHAPE($,$,#224);
#18311=PRODUCT_DEFINITION_SHAPE($,$,#225);
#18312=PRODUCT_DEFINITION_SHAPE($,$,#226);
#18313=PRODUCT_DEFINITION_SHAPE($,$,#227);
#18314=PRODUCT_DEFINITION_SHAPE($,$,#228);
#18315=PRODUCT_DEFINITION_SHAPE($,$,#229);
#18316=PRODUCT_DEFINITION_SHAPE($,$,#230);
#18317=PRODUCT_DEFINITION_SHAPE($,$,#231);
#18318=PRODUCT_DEFINITION_SHAPE($,$,#232);
#18319=PRODUCT_DEFINITION_SHAPE('',$,#18451);
#18320=PRODUCT_DEFINITION_SHAPE('',$,#18452);
#18321=PRODUCT_DEFINITION_SHAPE('',$,#18453);
#18322=PRODUCT_DEFINITION_SHAPE('',$,#18454);
#18323=PRODUCT_DEFINITION_SHAPE('',$,#18455);
#18324=PRODUCT_DEFINITION_SHAPE('',$,#18456);
#18325=PRODUCT_DEFINITION_SHAPE('',$,#18457);
#18326=PRODUCT_DEFINITION_SHAPE($,$,#233);
#18327=PRODUCT_DEFINITION_SHAPE($,$,#234);
#18328=PRODUCT_DEFINITION_SHAPE($,$,#235);
#18329=PRODUCT_DEFINITION_SHAPE($,$,#236);
#18330=PRODUCT_DEFINITION_SHAPE($,$,#237);
#18331=PRODUCT_DEFINITION_SHAPE($,$,#238);
#18332=PRODUCT_DEFINITION_SHAPE($,$,#239);
#18333=PRODUCT_DEFINITION_SHAPE($,$,#240);
#18334=PRODUCT_DEFINITION_SHAPE($,$,#241);
#18335=PRODUCT_DEFINITION_SHAPE($,$,#242);
#18336=PRODUCT_DEFINITION_SHAPE($,$,#243);
#18337=PRODUCT_DEFINITION_SHAPE($,$,#244);
#18338=PRODUCT_DEFINITION_SHAPE($,$,#245);
#18339=PRODUCT_DEFINITION_SHAPE($,$,#246);
#18340=PRODUCT_DEFINITION_SHAPE($,$,#247);
#18341=PRODUCT_DEFINITION_SHAPE($,$,#248);
#18342=PRODUCT_DEFINITION_SHAPE($,$,#249);
#18343=PRODUCT_DEFINITION_SHAPE($,$,#250);
#18344=PRODUCT_DEFINITION_SHAPE($,$,#251);
#18345=PRODUCT_DEFINITION_SHAPE($,$,#252);
#18346=PRODUCT_DEFINITION_SHAPE($,$,#253);
#18347=PRODUCT_DEFINITION_SHAPE($,$,#254);
#18348=PRODUCT_DEFINITION_SHAPE($,$,#255);
#18349=PRODUCT_DEFINITION_SHAPE($,$,#256);
#18350=PRODUCT_DEFINITION_SHAPE($,$,#257);
#18351=PRODUCT_DEFINITION_SHAPE($,$,#258);
#18352=PRODUCT_DEFINITION_SHAPE($,$,#259);
#18353=PRODUCT_DEFINITION_SHAPE($,$,#260);
#18354=PRODUCT_DEFINITION_SHAPE($,$,#261);
#18355=PRODUCT_DEFINITION_SHAPE($,$,#262);
#18356=PRODUCT_DEFINITION_SHAPE($,$,#263);
#18357=PRODUCT_DEFINITION_SHAPE($,$,#264);
#18358=PRODUCT_DEFINITION_SHAPE($,$,#265);
#18359=PRODUCT_DEFINITION_SHAPE($,$,#266);
#18360=PRODUCT_DEFINITION_SHAPE($,$,#267);
#18361=PRODUCT_DEFINITION_SHAPE($,$,#268);
#18362=PRODUCT_DEFINITION_SHAPE($,$,#269);
#18363=PRODUCT_DEFINITION_SHAPE($,$,#270);
#18364=PRODUCT_DEFINITION_SHAPE($,$,#271);
#18365=PRODUCT_DEFINITION_SHAPE($,$,#272);
#18366=PRODUCT_DEFINITION_SHAPE($,$,#273);
#18367=PRODUCT_DEFINITION_SHAPE($,$,#274);
#18368=PRODUCT_DEFINITION_SHAPE($,$,#275);
#18369=PRODUCT_DEFINITION_SHAPE($,$,#276);
#18370=PRODUCT_DEFINITION_SHAPE($,$,#277);
#18371=PRODUCT_DEFINITION_SHAPE($,$,#278);
#18372=PRODUCT_DEFINITION_SHAPE($,$,#279);
#18373=PRODUCT_DEFINITION_SHAPE($,$,#280);
#18374=PRODUCT_DEFINITION_SHAPE($,$,#281);
#18375=PRODUCT_DEFINITION_SHAPE($,$,#282);
#18376=PRODUCT_DEFINITION_SHAPE($,$,#283);
#18377=PRODUCT_DEFINITION_SHAPE($,$,#284);
#18378=PRODUCT_DEFINITION_SHAPE($,$,#285);
#18379=PRODUCT_DEFINITION_SHAPE($,$,#286);
#18380=PRODUCT_DEFINITION_SHAPE($,$,#287);
#18381=PRODUCT_DEFINITION_SHAPE($,$,#288);
#18382=PRODUCT_DEFINITION_SHAPE($,$,#289);
#18383=SHAPE_REPRESENTATION('',(#11003,#11947,#11948,#11949,#11950,#11951,
#11952,#11953,#11954,#11955,#11956,#11957,#11958,#11959,#11960,#11961,#11962,
#11963,#11964,#11965,#11966,#11967),#18199);
#18384=SHAPE_REPRESENTATION('',(#11004,#11499),#18200);
#18385=SHAPE_REPRESENTATION('',(#11005,#11028),#18201);
#18386=SHAPE_REPRESENTATION('',(#11006),#18202);
#18387=SHAPE_REPRESENTATION('',(#11029,#11145),#18203);
#18388=SHAPE_REPRESENTATION('',(#11030),#18204);
#18389=SHAPE_REPRESENTATION('',(#11146),#18205);
#18390=SHAPE_REPRESENTATION('',(#11438,#11715),#18206);
#18391=SHAPE_REPRESENTATION('',(#11439,#11712,#11713,#11714),#18207);
#18392=SHAPE_REPRESENTATION('',(#11440,#11719),#18208);
#18393=SHAPE_REPRESENTATION('',(#11441,#11716,#11717,#11718),#18209);
#18394=SHAPE_REPRESENTATION('',(#11442,#11723),#18210);
#18395=SHAPE_REPRESENTATION('',(#11443,#11720,#11721,#11722),#18211);
#18396=SHAPE_REPRESENTATION('',(#11444,#11727),#18212);
#18397=SHAPE_REPRESENTATION('',(#11445,#11724,#11725,#11726),#18213);
#18398=SHAPE_REPRESENTATION('',(#11446,#11500),#18214);
#18399=SHAPE_REPRESENTATION('',(#11447,#11501),#18215);
#18400=SHAPE_REPRESENTATION('',(#11448,#11731),#18216);
#18401=SHAPE_REPRESENTATION('',(#11449,#11728,#11729,#11730),#18217);
#18402=SHAPE_REPRESENTATION('',(#11450,#11735),#18218);
#18403=SHAPE_REPRESENTATION('',(#11451,#11732,#11733,#11734),#18219);
#18404=SHAPE_REPRESENTATION('',(#11452,#11502),#18220);
#18405=SHAPE_REPRESENTATION('',(#11453,#11739),#18221);
#18406=SHAPE_REPRESENTATION('',(#11454,#11736,#11737,#11738),#18222);
#18407=SHAPE_REPRESENTATION('',(#11455,#11503),#18223);
#18408=SHAPE_REPRESENTATION('',(#11456,#11504),#18224);
#18409=SHAPE_REPRESENTATION('',(#11457,#11505),#18225);
#18410=SHAPE_REPRESENTATION('',(#11458,#11506),#18226);
#18411=SHAPE_REPRESENTATION('',(#11459,#11507),#18227);
#18412=SHAPE_REPRESENTATION('',(#11460),#18228);
#18413=SHAPE_REPRESENTATION('',(#11508,#11743),#18229);
#18414=SHAPE_REPRESENTATION('',(#11509,#11740,#11741,#11742),#18230);
#18415=SHAPE_REPRESENTATION('',(#11510,#11747),#18231);
#18416=SHAPE_REPRESENTATION('',(#11511,#11744,#11745,#11746),#18232);
#18417=SHAPE_REPRESENTATION('',(#11512),#18233);
#18418=SHAPE_REPRESENTATION('',(#11649),#18234);
#18419=SHAPE_REPRESENTATION('',(#11695),#18235);
#18420=PRODUCT_DEFINITION_CONTEXT('part definition',#18533,'design');
#18421=PRODUCT_DEFINITION('yousnoozeyousolve 1','yousnoozeyousolve v5',
#18458,#18420);
#18422=PRODUCT_DEFINITION('D_DO-35_SOD27_P7.62mm_Horizontal',
'D_DO-35_SOD27_P7.62mm_Horizontal (1)',#18459,#18420);
#18423=PRODUCT_DEFINITION('Buzzer_12x9.5RM7.6','Buzzer_12x9.5RM7.6',#18460,
#18420);
#18424=PRODUCT_DEFINITION('Buzzer_12x95RM76','Buzzer_12x95RM76',#18461,
#18420);
#18425=PRODUCT_DEFINITION('PinSocket_1x08_P2.54mm_Vertical',
'PinSocket_1x08_P2.54mm_Vertical (1)',#18462,#18420);
#18426=PRODUCT_DEFINITION('PinSocket_1x08_P2.54mm_Vertical_1',
'PinSocket_1x08_P2.54mm_Vertical',#18463,#18420);
#18427=PRODUCT_DEFINITION('you80E6_PCB','you80E6_PCB',#18464,#18420);
#18428=PRODUCT_DEFINITION('REDragon-MX-ZT02','REDragon-MX-ZT02 (1)',#18465,
#18420);
#18429=PRODUCT_DEFINITION('REDragon-MX-ZT02_1','REDragon-MX-ZT02',#18466,
#18420);
#18430=PRODUCT_DEFINITION('REDragon-MX-ZT02_2','REDragon-MX-ZT02 (1)',#18467,
#18420);
#18431=PRODUCT_DEFINITION('REDragon-MX-ZT02_3','REDragon-MX-ZT02',#18468,
#18420);
#18432=PRODUCT_DEFINITION('REDragon-MX-ZT02_4','REDragon-MX-ZT02 (1)',#18469,
#18420);
#18433=PRODUCT_DEFINITION('REDragon-MX-ZT02_5','REDragon-MX-ZT02',#18470,
#18420);
#18434=PRODUCT_DEFINITION('REDragon-MX-ZT02_6','REDragon-MX-ZT02 (1)',#18471,
#18420);
#18435=PRODUCT_DEFINITION('REDragon-MX-ZT02_7','REDragon-MX-ZT02',#18472,
#18420);
#18436=PRODUCT_DEFINITION('D_DO-35_SOD27_P7.62mm_Horizontal_1',
'D_DO-35_SOD27_P7.62mm_Horizontal (1)',#18473,#18420);
#18437=PRODUCT_DEFINITION('D_DO-35_SOD27_P7.62mm_Horizontal_2',
'D_DO-35_SOD27_P7.62mm_Horizontal (1)',#18474,#18420);
#18438=PRODUCT_DEFINITION('REDragon-MX-ZT02_8','REDragon-MX-ZT02 (1)',#18475,
#18420);
#18439=PRODUCT_DEFINITION('REDragon-MX-ZT02_9','REDragon-MX-ZT02',#18476,
#18420);
#18440=PRODUCT_DEFINITION('REDragon-MX-ZT02_10','REDragon-MX-ZT02 (1)',
#18477,#18420);
#18441=PRODUCT_DEFINITION('REDragon-MX-ZT02_11','REDragon-MX-ZT02',#18478,
#18420);
#18442=PRODUCT_DEFINITION('D_DO-35_SOD27_P7.62mm_Horizontal_3',
'D_DO-35_SOD27_P7.62mm_Horizontal (1)',#18479,#18420);
#18443=PRODUCT_DEFINITION('REDragon-MX-ZT02_12','REDragon-MX-ZT02 (1)',
#18480,#18420);
#18444=PRODUCT_DEFINITION('REDragon-MX-ZT02_13','REDragon-MX-ZT02',#18481,
#18420);
#18445=PRODUCT_DEFINITION('D_DO-35_SOD27_P7.62mm_Horizontal_4',
'D_DO-35_SOD27_P7.62mm_Horizontal (1)',#18482,#18420);
#18446=PRODUCT_DEFINITION('D_DO-35_SOD27_P7.62mm_Horizontal_5',
'D_DO-35_SOD27_P7.62mm_Horizontal (1)',#18483,#18420);
#18447=PRODUCT_DEFINITION('D_DO-35_SOD27_P7.62mm_Horizontal_6',
'D_DO-35_SOD27_P7.62mm_Horizontal (1)',#18484,#18420);
#18448=PRODUCT_DEFINITION('D_DO-35_SOD27_P7.62mm_Horizontal_7',
'D_DO-35_SOD27_P7.62mm_Horizontal (1)',#18485,#18420);
#18449=PRODUCT_DEFINITION('D_DO-35_SOD27_P7.62mm_Horizontal_8',
'D_DO-35_SOD27_P7.62mm_Horizontal (1)',#18486,#18420);
#18450=PRODUCT_DEFINITION('D_DO-35_SOD27_P7.62mm_Horizontal_9',
'D_DO-35_SOD27_P7.62mm_Horizontal',#18487,#18420);
#18451=PRODUCT_DEFINITION('REDragon-MX-ZT02_14','REDragon-MX-ZT02 (1)',
#18488,#18420);
#18452=PRODUCT_DEFINITION('REDragon-MX-ZT02_15','REDragon-MX-ZT02',#18489,
#18420);
#18453=PRODUCT_DEFINITION('REDragon-MX-ZT02_16','REDragon-MX-ZT02 (1)',
#18490,#18420);
#18454=PRODUCT_DEFINITION('REDragon-MX-ZT02_17','REDragon-MX-ZT02',#18491,
#18420);
#18455=PRODUCT_DEFINITION('Body','Body',#18492,#18420);
#18456=PRODUCT_DEFINITION('Button','Button',#18493,#18420);
#18457=PRODUCT_DEFINITION('Pins','Pins',#18494,#18420);
#18458=PRODUCT_DEFINITION_FORMATION('',$,#18535);
#18459=PRODUCT_DEFINITION_FORMATION('',$,#18536);
#18460=PRODUCT_DEFINITION_FORMATION('',$,#18537);
#18461=PRODUCT_DEFINITION_FORMATION('',$,#18538);
#18462=PRODUCT_DEFINITION_FORMATION('',$,#18539);
#18463=PRODUCT_DEFINITION_FORMATION('',$,#18540);
#18464=PRODUCT_DEFINITION_FORMATION('',$,#18541);
#18465=PRODUCT_DEFINITION_FORMATION('',$,#18542);
#18466=PRODUCT_DEFINITION_FORMATION('',$,#18543);
#18467=PRODUCT_DEFINITION_FORMATION('',$,#18544);
#18468=PRODUCT_DEFINITION_FORMATION('',$,#18545);
#18469=PRODUCT_DEFINITION_FORMATION('',$,#18546);
#18470=PRODUCT_DEFINITION_FORMATION('',$,#18547);
#18471=PRODUCT_DEFINITION_FORMATION('',$,#18548);
#18472=PRODUCT_DEFINITION_FORMATION('',$,#18549);
#18473=PRODUCT_DEFINITION_FORMATION('',$,#18550);
#18474=PRODUCT_DEFINITION_FORMATION('',$,#18551);
#18475=PRODUCT_DEFINITION_FORMATION('',$,#18552);
#18476=PRODUCT_DEFINITION_FORMATION('',$,#18553);
#18477=PRODUCT_DEFINITION_FORMATION('',$,#18554);
#18478=PRODUCT_DEFINITION_FORMATION('',$,#18555);
#18479=PRODUCT_DEFINITION_FORMATION('',$,#18556);
#18480=PRODUCT_DEFINITION_FORMATION('',$,#18557);
#18481=PRODUCT_DEFINITION_FORMATION('',$,#18558);
#18482=PRODUCT_DEFINITION_FORMATION('',$,#18559);
#18483=PRODUCT_DEFINITION_FORMATION('',$,#18560);
#18484=PRODUCT_DEFINITION_FORMATION('',$,#18561);
#18485=PRODUCT_DEFINITION_FORMATION('',$,#18562);
#18486=PRODUCT_DEFINITION_FORMATION('',$,#18563);
#18487=PRODUCT_DEFINITION_FORMATION('',$,#18564);
#18488=PRODUCT_DEFINITION_FORMATION('',$,#18565);
#18489=PRODUCT_DEFINITION_FORMATION('',$,#18566);
#18490=PRODUCT_DEFINITION_FORMATION('',$,#18567);
#18491=PRODUCT_DEFINITION_FORMATION('',$,#18568);
#18492=PRODUCT_DEFINITION_FORMATION('',$,#18569);
#18493=PRODUCT_DEFINITION_FORMATION('',$,#18570);
#18494=PRODUCT_DEFINITION_FORMATION('',$,#18571);
#18495=PRODUCT_RELATED_PRODUCT_CATEGORY('yousnoozeyousolve v5',
'yousnoozeyousolve v5',(#18535));
#18496=PRODUCT_RELATED_PRODUCT_CATEGORY(
'D_DO-35_SOD27_P7.62mm_Horizontal (1)',
'D_DO-35_SOD27_P7.62mm_Horizontal (1)',(#18536));
#18497=PRODUCT_RELATED_PRODUCT_CATEGORY('Buzzer_12x9.5RM7.6',
'Buzzer_12x9.5RM7.6',(#18537));
#18498=PRODUCT_RELATED_PRODUCT_CATEGORY('Buzzer_12x95RM76',
'Buzzer_12x95RM76',(#18538));
#18499=PRODUCT_RELATED_PRODUCT_CATEGORY(
'PinSocket_1x08_P2.54mm_Vertical (1)',
'PinSocket_1x08_P2.54mm_Vertical (1)',(#18539));
#18500=PRODUCT_RELATED_PRODUCT_CATEGORY(
'PinSocket_1x08_P2.54mm_Vertical','PinSocket_1x08_P2.54mm_Vertical',(#18540));
#18501=PRODUCT_RELATED_PRODUCT_CATEGORY('you80E6_PCB','you80E6_PCB',(#18541));
#18502=PRODUCT_RELATED_PRODUCT_CATEGORY('REDragon-MX-ZT02 (1)',
'REDragon-MX-ZT02 (1)',(#18542));
#18503=PRODUCT_RELATED_PRODUCT_CATEGORY('REDragon-MX-ZT02',
'REDragon-MX-ZT02',(#18543));
#18504=PRODUCT_RELATED_PRODUCT_CATEGORY('REDragon-MX-ZT02 (1)',
'REDragon-MX-ZT02 (1)',(#18544));
#18505=PRODUCT_RELATED_PRODUCT_CATEGORY('REDragon-MX-ZT02',
'REDragon-MX-ZT02',(#18545));
#18506=PRODUCT_RELATED_PRODUCT_CATEGORY('REDragon-MX-ZT02 (1)',
'REDragon-MX-ZT02 (1)',(#18546));
#18507=PRODUCT_RELATED_PRODUCT_CATEGORY('REDragon-MX-ZT02',
'REDragon-MX-ZT02',(#18547));
#18508=PRODUCT_RELATED_PRODUCT_CATEGORY('REDragon-MX-ZT02 (1)',
'REDragon-MX-ZT02 (1)',(#18548));
#18509=PRODUCT_RELATED_PRODUCT_CATEGORY('REDragon-MX-ZT02',
'REDragon-MX-ZT02',(#18549));
#18510=PRODUCT_RELATED_PRODUCT_CATEGORY(
'D_DO-35_SOD27_P7.62mm_Horizontal (1)',
'D_DO-35_SOD27_P7.62mm_Horizontal (1)',(#18550));
#18511=PRODUCT_RELATED_PRODUCT_CATEGORY(
'D_DO-35_SOD27_P7.62mm_Horizontal (1)',
'D_DO-35_SOD27_P7.62mm_Horizontal (1)',(#18551));
#18512=PRODUCT_RELATED_PRODUCT_CATEGORY('REDragon-MX-ZT02 (1)',
'REDragon-MX-ZT02 (1)',(#18552));
#18513=PRODUCT_RELATED_PRODUCT_CATEGORY('REDragon-MX-ZT02',
'REDragon-MX-ZT02',(#18553));
#18514=PRODUCT_RELATED_PRODUCT_CATEGORY('REDragon-MX-ZT02 (1)',
'REDragon-MX-ZT02 (1)',(#18554));
#18515=PRODUCT_RELATED_PRODUCT_CATEGORY('REDragon-MX-ZT02',
'REDragon-MX-ZT02',(#18555));
#18516=PRODUCT_RELATED_PRODUCT_CATEGORY(
'D_DO-35_SOD27_P7.62mm_Horizontal (1)',
'D_DO-35_SOD27_P7.62mm_Horizontal (1)',(#18556));
#18517=PRODUCT_RELATED_PRODUCT_CATEGORY('REDragon-MX-ZT02 (1)',
'REDragon-MX-ZT02 (1)',(#18557));
#18518=PRODUCT_RELATED_PRODUCT_CATEGORY('REDragon-MX-ZT02',
'REDragon-MX-ZT02',(#18558));
#18519=PRODUCT_RELATED_PRODUCT_CATEGORY(
'D_DO-35_SOD27_P7.62mm_Horizontal (1)',
'D_DO-35_SOD27_P7.62mm_Horizontal (1)',(#18559));
#18520=PRODUCT_RELATED_PRODUCT_CATEGORY(
'D_DO-35_SOD27_P7.62mm_Horizontal (1)',
'D_DO-35_SOD27_P7.62mm_Horizontal (1)',(#18560));
#18521=PRODUCT_RELATED_PRODUCT_CATEGORY(
'D_DO-35_SOD27_P7.62mm_Horizontal (1)',
'D_DO-35_SOD27_P7.62mm_Horizontal (1)',(#18561));
#18522=PRODUCT_RELATED_PRODUCT_CATEGORY(
'D_DO-35_SOD27_P7.62mm_Horizontal (1)',
'D_DO-35_SOD27_P7.62mm_Horizontal (1)',(#18562));
#18523=PRODUCT_RELATED_PRODUCT_CATEGORY(
'D_DO-35_SOD27_P7.62mm_Horizontal (1)',
'D_DO-35_SOD27_P7.62mm_Horizontal (1)',(#18563));
#18524=PRODUCT_RELATED_PRODUCT_CATEGORY(
'D_DO-35_SOD27_P7.62mm_Horizontal','D_DO-35_SOD27_P7.62mm_Horizontal',(#18564));
#18525=PRODUCT_RELATED_PRODUCT_CATEGORY('REDragon-MX-ZT02 (1)',
'REDragon-MX-ZT02 (1)',(#18565));
#18526=PRODUCT_RELATED_PRODUCT_CATEGORY('REDragon-MX-ZT02',
'REDragon-MX-ZT02',(#18566));
#18527=PRODUCT_RELATED_PRODUCT_CATEGORY('REDragon-MX-ZT02 (1)',
'REDragon-MX-ZT02 (1)',(#18567));
#18528=PRODUCT_RELATED_PRODUCT_CATEGORY('REDragon-MX-ZT02',
'REDragon-MX-ZT02',(#18568));
#18529=PRODUCT_RELATED_PRODUCT_CATEGORY('Body','Body',(#18569));
#18530=PRODUCT_RELATED_PRODUCT_CATEGORY('Button','Button',(#18570));
#18531=PRODUCT_RELATED_PRODUCT_CATEGORY('Pins','Pins',(#18571));
#18532=APPLICATION_PROTOCOL_DEFINITION('international standard',
'automotive_design',2009,#18533);
#18533=APPLICATION_CONTEXT(
'Core Data for Automotive Mechanical Design Process');
#18534=PRODUCT_CONTEXT('part definition',#18533,'mechanical');
#18535=PRODUCT('yousnoozeyousolve 1','yousnoozeyousolve v5',
'KiCad electronic assembly',(#18534));
#18536=PRODUCT('D_DO-35_SOD27_P7.62mm_Horizontal',
'D_DO-35_SOD27_P7.62mm_Horizontal (1)',$,(#18534));
#18537=PRODUCT('Buzzer_12x9.5RM7.6','Buzzer_12x9.5RM7.6',$,(#18534));
#18538=PRODUCT('Buzzer_12x95RM76','Buzzer_12x95RM76',$,(#18534));
#18539=PRODUCT('PinSocket_1x08_P2.54mm_Vertical',
'PinSocket_1x08_P2.54mm_Vertical (1)',$,(#18534));
#18540=PRODUCT('PinSocket_1x08_P2.54mm_Vertical_1',
'PinSocket_1x08_P2.54mm_Vertical',$,(#18534));
#18541=PRODUCT('you80E6_PCB','you80E6_PCB',$,(#18534));
#18542=PRODUCT('REDragon-MX-ZT02','REDragon-MX-ZT02 (1)',$,(#18534));
#18543=PRODUCT('REDragon-MX-ZT02_1','REDragon-MX-ZT02',$,(#18534));
#18544=PRODUCT('REDragon-MX-ZT02_2','REDragon-MX-ZT02 (1)',$,(#18534));
#18545=PRODUCT('REDragon-MX-ZT02_3','REDragon-MX-ZT02',$,(#18534));
#18546=PRODUCT('REDragon-MX-ZT02_4','REDragon-MX-ZT02 (1)',$,(#18534));
#18547=PRODUCT('REDragon-MX-ZT02_5','REDragon-MX-ZT02',$,(#18534));
#18548=PRODUCT('REDragon-MX-ZT02_6','REDragon-MX-ZT02 (1)',$,(#18534));
#18549=PRODUCT('REDragon-MX-ZT02_7','REDragon-MX-ZT02',$,(#18534));
#18550=PRODUCT('D_DO-35_SOD27_P7.62mm_Horizontal_1',
'D_DO-35_SOD27_P7.62mm_Horizontal (1)',$,(#18534));
#18551=PRODUCT('D_DO-35_SOD27_P7.62mm_Horizontal_2',
'D_DO-35_SOD27_P7.62mm_Horizontal (1)',$,(#18534));
#18552=PRODUCT('REDragon-MX-ZT02_8','REDragon-MX-ZT02 (1)',$,(#18534));
#18553=PRODUCT('REDragon-MX-ZT02_9','REDragon-MX-ZT02',$,(#18534));
#18554=PRODUCT('REDragon-MX-ZT02_10','REDragon-MX-ZT02 (1)',$,(#18534));
#18555=PRODUCT('REDragon-MX-ZT02_11','REDragon-MX-ZT02',$,(#18534));
#18556=PRODUCT('D_DO-35_SOD27_P7.62mm_Horizontal_3',
'D_DO-35_SOD27_P7.62mm_Horizontal (1)',$,(#18534));
#18557=PRODUCT('REDragon-MX-ZT02_12','REDragon-MX-ZT02 (1)',$,(#18534));
#18558=PRODUCT('REDragon-MX-ZT02_13','REDragon-MX-ZT02',$,(#18534));
#18559=PRODUCT('D_DO-35_SOD27_P7.62mm_Horizontal_4',
'D_DO-35_SOD27_P7.62mm_Horizontal (1)',$,(#18534));
#18560=PRODUCT('D_DO-35_SOD27_P7.62mm_Horizontal_5',
'D_DO-35_SOD27_P7.62mm_Horizontal (1)',$,(#18534));
#18561=PRODUCT('D_DO-35_SOD27_P7.62mm_Horizontal_6',
'D_DO-35_SOD27_P7.62mm_Horizontal (1)',$,(#18534));
#18562=PRODUCT('D_DO-35_SOD27_P7.62mm_Horizontal_7',
'D_DO-35_SOD27_P7.62mm_Horizontal (1)',$,(#18534));
#18563=PRODUCT('D_DO-35_SOD27_P7.62mm_Horizontal_8',
'D_DO-35_SOD27_P7.62mm_Horizontal (1)',$,(#18534));
#18564=PRODUCT('D_DO-35_SOD27_P7.62mm_Horizontal_9',
'D_DO-35_SOD27_P7.62mm_Horizontal',$,(#18534));
#18565=PRODUCT('REDragon-MX-ZT02_14','REDragon-MX-ZT02 (1)',$,(#18534));
#18566=PRODUCT('REDragon-MX-ZT02_15','REDragon-MX-ZT02',$,(#18534));
#18567=PRODUCT('REDragon-MX-ZT02_16','REDragon-MX-ZT02 (1)',$,(#18534));
#18568=PRODUCT('REDragon-MX-ZT02_17','REDragon-MX-ZT02',$,(#18534));
#18569=PRODUCT('Body','Body',$,(#18534));
#18570=PRODUCT('Button','Button',$,(#18534));
#18571=PRODUCT('Pins','Pins',$,(#18534));
#18572=PRESENTATION_STYLE_ASSIGNMENT((#18585));
#18573=PRESENTATION_STYLE_ASSIGNMENT((#18586));
#18574=PRESENTATION_STYLE_ASSIGNMENT((#18587));
#18575=PRESENTATION_STYLE_ASSIGNMENT((#18588));
#18576=PRESENTATION_STYLE_ASSIGNMENT((#18589));
#18577=PRESENTATION_STYLE_ASSIGNMENT((#18590));
#18578=PRESENTATION_STYLE_ASSIGNMENT((#18591));
#18579=PRESENTATION_STYLE_ASSIGNMENT((#18592));
#18580=PRESENTATION_STYLE_ASSIGNMENT((#18593));
#18581=PRESENTATION_STYLE_ASSIGNMENT((#18594));
#18582=PRESENTATION_STYLE_ASSIGNMENT((#18595));
#18583=PRESENTATION_STYLE_ASSIGNMENT((#18596));
#18584=PRESENTATION_STYLE_ASSIGNMENT((#18597));
#18585=SURFACE_STYLE_USAGE(.BOTH.,#18598);
#18586=SURFACE_STYLE_USAGE(.BOTH.,#18599);
#18587=SURFACE_STYLE_USAGE(.BOTH.,#18600);
#18588=SURFACE_STYLE_USAGE(.BOTH.,#18601);
#18589=SURFACE_STYLE_USAGE(.BOTH.,#18602);
#18590=SURFACE_STYLE_USAGE(.BOTH.,#18603);
#18591=SURFACE_STYLE_USAGE(.BOTH.,#18604);
#18592=SURFACE_STYLE_USAGE(.BOTH.,#18605);
#18593=SURFACE_STYLE_USAGE(.BOTH.,#18606);
#18594=SURFACE_STYLE_USAGE(.BOTH.,#18607);
#18595=SURFACE_STYLE_USAGE(.BOTH.,#18608);
#18596=SURFACE_STYLE_USAGE(.BOTH.,#18609);
#18597=SURFACE_STYLE_USAGE(.BOTH.,#18610);
#18598=SURFACE_SIDE_STYLE('',(#18611));
#18599=SURFACE_SIDE_STYLE('',(#18612));
#18600=SURFACE_SIDE_STYLE('',(#18613));
#18601=SURFACE_SIDE_STYLE('',(#18614));
#18602=SURFACE_SIDE_STYLE('',(#18615));
#18603=SURFACE_SIDE_STYLE('',(#18616));
#18604=SURFACE_SIDE_STYLE('',(#18617));
#18605=SURFACE_SIDE_STYLE('',(#18618));
#18606=SURFACE_SIDE_STYLE('',(#18619));
#18607=SURFACE_SIDE_STYLE('',(#18620));
#18608=SURFACE_SIDE_STYLE('',(#18621));
#18609=SURFACE_SIDE_STYLE('',(#18622));
#18610=SURFACE_SIDE_STYLE('',(#18623));
#18611=SURFACE_STYLE_FILL_AREA(#18624);
#18612=SURFACE_STYLE_FILL_AREA(#18625);
#18613=SURFACE_STYLE_FILL_AREA(#18626);
#18614=SURFACE_STYLE_FILL_AREA(#18627);
#18615=SURFACE_STYLE_FILL_AREA(#18628);
#18616=SURFACE_STYLE_FILL_AREA(#18629);
#18617=SURFACE_STYLE_FILL_AREA(#18630);
#18618=SURFACE_STYLE_FILL_AREA(#18631);
#18619=SURFACE_STYLE_FILL_AREA(#18632);
#18620=SURFACE_STYLE_FILL_AREA(#18633);
#18621=SURFACE_STYLE_FILL_AREA(#18634);
#18622=SURFACE_STYLE_FILL_AREA(#18635);
#18623=SURFACE_STYLE_FILL_AREA(#18636);
#18624=FILL_AREA_STYLE('Steel - Satin',(#18637));
#18625=FILL_AREA_STYLE('Opaque(206,109,38)',(#18638));
#18626=FILL_AREA_STYLE('Opaque(38,37,37)',(#18639));
#18627=FILL_AREA_STYLE('Opaque(210,209,199)',(#18640));
#18628=FILL_AREA_STYLE('Opaque(219,188,126)',(#18641));
#18629=FILL_AREA_STYLE('Opaque(80,124,105)',(#18642));
#18630=FILL_AREA_STYLE('Opaque(178,25,13)',(#18643));
#18631=FILL_AREA_STYLE('Opaque(0,161,191)',(#18644));
#18632=FILL_AREA_STYLE('Opaque(191,191,191)',(#18645));
#18633=FILL_AREA_STYLE('Opaque(63,63,63)',(#18646));
#18634=FILL_AREA_STYLE('Opaque(153,153,153)',(#18647));
#18635=FILL_AREA_STYLE('Opaque(48,135,227)',(#18648));
#18636=FILL_AREA_STYLE('Opaque(191,153,15)',(#18649));
#18637=FILL_AREA_STYLE_COLOUR('Steel - Satin',#18650);
#18638=FILL_AREA_STYLE_COLOUR('Opaque(206,109,38)',#18651);
#18639=FILL_AREA_STYLE_COLOUR('Opaque(38,37,37)',#18652);
#18640=FILL_AREA_STYLE_COLOUR('Opaque(210,209,199)',#18653);
#18641=FILL_AREA_STYLE_COLOUR('Opaque(219,188,126)',#18654);
#18642=FILL_AREA_STYLE_COLOUR('Opaque(80,124,105)',#18655);
#18643=FILL_AREA_STYLE_COLOUR('Opaque(178,25,13)',#18656);
#18644=FILL_AREA_STYLE_COLOUR('Opaque(0,161,191)',#18657);
#18645=FILL_AREA_STYLE_COLOUR('Opaque(191,191,191)',#18658);
#18646=FILL_AREA_STYLE_COLOUR('Opaque(63,63,63)',#18659);
#18647=FILL_AREA_STYLE_COLOUR('Opaque(153,153,153)',#18660);
#18648=FILL_AREA_STYLE_COLOUR('Opaque(48,135,227)',#18661);
#18649=FILL_AREA_STYLE_COLOUR('Opaque(191,153,15)',#18662);
#18650=COLOUR_RGB('Steel - Satin',0.627450980392157,0.627450980392157,0.627450980392157);
#18651=COLOUR_RGB('Opaque(206,109,38)',0.807843137254902,0.427450980392157,
0.149019607843137);
#18652=COLOUR_RGB('Opaque(38,37,37)',0.149019607843137,0.145098039215686,
0.145098039215686);
#18653=COLOUR_RGB('Opaque(210,209,199)',0.823529411764706,0.819607843137255,
0.780392156862745);
#18654=COLOUR_RGB('Opaque(219,188,126)',0.858823529411765,0.737254901960784,
0.494117647058824);
#18655=COLOUR_RGB('Opaque(80,124,105)',0.313725490196078,0.486274509803922,
0.411764705882353);
#18656=COLOUR_RGB('Opaque(178,25,13)',0.698039215686274,0.0980392156862745,
0.0509803921568627);
#18657=COLOUR_RGB('Opaque(0,161,191)',0.,0.631372549019608,0.749019607843137);
#18658=COLOUR_RGB('Opaque(191,191,191)',0.749019607843137,0.749019607843137,
0.749019607843137);
#18659=COLOUR_RGB('Opaque(63,63,63)',0.250980392156863,0.250980392156863,
0.250980392156863);
#18660=COLOUR_RGB('Opaque(153,153,153)',0.6,0.6,0.6);
#18661=COLOUR_RGB('Opaque(48,135,227)',0.188235294117647,0.529411764705882,
0.890196078431372);
#18662=COLOUR_RGB('Opaque(191,153,15)',0.749019607843137,0.6,0.0588235294117647);
ENDSEC;
END-ISO-10303-21;
