solid ASCII
  facet normal -9.914449e-01 0.000000e+00 -1.305262e-01
    outer loop
      vertex   -5.849577e+01 4.400000e+01 -5.719491e+01
      vertex   -5.849577e+01 4.700000e+01 -5.719491e+01
      vertex   -5.846596e+01 4.400000e+01 -5.742137e+01
    endloop
  endfacet
  facet normal -9.914449e-01 0.000000e+00 -1.305262e-01
    outer loop
      vertex   -5.846596e+01 4.400000e+01 -5.742137e+01
      vertex   -5.849577e+01 4.700000e+01 -5.719491e+01
      vertex   -5.846596e+01 4.700000e+01 -5.742137e+01
    endloop
  endfacet
  facet normal -9.914449e-01 0.000000e+00 1.305262e-01
    outer loop
      vertex   -5.846596e+01 4.400000e+01 -5.742137e+01
      vertex   -5.846596e+01 4.700000e+01 -5.742137e+01
      vertex   -5.849577e+01 4.400000e+01 -5.764784e+01
    endloop
  endfacet
  facet normal -9.914449e-01 0.000000e+00 1.305262e-01
    outer loop
      vertex   -5.849577e+01 4.400000e+01 -5.764784e+01
      vertex   -5.846596e+01 4.700000e+01 -5.742137e+01
      vertex   -5.849577e+01 4.700000e+01 -5.764784e+01
    endloop
  endfacet
  facet normal -9.238795e-01 0.000000e+00 3.826834e-01
    outer loop
      vertex   -5.849577e+01 4.400000e+01 -5.764784e+01
      vertex   -5.849577e+01 4.700000e+01 -5.764784e+01
      vertex   -5.858318e+01 4.400000e+01 -5.785887e+01
    endloop
  endfacet
  facet normal -9.238795e-01 0.000000e+00 3.826834e-01
    outer loop
      vertex   -5.858318e+01 4.400000e+01 -5.785887e+01
      vertex   -5.849577e+01 4.700000e+01 -5.764784e+01
      vertex   -5.858318e+01 4.700000e+01 -5.785887e+01
    endloop
  endfacet
  facet normal -7.933533e-01 0.000000e+00 6.087614e-01
    outer loop
      vertex   -5.858318e+01 4.400000e+01 -5.785887e+01
      vertex   -5.858318e+01 4.700000e+01 -5.785887e+01
      vertex   -5.872224e+01 4.400000e+01 -5.804009e+01
    endloop
  endfacet
  facet normal -7.933533e-01 0.000000e+00 6.087614e-01
    outer loop
      vertex   -5.872224e+01 4.400000e+01 -5.804009e+01
      vertex   -5.858318e+01 4.700000e+01 -5.785887e+01
      vertex   -5.872224e+01 4.700000e+01 -5.804009e+01
    endloop
  endfacet
  facet normal -6.087614e-01 0.000000e+00 7.933533e-01
    outer loop
      vertex   -5.872224e+01 4.400000e+01 -5.804009e+01
      vertex   -5.872224e+01 4.700000e+01 -5.804009e+01
      vertex   -5.890346e+01 4.400000e+01 -5.817915e+01
    endloop
  endfacet
  facet normal -6.087614e-01 0.000000e+00 7.933533e-01
    outer loop
      vertex   -5.890346e+01 4.400000e+01 -5.817915e+01
      vertex   -5.872224e+01 4.700000e+01 -5.804009e+01
      vertex   -5.890346e+01 4.700000e+01 -5.817915e+01
    endloop
  endfacet
  facet normal -3.826834e-01 0.000000e+00 9.238795e-01
    outer loop
      vertex   -5.890346e+01 4.400000e+01 -5.817915e+01
      vertex   -5.890346e+01 4.700000e+01 -5.817915e+01
      vertex   -5.911449e+01 4.400000e+01 -5.826656e+01
    endloop
  endfacet
  facet normal -3.826834e-01 0.000000e+00 9.238795e-01
    outer loop
      vertex   -5.911449e+01 4.400000e+01 -5.826656e+01
      vertex   -5.890346e+01 4.700000e+01 -5.817915e+01
      vertex   -5.911449e+01 4.700000e+01 -5.826656e+01
    endloop
  endfacet
  facet normal -1.305262e-01 0.000000e+00 9.914449e-01
    outer loop
      vertex   -5.911449e+01 4.400000e+01 -5.826656e+01
      vertex   -5.911449e+01 4.700000e+01 -5.826656e+01
      vertex   -5.934096e+01 4.400000e+01 -5.829637e+01
    endloop
  endfacet
  facet normal -1.305262e-01 0.000000e+00 9.914449e-01
    outer loop
      vertex   -5.934096e+01 4.400000e+01 -5.829637e+01
      vertex   -5.911449e+01 4.700000e+01 -5.826656e+01
      vertex   -5.934096e+01 4.700000e+01 -5.829637e+01
    endloop
  endfacet
  facet normal 1.305262e-01 -0.000000e+00 9.914449e-01
    outer loop
      vertex   -5.934096e+01 4.400000e+01 -5.829637e+01
      vertex   -5.934096e+01 4.700000e+01 -5.829637e+01
      vertex   -5.956742e+01 4.400000e+01 -5.826656e+01
    endloop
  endfacet
  facet normal 1.305262e-01 -0.000000e+00 9.914449e-01
    outer loop
      vertex   -5.956742e+01 4.400000e+01 -5.826656e+01
      vertex   -5.934096e+01 4.700000e+01 -5.829637e+01
      vertex   -5.956742e+01 4.700000e+01 -5.826656e+01
    endloop
  endfacet
  facet normal 3.826834e-01 -0.000000e+00 9.238795e-01
    outer loop
      vertex   -5.956742e+01 4.400000e+01 -5.826656e+01
      vertex   -5.956742e+01 4.700000e+01 -5.826656e+01
      vertex   -5.977846e+01 4.400000e+01 -5.817915e+01
    endloop
  endfacet
  facet normal 3.826834e-01 -0.000000e+00 9.238795e-01
    outer loop
      vertex   -5.977846e+01 4.400000e+01 -5.817915e+01
      vertex   -5.956742e+01 4.700000e+01 -5.826656e+01
      vertex   -5.977846e+01 4.700000e+01 -5.817915e+01
    endloop
  endfacet
  facet normal 6.087614e-01 -0.000000e+00 7.933533e-01
    outer loop
      vertex   -5.977846e+01 4.400000e+01 -5.817915e+01
      vertex   -5.977846e+01 4.700000e+01 -5.817915e+01
      vertex   -5.995967e+01 4.400000e+01 -5.804009e+01
    endloop
  endfacet
  facet normal 6.087614e-01 -0.000000e+00 7.933533e-01
    outer loop
      vertex   -5.995967e+01 4.400000e+01 -5.804009e+01
      vertex   -5.977846e+01 4.700000e+01 -5.817915e+01
      vertex   -5.995967e+01 4.700000e+01 -5.804009e+01
    endloop
  endfacet
  facet normal 7.933533e-01 -0.000000e+00 6.087614e-01
    outer loop
      vertex   -5.995967e+01 4.400000e+01 -5.804009e+01
      vertex   -5.995967e+01 4.700000e+01 -5.804009e+01
      vertex   -6.009873e+01 4.400000e+01 -5.785887e+01
    endloop
  endfacet
  facet normal 7.933533e-01 -0.000000e+00 6.087614e-01
    outer loop
      vertex   -6.009873e+01 4.400000e+01 -5.785887e+01
      vertex   -5.995967e+01 4.700000e+01 -5.804009e+01
      vertex   -6.009873e+01 4.700000e+01 -5.785887e+01
    endloop
  endfacet
  facet normal 9.238795e-01 -0.000000e+00 3.826834e-01
    outer loop
      vertex   -6.009873e+01 4.400000e+01 -5.785887e+01
      vertex   -6.009873e+01 4.700000e+01 -5.785887e+01
      vertex   -6.018614e+01 4.400000e+01 -5.764784e+01
    endloop
  endfacet
  facet normal 9.238795e-01 -0.000000e+00 3.826834e-01
    outer loop
      vertex   -6.018614e+01 4.400000e+01 -5.764784e+01
      vertex   -6.009873e+01 4.700000e+01 -5.785887e+01
      vertex   -6.018614e+01 4.700000e+01 -5.764784e+01
    endloop
  endfacet
  facet normal 9.914449e-01 -0.000000e+00 1.305262e-01
    outer loop
      vertex   -6.018614e+01 4.400000e+01 -5.764784e+01
      vertex   -6.018614e+01 4.700000e+01 -5.764784e+01
      vertex   -6.021596e+01 4.400000e+01 -5.742137e+01
    endloop
  endfacet
  facet normal 9.914449e-01 -0.000000e+00 1.305262e-01
    outer loop
      vertex   -6.021596e+01 4.400000e+01 -5.742137e+01
      vertex   -6.018614e+01 4.700000e+01 -5.764784e+01
      vertex   -6.021596e+01 4.700000e+01 -5.742137e+01
    endloop
  endfacet
  facet normal 9.914449e-01 0.000000e+00 -1.305262e-01
    outer loop
      vertex   -6.021596e+01 4.400000e+01 -5.742137e+01
      vertex   -6.021596e+01 4.700000e+01 -5.742137e+01
      vertex   -6.018614e+01 4.400000e+01 -5.719491e+01
    endloop
  endfacet
  facet normal 9.914449e-01 0.000000e+00 -1.305262e-01
    outer loop
      vertex   -6.018614e+01 4.400000e+01 -5.719491e+01
      vertex   -6.021596e+01 4.700000e+01 -5.742137e+01
      vertex   -6.018614e+01 4.700000e+01 -5.719491e+01
    endloop
  endfacet
  facet normal 9.238795e-01 0.000000e+00 -3.826834e-01
    outer loop
      vertex   -6.018614e+01 4.400000e+01 -5.719491e+01
      vertex   -6.018614e+01 4.700000e+01 -5.719491e+01
      vertex   -6.009873e+01 4.400000e+01 -5.698387e+01
    endloop
  endfacet
  facet normal 9.238795e-01 0.000000e+00 -3.826834e-01
    outer loop
      vertex   -6.009873e+01 4.400000e+01 -5.698387e+01
      vertex   -6.018614e+01 4.700000e+01 -5.719491e+01
      vertex   -6.009873e+01 4.700000e+01 -5.698387e+01
    endloop
  endfacet
  facet normal 7.933533e-01 0.000000e+00 -6.087614e-01
    outer loop
      vertex   -6.009873e+01 4.400000e+01 -5.698387e+01
      vertex   -6.009873e+01 4.700000e+01 -5.698387e+01
      vertex   -5.995967e+01 4.400000e+01 -5.680266e+01
    endloop
  endfacet
  facet normal 7.933533e-01 0.000000e+00 -6.087614e-01
    outer loop
      vertex   -5.995967e+01 4.400000e+01 -5.680266e+01
      vertex   -6.009873e+01 4.700000e+01 -5.698387e+01
      vertex   -5.995967e+01 4.700000e+01 -5.680266e+01
    endloop
  endfacet
  facet normal 6.087614e-01 0.000000e+00 -7.933533e-01
    outer loop
      vertex   -5.995967e+01 4.400000e+01 -5.680266e+01
      vertex   -5.995967e+01 4.700000e+01 -5.680266e+01
      vertex   -5.977846e+01 4.400000e+01 -5.666360e+01
    endloop
  endfacet
  facet normal 6.087614e-01 0.000000e+00 -7.933533e-01
    outer loop
      vertex   -5.977846e+01 4.400000e+01 -5.666360e+01
      vertex   -5.995967e+01 4.700000e+01 -5.680266e+01
      vertex   -5.977846e+01 4.700000e+01 -5.666360e+01
    endloop
  endfacet
  facet normal 3.826834e-01 0.000000e+00 -9.238795e-01
    outer loop
      vertex   -5.977846e+01 4.400000e+01 -5.666360e+01
      vertex   -5.977846e+01 4.700000e+01 -5.666360e+01
      vertex   -5.956742e+01 4.400000e+01 -5.657619e+01
    endloop
  endfacet
  facet normal 3.826834e-01 0.000000e+00 -9.238795e-01
    outer loop
      vertex   -5.956742e+01 4.400000e+01 -5.657619e+01
      vertex   -5.977846e+01 4.700000e+01 -5.666360e+01
      vertex   -5.956742e+01 4.700000e+01 -5.657619e+01
    endloop
  endfacet
  facet normal 1.305262e-01 0.000000e+00 -9.914449e-01
    outer loop
      vertex   -5.956742e+01 4.400000e+01 -5.657619e+01
      vertex   -5.956742e+01 4.700000e+01 -5.657619e+01
      vertex   -5.934096e+01 4.400000e+01 -5.654637e+01
    endloop
  endfacet
  facet normal 1.305262e-01 0.000000e+00 -9.914449e-01
    outer loop
      vertex   -5.934096e+01 4.400000e+01 -5.654637e+01
      vertex   -5.956742e+01 4.700000e+01 -5.657619e+01
      vertex   -5.934096e+01 4.700000e+01 -5.654637e+01
    endloop
  endfacet
  facet normal -1.305262e-01 0.000000e+00 -9.914449e-01
    outer loop
      vertex   -5.934096e+01 4.400000e+01 -5.654637e+01
      vertex   -5.934096e+01 4.700000e+01 -5.654637e+01
      vertex   -5.911449e+01 4.400000e+01 -5.657619e+01
    endloop
  endfacet
  facet normal -1.305262e-01 0.000000e+00 -9.914449e-01
    outer loop
      vertex   -5.911449e+01 4.400000e+01 -5.657619e+01
      vertex   -5.934096e+01 4.700000e+01 -5.654637e+01
      vertex   -5.911449e+01 4.700000e+01 -5.657619e+01
    endloop
  endfacet
  facet normal -3.826834e-01 0.000000e+00 -9.238795e-01
    outer loop
      vertex   -5.911449e+01 4.400000e+01 -5.657619e+01
      vertex   -5.911449e+01 4.700000e+01 -5.657619e+01
      vertex   -5.890346e+01 4.400000e+01 -5.666360e+01
    endloop
  endfacet
  facet normal -3.826834e-01 0.000000e+00 -9.238795e-01
    outer loop
      vertex   -5.890346e+01 4.400000e+01 -5.666360e+01
      vertex   -5.911449e+01 4.700000e+01 -5.657619e+01
      vertex   -5.890346e+01 4.700000e+01 -5.666360e+01
    endloop
  endfacet
  facet normal -6.087614e-01 0.000000e+00 -7.933533e-01
    outer loop
      vertex   -5.890346e+01 4.400000e+01 -5.666360e+01
      vertex   -5.890346e+01 4.700000e+01 -5.666360e+01
      vertex   -5.872224e+01 4.400000e+01 -5.680266e+01
    endloop
  endfacet
  facet normal -6.087614e-01 0.000000e+00 -7.933533e-01
    outer loop
      vertex   -5.872224e+01 4.400000e+01 -5.680266e+01
      vertex   -5.890346e+01 4.700000e+01 -5.666360e+01
      vertex   -5.872224e+01 4.700000e+01 -5.680266e+01
    endloop
  endfacet
  facet normal -7.933533e-01 0.000000e+00 -6.087614e-01
    outer loop
      vertex   -5.872224e+01 4.400000e+01 -5.680266e+01
      vertex   -5.872224e+01 4.700000e+01 -5.680266e+01
      vertex   -5.858318e+01 4.400000e+01 -5.698387e+01
    endloop
  endfacet
  facet normal -7.933533e-01 0.000000e+00 -6.087614e-01
    outer loop
      vertex   -5.858318e+01 4.400000e+01 -5.698387e+01
      vertex   -5.872224e+01 4.700000e+01 -5.680266e+01
      vertex   -5.858318e+01 4.700000e+01 -5.698387e+01
    endloop
  endfacet
  facet normal -9.238795e-01 0.000000e+00 -3.826834e-01
    outer loop
      vertex   -5.858318e+01 4.400000e+01 -5.698387e+01
      vertex   -5.858318e+01 4.700000e+01 -5.698387e+01
      vertex   -5.849577e+01 4.400000e+01 -5.719491e+01
    endloop
  endfacet
  facet normal -9.238795e-01 0.000000e+00 -3.826834e-01
    outer loop
      vertex   -5.849577e+01 4.400000e+01 -5.719491e+01
      vertex   -5.858318e+01 4.700000e+01 -5.698387e+01
      vertex   -5.849577e+01 4.700000e+01 -5.719491e+01
    endloop
  endfacet
  facet normal -9.914449e-01 0.000000e+00 1.305262e-01
    outer loop
      vertex   -5.849577e+01 5.000000e+01 -5.764784e+01
      vertex   -5.849577e+01 4.700000e+01 -5.764784e+01
      vertex   -5.846596e+01 5.000000e+01 -5.742137e+01
    endloop
  endfacet
  facet normal -9.914449e-01 0.000000e+00 1.305262e-01
    outer loop
      vertex   -5.846596e+01 5.000000e+01 -5.742137e+01
      vertex   -5.849577e+01 4.700000e+01 -5.764784e+01
      vertex   -5.846596e+01 4.700000e+01 -5.742137e+01
    endloop
  endfacet
  facet normal -9.914449e-01 -0.000000e+00 -1.305262e-01
    outer loop
      vertex   -5.846596e+01 5.000000e+01 -5.742137e+01
      vertex   -5.846596e+01 4.700000e+01 -5.742137e+01
      vertex   -5.849577e+01 5.000000e+01 -5.719491e+01
    endloop
  endfacet
  facet normal -9.914449e-01 -0.000000e+00 -1.305262e-01
    outer loop
      vertex   -5.849577e+01 5.000000e+01 -5.719491e+01
      vertex   -5.846596e+01 4.700000e+01 -5.742137e+01
      vertex   -5.849577e+01 4.700000e+01 -5.719491e+01
    endloop
  endfacet
  facet normal -9.238795e-01 -0.000000e+00 -3.826834e-01
    outer loop
      vertex   -5.849577e+01 5.000000e+01 -5.719491e+01
      vertex   -5.849577e+01 4.700000e+01 -5.719491e+01
      vertex   -5.858318e+01 5.000000e+01 -5.698387e+01
    endloop
  endfacet
  facet normal -9.238795e-01 -0.000000e+00 -3.826834e-01
    outer loop
      vertex   -5.858318e+01 5.000000e+01 -5.698387e+01
      vertex   -5.849577e+01 4.700000e+01 -5.719491e+01
      vertex   -5.858318e+01 4.700000e+01 -5.698387e+01
    endloop
  endfacet
  facet normal -7.933533e-01 -0.000000e+00 -6.087614e-01
    outer loop
      vertex   -5.858318e+01 5.000000e+01 -5.698387e+01
      vertex   -5.858318e+01 4.700000e+01 -5.698387e+01
      vertex   -5.872224e+01 5.000000e+01 -5.680266e+01
    endloop
  endfacet
  facet normal -7.933533e-01 -0.000000e+00 -6.087614e-01
    outer loop
      vertex   -5.872224e+01 5.000000e+01 -5.680266e+01
      vertex   -5.858318e+01 4.700000e+01 -5.698387e+01
      vertex   -5.872224e+01 4.700000e+01 -5.680266e+01
    endloop
  endfacet
  facet normal -6.087614e-01 -0.000000e+00 -7.933533e-01
    outer loop
      vertex   -5.872224e+01 5.000000e+01 -5.680266e+01
      vertex   -5.872224e+01 4.700000e+01 -5.680266e+01
      vertex   -5.890346e+01 5.000000e+01 -5.666360e+01
    endloop
  endfacet
  facet normal -6.087614e-01 -0.000000e+00 -7.933533e-01
    outer loop
      vertex   -5.890346e+01 5.000000e+01 -5.666360e+01
      vertex   -5.872224e+01 4.700000e+01 -5.680266e+01
      vertex   -5.890346e+01 4.700000e+01 -5.666360e+01
    endloop
  endfacet
  facet normal -3.826834e-01 -0.000000e+00 -9.238795e-01
    outer loop
      vertex   -5.890346e+01 5.000000e+01 -5.666360e+01
      vertex   -5.890346e+01 4.700000e+01 -5.666360e+01
      vertex   -5.911449e+01 5.000000e+01 -5.657619e+01
    endloop
  endfacet
  facet normal -3.826834e-01 -0.000000e+00 -9.238795e-01
    outer loop
      vertex   -5.911449e+01 5.000000e+01 -5.657619e+01
      vertex   -5.890346e+01 4.700000e+01 -5.666360e+01
      vertex   -5.911449e+01 4.700000e+01 -5.657619e+01
    endloop
  endfacet
  facet normal -1.305262e-01 -0.000000e+00 -9.914449e-01
    outer loop
      vertex   -5.911449e+01 5.000000e+01 -5.657619e+01
      vertex   -5.911449e+01 4.700000e+01 -5.657619e+01
      vertex   -5.934096e+01 5.000000e+01 -5.654637e+01
    endloop
  endfacet
  facet normal -1.305262e-01 -0.000000e+00 -9.914449e-01
    outer loop
      vertex   -5.934096e+01 5.000000e+01 -5.654637e+01
      vertex   -5.911449e+01 4.700000e+01 -5.657619e+01
      vertex   -5.934096e+01 4.700000e+01 -5.654637e+01
    endloop
  endfacet
  facet normal 1.305262e-01 0.000000e+00 -9.914449e-01
    outer loop
      vertex   -5.934096e+01 5.000000e+01 -5.654637e+01
      vertex   -5.934096e+01 4.700000e+01 -5.654637e+01
      vertex   -5.956742e+01 5.000000e+01 -5.657619e+01
    endloop
  endfacet
  facet normal 1.305262e-01 0.000000e+00 -9.914449e-01
    outer loop
      vertex   -5.956742e+01 5.000000e+01 -5.657619e+01
      vertex   -5.934096e+01 4.700000e+01 -5.654637e+01
      vertex   -5.956742e+01 4.700000e+01 -5.657619e+01
    endloop
  endfacet
  facet normal 3.826834e-01 0.000000e+00 -9.238795e-01
    outer loop
      vertex   -5.956742e+01 5.000000e+01 -5.657619e+01
      vertex   -5.956742e+01 4.700000e+01 -5.657619e+01
      vertex   -5.977846e+01 5.000000e+01 -5.666360e+01
    endloop
  endfacet
  facet normal 3.826834e-01 0.000000e+00 -9.238795e-01
    outer loop
      vertex   -5.977846e+01 5.000000e+01 -5.666360e+01
      vertex   -5.956742e+01 4.700000e+01 -5.657619e+01
      vertex   -5.977846e+01 4.700000e+01 -5.666360e+01
    endloop
  endfacet
  facet normal 6.087614e-01 0.000000e+00 -7.933533e-01
    outer loop
      vertex   -5.977846e+01 5.000000e+01 -5.666360e+01
      vertex   -5.977846e+01 4.700000e+01 -5.666360e+01
      vertex   -5.995967e+01 5.000000e+01 -5.680266e+01
    endloop
  endfacet
  facet normal 6.087614e-01 0.000000e+00 -7.933533e-01
    outer loop
      vertex   -5.995967e+01 5.000000e+01 -5.680266e+01
      vertex   -5.977846e+01 4.700000e+01 -5.666360e+01
      vertex   -5.995967e+01 4.700000e+01 -5.680266e+01
    endloop
  endfacet
  facet normal 7.933533e-01 0.000000e+00 -6.087614e-01
    outer loop
      vertex   -5.995967e+01 5.000000e+01 -5.680266e+01
      vertex   -5.995967e+01 4.700000e+01 -5.680266e+01
      vertex   -6.009873e+01 5.000000e+01 -5.698387e+01
    endloop
  endfacet
  facet normal 7.933533e-01 0.000000e+00 -6.087614e-01
    outer loop
      vertex   -6.009873e+01 5.000000e+01 -5.698387e+01
      vertex   -5.995967e+01 4.700000e+01 -5.680266e+01
      vertex   -6.009873e+01 4.700000e+01 -5.698387e+01
    endloop
  endfacet
  facet normal 9.238795e-01 0.000000e+00 -3.826834e-01
    outer loop
      vertex   -6.009873e+01 5.000000e+01 -5.698387e+01
      vertex   -6.009873e+01 4.700000e+01 -5.698387e+01
      vertex   -6.018614e+01 5.000000e+01 -5.719491e+01
    endloop
  endfacet
  facet normal 9.238795e-01 0.000000e+00 -3.826834e-01
    outer loop
      vertex   -6.018614e+01 5.000000e+01 -5.719491e+01
      vertex   -6.009873e+01 4.700000e+01 -5.698387e+01
      vertex   -6.018614e+01 4.700000e+01 -5.719491e+01
    endloop
  endfacet
  facet normal 9.914449e-01 0.000000e+00 -1.305262e-01
    outer loop
      vertex   -6.018614e+01 5.000000e+01 -5.719491e+01
      vertex   -6.018614e+01 4.700000e+01 -5.719491e+01
      vertex   -6.021596e+01 5.000000e+01 -5.742137e+01
    endloop
  endfacet
  facet normal 9.914449e-01 0.000000e+00 -1.305262e-01
    outer loop
      vertex   -6.021596e+01 5.000000e+01 -5.742137e+01
      vertex   -6.018614e+01 4.700000e+01 -5.719491e+01
      vertex   -6.021596e+01 4.700000e+01 -5.742137e+01
    endloop
  endfacet
  facet normal 9.914449e-01 0.000000e+00 1.305262e-01
    outer loop
      vertex   -6.021596e+01 5.000000e+01 -5.742137e+01
      vertex   -6.021596e+01 4.700000e+01 -5.742137e+01
      vertex   -6.018614e+01 5.000000e+01 -5.764784e+01
    endloop
  endfacet
  facet normal 9.914449e-01 0.000000e+00 1.305262e-01
    outer loop
      vertex   -6.018614e+01 5.000000e+01 -5.764784e+01
      vertex   -6.021596e+01 4.700000e+01 -5.742137e+01
      vertex   -6.018614e+01 4.700000e+01 -5.764784e+01
    endloop
  endfacet
  facet normal 9.238795e-01 0.000000e+00 3.826834e-01
    outer loop
      vertex   -6.018614e+01 5.000000e+01 -5.764784e+01
      vertex   -6.018614e+01 4.700000e+01 -5.764784e+01
      vertex   -6.009873e+01 5.000000e+01 -5.785887e+01
    endloop
  endfacet
  facet normal 9.238795e-01 0.000000e+00 3.826834e-01
    outer loop
      vertex   -6.009873e+01 5.000000e+01 -5.785887e+01
      vertex   -6.018614e+01 4.700000e+01 -5.764784e+01
      vertex   -6.009873e+01 4.700000e+01 -5.785887e+01
    endloop
  endfacet
  facet normal 7.933533e-01 0.000000e+00 6.087614e-01
    outer loop
      vertex   -6.009873e+01 5.000000e+01 -5.785887e+01
      vertex   -6.009873e+01 4.700000e+01 -5.785887e+01
      vertex   -5.995967e+01 5.000000e+01 -5.804009e+01
    endloop
  endfacet
  facet normal 7.933533e-01 0.000000e+00 6.087614e-01
    outer loop
      vertex   -5.995967e+01 5.000000e+01 -5.804009e+01
      vertex   -6.009873e+01 4.700000e+01 -5.785887e+01
      vertex   -5.995967e+01 4.700000e+01 -5.804009e+01
    endloop
  endfacet
  facet normal 6.087614e-01 0.000000e+00 7.933533e-01
    outer loop
      vertex   -5.995967e+01 5.000000e+01 -5.804009e+01
      vertex   -5.995967e+01 4.700000e+01 -5.804009e+01
      vertex   -5.977846e+01 5.000000e+01 -5.817915e+01
    endloop
  endfacet
  facet normal 6.087614e-01 0.000000e+00 7.933533e-01
    outer loop
      vertex   -5.977846e+01 5.000000e+01 -5.817915e+01
      vertex   -5.995967e+01 4.700000e+01 -5.804009e+01
      vertex   -5.977846e+01 4.700000e+01 -5.817915e+01
    endloop
  endfacet
  facet normal 3.826834e-01 0.000000e+00 9.238795e-01
    outer loop
      vertex   -5.977846e+01 5.000000e+01 -5.817915e+01
      vertex   -5.977846e+01 4.700000e+01 -5.817915e+01
      vertex   -5.956742e+01 5.000000e+01 -5.826656e+01
    endloop
  endfacet
  facet normal 3.826834e-01 0.000000e+00 9.238795e-01
    outer loop
      vertex   -5.956742e+01 5.000000e+01 -5.826656e+01
      vertex   -5.977846e+01 4.700000e+01 -5.817915e+01
      vertex   -5.956742e+01 4.700000e+01 -5.826656e+01
    endloop
  endfacet
  facet normal 1.305262e-01 0.000000e+00 9.914449e-01
    outer loop
      vertex   -5.956742e+01 5.000000e+01 -5.826656e+01
      vertex   -5.956742e+01 4.700000e+01 -5.826656e+01
      vertex   -5.934096e+01 5.000000e+01 -5.829637e+01
    endloop
  endfacet
  facet normal 1.305262e-01 0.000000e+00 9.914449e-01
    outer loop
      vertex   -5.934096e+01 5.000000e+01 -5.829637e+01
      vertex   -5.956742e+01 4.700000e+01 -5.826656e+01
      vertex   -5.934096e+01 4.700000e+01 -5.829637e+01
    endloop
  endfacet
  facet normal -1.305262e-01 0.000000e+00 9.914449e-01
    outer loop
      vertex   -5.934096e+01 5.000000e+01 -5.829637e+01
      vertex   -5.934096e+01 4.700000e+01 -5.829637e+01
      vertex   -5.911449e+01 5.000000e+01 -5.826656e+01
    endloop
  endfacet
  facet normal -1.305262e-01 0.000000e+00 9.914449e-01
    outer loop
      vertex   -5.911449e+01 5.000000e+01 -5.826656e+01
      vertex   -5.934096e+01 4.700000e+01 -5.829637e+01
      vertex   -5.911449e+01 4.700000e+01 -5.826656e+01
    endloop
  endfacet
  facet normal -3.826834e-01 0.000000e+00 9.238795e-01
    outer loop
      vertex   -5.911449e+01 5.000000e+01 -5.826656e+01
      vertex   -5.911449e+01 4.700000e+01 -5.826656e+01
      vertex   -5.890346e+01 5.000000e+01 -5.817915e+01
    endloop
  endfacet
  facet normal -3.826834e-01 0.000000e+00 9.238795e-01
    outer loop
      vertex   -5.890346e+01 5.000000e+01 -5.817915e+01
      vertex   -5.911449e+01 4.700000e+01 -5.826656e+01
      vertex   -5.890346e+01 4.700000e+01 -5.817915e+01
    endloop
  endfacet
  facet normal -6.087614e-01 0.000000e+00 7.933533e-01
    outer loop
      vertex   -5.890346e+01 5.000000e+01 -5.817915e+01
      vertex   -5.890346e+01 4.700000e+01 -5.817915e+01
      vertex   -5.872224e+01 5.000000e+01 -5.804009e+01
    endloop
  endfacet
  facet normal -6.087614e-01 0.000000e+00 7.933533e-01
    outer loop
      vertex   -5.872224e+01 5.000000e+01 -5.804009e+01
      vertex   -5.890346e+01 4.700000e+01 -5.817915e+01
      vertex   -5.872224e+01 4.700000e+01 -5.804009e+01
    endloop
  endfacet
  facet normal -7.933533e-01 0.000000e+00 6.087614e-01
    outer loop
      vertex   -5.872224e+01 5.000000e+01 -5.804009e+01
      vertex   -5.872224e+01 4.700000e+01 -5.804009e+01
      vertex   -5.858318e+01 5.000000e+01 -5.785887e+01
    endloop
  endfacet
  facet normal -7.933533e-01 0.000000e+00 6.087614e-01
    outer loop
      vertex   -5.858318e+01 5.000000e+01 -5.785887e+01
      vertex   -5.872224e+01 4.700000e+01 -5.804009e+01
      vertex   -5.858318e+01 4.700000e+01 -5.785887e+01
    endloop
  endfacet
  facet normal -9.238795e-01 0.000000e+00 3.826834e-01
    outer loop
      vertex   -5.858318e+01 5.000000e+01 -5.785887e+01
      vertex   -5.858318e+01 4.700000e+01 -5.785887e+01
      vertex   -5.849577e+01 5.000000e+01 -5.764784e+01
    endloop
  endfacet
  facet normal -9.238795e-01 0.000000e+00 3.826834e-01
    outer loop
      vertex   -5.849577e+01 5.000000e+01 -5.764784e+01
      vertex   -5.858318e+01 4.700000e+01 -5.785887e+01
      vertex   -5.849577e+01 4.700000e+01 -5.764784e+01
    endloop
  endfacet
  facet normal 0.000000e+00 1.000000e+00 -0.000000e+00
    outer loop
      vertex   -5.849577e+01 4.400000e+01 -5.764784e+01
      vertex   -6.018614e+01 4.400000e+01 -5.764784e+01
      vertex   -5.846596e+01 4.400000e+01 -5.742137e+01
    endloop
  endfacet
  facet normal 0.000000e+00 1.000000e+00 0.000000e+00
    outer loop
      vertex   -5.846596e+01 4.400000e+01 -5.742137e+01
      vertex   -6.018614e+01 4.400000e+01 -5.764784e+01
      vertex   -6.021596e+01 4.400000e+01 -5.742137e+01
    endloop
  endfacet
  facet normal 0.000000e+00 1.000000e+00 0.000000e+00
    outer loop
      vertex   -5.846596e+01 4.400000e+01 -5.742137e+01
      vertex   -6.021596e+01 4.400000e+01 -5.742137e+01
      vertex   -5.849577e+01 4.400000e+01 -5.719491e+01
    endloop
  endfacet
  facet normal 0.000000e+00 1.000000e+00 0.000000e+00
    outer loop
      vertex   -5.849577e+01 4.400000e+01 -5.719491e+01
      vertex   -6.021596e+01 4.400000e+01 -5.742137e+01
      vertex   -6.018614e+01 4.400000e+01 -5.719491e+01
    endloop
  endfacet
  facet normal 0.000000e+00 1.000000e+00 0.000000e+00
    outer loop
      vertex   -5.849577e+01 4.400000e+01 -5.719491e+01
      vertex   -6.018614e+01 4.400000e+01 -5.719491e+01
      vertex   -5.858318e+01 4.400000e+01 -5.698387e+01
    endloop
  endfacet
  facet normal 0.000000e+00 1.000000e+00 0.000000e+00
    outer loop
      vertex   -5.858318e+01 4.400000e+01 -5.698387e+01
      vertex   -6.018614e+01 4.400000e+01 -5.719491e+01
      vertex   -6.009873e+01 4.400000e+01 -5.698387e+01
    endloop
  endfacet
  facet normal 0.000000e+00 1.000000e+00 0.000000e+00
    outer loop
      vertex   -5.858318e+01 4.400000e+01 -5.698387e+01
      vertex   -6.009873e+01 4.400000e+01 -5.698387e+01
      vertex   -5.872224e+01 4.400000e+01 -5.680266e+01
    endloop
  endfacet
  facet normal 0.000000e+00 1.000000e+00 0.000000e+00
    outer loop
      vertex   -5.872224e+01 4.400000e+01 -5.680266e+01
      vertex   -6.009873e+01 4.400000e+01 -5.698387e+01
      vertex   -5.995967e+01 4.400000e+01 -5.680266e+01
    endloop
  endfacet
  facet normal 0.000000e+00 1.000000e+00 0.000000e+00
    outer loop
      vertex   -5.872224e+01 4.400000e+01 -5.680266e+01
      vertex   -5.995967e+01 4.400000e+01 -5.680266e+01
      vertex   -5.890346e+01 4.400000e+01 -5.666360e+01
    endloop
  endfacet
  facet normal 0.000000e+00 1.000000e+00 0.000000e+00
    outer loop
      vertex   -5.890346e+01 4.400000e+01 -5.666360e+01
      vertex   -5.995967e+01 4.400000e+01 -5.680266e+01
      vertex   -5.977846e+01 4.400000e+01 -5.666360e+01
    endloop
  endfacet
  facet normal 0.000000e+00 1.000000e+00 0.000000e+00
    outer loop
      vertex   -5.890346e+01 4.400000e+01 -5.666360e+01
      vertex   -5.977846e+01 4.400000e+01 -5.666360e+01
      vertex   -5.911449e+01 4.400000e+01 -5.657619e+01
    endloop
  endfacet
  facet normal 0.000000e+00 1.000000e+00 0.000000e+00
    outer loop
      vertex   -5.911449e+01 4.400000e+01 -5.657619e+01
      vertex   -5.977846e+01 4.400000e+01 -5.666360e+01
      vertex   -5.956742e+01 4.400000e+01 -5.657619e+01
    endloop
  endfacet
  facet normal 0.000000e+00 1.000000e+00 0.000000e+00
    outer loop
      vertex   -5.911449e+01 4.400000e+01 -5.657619e+01
      vertex   -5.956742e+01 4.400000e+01 -5.657619e+01
      vertex   -5.934096e+01 4.400000e+01 -5.654637e+01
    endloop
  endfacet
  facet normal -0.000000e+00 1.000000e+00 0.000000e+00
    outer loop
      vertex   -6.018614e+01 4.400000e+01 -5.764784e+01
      vertex   -5.849577e+01 4.400000e+01 -5.764784e+01
      vertex   -6.009873e+01 4.400000e+01 -5.785887e+01
    endloop
  endfacet
  facet normal -0.000000e+00 1.000000e+00 0.000000e+00
    outer loop
      vertex   -6.009873e+01 4.400000e+01 -5.785887e+01
      vertex   -5.849577e+01 4.400000e+01 -5.764784e+01
      vertex   -5.858318e+01 4.400000e+01 -5.785887e+01
    endloop
  endfacet
  facet normal 0.000000e+00 1.000000e+00 0.000000e+00
    outer loop
      vertex   -6.009873e+01 4.400000e+01 -5.785887e+01
      vertex   -5.858318e+01 4.400000e+01 -5.785887e+01
      vertex   -5.995967e+01 4.400000e+01 -5.804009e+01
    endloop
  endfacet
  facet normal 0.000000e+00 1.000000e+00 0.000000e+00
    outer loop
      vertex   -5.995967e+01 4.400000e+01 -5.804009e+01
      vertex   -5.858318e+01 4.400000e+01 -5.785887e+01
      vertex   -5.872224e+01 4.400000e+01 -5.804009e+01
    endloop
  endfacet
  facet normal -0.000000e+00 1.000000e+00 0.000000e+00
    outer loop
      vertex   -5.995967e+01 4.400000e+01 -5.804009e+01
      vertex   -5.872224e+01 4.400000e+01 -5.804009e+01
      vertex   -5.977846e+01 4.400000e+01 -5.817915e+01
    endloop
  endfacet
  facet normal 0.000000e+00 1.000000e+00 0.000000e+00
    outer loop
      vertex   -5.977846e+01 4.400000e+01 -5.817915e+01
      vertex   -5.872224e+01 4.400000e+01 -5.804009e+01
      vertex   -5.890346e+01 4.400000e+01 -5.817915e+01
    endloop
  endfacet
  facet normal -0.000000e+00 1.000000e+00 0.000000e+00
    outer loop
      vertex   -5.977846e+01 4.400000e+01 -5.817915e+01
      vertex   -5.890346e+01 4.400000e+01 -5.817915e+01
      vertex   -5.956742e+01 4.400000e+01 -5.826656e+01
    endloop
  endfacet
  facet normal 0.000000e+00 1.000000e+00 0.000000e+00
    outer loop
      vertex   -5.956742e+01 4.400000e+01 -5.826656e+01
      vertex   -5.890346e+01 4.400000e+01 -5.817915e+01
      vertex   -5.911449e+01 4.400000e+01 -5.826656e+01
    endloop
  endfacet
  facet normal -0.000000e+00 1.000000e+00 0.000000e+00
    outer loop
      vertex   -5.956742e+01 4.400000e+01 -5.826656e+01
      vertex   -5.911449e+01 4.400000e+01 -5.826656e+01
      vertex   -5.934096e+01 4.400000e+01 -5.829637e+01
    endloop
  endfacet
  facet normal -9.914449e-01 2.348213e-15 -1.305262e-01
    outer loop
      vertex   3.959830e+01 4.400000e+01 -5.719491e+01
      vertex   3.959830e+01 4.700000e+01 -5.719491e+01
      vertex   3.962811e+01 4.400000e+01 -5.742137e+01
    endloop
  endfacet
  facet normal -9.914449e-01 0.000000e+00 -1.305262e-01
    outer loop
      vertex   3.962811e+01 4.400000e+01 -5.742137e+01
      vertex   3.959830e+01 4.700000e+01 -5.719491e+01
      vertex   3.962811e+01 4.700000e+01 -5.742137e+01
    endloop
  endfacet
  facet normal -9.914449e-01 0.000000e+00 1.305262e-01
    outer loop
      vertex   3.962811e+01 4.400000e+01 -5.742137e+01
      vertex   3.962811e+01 4.700000e+01 -5.742137e+01
      vertex   3.959830e+01 4.400000e+01 -5.764784e+01
    endloop
  endfacet
  facet normal -9.914449e-01 2.348213e-15 1.305262e-01
    outer loop
      vertex   3.959830e+01 4.400000e+01 -5.764784e+01
      vertex   3.962811e+01 4.700000e+01 -5.742137e+01
      vertex   3.959830e+01 4.700000e+01 -5.764784e+01
    endloop
  endfacet
  facet normal -9.238795e-01 2.188186e-15 3.826834e-01
    outer loop
      vertex   3.959830e+01 4.400000e+01 -5.764784e+01
      vertex   3.959830e+01 4.700000e+01 -5.764784e+01
      vertex   3.951088e+01 4.400000e+01 -5.785887e+01
    endloop
  endfacet
  facet normal -9.238795e-01 0.000000e+00 3.826834e-01
    outer loop
      vertex   3.951088e+01 4.400000e+01 -5.785887e+01
      vertex   3.959830e+01 4.700000e+01 -5.764784e+01
      vertex   3.951088e+01 4.700000e+01 -5.785887e+01
    endloop
  endfacet
  facet normal -7.933533e-01 0.000000e+00 6.087614e-01
    outer loop
      vertex   3.951088e+01 4.400000e+01 -5.785887e+01
      vertex   3.951088e+01 4.700000e+01 -5.785887e+01
      vertex   3.937183e+01 4.400000e+01 -5.804009e+01
    endloop
  endfacet
  facet normal -7.933533e-01 0.000000e+00 6.087614e-01
    outer loop
      vertex   3.937183e+01 4.400000e+01 -5.804009e+01
      vertex   3.951088e+01 4.700000e+01 -5.785887e+01
      vertex   3.937183e+01 4.700000e+01 -5.804009e+01
    endloop
  endfacet
  facet normal -6.087614e-01 0.000000e+00 7.933533e-01
    outer loop
      vertex   3.937183e+01 4.400000e+01 -5.804009e+01
      vertex   3.937183e+01 4.700000e+01 -5.804009e+01
      vertex   3.919061e+01 4.400000e+01 -5.817915e+01
    endloop
  endfacet
  facet normal -6.087614e-01 0.000000e+00 7.933533e-01
    outer loop
      vertex   3.919061e+01 4.400000e+01 -5.817915e+01
      vertex   3.937183e+01 4.700000e+01 -5.804009e+01
      vertex   3.919061e+01 4.700000e+01 -5.817915e+01
    endloop
  endfacet
  facet normal -3.826834e-01 0.000000e+00 9.238795e-01
    outer loop
      vertex   3.919061e+01 4.400000e+01 -5.817915e+01
      vertex   3.919061e+01 4.700000e+01 -5.817915e+01
      vertex   3.897958e+01 4.400000e+01 -5.826656e+01
    endloop
  endfacet
  facet normal -3.826834e-01 0.000000e+00 9.238795e-01
    outer loop
      vertex   3.897958e+01 4.400000e+01 -5.826656e+01
      vertex   3.919061e+01 4.700000e+01 -5.817915e+01
      vertex   3.897958e+01 4.700000e+01 -5.826656e+01
    endloop
  endfacet
  facet normal -1.305262e-01 0.000000e+00 9.914449e-01
    outer loop
      vertex   3.897958e+01 4.400000e+01 -5.826656e+01
      vertex   3.897958e+01 4.700000e+01 -5.826656e+01
      vertex   3.875311e+01 4.400000e+01 -5.829637e+01
    endloop
  endfacet
  facet normal -1.305262e-01 0.000000e+00 9.914449e-01
    outer loop
      vertex   3.875311e+01 4.400000e+01 -5.829637e+01
      vertex   3.897958e+01 4.700000e+01 -5.826656e+01
      vertex   3.875311e+01 4.700000e+01 -5.829637e+01
    endloop
  endfacet
  facet normal 1.305262e-01 -0.000000e+00 9.914449e-01
    outer loop
      vertex   3.875311e+01 4.400000e+01 -5.829637e+01
      vertex   3.875311e+01 4.700000e+01 -5.829637e+01
      vertex   3.852665e+01 4.400000e+01 -5.826656e+01
    endloop
  endfacet
  facet normal 1.305262e-01 -0.000000e+00 9.914449e-01
    outer loop
      vertex   3.852665e+01 4.400000e+01 -5.826656e+01
      vertex   3.875311e+01 4.700000e+01 -5.829637e+01
      vertex   3.852665e+01 4.700000e+01 -5.826656e+01
    endloop
  endfacet
  facet normal 3.826834e-01 -0.000000e+00 9.238795e-01
    outer loop
      vertex   3.852665e+01 4.400000e+01 -5.826656e+01
      vertex   3.852665e+01 4.700000e+01 -5.826656e+01
      vertex   3.831561e+01 4.400000e+01 -5.817915e+01
    endloop
  endfacet
  facet normal 3.826834e-01 -0.000000e+00 9.238795e-01
    outer loop
      vertex   3.831561e+01 4.400000e+01 -5.817915e+01
      vertex   3.852665e+01 4.700000e+01 -5.826656e+01
      vertex   3.831561e+01 4.700000e+01 -5.817915e+01
    endloop
  endfacet
  facet normal 6.087614e-01 -0.000000e+00 7.933533e-01
    outer loop
      vertex   3.831561e+01 4.400000e+01 -5.817915e+01
      vertex   3.831561e+01 4.700000e+01 -5.817915e+01
      vertex   3.813439e+01 4.400000e+01 -5.804009e+01
    endloop
  endfacet
  facet normal 6.087614e-01 -0.000000e+00 7.933533e-01
    outer loop
      vertex   3.813439e+01 4.400000e+01 -5.804009e+01
      vertex   3.831561e+01 4.700000e+01 -5.817915e+01
      vertex   3.813439e+01 4.700000e+01 -5.804009e+01
    endloop
  endfacet
  facet normal 7.933533e-01 -0.000000e+00 6.087614e-01
    outer loop
      vertex   3.813439e+01 4.400000e+01 -5.804009e+01
      vertex   3.813439e+01 4.700000e+01 -5.804009e+01
      vertex   3.799534e+01 4.400000e+01 -5.785887e+01
    endloop
  endfacet
  facet normal 7.933533e-01 -0.000000e+00 6.087614e-01
    outer loop
      vertex   3.799534e+01 4.400000e+01 -5.785887e+01
      vertex   3.813439e+01 4.700000e+01 -5.804009e+01
      vertex   3.799534e+01 4.700000e+01 -5.785887e+01
    endloop
  endfacet
  facet normal 9.238795e-01 -0.000000e+00 3.826834e-01
    outer loop
      vertex   3.799534e+01 4.400000e+01 -5.785887e+01
      vertex   3.799534e+01 4.700000e+01 -5.785887e+01
      vertex   3.790793e+01 4.400000e+01 -5.764784e+01
    endloop
  endfacet
  facet normal 9.238795e-01 2.188186e-15 3.826834e-01
    outer loop
      vertex   3.790793e+01 4.400000e+01 -5.764784e+01
      vertex   3.799534e+01 4.700000e+01 -5.785887e+01
      vertex   3.790793e+01 4.700000e+01 -5.764784e+01
    endloop
  endfacet
  facet normal 9.914449e-01 2.348213e-15 1.305262e-01
    outer loop
      vertex   3.790793e+01 4.400000e+01 -5.764784e+01
      vertex   3.790793e+01 4.700000e+01 -5.764784e+01
      vertex   3.787811e+01 4.400000e+01 -5.742137e+01
    endloop
  endfacet
  facet normal 9.914449e-01 -0.000000e+00 1.305262e-01
    outer loop
      vertex   3.787811e+01 4.400000e+01 -5.742137e+01
      vertex   3.790793e+01 4.700000e+01 -5.764784e+01
      vertex   3.787811e+01 4.700000e+01 -5.742137e+01
    endloop
  endfacet
  facet normal 9.914449e-01 0.000000e+00 -1.305262e-01
    outer loop
      vertex   3.787811e+01 4.400000e+01 -5.742137e+01
      vertex   3.787811e+01 4.700000e+01 -5.742137e+01
      vertex   3.790793e+01 4.400000e+01 -5.719491e+01
    endloop
  endfacet
  facet normal 9.914449e-01 2.348213e-15 -1.305262e-01
    outer loop
      vertex   3.790793e+01 4.400000e+01 -5.719491e+01
      vertex   3.787811e+01 4.700000e+01 -5.742137e+01
      vertex   3.790793e+01 4.700000e+01 -5.719491e+01
    endloop
  endfacet
  facet normal 9.238795e-01 2.188186e-15 -3.826834e-01
    outer loop
      vertex   3.790793e+01 4.400000e+01 -5.719491e+01
      vertex   3.790793e+01 4.700000e+01 -5.719491e+01
      vertex   3.799534e+01 4.400000e+01 -5.698387e+01
    endloop
  endfacet
  facet normal 9.238795e-01 0.000000e+00 -3.826834e-01
    outer loop
      vertex   3.799534e+01 4.400000e+01 -5.698387e+01
      vertex   3.790793e+01 4.700000e+01 -5.719491e+01
      vertex   3.799534e+01 4.700000e+01 -5.698387e+01
    endloop
  endfacet
  facet normal 7.933533e-01 0.000000e+00 -6.087614e-01
    outer loop
      vertex   3.799534e+01 4.400000e+01 -5.698387e+01
      vertex   3.799534e+01 4.700000e+01 -5.698387e+01
      vertex   3.813439e+01 4.400000e+01 -5.680266e+01
    endloop
  endfacet
  facet normal 7.933533e-01 0.000000e+00 -6.087614e-01
    outer loop
      vertex   3.813439e+01 4.400000e+01 -5.680266e+01
      vertex   3.799534e+01 4.700000e+01 -5.698387e+01
      vertex   3.813439e+01 4.700000e+01 -5.680266e+01
    endloop
  endfacet
  facet normal 6.087614e-01 0.000000e+00 -7.933533e-01
    outer loop
      vertex   3.813439e+01 4.400000e+01 -5.680266e+01
      vertex   3.813439e+01 4.700000e+01 -5.680266e+01
      vertex   3.831561e+01 4.400000e+01 -5.666360e+01
    endloop
  endfacet
  facet normal 6.087614e-01 0.000000e+00 -7.933533e-01
    outer loop
      vertex   3.831561e+01 4.400000e+01 -5.666360e+01
      vertex   3.813439e+01 4.700000e+01 -5.680266e+01
      vertex   3.831561e+01 4.700000e+01 -5.666360e+01
    endloop
  endfacet
  facet normal 3.826834e-01 0.000000e+00 -9.238795e-01
    outer loop
      vertex   3.831561e+01 4.400000e+01 -5.666360e+01
      vertex   3.831561e+01 4.700000e+01 -5.666360e+01
      vertex   3.852665e+01 4.400000e+01 -5.657619e+01
    endloop
  endfacet
  facet normal 3.826834e-01 0.000000e+00 -9.238795e-01
    outer loop
      vertex   3.852665e+01 4.400000e+01 -5.657619e+01
      vertex   3.831561e+01 4.700000e+01 -5.666360e+01
      vertex   3.852665e+01 4.700000e+01 -5.657619e+01
    endloop
  endfacet
  facet normal 1.305262e-01 0.000000e+00 -9.914449e-01
    outer loop
      vertex   3.852665e+01 4.400000e+01 -5.657619e+01
      vertex   3.852665e+01 4.700000e+01 -5.657619e+01
      vertex   3.875311e+01 4.400000e+01 -5.654637e+01
    endloop
  endfacet
  facet normal 1.305262e-01 0.000000e+00 -9.914449e-01
    outer loop
      vertex   3.875311e+01 4.400000e+01 -5.654637e+01
      vertex   3.852665e+01 4.700000e+01 -5.657619e+01
      vertex   3.875311e+01 4.700000e+01 -5.654637e+01
    endloop
  endfacet
  facet normal -1.305262e-01 0.000000e+00 -9.914449e-01
    outer loop
      vertex   3.875311e+01 4.400000e+01 -5.654637e+01
      vertex   3.875311e+01 4.700000e+01 -5.654637e+01
      vertex   3.897958e+01 4.400000e+01 -5.657619e+01
    endloop
  endfacet
  facet normal -1.305262e-01 0.000000e+00 -9.914449e-01
    outer loop
      vertex   3.897958e+01 4.400000e+01 -5.657619e+01
      vertex   3.875311e+01 4.700000e+01 -5.654637e+01
      vertex   3.897958e+01 4.700000e+01 -5.657619e+01
    endloop
  endfacet
  facet normal -3.826834e-01 0.000000e+00 -9.238795e-01
    outer loop
      vertex   3.897958e+01 4.400000e+01 -5.657619e+01
      vertex   3.897958e+01 4.700000e+01 -5.657619e+01
      vertex   3.919061e+01 4.400000e+01 -5.666360e+01
    endloop
  endfacet
  facet normal -3.826834e-01 0.000000e+00 -9.238795e-01
    outer loop
      vertex   3.919061e+01 4.400000e+01 -5.666360e+01
      vertex   3.897958e+01 4.700000e+01 -5.657619e+01
      vertex   3.919061e+01 4.700000e+01 -5.666360e+01
    endloop
  endfacet
  facet normal -6.087614e-01 0.000000e+00 -7.933533e-01
    outer loop
      vertex   3.919061e+01 4.400000e+01 -5.666360e+01
      vertex   3.919061e+01 4.700000e+01 -5.666360e+01
      vertex   3.937183e+01 4.400000e+01 -5.680266e+01
    endloop
  endfacet
  facet normal -6.087614e-01 0.000000e+00 -7.933533e-01
    outer loop
      vertex   3.937183e+01 4.400000e+01 -5.680266e+01
      vertex   3.919061e+01 4.700000e+01 -5.666360e+01
      vertex   3.937183e+01 4.700000e+01 -5.680266e+01
    endloop
  endfacet
  facet normal -7.933533e-01 0.000000e+00 -6.087614e-01
    outer loop
      vertex   3.937183e+01 4.400000e+01 -5.680266e+01
      vertex   3.937183e+01 4.700000e+01 -5.680266e+01
      vertex   3.951088e+01 4.400000e+01 -5.698387e+01
    endloop
  endfacet
  facet normal -7.933533e-01 0.000000e+00 -6.087614e-01
    outer loop
      vertex   3.951088e+01 4.400000e+01 -5.698387e+01
      vertex   3.937183e+01 4.700000e+01 -5.680266e+01
      vertex   3.951088e+01 4.700000e+01 -5.698387e+01
    endloop
  endfacet
  facet normal -9.238795e-01 0.000000e+00 -3.826834e-01
    outer loop
      vertex   3.951088e+01 4.400000e+01 -5.698387e+01
      vertex   3.951088e+01 4.700000e+01 -5.698387e+01
      vertex   3.959830e+01 4.400000e+01 -5.719491e+01
    endloop
  endfacet
  facet normal -9.238795e-01 2.188186e-15 -3.826834e-01
    outer loop
      vertex   3.959830e+01 4.400000e+01 -5.719491e+01
      vertex   3.951088e+01 4.700000e+01 -5.698387e+01
      vertex   3.959830e+01 4.700000e+01 -5.719491e+01
    endloop
  endfacet
  facet normal -9.914449e-01 -2.348213e-15 1.305262e-01
    outer loop
      vertex   3.959830e+01 5.000000e+01 -5.764784e+01
      vertex   3.959830e+01 4.700000e+01 -5.764784e+01
      vertex   3.962811e+01 5.000000e+01 -5.742137e+01
    endloop
  endfacet
  facet normal -9.914449e-01 0.000000e+00 1.305262e-01
    outer loop
      vertex   3.962811e+01 5.000000e+01 -5.742137e+01
      vertex   3.959830e+01 4.700000e+01 -5.764784e+01
      vertex   3.962811e+01 4.700000e+01 -5.742137e+01
    endloop
  endfacet
  facet normal -9.914449e-01 -0.000000e+00 -1.305262e-01
    outer loop
      vertex   3.962811e+01 5.000000e+01 -5.742137e+01
      vertex   3.962811e+01 4.700000e+01 -5.742137e+01
      vertex   3.959830e+01 5.000000e+01 -5.719491e+01
    endloop
  endfacet
  facet normal -9.914449e-01 -2.348213e-15 -1.305262e-01
    outer loop
      vertex   3.959830e+01 5.000000e+01 -5.719491e+01
      vertex   3.962811e+01 4.700000e+01 -5.742137e+01
      vertex   3.959830e+01 4.700000e+01 -5.719491e+01
    endloop
  endfacet
  facet normal -9.238795e-01 -2.188186e-15 -3.826834e-01
    outer loop
      vertex   3.959830e+01 5.000000e+01 -5.719491e+01
      vertex   3.959830e+01 4.700000e+01 -5.719491e+01
      vertex   3.951088e+01 5.000000e+01 -5.698387e+01
    endloop
  endfacet
  facet normal -9.238795e-01 -0.000000e+00 -3.826834e-01
    outer loop
      vertex   3.951088e+01 5.000000e+01 -5.698387e+01
      vertex   3.959830e+01 4.700000e+01 -5.719491e+01
      vertex   3.951088e+01 4.700000e+01 -5.698387e+01
    endloop
  endfacet
  facet normal -7.933533e-01 -0.000000e+00 -6.087614e-01
    outer loop
      vertex   3.951088e+01 5.000000e+01 -5.698387e+01
      vertex   3.951088e+01 4.700000e+01 -5.698387e+01
      vertex   3.937183e+01 5.000000e+01 -5.680266e+01
    endloop
  endfacet
  facet normal -7.933533e-01 -0.000000e+00 -6.087614e-01
    outer loop
      vertex   3.937183e+01 5.000000e+01 -5.680266e+01
      vertex   3.951088e+01 4.700000e+01 -5.698387e+01
      vertex   3.937183e+01 4.700000e+01 -5.680266e+01
    endloop
  endfacet
  facet normal -6.087614e-01 -0.000000e+00 -7.933533e-01
    outer loop
      vertex   3.937183e+01 5.000000e+01 -5.680266e+01
      vertex   3.937183e+01 4.700000e+01 -5.680266e+01
      vertex   3.919061e+01 5.000000e+01 -5.666360e+01
    endloop
  endfacet
  facet normal -6.087614e-01 -0.000000e+00 -7.933533e-01
    outer loop
      vertex   3.919061e+01 5.000000e+01 -5.666360e+01
      vertex   3.937183e+01 4.700000e+01 -5.680266e+01
      vertex   3.919061e+01 4.700000e+01 -5.666360e+01
    endloop
  endfacet
  facet normal -3.826834e-01 -0.000000e+00 -9.238795e-01
    outer loop
      vertex   3.919061e+01 5.000000e+01 -5.666360e+01
      vertex   3.919061e+01 4.700000e+01 -5.666360e+01
      vertex   3.897958e+01 5.000000e+01 -5.657619e+01
    endloop
  endfacet
  facet normal -3.826834e-01 -0.000000e+00 -9.238795e-01
    outer loop
      vertex   3.897958e+01 5.000000e+01 -5.657619e+01
      vertex   3.919061e+01 4.700000e+01 -5.666360e+01
      vertex   3.897958e+01 4.700000e+01 -5.657619e+01
    endloop
  endfacet
  facet normal -1.305262e-01 -0.000000e+00 -9.914449e-01
    outer loop
      vertex   3.897958e+01 5.000000e+01 -5.657619e+01
      vertex   3.897958e+01 4.700000e+01 -5.657619e+01
      vertex   3.875311e+01 5.000000e+01 -5.654637e+01
    endloop
  endfacet
  facet normal -1.305262e-01 -0.000000e+00 -9.914449e-01
    outer loop
      vertex   3.875311e+01 5.000000e+01 -5.654637e+01
      vertex   3.897958e+01 4.700000e+01 -5.657619e+01
      vertex   3.875311e+01 4.700000e+01 -5.654637e+01
    endloop
  endfacet
  facet normal 1.305262e-01 0.000000e+00 -9.914449e-01
    outer loop
      vertex   3.875311e+01 5.000000e+01 -5.654637e+01
      vertex   3.875311e+01 4.700000e+01 -5.654637e+01
      vertex   3.852665e+01 5.000000e+01 -5.657619e+01
    endloop
  endfacet
  facet normal 1.305262e-01 0.000000e+00 -9.914449e-01
    outer loop
      vertex   3.852665e+01 5.000000e+01 -5.657619e+01
      vertex   3.875311e+01 4.700000e+01 -5.654637e+01
      vertex   3.852665e+01 4.700000e+01 -5.657619e+01
    endloop
  endfacet
  facet normal 3.826834e-01 0.000000e+00 -9.238795e-01
    outer loop
      vertex   3.852665e+01 5.000000e+01 -5.657619e+01
      vertex   3.852665e+01 4.700000e+01 -5.657619e+01
      vertex   3.831561e+01 5.000000e+01 -5.666360e+01
    endloop
  endfacet
  facet normal 3.826834e-01 0.000000e+00 -9.238795e-01
    outer loop
      vertex   3.831561e+01 5.000000e+01 -5.666360e+01
      vertex   3.852665e+01 4.700000e+01 -5.657619e+01
      vertex   3.831561e+01 4.700000e+01 -5.666360e+01
    endloop
  endfacet
  facet normal 6.087614e-01 0.000000e+00 -7.933533e-01
    outer loop
      vertex   3.831561e+01 5.000000e+01 -5.666360e+01
      vertex   3.831561e+01 4.700000e+01 -5.666360e+01
      vertex   3.813439e+01 5.000000e+01 -5.680266e+01
    endloop
  endfacet
  facet normal 6.087614e-01 0.000000e+00 -7.933533e-01
    outer loop
      vertex   3.813439e+01 5.000000e+01 -5.680266e+01
      vertex   3.831561e+01 4.700000e+01 -5.666360e+01
      vertex   3.813439e+01 4.700000e+01 -5.680266e+01
    endloop
  endfacet
  facet normal 7.933533e-01 0.000000e+00 -6.087614e-01
    outer loop
      vertex   3.813439e+01 5.000000e+01 -5.680266e+01
      vertex   3.813439e+01 4.700000e+01 -5.680266e+01
      vertex   3.799534e+01 5.000000e+01 -5.698387e+01
    endloop
  endfacet
  facet normal 7.933533e-01 0.000000e+00 -6.087614e-01
    outer loop
      vertex   3.799534e+01 5.000000e+01 -5.698387e+01
      vertex   3.813439e+01 4.700000e+01 -5.680266e+01
      vertex   3.799534e+01 4.700000e+01 -5.698387e+01
    endloop
  endfacet
  facet normal 9.238795e-01 0.000000e+00 -3.826834e-01
    outer loop
      vertex   3.799534e+01 5.000000e+01 -5.698387e+01
      vertex   3.799534e+01 4.700000e+01 -5.698387e+01
      vertex   3.790793e+01 5.000000e+01 -5.719491e+01
    endloop
  endfacet
  facet normal 9.238795e-01 -2.188186e-15 -3.826834e-01
    outer loop
      vertex   3.790793e+01 5.000000e+01 -5.719491e+01
      vertex   3.799534e+01 4.700000e+01 -5.698387e+01
      vertex   3.790793e+01 4.700000e+01 -5.719491e+01
    endloop
  endfacet
  facet normal 9.914449e-01 -2.348213e-15 -1.305262e-01
    outer loop
      vertex   3.790793e+01 5.000000e+01 -5.719491e+01
      vertex   3.790793e+01 4.700000e+01 -5.719491e+01
      vertex   3.787811e+01 5.000000e+01 -5.742137e+01
    endloop
  endfacet
  facet normal 9.914449e-01 0.000000e+00 -1.305262e-01
    outer loop
      vertex   3.787811e+01 5.000000e+01 -5.742137e+01
      vertex   3.790793e+01 4.700000e+01 -5.719491e+01
      vertex   3.787811e+01 4.700000e+01 -5.742137e+01
    endloop
  endfacet
  facet normal 9.914449e-01 0.000000e+00 1.305262e-01
    outer loop
      vertex   3.787811e+01 5.000000e+01 -5.742137e+01
      vertex   3.787811e+01 4.700000e+01 -5.742137e+01
      vertex   3.790793e+01 5.000000e+01 -5.764784e+01
    endloop
  endfacet
  facet normal 9.914449e-01 -2.348213e-15 1.305262e-01
    outer loop
      vertex   3.790793e+01 5.000000e+01 -5.764784e+01
      vertex   3.787811e+01 4.700000e+01 -5.742137e+01
      vertex   3.790793e+01 4.700000e+01 -5.764784e+01
    endloop
  endfacet
  facet normal 9.238795e-01 -2.188186e-15 3.826834e-01
    outer loop
      vertex   3.790793e+01 5.000000e+01 -5.764784e+01
      vertex   3.790793e+01 4.700000e+01 -5.764784e+01
      vertex   3.799534e+01 5.000000e+01 -5.785887e+01
    endloop
  endfacet
  facet normal 9.238795e-01 0.000000e+00 3.826834e-01
    outer loop
      vertex   3.799534e+01 5.000000e+01 -5.785887e+01
      vertex   3.790793e+01 4.700000e+01 -5.764784e+01
      vertex   3.799534e+01 4.700000e+01 -5.785887e+01
    endloop
  endfacet
  facet normal 7.933533e-01 0.000000e+00 6.087614e-01
    outer loop
      vertex   3.799534e+01 5.000000e+01 -5.785887e+01
      vertex   3.799534e+01 4.700000e+01 -5.785887e+01
      vertex   3.813439e+01 5.000000e+01 -5.804009e+01
    endloop
  endfacet
  facet normal 7.933533e-01 0.000000e+00 6.087614e-01
    outer loop
      vertex   3.813439e+01 5.000000e+01 -5.804009e+01
      vertex   3.799534e+01 4.700000e+01 -5.785887e+01
      vertex   3.813439e+01 4.700000e+01 -5.804009e+01
    endloop
  endfacet
  facet normal 6.087614e-01 0.000000e+00 7.933533e-01
    outer loop
      vertex   3.813439e+01 5.000000e+01 -5.804009e+01
      vertex   3.813439e+01 4.700000e+01 -5.804009e+01
      vertex   3.831561e+01 5.000000e+01 -5.817915e+01
    endloop
  endfacet
  facet normal 6.087614e-01 0.000000e+00 7.933533e-01
    outer loop
      vertex   3.831561e+01 5.000000e+01 -5.817915e+01
      vertex   3.813439e+01 4.700000e+01 -5.804009e+01
      vertex   3.831561e+01 4.700000e+01 -5.817915e+01
    endloop
  endfacet
  facet normal 3.826834e-01 0.000000e+00 9.238795e-01
    outer loop
      vertex   3.831561e+01 5.000000e+01 -5.817915e+01
      vertex   3.831561e+01 4.700000e+01 -5.817915e+01
      vertex   3.852665e+01 5.000000e+01 -5.826656e+01
    endloop
  endfacet
  facet normal 3.826834e-01 0.000000e+00 9.238795e-01
    outer loop
      vertex   3.852665e+01 5.000000e+01 -5.826656e+01
      vertex   3.831561e+01 4.700000e+01 -5.817915e+01
      vertex   3.852665e+01 4.700000e+01 -5.826656e+01
    endloop
  endfacet
  facet normal 1.305262e-01 0.000000e+00 9.914449e-01
    outer loop
      vertex   3.852665e+01 5.000000e+01 -5.826656e+01
      vertex   3.852665e+01 4.700000e+01 -5.826656e+01
      vertex   3.875311e+01 5.000000e+01 -5.829637e+01
    endloop
  endfacet
  facet normal 1.305262e-01 0.000000e+00 9.914449e-01
    outer loop
      vertex   3.875311e+01 5.000000e+01 -5.829637e+01
      vertex   3.852665e+01 4.700000e+01 -5.826656e+01
      vertex   3.875311e+01 4.700000e+01 -5.829637e+01
    endloop
  endfacet
  facet normal -1.305262e-01 0.000000e+00 9.914449e-01
    outer loop
      vertex   3.875311e+01 5.000000e+01 -5.829637e+01
      vertex   3.875311e+01 4.700000e+01 -5.829637e+01
      vertex   3.897958e+01 5.000000e+01 -5.826656e+01
    endloop
  endfacet
  facet normal -1.305262e-01 0.000000e+00 9.914449e-01
    outer loop
      vertex   3.897958e+01 5.000000e+01 -5.826656e+01
      vertex   3.875311e+01 4.700000e+01 -5.829637e+01
      vertex   3.897958e+01 4.700000e+01 -5.826656e+01
    endloop
  endfacet
  facet normal -3.826834e-01 0.000000e+00 9.238795e-01
    outer loop
      vertex   3.897958e+01 5.000000e+01 -5.826656e+01
      vertex   3.897958e+01 4.700000e+01 -5.826656e+01
      vertex   3.919061e+01 5.000000e+01 -5.817915e+01
    endloop
  endfacet
  facet normal -3.826834e-01 0.000000e+00 9.238795e-01
    outer loop
      vertex   3.919061e+01 5.000000e+01 -5.817915e+01
      vertex   3.897958e+01 4.700000e+01 -5.826656e+01
      vertex   3.919061e+01 4.700000e+01 -5.817915e+01
    endloop
  endfacet
  facet normal -6.087614e-01 0.000000e+00 7.933533e-01
    outer loop
      vertex   3.919061e+01 5.000000e+01 -5.817915e+01
      vertex   3.919061e+01 4.700000e+01 -5.817915e+01
      vertex   3.937183e+01 5.000000e+01 -5.804009e+01
    endloop
  endfacet
  facet normal -6.087614e-01 0.000000e+00 7.933533e-01
    outer loop
      vertex   3.937183e+01 5.000000e+01 -5.804009e+01
      vertex   3.919061e+01 4.700000e+01 -5.817915e+01
      vertex   3.937183e+01 4.700000e+01 -5.804009e+01
    endloop
  endfacet
  facet normal -7.933533e-01 0.000000e+00 6.087614e-01
    outer loop
      vertex   3.937183e+01 5.000000e+01 -5.804009e+01
      vertex   3.937183e+01 4.700000e+01 -5.804009e+01
      vertex   3.951088e+01 5.000000e+01 -5.785887e+01
    endloop
  endfacet
  facet normal -7.933533e-01 0.000000e+00 6.087614e-01
    outer loop
      vertex   3.951088e+01 5.000000e+01 -5.785887e+01
      vertex   3.937183e+01 4.700000e+01 -5.804009e+01
      vertex   3.951088e+01 4.700000e+01 -5.785887e+01
    endloop
  endfacet
  facet normal -9.238795e-01 0.000000e+00 3.826834e-01
    outer loop
      vertex   3.951088e+01 5.000000e+01 -5.785887e+01
      vertex   3.951088e+01 4.700000e+01 -5.785887e+01
      vertex   3.959830e+01 5.000000e+01 -5.764784e+01
    endloop
  endfacet
  facet normal -9.238795e-01 -2.188186e-15 3.826834e-01
    outer loop
      vertex   3.959830e+01 5.000000e+01 -5.764784e+01
      vertex   3.951088e+01 4.700000e+01 -5.785887e+01
      vertex   3.959830e+01 4.700000e+01 -5.764784e+01
    endloop
  endfacet
  facet normal 0.000000e+00 1.000000e+00 -0.000000e+00
    outer loop
      vertex   3.959830e+01 4.400000e+01 -5.764784e+01
      vertex   3.790793e+01 4.400000e+01 -5.764784e+01
      vertex   3.962811e+01 4.400000e+01 -5.742137e+01
    endloop
  endfacet
  facet normal 0.000000e+00 1.000000e+00 0.000000e+00
    outer loop
      vertex   3.962811e+01 4.400000e+01 -5.742137e+01
      vertex   3.790793e+01 4.400000e+01 -5.764784e+01
      vertex   3.787811e+01 4.400000e+01 -5.742137e+01
    endloop
  endfacet
  facet normal 0.000000e+00 1.000000e+00 0.000000e+00
    outer loop
      vertex   3.962811e+01 4.400000e+01 -5.742137e+01
      vertex   3.787811e+01 4.400000e+01 -5.742137e+01
      vertex   3.959830e+01 4.400000e+01 -5.719491e+01
    endloop
  endfacet
  facet normal 0.000000e+00 1.000000e+00 0.000000e+00
    outer loop
      vertex   3.959830e+01 4.400000e+01 -5.719491e+01
      vertex   3.787811e+01 4.400000e+01 -5.742137e+01
      vertex   3.790793e+01 4.400000e+01 -5.719491e+01
    endloop
  endfacet
  facet normal 0.000000e+00 1.000000e+00 0.000000e+00
    outer loop
      vertex   3.959830e+01 4.400000e+01 -5.719491e+01
      vertex   3.790793e+01 4.400000e+01 -5.719491e+01
      vertex   3.951088e+01 4.400000e+01 -5.698387e+01
    endloop
  endfacet
  facet normal 0.000000e+00 1.000000e+00 0.000000e+00
    outer loop
      vertex   3.951088e+01 4.400000e+01 -5.698387e+01
      vertex   3.790793e+01 4.400000e+01 -5.719491e+01
      vertex   3.799534e+01 4.400000e+01 -5.698387e+01
    endloop
  endfacet
  facet normal 0.000000e+00 1.000000e+00 0.000000e+00
    outer loop
      vertex   3.951088e+01 4.400000e+01 -5.698387e+01
      vertex   3.799534e+01 4.400000e+01 -5.698387e+01
      vertex   3.937183e+01 4.400000e+01 -5.680266e+01
    endloop
  endfacet
  facet normal 0.000000e+00 1.000000e+00 0.000000e+00
    outer loop
      vertex   3.937183e+01 4.400000e+01 -5.680266e+01
      vertex   3.799534e+01 4.400000e+01 -5.698387e+01
      vertex   3.813439e+01 4.400000e+01 -5.680266e+01
    endloop
  endfacet
  facet normal 0.000000e+00 1.000000e+00 0.000000e+00
    outer loop
      vertex   3.937183e+01 4.400000e+01 -5.680266e+01
      vertex   3.813439e+01 4.400000e+01 -5.680266e+01
      vertex   3.919061e+01 4.400000e+01 -5.666360e+01
    endloop
  endfacet
  facet normal 0.000000e+00 1.000000e+00 0.000000e+00
    outer loop
      vertex   3.919061e+01 4.400000e+01 -5.666360e+01
      vertex   3.813439e+01 4.400000e+01 -5.680266e+01
      vertex   3.831561e+01 4.400000e+01 -5.666360e+01
    endloop
  endfacet
  facet normal 0.000000e+00 1.000000e+00 0.000000e+00
    outer loop
      vertex   3.919061e+01 4.400000e+01 -5.666360e+01
      vertex   3.831561e+01 4.400000e+01 -5.666360e+01
      vertex   3.897958e+01 4.400000e+01 -5.657619e+01
    endloop
  endfacet
  facet normal 0.000000e+00 1.000000e+00 0.000000e+00
    outer loop
      vertex   3.897958e+01 4.400000e+01 -5.657619e+01
      vertex   3.831561e+01 4.400000e+01 -5.666360e+01
      vertex   3.852665e+01 4.400000e+01 -5.657619e+01
    endloop
  endfacet
  facet normal 0.000000e+00 1.000000e+00 0.000000e+00
    outer loop
      vertex   3.897958e+01 4.400000e+01 -5.657619e+01
      vertex   3.852665e+01 4.400000e+01 -5.657619e+01
      vertex   3.875311e+01 4.400000e+01 -5.654637e+01
    endloop
  endfacet
  facet normal -0.000000e+00 1.000000e+00 0.000000e+00
    outer loop
      vertex   3.790793e+01 4.400000e+01 -5.764784e+01
      vertex   3.959830e+01 4.400000e+01 -5.764784e+01
      vertex   3.799534e+01 4.400000e+01 -5.785887e+01
    endloop
  endfacet
  facet normal 0.000000e+00 1.000000e+00 0.000000e+00
    outer loop
      vertex   3.799534e+01 4.400000e+01 -5.785887e+01
      vertex   3.959830e+01 4.400000e+01 -5.764784e+01
      vertex   3.951088e+01 4.400000e+01 -5.785887e+01
    endloop
  endfacet
  facet normal -0.000000e+00 1.000000e+00 0.000000e+00
    outer loop
      vertex   3.799534e+01 4.400000e+01 -5.785887e+01
      vertex   3.951088e+01 4.400000e+01 -5.785887e+01
      vertex   3.813439e+01 4.400000e+01 -5.804009e+01
    endloop
  endfacet
  facet normal 0.000000e+00 1.000000e+00 0.000000e+00
    outer loop
      vertex   3.813439e+01 4.400000e+01 -5.804009e+01
      vertex   3.951088e+01 4.400000e+01 -5.785887e+01
      vertex   3.937183e+01 4.400000e+01 -5.804009e+01
    endloop
  endfacet
  facet normal -0.000000e+00 1.000000e+00 0.000000e+00
    outer loop
      vertex   3.813439e+01 4.400000e+01 -5.804009e+01
      vertex   3.937183e+01 4.400000e+01 -5.804009e+01
      vertex   3.831561e+01 4.400000e+01 -5.817915e+01
    endloop
  endfacet
  facet normal 0.000000e+00 1.000000e+00 0.000000e+00
    outer loop
      vertex   3.831561e+01 4.400000e+01 -5.817915e+01
      vertex   3.937183e+01 4.400000e+01 -5.804009e+01
      vertex   3.919061e+01 4.400000e+01 -5.817915e+01
    endloop
  endfacet
  facet normal -0.000000e+00 1.000000e+00 0.000000e+00
    outer loop
      vertex   3.831561e+01 4.400000e+01 -5.817915e+01
      vertex   3.919061e+01 4.400000e+01 -5.817915e+01
      vertex   3.852665e+01 4.400000e+01 -5.826656e+01
    endloop
  endfacet
  facet normal 0.000000e+00 1.000000e+00 0.000000e+00
    outer loop
      vertex   3.852665e+01 4.400000e+01 -5.826656e+01
      vertex   3.919061e+01 4.400000e+01 -5.817915e+01
      vertex   3.897958e+01 4.400000e+01 -5.826656e+01
    endloop
  endfacet
  facet normal -0.000000e+00 1.000000e+00 0.000000e+00
    outer loop
      vertex   3.852665e+01 4.400000e+01 -5.826656e+01
      vertex   3.897958e+01 4.400000e+01 -5.826656e+01
      vertex   3.875311e+01 4.400000e+01 -5.829637e+01
    endloop
  endfacet
  facet normal -9.914449e-01 0.000000e+00 -1.305262e-01
    outer loop
      vertex   -5.849577e+01 4.400000e+01 -8.857081e+01
      vertex   -5.849577e+01 4.700000e+01 -8.857081e+01
      vertex   -5.846596e+01 4.400000e+01 -8.879728e+01
    endloop
  endfacet
  facet normal -9.914449e-01 0.000000e+00 -1.305262e-01
    outer loop
      vertex   -5.846596e+01 4.400000e+01 -8.879728e+01
      vertex   -5.849577e+01 4.700000e+01 -8.857081e+01
      vertex   -5.846596e+01 4.700000e+01 -8.879728e+01
    endloop
  endfacet
  facet normal -9.914449e-01 0.000000e+00 1.305262e-01
    outer loop
      vertex   -5.846596e+01 4.400000e+01 -8.879728e+01
      vertex   -5.846596e+01 4.700000e+01 -8.879728e+01
      vertex   -5.849577e+01 4.400000e+01 -8.902374e+01
    endloop
  endfacet
  facet normal -9.914449e-01 0.000000e+00 1.305262e-01
    outer loop
      vertex   -5.849577e+01 4.400000e+01 -8.902374e+01
      vertex   -5.846596e+01 4.700000e+01 -8.879728e+01
      vertex   -5.849577e+01 4.700000e+01 -8.902374e+01
    endloop
  endfacet
  facet normal -9.238795e-01 0.000000e+00 3.826834e-01
    outer loop
      vertex   -5.849577e+01 4.400000e+01 -8.902374e+01
      vertex   -5.849577e+01 4.700000e+01 -8.902374e+01
      vertex   -5.858318e+01 4.400000e+01 -8.923478e+01
    endloop
  endfacet
  facet normal -9.238795e-01 -2.188186e-15 3.826834e-01
    outer loop
      vertex   -5.858318e+01 4.400000e+01 -8.923478e+01
      vertex   -5.849577e+01 4.700000e+01 -8.902374e+01
      vertex   -5.858318e+01 4.700000e+01 -8.923478e+01
    endloop
  endfacet
  facet normal -7.933533e-01 -1.879038e-15 6.087614e-01
    outer loop
      vertex   -5.858318e+01 4.400000e+01 -8.923478e+01
      vertex   -5.858318e+01 4.700000e+01 -8.923478e+01
      vertex   -5.872224e+01 4.400000e+01 -8.941599e+01
    endloop
  endfacet
  facet normal -7.933533e-01 0.000000e+00 6.087614e-01
    outer loop
      vertex   -5.872224e+01 4.400000e+01 -8.941599e+01
      vertex   -5.858318e+01 4.700000e+01 -8.923478e+01
      vertex   -5.872224e+01 4.700000e+01 -8.941599e+01
    endloop
  endfacet
  facet normal -6.087614e-01 0.000000e+00 7.933533e-01
    outer loop
      vertex   -5.872224e+01 4.400000e+01 -8.941599e+01
      vertex   -5.872224e+01 4.700000e+01 -8.941599e+01
      vertex   -5.890346e+01 4.400000e+01 -8.955505e+01
    endloop
  endfacet
  facet normal -6.087614e-01 0.000000e+00 7.933533e-01
    outer loop
      vertex   -5.890346e+01 4.400000e+01 -8.955505e+01
      vertex   -5.872224e+01 4.700000e+01 -8.941599e+01
      vertex   -5.890346e+01 4.700000e+01 -8.955505e+01
    endloop
  endfacet
  facet normal -3.826834e-01 0.000000e+00 9.238795e-01
    outer loop
      vertex   -5.890346e+01 4.400000e+01 -8.955505e+01
      vertex   -5.890346e+01 4.700000e+01 -8.955505e+01
      vertex   -5.911449e+01 4.400000e+01 -8.964246e+01
    endloop
  endfacet
  facet normal -3.826834e-01 0.000000e+00 9.238795e-01
    outer loop
      vertex   -5.911449e+01 4.400000e+01 -8.964246e+01
      vertex   -5.890346e+01 4.700000e+01 -8.955505e+01
      vertex   -5.911449e+01 4.700000e+01 -8.964246e+01
    endloop
  endfacet
  facet normal -1.305262e-01 0.000000e+00 9.914449e-01
    outer loop
      vertex   -5.911449e+01 4.400000e+01 -8.964246e+01
      vertex   -5.911449e+01 4.700000e+01 -8.964246e+01
      vertex   -5.934096e+01 4.400000e+01 -8.967228e+01
    endloop
  endfacet
  facet normal -1.305262e-01 0.000000e+00 9.914449e-01
    outer loop
      vertex   -5.934096e+01 4.400000e+01 -8.967228e+01
      vertex   -5.911449e+01 4.700000e+01 -8.964246e+01
      vertex   -5.934096e+01 4.700000e+01 -8.967228e+01
    endloop
  endfacet
  facet normal 1.305262e-01 -0.000000e+00 9.914449e-01
    outer loop
      vertex   -5.934096e+01 4.400000e+01 -8.967228e+01
      vertex   -5.934096e+01 4.700000e+01 -8.967228e+01
      vertex   -5.956742e+01 4.400000e+01 -8.964246e+01
    endloop
  endfacet
  facet normal 1.305262e-01 -0.000000e+00 9.914449e-01
    outer loop
      vertex   -5.956742e+01 4.400000e+01 -8.964246e+01
      vertex   -5.934096e+01 4.700000e+01 -8.967228e+01
      vertex   -5.956742e+01 4.700000e+01 -8.964246e+01
    endloop
  endfacet
  facet normal 3.826834e-01 -0.000000e+00 9.238795e-01
    outer loop
      vertex   -5.956742e+01 4.400000e+01 -8.964246e+01
      vertex   -5.956742e+01 4.700000e+01 -8.964246e+01
      vertex   -5.977846e+01 4.400000e+01 -8.955505e+01
    endloop
  endfacet
  facet normal 3.826834e-01 -0.000000e+00 9.238795e-01
    outer loop
      vertex   -5.977846e+01 4.400000e+01 -8.955505e+01
      vertex   -5.956742e+01 4.700000e+01 -8.964246e+01
      vertex   -5.977846e+01 4.700000e+01 -8.955505e+01
    endloop
  endfacet
  facet normal 6.087614e-01 -0.000000e+00 7.933533e-01
    outer loop
      vertex   -5.977846e+01 4.400000e+01 -8.955505e+01
      vertex   -5.977846e+01 4.700000e+01 -8.955505e+01
      vertex   -5.995967e+01 4.400000e+01 -8.941599e+01
    endloop
  endfacet
  facet normal 6.087614e-01 -0.000000e+00 7.933533e-01
    outer loop
      vertex   -5.995967e+01 4.400000e+01 -8.941599e+01
      vertex   -5.977846e+01 4.700000e+01 -8.955505e+01
      vertex   -5.995967e+01 4.700000e+01 -8.941599e+01
    endloop
  endfacet
  facet normal 7.933533e-01 -0.000000e+00 6.087614e-01
    outer loop
      vertex   -5.995967e+01 4.400000e+01 -8.941599e+01
      vertex   -5.995967e+01 4.700000e+01 -8.941599e+01
      vertex   -6.009873e+01 4.400000e+01 -8.923478e+01
    endloop
  endfacet
  facet normal 7.933533e-01 -0.000000e+00 6.087614e-01
    outer loop
      vertex   -6.009873e+01 4.400000e+01 -8.923478e+01
      vertex   -5.995967e+01 4.700000e+01 -8.941599e+01
      vertex   -6.009873e+01 4.700000e+01 -8.923478e+01
    endloop
  endfacet
  facet normal 9.238795e-01 -0.000000e+00 3.826834e-01
    outer loop
      vertex   -6.009873e+01 4.400000e+01 -8.923478e+01
      vertex   -6.009873e+01 4.700000e+01 -8.923478e+01
      vertex   -6.018614e+01 4.400000e+01 -8.902374e+01
    endloop
  endfacet
  facet normal 9.238795e-01 -0.000000e+00 3.826834e-01
    outer loop
      vertex   -6.018614e+01 4.400000e+01 -8.902374e+01
      vertex   -6.009873e+01 4.700000e+01 -8.923478e+01
      vertex   -6.018614e+01 4.700000e+01 -8.902374e+01
    endloop
  endfacet
  facet normal 9.914449e-01 -0.000000e+00 1.305262e-01
    outer loop
      vertex   -6.018614e+01 4.400000e+01 -8.902374e+01
      vertex   -6.018614e+01 4.700000e+01 -8.902374e+01
      vertex   -6.021596e+01 4.400000e+01 -8.879728e+01
    endloop
  endfacet
  facet normal 9.914449e-01 -0.000000e+00 1.305262e-01
    outer loop
      vertex   -6.021596e+01 4.400000e+01 -8.879728e+01
      vertex   -6.018614e+01 4.700000e+01 -8.902374e+01
      vertex   -6.021596e+01 4.700000e+01 -8.879728e+01
    endloop
  endfacet
  facet normal 9.914449e-01 0.000000e+00 -1.305262e-01
    outer loop
      vertex   -6.021596e+01 4.400000e+01 -8.879728e+01
      vertex   -6.021596e+01 4.700000e+01 -8.879728e+01
      vertex   -6.018614e+01 4.400000e+01 -8.857081e+01
    endloop
  endfacet
  facet normal 9.914449e-01 0.000000e+00 -1.305262e-01
    outer loop
      vertex   -6.018614e+01 4.400000e+01 -8.857081e+01
      vertex   -6.021596e+01 4.700000e+01 -8.879728e+01
      vertex   -6.018614e+01 4.700000e+01 -8.857081e+01
    endloop
  endfacet
  facet normal 9.238795e-01 0.000000e+00 -3.826834e-01
    outer loop
      vertex   -6.018614e+01 4.400000e+01 -8.857081e+01
      vertex   -6.018614e+01 4.700000e+01 -8.857081e+01
      vertex   -6.009873e+01 4.400000e+01 -8.835978e+01
    endloop
  endfacet
  facet normal 9.238795e-01 -2.188186e-15 -3.826834e-01
    outer loop
      vertex   -6.009873e+01 4.400000e+01 -8.835978e+01
      vertex   -6.018614e+01 4.700000e+01 -8.857081e+01
      vertex   -6.009873e+01 4.700000e+01 -8.835978e+01
    endloop
  endfacet
  facet normal 7.933533e-01 -1.879038e-15 -6.087614e-01
    outer loop
      vertex   -6.009873e+01 4.400000e+01 -8.835978e+01
      vertex   -6.009873e+01 4.700000e+01 -8.835978e+01
      vertex   -5.995967e+01 4.400000e+01 -8.817856e+01
    endloop
  endfacet
  facet normal 7.933533e-01 0.000000e+00 -6.087614e-01
    outer loop
      vertex   -5.995967e+01 4.400000e+01 -8.817856e+01
      vertex   -6.009873e+01 4.700000e+01 -8.835978e+01
      vertex   -5.995967e+01 4.700000e+01 -8.817856e+01
    endloop
  endfacet
  facet normal 6.087614e-01 0.000000e+00 -7.933533e-01
    outer loop
      vertex   -5.995967e+01 4.400000e+01 -8.817856e+01
      vertex   -5.995967e+01 4.700000e+01 -8.817856e+01
      vertex   -5.977846e+01 4.400000e+01 -8.803950e+01
    endloop
  endfacet
  facet normal 6.087614e-01 0.000000e+00 -7.933533e-01
    outer loop
      vertex   -5.977846e+01 4.400000e+01 -8.803950e+01
      vertex   -5.995967e+01 4.700000e+01 -8.817856e+01
      vertex   -5.977846e+01 4.700000e+01 -8.803950e+01
    endloop
  endfacet
  facet normal 3.826834e-01 0.000000e+00 -9.238795e-01
    outer loop
      vertex   -5.977846e+01 4.400000e+01 -8.803950e+01
      vertex   -5.977846e+01 4.700000e+01 -8.803950e+01
      vertex   -5.956742e+01 4.400000e+01 -8.795209e+01
    endloop
  endfacet
  facet normal 3.826834e-01 0.000000e+00 -9.238795e-01
    outer loop
      vertex   -5.956742e+01 4.400000e+01 -8.795209e+01
      vertex   -5.977846e+01 4.700000e+01 -8.803950e+01
      vertex   -5.956742e+01 4.700000e+01 -8.795209e+01
    endloop
  endfacet
  facet normal 1.305262e-01 0.000000e+00 -9.914449e-01
    outer loop
      vertex   -5.956742e+01 4.400000e+01 -8.795209e+01
      vertex   -5.956742e+01 4.700000e+01 -8.795209e+01
      vertex   -5.934096e+01 4.400000e+01 -8.792228e+01
    endloop
  endfacet
  facet normal 1.305262e-01 0.000000e+00 -9.914449e-01
    outer loop
      vertex   -5.934096e+01 4.400000e+01 -8.792228e+01
      vertex   -5.956742e+01 4.700000e+01 -8.795209e+01
      vertex   -5.934096e+01 4.700000e+01 -8.792228e+01
    endloop
  endfacet
  facet normal -1.305262e-01 0.000000e+00 -9.914449e-01
    outer loop
      vertex   -5.934096e+01 4.400000e+01 -8.792228e+01
      vertex   -5.934096e+01 4.700000e+01 -8.792228e+01
      vertex   -5.911449e+01 4.400000e+01 -8.795209e+01
    endloop
  endfacet
  facet normal -1.305262e-01 0.000000e+00 -9.914449e-01
    outer loop
      vertex   -5.911449e+01 4.400000e+01 -8.795209e+01
      vertex   -5.934096e+01 4.700000e+01 -8.792228e+01
      vertex   -5.911449e+01 4.700000e+01 -8.795209e+01
    endloop
  endfacet
  facet normal -3.826834e-01 0.000000e+00 -9.238795e-01
    outer loop
      vertex   -5.911449e+01 4.400000e+01 -8.795209e+01
      vertex   -5.911449e+01 4.700000e+01 -8.795209e+01
      vertex   -5.890346e+01 4.400000e+01 -8.803950e+01
    endloop
  endfacet
  facet normal -3.826834e-01 0.000000e+00 -9.238795e-01
    outer loop
      vertex   -5.890346e+01 4.400000e+01 -8.803950e+01
      vertex   -5.911449e+01 4.700000e+01 -8.795209e+01
      vertex   -5.890346e+01 4.700000e+01 -8.803950e+01
    endloop
  endfacet
  facet normal -6.087614e-01 0.000000e+00 -7.933533e-01
    outer loop
      vertex   -5.890346e+01 4.400000e+01 -8.803950e+01
      vertex   -5.890346e+01 4.700000e+01 -8.803950e+01
      vertex   -5.872224e+01 4.400000e+01 -8.817856e+01
    endloop
  endfacet
  facet normal -6.087614e-01 0.000000e+00 -7.933533e-01
    outer loop
      vertex   -5.872224e+01 4.400000e+01 -8.817856e+01
      vertex   -5.890346e+01 4.700000e+01 -8.803950e+01
      vertex   -5.872224e+01 4.700000e+01 -8.817856e+01
    endloop
  endfacet
  facet normal -7.933533e-01 0.000000e+00 -6.087614e-01
    outer loop
      vertex   -5.872224e+01 4.400000e+01 -8.817856e+01
      vertex   -5.872224e+01 4.700000e+01 -8.817856e+01
      vertex   -5.858318e+01 4.400000e+01 -8.835978e+01
    endloop
  endfacet
  facet normal -7.933533e-01 0.000000e+00 -6.087614e-01
    outer loop
      vertex   -5.858318e+01 4.400000e+01 -8.835978e+01
      vertex   -5.872224e+01 4.700000e+01 -8.817856e+01
      vertex   -5.858318e+01 4.700000e+01 -8.835978e+01
    endloop
  endfacet
  facet normal -9.238795e-01 0.000000e+00 -3.826834e-01
    outer loop
      vertex   -5.858318e+01 4.400000e+01 -8.835978e+01
      vertex   -5.858318e+01 4.700000e+01 -8.835978e+01
      vertex   -5.849577e+01 4.400000e+01 -8.857081e+01
    endloop
  endfacet
  facet normal -9.238795e-01 0.000000e+00 -3.826834e-01
    outer loop
      vertex   -5.849577e+01 4.400000e+01 -8.857081e+01
      vertex   -5.858318e+01 4.700000e+01 -8.835978e+01
      vertex   -5.849577e+01 4.700000e+01 -8.857081e+01
    endloop
  endfacet
  facet normal -9.914449e-01 0.000000e+00 1.305262e-01
    outer loop
      vertex   -5.849577e+01 5.000000e+01 -8.902374e+01
      vertex   -5.849577e+01 4.700000e+01 -8.902374e+01
      vertex   -5.846596e+01 5.000000e+01 -8.879728e+01
    endloop
  endfacet
  facet normal -9.914449e-01 0.000000e+00 1.305262e-01
    outer loop
      vertex   -5.846596e+01 5.000000e+01 -8.879728e+01
      vertex   -5.849577e+01 4.700000e+01 -8.902374e+01
      vertex   -5.846596e+01 4.700000e+01 -8.879728e+01
    endloop
  endfacet
  facet normal -9.914449e-01 -0.000000e+00 -1.305262e-01
    outer loop
      vertex   -5.846596e+01 5.000000e+01 -8.879728e+01
      vertex   -5.846596e+01 4.700000e+01 -8.879728e+01
      vertex   -5.849577e+01 5.000000e+01 -8.857081e+01
    endloop
  endfacet
  facet normal -9.914449e-01 -0.000000e+00 -1.305262e-01
    outer loop
      vertex   -5.849577e+01 5.000000e+01 -8.857081e+01
      vertex   -5.846596e+01 4.700000e+01 -8.879728e+01
      vertex   -5.849577e+01 4.700000e+01 -8.857081e+01
    endloop
  endfacet
  facet normal -9.238795e-01 -0.000000e+00 -3.826834e-01
    outer loop
      vertex   -5.849577e+01 5.000000e+01 -8.857081e+01
      vertex   -5.849577e+01 4.700000e+01 -8.857081e+01
      vertex   -5.858318e+01 5.000000e+01 -8.835978e+01
    endloop
  endfacet
  facet normal -9.238795e-01 -0.000000e+00 -3.826834e-01
    outer loop
      vertex   -5.858318e+01 5.000000e+01 -8.835978e+01
      vertex   -5.849577e+01 4.700000e+01 -8.857081e+01
      vertex   -5.858318e+01 4.700000e+01 -8.835978e+01
    endloop
  endfacet
  facet normal -7.933533e-01 -0.000000e+00 -6.087614e-01
    outer loop
      vertex   -5.858318e+01 5.000000e+01 -8.835978e+01
      vertex   -5.858318e+01 4.700000e+01 -8.835978e+01
      vertex   -5.872224e+01 5.000000e+01 -8.817856e+01
    endloop
  endfacet
  facet normal -7.933533e-01 -0.000000e+00 -6.087614e-01
    outer loop
      vertex   -5.872224e+01 5.000000e+01 -8.817856e+01
      vertex   -5.858318e+01 4.700000e+01 -8.835978e+01
      vertex   -5.872224e+01 4.700000e+01 -8.817856e+01
    endloop
  endfacet
  facet normal -6.087614e-01 -0.000000e+00 -7.933533e-01
    outer loop
      vertex   -5.872224e+01 5.000000e+01 -8.817856e+01
      vertex   -5.872224e+01 4.700000e+01 -8.817856e+01
      vertex   -5.890346e+01 5.000000e+01 -8.803950e+01
    endloop
  endfacet
  facet normal -6.087614e-01 -0.000000e+00 -7.933533e-01
    outer loop
      vertex   -5.890346e+01 5.000000e+01 -8.803950e+01
      vertex   -5.872224e+01 4.700000e+01 -8.817856e+01
      vertex   -5.890346e+01 4.700000e+01 -8.803950e+01
    endloop
  endfacet
  facet normal -3.826834e-01 -0.000000e+00 -9.238795e-01
    outer loop
      vertex   -5.890346e+01 5.000000e+01 -8.803950e+01
      vertex   -5.890346e+01 4.700000e+01 -8.803950e+01
      vertex   -5.911449e+01 5.000000e+01 -8.795209e+01
    endloop
  endfacet
  facet normal -3.826834e-01 -0.000000e+00 -9.238795e-01
    outer loop
      vertex   -5.911449e+01 5.000000e+01 -8.795209e+01
      vertex   -5.890346e+01 4.700000e+01 -8.803950e+01
      vertex   -5.911449e+01 4.700000e+01 -8.795209e+01
    endloop
  endfacet
  facet normal -1.305262e-01 -0.000000e+00 -9.914449e-01
    outer loop
      vertex   -5.911449e+01 5.000000e+01 -8.795209e+01
      vertex   -5.911449e+01 4.700000e+01 -8.795209e+01
      vertex   -5.934096e+01 5.000000e+01 -8.792228e+01
    endloop
  endfacet
  facet normal -1.305262e-01 -0.000000e+00 -9.914449e-01
    outer loop
      vertex   -5.934096e+01 5.000000e+01 -8.792228e+01
      vertex   -5.911449e+01 4.700000e+01 -8.795209e+01
      vertex   -5.934096e+01 4.700000e+01 -8.792228e+01
    endloop
  endfacet
  facet normal 1.305262e-01 0.000000e+00 -9.914449e-01
    outer loop
      vertex   -5.934096e+01 5.000000e+01 -8.792228e+01
      vertex   -5.934096e+01 4.700000e+01 -8.792228e+01
      vertex   -5.956742e+01 5.000000e+01 -8.795209e+01
    endloop
  endfacet
  facet normal 1.305262e-01 0.000000e+00 -9.914449e-01
    outer loop
      vertex   -5.956742e+01 5.000000e+01 -8.795209e+01
      vertex   -5.934096e+01 4.700000e+01 -8.792228e+01
      vertex   -5.956742e+01 4.700000e+01 -8.795209e+01
    endloop
  endfacet
  facet normal 3.826834e-01 0.000000e+00 -9.238795e-01
    outer loop
      vertex   -5.956742e+01 5.000000e+01 -8.795209e+01
      vertex   -5.956742e+01 4.700000e+01 -8.795209e+01
      vertex   -5.977846e+01 5.000000e+01 -8.803950e+01
    endloop
  endfacet
  facet normal 3.826834e-01 0.000000e+00 -9.238795e-01
    outer loop
      vertex   -5.977846e+01 5.000000e+01 -8.803950e+01
      vertex   -5.956742e+01 4.700000e+01 -8.795209e+01
      vertex   -5.977846e+01 4.700000e+01 -8.803950e+01
    endloop
  endfacet
  facet normal 6.087614e-01 0.000000e+00 -7.933533e-01
    outer loop
      vertex   -5.977846e+01 5.000000e+01 -8.803950e+01
      vertex   -5.977846e+01 4.700000e+01 -8.803950e+01
      vertex   -5.995967e+01 5.000000e+01 -8.817856e+01
    endloop
  endfacet
  facet normal 6.087614e-01 0.000000e+00 -7.933533e-01
    outer loop
      vertex   -5.995967e+01 5.000000e+01 -8.817856e+01
      vertex   -5.977846e+01 4.700000e+01 -8.803950e+01
      vertex   -5.995967e+01 4.700000e+01 -8.817856e+01
    endloop
  endfacet
  facet normal 7.933533e-01 0.000000e+00 -6.087614e-01
    outer loop
      vertex   -5.995967e+01 5.000000e+01 -8.817856e+01
      vertex   -5.995967e+01 4.700000e+01 -8.817856e+01
      vertex   -6.009873e+01 5.000000e+01 -8.835978e+01
    endloop
  endfacet
  facet normal 7.933533e-01 1.879038e-15 -6.087614e-01
    outer loop
      vertex   -6.009873e+01 5.000000e+01 -8.835978e+01
      vertex   -5.995967e+01 4.700000e+01 -8.817856e+01
      vertex   -6.009873e+01 4.700000e+01 -8.835978e+01
    endloop
  endfacet
  facet normal 9.238795e-01 2.188186e-15 -3.826834e-01
    outer loop
      vertex   -6.009873e+01 5.000000e+01 -8.835978e+01
      vertex   -6.009873e+01 4.700000e+01 -8.835978e+01
      vertex   -6.018614e+01 5.000000e+01 -8.857081e+01
    endloop
  endfacet
  facet normal 9.238795e-01 0.000000e+00 -3.826834e-01
    outer loop
      vertex   -6.018614e+01 5.000000e+01 -8.857081e+01
      vertex   -6.009873e+01 4.700000e+01 -8.835978e+01
      vertex   -6.018614e+01 4.700000e+01 -8.857081e+01
    endloop
  endfacet
  facet normal 9.914449e-01 0.000000e+00 -1.305262e-01
    outer loop
      vertex   -6.018614e+01 5.000000e+01 -8.857081e+01
      vertex   -6.018614e+01 4.700000e+01 -8.857081e+01
      vertex   -6.021596e+01 5.000000e+01 -8.879728e+01
    endloop
  endfacet
  facet normal 9.914449e-01 0.000000e+00 -1.305262e-01
    outer loop
      vertex   -6.021596e+01 5.000000e+01 -8.879728e+01
      vertex   -6.018614e+01 4.700000e+01 -8.857081e+01
      vertex   -6.021596e+01 4.700000e+01 -8.879728e+01
    endloop
  endfacet
  facet normal 9.914449e-01 0.000000e+00 1.305262e-01
    outer loop
      vertex   -6.021596e+01 5.000000e+01 -8.879728e+01
      vertex   -6.021596e+01 4.700000e+01 -8.879728e+01
      vertex   -6.018614e+01 5.000000e+01 -8.902374e+01
    endloop
  endfacet
  facet normal 9.914449e-01 0.000000e+00 1.305262e-01
    outer loop
      vertex   -6.018614e+01 5.000000e+01 -8.902374e+01
      vertex   -6.021596e+01 4.700000e+01 -8.879728e+01
      vertex   -6.018614e+01 4.700000e+01 -8.902374e+01
    endloop
  endfacet
  facet normal 9.238795e-01 0.000000e+00 3.826834e-01
    outer loop
      vertex   -6.018614e+01 5.000000e+01 -8.902374e+01
      vertex   -6.018614e+01 4.700000e+01 -8.902374e+01
      vertex   -6.009873e+01 5.000000e+01 -8.923478e+01
    endloop
  endfacet
  facet normal 9.238795e-01 0.000000e+00 3.826834e-01
    outer loop
      vertex   -6.009873e+01 5.000000e+01 -8.923478e+01
      vertex   -6.018614e+01 4.700000e+01 -8.902374e+01
      vertex   -6.009873e+01 4.700000e+01 -8.923478e+01
    endloop
  endfacet
  facet normal 7.933533e-01 0.000000e+00 6.087614e-01
    outer loop
      vertex   -6.009873e+01 5.000000e+01 -8.923478e+01
      vertex   -6.009873e+01 4.700000e+01 -8.923478e+01
      vertex   -5.995967e+01 5.000000e+01 -8.941599e+01
    endloop
  endfacet
  facet normal 7.933533e-01 0.000000e+00 6.087614e-01
    outer loop
      vertex   -5.995967e+01 5.000000e+01 -8.941599e+01
      vertex   -6.009873e+01 4.700000e+01 -8.923478e+01
      vertex   -5.995967e+01 4.700000e+01 -8.941599e+01
    endloop
  endfacet
  facet normal 6.087614e-01 0.000000e+00 7.933533e-01
    outer loop
      vertex   -5.995967e+01 5.000000e+01 -8.941599e+01
      vertex   -5.995967e+01 4.700000e+01 -8.941599e+01
      vertex   -5.977846e+01 5.000000e+01 -8.955505e+01
    endloop
  endfacet
  facet normal 6.087614e-01 0.000000e+00 7.933533e-01
    outer loop
      vertex   -5.977846e+01 5.000000e+01 -8.955505e+01
      vertex   -5.995967e+01 4.700000e+01 -8.941599e+01
      vertex   -5.977846e+01 4.700000e+01 -8.955505e+01
    endloop
  endfacet
  facet normal 3.826834e-01 0.000000e+00 9.238795e-01
    outer loop
      vertex   -5.977846e+01 5.000000e+01 -8.955505e+01
      vertex   -5.977846e+01 4.700000e+01 -8.955505e+01
      vertex   -5.956742e+01 5.000000e+01 -8.964246e+01
    endloop
  endfacet
  facet normal 3.826834e-01 0.000000e+00 9.238795e-01
    outer loop
      vertex   -5.956742e+01 5.000000e+01 -8.964246e+01
      vertex   -5.977846e+01 4.700000e+01 -8.955505e+01
      vertex   -5.956742e+01 4.700000e+01 -8.964246e+01
    endloop
  endfacet
  facet normal 1.305262e-01 0.000000e+00 9.914449e-01
    outer loop
      vertex   -5.956742e+01 5.000000e+01 -8.964246e+01
      vertex   -5.956742e+01 4.700000e+01 -8.964246e+01
      vertex   -5.934096e+01 5.000000e+01 -8.967228e+01
    endloop
  endfacet
  facet normal 1.305262e-01 0.000000e+00 9.914449e-01
    outer loop
      vertex   -5.934096e+01 5.000000e+01 -8.967228e+01
      vertex   -5.956742e+01 4.700000e+01 -8.964246e+01
      vertex   -5.934096e+01 4.700000e+01 -8.967228e+01
    endloop
  endfacet
  facet normal -1.305262e-01 0.000000e+00 9.914449e-01
    outer loop
      vertex   -5.934096e+01 5.000000e+01 -8.967228e+01
      vertex   -5.934096e+01 4.700000e+01 -8.967228e+01
      vertex   -5.911449e+01 5.000000e+01 -8.964246e+01
    endloop
  endfacet
  facet normal -1.305262e-01 0.000000e+00 9.914449e-01
    outer loop
      vertex   -5.911449e+01 5.000000e+01 -8.964246e+01
      vertex   -5.934096e+01 4.700000e+01 -8.967228e+01
      vertex   -5.911449e+01 4.700000e+01 -8.964246e+01
    endloop
  endfacet
  facet normal -3.826834e-01 0.000000e+00 9.238795e-01
    outer loop
      vertex   -5.911449e+01 5.000000e+01 -8.964246e+01
      vertex   -5.911449e+01 4.700000e+01 -8.964246e+01
      vertex   -5.890346e+01 5.000000e+01 -8.955505e+01
    endloop
  endfacet
  facet normal -3.826834e-01 0.000000e+00 9.238795e-01
    outer loop
      vertex   -5.890346e+01 5.000000e+01 -8.955505e+01
      vertex   -5.911449e+01 4.700000e+01 -8.964246e+01
      vertex   -5.890346e+01 4.700000e+01 -8.955505e+01
    endloop
  endfacet
  facet normal -6.087614e-01 0.000000e+00 7.933533e-01
    outer loop
      vertex   -5.890346e+01 5.000000e+01 -8.955505e+01
      vertex   -5.890346e+01 4.700000e+01 -8.955505e+01
      vertex   -5.872224e+01 5.000000e+01 -8.941599e+01
    endloop
  endfacet
  facet normal -6.087614e-01 0.000000e+00 7.933533e-01
    outer loop
      vertex   -5.872224e+01 5.000000e+01 -8.941599e+01
      vertex   -5.890346e+01 4.700000e+01 -8.955505e+01
      vertex   -5.872224e+01 4.700000e+01 -8.941599e+01
    endloop
  endfacet
  facet normal -7.933533e-01 0.000000e+00 6.087614e-01
    outer loop
      vertex   -5.872224e+01 5.000000e+01 -8.941599e+01
      vertex   -5.872224e+01 4.700000e+01 -8.941599e+01
      vertex   -5.858318e+01 5.000000e+01 -8.923478e+01
    endloop
  endfacet
  facet normal -7.933533e-01 1.879038e-15 6.087614e-01
    outer loop
      vertex   -5.858318e+01 5.000000e+01 -8.923478e+01
      vertex   -5.872224e+01 4.700000e+01 -8.941599e+01
      vertex   -5.858318e+01 4.700000e+01 -8.923478e+01
    endloop
  endfacet
  facet normal -9.238795e-01 2.188186e-15 3.826834e-01
    outer loop
      vertex   -5.858318e+01 5.000000e+01 -8.923478e+01
      vertex   -5.858318e+01 4.700000e+01 -8.923478e+01
      vertex   -5.849577e+01 5.000000e+01 -8.902374e+01
    endloop
  endfacet
  facet normal -9.238795e-01 0.000000e+00 3.826834e-01
    outer loop
      vertex   -5.849577e+01 5.000000e+01 -8.902374e+01
      vertex   -5.858318e+01 4.700000e+01 -8.923478e+01
      vertex   -5.849577e+01 4.700000e+01 -8.902374e+01
    endloop
  endfacet
  facet normal 0.000000e+00 1.000000e+00 -0.000000e+00
    outer loop
      vertex   -5.849577e+01 4.400000e+01 -8.902374e+01
      vertex   -6.018614e+01 4.400000e+01 -8.902374e+01
      vertex   -5.846596e+01 4.400000e+01 -8.879728e+01
    endloop
  endfacet
  facet normal 0.000000e+00 1.000000e+00 0.000000e+00
    outer loop
      vertex   -5.846596e+01 4.400000e+01 -8.879728e+01
      vertex   -6.018614e+01 4.400000e+01 -8.902374e+01
      vertex   -6.021596e+01 4.400000e+01 -8.879728e+01
    endloop
  endfacet
  facet normal 0.000000e+00 1.000000e+00 0.000000e+00
    outer loop
      vertex   -5.846596e+01 4.400000e+01 -8.879728e+01
      vertex   -6.021596e+01 4.400000e+01 -8.879728e+01
      vertex   -5.849577e+01 4.400000e+01 -8.857081e+01
    endloop
  endfacet
  facet normal 0.000000e+00 1.000000e+00 0.000000e+00
    outer loop
      vertex   -5.849577e+01 4.400000e+01 -8.857081e+01
      vertex   -6.021596e+01 4.400000e+01 -8.879728e+01
      vertex   -6.018614e+01 4.400000e+01 -8.857081e+01
    endloop
  endfacet
  facet normal 0.000000e+00 1.000000e+00 0.000000e+00
    outer loop
      vertex   -5.849577e+01 4.400000e+01 -8.857081e+01
      vertex   -6.018614e+01 4.400000e+01 -8.857081e+01
      vertex   -5.858318e+01 4.400000e+01 -8.835978e+01
    endloop
  endfacet
  facet normal 0.000000e+00 1.000000e+00 0.000000e+00
    outer loop
      vertex   -5.858318e+01 4.400000e+01 -8.835978e+01
      vertex   -6.018614e+01 4.400000e+01 -8.857081e+01
      vertex   -6.009873e+01 4.400000e+01 -8.835978e+01
    endloop
  endfacet
  facet normal 0.000000e+00 1.000000e+00 0.000000e+00
    outer loop
      vertex   -5.858318e+01 4.400000e+01 -8.835978e+01
      vertex   -6.009873e+01 4.400000e+01 -8.835978e+01
      vertex   -5.872224e+01 4.400000e+01 -8.817856e+01
    endloop
  endfacet
  facet normal 0.000000e+00 1.000000e+00 0.000000e+00
    outer loop
      vertex   -5.872224e+01 4.400000e+01 -8.817856e+01
      vertex   -6.009873e+01 4.400000e+01 -8.835978e+01
      vertex   -5.995967e+01 4.400000e+01 -8.817856e+01
    endloop
  endfacet
  facet normal 0.000000e+00 1.000000e+00 0.000000e+00
    outer loop
      vertex   -5.872224e+01 4.400000e+01 -8.817856e+01
      vertex   -5.995967e+01 4.400000e+01 -8.817856e+01
      vertex   -5.890346e+01 4.400000e+01 -8.803950e+01
    endloop
  endfacet
  facet normal 0.000000e+00 1.000000e+00 0.000000e+00
    outer loop
      vertex   -5.890346e+01 4.400000e+01 -8.803950e+01
      vertex   -5.995967e+01 4.400000e+01 -8.817856e+01
      vertex   -5.977846e+01 4.400000e+01 -8.803950e+01
    endloop
  endfacet
  facet normal 0.000000e+00 1.000000e+00 0.000000e+00
    outer loop
      vertex   -5.890346e+01 4.400000e+01 -8.803950e+01
      vertex   -5.977846e+01 4.400000e+01 -8.803950e+01
      vertex   -5.911449e+01 4.400000e+01 -8.795209e+01
    endloop
  endfacet
  facet normal 0.000000e+00 1.000000e+00 0.000000e+00
    outer loop
      vertex   -5.911449e+01 4.400000e+01 -8.795209e+01
      vertex   -5.977846e+01 4.400000e+01 -8.803950e+01
      vertex   -5.956742e+01 4.400000e+01 -8.795209e+01
    endloop
  endfacet
  facet normal 0.000000e+00 1.000000e+00 0.000000e+00
    outer loop
      vertex   -5.911449e+01 4.400000e+01 -8.795209e+01
      vertex   -5.956742e+01 4.400000e+01 -8.795209e+01
      vertex   -5.934096e+01 4.400000e+01 -8.792228e+01
    endloop
  endfacet
  facet normal -0.000000e+00 1.000000e+00 0.000000e+00
    outer loop
      vertex   -6.018614e+01 4.400000e+01 -8.902374e+01
      vertex   -5.849577e+01 4.400000e+01 -8.902374e+01
      vertex   -6.009873e+01 4.400000e+01 -8.923478e+01
    endloop
  endfacet
  facet normal -0.000000e+00 1.000000e+00 0.000000e+00
    outer loop
      vertex   -6.009873e+01 4.400000e+01 -8.923478e+01
      vertex   -5.849577e+01 4.400000e+01 -8.902374e+01
      vertex   -5.858318e+01 4.400000e+01 -8.923478e+01
    endloop
  endfacet
  facet normal 0.000000e+00 1.000000e+00 0.000000e+00
    outer loop
      vertex   -6.009873e+01 4.400000e+01 -8.923478e+01
      vertex   -5.858318e+01 4.400000e+01 -8.923478e+01
      vertex   -5.995967e+01 4.400000e+01 -8.941599e+01
    endloop
  endfacet
  facet normal 0.000000e+00 1.000000e+00 0.000000e+00
    outer loop
      vertex   -5.995967e+01 4.400000e+01 -8.941599e+01
      vertex   -5.858318e+01 4.400000e+01 -8.923478e+01
      vertex   -5.872224e+01 4.400000e+01 -8.941599e+01
    endloop
  endfacet
  facet normal -0.000000e+00 1.000000e+00 0.000000e+00
    outer loop
      vertex   -5.995967e+01 4.400000e+01 -8.941599e+01
      vertex   -5.872224e+01 4.400000e+01 -8.941599e+01
      vertex   -5.977846e+01 4.400000e+01 -8.955505e+01
    endloop
  endfacet
  facet normal 0.000000e+00 1.000000e+00 0.000000e+00
    outer loop
      vertex   -5.977846e+01 4.400000e+01 -8.955505e+01
      vertex   -5.872224e+01 4.400000e+01 -8.941599e+01
      vertex   -5.890346e+01 4.400000e+01 -8.955505e+01
    endloop
  endfacet
  facet normal -0.000000e+00 1.000000e+00 0.000000e+00
    outer loop
      vertex   -5.977846e+01 4.400000e+01 -8.955505e+01
      vertex   -5.890346e+01 4.400000e+01 -8.955505e+01
      vertex   -5.956742e+01 4.400000e+01 -8.964246e+01
    endloop
  endfacet
  facet normal 0.000000e+00 1.000000e+00 0.000000e+00
    outer loop
      vertex   -5.956742e+01 4.400000e+01 -8.964246e+01
      vertex   -5.890346e+01 4.400000e+01 -8.955505e+01
      vertex   -5.911449e+01 4.400000e+01 -8.964246e+01
    endloop
  endfacet
  facet normal -0.000000e+00 1.000000e+00 0.000000e+00
    outer loop
      vertex   -5.956742e+01 4.400000e+01 -8.964246e+01
      vertex   -5.911449e+01 4.400000e+01 -8.964246e+01
      vertex   -5.934096e+01 4.400000e+01 -8.967228e+01
    endloop
  endfacet
  facet normal -9.914449e-01 0.000000e+00 -1.305262e-01
    outer loop
      vertex   3.959830e+01 4.400000e+01 -8.857081e+01
      vertex   3.959830e+01 4.700000e+01 -8.857081e+01
      vertex   3.962811e+01 4.400000e+01 -8.879728e+01
    endloop
  endfacet
  facet normal -9.914449e-01 0.000000e+00 -1.305262e-01
    outer loop
      vertex   3.962811e+01 4.400000e+01 -8.879728e+01
      vertex   3.959830e+01 4.700000e+01 -8.857081e+01
      vertex   3.962811e+01 4.700000e+01 -8.879728e+01
    endloop
  endfacet
  facet normal -9.914449e-01 0.000000e+00 1.305262e-01
    outer loop
      vertex   3.962811e+01 4.400000e+01 -8.879728e+01
      vertex   3.962811e+01 4.700000e+01 -8.879728e+01
      vertex   3.959830e+01 4.400000e+01 -8.902374e+01
    endloop
  endfacet
  facet normal -9.914449e-01 0.000000e+00 1.305262e-01
    outer loop
      vertex   3.959830e+01 4.400000e+01 -8.902374e+01
      vertex   3.962811e+01 4.700000e+01 -8.879728e+01
      vertex   3.959830e+01 4.700000e+01 -8.902374e+01
    endloop
  endfacet
  facet normal -9.238795e-01 0.000000e+00 3.826834e-01
    outer loop
      vertex   3.959830e+01 4.400000e+01 -8.902374e+01
      vertex   3.959830e+01 4.700000e+01 -8.902374e+01
      vertex   3.951088e+01 4.400000e+01 -8.923478e+01
    endloop
  endfacet
  facet normal -9.238795e-01 0.000000e+00 3.826834e-01
    outer loop
      vertex   3.951088e+01 4.400000e+01 -8.923478e+01
      vertex   3.959830e+01 4.700000e+01 -8.902374e+01
      vertex   3.951088e+01 4.700000e+01 -8.923478e+01
    endloop
  endfacet
  facet normal -7.933533e-01 0.000000e+00 6.087614e-01
    outer loop
      vertex   3.951088e+01 4.400000e+01 -8.923478e+01
      vertex   3.951088e+01 4.700000e+01 -8.923478e+01
      vertex   3.937183e+01 4.400000e+01 -8.941599e+01
    endloop
  endfacet
  facet normal -7.933533e-01 1.879038e-15 6.087614e-01
    outer loop
      vertex   3.937183e+01 4.400000e+01 -8.941599e+01
      vertex   3.951088e+01 4.700000e+01 -8.923478e+01
      vertex   3.937183e+01 4.700000e+01 -8.941599e+01
    endloop
  endfacet
  facet normal -6.087614e-01 1.441837e-15 7.933533e-01
    outer loop
      vertex   3.937183e+01 4.400000e+01 -8.941599e+01
      vertex   3.937183e+01 4.700000e+01 -8.941599e+01
      vertex   3.919061e+01 4.400000e+01 -8.955505e+01
    endloop
  endfacet
  facet normal -6.087614e-01 0.000000e+00 7.933533e-01
    outer loop
      vertex   3.919061e+01 4.400000e+01 -8.955505e+01
      vertex   3.937183e+01 4.700000e+01 -8.941599e+01
      vertex   3.919061e+01 4.700000e+01 -8.955505e+01
    endloop
  endfacet
  facet normal -3.826834e-01 0.000000e+00 9.238795e-01
    outer loop
      vertex   3.919061e+01 4.400000e+01 -8.955505e+01
      vertex   3.919061e+01 4.700000e+01 -8.955505e+01
      vertex   3.897958e+01 4.400000e+01 -8.964246e+01
    endloop
  endfacet
  facet normal -3.826834e-01 0.000000e+00 9.238795e-01
    outer loop
      vertex   3.897958e+01 4.400000e+01 -8.964246e+01
      vertex   3.919061e+01 4.700000e+01 -8.955505e+01
      vertex   3.897958e+01 4.700000e+01 -8.964246e+01
    endloop
  endfacet
  facet normal -1.305262e-01 0.000000e+00 9.914449e-01
    outer loop
      vertex   3.897958e+01 4.400000e+01 -8.964246e+01
      vertex   3.897958e+01 4.700000e+01 -8.964246e+01
      vertex   3.875311e+01 4.400000e+01 -8.967228e+01
    endloop
  endfacet
  facet normal -1.305262e-01 0.000000e+00 9.914449e-01
    outer loop
      vertex   3.875311e+01 4.400000e+01 -8.967228e+01
      vertex   3.897958e+01 4.700000e+01 -8.964246e+01
      vertex   3.875311e+01 4.700000e+01 -8.967228e+01
    endloop
  endfacet
  facet normal 1.305262e-01 -0.000000e+00 9.914449e-01
    outer loop
      vertex   3.875311e+01 4.400000e+01 -8.967228e+01
      vertex   3.875311e+01 4.700000e+01 -8.967228e+01
      vertex   3.852665e+01 4.400000e+01 -8.964246e+01
    endloop
  endfacet
  facet normal 1.305262e-01 -0.000000e+00 9.914449e-01
    outer loop
      vertex   3.852665e+01 4.400000e+01 -8.964246e+01
      vertex   3.875311e+01 4.700000e+01 -8.967228e+01
      vertex   3.852665e+01 4.700000e+01 -8.964246e+01
    endloop
  endfacet
  facet normal 3.826834e-01 -0.000000e+00 9.238795e-01
    outer loop
      vertex   3.852665e+01 4.400000e+01 -8.964246e+01
      vertex   3.852665e+01 4.700000e+01 -8.964246e+01
      vertex   3.831561e+01 4.400000e+01 -8.955505e+01
    endloop
  endfacet
  facet normal 3.826834e-01 -0.000000e+00 9.238795e-01
    outer loop
      vertex   3.831561e+01 4.400000e+01 -8.955505e+01
      vertex   3.852665e+01 4.700000e+01 -8.964246e+01
      vertex   3.831561e+01 4.700000e+01 -8.955505e+01
    endloop
  endfacet
  facet normal 6.087614e-01 -0.000000e+00 7.933533e-01
    outer loop
      vertex   3.831561e+01 4.400000e+01 -8.955505e+01
      vertex   3.831561e+01 4.700000e+01 -8.955505e+01
      vertex   3.813439e+01 4.400000e+01 -8.941599e+01
    endloop
  endfacet
  facet normal 6.087614e-01 1.441837e-15 7.933533e-01
    outer loop
      vertex   3.813439e+01 4.400000e+01 -8.941599e+01
      vertex   3.831561e+01 4.700000e+01 -8.955505e+01
      vertex   3.813439e+01 4.700000e+01 -8.941599e+01
    endloop
  endfacet
  facet normal 7.933533e-01 1.879038e-15 6.087614e-01
    outer loop
      vertex   3.813439e+01 4.400000e+01 -8.941599e+01
      vertex   3.813439e+01 4.700000e+01 -8.941599e+01
      vertex   3.799534e+01 4.400000e+01 -8.923478e+01
    endloop
  endfacet
  facet normal 7.933533e-01 -0.000000e+00 6.087614e-01
    outer loop
      vertex   3.799534e+01 4.400000e+01 -8.923478e+01
      vertex   3.813439e+01 4.700000e+01 -8.941599e+01
      vertex   3.799534e+01 4.700000e+01 -8.923478e+01
    endloop
  endfacet
  facet normal 9.238795e-01 -0.000000e+00 3.826834e-01
    outer loop
      vertex   3.799534e+01 4.400000e+01 -8.923478e+01
      vertex   3.799534e+01 4.700000e+01 -8.923478e+01
      vertex   3.790793e+01 4.400000e+01 -8.902374e+01
    endloop
  endfacet
  facet normal 9.238795e-01 -0.000000e+00 3.826834e-01
    outer loop
      vertex   3.790793e+01 4.400000e+01 -8.902374e+01
      vertex   3.799534e+01 4.700000e+01 -8.923478e+01
      vertex   3.790793e+01 4.700000e+01 -8.902374e+01
    endloop
  endfacet
  facet normal 9.914449e-01 -0.000000e+00 1.305262e-01
    outer loop
      vertex   3.790793e+01 4.400000e+01 -8.902374e+01
      vertex   3.790793e+01 4.700000e+01 -8.902374e+01
      vertex   3.787811e+01 4.400000e+01 -8.879728e+01
    endloop
  endfacet
  facet normal 9.914449e-01 -0.000000e+00 1.305262e-01
    outer loop
      vertex   3.787811e+01 4.400000e+01 -8.879728e+01
      vertex   3.790793e+01 4.700000e+01 -8.902374e+01
      vertex   3.787811e+01 4.700000e+01 -8.879728e+01
    endloop
  endfacet
  facet normal 9.914449e-01 0.000000e+00 -1.305262e-01
    outer loop
      vertex   3.787811e+01 4.400000e+01 -8.879728e+01
      vertex   3.787811e+01 4.700000e+01 -8.879728e+01
      vertex   3.790793e+01 4.400000e+01 -8.857081e+01
    endloop
  endfacet
  facet normal 9.914449e-01 0.000000e+00 -1.305262e-01
    outer loop
      vertex   3.790793e+01 4.400000e+01 -8.857081e+01
      vertex   3.787811e+01 4.700000e+01 -8.879728e+01
      vertex   3.790793e+01 4.700000e+01 -8.857081e+01
    endloop
  endfacet
  facet normal 9.238795e-01 0.000000e+00 -3.826834e-01
    outer loop
      vertex   3.790793e+01 4.400000e+01 -8.857081e+01
      vertex   3.790793e+01 4.700000e+01 -8.857081e+01
      vertex   3.799534e+01 4.400000e+01 -8.835978e+01
    endloop
  endfacet
  facet normal 9.238795e-01 0.000000e+00 -3.826834e-01
    outer loop
      vertex   3.799534e+01 4.400000e+01 -8.835978e+01
      vertex   3.790793e+01 4.700000e+01 -8.857081e+01
      vertex   3.799534e+01 4.700000e+01 -8.835978e+01
    endloop
  endfacet
  facet normal 7.933533e-01 0.000000e+00 -6.087614e-01
    outer loop
      vertex   3.799534e+01 4.400000e+01 -8.835978e+01
      vertex   3.799534e+01 4.700000e+01 -8.835978e+01
      vertex   3.813439e+01 4.400000e+01 -8.817856e+01
    endloop
  endfacet
  facet normal 7.933533e-01 1.879038e-15 -6.087614e-01
    outer loop
      vertex   3.813439e+01 4.400000e+01 -8.817856e+01
      vertex   3.799534e+01 4.700000e+01 -8.835978e+01
      vertex   3.813439e+01 4.700000e+01 -8.817856e+01
    endloop
  endfacet
  facet normal 6.087614e-01 1.441837e-15 -7.933533e-01
    outer loop
      vertex   3.813439e+01 4.400000e+01 -8.817856e+01
      vertex   3.813439e+01 4.700000e+01 -8.817856e+01
      vertex   3.831561e+01 4.400000e+01 -8.803950e+01
    endloop
  endfacet
  facet normal 6.087614e-01 0.000000e+00 -7.933533e-01
    outer loop
      vertex   3.831561e+01 4.400000e+01 -8.803950e+01
      vertex   3.813439e+01 4.700000e+01 -8.817856e+01
      vertex   3.831561e+01 4.700000e+01 -8.803950e+01
    endloop
  endfacet
  facet normal 3.826834e-01 0.000000e+00 -9.238795e-01
    outer loop
      vertex   3.831561e+01 4.400000e+01 -8.803950e+01
      vertex   3.831561e+01 4.700000e+01 -8.803950e+01
      vertex   3.852665e+01 4.400000e+01 -8.795209e+01
    endloop
  endfacet
  facet normal 3.826834e-01 0.000000e+00 -9.238795e-01
    outer loop
      vertex   3.852665e+01 4.400000e+01 -8.795209e+01
      vertex   3.831561e+01 4.700000e+01 -8.803950e+01
      vertex   3.852665e+01 4.700000e+01 -8.795209e+01
    endloop
  endfacet
  facet normal 1.305262e-01 0.000000e+00 -9.914449e-01
    outer loop
      vertex   3.852665e+01 4.400000e+01 -8.795209e+01
      vertex   3.852665e+01 4.700000e+01 -8.795209e+01
      vertex   3.875311e+01 4.400000e+01 -8.792228e+01
    endloop
  endfacet
  facet normal 1.305262e-01 0.000000e+00 -9.914449e-01
    outer loop
      vertex   3.875311e+01 4.400000e+01 -8.792228e+01
      vertex   3.852665e+01 4.700000e+01 -8.795209e+01
      vertex   3.875311e+01 4.700000e+01 -8.792228e+01
    endloop
  endfacet
  facet normal -1.305262e-01 0.000000e+00 -9.914449e-01
    outer loop
      vertex   3.875311e+01 4.400000e+01 -8.792228e+01
      vertex   3.875311e+01 4.700000e+01 -8.792228e+01
      vertex   3.897958e+01 4.400000e+01 -8.795209e+01
    endloop
  endfacet
  facet normal -1.305262e-01 0.000000e+00 -9.914449e-01
    outer loop
      vertex   3.897958e+01 4.400000e+01 -8.795209e+01
      vertex   3.875311e+01 4.700000e+01 -8.792228e+01
      vertex   3.897958e+01 4.700000e+01 -8.795209e+01
    endloop
  endfacet
  facet normal -3.826834e-01 0.000000e+00 -9.238795e-01
    outer loop
      vertex   3.897958e+01 4.400000e+01 -8.795209e+01
      vertex   3.897958e+01 4.700000e+01 -8.795209e+01
      vertex   3.919061e+01 4.400000e+01 -8.803950e+01
    endloop
  endfacet
  facet normal -3.826834e-01 0.000000e+00 -9.238795e-01
    outer loop
      vertex   3.919061e+01 4.400000e+01 -8.803950e+01
      vertex   3.897958e+01 4.700000e+01 -8.795209e+01
      vertex   3.919061e+01 4.700000e+01 -8.803950e+01
    endloop
  endfacet
  facet normal -6.087614e-01 0.000000e+00 -7.933533e-01
    outer loop
      vertex   3.919061e+01 4.400000e+01 -8.803950e+01
      vertex   3.919061e+01 4.700000e+01 -8.803950e+01
      vertex   3.937183e+01 4.400000e+01 -8.817856e+01
    endloop
  endfacet
  facet normal -6.087614e-01 1.441837e-15 -7.933533e-01
    outer loop
      vertex   3.937183e+01 4.400000e+01 -8.817856e+01
      vertex   3.919061e+01 4.700000e+01 -8.803950e+01
      vertex   3.937183e+01 4.700000e+01 -8.817856e+01
    endloop
  endfacet
  facet normal -7.933533e-01 1.879038e-15 -6.087614e-01
    outer loop
      vertex   3.937183e+01 4.400000e+01 -8.817856e+01
      vertex   3.937183e+01 4.700000e+01 -8.817856e+01
      vertex   3.951088e+01 4.400000e+01 -8.835978e+01
    endloop
  endfacet
  facet normal -7.933533e-01 0.000000e+00 -6.087614e-01
    outer loop
      vertex   3.951088e+01 4.400000e+01 -8.835978e+01
      vertex   3.937183e+01 4.700000e+01 -8.817856e+01
      vertex   3.951088e+01 4.700000e+01 -8.835978e+01
    endloop
  endfacet
  facet normal -9.238795e-01 0.000000e+00 -3.826834e-01
    outer loop
      vertex   3.951088e+01 4.400000e+01 -8.835978e+01
      vertex   3.951088e+01 4.700000e+01 -8.835978e+01
      vertex   3.959830e+01 4.400000e+01 -8.857081e+01
    endloop
  endfacet
  facet normal -9.238795e-01 0.000000e+00 -3.826834e-01
    outer loop
      vertex   3.959830e+01 4.400000e+01 -8.857081e+01
      vertex   3.951088e+01 4.700000e+01 -8.835978e+01
      vertex   3.959830e+01 4.700000e+01 -8.857081e+01
    endloop
  endfacet
  facet normal -9.914449e-01 0.000000e+00 1.305262e-01
    outer loop
      vertex   3.959830e+01 5.000000e+01 -8.902374e+01
      vertex   3.959830e+01 4.700000e+01 -8.902374e+01
      vertex   3.962811e+01 5.000000e+01 -8.879728e+01
    endloop
  endfacet
  facet normal -9.914449e-01 0.000000e+00 1.305262e-01
    outer loop
      vertex   3.962811e+01 5.000000e+01 -8.879728e+01
      vertex   3.959830e+01 4.700000e+01 -8.902374e+01
      vertex   3.962811e+01 4.700000e+01 -8.879728e+01
    endloop
  endfacet
  facet normal -9.914449e-01 -0.000000e+00 -1.305262e-01
    outer loop
      vertex   3.962811e+01 5.000000e+01 -8.879728e+01
      vertex   3.962811e+01 4.700000e+01 -8.879728e+01
      vertex   3.959830e+01 5.000000e+01 -8.857081e+01
    endloop
  endfacet
  facet normal -9.914449e-01 -0.000000e+00 -1.305262e-01
    outer loop
      vertex   3.959830e+01 5.000000e+01 -8.857081e+01
      vertex   3.962811e+01 4.700000e+01 -8.879728e+01
      vertex   3.959830e+01 4.700000e+01 -8.857081e+01
    endloop
  endfacet
  facet normal -9.238795e-01 -0.000000e+00 -3.826834e-01
    outer loop
      vertex   3.959830e+01 5.000000e+01 -8.857081e+01
      vertex   3.959830e+01 4.700000e+01 -8.857081e+01
      vertex   3.951088e+01 5.000000e+01 -8.835978e+01
    endloop
  endfacet
  facet normal -9.238795e-01 -0.000000e+00 -3.826834e-01
    outer loop
      vertex   3.951088e+01 5.000000e+01 -8.835978e+01
      vertex   3.959830e+01 4.700000e+01 -8.857081e+01
      vertex   3.951088e+01 4.700000e+01 -8.835978e+01
    endloop
  endfacet
  facet normal -7.933533e-01 -0.000000e+00 -6.087614e-01
    outer loop
      vertex   3.951088e+01 5.000000e+01 -8.835978e+01
      vertex   3.951088e+01 4.700000e+01 -8.835978e+01
      vertex   3.937183e+01 5.000000e+01 -8.817856e+01
    endloop
  endfacet
  facet normal -7.933533e-01 -1.879038e-15 -6.087614e-01
    outer loop
      vertex   3.937183e+01 5.000000e+01 -8.817856e+01
      vertex   3.951088e+01 4.700000e+01 -8.835978e+01
      vertex   3.937183e+01 4.700000e+01 -8.817856e+01
    endloop
  endfacet
  facet normal -6.087614e-01 -1.441837e-15 -7.933533e-01
    outer loop
      vertex   3.937183e+01 5.000000e+01 -8.817856e+01
      vertex   3.937183e+01 4.700000e+01 -8.817856e+01
      vertex   3.919061e+01 5.000000e+01 -8.803950e+01
    endloop
  endfacet
  facet normal -6.087614e-01 -0.000000e+00 -7.933533e-01
    outer loop
      vertex   3.919061e+01 5.000000e+01 -8.803950e+01
      vertex   3.937183e+01 4.700000e+01 -8.817856e+01
      vertex   3.919061e+01 4.700000e+01 -8.803950e+01
    endloop
  endfacet
  facet normal -3.826834e-01 -0.000000e+00 -9.238795e-01
    outer loop
      vertex   3.919061e+01 5.000000e+01 -8.803950e+01
      vertex   3.919061e+01 4.700000e+01 -8.803950e+01
      vertex   3.897958e+01 5.000000e+01 -8.795209e+01
    endloop
  endfacet
  facet normal -3.826834e-01 -0.000000e+00 -9.238795e-01
    outer loop
      vertex   3.897958e+01 5.000000e+01 -8.795209e+01
      vertex   3.919061e+01 4.700000e+01 -8.803950e+01
      vertex   3.897958e+01 4.700000e+01 -8.795209e+01
    endloop
  endfacet
  facet normal -1.305262e-01 -0.000000e+00 -9.914449e-01
    outer loop
      vertex   3.897958e+01 5.000000e+01 -8.795209e+01
      vertex   3.897958e+01 4.700000e+01 -8.795209e+01
      vertex   3.875311e+01 5.000000e+01 -8.792228e+01
    endloop
  endfacet
  facet normal -1.305262e-01 -0.000000e+00 -9.914449e-01
    outer loop
      vertex   3.875311e+01 5.000000e+01 -8.792228e+01
      vertex   3.897958e+01 4.700000e+01 -8.795209e+01
      vertex   3.875311e+01 4.700000e+01 -8.792228e+01
    endloop
  endfacet
  facet normal 1.305262e-01 0.000000e+00 -9.914449e-01
    outer loop
      vertex   3.875311e+01 5.000000e+01 -8.792228e+01
      vertex   3.875311e+01 4.700000e+01 -8.792228e+01
      vertex   3.852665e+01 5.000000e+01 -8.795209e+01
    endloop
  endfacet
  facet normal 1.305262e-01 0.000000e+00 -9.914449e-01
    outer loop
      vertex   3.852665e+01 5.000000e+01 -8.795209e+01
      vertex   3.875311e+01 4.700000e+01 -8.792228e+01
      vertex   3.852665e+01 4.700000e+01 -8.795209e+01
    endloop
  endfacet
  facet normal 3.826834e-01 0.000000e+00 -9.238795e-01
    outer loop
      vertex   3.852665e+01 5.000000e+01 -8.795209e+01
      vertex   3.852665e+01 4.700000e+01 -8.795209e+01
      vertex   3.831561e+01 5.000000e+01 -8.803950e+01
    endloop
  endfacet
  facet normal 3.826834e-01 0.000000e+00 -9.238795e-01
    outer loop
      vertex   3.831561e+01 5.000000e+01 -8.803950e+01
      vertex   3.852665e+01 4.700000e+01 -8.795209e+01
      vertex   3.831561e+01 4.700000e+01 -8.803950e+01
    endloop
  endfacet
  facet normal 6.087614e-01 0.000000e+00 -7.933533e-01
    outer loop
      vertex   3.831561e+01 5.000000e+01 -8.803950e+01
      vertex   3.831561e+01 4.700000e+01 -8.803950e+01
      vertex   3.813439e+01 5.000000e+01 -8.817856e+01
    endloop
  endfacet
  facet normal 6.087614e-01 -1.441837e-15 -7.933533e-01
    outer loop
      vertex   3.813439e+01 5.000000e+01 -8.817856e+01
      vertex   3.831561e+01 4.700000e+01 -8.803950e+01
      vertex   3.813439e+01 4.700000e+01 -8.817856e+01
    endloop
  endfacet
  facet normal 7.933533e-01 -1.879038e-15 -6.087614e-01
    outer loop
      vertex   3.813439e+01 5.000000e+01 -8.817856e+01
      vertex   3.813439e+01 4.700000e+01 -8.817856e+01
      vertex   3.799534e+01 5.000000e+01 -8.835978e+01
    endloop
  endfacet
  facet normal 7.933533e-01 0.000000e+00 -6.087614e-01
    outer loop
      vertex   3.799534e+01 5.000000e+01 -8.835978e+01
      vertex   3.813439e+01 4.700000e+01 -8.817856e+01
      vertex   3.799534e+01 4.700000e+01 -8.835978e+01
    endloop
  endfacet
  facet normal 9.238795e-01 0.000000e+00 -3.826834e-01
    outer loop
      vertex   3.799534e+01 5.000000e+01 -8.835978e+01
      vertex   3.799534e+01 4.700000e+01 -8.835978e+01
      vertex   3.790793e+01 5.000000e+01 -8.857081e+01
    endloop
  endfacet
  facet normal 9.238795e-01 0.000000e+00 -3.826834e-01
    outer loop
      vertex   3.790793e+01 5.000000e+01 -8.857081e+01
      vertex   3.799534e+01 4.700000e+01 -8.835978e+01
      vertex   3.790793e+01 4.700000e+01 -8.857081e+01
    endloop
  endfacet
  facet normal 9.914449e-01 0.000000e+00 -1.305262e-01
    outer loop
      vertex   3.790793e+01 5.000000e+01 -8.857081e+01
      vertex   3.790793e+01 4.700000e+01 -8.857081e+01
      vertex   3.787811e+01 5.000000e+01 -8.879728e+01
    endloop
  endfacet
  facet normal 9.914449e-01 0.000000e+00 -1.305262e-01
    outer loop
      vertex   3.787811e+01 5.000000e+01 -8.879728e+01
      vertex   3.790793e+01 4.700000e+01 -8.857081e+01
      vertex   3.787811e+01 4.700000e+01 -8.879728e+01
    endloop
  endfacet
  facet normal 9.914449e-01 0.000000e+00 1.305262e-01
    outer loop
      vertex   3.787811e+01 5.000000e+01 -8.879728e+01
      vertex   3.787811e+01 4.700000e+01 -8.879728e+01
      vertex   3.790793e+01 5.000000e+01 -8.902374e+01
    endloop
  endfacet
  facet normal 9.914449e-01 0.000000e+00 1.305262e-01
    outer loop
      vertex   3.790793e+01 5.000000e+01 -8.902374e+01
      vertex   3.787811e+01 4.700000e+01 -8.879728e+01
      vertex   3.790793e+01 4.700000e+01 -8.902374e+01
    endloop
  endfacet
  facet normal 9.238795e-01 0.000000e+00 3.826834e-01
    outer loop
      vertex   3.790793e+01 5.000000e+01 -8.902374e+01
      vertex   3.790793e+01 4.700000e+01 -8.902374e+01
      vertex   3.799534e+01 5.000000e+01 -8.923478e+01
    endloop
  endfacet
  facet normal 9.238795e-01 0.000000e+00 3.826834e-01
    outer loop
      vertex   3.799534e+01 5.000000e+01 -8.923478e+01
      vertex   3.790793e+01 4.700000e+01 -8.902374e+01
      vertex   3.799534e+01 4.700000e+01 -8.923478e+01
    endloop
  endfacet
  facet normal 7.933533e-01 0.000000e+00 6.087614e-01
    outer loop
      vertex   3.799534e+01 5.000000e+01 -8.923478e+01
      vertex   3.799534e+01 4.700000e+01 -8.923478e+01
      vertex   3.813439e+01 5.000000e+01 -8.941599e+01
    endloop
  endfacet
  facet normal 7.933533e-01 -1.879038e-15 6.087614e-01
    outer loop
      vertex   3.813439e+01 5.000000e+01 -8.941599e+01
      vertex   3.799534e+01 4.700000e+01 -8.923478e+01
      vertex   3.813439e+01 4.700000e+01 -8.941599e+01
    endloop
  endfacet
  facet normal 6.087614e-01 -1.441837e-15 7.933533e-01
    outer loop
      vertex   3.813439e+01 5.000000e+01 -8.941599e+01
      vertex   3.813439e+01 4.700000e+01 -8.941599e+01
      vertex   3.831561e+01 5.000000e+01 -8.955505e+01
    endloop
  endfacet
  facet normal 6.087614e-01 0.000000e+00 7.933533e-01
    outer loop
      vertex   3.831561e+01 5.000000e+01 -8.955505e+01
      vertex   3.813439e+01 4.700000e+01 -8.941599e+01
      vertex   3.831561e+01 4.700000e+01 -8.955505e+01
    endloop
  endfacet
  facet normal 3.826834e-01 0.000000e+00 9.238795e-01
    outer loop
      vertex   3.831561e+01 5.000000e+01 -8.955505e+01
      vertex   3.831561e+01 4.700000e+01 -8.955505e+01
      vertex   3.852665e+01 5.000000e+01 -8.964246e+01
    endloop
  endfacet
  facet normal 3.826834e-01 0.000000e+00 9.238795e-01
    outer loop
      vertex   3.852665e+01 5.000000e+01 -8.964246e+01
      vertex   3.831561e+01 4.700000e+01 -8.955505e+01
      vertex   3.852665e+01 4.700000e+01 -8.964246e+01
    endloop
  endfacet
  facet normal 1.305262e-01 0.000000e+00 9.914449e-01
    outer loop
      vertex   3.852665e+01 5.000000e+01 -8.964246e+01
      vertex   3.852665e+01 4.700000e+01 -8.964246e+01
      vertex   3.875311e+01 5.000000e+01 -8.967228e+01
    endloop
  endfacet
  facet normal 1.305262e-01 0.000000e+00 9.914449e-01
    outer loop
      vertex   3.875311e+01 5.000000e+01 -8.967228e+01
      vertex   3.852665e+01 4.700000e+01 -8.964246e+01
      vertex   3.875311e+01 4.700000e+01 -8.967228e+01
    endloop
  endfacet
  facet normal -1.305262e-01 0.000000e+00 9.914449e-01
    outer loop
      vertex   3.875311e+01 5.000000e+01 -8.967228e+01
      vertex   3.875311e+01 4.700000e+01 -8.967228e+01
      vertex   3.897958e+01 5.000000e+01 -8.964246e+01
    endloop
  endfacet
  facet normal -1.305262e-01 0.000000e+00 9.914449e-01
    outer loop
      vertex   3.897958e+01 5.000000e+01 -8.964246e+01
      vertex   3.875311e+01 4.700000e+01 -8.967228e+01
      vertex   3.897958e+01 4.700000e+01 -8.964246e+01
    endloop
  endfacet
  facet normal -3.826834e-01 0.000000e+00 9.238795e-01
    outer loop
      vertex   3.897958e+01 5.000000e+01 -8.964246e+01
      vertex   3.897958e+01 4.700000e+01 -8.964246e+01
      vertex   3.919061e+01 5.000000e+01 -8.955505e+01
    endloop
  endfacet
  facet normal -3.826834e-01 0.000000e+00 9.238795e-01
    outer loop
      vertex   3.919061e+01 5.000000e+01 -8.955505e+01
      vertex   3.897958e+01 4.700000e+01 -8.964246e+01
      vertex   3.919061e+01 4.700000e+01 -8.955505e+01
    endloop
  endfacet
  facet normal -6.087614e-01 0.000000e+00 7.933533e-01
    outer loop
      vertex   3.919061e+01 5.000000e+01 -8.955505e+01
      vertex   3.919061e+01 4.700000e+01 -8.955505e+01
      vertex   3.937183e+01 5.000000e+01 -8.941599e+01
    endloop
  endfacet
  facet normal -6.087614e-01 -1.441837e-15 7.933533e-01
    outer loop
      vertex   3.937183e+01 5.000000e+01 -8.941599e+01
      vertex   3.919061e+01 4.700000e+01 -8.955505e+01
      vertex   3.937183e+01 4.700000e+01 -8.941599e+01
    endloop
  endfacet
  facet normal -7.933533e-01 -1.879038e-15 6.087614e-01
    outer loop
      vertex   3.937183e+01 5.000000e+01 -8.941599e+01
      vertex   3.937183e+01 4.700000e+01 -8.941599e+01
      vertex   3.951088e+01 5.000000e+01 -8.923478e+01
    endloop
  endfacet
  facet normal -7.933533e-01 0.000000e+00 6.087614e-01
    outer loop
      vertex   3.951088e+01 5.000000e+01 -8.923478e+01
      vertex   3.937183e+01 4.700000e+01 -8.941599e+01
      vertex   3.951088e+01 4.700000e+01 -8.923478e+01
    endloop
  endfacet
  facet normal -9.238795e-01 0.000000e+00 3.826834e-01
    outer loop
      vertex   3.951088e+01 5.000000e+01 -8.923478e+01
      vertex   3.951088e+01 4.700000e+01 -8.923478e+01
      vertex   3.959830e+01 5.000000e+01 -8.902374e+01
    endloop
  endfacet
  facet normal -9.238795e-01 0.000000e+00 3.826834e-01
    outer loop
      vertex   3.959830e+01 5.000000e+01 -8.902374e+01
      vertex   3.951088e+01 4.700000e+01 -8.923478e+01
      vertex   3.959830e+01 4.700000e+01 -8.902374e+01
    endloop
  endfacet
  facet normal 0.000000e+00 1.000000e+00 -0.000000e+00
    outer loop
      vertex   3.959830e+01 4.400000e+01 -8.902374e+01
      vertex   3.790793e+01 4.400000e+01 -8.902374e+01
      vertex   3.962811e+01 4.400000e+01 -8.879728e+01
    endloop
  endfacet
  facet normal 0.000000e+00 1.000000e+00 0.000000e+00
    outer loop
      vertex   3.962811e+01 4.400000e+01 -8.879728e+01
      vertex   3.790793e+01 4.400000e+01 -8.902374e+01
      vertex   3.787811e+01 4.400000e+01 -8.879728e+01
    endloop
  endfacet
  facet normal 0.000000e+00 1.000000e+00 0.000000e+00
    outer loop
      vertex   3.962811e+01 4.400000e+01 -8.879728e+01
      vertex   3.787811e+01 4.400000e+01 -8.879728e+01
      vertex   3.959830e+01 4.400000e+01 -8.857081e+01
    endloop
  endfacet
  facet normal 0.000000e+00 1.000000e+00 0.000000e+00
    outer loop
      vertex   3.959830e+01 4.400000e+01 -8.857081e+01
      vertex   3.787811e+01 4.400000e+01 -8.879728e+01
      vertex   3.790793e+01 4.400000e+01 -8.857081e+01
    endloop
  endfacet
  facet normal 0.000000e+00 1.000000e+00 0.000000e+00
    outer loop
      vertex   3.959830e+01 4.400000e+01 -8.857081e+01
      vertex   3.790793e+01 4.400000e+01 -8.857081e+01
      vertex   3.951088e+01 4.400000e+01 -8.835978e+01
    endloop
  endfacet
  facet normal 0.000000e+00 1.000000e+00 0.000000e+00
    outer loop
      vertex   3.951088e+01 4.400000e+01 -8.835978e+01
      vertex   3.790793e+01 4.400000e+01 -8.857081e+01
      vertex   3.799534e+01 4.400000e+01 -8.835978e+01
    endloop
  endfacet
  facet normal 0.000000e+00 1.000000e+00 0.000000e+00
    outer loop
      vertex   3.951088e+01 4.400000e+01 -8.835978e+01
      vertex   3.799534e+01 4.400000e+01 -8.835978e+01
      vertex   3.937183e+01 4.400000e+01 -8.817856e+01
    endloop
  endfacet
  facet normal 0.000000e+00 1.000000e+00 0.000000e+00
    outer loop
      vertex   3.937183e+01 4.400000e+01 -8.817856e+01
      vertex   3.799534e+01 4.400000e+01 -8.835978e+01
      vertex   3.813439e+01 4.400000e+01 -8.817856e+01
    endloop
  endfacet
  facet normal 0.000000e+00 1.000000e+00 0.000000e+00
    outer loop
      vertex   3.937183e+01 4.400000e+01 -8.817856e+01
      vertex   3.813439e+01 4.400000e+01 -8.817856e+01
      vertex   3.919061e+01 4.400000e+01 -8.803950e+01
    endloop
  endfacet
  facet normal 0.000000e+00 1.000000e+00 0.000000e+00
    outer loop
      vertex   3.919061e+01 4.400000e+01 -8.803950e+01
      vertex   3.813439e+01 4.400000e+01 -8.817856e+01
      vertex   3.831561e+01 4.400000e+01 -8.803950e+01
    endloop
  endfacet
  facet normal 0.000000e+00 1.000000e+00 0.000000e+00
    outer loop
      vertex   3.919061e+01 4.400000e+01 -8.803950e+01
      vertex   3.831561e+01 4.400000e+01 -8.803950e+01
      vertex   3.897958e+01 4.400000e+01 -8.795209e+01
    endloop
  endfacet
  facet normal 0.000000e+00 1.000000e+00 0.000000e+00
    outer loop
      vertex   3.897958e+01 4.400000e+01 -8.795209e+01
      vertex   3.831561e+01 4.400000e+01 -8.803950e+01
      vertex   3.852665e+01 4.400000e+01 -8.795209e+01
    endloop
  endfacet
  facet normal 0.000000e+00 1.000000e+00 0.000000e+00
    outer loop
      vertex   3.897958e+01 4.400000e+01 -8.795209e+01
      vertex   3.852665e+01 4.400000e+01 -8.795209e+01
      vertex   3.875311e+01 4.400000e+01 -8.792228e+01
    endloop
  endfacet
  facet normal -0.000000e+00 1.000000e+00 0.000000e+00
    outer loop
      vertex   3.790793e+01 4.400000e+01 -8.902374e+01
      vertex   3.959830e+01 4.400000e+01 -8.902374e+01
      vertex   3.799534e+01 4.400000e+01 -8.923478e+01
    endloop
  endfacet
  facet normal 0.000000e+00 1.000000e+00 0.000000e+00
    outer loop
      vertex   3.799534e+01 4.400000e+01 -8.923478e+01
      vertex   3.959830e+01 4.400000e+01 -8.902374e+01
      vertex   3.951088e+01 4.400000e+01 -8.923478e+01
    endloop
  endfacet
  facet normal -0.000000e+00 1.000000e+00 0.000000e+00
    outer loop
      vertex   3.799534e+01 4.400000e+01 -8.923478e+01
      vertex   3.951088e+01 4.400000e+01 -8.923478e+01
      vertex   3.813439e+01 4.400000e+01 -8.941599e+01
    endloop
  endfacet
  facet normal 0.000000e+00 1.000000e+00 0.000000e+00
    outer loop
      vertex   3.813439e+01 4.400000e+01 -8.941599e+01
      vertex   3.951088e+01 4.400000e+01 -8.923478e+01
      vertex   3.937183e+01 4.400000e+01 -8.941599e+01
    endloop
  endfacet
  facet normal -0.000000e+00 1.000000e+00 0.000000e+00
    outer loop
      vertex   3.813439e+01 4.400000e+01 -8.941599e+01
      vertex   3.937183e+01 4.400000e+01 -8.941599e+01
      vertex   3.831561e+01 4.400000e+01 -8.955505e+01
    endloop
  endfacet
  facet normal 0.000000e+00 1.000000e+00 0.000000e+00
    outer loop
      vertex   3.831561e+01 4.400000e+01 -8.955505e+01
      vertex   3.937183e+01 4.400000e+01 -8.941599e+01
      vertex   3.919061e+01 4.400000e+01 -8.955505e+01
    endloop
  endfacet
  facet normal -0.000000e+00 1.000000e+00 0.000000e+00
    outer loop
      vertex   3.831561e+01 4.400000e+01 -8.955505e+01
      vertex   3.919061e+01 4.400000e+01 -8.955505e+01
      vertex   3.852665e+01 4.400000e+01 -8.964246e+01
    endloop
  endfacet
  facet normal 0.000000e+00 1.000000e+00 0.000000e+00
    outer loop
      vertex   3.852665e+01 4.400000e+01 -8.964246e+01
      vertex   3.919061e+01 4.400000e+01 -8.955505e+01
      vertex   3.897958e+01 4.400000e+01 -8.964246e+01
    endloop
  endfacet
  facet normal -0.000000e+00 1.000000e+00 0.000000e+00
    outer loop
      vertex   3.852665e+01 4.400000e+01 -8.964246e+01
      vertex   3.897958e+01 4.400000e+01 -8.964246e+01
      vertex   3.875311e+01 4.400000e+01 -8.967228e+01
    endloop
  endfacet
  facet normal 0.000000e+00 1.000000e+00 0.000000e+00
    outer loop
      vertex   -6.184096e+01 5.000000e+01 -5.492137e+01
      vertex   -6.009873e+01 5.000000e+01 -8.835978e+01
      vertex   -6.184096e+01 5.000000e+01 -9.129728e+01
    endloop
  endfacet
  facet normal 0.000000e+00 1.000000e+00 0.000000e+00
    outer loop
      vertex   -6.184096e+01 5.000000e+01 -9.129728e+01
      vertex   -6.009873e+01 5.000000e+01 -8.835978e+01
      vertex   -6.018614e+01 5.000000e+01 -8.857081e+01
    endloop
  endfacet
  facet normal 0.000000e+00 1.000000e+00 0.000000e+00
    outer loop
      vertex   -6.184096e+01 5.000000e+01 -9.129728e+01
      vertex   -6.018614e+01 5.000000e+01 -8.857081e+01
      vertex   -6.021596e+01 5.000000e+01 -8.879728e+01
    endloop
  endfacet
  facet normal 0.000000e+00 1.000000e+00 0.000000e+00
    outer loop
      vertex   4.125311e+01 5.000000e+01 -5.492137e+01
      vertex   3.831561e+01 5.000000e+01 -5.666360e+01
      vertex   -6.184096e+01 5.000000e+01 -5.492137e+01
    endloop
  endfacet
  facet normal 0.000000e+00 1.000000e+00 0.000000e+00
    outer loop
      vertex   -6.184096e+01 5.000000e+01 -5.492137e+01
      vertex   3.831561e+01 5.000000e+01 -5.666360e+01
      vertex   -5.890346e+01 5.000000e+01 -5.666360e+01
    endloop
  endfacet
  facet normal 0.000000e+00 1.000000e+00 0.000000e+00
    outer loop
      vertex   -6.184096e+01 5.000000e+01 -5.492137e+01
      vertex   -5.890346e+01 5.000000e+01 -5.666360e+01
      vertex   -5.911449e+01 5.000000e+01 -5.657619e+01
    endloop
  endfacet
  facet normal 0.000000e+00 1.000000e+00 -0.000000e+00
    outer loop
      vertex   4.125311e+01 5.000000e+01 -9.129728e+01
      vertex   3.951088e+01 5.000000e+01 -5.785887e+01
      vertex   4.125311e+01 5.000000e+01 -5.492137e+01
    endloop
  endfacet
  facet normal 0.000000e+00 1.000000e+00 0.000000e+00
    outer loop
      vertex   4.125311e+01 5.000000e+01 -5.492137e+01
      vertex   3.951088e+01 5.000000e+01 -5.785887e+01
      vertex   3.959830e+01 5.000000e+01 -5.764784e+01
    endloop
  endfacet
  facet normal 0.000000e+00 1.000000e+00 0.000000e+00
    outer loop
      vertex   4.125311e+01 5.000000e+01 -5.492137e+01
      vertex   3.959830e+01 5.000000e+01 -5.764784e+01
      vertex   3.962811e+01 5.000000e+01 -5.742137e+01
    endloop
  endfacet
  facet normal 0.000000e+00 1.000000e+00 0.000000e+00
    outer loop
      vertex   -6.184096e+01 5.000000e+01 -9.129728e+01
      vertex   3.831561e+01 5.000000e+01 -8.955505e+01
      vertex   4.125311e+01 5.000000e+01 -9.129728e+01
    endloop
  endfacet
  facet normal 0.000000e+00 1.000000e+00 0.000000e+00
    outer loop
      vertex   4.125311e+01 5.000000e+01 -9.129728e+01
      vertex   3.831561e+01 5.000000e+01 -8.955505e+01
      vertex   3.852665e+01 5.000000e+01 -8.964246e+01
    endloop
  endfacet
  facet normal 0.000000e+00 1.000000e+00 0.000000e+00
    outer loop
      vertex   4.125311e+01 5.000000e+01 -9.129728e+01
      vertex   3.852665e+01 5.000000e+01 -8.964246e+01
      vertex   3.875311e+01 5.000000e+01 -8.967228e+01
    endloop
  endfacet
  facet normal 0.000000e+00 1.000000e+00 -0.000000e+00
    outer loop
      vertex   -5.534550e+01 5.000000e+01 -8.560932e+01
      vertex   -5.977846e+01 5.000000e+01 -5.817915e+01
      vertex   -5.534550e+01 5.000000e+01 -6.060932e+01
    endloop
  endfacet
  facet normal 0.000000e+00 1.000000e+00 0.000000e+00
    outer loop
      vertex   -5.534550e+01 5.000000e+01 -6.060932e+01
      vertex   -5.977846e+01 5.000000e+01 -5.817915e+01
      vertex   -5.956742e+01 5.000000e+01 -5.826656e+01
    endloop
  endfacet
  facet normal 0.000000e+00 1.000000e+00 0.000000e+00
    outer loop
      vertex   -5.534550e+01 5.000000e+01 -6.060932e+01
      vertex   -5.956742e+01 5.000000e+01 -5.826656e+01
      vertex   -5.934096e+01 5.000000e+01 -5.829637e+01
    endloop
  endfacet
  facet normal 0.000000e+00 1.000000e+00 0.000000e+00
    outer loop
      vertex   3.475766e+01 5.000000e+01 -8.560932e+01
      vertex   -5.858318e+01 5.000000e+01 -8.923478e+01
      vertex   -5.534550e+01 5.000000e+01 -8.560932e+01
    endloop
  endfacet
  facet normal 0.000000e+00 1.000000e+00 0.000000e+00
    outer loop
      vertex   -5.534550e+01 5.000000e+01 -8.560932e+01
      vertex   -5.858318e+01 5.000000e+01 -8.923478e+01
      vertex   -5.849577e+01 5.000000e+01 -8.902374e+01
    endloop
  endfacet
  facet normal 0.000000e+00 1.000000e+00 0.000000e+00
    outer loop
      vertex   -5.534550e+01 5.000000e+01 -8.560932e+01
      vertex   -5.849577e+01 5.000000e+01 -8.902374e+01
      vertex   -5.846596e+01 5.000000e+01 -8.879728e+01
    endloop
  endfacet
  facet normal 0.000000e+00 1.000000e+00 0.000000e+00
    outer loop
      vertex   3.475766e+01 5.000000e+01 -6.060932e+01
      vertex   3.919061e+01 5.000000e+01 -8.803950e+01
      vertex   3.475766e+01 5.000000e+01 -8.560932e+01
    endloop
  endfacet
  facet normal 0.000000e+00 1.000000e+00 0.000000e+00
    outer loop
      vertex   3.475766e+01 5.000000e+01 -8.560932e+01
      vertex   3.919061e+01 5.000000e+01 -8.803950e+01
      vertex   3.897958e+01 5.000000e+01 -8.795209e+01
    endloop
  endfacet
  facet normal 0.000000e+00 1.000000e+00 0.000000e+00
    outer loop
      vertex   3.475766e+01 5.000000e+01 -8.560932e+01
      vertex   3.897958e+01 5.000000e+01 -8.795209e+01
      vertex   3.875311e+01 5.000000e+01 -8.792228e+01
    endloop
  endfacet
  facet normal 0.000000e+00 1.000000e+00 -0.000000e+00
    outer loop
      vertex   -5.534550e+01 5.000000e+01 -6.060932e+01
      vertex   -5.858318e+01 5.000000e+01 -5.698387e+01
      vertex   3.475766e+01 5.000000e+01 -6.060932e+01
    endloop
  endfacet
  facet normal 0.000000e+00 1.000000e+00 -0.000000e+00
    outer loop
      vertex   3.475766e+01 5.000000e+01 -6.060932e+01
      vertex   -5.858318e+01 5.000000e+01 -5.698387e+01
      vertex   3.799534e+01 5.000000e+01 -5.698387e+01
    endloop
  endfacet
  facet normal 0.000000e+00 1.000000e+00 0.000000e+00
    outer loop
      vertex   3.475766e+01 5.000000e+01 -6.060932e+01
      vertex   3.799534e+01 5.000000e+01 -5.698387e+01
      vertex   3.790793e+01 5.000000e+01 -5.719491e+01
    endloop
  endfacet
  facet normal -0.000000e+00 1.000000e+00 0.000000e+00
    outer loop
      vertex   3.959830e+01 5.000000e+01 -8.902374e+01
      vertex   3.962811e+01 5.000000e+01 -8.879728e+01
      vertex   4.125311e+01 5.000000e+01 -9.129728e+01
    endloop
  endfacet
  facet normal 0.000000e+00 1.000000e+00 0.000000e+00
    outer loop
      vertex   4.125311e+01 5.000000e+01 -9.129728e+01
      vertex   3.962811e+01 5.000000e+01 -8.879728e+01
      vertex   3.959830e+01 5.000000e+01 -8.857081e+01
    endloop
  endfacet
  facet normal 0.000000e+00 1.000000e+00 0.000000e+00
    outer loop
      vertex   4.125311e+01 5.000000e+01 -9.129728e+01
      vertex   3.959830e+01 5.000000e+01 -8.857081e+01
      vertex   3.951088e+01 5.000000e+01 -8.835978e+01
    endloop
  endfacet
  facet normal -0.000000e+00 1.000000e+00 0.000000e+00
    outer loop
      vertex   3.937183e+01 5.000000e+01 -8.817856e+01
      vertex   3.937183e+01 5.000000e+01 -5.804009e+01
      vertex   3.951088e+01 5.000000e+01 -8.835978e+01
    endloop
  endfacet
  facet normal 0.000000e+00 1.000000e+00 -0.000000e+00
    outer loop
      vertex   3.951088e+01 5.000000e+01 -8.835978e+01
      vertex   3.937183e+01 5.000000e+01 -5.804009e+01
      vertex   3.951088e+01 5.000000e+01 -5.785887e+01
    endloop
  endfacet
  facet normal -0.000000e+00 1.000000e+00 0.000000e+00
    outer loop
      vertex   3.951088e+01 5.000000e+01 -8.835978e+01
      vertex   3.951088e+01 5.000000e+01 -5.785887e+01
      vertex   4.125311e+01 5.000000e+01 -9.129728e+01
    endloop
  endfacet
  facet normal 0.000000e+00 1.000000e+00 0.000000e+00
    outer loop
      vertex   3.937183e+01 5.000000e+01 -5.804009e+01
      vertex   3.937183e+01 5.000000e+01 -8.817856e+01
      vertex   3.919061e+01 5.000000e+01 -5.817915e+01
    endloop
  endfacet
  facet normal 0.000000e+00 1.000000e+00 0.000000e+00
    outer loop
      vertex   3.919061e+01 5.000000e+01 -5.817915e+01
      vertex   3.937183e+01 5.000000e+01 -8.817856e+01
      vertex   3.919061e+01 5.000000e+01 -8.803950e+01
    endloop
  endfacet
  facet normal 0.000000e+00 1.000000e+00 0.000000e+00
    outer loop
      vertex   3.919061e+01 5.000000e+01 -5.817915e+01
      vertex   3.919061e+01 5.000000e+01 -8.803950e+01
      vertex   3.475766e+01 5.000000e+01 -6.060932e+01
    endloop
  endfacet
  facet normal 0.000000e+00 1.000000e+00 0.000000e+00
    outer loop
      vertex   3.875311e+01 5.000000e+01 -8.792228e+01
      vertex   3.852665e+01 5.000000e+01 -8.795209e+01
      vertex   3.475766e+01 5.000000e+01 -8.560932e+01
    endloop
  endfacet
  facet normal 0.000000e+00 1.000000e+00 0.000000e+00
    outer loop
      vertex   3.475766e+01 5.000000e+01 -8.560932e+01
      vertex   3.852665e+01 5.000000e+01 -8.795209e+01
      vertex   3.831561e+01 5.000000e+01 -8.803950e+01
    endloop
  endfacet
  facet normal 0.000000e+00 1.000000e+00 0.000000e+00
    outer loop
      vertex   3.475766e+01 5.000000e+01 -8.560932e+01
      vertex   3.831561e+01 5.000000e+01 -8.803950e+01
      vertex   3.813439e+01 5.000000e+01 -8.817856e+01
    endloop
  endfacet
  facet normal 0.000000e+00 1.000000e+00 0.000000e+00
    outer loop
      vertex   3.813439e+01 5.000000e+01 -8.817856e+01
      vertex   3.799534e+01 5.000000e+01 -8.835978e+01
      vertex   3.475766e+01 5.000000e+01 -8.560932e+01
    endloop
  endfacet
  facet normal 0.000000e+00 1.000000e+00 0.000000e+00
    outer loop
      vertex   3.475766e+01 5.000000e+01 -8.560932e+01
      vertex   3.799534e+01 5.000000e+01 -8.835978e+01
      vertex   3.790793e+01 5.000000e+01 -8.857081e+01
    endloop
  endfacet
  facet normal 0.000000e+00 1.000000e+00 0.000000e+00
    outer loop
      vertex   3.475766e+01 5.000000e+01 -8.560932e+01
      vertex   3.790793e+01 5.000000e+01 -8.857081e+01
      vertex   3.787811e+01 5.000000e+01 -8.879728e+01
    endloop
  endfacet
  facet normal 0.000000e+00 1.000000e+00 0.000000e+00
    outer loop
      vertex   3.787811e+01 5.000000e+01 -8.879728e+01
      vertex   3.790793e+01 5.000000e+01 -8.902374e+01
      vertex   3.475766e+01 5.000000e+01 -8.560932e+01
    endloop
  endfacet
  facet normal 0.000000e+00 1.000000e+00 0.000000e+00
    outer loop
      vertex   3.475766e+01 5.000000e+01 -8.560932e+01
      vertex   3.790793e+01 5.000000e+01 -8.902374e+01
      vertex   3.799534e+01 5.000000e+01 -8.923478e+01
    endloop
  endfacet
  facet normal 0.000000e+00 1.000000e+00 0.000000e+00
    outer loop
      vertex   3.475766e+01 5.000000e+01 -8.560932e+01
      vertex   3.799534e+01 5.000000e+01 -8.923478e+01
      vertex   -5.858318e+01 5.000000e+01 -8.923478e+01
    endloop
  endfacet
  facet normal -0.000000e+00 1.000000e+00 0.000000e+00
    outer loop
      vertex   -5.858318e+01 5.000000e+01 -8.923478e+01
      vertex   3.799534e+01 5.000000e+01 -8.923478e+01
      vertex   -5.872224e+01 5.000000e+01 -8.941599e+01
    endloop
  endfacet
  facet normal 0.000000e+00 1.000000e+00 0.000000e+00
    outer loop
      vertex   -5.872224e+01 5.000000e+01 -8.941599e+01
      vertex   3.799534e+01 5.000000e+01 -8.923478e+01
      vertex   3.813439e+01 5.000000e+01 -8.941599e+01
    endloop
  endfacet
  facet normal -0.000000e+00 1.000000e+00 0.000000e+00
    outer loop
      vertex   -5.872224e+01 5.000000e+01 -8.941599e+01
      vertex   3.813439e+01 5.000000e+01 -8.941599e+01
      vertex   -5.890346e+01 5.000000e+01 -8.955505e+01
    endloop
  endfacet
  facet normal 0.000000e+00 1.000000e+00 0.000000e+00
    outer loop
      vertex   -5.890346e+01 5.000000e+01 -8.955505e+01
      vertex   3.813439e+01 5.000000e+01 -8.941599e+01
      vertex   3.831561e+01 5.000000e+01 -8.955505e+01
    endloop
  endfacet
  facet normal -0.000000e+00 1.000000e+00 0.000000e+00
    outer loop
      vertex   -5.890346e+01 5.000000e+01 -8.955505e+01
      vertex   3.831561e+01 5.000000e+01 -8.955505e+01
      vertex   -6.184096e+01 5.000000e+01 -9.129728e+01
    endloop
  endfacet
  facet normal -0.000000e+00 1.000000e+00 0.000000e+00
    outer loop
      vertex   3.875311e+01 5.000000e+01 -8.967228e+01
      vertex   3.897958e+01 5.000000e+01 -8.964246e+01
      vertex   4.125311e+01 5.000000e+01 -9.129728e+01
    endloop
  endfacet
  facet normal 0.000000e+00 1.000000e+00 0.000000e+00
    outer loop
      vertex   4.125311e+01 5.000000e+01 -9.129728e+01
      vertex   3.897958e+01 5.000000e+01 -8.964246e+01
      vertex   3.919061e+01 5.000000e+01 -8.955505e+01
    endloop
  endfacet
  facet normal 0.000000e+00 1.000000e+00 0.000000e+00
    outer loop
      vertex   4.125311e+01 5.000000e+01 -9.129728e+01
      vertex   3.919061e+01 5.000000e+01 -8.955505e+01
      vertex   3.937183e+01 5.000000e+01 -8.941599e+01
    endloop
  endfacet
  facet normal -0.000000e+00 1.000000e+00 0.000000e+00
    outer loop
      vertex   3.937183e+01 5.000000e+01 -8.941599e+01
      vertex   3.951088e+01 5.000000e+01 -8.923478e+01
      vertex   4.125311e+01 5.000000e+01 -9.129728e+01
    endloop
  endfacet
  facet normal 0.000000e+00 1.000000e+00 0.000000e+00
    outer loop
      vertex   4.125311e+01 5.000000e+01 -9.129728e+01
      vertex   3.951088e+01 5.000000e+01 -8.923478e+01
      vertex   3.959830e+01 5.000000e+01 -8.902374e+01
    endloop
  endfacet
  facet normal 0.000000e+00 1.000000e+00 -0.000000e+00
    outer loop
      vertex   -5.846596e+01 5.000000e+01 -8.879728e+01
      vertex   -5.849577e+01 5.000000e+01 -8.857081e+01
      vertex   -5.534550e+01 5.000000e+01 -8.560932e+01
    endloop
  endfacet
  facet normal 0.000000e+00 1.000000e+00 0.000000e+00
    outer loop
      vertex   -5.534550e+01 5.000000e+01 -8.560932e+01
      vertex   -5.849577e+01 5.000000e+01 -8.857081e+01
      vertex   -5.858318e+01 5.000000e+01 -8.835978e+01
    endloop
  endfacet
  facet normal 0.000000e+00 1.000000e+00 0.000000e+00
    outer loop
      vertex   -5.534550e+01 5.000000e+01 -8.560932e+01
      vertex   -5.858318e+01 5.000000e+01 -8.835978e+01
      vertex   -5.872224e+01 5.000000e+01 -8.817856e+01
    endloop
  endfacet
  facet normal 0.000000e+00 1.000000e+00 -0.000000e+00
    outer loop
      vertex   -5.872224e+01 5.000000e+01 -8.817856e+01
      vertex   -5.890346e+01 5.000000e+01 -8.803950e+01
      vertex   -5.534550e+01 5.000000e+01 -8.560932e+01
    endloop
  endfacet
  facet normal 0.000000e+00 1.000000e+00 0.000000e+00
    outer loop
      vertex   -5.534550e+01 5.000000e+01 -8.560932e+01
      vertex   -5.890346e+01 5.000000e+01 -8.803950e+01
      vertex   -5.911449e+01 5.000000e+01 -8.795209e+01
    endloop
  endfacet
  facet normal 0.000000e+00 1.000000e+00 0.000000e+00
    outer loop
      vertex   -5.534550e+01 5.000000e+01 -8.560932e+01
      vertex   -5.911449e+01 5.000000e+01 -8.795209e+01
      vertex   -5.934096e+01 5.000000e+01 -8.792228e+01
    endloop
  endfacet
  facet normal 0.000000e+00 1.000000e+00 -0.000000e+00
    outer loop
      vertex   -5.934096e+01 5.000000e+01 -8.792228e+01
      vertex   -5.956742e+01 5.000000e+01 -8.795209e+01
      vertex   -5.534550e+01 5.000000e+01 -8.560932e+01
    endloop
  endfacet
  facet normal 0.000000e+00 1.000000e+00 0.000000e+00
    outer loop
      vertex   -5.534550e+01 5.000000e+01 -8.560932e+01
      vertex   -5.956742e+01 5.000000e+01 -8.795209e+01
      vertex   -5.977846e+01 5.000000e+01 -8.803950e+01
    endloop
  endfacet
  facet normal 0.000000e+00 1.000000e+00 0.000000e+00
    outer loop
      vertex   -5.534550e+01 5.000000e+01 -8.560932e+01
      vertex   -5.977846e+01 5.000000e+01 -8.803950e+01
      vertex   -5.977846e+01 5.000000e+01 -5.817915e+01
    endloop
  endfacet
  facet normal 0.000000e+00 1.000000e+00 0.000000e+00
    outer loop
      vertex   -5.977846e+01 5.000000e+01 -5.817915e+01
      vertex   -5.977846e+01 5.000000e+01 -8.803950e+01
      vertex   -5.995967e+01 5.000000e+01 -5.804009e+01
    endloop
  endfacet
  facet normal 0.000000e+00 1.000000e+00 0.000000e+00
    outer loop
      vertex   -5.995967e+01 5.000000e+01 -5.804009e+01
      vertex   -5.977846e+01 5.000000e+01 -8.803950e+01
      vertex   -5.995967e+01 5.000000e+01 -8.817856e+01
    endloop
  endfacet
  facet normal 0.000000e+00 1.000000e+00 0.000000e+00
    outer loop
      vertex   -5.995967e+01 5.000000e+01 -5.804009e+01
      vertex   -5.995967e+01 5.000000e+01 -8.817856e+01
      vertex   -6.009873e+01 5.000000e+01 -5.785887e+01
    endloop
  endfacet
  facet normal 0.000000e+00 1.000000e+00 0.000000e+00
    outer loop
      vertex   -6.009873e+01 5.000000e+01 -5.785887e+01
      vertex   -5.995967e+01 5.000000e+01 -8.817856e+01
      vertex   -6.009873e+01 5.000000e+01 -8.835978e+01
    endloop
  endfacet
  facet normal 0.000000e+00 1.000000e+00 0.000000e+00
    outer loop
      vertex   -6.009873e+01 5.000000e+01 -5.785887e+01
      vertex   -6.009873e+01 5.000000e+01 -8.835978e+01
      vertex   -6.184096e+01 5.000000e+01 -5.492137e+01
    endloop
  endfacet
  facet normal 0.000000e+00 1.000000e+00 0.000000e+00
    outer loop
      vertex   -6.021596e+01 5.000000e+01 -8.879728e+01
      vertex   -6.018614e+01 5.000000e+01 -8.902374e+01
      vertex   -6.184096e+01 5.000000e+01 -9.129728e+01
    endloop
  endfacet
  facet normal 0.000000e+00 1.000000e+00 0.000000e+00
    outer loop
      vertex   -6.184096e+01 5.000000e+01 -9.129728e+01
      vertex   -6.018614e+01 5.000000e+01 -8.902374e+01
      vertex   -6.009873e+01 5.000000e+01 -8.923478e+01
    endloop
  endfacet
  facet normal 0.000000e+00 1.000000e+00 0.000000e+00
    outer loop
      vertex   -6.184096e+01 5.000000e+01 -9.129728e+01
      vertex   -6.009873e+01 5.000000e+01 -8.923478e+01
      vertex   -5.995967e+01 5.000000e+01 -8.941599e+01
    endloop
  endfacet
  facet normal 0.000000e+00 1.000000e+00 0.000000e+00
    outer loop
      vertex   -5.995967e+01 5.000000e+01 -8.941599e+01
      vertex   -5.977846e+01 5.000000e+01 -8.955505e+01
      vertex   -6.184096e+01 5.000000e+01 -9.129728e+01
    endloop
  endfacet
  facet normal 0.000000e+00 1.000000e+00 0.000000e+00
    outer loop
      vertex   -6.184096e+01 5.000000e+01 -9.129728e+01
      vertex   -5.977846e+01 5.000000e+01 -8.955505e+01
      vertex   -5.956742e+01 5.000000e+01 -8.964246e+01
    endloop
  endfacet
  facet normal 0.000000e+00 1.000000e+00 0.000000e+00
    outer loop
      vertex   -6.184096e+01 5.000000e+01 -9.129728e+01
      vertex   -5.956742e+01 5.000000e+01 -8.964246e+01
      vertex   -5.934096e+01 5.000000e+01 -8.967228e+01
    endloop
  endfacet
  facet normal -0.000000e+00 1.000000e+00 0.000000e+00
    outer loop
      vertex   -5.934096e+01 5.000000e+01 -8.967228e+01
      vertex   -5.911449e+01 5.000000e+01 -8.964246e+01
      vertex   -6.184096e+01 5.000000e+01 -9.129728e+01
    endloop
  endfacet
  facet normal 0.000000e+00 1.000000e+00 0.000000e+00
    outer loop
      vertex   -6.184096e+01 5.000000e+01 -9.129728e+01
      vertex   -5.911449e+01 5.000000e+01 -8.964246e+01
      vertex   -5.890346e+01 5.000000e+01 -8.955505e+01
    endloop
  endfacet
  facet normal 0.000000e+00 1.000000e+00 -0.000000e+00
    outer loop
      vertex   3.962811e+01 5.000000e+01 -5.742137e+01
      vertex   3.959830e+01 5.000000e+01 -5.719491e+01
      vertex   4.125311e+01 5.000000e+01 -5.492137e+01
    endloop
  endfacet
  facet normal 0.000000e+00 1.000000e+00 0.000000e+00
    outer loop
      vertex   4.125311e+01 5.000000e+01 -5.492137e+01
      vertex   3.959830e+01 5.000000e+01 -5.719491e+01
      vertex   3.951088e+01 5.000000e+01 -5.698387e+01
    endloop
  endfacet
  facet normal 0.000000e+00 1.000000e+00 0.000000e+00
    outer loop
      vertex   4.125311e+01 5.000000e+01 -5.492137e+01
      vertex   3.951088e+01 5.000000e+01 -5.698387e+01
      vertex   3.937183e+01 5.000000e+01 -5.680266e+01
    endloop
  endfacet
  facet normal 0.000000e+00 1.000000e+00 -0.000000e+00
    outer loop
      vertex   3.937183e+01 5.000000e+01 -5.680266e+01
      vertex   3.919061e+01 5.000000e+01 -5.666360e+01
      vertex   4.125311e+01 5.000000e+01 -5.492137e+01
    endloop
  endfacet
  facet normal 0.000000e+00 1.000000e+00 0.000000e+00
    outer loop
      vertex   4.125311e+01 5.000000e+01 -5.492137e+01
      vertex   3.919061e+01 5.000000e+01 -5.666360e+01
      vertex   3.897958e+01 5.000000e+01 -5.657619e+01
    endloop
  endfacet
  facet normal 0.000000e+00 1.000000e+00 0.000000e+00
    outer loop
      vertex   4.125311e+01 5.000000e+01 -5.492137e+01
      vertex   3.897958e+01 5.000000e+01 -5.657619e+01
      vertex   3.875311e+01 5.000000e+01 -5.654637e+01
    endloop
  endfacet
  facet normal 0.000000e+00 1.000000e+00 -0.000000e+00
    outer loop
      vertex   3.875311e+01 5.000000e+01 -5.654637e+01
      vertex   3.852665e+01 5.000000e+01 -5.657619e+01
      vertex   4.125311e+01 5.000000e+01 -5.492137e+01
    endloop
  endfacet
  facet normal 0.000000e+00 1.000000e+00 0.000000e+00
    outer loop
      vertex   4.125311e+01 5.000000e+01 -5.492137e+01
      vertex   3.852665e+01 5.000000e+01 -5.657619e+01
      vertex   3.831561e+01 5.000000e+01 -5.666360e+01
    endloop
  endfacet
  facet normal 0.000000e+00 1.000000e+00 0.000000e+00
    outer loop
      vertex   3.831561e+01 5.000000e+01 -5.666360e+01
      vertex   3.813439e+01 5.000000e+01 -5.680266e+01
      vertex   -5.890346e+01 5.000000e+01 -5.666360e+01
    endloop
  endfacet
  facet normal 0.000000e+00 1.000000e+00 0.000000e+00
    outer loop
      vertex   -5.890346e+01 5.000000e+01 -5.666360e+01
      vertex   3.813439e+01 5.000000e+01 -5.680266e+01
      vertex   -5.872224e+01 5.000000e+01 -5.680266e+01
    endloop
  endfacet
  facet normal -0.000000e+00 1.000000e+00 0.000000e+00
    outer loop
      vertex   -5.872224e+01 5.000000e+01 -5.680266e+01
      vertex   3.813439e+01 5.000000e+01 -5.680266e+01
      vertex   3.799534e+01 5.000000e+01 -5.698387e+01
    endloop
  endfacet
  facet normal 0.000000e+00 1.000000e+00 0.000000e+00
    outer loop
      vertex   -5.872224e+01 5.000000e+01 -5.680266e+01
      vertex   3.799534e+01 5.000000e+01 -5.698387e+01
      vertex   -5.858318e+01 5.000000e+01 -5.698387e+01
    endloop
  endfacet
  facet normal 0.000000e+00 1.000000e+00 0.000000e+00
    outer loop
      vertex   3.790793e+01 5.000000e+01 -5.719491e+01
      vertex   3.787811e+01 5.000000e+01 -5.742137e+01
      vertex   3.475766e+01 5.000000e+01 -6.060932e+01
    endloop
  endfacet
  facet normal 0.000000e+00 1.000000e+00 0.000000e+00
    outer loop
      vertex   3.475766e+01 5.000000e+01 -6.060932e+01
      vertex   3.787811e+01 5.000000e+01 -5.742137e+01
      vertex   3.790793e+01 5.000000e+01 -5.764784e+01
    endloop
  endfacet
  facet normal 0.000000e+00 1.000000e+00 0.000000e+00
    outer loop
      vertex   3.475766e+01 5.000000e+01 -6.060932e+01
      vertex   3.790793e+01 5.000000e+01 -5.764784e+01
      vertex   3.799534e+01 5.000000e+01 -5.785887e+01
    endloop
  endfacet
  facet normal 0.000000e+00 1.000000e+00 0.000000e+00
    outer loop
      vertex   3.799534e+01 5.000000e+01 -5.785887e+01
      vertex   3.813439e+01 5.000000e+01 -5.804009e+01
      vertex   3.475766e+01 5.000000e+01 -6.060932e+01
    endloop
  endfacet
  facet normal 0.000000e+00 1.000000e+00 0.000000e+00
    outer loop
      vertex   3.475766e+01 5.000000e+01 -6.060932e+01
      vertex   3.813439e+01 5.000000e+01 -5.804009e+01
      vertex   3.831561e+01 5.000000e+01 -5.817915e+01
    endloop
  endfacet
  facet normal 0.000000e+00 1.000000e+00 0.000000e+00
    outer loop
      vertex   3.475766e+01 5.000000e+01 -6.060932e+01
      vertex   3.831561e+01 5.000000e+01 -5.817915e+01
      vertex   3.852665e+01 5.000000e+01 -5.826656e+01
    endloop
  endfacet
  facet normal 0.000000e+00 1.000000e+00 0.000000e+00
    outer loop
      vertex   3.852665e+01 5.000000e+01 -5.826656e+01
      vertex   3.875311e+01 5.000000e+01 -5.829637e+01
      vertex   3.475766e+01 5.000000e+01 -6.060932e+01
    endloop
  endfacet
  facet normal 0.000000e+00 1.000000e+00 0.000000e+00
    outer loop
      vertex   3.475766e+01 5.000000e+01 -6.060932e+01
      vertex   3.875311e+01 5.000000e+01 -5.829637e+01
      vertex   3.897958e+01 5.000000e+01 -5.826656e+01
    endloop
  endfacet
  facet normal 0.000000e+00 1.000000e+00 0.000000e+00
    outer loop
      vertex   3.475766e+01 5.000000e+01 -6.060932e+01
      vertex   3.897958e+01 5.000000e+01 -5.826656e+01
      vertex   3.919061e+01 5.000000e+01 -5.817915e+01
    endloop
  endfacet
  facet normal -0.000000e+00 1.000000e+00 0.000000e+00
    outer loop
      vertex   -5.849577e+01 5.000000e+01 -5.764784e+01
      vertex   -5.846596e+01 5.000000e+01 -5.742137e+01
      vertex   -5.534550e+01 5.000000e+01 -6.060932e+01
    endloop
  endfacet
  facet normal 0.000000e+00 1.000000e+00 0.000000e+00
    outer loop
      vertex   -5.534550e+01 5.000000e+01 -6.060932e+01
      vertex   -5.846596e+01 5.000000e+01 -5.742137e+01
      vertex   -5.849577e+01 5.000000e+01 -5.719491e+01
    endloop
  endfacet
  facet normal 0.000000e+00 1.000000e+00 0.000000e+00
    outer loop
      vertex   -5.534550e+01 5.000000e+01 -6.060932e+01
      vertex   -5.849577e+01 5.000000e+01 -5.719491e+01
      vertex   -5.858318e+01 5.000000e+01 -5.698387e+01
    endloop
  endfacet
  facet normal 0.000000e+00 1.000000e+00 0.000000e+00
    outer loop
      vertex   -5.911449e+01 5.000000e+01 -5.657619e+01
      vertex   -5.934096e+01 5.000000e+01 -5.654637e+01
      vertex   -6.184096e+01 5.000000e+01 -5.492137e+01
    endloop
  endfacet
  facet normal 0.000000e+00 1.000000e+00 0.000000e+00
    outer loop
      vertex   -6.184096e+01 5.000000e+01 -5.492137e+01
      vertex   -5.934096e+01 5.000000e+01 -5.654637e+01
      vertex   -5.956742e+01 5.000000e+01 -5.657619e+01
    endloop
  endfacet
  facet normal 0.000000e+00 1.000000e+00 0.000000e+00
    outer loop
      vertex   -6.184096e+01 5.000000e+01 -5.492137e+01
      vertex   -5.956742e+01 5.000000e+01 -5.657619e+01
      vertex   -5.977846e+01 5.000000e+01 -5.666360e+01
    endloop
  endfacet
  facet normal 0.000000e+00 1.000000e+00 0.000000e+00
    outer loop
      vertex   -5.977846e+01 5.000000e+01 -5.666360e+01
      vertex   -5.995967e+01 5.000000e+01 -5.680266e+01
      vertex   -6.184096e+01 5.000000e+01 -5.492137e+01
    endloop
  endfacet
  facet normal 0.000000e+00 1.000000e+00 0.000000e+00
    outer loop
      vertex   -6.184096e+01 5.000000e+01 -5.492137e+01
      vertex   -5.995967e+01 5.000000e+01 -5.680266e+01
      vertex   -6.009873e+01 5.000000e+01 -5.698387e+01
    endloop
  endfacet
  facet normal 0.000000e+00 1.000000e+00 0.000000e+00
    outer loop
      vertex   -6.184096e+01 5.000000e+01 -5.492137e+01
      vertex   -6.009873e+01 5.000000e+01 -5.698387e+01
      vertex   -6.018614e+01 5.000000e+01 -5.719491e+01
    endloop
  endfacet
  facet normal 0.000000e+00 1.000000e+00 0.000000e+00
    outer loop
      vertex   -6.018614e+01 5.000000e+01 -5.719491e+01
      vertex   -6.021596e+01 5.000000e+01 -5.742137e+01
      vertex   -6.184096e+01 5.000000e+01 -5.492137e+01
    endloop
  endfacet
  facet normal 0.000000e+00 1.000000e+00 0.000000e+00
    outer loop
      vertex   -6.184096e+01 5.000000e+01 -5.492137e+01
      vertex   -6.021596e+01 5.000000e+01 -5.742137e+01
      vertex   -6.018614e+01 5.000000e+01 -5.764784e+01
    endloop
  endfacet
  facet normal 0.000000e+00 1.000000e+00 0.000000e+00
    outer loop
      vertex   -6.184096e+01 5.000000e+01 -5.492137e+01
      vertex   -6.018614e+01 5.000000e+01 -5.764784e+01
      vertex   -6.009873e+01 5.000000e+01 -5.785887e+01
    endloop
  endfacet
  facet normal -0.000000e+00 1.000000e+00 0.000000e+00
    outer loop
      vertex   -5.934096e+01 5.000000e+01 -5.829637e+01
      vertex   -5.911449e+01 5.000000e+01 -5.826656e+01
      vertex   -5.534550e+01 5.000000e+01 -6.060932e+01
    endloop
  endfacet
  facet normal 0.000000e+00 1.000000e+00 0.000000e+00
    outer loop
      vertex   -5.534550e+01 5.000000e+01 -6.060932e+01
      vertex   -5.911449e+01 5.000000e+01 -5.826656e+01
      vertex   -5.890346e+01 5.000000e+01 -5.817915e+01
    endloop
  endfacet
  facet normal 0.000000e+00 1.000000e+00 0.000000e+00
    outer loop
      vertex   -5.534550e+01 5.000000e+01 -6.060932e+01
      vertex   -5.890346e+01 5.000000e+01 -5.817915e+01
      vertex   -5.872224e+01 5.000000e+01 -5.804009e+01
    endloop
  endfacet
  facet normal -0.000000e+00 1.000000e+00 0.000000e+00
    outer loop
      vertex   -5.872224e+01 5.000000e+01 -5.804009e+01
      vertex   -5.858318e+01 5.000000e+01 -5.785887e+01
      vertex   -5.534550e+01 5.000000e+01 -6.060932e+01
    endloop
  endfacet
  facet normal 0.000000e+00 1.000000e+00 0.000000e+00
    outer loop
      vertex   -5.534550e+01 5.000000e+01 -6.060932e+01
      vertex   -5.858318e+01 5.000000e+01 -5.785887e+01
      vertex   -5.849577e+01 5.000000e+01 -5.764784e+01
    endloop
  endfacet
  facet normal 1.000000e+00 0.000000e+00 0.000000e+00
    outer loop
      vertex   4.125311e+01 5.000000e+01 -5.492137e+01
      vertex   4.125311e+01 5.000000e+00 -5.492137e+01
      vertex   4.125311e+01 5.000000e+01 -9.129728e+01
    endloop
  endfacet
  facet normal 1.000000e+00 0.000000e+00 0.000000e+00
    outer loop
      vertex   4.125311e+01 5.000000e+01 -9.129728e+01
      vertex   4.125311e+01 5.000000e+00 -5.492137e+01
      vertex   4.125311e+01 0.000000e+00 -9.129728e+01
    endloop
  endfacet
  facet normal 1.000000e+00 0.000000e+00 0.000000e+00
    outer loop
      vertex   4.125311e+01 0.000000e+00 -9.129728e+01
      vertex   4.125311e+01 5.000000e+00 -5.492137e+01
      vertex   4.125311e+01 0.000000e+00 2.870272e+01
    endloop
  endfacet
  facet normal 1.000000e+00 -0.000000e+00 0.000000e+00
    outer loop
      vertex   4.125311e+01 0.000000e+00 2.870272e+01
      vertex   4.125311e+01 5.000000e+00 -5.492137e+01
      vertex   4.125311e+01 5.000000e+00 2.870272e+01
    endloop
  endfacet
  facet normal 2.107309e-02 9.997779e-01 0.000000e+00
    outer loop
      vertex   3.625311e+01 1.000000e+01 2.077844e+01
      vertex   3.646174e+01 9.995603e+00 2.103853e+01
      vertex   3.625311e+01 1.000000e+01 -5.492137e+01
    endloop
  endfacet
  facet normal 5.760728e-02 9.983393e-01 -1.004273e-04
    outer loop
      vertex   3.625311e+01 1.000000e+01 -5.492137e+01
      vertex   3.646174e+01 9.995603e+00 2.103853e+01
      vertex   3.662130e+01 9.986426e+00 2.134131e+01
    endloop
  endfacet
  facet normal 8.287886e-02 9.965596e-01 -2.227537e-04
    outer loop
      vertex   3.625311e+01 1.000000e+01 -5.492137e+01
      vertex   3.662130e+01 9.986426e+00 2.134131e+01
      vertex   3.671799e+01 9.978458e+00 2.166928e+01
    endloop
  endfacet
  facet normal 2.024129e-01 9.792483e-01 -1.009071e-02
    outer loop
      vertex   3.675000e+01 9.975249e+00 2.200000e+01
      vertex   3.722856e+01 9.903926e+00 2.467818e+01
      vertex   3.671799e+01 9.978458e+00 2.166928e+01
    endloop
  endfacet
  facet normal 1.474341e-01 9.890718e-01 -5.180682e-04
    outer loop
      vertex   3.671799e+01 9.978458e+00 2.166928e+01
      vertex   3.722856e+01 9.903926e+00 2.467818e+01
      vertex   3.736572e+01 9.874640e+00 7.796700e+00
    endloop
  endfacet
  facet normal 1.582613e-01 9.873973e-01 0.000000e+00
    outer loop
      vertex   3.671799e+01 9.978458e+00 2.166928e+01
      vertex   3.736572e+01 9.874640e+00 7.796700e+00
      vertex   3.736572e+01 9.874640e+00 -1.310932e+01
    endloop
  endfacet
  facet normal 3.302791e-01 9.438833e-01 -0.000000e+00
    outer loop
      vertex   3.736572e+01 9.874640e+00 -1.310932e+01
      vertex   3.736572e+01 9.874640e+00 7.796700e+00
      vertex   3.842253e+01 9.504844e+00 -1.310932e+01
    endloop
  endfacet
  facet normal 3.302791e-01 9.438833e-01 0.000000e+00
    outer loop
      vertex   3.736572e+01 9.874640e+00 -1.310932e+01
      vertex   3.842253e+01 9.504844e+00 -1.310932e+01
      vertex   3.842253e+01 9.504844e+00 -3.401535e+01
    endloop
  endfacet
  facet normal 5.320321e-01 8.467242e-01 -0.000000e+00
    outer loop
      vertex   3.842253e+01 9.504844e+00 -3.401535e+01
      vertex   3.842253e+01 9.504844e+00 -1.310932e+01
      vertex   3.937056e+01 8.909157e+00 -3.401535e+01
    endloop
  endfacet
  facet normal 5.320315e-01 8.467234e-01 1.409740e-03
    outer loop
      vertex   3.842253e+01 9.504844e+00 -3.401535e+01
      vertex   3.937056e+01 8.909157e+00 -3.401535e+01
      vertex   3.903096e+01 9.157348e+00 -5.492137e+01
    endloop
  endfacet
  facet normal 6.343929e-01 7.730100e-01 -1.128125e-03
    outer loop
      vertex   3.903096e+01 9.157348e+00 -5.492137e+01
      vertex   3.937056e+01 8.909157e+00 -3.401535e+01
      vertex   3.978865e+01 8.535534e+00 -5.492137e+01
    endloop
  endfacet
  facet normal 7.071060e-01 7.071060e-01 1.503821e-03
    outer loop
      vertex   3.978865e+01 8.535534e+00 -5.492137e+01
      vertex   3.937056e+01 8.909157e+00 -3.401535e+01
      vertex   4.016227e+01 8.117449e+00 -3.401535e+01
    endloop
  endfacet
  facet normal 7.730100e-01 6.343929e-01 -1.128125e-03
    outer loop
      vertex   3.978865e+01 8.535534e+00 -5.492137e+01
      vertex   4.016227e+01 8.117449e+00 -3.401535e+01
      vertex   4.041046e+01 7.777851e+00 -5.492137e+01
    endloop
  endfacet
  facet normal 8.467234e-01 5.320315e-01 1.409740e-03
    outer loop
      vertex   4.041046e+01 7.777851e+00 -5.492137e+01
      vertex   4.016227e+01 8.117449e+00 -3.401535e+01
      vertex   4.075796e+01 7.169419e+00 -3.401535e+01
    endloop
  endfacet
  facet normal 8.819209e-01 4.713965e-01 -9.399811e-04
    outer loop
      vertex   4.041046e+01 7.777851e+00 -5.492137e+01
      vertex   4.075796e+01 7.169419e+00 -3.401535e+01
      vertex   4.087251e+01 6.913417e+00 -5.492137e+01
    endloop
  endfacet
  facet normal 9.438827e-01 3.302789e-01 1.127570e-03
    outer loop
      vertex   4.087251e+01 6.913417e+00 -5.492137e+01
      vertex   4.075796e+01 7.169419e+00 -3.401535e+01
      vertex   4.112775e+01 6.112605e+00 -3.401535e+01
    endloop
  endfacet
  facet normal 9.569402e-01 2.902846e-01 -5.638408e-04
    outer loop
      vertex   4.087251e+01 6.913417e+00 -5.492137e+01
      vertex   4.112775e+01 6.112605e+00 -3.401535e+01
      vertex   4.115704e+01 5.975452e+00 -5.492137e+01
    endloop
  endfacet
  facet normal 9.951844e-01 9.801711e-02 7.510975e-04
    outer loop
      vertex   4.115704e+01 5.975452e+00 -5.492137e+01
      vertex   4.112775e+01 6.112605e+00 -3.401535e+01
      vertex   4.125311e+01 5.000000e+00 -5.492137e+01
    endloop
  endfacet
  facet normal 9.937122e-01 1.119645e-01 0.000000e+00
    outer loop
      vertex   4.125311e+01 5.000000e+00 -5.492137e+01
      vertex   4.112775e+01 6.112605e+00 -3.401535e+01
      vertex   4.112775e+01 6.112605e+00 -1.310932e+01
    endloop
  endfacet
  facet normal 9.915757e-01 1.295277e-01 -4.737575e-04
    outer loop
      vertex   4.125311e+01 5.000000e+00 -5.492137e+01
      vertex   4.112775e+01 6.112605e+00 -1.310932e+01
      vertex   4.122904e+01 5.490086e+00 2.867865e+01
    endloop
  endfacet
  facet normal 9.870214e-01 1.605888e-01 0.000000e+00
    outer loop
      vertex   4.122904e+01 5.490086e+00 2.867865e+01
      vertex   4.112775e+01 6.112605e+00 -1.310932e+01
      vertex   4.112775e+01 6.112605e+00 7.796700e+00
    endloop
  endfacet
  facet normal 9.891856e-01 1.466687e-01 -4.254724e-04
    outer loop
      vertex   4.122904e+01 5.490086e+00 2.867865e+01
      vertex   4.112775e+01 6.112605e+00 7.796700e+00
      vertex   4.115704e+01 5.975452e+00 2.860665e+01
    endloop
  endfacet
  facet normal 9.700173e-01 2.430359e-01 2.366360e-04
    outer loop
      vertex   4.115704e+01 5.975452e+00 2.860665e+01
      vertex   4.112775e+01 6.112605e+00 7.796700e+00
      vertex   4.103781e+01 6.451423e+00 2.848743e+01
    endloop
  endfacet
  facet normal 9.438825e-01 3.302788e-01 -1.305601e-03
    outer loop
      vertex   4.103781e+01 6.451423e+00 2.848743e+01
      vertex   4.112775e+01 6.112605e+00 7.796700e+00
      vertex   4.075796e+01 7.169419e+00 7.796700e+00
    endloop
  endfacet
  facet normal 9.416635e-01 3.365541e-01 -1.057826e-03
    outer loop
      vertex   4.103781e+01 6.451423e+00 2.848743e+01
      vertex   4.075796e+01 7.169419e+00 7.796700e+00
      vertex   4.087251e+01 6.913417e+00 2.832212e+01
    endloop
  endfacet
  facet normal 9.039364e-01 4.276668e-01 2.891265e-04
    outer loop
      vertex   4.087251e+01 6.913417e+00 2.832212e+01
      vertex   4.075796e+01 7.169419e+00 7.796700e+00
      vertex   4.066272e+01 7.356984e+00 2.811233e+01
    endloop
  endfacet
  facet normal 8.579191e-01 5.137843e-01 -7.216829e-04
    outer loop
      vertex   4.066272e+01 7.356984e+00 2.811233e+01
      vertex   4.075796e+01 7.169419e+00 7.796700e+00
      vertex   4.041046e+01 7.777851e+00 2.786007e+01
    endloop
  endfacet
  facet normal 8.467233e-01 5.320315e-01 -1.468948e-03
    outer loop
      vertex   4.041046e+01 7.777851e+00 2.786007e+01
      vertex   4.075796e+01 7.169419e+00 7.796700e+00
      vertex   4.016227e+01 8.117449e+00 7.796700e+00
    endloop
  endfacet
  facet normal 7.725302e-01 6.349769e-01 1.191325e-03
    outer loop
      vertex   4.041046e+01 7.777851e+00 2.786007e+01
      vertex   4.016227e+01 8.117449e+00 7.796700e+00
      vertex   3.978865e+01 8.535534e+00 2.723826e+01
    endloop
  endfacet
  facet normal 7.071059e-01 7.071059e-01 -1.617098e-03
    outer loop
      vertex   3.978865e+01 8.535534e+00 2.723826e+01
      vertex   4.016227e+01 8.117449e+00 7.796700e+00
      vertex   3.937056e+01 8.909157e+00 7.796700e+00
    endloop
  endfacet
  facet normal 6.336511e-01 7.736180e-01 1.240739e-03
    outer loop
      vertex   3.978865e+01 8.535534e+00 2.723826e+01
      vertex   3.937056e+01 8.909157e+00 7.796700e+00
      vertex   3.903096e+01 9.157348e+00 2.648058e+01
    endloop
  endfacet
  facet normal 5.320314e-01 8.467231e-01 -1.577405e-03
    outer loop
      vertex   3.903096e+01 9.157348e+00 2.648058e+01
      vertex   3.937056e+01 8.909157e+00 7.796700e+00
      vertex   3.842253e+01 9.504844e+00 7.796700e+00
    endloop
  endfacet
  facet normal 4.705502e-01 8.823725e-01 1.087737e-03
    outer loop
      vertex   3.903096e+01 9.157348e+00 2.648058e+01
      vertex   3.842253e+01 9.504844e+00 7.796700e+00
      vertex   3.816653e+01 9.619398e+00 2.561614e+01
    endloop
  endfacet
  facet normal 3.302788e-01 9.438825e-01 -1.322881e-03
    outer loop
      vertex   3.816653e+01 9.619398e+00 2.561614e+01
      vertex   3.842253e+01 9.504844e+00 7.796700e+00
      vertex   3.736572e+01 9.874640e+00 7.796700e+00
    endloop
  endfacet
  facet normal 2.896501e-01 9.571323e-01 6.927724e-04
    outer loop
      vertex   3.816653e+01 9.619398e+00 2.561614e+01
      vertex   3.736572e+01 9.874640e+00 7.796700e+00
      vertex   3.722856e+01 9.903926e+00 2.467818e+01
    endloop
  endfacet
  facet normal 1.307614e-01 9.914092e-01 3.036507e-03
    outer loop
      vertex   3.675000e+01 9.975249e+00 2.200000e+01
      vertex   3.671799e+01 9.978458e+00 2.233072e+01
      vertex   3.722856e+01 9.903926e+00 2.467818e+01
    endloop
  endfacet
  facet normal 1.087439e-01 9.940383e-01 7.908813e-03
    outer loop
      vertex   3.722856e+01 9.903926e+00 2.467818e+01
      vertex   3.671799e+01 9.978458e+00 2.233072e+01
      vertex   3.662130e+01 9.986426e+00 2.265869e+01
    endloop
  endfacet
  facet normal 8.213582e-02 9.964925e-01 1.601013e-02
    outer loop
      vertex   3.722856e+01 9.903926e+00 2.467818e+01
      vertex   3.662130e+01 9.986426e+00 2.265869e+01
      vertex   3.625311e+01 1.000000e+01 2.370272e+01
    endloop
  endfacet
  facet normal 9.876733e-02 9.948696e-01 2.189653e-02
    outer loop
      vertex   3.625311e+01 1.000000e+01 2.370272e+01
      vertex   3.662130e+01 9.986426e+00 2.265869e+01
      vertex   3.646174e+01 9.995603e+00 2.296147e+01
    endloop
  endfacet
  facet normal 2.107309e-02 9.997779e-01 0.000000e+00
    outer loop
      vertex   3.625311e+01 1.000000e+01 2.370272e+01
      vertex   3.646174e+01 9.995603e+00 2.296147e+01
      vertex   3.625311e+01 1.000000e+01 2.322156e+01
    endloop
  endfacet
  facet normal 9.987955e-01 4.906767e-02 0.000000e+00
    outer loop
      vertex   4.122904e+01 5.490086e+00 2.867865e+01
      vertex   4.125311e+01 5.000000e+00 2.870272e+01
      vertex   4.125311e+01 5.000000e+00 -5.492137e+01
    endloop
  endfacet
  facet normal 4.713965e-01 8.819209e-01 -9.399811e-04
    outer loop
      vertex   3.903096e+01 9.157348e+00 -5.492137e+01
      vertex   3.816653e+01 9.619398e+00 -5.492137e+01
      vertex   3.842253e+01 9.504844e+00 -3.401535e+01
    endloop
  endfacet
  facet normal 3.302789e-01 9.438827e-01 1.127570e-03
    outer loop
      vertex   3.842253e+01 9.504844e+00 -3.401535e+01
      vertex   3.816653e+01 9.619398e+00 -5.492137e+01
      vertex   3.736572e+01 9.874640e+00 -3.401535e+01
    endloop
  endfacet
  facet normal 3.302791e-01 9.438833e-01 0.000000e+00
    outer loop
      vertex   3.842253e+01 9.504844e+00 -3.401535e+01
      vertex   3.736572e+01 9.874640e+00 -3.401535e+01
      vertex   3.736572e+01 9.874640e+00 -1.310932e+01
    endloop
  endfacet
  facet normal 1.582613e-01 9.873973e-01 0.000000e+00
    outer loop
      vertex   3.736572e+01 9.874640e+00 -1.310932e+01
      vertex   3.736572e+01 9.874640e+00 -3.401535e+01
      vertex   3.671799e+01 9.978458e+00 2.166928e+01
    endloop
  endfacet
  facet normal 2.902846e-01 9.569402e-01 -5.638408e-04
    outer loop
      vertex   3.816653e+01 9.619398e+00 -5.492137e+01
      vertex   3.722856e+01 9.903926e+00 -5.492137e+01
      vertex   3.736572e+01 9.874640e+00 -3.401535e+01
    endloop
  endfacet
  facet normal 1.766618e-01 9.842716e-01 2.198646e-04
    outer loop
      vertex   3.736572e+01 9.874640e+00 -3.401535e+01
      vertex   3.722856e+01 9.903926e+00 -5.492137e+01
      vertex   3.671799e+01 9.978458e+00 2.166928e+01
    endloop
  endfacet
  facet normal 9.801714e-02 9.951847e-01 -3.150238e-04
    outer loop
      vertex   3.722856e+01 9.903926e+00 -5.492137e+01
      vertex   3.625311e+01 1.000000e+01 -5.492137e+01
      vertex   3.671799e+01 9.978458e+00 2.166928e+01
    endloop
  endfacet
  facet normal 3.302791e-01 9.438833e-01 0.000000e+00
    outer loop
      vertex   3.736572e+01 9.874640e+00 7.796700e+00
      vertex   3.842253e+01 9.504844e+00 7.796700e+00
      vertex   3.842253e+01 9.504844e+00 -1.310932e+01
    endloop
  endfacet
  facet normal 5.320321e-01 8.467242e-01 -0.000000e+00
    outer loop
      vertex   3.842253e+01 9.504844e+00 -1.310932e+01
      vertex   3.842253e+01 9.504844e+00 7.796700e+00
      vertex   3.937056e+01 8.909157e+00 -1.310932e+01
    endloop
  endfacet
  facet normal 5.320321e-01 8.467242e-01 0.000000e+00
    outer loop
      vertex   3.842253e+01 9.504844e+00 -1.310932e+01
      vertex   3.937056e+01 8.909157e+00 -1.310932e+01
      vertex   3.937056e+01 8.909157e+00 -3.401535e+01
    endloop
  endfacet
  facet normal 7.071068e-01 7.071068e-01 -0.000000e+00
    outer loop
      vertex   3.937056e+01 8.909157e+00 -3.401535e+01
      vertex   3.937056e+01 8.909157e+00 -1.310932e+01
      vertex   4.016227e+01 8.117449e+00 -3.401535e+01
    endloop
  endfacet
  facet normal 5.320321e-01 8.467242e-01 0.000000e+00
    outer loop
      vertex   3.842253e+01 9.504844e+00 7.796700e+00
      vertex   3.937056e+01 8.909157e+00 7.796700e+00
      vertex   3.937056e+01 8.909157e+00 -1.310932e+01
    endloop
  endfacet
  facet normal 7.071068e-01 7.071068e-01 -0.000000e+00
    outer loop
      vertex   3.937056e+01 8.909157e+00 -1.310932e+01
      vertex   3.937056e+01 8.909157e+00 7.796700e+00
      vertex   4.016227e+01 8.117449e+00 -1.310932e+01
    endloop
  endfacet
  facet normal 7.071068e-01 7.071068e-01 0.000000e+00
    outer loop
      vertex   3.937056e+01 8.909157e+00 -1.310932e+01
      vertex   4.016227e+01 8.117449e+00 -1.310932e+01
      vertex   4.016227e+01 8.117449e+00 -3.401535e+01
    endloop
  endfacet
  facet normal 8.467242e-01 5.320321e-01 -0.000000e+00
    outer loop
      vertex   4.016227e+01 8.117449e+00 -3.401535e+01
      vertex   4.016227e+01 8.117449e+00 -1.310932e+01
      vertex   4.075796e+01 7.169419e+00 -3.401535e+01
    endloop
  endfacet
  facet normal 7.071068e-01 7.071068e-01 0.000000e+00
    outer loop
      vertex   3.937056e+01 8.909157e+00 7.796700e+00
      vertex   4.016227e+01 8.117449e+00 7.796700e+00
      vertex   4.016227e+01 8.117449e+00 -1.310932e+01
    endloop
  endfacet
  facet normal 8.467242e-01 5.320321e-01 -0.000000e+00
    outer loop
      vertex   4.016227e+01 8.117449e+00 -1.310932e+01
      vertex   4.016227e+01 8.117449e+00 7.796700e+00
      vertex   4.075796e+01 7.169419e+00 -1.310932e+01
    endloop
  endfacet
  facet normal 8.467242e-01 5.320321e-01 0.000000e+00
    outer loop
      vertex   4.016227e+01 8.117449e+00 -1.310932e+01
      vertex   4.075796e+01 7.169419e+00 -1.310932e+01
      vertex   4.075796e+01 7.169419e+00 -3.401535e+01
    endloop
  endfacet
  facet normal 9.438833e-01 3.302791e-01 -0.000000e+00
    outer loop
      vertex   4.075796e+01 7.169419e+00 -3.401535e+01
      vertex   4.075796e+01 7.169419e+00 -1.310932e+01
      vertex   4.112775e+01 6.112605e+00 -3.401535e+01
    endloop
  endfacet
  facet normal 8.467242e-01 5.320321e-01 0.000000e+00
    outer loop
      vertex   4.016227e+01 8.117449e+00 7.796700e+00
      vertex   4.075796e+01 7.169419e+00 7.796700e+00
      vertex   4.075796e+01 7.169419e+00 -1.310932e+01
    endloop
  endfacet
  facet normal 9.438833e-01 3.302791e-01 -0.000000e+00
    outer loop
      vertex   4.075796e+01 7.169419e+00 -1.310932e+01
      vertex   4.075796e+01 7.169419e+00 7.796700e+00
      vertex   4.112775e+01 6.112605e+00 -1.310932e+01
    endloop
  endfacet
  facet normal 9.438833e-01 3.302791e-01 0.000000e+00
    outer loop
      vertex   4.075796e+01 7.169419e+00 -1.310932e+01
      vertex   4.112775e+01 6.112605e+00 -1.310932e+01
      vertex   4.112775e+01 6.112605e+00 -3.401535e+01
    endloop
  endfacet
  facet normal 9.438833e-01 3.302791e-01 0.000000e+00
    outer loop
      vertex   4.112775e+01 6.112605e+00 7.796700e+00
      vertex   4.112775e+01 6.112605e+00 -1.310932e+01
      vertex   4.075796e+01 7.169419e+00 7.796700e+00
    endloop
  endfacet
  facet normal -0.000000e+00 9.997341e-01 2.305795e-02
    outer loop
      vertex   -5.339729e+01 1.000000e+01 2.370272e+01
      vertex   -5.351783e+01 9.994764e+00 2.392975e+01
      vertex   3.459599e+01 1.000000e+01 2.370272e+01
    endloop
  endfacet
  facet normal 1.099277e-04 9.978408e-01 6.567914e-02
    outer loop
      vertex   3.459599e+01 1.000000e+01 2.370272e+01
      vertex   -5.351783e+01 9.994764e+00 2.392975e+01
      vertex   -5.366703e+01 9.981363e+00 2.413360e+01
    endloop
  endfacet
  facet normal 2.973898e-04 9.945836e-01 1.039388e-01
    outer loop
      vertex   3.459599e+01 1.000000e+01 2.370272e+01
      vertex   -5.366703e+01 9.981363e+00 2.413360e+01
      vertex   -5.383879e+01 9.963079e+00 2.430905e+01
    endloop
  endfacet
  facet normal 5.290419e-04 9.905047e-01 1.374780e-01
    outer loop
      vertex   -5.383879e+01 9.963079e+00 2.430905e+01
      vertex   -5.403854e+01 9.942001e+00 2.446168e+01
      vertex   3.459599e+01 1.000000e+01 2.370272e+01
    endloop
  endfacet
  facet normal 7.694790e-04 9.862543e-01 1.652326e-01
    outer loop
      vertex   3.459599e+01 1.000000e+01 2.370272e+01
      vertex   -5.403854e+01 9.942001e+00 2.446168e+01
      vertex   -5.426224e+01 9.921210e+00 2.458682e+01
    endloop
  endfacet
  facet normal -7.738070e-04 9.999354e-01 1.134030e-02
    outer loop
      vertex   3.459599e+01 1.000000e+01 2.370272e+01
      vertex   -5.426224e+01 9.921210e+00 2.458682e+01
      vertex   3.500000e+01 9.999776e+00 2.375000e+01
    endloop
  endfacet
  facet normal 8.554869e-05 9.947312e-01 1.025176e-01
    outer loop
      vertex   3.500000e+01 9.999776e+00 2.375000e+01
      vertex   -5.426224e+01 9.921210e+00 2.458682e+01
      vertex   3.722856e+01 9.903926e+00 2.467818e+01
    endloop
  endfacet
  facet normal 3.393449e-03 9.955043e-01 9.465517e-02
    outer loop
      vertex   3.500000e+01 9.999776e+00 2.375000e+01
      vertex   3.722856e+01 9.903926e+00 2.467818e+01
      vertex   3.625311e+01 1.000000e+01 2.370272e+01
    endloop
  endfacet
  facet normal 8.446238e-07 9.827242e-01 1.850762e-01
    outer loop
      vertex   -5.426224e+01 9.921210e+00 2.458682e+01
      vertex   -5.450309e+01 9.904100e+00 2.467767e+01
      vertex   3.722856e+01 9.903926e+00 2.467818e+01
    endloop
  endfacet
  facet normal 7.038281e-07 9.779138e-01 2.090088e-01
    outer loop
      vertex   3.722856e+01 9.903926e+00 2.467818e+01
      vertex   -5.450309e+01 9.904100e+00 2.467767e+01
      vertex   1.548490e-02 9.874640e+00 2.481533e+01
    endloop
  endfacet
  facet normal 0.000000e+00 9.779528e-01 2.088262e-01
    outer loop
      vertex   3.722856e+01 9.903926e+00 2.467818e+01
      vertex   1.548490e-02 9.874640e+00 2.481533e+01
      vertex   2.063430e+01 9.874640e+00 2.481533e+01
    endloop
  endfacet
  facet normal 0.000000e+00 9.438833e-01 3.302791e-01
    outer loop
      vertex   2.063430e+01 9.874640e+00 2.481533e+01
      vertex   1.548490e-02 9.874640e+00 2.481533e+01
      vertex   2.063430e+01 9.504844e+00 2.587214e+01
    endloop
  endfacet
  facet normal -1.344552e-03 9.438825e-01 3.302788e-01
    outer loop
      vertex   2.063430e+01 9.874640e+00 2.481533e+01
      vertex   2.063430e+01 9.504844e+00 2.587214e+01
      vertex   3.816653e+01 9.619398e+00 2.561614e+01
    endloop
  endfacet
  facet normal 1.105309e-03 8.823798e-01 4.705365e-01
    outer loop
      vertex   3.816653e+01 9.619398e+00 2.561614e+01
      vertex   2.063430e+01 9.504844e+00 2.587214e+01
      vertex   3.903096e+01 9.157348e+00 2.648058e+01
    endloop
  endfacet
  facet normal -1.602032e-03 8.467231e-01 5.320314e-01
    outer loop
      vertex   3.903096e+01 9.157348e+00 2.648058e+01
      vertex   2.063430e+01 9.504844e+00 2.587214e+01
      vertex   2.063430e+01 8.909157e+00 2.682017e+01
    endloop
  endfacet
  facet normal 1.259773e-03 7.736273e-01 6.336397e-01
    outer loop
      vertex   3.903096e+01 9.157348e+00 2.648058e+01
      vertex   2.063430e+01 8.909157e+00 2.682017e+01
      vertex   3.978865e+01 8.535534e+00 2.723826e+01
    endloop
  endfacet
  facet normal -1.641346e-03 7.071058e-01 7.071058e-01
    outer loop
      vertex   3.978865e+01 8.535534e+00 2.723826e+01
      vertex   2.063430e+01 8.909157e+00 2.682017e+01
      vertex   2.063430e+01 8.117449e+00 2.761188e+01
    endloop
  endfacet
  facet normal 1.208863e-03 6.349855e-01 7.725231e-01
    outer loop
      vertex   3.978865e+01 8.535534e+00 2.723826e+01
      vertex   2.063430e+01 8.117449e+00 2.761188e+01
      vertex   4.041046e+01 7.777851e+00 2.786007e+01
    endloop
  endfacet
  facet normal -1.490282e-03 5.320315e-01 8.467233e-01
    outer loop
      vertex   4.041046e+01 7.777851e+00 2.786007e+01
      vertex   2.063430e+01 8.117449e+00 2.761188e+01
      vertex   2.063430e+01 7.169419e+00 2.820757e+01
    endloop
  endfacet
  facet normal -7.319765e-04 5.137798e-01 8.579218e-01
    outer loop
      vertex   4.041046e+01 7.777851e+00 2.786007e+01
      vertex   2.063430e+01 7.169419e+00 2.820757e+01
      vertex   4.066272e+01 7.356984e+00 2.811233e+01
    endloop
  endfacet
  facet normal 2.932541e-04 4.276684e-01 9.039356e-01
    outer loop
      vertex   4.066272e+01 7.356984e+00 2.811233e+01
      vertex   2.063430e+01 7.169419e+00 2.820757e+01
      vertex   4.087251e+01 6.913417e+00 2.832212e+01
    endloop
  endfacet
  facet normal -1.072908e-03 3.365493e-01 9.416652e-01
    outer loop
      vertex   4.087251e+01 6.913417e+00 2.832212e+01
      vertex   2.063430e+01 7.169419e+00 2.820757e+01
      vertex   4.103781e+01 6.451423e+00 2.848743e+01
    endloop
  endfacet
  facet normal -1.323980e-03 3.302788e-01 9.438825e-01
    outer loop
      vertex   4.103781e+01 6.451423e+00 2.848743e+01
      vertex   2.063430e+01 7.169419e+00 2.820757e+01
      vertex   2.063430e+01 6.112605e+00 2.857736e+01
    endloop
  endfacet
  facet normal 2.399531e-04 2.430367e-01 9.700171e-01
    outer loop
      vertex   4.103781e+01 6.451423e+00 2.848743e+01
      vertex   2.063430e+01 6.112605e+00 2.857736e+01
      vertex   4.115704e+01 5.975452e+00 2.860665e+01
    endloop
  endfacet
  facet normal -4.314327e-04 1.466678e-01 9.891857e-01
    outer loop
      vertex   4.115704e+01 5.975452e+00 2.860665e+01
      vertex   2.063430e+01 6.112605e+00 2.857736e+01
      vertex   4.122904e+01 5.490086e+00 2.867865e+01
    endloop
  endfacet
  facet normal -3.433970e-03 4.889909e-02 9.987978e-01
    outer loop
      vertex   4.122904e+01 5.490086e+00 2.867865e+01
      vertex   2.063430e+01 6.112605e+00 2.857736e+01
      vertex   4.125311e+01 5.000000e+00 2.870272e+01
    endloop
  endfacet
  facet normal 0.000000e+00 1.119645e-01 9.937122e-01
    outer loop
      vertex   4.125311e+01 5.000000e+00 2.870272e+01
      vertex   2.063430e+01 6.112605e+00 2.857736e+01
      vertex   1.548490e-02 6.112605e+00 2.857736e+01
    endloop
  endfacet
  facet normal 0.000000e+00 1.119645e-01 9.937122e-01
    outer loop
      vertex   4.125311e+01 5.000000e+00 2.870272e+01
      vertex   1.548490e-02 6.112605e+00 2.857736e+01
      vertex   -2.060333e+01 6.112605e+00 2.857736e+01
    endloop
  endfacet
  facet normal -0.000000e+00 3.302791e-01 9.438833e-01
    outer loop
      vertex   -2.060333e+01 6.112605e+00 2.857736e+01
      vertex   1.548490e-02 6.112605e+00 2.857736e+01
      vertex   -2.060333e+01 7.169419e+00 2.820757e+01
    endloop
  endfacet
  facet normal 0.000000e+00 3.302791e-01 9.438833e-01
    outer loop
      vertex   -2.060333e+01 6.112605e+00 2.857736e+01
      vertex   -2.060333e+01 7.169419e+00 2.820757e+01
      vertex   -4.122214e+01 7.169419e+00 2.820757e+01
    endloop
  endfacet
  facet normal -0.000000e+00 5.320321e-01 8.467242e-01
    outer loop
      vertex   -4.122214e+01 7.169419e+00 2.820757e+01
      vertex   -2.060333e+01 7.169419e+00 2.820757e+01
      vertex   -4.122214e+01 8.117449e+00 2.761188e+01
    endloop
  endfacet
  facet normal 1.490282e-03 5.320315e-01 8.467233e-01
    outer loop
      vertex   -4.122214e+01 7.169419e+00 2.820757e+01
      vertex   -4.122214e+01 8.117449e+00 2.761188e+01
      vertex   -6.099830e+01 7.777851e+00 2.786007e+01
    endloop
  endfacet
  facet normal -1.208863e-03 6.349855e-01 7.725231e-01
    outer loop
      vertex   -6.099830e+01 7.777851e+00 2.786007e+01
      vertex   -4.122214e+01 8.117449e+00 2.761188e+01
      vertex   -6.037649e+01 8.535534e+00 2.723826e+01
    endloop
  endfacet
  facet normal 1.641346e-03 7.071058e-01 7.071058e-01
    outer loop
      vertex   -6.037649e+01 8.535534e+00 2.723826e+01
      vertex   -4.122214e+01 8.117449e+00 2.761188e+01
      vertex   -4.122214e+01 8.909157e+00 2.682017e+01
    endloop
  endfacet
  facet normal -1.259773e-03 7.736273e-01 6.336397e-01
    outer loop
      vertex   -6.037649e+01 8.535534e+00 2.723826e+01
      vertex   -4.122214e+01 8.909157e+00 2.682017e+01
      vertex   -5.961881e+01 9.157348e+00 2.648058e+01
    endloop
  endfacet
  facet normal 1.602032e-03 8.467231e-01 5.320314e-01
    outer loop
      vertex   -5.961881e+01 9.157348e+00 2.648058e+01
      vertex   -4.122214e+01 8.909157e+00 2.682017e+01
      vertex   -4.122214e+01 9.504844e+00 2.587214e+01
    endloop
  endfacet
  facet normal -1.105309e-03 8.823798e-01 4.705365e-01
    outer loop
      vertex   -5.961881e+01 9.157348e+00 2.648058e+01
      vertex   -4.122214e+01 9.504844e+00 2.587214e+01
      vertex   -5.875437e+01 9.619398e+00 2.561614e+01
    endloop
  endfacet
  facet normal 1.344552e-03 9.438825e-01 3.302788e-01
    outer loop
      vertex   -5.875437e+01 9.619398e+00 2.561614e+01
      vertex   -4.122214e+01 9.504844e+00 2.587214e+01
      vertex   -4.122214e+01 9.874640e+00 2.481533e+01
    endloop
  endfacet
  facet normal -4.001555e-04 9.552766e-01 2.957134e-01
    outer loop
      vertex   -5.875437e+01 9.619398e+00 2.561614e+01
      vertex   -4.122214e+01 9.874640e+00 2.481533e+01
      vertex   -5.500000e+01 9.889091e+00 2.475000e+01
    endloop
  endfacet
  facet normal 1.369626e-05 9.770002e-01 2.132382e-01
    outer loop
      vertex   -5.500000e+01 9.889091e+00 2.475000e+01
      vertex   -4.122214e+01 9.874640e+00 2.481533e+01
      vertex   -5.475231e+01 9.893023e+00 2.473197e+01
    endloop
  endfacet
  facet normal 9.701853e-05 9.797313e-01 2.003164e-01
    outer loop
      vertex   -5.475231e+01 9.893023e+00 2.473197e+01
      vertex   -4.122214e+01 9.874640e+00 2.481533e+01
      vertex   -5.450309e+01 9.904100e+00 2.467767e+01
    endloop
  endfacet
  facet normal 0.000000e+00 9.778568e-01 2.092753e-01
    outer loop
      vertex   -5.450309e+01 9.904100e+00 2.467767e+01
      vertex   -4.122214e+01 9.874640e+00 2.481533e+01
      vertex   -2.060333e+01 9.874640e+00 2.481533e+01
    endloop
  endfacet
  facet normal 0.000000e+00 9.778568e-01 2.092753e-01
    outer loop
      vertex   -5.450309e+01 9.904100e+00 2.467767e+01
      vertex   -2.060333e+01 9.874640e+00 2.481533e+01
      vertex   1.548490e-02 9.874640e+00 2.481533e+01
    endloop
  endfacet
  facet normal 0.000000e+00 9.438833e-01 3.302791e-01
    outer loop
      vertex   1.548490e-02 9.874640e+00 2.481533e+01
      vertex   -2.060333e+01 9.874640e+00 2.481533e+01
      vertex   1.548490e-02 9.504844e+00 2.587214e+01
    endloop
  endfacet
  facet normal 0.000000e+00 9.438833e-01 3.302791e-01
    outer loop
      vertex   1.548490e-02 9.874640e+00 2.481533e+01
      vertex   1.548490e-02 9.504844e+00 2.587214e+01
      vertex   2.063430e+01 9.504844e+00 2.587214e+01
    endloop
  endfacet
  facet normal 0.000000e+00 8.467242e-01 5.320321e-01
    outer loop
      vertex   2.063430e+01 9.504844e+00 2.587214e+01
      vertex   1.548490e-02 9.504844e+00 2.587214e+01
      vertex   2.063430e+01 8.909157e+00 2.682017e+01
    endloop
  endfacet
  facet normal -2.305045e-03 9.575758e-01 2.881724e-01
    outer loop
      vertex   -5.875437e+01 9.619398e+00 2.561614e+01
      vertex   -5.500000e+01 9.889091e+00 2.475000e+01
      vertex   -5.781641e+01 9.903926e+00 2.467818e+01
    endloop
  endfacet
  facet normal -4.411468e-04 9.757607e-01 2.188399e-01
    outer loop
      vertex   -5.781641e+01 9.903926e+00 2.467818e+01
      vertex   -5.500000e+01 9.889091e+00 2.475000e+01
      vertex   -5.524768e+01 9.893023e+00 2.473197e+01
    endloop
  endfacet
  facet normal -2.993156e-05 9.797917e-01 2.000208e-01
    outer loop
      vertex   -5.781641e+01 9.903926e+00 2.467818e+01
      vertex   -5.524768e+01 9.893023e+00 2.473197e+01
      vertex   -5.549691e+01 9.904100e+00 2.467767e+01
    endloop
  endfacet
  facet normal -3.338394e-05 9.827085e-01 1.851595e-01
    outer loop
      vertex   -5.549691e+01 9.904100e+00 2.467767e+01
      vertex   -5.573776e+01 9.921210e+00 2.458682e+01
      vertex   -5.781641e+01 9.903926e+00 2.467818e+01
    endloop
  endfacet
  facet normal -9.262687e-04 9.862085e-01 1.655053e-01
    outer loop
      vertex   -5.781641e+01 9.903926e+00 2.467818e+01
      vertex   -5.573776e+01 9.921210e+00 2.458682e+01
      vertex   -5.596146e+01 9.942001e+00 2.446168e+01
    endloop
  endfacet
  facet normal -3.785576e-03 9.899085e-01 1.416575e-01
    outer loop
      vertex   -5.781641e+01 9.903926e+00 2.467818e+01
      vertex   -5.596146e+01 9.942001e+00 2.446168e+01
      vertex   -5.616121e+01 9.963079e+00 2.430905e+01
    endloop
  endfacet
  facet normal -1.019064e-02 9.934846e-01 1.135099e-01
    outer loop
      vertex   -5.616121e+01 9.963079e+00 2.430905e+01
      vertex   -5.633297e+01 9.981363e+00 2.413360e+01
      vertex   -5.781641e+01 9.903926e+00 2.467818e+01
    endloop
  endfacet
  facet normal -2.527460e-02 9.970173e-01 7.292303e-02
    outer loop
      vertex   -5.781641e+01 9.903926e+00 2.467818e+01
      vertex   -5.633297e+01 9.981363e+00 2.413360e+01
      vertex   -5.684096e+01 1.000000e+01 2.370272e+01
    endloop
  endfacet
  facet normal -4.997306e-02 9.935396e-01 1.018910e-01
    outer loop
      vertex   -5.684096e+01 1.000000e+01 2.370272e+01
      vertex   -5.633297e+01 9.981363e+00 2.413360e+01
      vertex   -5.648217e+01 9.994764e+00 2.392975e+01
    endloop
  endfacet
  facet normal -0.000000e+00 9.997341e-01 2.305795e-02
    outer loop
      vertex   -5.684096e+01 1.000000e+01 2.370272e+01
      vertex   -5.648217e+01 9.994764e+00 2.392975e+01
      vertex   -5.660271e+01 1.000000e+01 2.370272e+01
    endloop
  endfacet
  facet normal 7.319765e-04 5.137798e-01 8.579218e-01
    outer loop
      vertex   -6.099830e+01 7.777851e+00 2.786007e+01
      vertex   -6.125056e+01 7.356984e+00 2.811233e+01
      vertex   -4.122214e+01 7.169419e+00 2.820757e+01
    endloop
  endfacet
  facet normal -2.932541e-04 4.276684e-01 9.039356e-01
    outer loop
      vertex   -4.122214e+01 7.169419e+00 2.820757e+01
      vertex   -6.125056e+01 7.356984e+00 2.811233e+01
      vertex   -6.146035e+01 6.913417e+00 2.832212e+01
    endloop
  endfacet
  facet normal 1.072908e-03 3.365493e-01 9.416652e-01
    outer loop
      vertex   -4.122214e+01 7.169419e+00 2.820757e+01
      vertex   -6.146035e+01 6.913417e+00 2.832212e+01
      vertex   -6.162566e+01 6.451423e+00 2.848743e+01
    endloop
  endfacet
  facet normal 1.323980e-03 3.302788e-01 9.438825e-01
    outer loop
      vertex   -4.122214e+01 7.169419e+00 2.820757e+01
      vertex   -6.162566e+01 6.451423e+00 2.848743e+01
      vertex   -4.122214e+01 6.112605e+00 2.857736e+01
    endloop
  endfacet
  facet normal -2.399531e-04 2.430367e-01 9.700171e-01
    outer loop
      vertex   -4.122214e+01 6.112605e+00 2.857736e+01
      vertex   -6.162566e+01 6.451423e+00 2.848743e+01
      vertex   -6.174488e+01 5.975452e+00 2.860665e+01
    endloop
  endfacet
  facet normal 4.314327e-04 1.466678e-01 9.891857e-01
    outer loop
      vertex   -4.122214e+01 6.112605e+00 2.857736e+01
      vertex   -6.174488e+01 5.975452e+00 2.860665e+01
      vertex   -6.181688e+01 5.490086e+00 2.867865e+01
    endloop
  endfacet
  facet normal -0.000000e+00 4.906767e-02 9.987955e-01
    outer loop
      vertex   -6.184096e+01 5.000000e+00 2.870272e+01
      vertex   4.125311e+01 5.000000e+00 2.870272e+01
      vertex   -6.181688e+01 5.490086e+00 2.867865e+01
    endloop
  endfacet
  facet normal 4.070125e-04 1.342808e-01 9.909432e-01
    outer loop
      vertex   -6.181688e+01 5.490086e+00 2.867865e+01
      vertex   4.125311e+01 5.000000e+00 2.870272e+01
      vertex   -2.060333e+01 6.112605e+00 2.857736e+01
    endloop
  endfacet
  facet normal 0.000000e+00 1.605888e-01 9.870214e-01
    outer loop
      vertex   -6.181688e+01 5.490086e+00 2.867865e+01
      vertex   -2.060333e+01 6.112605e+00 2.857736e+01
      vertex   -4.122214e+01 6.112605e+00 2.857736e+01
    endloop
  endfacet
  facet normal -0.000000e+00 3.302791e-01 9.438833e-01
    outer loop
      vertex   -4.122214e+01 6.112605e+00 2.857736e+01
      vertex   -2.060333e+01 6.112605e+00 2.857736e+01
      vertex   -4.122214e+01 7.169419e+00 2.820757e+01
    endloop
  endfacet
  facet normal 7.046670e-04 9.571356e-01 2.896393e-01
    outer loop
      vertex   3.816653e+01 9.619398e+00 2.561614e+01
      vertex   3.722856e+01 9.903926e+00 2.467818e+01
      vertex   2.063430e+01 9.874640e+00 2.481533e+01
    endloop
  endfacet
  facet normal 0.000000e+00 9.999888e-01 4.727591e-03
    outer loop
      vertex   3.625311e+01 1.000000e+01 2.370272e+01
      vertex   3.540402e+01 1.000000e+01 2.370272e+01
      vertex   3.500000e+01 9.999776e+00 2.375000e+01
    endloop
  endfacet
  facet normal 0.000000e+00 9.438833e-01 3.302791e-01
    outer loop
      vertex   -2.060333e+01 9.874640e+00 2.481533e+01
      vertex   -4.122214e+01 9.874640e+00 2.481533e+01
      vertex   -2.060333e+01 9.504844e+00 2.587214e+01
    endloop
  endfacet
  facet normal 0.000000e+00 9.438833e-01 3.302791e-01
    outer loop
      vertex   -2.060333e+01 9.504844e+00 2.587214e+01
      vertex   -4.122214e+01 9.874640e+00 2.481533e+01
      vertex   -4.122214e+01 9.504844e+00 2.587214e+01
    endloop
  endfacet
  facet normal 0.000000e+00 8.467242e-01 5.320321e-01
    outer loop
      vertex   -2.060333e+01 9.504844e+00 2.587214e+01
      vertex   -4.122214e+01 9.504844e+00 2.587214e+01
      vertex   -2.060333e+01 8.909157e+00 2.682017e+01
    endloop
  endfacet
  facet normal 0.000000e+00 8.467242e-01 5.320321e-01
    outer loop
      vertex   -2.060333e+01 8.909157e+00 2.682017e+01
      vertex   -4.122214e+01 9.504844e+00 2.587214e+01
      vertex   -4.122214e+01 8.909157e+00 2.682017e+01
    endloop
  endfacet
  facet normal 0.000000e+00 7.071068e-01 7.071068e-01
    outer loop
      vertex   -2.060333e+01 8.909157e+00 2.682017e+01
      vertex   -4.122214e+01 8.909157e+00 2.682017e+01
      vertex   -2.060333e+01 8.117449e+00 2.761188e+01
    endloop
  endfacet
  facet normal 0.000000e+00 7.071068e-01 7.071068e-01
    outer loop
      vertex   -2.060333e+01 8.117449e+00 2.761188e+01
      vertex   -4.122214e+01 8.909157e+00 2.682017e+01
      vertex   -4.122214e+01 8.117449e+00 2.761188e+01
    endloop
  endfacet
  facet normal 0.000000e+00 5.320321e-01 8.467242e-01
    outer loop
      vertex   -2.060333e+01 8.117449e+00 2.761188e+01
      vertex   -4.122214e+01 8.117449e+00 2.761188e+01
      vertex   -2.060333e+01 7.169419e+00 2.820757e+01
    endloop
  endfacet
  facet normal 0.000000e+00 9.438833e-01 3.302791e-01
    outer loop
      vertex   -2.060333e+01 9.874640e+00 2.481533e+01
      vertex   -2.060333e+01 9.504844e+00 2.587214e+01
      vertex   1.548490e-02 9.504844e+00 2.587214e+01
    endloop
  endfacet
  facet normal 0.000000e+00 8.467242e-01 5.320321e-01
    outer loop
      vertex   1.548490e-02 9.504844e+00 2.587214e+01
      vertex   -2.060333e+01 9.504844e+00 2.587214e+01
      vertex   1.548490e-02 8.909157e+00 2.682017e+01
    endloop
  endfacet
  facet normal 0.000000e+00 8.467242e-01 5.320321e-01
    outer loop
      vertex   1.548490e-02 9.504844e+00 2.587214e+01
      vertex   1.548490e-02 8.909157e+00 2.682017e+01
      vertex   2.063430e+01 8.909157e+00 2.682017e+01
    endloop
  endfacet
  facet normal 0.000000e+00 7.071068e-01 7.071068e-01
    outer loop
      vertex   2.063430e+01 8.909157e+00 2.682017e+01
      vertex   1.548490e-02 8.909157e+00 2.682017e+01
      vertex   2.063430e+01 8.117449e+00 2.761188e+01
    endloop
  endfacet
  facet normal 0.000000e+00 8.467242e-01 5.320321e-01
    outer loop
      vertex   1.548490e-02 8.909157e+00 2.682017e+01
      vertex   -2.060333e+01 9.504844e+00 2.587214e+01
      vertex   -2.060333e+01 8.909157e+00 2.682017e+01
    endloop
  endfacet
  facet normal 0.000000e+00 7.071068e-01 7.071068e-01
    outer loop
      vertex   1.548490e-02 8.909157e+00 2.682017e+01
      vertex   -2.060333e+01 8.909157e+00 2.682017e+01
      vertex   1.548490e-02 8.117449e+00 2.761188e+01
    endloop
  endfacet
  facet normal 0.000000e+00 7.071068e-01 7.071068e-01
    outer loop
      vertex   1.548490e-02 8.117449e+00 2.761188e+01
      vertex   -2.060333e+01 8.909157e+00 2.682017e+01
      vertex   -2.060333e+01 8.117449e+00 2.761188e+01
    endloop
  endfacet
  facet normal 0.000000e+00 5.320321e-01 8.467242e-01
    outer loop
      vertex   1.548490e-02 8.117449e+00 2.761188e+01
      vertex   -2.060333e+01 8.117449e+00 2.761188e+01
      vertex   1.548490e-02 7.169419e+00 2.820757e+01
    endloop
  endfacet
  facet normal 0.000000e+00 5.320321e-01 8.467242e-01
    outer loop
      vertex   1.548490e-02 7.169419e+00 2.820757e+01
      vertex   -2.060333e+01 8.117449e+00 2.761188e+01
      vertex   -2.060333e+01 7.169419e+00 2.820757e+01
    endloop
  endfacet
  facet normal 0.000000e+00 3.302791e-01 9.438833e-01
    outer loop
      vertex   1.548490e-02 7.169419e+00 2.820757e+01
      vertex   -2.060333e+01 7.169419e+00 2.820757e+01
      vertex   1.548490e-02 6.112605e+00 2.857736e+01
    endloop
  endfacet
  facet normal 0.000000e+00 5.320321e-01 8.467242e-01
    outer loop
      vertex   2.063430e+01 7.169419e+00 2.820757e+01
      vertex   2.063430e+01 8.117449e+00 2.761188e+01
      vertex   1.548490e-02 8.117449e+00 2.761188e+01
    endloop
  endfacet
  facet normal -0.000000e+00 7.071068e-01 7.071068e-01
    outer loop
      vertex   1.548490e-02 8.117449e+00 2.761188e+01
      vertex   2.063430e+01 8.117449e+00 2.761188e+01
      vertex   1.548490e-02 8.909157e+00 2.682017e+01
    endloop
  endfacet
  facet normal 0.000000e+00 5.320321e-01 8.467242e-01
    outer loop
      vertex   2.063430e+01 7.169419e+00 2.820757e+01
      vertex   1.548490e-02 8.117449e+00 2.761188e+01
      vertex   1.548490e-02 7.169419e+00 2.820757e+01
    endloop
  endfacet
  facet normal 0.000000e+00 3.302791e-01 9.438833e-01
    outer loop
      vertex   2.063430e+01 6.112605e+00 2.857736e+01
      vertex   2.063430e+01 7.169419e+00 2.820757e+01
      vertex   1.548490e-02 7.169419e+00 2.820757e+01
    endloop
  endfacet
  facet normal 0.000000e+00 3.302791e-01 9.438833e-01
    outer loop
      vertex   2.063430e+01 6.112605e+00 2.857736e+01
      vertex   1.548490e-02 7.169419e+00 2.820757e+01
      vertex   1.548490e-02 6.112605e+00 2.857736e+01
    endloop
  endfacet
  facet normal -9.801714e-02 9.951847e-01 0.000000e+00
    outer loop
      vertex   -5.684096e+01 1.000000e+01 2.370272e+01
      vertex   -5.684096e+01 1.000000e+01 -5.492137e+01
      vertex   -5.781641e+01 9.903926e+00 2.467818e+01
    endloop
  endfacet
  facet normal -1.428744e-01 9.897407e-01 -5.562734e-04
    outer loop
      vertex   -5.781641e+01 9.903926e+00 2.467818e+01
      vertex   -5.684096e+01 1.000000e+01 -5.492137e+01
      vertex   -5.795356e+01 9.874640e+00 7.796700e+00
    endloop
  endfacet
  facet normal -2.896501e-01 9.571323e-01 6.927724e-04
    outer loop
      vertex   -5.781641e+01 9.903926e+00 2.467818e+01
      vertex   -5.795356e+01 9.874640e+00 7.796700e+00
      vertex   -5.875437e+01 9.619398e+00 2.561614e+01
    endloop
  endfacet
  facet normal -3.302788e-01 9.438825e-01 -1.322881e-03
    outer loop
      vertex   -5.875437e+01 9.619398e+00 2.561614e+01
      vertex   -5.795356e+01 9.874640e+00 7.796700e+00
      vertex   -5.901037e+01 9.504844e+00 7.796700e+00
    endloop
  endfacet
  facet normal -4.705502e-01 8.823725e-01 1.087737e-03
    outer loop
      vertex   -5.875437e+01 9.619398e+00 2.561614e+01
      vertex   -5.901037e+01 9.504844e+00 7.796700e+00
      vertex   -5.961881e+01 9.157348e+00 2.648058e+01
    endloop
  endfacet
  facet normal -5.320314e-01 8.467231e-01 -1.577405e-03
    outer loop
      vertex   -5.961881e+01 9.157348e+00 2.648058e+01
      vertex   -5.901037e+01 9.504844e+00 7.796700e+00
      vertex   -5.995840e+01 8.909157e+00 7.796700e+00
    endloop
  endfacet
  facet normal -6.336511e-01 7.736180e-01 1.240739e-03
    outer loop
      vertex   -5.961881e+01 9.157348e+00 2.648058e+01
      vertex   -5.995840e+01 8.909157e+00 7.796700e+00
      vertex   -6.037649e+01 8.535534e+00 2.723826e+01
    endloop
  endfacet
  facet normal -7.071059e-01 7.071059e-01 -1.617098e-03
    outer loop
      vertex   -6.037649e+01 8.535534e+00 2.723826e+01
      vertex   -5.995840e+01 8.909157e+00 7.796700e+00
      vertex   -6.075011e+01 8.117449e+00 7.796700e+00
    endloop
  endfacet
  facet normal -7.725302e-01 6.349769e-01 1.191325e-03
    outer loop
      vertex   -6.037649e+01 8.535534e+00 2.723826e+01
      vertex   -6.075011e+01 8.117449e+00 7.796700e+00
      vertex   -6.099830e+01 7.777851e+00 2.786007e+01
    endloop
  endfacet
  facet normal -8.467233e-01 5.320315e-01 -1.468948e-03
    outer loop
      vertex   -6.099830e+01 7.777851e+00 2.786007e+01
      vertex   -6.075011e+01 8.117449e+00 7.796700e+00
      vertex   -6.134580e+01 7.169419e+00 7.796700e+00
    endloop
  endfacet
  facet normal -8.579191e-01 5.137843e-01 -7.216829e-04
    outer loop
      vertex   -6.099830e+01 7.777851e+00 2.786007e+01
      vertex   -6.134580e+01 7.169419e+00 7.796700e+00
      vertex   -6.125056e+01 7.356984e+00 2.811233e+01
    endloop
  endfacet
  facet normal -9.039364e-01 4.276668e-01 2.891265e-04
    outer loop
      vertex   -6.125056e+01 7.356984e+00 2.811233e+01
      vertex   -6.134580e+01 7.169419e+00 7.796700e+00
      vertex   -6.146035e+01 6.913417e+00 2.832212e+01
    endloop
  endfacet
  facet normal -9.416635e-01 3.365541e-01 -1.057826e-03
    outer loop
      vertex   -6.146035e+01 6.913417e+00 2.832212e+01
      vertex   -6.134580e+01 7.169419e+00 7.796700e+00
      vertex   -6.162566e+01 6.451423e+00 2.848743e+01
    endloop
  endfacet
  facet normal -9.438825e-01 3.302788e-01 -1.305601e-03
    outer loop
      vertex   -6.162566e+01 6.451423e+00 2.848743e+01
      vertex   -6.134580e+01 7.169419e+00 7.796700e+00
      vertex   -6.171560e+01 6.112605e+00 7.796700e+00
    endloop
  endfacet
  facet normal -9.700173e-01 2.430359e-01 2.366360e-04
    outer loop
      vertex   -6.162566e+01 6.451423e+00 2.848743e+01
      vertex   -6.171560e+01 6.112605e+00 7.796700e+00
      vertex   -6.174488e+01 5.975452e+00 2.860665e+01
    endloop
  endfacet
  facet normal -9.891856e-01 1.466687e-01 -4.254724e-04
    outer loop
      vertex   -6.174488e+01 5.975452e+00 2.860665e+01
      vertex   -6.171560e+01 6.112605e+00 7.796700e+00
      vertex   -6.181688e+01 5.490086e+00 2.867865e+01
    endloop
  endfacet
  facet normal -9.987979e-01 4.890142e-02 -3.386669e-03
    outer loop
      vertex   -6.181688e+01 5.490086e+00 2.867865e+01
      vertex   -6.171560e+01 6.112605e+00 7.796700e+00
      vertex   -6.184096e+01 5.000000e+00 2.870272e+01
    endloop
  endfacet
  facet normal -9.937122e-01 1.119645e-01 0.000000e+00
    outer loop
      vertex   -6.184096e+01 5.000000e+00 2.870272e+01
      vertex   -6.171560e+01 6.112605e+00 7.796700e+00
      vertex   -6.171560e+01 6.112605e+00 -1.310932e+01
    endloop
  endfacet
  facet normal -9.937122e-01 1.119645e-01 0.000000e+00
    outer loop
      vertex   -6.184096e+01 5.000000e+00 2.870272e+01
      vertex   -6.171560e+01 6.112605e+00 -1.310932e+01
      vertex   -6.171560e+01 6.112605e+00 -3.401535e+01
    endloop
  endfacet
  facet normal -9.438833e-01 3.302791e-01 0.000000e+00
    outer loop
      vertex   -6.171560e+01 6.112605e+00 -3.401535e+01
      vertex   -6.171560e+01 6.112605e+00 -1.310932e+01
      vertex   -6.134580e+01 7.169419e+00 -3.401535e+01
    endloop
  endfacet
  facet normal -9.438827e-01 3.302789e-01 1.127570e-03
    outer loop
      vertex   -6.171560e+01 6.112605e+00 -3.401535e+01
      vertex   -6.134580e+01 7.169419e+00 -3.401535e+01
      vertex   -6.146035e+01 6.913417e+00 -5.492137e+01
    endloop
  endfacet
  facet normal -8.819209e-01 4.713965e-01 -9.399811e-04
    outer loop
      vertex   -6.146035e+01 6.913417e+00 -5.492137e+01
      vertex   -6.134580e+01 7.169419e+00 -3.401535e+01
      vertex   -6.099830e+01 7.777851e+00 -5.492137e+01
    endloop
  endfacet
  facet normal -8.467234e-01 5.320315e-01 1.409740e-03
    outer loop
      vertex   -6.099830e+01 7.777851e+00 -5.492137e+01
      vertex   -6.134580e+01 7.169419e+00 -3.401535e+01
      vertex   -6.075011e+01 8.117449e+00 -3.401535e+01
    endloop
  endfacet
  facet normal -7.730100e-01 6.343929e-01 -1.128125e-03
    outer loop
      vertex   -6.099830e+01 7.777851e+00 -5.492137e+01
      vertex   -6.075011e+01 8.117449e+00 -3.401535e+01
      vertex   -6.037649e+01 8.535534e+00 -5.492137e+01
    endloop
  endfacet
  facet normal -7.071060e-01 7.071060e-01 1.503821e-03
    outer loop
      vertex   -6.037649e+01 8.535534e+00 -5.492137e+01
      vertex   -6.075011e+01 8.117449e+00 -3.401535e+01
      vertex   -5.995840e+01 8.909157e+00 -3.401535e+01
    endloop
  endfacet
  facet normal -6.343929e-01 7.730100e-01 -1.128125e-03
    outer loop
      vertex   -6.037649e+01 8.535534e+00 -5.492137e+01
      vertex   -5.995840e+01 8.909157e+00 -3.401535e+01
      vertex   -5.961881e+01 9.157348e+00 -5.492137e+01
    endloop
  endfacet
  facet normal -5.320315e-01 8.467234e-01 1.409740e-03
    outer loop
      vertex   -5.961881e+01 9.157348e+00 -5.492137e+01
      vertex   -5.995840e+01 8.909157e+00 -3.401535e+01
      vertex   -5.901037e+01 9.504844e+00 -3.401535e+01
    endloop
  endfacet
  facet normal -4.713965e-01 8.819209e-01 -9.399811e-04
    outer loop
      vertex   -5.961881e+01 9.157348e+00 -5.492137e+01
      vertex   -5.901037e+01 9.504844e+00 -3.401535e+01
      vertex   -5.875437e+01 9.619398e+00 -5.492137e+01
    endloop
  endfacet
  facet normal -3.302789e-01 9.438827e-01 1.127570e-03
    outer loop
      vertex   -5.875437e+01 9.619398e+00 -5.492137e+01
      vertex   -5.901037e+01 9.504844e+00 -3.401535e+01
      vertex   -5.795356e+01 9.874640e+00 -3.401535e+01
    endloop
  endfacet
  facet normal -2.902846e-01 9.569402e-01 -5.638408e-04
    outer loop
      vertex   -5.875437e+01 9.619398e+00 -5.492137e+01
      vertex   -5.795356e+01 9.874640e+00 -3.401535e+01
      vertex   -5.781641e+01 9.903926e+00 -5.492137e+01
    endloop
  endfacet
  facet normal -9.801711e-02 9.951844e-01 7.510975e-04
    outer loop
      vertex   -5.781641e+01 9.903926e+00 -5.492137e+01
      vertex   -5.795356e+01 9.874640e+00 -3.401535e+01
      vertex   -5.684096e+01 1.000000e+01 -5.492137e+01
    endloop
  endfacet
  facet normal -1.119645e-01 9.937122e-01 0.000000e+00
    outer loop
      vertex   -5.684096e+01 1.000000e+01 -5.492137e+01
      vertex   -5.795356e+01 9.874640e+00 -3.401535e+01
      vertex   -5.795356e+01 9.874640e+00 -1.310932e+01
    endloop
  endfacet
  facet normal -1.119645e-01 9.937122e-01 0.000000e+00
    outer loop
      vertex   -5.684096e+01 1.000000e+01 -5.492137e+01
      vertex   -5.795356e+01 9.874640e+00 -1.310932e+01
      vertex   -5.795356e+01 9.874640e+00 7.796700e+00
    endloop
  endfacet
  facet normal -3.302791e-01 9.438833e-01 0.000000e+00
    outer loop
      vertex   -5.795356e+01 9.874640e+00 7.796700e+00
      vertex   -5.795356e+01 9.874640e+00 -1.310932e+01
      vertex   -5.901037e+01 9.504844e+00 7.796700e+00
    endloop
  endfacet
  facet normal -9.569402e-01 2.902846e-01 -5.638408e-04
    outer loop
      vertex   -6.146035e+01 6.913417e+00 -5.492137e+01
      vertex   -6.174488e+01 5.975452e+00 -5.492137e+01
      vertex   -6.171560e+01 6.112605e+00 -3.401535e+01
    endloop
  endfacet
  facet normal -9.903548e-01 1.385535e-01 4.783944e-04
    outer loop
      vertex   -6.171560e+01 6.112605e+00 -3.401535e+01
      vertex   -6.174488e+01 5.975452e+00 -5.492137e+01
      vertex   -6.184096e+01 5.000000e+00 2.870272e+01
    endloop
  endfacet
  facet normal -9.951847e-01 9.801714e-02 0.000000e+00
    outer loop
      vertex   -6.174488e+01 5.975452e+00 -5.492137e+01
      vertex   -6.184096e+01 5.000000e+00 -5.492137e+01
      vertex   -6.184096e+01 5.000000e+00 2.870272e+01
    endloop
  endfacet
  facet normal -3.302791e-01 9.438833e-01 0.000000e+00
    outer loop
      vertex   -5.795356e+01 9.874640e+00 -1.310932e+01
      vertex   -5.795356e+01 9.874640e+00 -3.401535e+01
      vertex   -5.901037e+01 9.504844e+00 -1.310932e+01
    endloop
  endfacet
  facet normal -3.302791e-01 9.438833e-01 0.000000e+00
    outer loop
      vertex   -5.901037e+01 9.504844e+00 -1.310932e+01
      vertex   -5.795356e+01 9.874640e+00 -3.401535e+01
      vertex   -5.901037e+01 9.504844e+00 -3.401535e+01
    endloop
  endfacet
  facet normal -5.320321e-01 8.467242e-01 0.000000e+00
    outer loop
      vertex   -5.901037e+01 9.504844e+00 -1.310932e+01
      vertex   -5.901037e+01 9.504844e+00 -3.401535e+01
      vertex   -5.995840e+01 8.909157e+00 -1.310932e+01
    endloop
  endfacet
  facet normal -5.320321e-01 8.467242e-01 0.000000e+00
    outer loop
      vertex   -5.995840e+01 8.909157e+00 -1.310932e+01
      vertex   -5.901037e+01 9.504844e+00 -3.401535e+01
      vertex   -5.995840e+01 8.909157e+00 -3.401535e+01
    endloop
  endfacet
  facet normal -7.071068e-01 7.071068e-01 0.000000e+00
    outer loop
      vertex   -5.995840e+01 8.909157e+00 -1.310932e+01
      vertex   -5.995840e+01 8.909157e+00 -3.401535e+01
      vertex   -6.075011e+01 8.117449e+00 -1.310932e+01
    endloop
  endfacet
  facet normal -7.071068e-01 7.071068e-01 0.000000e+00
    outer loop
      vertex   -6.075011e+01 8.117449e+00 -1.310932e+01
      vertex   -5.995840e+01 8.909157e+00 -3.401535e+01
      vertex   -6.075011e+01 8.117449e+00 -3.401535e+01
    endloop
  endfacet
  facet normal -8.467242e-01 5.320321e-01 0.000000e+00
    outer loop
      vertex   -6.075011e+01 8.117449e+00 -1.310932e+01
      vertex   -6.075011e+01 8.117449e+00 -3.401535e+01
      vertex   -6.134580e+01 7.169419e+00 -1.310932e+01
    endloop
  endfacet
  facet normal -8.467242e-01 5.320321e-01 0.000000e+00
    outer loop
      vertex   -6.134580e+01 7.169419e+00 -1.310932e+01
      vertex   -6.075011e+01 8.117449e+00 -3.401535e+01
      vertex   -6.134580e+01 7.169419e+00 -3.401535e+01
    endloop
  endfacet
  facet normal -9.438833e-01 3.302791e-01 0.000000e+00
    outer loop
      vertex   -6.134580e+01 7.169419e+00 -1.310932e+01
      vertex   -6.134580e+01 7.169419e+00 -3.401535e+01
      vertex   -6.171560e+01 6.112605e+00 -1.310932e+01
    endloop
  endfacet
  facet normal -5.320321e-01 8.467242e-01 0.000000e+00
    outer loop
      vertex   -5.995840e+01 8.909157e+00 7.796700e+00
      vertex   -5.901037e+01 9.504844e+00 7.796700e+00
      vertex   -5.901037e+01 9.504844e+00 -1.310932e+01
    endloop
  endfacet
  facet normal -3.302791e-01 9.438833e-01 0.000000e+00
    outer loop
      vertex   -5.901037e+01 9.504844e+00 -1.310932e+01
      vertex   -5.901037e+01 9.504844e+00 7.796700e+00
      vertex   -5.795356e+01 9.874640e+00 -1.310932e+01
    endloop
  endfacet
  facet normal -5.320321e-01 8.467242e-01 0.000000e+00
    outer loop
      vertex   -5.995840e+01 8.909157e+00 7.796700e+00
      vertex   -5.901037e+01 9.504844e+00 -1.310932e+01
      vertex   -5.995840e+01 8.909157e+00 -1.310932e+01
    endloop
  endfacet
  facet normal -7.071068e-01 7.071068e-01 0.000000e+00
    outer loop
      vertex   -6.075011e+01 8.117449e+00 7.796700e+00
      vertex   -5.995840e+01 8.909157e+00 7.796700e+00
      vertex   -5.995840e+01 8.909157e+00 -1.310932e+01
    endloop
  endfacet
  facet normal -7.071068e-01 7.071068e-01 0.000000e+00
    outer loop
      vertex   -6.075011e+01 8.117449e+00 7.796700e+00
      vertex   -5.995840e+01 8.909157e+00 -1.310932e+01
      vertex   -6.075011e+01 8.117449e+00 -1.310932e+01
    endloop
  endfacet
  facet normal -8.467242e-01 5.320321e-01 0.000000e+00
    outer loop
      vertex   -6.134580e+01 7.169419e+00 7.796700e+00
      vertex   -6.075011e+01 8.117449e+00 7.796700e+00
      vertex   -6.075011e+01 8.117449e+00 -1.310932e+01
    endloop
  endfacet
  facet normal -8.467242e-01 5.320321e-01 0.000000e+00
    outer loop
      vertex   -6.134580e+01 7.169419e+00 7.796700e+00
      vertex   -6.075011e+01 8.117449e+00 -1.310932e+01
      vertex   -6.134580e+01 7.169419e+00 -1.310932e+01
    endloop
  endfacet
  facet normal -9.438833e-01 3.302791e-01 0.000000e+00
    outer loop
      vertex   -6.171560e+01 6.112605e+00 7.796700e+00
      vertex   -6.134580e+01 7.169419e+00 7.796700e+00
      vertex   -6.134580e+01 7.169419e+00 -1.310932e+01
    endloop
  endfacet
  facet normal -9.438833e-01 3.302791e-01 0.000000e+00
    outer loop
      vertex   -6.171560e+01 6.112605e+00 7.796700e+00
      vertex   -6.134580e+01 7.169419e+00 -1.310932e+01
      vertex   -6.171560e+01 6.112605e+00 -1.310932e+01
    endloop
  endfacet
  facet normal -9.914442e-01 1.145093e-03 -1.305261e-01
    outer loop
      vertex   3.669037e+01 0.000000e+00 2.245293e+01
      vertex   3.671799e+01 9.978458e+00 2.233072e+01
      vertex   3.675000e+01 0.000000e+00 2.200000e+01
    endloop
  endfacet
  facet normal -9.953471e-01 5.374080e-16 -9.635388e-02
    outer loop
      vertex   3.675000e+01 0.000000e+00 2.200000e+01
      vertex   3.671799e+01 9.978458e+00 2.233072e+01
      vertex   3.675000e+01 9.975249e+00 2.200000e+01
    endloop
  endfacet
  facet normal -9.953471e-01 8.805751e-16 9.635388e-02
    outer loop
      vertex   3.675000e+01 0.000000e+00 2.200000e+01
      vertex   3.675000e+01 9.975249e+00 2.200000e+01
      vertex   3.671799e+01 9.978458e+00 2.166928e+01
    endloop
  endfacet
  facet normal -9.591952e-01 -8.085299e-04 -2.827436e-01
    outer loop
      vertex   3.671799e+01 9.978458e+00 2.233072e+01
      vertex   3.669037e+01 0.000000e+00 2.245293e+01
      vertex   3.662130e+01 9.986426e+00 2.265869e+01
    endloop
  endfacet
  facet normal -9.238785e-01 1.494849e-03 -3.826830e-01
    outer loop
      vertex   3.662130e+01 9.986426e+00 2.265869e+01
      vertex   3.669037e+01 0.000000e+00 2.245293e+01
      vertex   3.651555e+01 0.000000e+00 2.287500e+01
    endloop
  endfacet
  facet normal -8.846810e-01 -7.291804e-04 -4.661962e-01
    outer loop
      vertex   3.662130e+01 9.986426e+00 2.265869e+01
      vertex   3.651555e+01 0.000000e+00 2.287500e+01
      vertex   3.646174e+01 9.995603e+00 2.296147e+01
    endloop
  endfacet
  facet normal -7.933529e-01 9.957242e-04 -6.087611e-01
    outer loop
      vertex   3.646174e+01 9.995603e+00 2.296147e+01
      vertex   3.651555e+01 0.000000e+00 2.287500e+01
      vertex   3.623744e+01 0.000000e+00 2.323744e+01
    endloop
  endfacet
  facet normal -7.800543e-01 2.293150e-04 -6.257117e-01
    outer loop
      vertex   3.646174e+01 9.995603e+00 2.296147e+01
      vertex   3.623744e+01 0.000000e+00 2.323744e+01
      vertex   3.625311e+01 1.000000e+01 2.322156e+01
    endloop
  endfacet
  facet normal -6.472330e-01 -1.956553e-04 -7.622922e-01
    outer loop
      vertex   3.625311e+01 1.000000e+01 2.322156e+01
      vertex   3.623744e+01 0.000000e+00 2.323744e+01
      vertex   3.600217e+01 1.000000e+01 2.343463e+01
    endloop
  endfacet
  facet normal -6.087609e-01 1.321987e-03 -7.933526e-01
    outer loop
      vertex   3.600217e+01 1.000000e+01 2.343463e+01
      vertex   3.623744e+01 0.000000e+00 2.323744e+01
      vertex   3.587500e+01 0.000000e+00 2.351554e+01
    endloop
  endfacet
  facet normal -4.930190e-01 -7.701477e-04 -8.700182e-01
    outer loop
      vertex   3.600217e+01 1.000000e+01 2.343463e+01
      vertex   3.587500e+01 0.000000e+00 2.351554e+01
      vertex   3.571576e+01 1.000000e+01 2.359693e+01
    endloop
  endfacet
  facet normal -3.826830e-01 1.425274e-03 -9.238786e-01
    outer loop
      vertex   3.571576e+01 1.000000e+01 2.359693e+01
      vertex   3.587500e+01 0.000000e+00 2.351554e+01
      vertex   3.545294e+01 0.000000e+00 2.369037e+01
    endloop
  endfacet
  facet normal -3.213588e-01 -4.020923e-04 -9.469574e-01
    outer loop
      vertex   3.571576e+01 1.000000e+01 2.359693e+01
      vertex   3.545294e+01 0.000000e+00 2.369037e+01
      vertex   3.540402e+01 1.000000e+01 2.370272e+01
    endloop
  endfacet
  facet normal -1.305262e-01 5.863724e-04 -9.914447e-01
    outer loop
      vertex   3.540402e+01 1.000000e+01 2.370272e+01
      vertex   3.545294e+01 0.000000e+00 2.369037e+01
      vertex   3.500000e+01 0.000000e+00 2.375000e+01
    endloop
  endfacet
  facet normal -1.162207e-01 3.309407e-16 -9.932234e-01
    outer loop
      vertex   3.540402e+01 1.000000e+01 2.370272e+01
      vertex   3.500000e+01 0.000000e+00 2.375000e+01
      vertex   3.500000e+01 9.999776e+00 2.375000e+01
    endloop
  endfacet
  facet normal 1.162207e-01 -3.303265e-16 -9.932234e-01
    outer loop
      vertex   3.500000e+01 9.999776e+00 2.375000e+01
      vertex   3.500000e+01 0.000000e+00 2.375000e+01
      vertex   3.459599e+01 1.000000e+01 2.370272e+01
    endloop
  endfacet
  facet normal 1.305262e-01 5.863724e-04 -9.914447e-01
    outer loop
      vertex   3.459599e+01 1.000000e+01 2.370272e+01
      vertex   3.500000e+01 0.000000e+00 2.375000e+01
      vertex   3.454707e+01 0.000000e+00 2.369037e+01
    endloop
  endfacet
  facet normal 3.490216e-01 -5.495716e-04 -9.371145e-01
    outer loop
      vertex   3.459599e+01 1.000000e+01 2.370272e+01
      vertex   3.454707e+01 0.000000e+00 2.369037e+01
      vertex   3.419176e+01 1.000000e+01 2.355217e+01
    endloop
  endfacet
  facet normal 3.826833e-01 8.293843e-04 -9.238792e-01
    outer loop
      vertex   3.419176e+01 1.000000e+01 2.355217e+01
      vertex   3.454707e+01 0.000000e+00 2.369037e+01
      vertex   3.412500e+01 0.000000e+00 2.351554e+01
    endloop
  endfacet
  facet normal 5.676468e-01 -7.738019e-04 -8.232718e-01
    outer loop
      vertex   3.419176e+01 1.000000e+01 2.355217e+01
      vertex   3.412500e+01 0.000000e+00 2.351554e+01
      vertex   3.383663e+01 1.000000e+01 2.330731e+01
    endloop
  endfacet
  facet normal 6.087611e-01 1.034821e-03 -7.933529e-01
    outer loop
      vertex   3.383663e+01 1.000000e+01 2.330731e+01
      vertex   3.412500e+01 0.000000e+00 2.351554e+01
      vertex   3.376257e+01 0.000000e+00 2.323744e+01
    endloop
  endfacet
  facet normal 7.517833e-01 -9.604334e-04 -6.594095e-01
    outer loop
      vertex   3.383663e+01 1.000000e+01 2.330731e+01
      vertex   3.376257e+01 0.000000e+00 2.323744e+01
      vertex   3.355219e+01 1.000000e+01 2.298303e+01
    endloop
  endfacet
  facet normal 7.933528e-01 1.202637e-03 -6.087610e-01
    outer loop
      vertex   3.355219e+01 1.000000e+01 2.298303e+01
      vertex   3.376257e+01 0.000000e+00 2.323744e+01
      vertex   3.348446e+01 0.000000e+00 2.287500e+01
    endloop
  endfacet
  facet normal 8.902436e-01 -1.109426e-03 -4.554834e-01
    outer loop
      vertex   3.355219e+01 1.000000e+01 2.298303e+01
      vertex   3.348446e+01 0.000000e+00 2.287500e+01
      vertex   3.335571e+01 1.000000e+01 2.259901e+01
    endloop
  endfacet
  facet normal 9.238787e-01 1.332798e-03 -3.826831e-01
    outer loop
      vertex   3.335571e+01 1.000000e+01 2.259901e+01
      vertex   3.348446e+01 0.000000e+00 2.287500e+01
      vertex   3.330963e+01 0.000000e+00 2.245293e+01
    endloop
  endfacet
  facet normal 9.746152e-01 -1.220748e-03 -2.238835e-01
    outer loop
      vertex   3.335571e+01 1.000000e+01 2.259901e+01
      vertex   3.330963e+01 0.000000e+00 2.245293e+01
      vertex   3.325914e+01 1.000000e+01 2.217861e+01
    endloop
  endfacet
  facet normal 9.914439e-01 1.425274e-03 -1.305261e-01
    outer loop
      vertex   3.325914e+01 1.000000e+01 2.217861e+01
      vertex   3.330963e+01 0.000000e+00 2.245293e+01
      vertex   3.325000e+01 0.000000e+00 2.200000e+01
    endloop
  endfacet
  facet normal 9.997719e-01 -1.294375e-03 2.131891e-02
    outer loop
      vertex   3.325914e+01 1.000000e+01 2.217861e+01
      vertex   3.325000e+01 0.000000e+00 2.200000e+01
      vertex   3.326834e+01 1.000000e+01 2.174735e+01
    endloop
  endfacet
  facet normal 9.914438e-01 1.480047e-03 1.305260e-01
    outer loop
      vertex   3.326834e+01 1.000000e+01 2.174735e+01
      vertex   3.325000e+01 0.000000e+00 2.200000e+01
      vertex   3.330963e+01 0.000000e+00 2.154707e+01
    endloop
  endfacet
  facet normal 9.641854e-01 -1.330291e-03 2.652260e-01
    outer loop
      vertex   3.326834e+01 1.000000e+01 2.174735e+01
      vertex   3.330963e+01 0.000000e+00 2.154707e+01
      vertex   3.338274e+01 1.000000e+01 2.133144e+01
    endloop
  endfacet
  facet normal 9.238785e-01 1.497105e-03 3.826830e-01
    outer loop
      vertex   3.338274e+01 1.000000e+01 2.133144e+01
      vertex   3.330963e+01 0.000000e+00 2.154707e+01
      vertex   3.348446e+01 0.000000e+00 2.112500e+01
    endloop
  endfacet
  facet normal 8.700177e-01 -1.328488e-03 4.930187e-01
    outer loop
      vertex   3.338274e+01 1.000000e+01 2.133144e+01
      vertex   3.348446e+01 0.000000e+00 2.112500e+01
      vertex   3.359541e+01 1.000000e+01 2.095615e+01
    endloop
  endfacet
  facet normal 7.933525e-01 1.476443e-03 6.087608e-01
    outer loop
      vertex   3.359541e+01 1.000000e+01 2.095615e+01
      vertex   3.348446e+01 0.000000e+00 2.112500e+01
      vertex   3.376257e+01 0.000000e+00 2.076256e+01
    endloop
  endfacet
  facet normal 7.229903e-01 -1.288968e-03 6.908570e-01
    outer loop
      vertex   3.359541e+01 1.000000e+01 2.095615e+01
      vertex   3.376257e+01 0.000000e+00 2.076256e+01
      vertex   3.389342e+01 1.000000e+01 2.064428e+01
    endloop
  endfacet
  facet normal 6.087608e-01 1.418066e-03 7.933525e-01
    outer loop
      vertex   3.389342e+01 1.000000e+01 2.064428e+01
      vertex   3.376257e+01 0.000000e+00 2.076256e+01
      vertex   3.412500e+01 0.000000e+00 2.048446e+01
    endloop
  endfacet
  facet normal 5.320360e-01 -1.211738e-03 8.467209e-01
    outer loop
      vertex   3.389342e+01 1.000000e+01 2.064428e+01
      vertex   3.412500e+01 0.000000e+00 2.048446e+01
      vertex   3.425866e+01 1.000000e+01 2.041479e+01
    endloop
  endfacet
  facet normal 3.826831e-01 1.321987e-03 9.238787e-01
    outer loop
      vertex   3.425866e+01 1.000000e+01 2.041479e+01
      vertex   3.412500e+01 0.000000e+00 2.048446e+01
      vertex   3.454707e+01 0.000000e+00 2.030963e+01
    endloop
  endfacet
  facet normal 3.087567e-01 -1.096815e-03 9.511404e-01
    outer loop
      vertex   3.425866e+01 1.000000e+01 2.041479e+01
      vertex   3.454707e+01 0.000000e+00 2.030963e+01
      vertex   3.466894e+01 1.000000e+01 2.028160e+01
    endloop
  endfacet
  facet normal 1.305261e-01 1.188226e-03 9.914442e-01
    outer loop
      vertex   3.466894e+01 1.000000e+01 2.028160e+01
      vertex   3.454707e+01 0.000000e+00 2.030963e+01
      vertex   3.500000e+01 0.000000e+00 2.025000e+01
    endloop
  endfacet
  facet normal 6.671819e-02 -9.442232e-04 9.977714e-01
    outer loop
      vertex   3.466894e+01 1.000000e+01 2.028160e+01
      vertex   3.500000e+01 0.000000e+00 2.025000e+01
      vertex   3.509933e+01 1.000000e+01 2.025282e+01
    endloop
  endfacet
  facet normal -1.305261e-01 1.016812e-03 9.914443e-01
    outer loop
      vertex   3.509933e+01 1.000000e+01 2.025282e+01
      vertex   3.500000e+01 0.000000e+00 2.025000e+01
      vertex   3.545294e+01 0.000000e+00 2.030963e+01
    endloop
  endfacet
  facet normal -1.793740e-01 -7.539965e-04 9.837807e-01
    outer loop
      vertex   3.509933e+01 1.000000e+01 2.025282e+01
      vertex   3.545294e+01 0.000000e+00 2.030963e+01
      vertex   3.552369e+01 1.000000e+01 2.033020e+01
    endloop
  endfacet
  facet normal -3.826833e-01 8.077829e-04 9.238792e-01
    outer loop
      vertex   3.552369e+01 1.000000e+01 2.033020e+01
      vertex   3.545294e+01 0.000000e+00 2.030963e+01
      vertex   3.587500e+01 0.000000e+00 2.048446e+01
    endloop
  endfacet
  facet normal -4.145681e-01 -5.261754e-04 9.100182e-01
    outer loop
      vertex   3.552369e+01 1.000000e+01 2.033020e+01
      vertex   3.587500e+01 0.000000e+00 2.048446e+01
      vertex   3.591624e+01 1.000000e+01 2.050902e+01
    endloop
  endfacet
  facet normal -6.087613e-01 5.611826e-04 7.933532e-01
    outer loop
      vertex   3.591624e+01 1.000000e+01 2.050902e+01
      vertex   3.587500e+01 0.000000e+00 2.048446e+01
      vertex   3.623744e+01 0.000000e+00 2.076256e+01
    endloop
  endfacet
  facet normal -6.245742e-01 -2.608090e-04 7.809655e-01
    outer loop
      vertex   3.591624e+01 1.000000e+01 2.050902e+01
      vertex   3.623744e+01 0.000000e+00 2.076256e+01
      vertex   3.625311e+01 1.000000e+01 2.077844e+01
    endloop
  endfacet
  facet normal -7.800543e-01 2.293150e-04 6.257117e-01
    outer loop
      vertex   3.625311e+01 1.000000e+01 2.077844e+01
      vertex   3.623744e+01 0.000000e+00 2.076256e+01
      vertex   3.646174e+01 9.995603e+00 2.103853e+01
    endloop
  endfacet
  facet normal -7.933529e-01 9.957242e-04 6.087611e-01
    outer loop
      vertex   3.646174e+01 9.995603e+00 2.103853e+01
      vertex   3.623744e+01 0.000000e+00 2.076256e+01
      vertex   3.651555e+01 0.000000e+00 2.112500e+01
    endloop
  endfacet
  facet normal -8.846810e-01 -7.291804e-04 4.661962e-01
    outer loop
      vertex   3.646174e+01 9.995603e+00 2.103853e+01
      vertex   3.651555e+01 0.000000e+00 2.112500e+01
      vertex   3.662130e+01 9.986426e+00 2.134131e+01
    endloop
  endfacet
  facet normal -9.238785e-01 1.494849e-03 3.826830e-01
    outer loop
      vertex   3.662130e+01 9.986426e+00 2.134131e+01
      vertex   3.651555e+01 0.000000e+00 2.112500e+01
      vertex   3.669037e+01 0.000000e+00 2.154707e+01
    endloop
  endfacet
  facet normal -9.591952e-01 -8.085299e-04 2.827436e-01
    outer loop
      vertex   3.662130e+01 9.986426e+00 2.134131e+01
      vertex   3.669037e+01 0.000000e+00 2.154707e+01
      vertex   3.671799e+01 9.978458e+00 2.166928e+01
    endloop
  endfacet
  facet normal -9.914442e-01 1.145093e-03 1.305261e-01
    outer loop
      vertex   3.671799e+01 9.978458e+00 2.166928e+01
      vertex   3.669037e+01 0.000000e+00 2.154707e+01
      vertex   3.675000e+01 0.000000e+00 2.200000e+01
    endloop
  endfacet
  facet normal 0.000000e+00 1.000000e+00 0.000000e+00
    outer loop
      vertex   3.625311e+01 1.000000e+01 2.077844e+01
      vertex   3.625311e+01 1.000000e+01 -5.492137e+01
      vertex   3.591624e+01 1.000000e+01 2.050902e+01
    endloop
  endfacet
  facet normal 0.000000e+00 1.000000e+00 0.000000e+00
    outer loop
      vertex   3.591624e+01 1.000000e+01 2.050902e+01
      vertex   3.625311e+01 1.000000e+01 -5.492137e+01
      vertex   3.552369e+01 1.000000e+01 2.033020e+01
    endloop
  endfacet
  facet normal 0.000000e+00 1.000000e+00 0.000000e+00
    outer loop
      vertex   3.552369e+01 1.000000e+01 2.033020e+01
      vertex   3.625311e+01 1.000000e+01 -5.492137e+01
      vertex   3.509933e+01 1.000000e+01 2.025282e+01
    endloop
  endfacet
  facet normal 0.000000e+00 1.000000e+00 0.000000e+00
    outer loop
      vertex   3.509933e+01 1.000000e+01 2.025282e+01
      vertex   3.625311e+01 1.000000e+01 -5.492137e+01
      vertex   2.000000e+01 1.000000e+01 1.500000e+01
    endloop
  endfacet
  facet normal 0.000000e+00 1.000000e+00 0.000000e+00
    outer loop
      vertex   3.509933e+01 1.000000e+01 2.025282e+01
      vertex   2.000000e+01 1.000000e+01 1.500000e+01
      vertex   3.466894e+01 1.000000e+01 2.028160e+01
    endloop
  endfacet
  facet normal 0.000000e+00 1.000000e+00 0.000000e+00
    outer loop
      vertex   3.466894e+01 1.000000e+01 2.028160e+01
      vertex   2.000000e+01 1.000000e+01 1.500000e+01
      vertex   3.425866e+01 1.000000e+01 2.041479e+01
    endloop
  endfacet
  facet normal 0.000000e+00 1.000000e+00 0.000000e+00
    outer loop
      vertex   3.425866e+01 1.000000e+01 2.041479e+01
      vertex   2.000000e+01 1.000000e+01 1.500000e+01
      vertex   3.389342e+01 1.000000e+01 2.064428e+01
    endloop
  endfacet
  facet normal 0.000000e+00 1.000000e+00 0.000000e+00
    outer loop
      vertex   3.389342e+01 1.000000e+01 2.064428e+01
      vertex   2.000000e+01 1.000000e+01 1.500000e+01
      vertex   3.359541e+01 1.000000e+01 2.095615e+01
    endloop
  endfacet
  facet normal 0.000000e+00 1.000000e+00 0.000000e+00
    outer loop
      vertex   3.359541e+01 1.000000e+01 2.095615e+01
      vertex   2.000000e+01 1.000000e+01 1.500000e+01
      vertex   3.338274e+01 1.000000e+01 2.133144e+01
    endloop
  endfacet
  facet normal 0.000000e+00 1.000000e+00 0.000000e+00
    outer loop
      vertex   3.338274e+01 1.000000e+01 2.133144e+01
      vertex   2.000000e+01 1.000000e+01 1.500000e+01
      vertex   3.326834e+01 1.000000e+01 2.174735e+01
    endloop
  endfacet
  facet normal 0.000000e+00 1.000000e+00 0.000000e+00
    outer loop
      vertex   3.326834e+01 1.000000e+01 2.174735e+01
      vertex   2.000000e+01 1.000000e+01 1.500000e+01
      vertex   3.325914e+01 1.000000e+01 2.217861e+01
    endloop
  endfacet
  facet normal 0.000000e+00 1.000000e+00 -0.000000e+00
    outer loop
      vertex   3.325914e+01 1.000000e+01 2.217861e+01
      vertex   2.000000e+01 1.000000e+01 1.500000e+01
      vertex   3.335571e+01 1.000000e+01 2.259901e+01
    endloop
  endfacet
  facet normal 0.000000e+00 1.000000e+00 -0.000000e+00
    outer loop
      vertex   3.335571e+01 1.000000e+01 2.259901e+01
      vertex   2.000000e+01 1.000000e+01 1.500000e+01
      vertex   3.355219e+01 1.000000e+01 2.298303e+01
    endloop
  endfacet
  facet normal 0.000000e+00 1.000000e+00 -0.000000e+00
    outer loop
      vertex   3.355219e+01 1.000000e+01 2.298303e+01
      vertex   2.000000e+01 1.000000e+01 1.500000e+01
      vertex   3.383663e+01 1.000000e+01 2.330731e+01
    endloop
  endfacet
  facet normal 0.000000e+00 1.000000e+00 0.000000e+00
    outer loop
      vertex   3.383663e+01 1.000000e+01 2.330731e+01
      vertex   2.000000e+01 1.000000e+01 1.500000e+01
      vertex   -5.339729e+01 1.000000e+01 2.370272e+01
    endloop
  endfacet
  facet normal 0.000000e+00 1.000000e+00 -0.000000e+00
    outer loop
      vertex   3.383663e+01 1.000000e+01 2.330731e+01
      vertex   -5.339729e+01 1.000000e+01 2.370272e+01
      vertex   3.419176e+01 1.000000e+01 2.355217e+01
    endloop
  endfacet
  facet normal 0.000000e+00 1.000000e+00 -0.000000e+00
    outer loop
      vertex   3.419176e+01 1.000000e+01 2.355217e+01
      vertex   -5.339729e+01 1.000000e+01 2.370272e+01
      vertex   3.459599e+01 1.000000e+01 2.370272e+01
    endloop
  endfacet
  facet normal 0.000000e+00 1.000000e+00 0.000000e+00
    outer loop
      vertex   2.000000e+01 1.000000e+01 1.500000e+01
      vertex   3.625311e+01 1.000000e+01 -5.492137e+01
      vertex   2.000000e+01 1.000000e+01 -5.000000e+01
    endloop
  endfacet
  facet normal 0.000000e+00 1.000000e+00 0.000000e+00
    outer loop
      vertex   2.000000e+01 1.000000e+01 -5.000000e+01
      vertex   3.625311e+01 1.000000e+01 -5.492137e+01
      vertex   3.248465e+01 1.000000e+01 -5.492137e+01
    endloop
  endfacet
  facet normal 0.000000e+00 1.000000e+00 0.000000e+00
    outer loop
      vertex   2.000000e+01 1.000000e+01 -5.000000e+01
      vertex   3.248465e+01 1.000000e+01 -5.492137e+01
      vertex   -5.307249e+01 1.000000e+01 -5.492137e+01
    endloop
  endfacet
  facet normal 0.000000e+00 1.000000e+00 0.000000e+00
    outer loop
      vertex   2.000000e+01 1.000000e+01 -5.000000e+01
      vertex   -5.307249e+01 1.000000e+01 -5.492137e+01
      vertex   -4.500000e+01 1.000000e+01 -5.000000e+01
    endloop
  endfacet
  facet normal 0.000000e+00 1.000000e+00 0.000000e+00
    outer loop
      vertex   -4.500000e+01 1.000000e+01 -5.000000e+01
      vertex   -5.307249e+01 1.000000e+01 -5.492137e+01
      vertex   -5.684096e+01 1.000000e+01 -5.492137e+01
    endloop
  endfacet
  facet normal 0.000000e+00 1.000000e+00 -0.000000e+00
    outer loop
      vertex   -4.500000e+01 1.000000e+01 -5.000000e+01
      vertex   -5.684096e+01 1.000000e+01 -5.492137e+01
      vertex   -4.500000e+01 1.000000e+01 1.500000e+01
    endloop
  endfacet
  facet normal 0.000000e+00 1.000000e+00 0.000000e+00
    outer loop
      vertex   -4.500000e+01 1.000000e+01 1.500000e+01
      vertex   -5.684096e+01 1.000000e+01 -5.492137e+01
      vertex   -5.583285e+01 1.000000e+01 2.146089e+01
    endloop
  endfacet
  facet normal 0.000000e+00 1.000000e+00 0.000000e+00
    outer loop
      vertex   -4.500000e+01 1.000000e+01 1.500000e+01
      vertex   -5.583285e+01 1.000000e+01 2.146089e+01
      vertex   -5.542957e+01 1.000000e+01 2.130354e+01
    endloop
  endfacet
  facet normal 0.000000e+00 1.000000e+00 0.000000e+00
    outer loop
      vertex   -5.684096e+01 1.000000e+01 2.370272e+01
      vertex   -5.674401e+01 1.000000e+01 2.285529e+01
      vertex   -5.684096e+01 1.000000e+01 -5.492137e+01
    endloop
  endfacet
  facet normal 0.000000e+00 1.000000e+00 0.000000e+00
    outer loop
      vertex   -5.684096e+01 1.000000e+01 -5.492137e+01
      vertex   -5.674401e+01 1.000000e+01 2.285529e+01
      vertex   -5.665513e+01 1.000000e+01 2.243162e+01
    endloop
  endfacet
  facet normal 0.000000e+00 1.000000e+00 0.000000e+00
    outer loop
      vertex   -5.684096e+01 1.000000e+01 -5.492137e+01
      vertex   -5.665513e+01 1.000000e+01 2.243162e+01
      vertex   -5.646497e+01 1.000000e+01 2.204273e+01
    endloop
  endfacet
  facet normal 0.000000e+00 1.000000e+00 0.000000e+00
    outer loop
      vertex   -5.660271e+01 1.000000e+01 2.370272e+01
      vertex   -5.672617e+01 1.000000e+01 2.328781e+01
      vertex   -5.684096e+01 1.000000e+01 2.370272e+01
    endloop
  endfacet
  facet normal 0.000000e+00 1.000000e+00 0.000000e+00
    outer loop
      vertex   -5.684096e+01 1.000000e+01 2.370272e+01
      vertex   -5.672617e+01 1.000000e+01 2.328781e+01
      vertex   -5.674401e+01 1.000000e+01 2.285529e+01
    endloop
  endfacet
  facet normal 0.000000e+00 1.000000e+00 0.000000e+00
    outer loop
      vertex   -5.646497e+01 1.000000e+01 2.204273e+01
      vertex   -5.618517e+01 1.000000e+01 2.171242e+01
      vertex   -5.684096e+01 1.000000e+01 -5.492137e+01
    endloop
  endfacet
  facet normal 0.000000e+00 1.000000e+00 0.000000e+00
    outer loop
      vertex   -5.684096e+01 1.000000e+01 -5.492137e+01
      vertex   -5.618517e+01 1.000000e+01 2.171242e+01
      vertex   -5.583285e+01 1.000000e+01 2.146089e+01
    endloop
  endfacet
  facet normal 0.000000e+00 1.000000e+00 0.000000e+00
    outer loop
      vertex   -5.542957e+01 1.000000e+01 2.130354e+01
      vertex   -5.500000e+01 1.000000e+01 2.125000e+01
      vertex   -4.500000e+01 1.000000e+01 1.500000e+01
    endloop
  endfacet
  facet normal 0.000000e+00 1.000000e+00 0.000000e+00
    outer loop
      vertex   -4.500000e+01 1.000000e+01 1.500000e+01
      vertex   -5.500000e+01 1.000000e+01 2.125000e+01
      vertex   -5.457043e+01 1.000000e+01 2.130354e+01
    endloop
  endfacet
  facet normal 0.000000e+00 1.000000e+00 0.000000e+00
    outer loop
      vertex   -4.500000e+01 1.000000e+01 1.500000e+01
      vertex   -5.457043e+01 1.000000e+01 2.130354e+01
      vertex   -5.416715e+01 1.000000e+01 2.146089e+01
    endloop
  endfacet
  facet normal -0.000000e+00 1.000000e+00 0.000000e+00
    outer loop
      vertex   -5.416715e+01 1.000000e+01 2.146089e+01
      vertex   -5.381483e+01 1.000000e+01 2.171242e+01
      vertex   -4.500000e+01 1.000000e+01 1.500000e+01
    endloop
  endfacet
  facet normal 0.000000e+00 1.000000e+00 0.000000e+00
    outer loop
      vertex   -4.500000e+01 1.000000e+01 1.500000e+01
      vertex   -5.381483e+01 1.000000e+01 2.171242e+01
      vertex   -5.353503e+01 1.000000e+01 2.204273e+01
    endloop
  endfacet
  facet normal 0.000000e+00 1.000000e+00 0.000000e+00
    outer loop
      vertex   -4.500000e+01 1.000000e+01 1.500000e+01
      vertex   -5.353503e+01 1.000000e+01 2.204273e+01
      vertex   -5.334487e+01 1.000000e+01 2.243162e+01
    endloop
  endfacet
  facet normal -0.000000e+00 1.000000e+00 0.000000e+00
    outer loop
      vertex   -5.334487e+01 1.000000e+01 2.243162e+01
      vertex   -5.325599e+01 1.000000e+01 2.285529e+01
      vertex   -4.500000e+01 1.000000e+01 1.500000e+01
    endloop
  endfacet
  facet normal 0.000000e+00 1.000000e+00 0.000000e+00
    outer loop
      vertex   -4.500000e+01 1.000000e+01 1.500000e+01
      vertex   -5.325599e+01 1.000000e+01 2.285529e+01
      vertex   -5.327383e+01 1.000000e+01 2.328781e+01
    endloop
  endfacet
  facet normal 0.000000e+00 1.000000e+00 0.000000e+00
    outer loop
      vertex   -4.500000e+01 1.000000e+01 1.500000e+01
      vertex   -5.327383e+01 1.000000e+01 2.328781e+01
      vertex   -5.339729e+01 1.000000e+01 2.370272e+01
    endloop
  endfacet
  facet normal 0.000000e+00 1.000000e+00 0.000000e+00
    outer loop
      vertex   2.000000e+01 1.000000e+01 1.500000e+01
      vertex   -4.500000e+01 1.000000e+01 1.500000e+01
      vertex   -5.339729e+01 1.000000e+01 2.370272e+01
    endloop
  endfacet
  facet normal 0.000000e+00 0.000000e+00 1.000000e+00
    outer loop
      vertex   4.125311e+01 5.000000e+00 2.870272e+01
      vertex   -6.184096e+01 5.000000e+00 2.870272e+01
      vertex   4.125311e+01 0.000000e+00 2.870272e+01
    endloop
  endfacet
  facet normal 0.000000e+00 0.000000e+00 1.000000e+00
    outer loop
      vertex   4.125311e+01 0.000000e+00 2.870272e+01
      vertex   -6.184096e+01 5.000000e+00 2.870272e+01
      vertex   -6.184096e+01 0.000000e+00 2.870272e+01
    endloop
  endfacet
  facet normal -1.000000e+00 0.000000e+00 -0.000000e+00
    outer loop
      vertex   -6.184096e+01 3.330669e-15 -8.914214e+01
      vertex   -6.184096e+01 1.837002e+00 -8.966272e+01
      vertex   -6.184096e+01 0.000000e+00 -9.129728e+01
    endloop
  endfacet
  facet normal -1.000000e+00 0.000000e+00 0.000000e+00
    outer loop
      vertex   -6.184096e+01 0.000000e+00 -9.129728e+01
      vertex   -6.184096e+01 1.837002e+00 -8.966272e+01
      vertex   -6.184096e+01 3.725252e+00 -8.994574e+01
    endloop
  endfacet
  facet normal -1.000000e+00 0.000000e+00 0.000000e+00
    outer loop
      vertex   -6.184096e+01 0.000000e+00 -9.129728e+01
      vertex   -6.184096e+01 3.725252e+00 -8.994574e+01
      vertex   -6.184096e+01 5.634157e+00 -8.998659e+01
    endloop
  endfacet
  facet normal -1.000000e+00 0.000000e+00 -0.000000e+00
    outer loop
      vertex   -6.184096e+01 5.634157e+00 -8.998659e+01
      vertex   -6.184096e+01 7.532787e+00 -8.978462e+01
      vertex   -6.184096e+01 0.000000e+00 -9.129728e+01
    endloop
  endfacet
  facet normal -1.000000e+00 0.000000e+00 0.000000e+00
    outer loop
      vertex   -6.184096e+01 0.000000e+00 -9.129728e+01
      vertex   -6.184096e+01 7.532787e+00 -8.978462e+01
      vertex   -6.184096e+01 5.000000e+01 -9.129728e+01
    endloop
  endfacet
  facet normal -1.000000e+00 0.000000e+00 0.000000e+00
    outer loop
      vertex   -6.184096e+01 5.000000e+01 -9.129728e+01
      vertex   -6.184096e+01 7.532787e+00 -8.978462e+01
      vertex   -6.184096e+01 9.390379e+00 -8.934310e+01
    endloop
  endfacet
  facet normal -1.000000e+00 0.000000e+00 0.000000e+00
    outer loop
      vertex   -6.184096e+01 5.000000e+01 -9.129728e+01
      vertex   -6.184096e+01 9.390379e+00 -8.934310e+01
      vertex   -6.184096e+01 1.117684e+01 -8.866919e+01
    endloop
  endfacet
  facet normal -1.000000e+00 0.000000e+00 0.000000e+00
    outer loop
      vertex   -6.184096e+01 1.117684e+01 -8.866919e+01
      vertex   -6.184096e+01 1.286321e+01 -8.777380e+01
      vertex   -6.184096e+01 5.000000e+01 -9.129728e+01
    endloop
  endfacet
  facet normal -1.000000e+00 0.000000e+00 0.000000e+00
    outer loop
      vertex   -6.184096e+01 5.000000e+01 -9.129728e+01
      vertex   -6.184096e+01 1.286321e+01 -8.777380e+01
      vertex   -6.184096e+01 1.442218e+01 -8.667144e+01
    endloop
  endfacet
  facet normal -1.000000e+00 0.000000e+00 0.000000e+00
    outer loop
      vertex   -6.184096e+01 5.000000e+01 -9.129728e+01
      vertex   -6.184096e+01 1.442218e+01 -8.667144e+01
      vertex   -6.184096e+01 1.582849e+01 -8.537997e+01
    endloop
  endfacet
  facet normal -1.000000e+00 0.000000e+00 0.000000e+00
    outer loop
      vertex   -6.184096e+01 1.582849e+01 -8.537997e+01
      vertex   -6.184096e+01 1.705935e+01 -8.392032e+01
      vertex   -6.184096e+01 5.000000e+01 -9.129728e+01
    endloop
  endfacet
  facet normal -1.000000e+00 0.000000e+00 0.000000e+00
    outer loop
      vertex   -6.184096e+01 5.000000e+01 -9.129728e+01
      vertex   -6.184096e+01 1.705935e+01 -8.392032e+01
      vertex   -6.184096e+01 1.809481e+01 -8.231614e+01
    endloop
  endfacet
  facet normal -1.000000e+00 0.000000e+00 0.000000e+00
    outer loop
      vertex   -6.184096e+01 5.000000e+01 -9.129728e+01
      vertex   -6.184096e+01 1.809481e+01 -8.231614e+01
      vertex   -6.184096e+01 1.891811e+01 -8.059342e+01
    endloop
  endfacet
  facet normal -1.000000e+00 0.000000e+00 0.000000e+00
    outer loop
      vertex   -6.184096e+01 1.891811e+01 -8.059342e+01
      vertex   -6.184096e+01 1.951589e+01 -7.878007e+01
      vertex   -6.184096e+01 5.000000e+01 -9.129728e+01
    endloop
  endfacet
  facet normal -1.000000e+00 0.000000e+00 0.000000e+00
    outer loop
      vertex   -6.184096e+01 5.000000e+01 -9.129728e+01
      vertex   -6.184096e+01 1.951589e+01 -7.878007e+01
      vertex   -6.184096e+01 1.987848e+01 -7.690547e+01
    endloop
  endfacet
  facet normal -1.000000e+00 0.000000e+00 0.000000e+00
    outer loop
      vertex   -6.184096e+01 5.000000e+01 -9.129728e+01
      vertex   -6.184096e+01 1.987848e+01 -7.690547e+01
      vertex   -6.184096e+01 2.000000e+01 -7.500000e+01
    endloop
  endfacet
  facet normal -1.000000e+00 0.000000e+00 0.000000e+00
    outer loop
      vertex   -6.184096e+01 5.000000e+01 -9.129728e+01
      vertex   -6.184096e+01 2.000000e+01 -7.500000e+01
      vertex   -6.184096e+01 5.000000e+01 -5.492137e+01
    endloop
  endfacet
  facet normal -1.000000e+00 0.000000e+00 0.000000e+00
    outer loop
      vertex   -6.184096e+01 5.000000e+01 -5.492137e+01
      vertex   -6.184096e+01 2.000000e+01 -7.500000e+01
      vertex   -6.184096e+01 1.987848e+01 -7.309453e+01
    endloop
  endfacet
  facet normal -1.000000e+00 0.000000e+00 0.000000e+00
    outer loop
      vertex   -6.184096e+01 5.000000e+01 -5.492137e+01
      vertex   -6.184096e+01 1.987848e+01 -7.309453e+01
      vertex   -6.184096e+01 1.951589e+01 -7.121993e+01
    endloop
  endfacet
  facet normal -1.000000e+00 0.000000e+00 0.000000e+00
    outer loop
      vertex   -6.184096e+01 1.951589e+01 -7.121993e+01
      vertex   -6.184096e+01 1.891811e+01 -6.940658e+01
      vertex   -6.184096e+01 5.000000e+01 -5.492137e+01
    endloop
  endfacet
  facet normal -1.000000e+00 0.000000e+00 0.000000e+00
    outer loop
      vertex   -6.184096e+01 5.000000e+01 -5.492137e+01
      vertex   -6.184096e+01 1.891811e+01 -6.940658e+01
      vertex   -6.184096e+01 1.809481e+01 -6.768386e+01
    endloop
  endfacet
  facet normal -1.000000e+00 0.000000e+00 0.000000e+00
    outer loop
      vertex   -6.184096e+01 5.000000e+01 -5.492137e+01
      vertex   -6.184096e+01 1.809481e+01 -6.768386e+01
      vertex   -6.184096e+01 1.705935e+01 -6.607968e+01
    endloop
  endfacet
  facet normal -1.000000e+00 0.000000e+00 0.000000e+00
    outer loop
      vertex   -6.184096e+01 1.705935e+01 -6.607968e+01
      vertex   -6.184096e+01 1.582849e+01 -6.462003e+01
      vertex   -6.184096e+01 5.000000e+01 -5.492137e+01
    endloop
  endfacet
  facet normal -1.000000e+00 0.000000e+00 0.000000e+00
    outer loop
      vertex   -6.184096e+01 5.000000e+01 -5.492137e+01
      vertex   -6.184096e+01 1.582849e+01 -6.462003e+01
      vertex   -6.184096e+01 1.442218e+01 -6.332856e+01
    endloop
  endfacet
  facet normal -1.000000e+00 0.000000e+00 0.000000e+00
    outer loop
      vertex   -6.184096e+01 5.000000e+01 -5.492137e+01
      vertex   -6.184096e+01 1.442218e+01 -6.332856e+01
      vertex   -6.184096e+01 1.286321e+01 -6.222620e+01
    endloop
  endfacet
  facet normal -1.000000e+00 -0.000000e+00 0.000000e+00
    outer loop
      vertex   -6.184096e+01 5.000000e+01 -5.492137e+01
      vertex   -6.184096e+01 1.286321e+01 -6.222620e+01
      vertex   -6.184096e+01 5.000000e+00 -5.492137e+01
    endloop
  endfacet
  facet normal -1.000000e+00 0.000000e+00 0.000000e+00
    outer loop
      vertex   -6.184096e+01 5.000000e+00 -5.492137e+01
      vertex   -6.184096e+01 1.286321e+01 -6.222620e+01
      vertex   -6.184096e+01 1.117684e+01 -6.133081e+01
    endloop
  endfacet
  facet normal -1.000000e+00 0.000000e+00 0.000000e+00
    outer loop
      vertex   -6.184096e+01 5.000000e+00 -5.492137e+01
      vertex   -6.184096e+01 1.117684e+01 -6.133081e+01
      vertex   -6.184096e+01 9.390379e+00 -6.065690e+01
    endloop
  endfacet
  facet normal -1.000000e+00 0.000000e+00 0.000000e+00
    outer loop
      vertex   -6.184096e+01 9.390379e+00 -6.065690e+01
      vertex   -6.184096e+01 7.532787e+00 -6.021538e+01
      vertex   -6.184096e+01 5.000000e+00 -5.492137e+01
    endloop
  endfacet
  facet normal -1.000000e+00 0.000000e+00 0.000000e+00
    outer loop
      vertex   -6.184096e+01 5.000000e+00 -5.492137e+01
      vertex   -6.184096e+01 7.532787e+00 -6.021538e+01
      vertex   -6.184096e+01 5.634157e+00 -6.001341e+01
    endloop
  endfacet
  facet normal -1.000000e+00 0.000000e+00 -0.000000e+00
    outer loop
      vertex   -6.184096e+01 5.000000e+00 -5.492137e+01
      vertex   -6.184096e+01 5.634157e+00 -6.001341e+01
      vertex   -6.184096e+01 3.725252e+00 -6.005426e+01
    endloop
  endfacet
  facet normal -1.000000e+00 -0.000000e+00 0.000000e+00
    outer loop
      vertex   -6.184096e+01 3.725252e+00 -6.005426e+01
      vertex   -6.184096e+01 1.837002e+00 -6.033728e+01
      vertex   -6.184096e+01 5.000000e+00 -5.492137e+01
    endloop
  endfacet
  facet normal -1.000000e+00 0.000000e+00 0.000000e+00
    outer loop
      vertex   -6.184096e+01 5.000000e+00 -5.492137e+01
      vertex   -6.184096e+01 1.837002e+00 -6.033728e+01
      vertex   -6.184096e+01 0.000000e+00 -6.085786e+01
    endloop
  endfacet
  facet normal -1.000000e+00 -0.000000e+00 0.000000e+00
    outer loop
      vertex   -6.184096e+01 5.000000e+00 -5.492137e+01
      vertex   -6.184096e+01 0.000000e+00 -6.085786e+01
      vertex   -6.184096e+01 0.000000e+00 2.870272e+01
    endloop
  endfacet
  facet normal -1.000000e+00 0.000000e+00 0.000000e+00
    outer loop
      vertex   -6.184096e+01 0.000000e+00 2.870272e+01
      vertex   -6.184096e+01 5.000000e+00 2.870272e+01
      vertex   -6.184096e+01 5.000000e+00 -5.492137e+01
    endloop
  endfacet
  facet normal -9.961947e-01 -8.715574e-02 -0.000000e+00
    outer loop
      vertex   -2.212154e+01 1.138919e+01 -8.560932e+01
      vertex   -2.212154e+01 1.138919e+01 -9.129728e+01
      vertex   -2.200000e+01 1.000000e+01 -8.560932e+01
    endloop
  endfacet
  facet normal -9.961947e-01 -8.715574e-02 -0.000000e+00
    outer loop
      vertex   -2.200000e+01 1.000000e+01 -8.560932e+01
      vertex   -2.212154e+01 1.138919e+01 -9.129728e+01
      vertex   -2.200000e+01 1.000000e+01 -9.129728e+01
    endloop
  endfacet
  facet normal -9.961947e-01 8.715574e-02 0.000000e+00
    outer loop
      vertex   -2.200000e+01 1.000000e+01 -8.560932e+01
      vertex   -2.200000e+01 1.000000e+01 -9.129728e+01
      vertex   -2.212154e+01 8.610815e+00 -8.560932e+01
    endloop
  endfacet
  facet normal -9.961947e-01 8.715574e-02 0.000000e+00
    outer loop
      vertex   -2.212154e+01 8.610815e+00 -8.560932e+01
      vertex   -2.200000e+01 1.000000e+01 -9.129728e+01
      vertex   -2.212154e+01 8.610815e+00 -9.129728e+01
    endloop
  endfacet
  facet normal -9.659258e-01 2.588190e-01 0.000000e+00
    outer loop
      vertex   -2.212154e+01 8.610815e+00 -8.560932e+01
      vertex   -2.212154e+01 8.610815e+00 -9.129728e+01
      vertex   -2.248246e+01 7.263839e+00 -8.560932e+01
    endloop
  endfacet
  facet normal -9.659258e-01 2.588190e-01 -1.616593e-16
    outer loop
      vertex   -2.248246e+01 7.263839e+00 -8.560932e+01
      vertex   -2.212154e+01 8.610815e+00 -9.129728e+01
      vertex   -2.248246e+01 7.263839e+00 -9.129728e+01
    endloop
  endfacet
  facet normal -9.063078e-01 4.226183e-01 -2.639688e-16
    outer loop
      vertex   -2.248246e+01 7.263839e+00 -8.560932e+01
      vertex   -2.248246e+01 7.263839e+00 -9.129728e+01
      vertex   -2.307180e+01 6.000000e+00 -8.560932e+01
    endloop
  endfacet
  facet normal -9.063078e-01 4.226183e-01 -1.319844e-16
    outer loop
      vertex   -2.307180e+01 6.000000e+00 -8.560932e+01
      vertex   -2.248246e+01 7.263839e+00 -9.129728e+01
      vertex   -2.307180e+01 6.000000e+00 -9.129728e+01
    endloop
  endfacet
  facet normal -8.191520e-01 5.735764e-01 -1.791289e-16
    outer loop
      vertex   -2.307180e+01 6.000000e+00 -8.560932e+01
      vertex   -2.307180e+01 6.000000e+00 -9.129728e+01
      vertex   -2.387164e+01 4.857699e+00 -8.560932e+01
    endloop
  endfacet
  facet normal -8.191520e-01 5.735764e-01 0.000000e+00
    outer loop
      vertex   -2.387164e+01 4.857699e+00 -8.560932e+01
      vertex   -2.307180e+01 6.000000e+00 -9.129728e+01
      vertex   -2.387164e+01 4.857699e+00 -9.129728e+01
    endloop
  endfacet
  facet normal -7.071068e-01 7.071068e-01 0.000000e+00
    outer loop
      vertex   -2.387164e+01 4.857699e+00 -8.560932e+01
      vertex   -2.387164e+01 4.857699e+00 -9.129728e+01
      vertex   -2.485770e+01 3.871644e+00 -8.560932e+01
    endloop
  endfacet
  facet normal -7.071068e-01 7.071068e-01 0.000000e+00
    outer loop
      vertex   -2.485770e+01 3.871644e+00 -8.560932e+01
      vertex   -2.387164e+01 4.857699e+00 -9.129728e+01
      vertex   -2.485770e+01 3.871644e+00 -9.129728e+01
    endloop
  endfacet
  facet normal -5.735764e-01 8.191520e-01 0.000000e+00
    outer loop
      vertex   -2.485770e+01 3.871644e+00 -8.560932e+01
      vertex   -2.485770e+01 3.871644e+00 -9.129728e+01
      vertex   -2.600000e+01 3.071797e+00 -8.560932e+01
    endloop
  endfacet
  facet normal -5.735764e-01 8.191520e-01 0.000000e+00
    outer loop
      vertex   -2.600000e+01 3.071797e+00 -8.560932e+01
      vertex   -2.485770e+01 3.871644e+00 -9.129728e+01
      vertex   -2.600000e+01 3.071797e+00 -9.129728e+01
    endloop
  endfacet
  facet normal -4.226183e-01 9.063078e-01 0.000000e+00
    outer loop
      vertex   -2.600000e+01 3.071797e+00 -8.560932e+01
      vertex   -2.600000e+01 3.071797e+00 -9.129728e+01
      vertex   -2.726384e+01 2.482459e+00 -8.560932e+01
    endloop
  endfacet
  facet normal -4.226183e-01 9.063078e-01 3.156565e-16
    outer loop
      vertex   -2.726384e+01 2.482459e+00 -8.560932e+01
      vertex   -2.600000e+01 3.071797e+00 -9.129728e+01
      vertex   -2.726384e+01 2.482459e+00 -9.129728e+01
    endloop
  endfacet
  facet normal -2.588190e-01 9.659258e-01 9.707331e-17
    outer loop
      vertex   -2.726384e+01 2.482459e+00 -8.560932e+01
      vertex   -2.726384e+01 2.482459e+00 -9.129728e+01
      vertex   -2.861081e+01 2.121538e+00 -8.560932e+01
    endloop
  endfacet
  facet normal -2.588190e-01 9.659258e-01 1.724884e-16
    outer loop
      vertex   -2.861081e+01 2.121538e+00 -8.560932e+01
      vertex   -2.726384e+01 2.482459e+00 -9.129728e+01
      vertex   -2.861081e+01 2.121538e+00 -9.129728e+01
    endloop
  endfacet
  facet normal -8.715574e-02 9.961947e-01 -4.668111e-17
    outer loop
      vertex   -2.861081e+01 2.121538e+00 -8.560932e+01
      vertex   -2.861081e+01 2.121538e+00 -9.129728e+01
      vertex   -3.000000e+01 2.000000e+00 -8.560932e+01
    endloop
  endfacet
  facet normal -8.715574e-02 9.961947e-01 0.000000e+00
    outer loop
      vertex   -3.000000e+01 2.000000e+00 -8.560932e+01
      vertex   -2.861081e+01 2.121538e+00 -9.129728e+01
      vertex   -3.000000e+01 2.000000e+00 -9.129728e+01
    endloop
  endfacet
  facet normal 8.715574e-02 9.961947e-01 0.000000e+00
    outer loop
      vertex   -3.000000e+01 2.000000e+00 -8.560932e+01
      vertex   -3.000000e+01 2.000000e+00 -9.129728e+01
      vertex   -3.138919e+01 2.121538e+00 -8.560932e+01
    endloop
  endfacet
  facet normal 8.715574e-02 9.961947e-01 -4.668111e-17
    outer loop
      vertex   -3.138919e+01 2.121538e+00 -8.560932e+01
      vertex   -3.000000e+01 2.000000e+00 -9.129728e+01
      vertex   -3.138919e+01 2.121538e+00 -9.129728e+01
    endloop
  endfacet
  facet normal 2.588190e-01 9.659258e-01 1.724884e-16
    outer loop
      vertex   -3.138919e+01 2.121538e+00 -8.560932e+01
      vertex   -3.138919e+01 2.121538e+00 -9.129728e+01
      vertex   -3.273616e+01 2.482459e+00 -8.560932e+01
    endloop
  endfacet
  facet normal 2.588190e-01 9.659258e-01 0.000000e+00
    outer loop
      vertex   -3.273616e+01 2.482459e+00 -8.560932e+01
      vertex   -3.138919e+01 2.121538e+00 -9.129728e+01
      vertex   -3.273616e+01 2.482459e+00 -9.129728e+01
    endloop
  endfacet
  facet normal 4.226183e-01 9.063078e-01 0.000000e+00
    outer loop
      vertex   -3.273616e+01 2.482459e+00 -8.560932e+01
      vertex   -3.273616e+01 2.482459e+00 -9.129728e+01
      vertex   -3.400000e+01 3.071797e+00 -8.560932e+01
    endloop
  endfacet
  facet normal 4.226183e-01 9.063078e-01 -1.741358e-16
    outer loop
      vertex   -3.400000e+01 3.071797e+00 -8.560932e+01
      vertex   -3.273616e+01 2.482459e+00 -9.129728e+01
      vertex   -3.400000e+01 3.071797e+00 -9.129728e+01
    endloop
  endfacet
  facet normal 5.735764e-01 8.191520e-01 -3.967374e-16
    outer loop
      vertex   -3.400000e+01 3.071797e+00 -8.560932e+01
      vertex   -3.400000e+01 3.071797e+00 -9.129728e+01
      vertex   -3.514230e+01 3.871644e+00 -8.560932e+01
    endloop
  endfacet
  facet normal 5.735764e-01 8.191520e-01 0.000000e+00
    outer loop
      vertex   -3.514230e+01 3.871644e+00 -8.560932e+01
      vertex   -3.400000e+01 3.071797e+00 -9.129728e+01
      vertex   -3.514230e+01 3.871644e+00 -9.129728e+01
    endloop
  endfacet
  facet normal 7.071068e-01 7.071068e-01 0.000000e+00
    outer loop
      vertex   -3.514230e+01 3.871644e+00 -8.560932e+01
      vertex   -3.514230e+01 3.871644e+00 -9.129728e+01
      vertex   -3.612836e+01 4.857699e+00 -8.560932e+01
    endloop
  endfacet
  facet normal 7.071068e-01 7.071068e-01 0.000000e+00
    outer loop
      vertex   -3.612836e+01 4.857699e+00 -8.560932e+01
      vertex   -3.514230e+01 3.871644e+00 -9.129728e+01
      vertex   -3.612836e+01 4.857699e+00 -9.129728e+01
    endloop
  endfacet
  facet normal 8.191520e-01 5.735764e-01 0.000000e+00
    outer loop
      vertex   -3.612836e+01 4.857699e+00 -8.560932e+01
      vertex   -3.612836e+01 4.857699e+00 -9.129728e+01
      vertex   -3.692820e+01 6.000000e+00 -8.560932e+01
    endloop
  endfacet
  facet normal 8.191520e-01 5.735764e-01 0.000000e+00
    outer loop
      vertex   -3.692820e+01 6.000000e+00 -8.560932e+01
      vertex   -3.612836e+01 4.857699e+00 -9.129728e+01
      vertex   -3.692820e+01 6.000000e+00 -9.129728e+01
    endloop
  endfacet
  facet normal 9.063078e-01 4.226183e-01 0.000000e+00
    outer loop
      vertex   -3.692820e+01 6.000000e+00 -8.560932e+01
      vertex   -3.692820e+01 6.000000e+00 -9.129728e+01
      vertex   -3.751754e+01 7.263839e+00 -8.560932e+01
    endloop
  endfacet
  facet normal 9.063078e-01 4.226183e-01 0.000000e+00
    outer loop
      vertex   -3.751754e+01 7.263839e+00 -8.560932e+01
      vertex   -3.692820e+01 6.000000e+00 -9.129728e+01
      vertex   -3.751754e+01 7.263839e+00 -9.129728e+01
    endloop
  endfacet
  facet normal 9.659258e-01 2.588190e-01 0.000000e+00
    outer loop
      vertex   -3.751754e+01 7.263839e+00 -8.560932e+01
      vertex   -3.751754e+01 7.263839e+00 -9.129728e+01
      vertex   -3.787846e+01 8.610815e+00 -8.560932e+01
    endloop
  endfacet
  facet normal 9.659258e-01 2.588190e-01 1.616593e-16
    outer loop
      vertex   -3.787846e+01 8.610815e+00 -8.560932e+01
      vertex   -3.751754e+01 7.263839e+00 -9.129728e+01
      vertex   -3.787846e+01 8.610815e+00 -9.129728e+01
    endloop
  endfacet
  facet normal 9.961947e-01 8.715574e-02 5.443778e-17
    outer loop
      vertex   -3.787846e+01 8.610815e+00 -8.560932e+01
      vertex   -3.787846e+01 8.610815e+00 -9.129728e+01
      vertex   -3.800000e+01 1.000000e+01 -8.560932e+01
    endloop
  endfacet
  facet normal 9.961947e-01 8.715574e-02 0.000000e+00
    outer loop
      vertex   -3.800000e+01 1.000000e+01 -8.560932e+01
      vertex   -3.787846e+01 8.610815e+00 -9.129728e+01
      vertex   -3.800000e+01 1.000000e+01 -9.129728e+01
    endloop
  endfacet
  facet normal 9.961947e-01 -8.715574e-02 0.000000e+00
    outer loop
      vertex   -3.800000e+01 1.000000e+01 -8.560932e+01
      vertex   -3.800000e+01 1.000000e+01 -9.129728e+01
      vertex   -3.787846e+01 1.138919e+01 -8.560932e+01
    endloop
  endfacet
  facet normal 9.961947e-01 -8.715574e-02 -8.165667e-17
    outer loop
      vertex   -3.787846e+01 1.138919e+01 -8.560932e+01
      vertex   -3.800000e+01 1.000000e+01 -9.129728e+01
      vertex   -3.787846e+01 1.138919e+01 -9.129728e+01
    endloop
  endfacet
  facet normal 9.659258e-01 -2.588190e-01 -2.424889e-16
    outer loop
      vertex   -3.787846e+01 1.138919e+01 -8.560932e+01
      vertex   -3.787846e+01 1.138919e+01 -9.129728e+01
      vertex   -3.751754e+01 1.273616e+01 -8.560932e+01
    endloop
  endfacet
  facet normal 9.659258e-01 -2.588190e-01 0.000000e+00
    outer loop
      vertex   -3.751754e+01 1.273616e+01 -8.560932e+01
      vertex   -3.787846e+01 1.138919e+01 -9.129728e+01
      vertex   -3.751754e+01 1.273616e+01 -9.129728e+01
    endloop
  endfacet
  facet normal 9.063078e-01 -4.226183e-01 0.000000e+00
    outer loop
      vertex   -3.751754e+01 1.273616e+01 -8.560932e+01
      vertex   -3.751754e+01 1.273616e+01 -9.129728e+01
      vertex   -3.692820e+01 1.400000e+01 -8.560932e+01
    endloop
  endfacet
  facet normal 9.063078e-01 -4.226183e-01 0.000000e+00
    outer loop
      vertex   -3.692820e+01 1.400000e+01 -8.560932e+01
      vertex   -3.751754e+01 1.273616e+01 -9.129728e+01
      vertex   -3.692820e+01 1.400000e+01 -9.129728e+01
    endloop
  endfacet
  facet normal 8.191520e-01 -5.735764e-01 0.000000e+00
    outer loop
      vertex   -3.692820e+01 1.400000e+01 -8.560932e+01
      vertex   -3.692820e+01 1.400000e+01 -9.129728e+01
      vertex   -3.612836e+01 1.514230e+01 -8.560932e+01
    endloop
  endfacet
  facet normal 8.191520e-01 -5.735764e-01 0.000000e+00
    outer loop
      vertex   -3.612836e+01 1.514230e+01 -8.560932e+01
      vertex   -3.692820e+01 1.400000e+01 -9.129728e+01
      vertex   -3.612836e+01 1.514230e+01 -9.129728e+01
    endloop
  endfacet
  facet normal 7.071068e-01 -7.071068e-01 0.000000e+00
    outer loop
      vertex   -3.612836e+01 1.514230e+01 -8.560932e+01
      vertex   -3.612836e+01 1.514230e+01 -9.129728e+01
      vertex   -3.514230e+01 1.612836e+01 -8.560932e+01
    endloop
  endfacet
  facet normal 7.071068e-01 -7.071068e-01 0.000000e+00
    outer loop
      vertex   -3.514230e+01 1.612836e+01 -8.560932e+01
      vertex   -3.612836e+01 1.514230e+01 -9.129728e+01
      vertex   -3.514230e+01 1.612836e+01 -9.129728e+01
    endloop
  endfacet
  facet normal 5.735764e-01 -8.191520e-01 0.000000e+00
    outer loop
      vertex   -3.514230e+01 1.612836e+01 -8.560932e+01
      vertex   -3.514230e+01 1.612836e+01 -9.129728e+01
      vertex   -3.400000e+01 1.692820e+01 -8.560932e+01
    endloop
  endfacet
  facet normal 5.735764e-01 -8.191520e-01 7.165157e-16
    outer loop
      vertex   -3.400000e+01 1.692820e+01 -8.560932e+01
      vertex   -3.514230e+01 1.612836e+01 -9.129728e+01
      vertex   -3.400000e+01 1.692820e+01 -9.129728e+01
    endloop
  endfacet
  facet normal 4.226183e-01 -9.063078e-01 5.279377e-16
    outer loop
      vertex   -3.400000e+01 1.692820e+01 -8.560932e+01
      vertex   -3.400000e+01 1.692820e+01 -9.129728e+01
      vertex   -3.273616e+01 1.751754e+01 -8.560932e+01
    endloop
  endfacet
  facet normal 4.226183e-01 -9.063078e-01 0.000000e+00
    outer loop
      vertex   -3.273616e+01 1.751754e+01 -8.560932e+01
      vertex   -3.400000e+01 1.692820e+01 -9.129728e+01
      vertex   -3.273616e+01 1.751754e+01 -9.129728e+01
    endloop
  endfacet
  facet normal 2.588190e-01 -9.659258e-01 0.000000e+00
    outer loop
      vertex   -3.273616e+01 1.751754e+01 -8.560932e+01
      vertex   -3.273616e+01 1.751754e+01 -9.129728e+01
      vertex   -3.138919e+01 1.787846e+01 -8.560932e+01
    endloop
  endfacet
  facet normal 2.588190e-01 -9.659258e-01 -3.233185e-16
    outer loop
      vertex   -3.138919e+01 1.787846e+01 -8.560932e+01
      vertex   -3.273616e+01 1.751754e+01 -9.129728e+01
      vertex   -3.138919e+01 1.787846e+01 -9.129728e+01
    endloop
  endfacet
  facet normal 8.715574e-02 -9.961947e-01 -1.088756e-16
    outer loop
      vertex   -3.138919e+01 1.787846e+01 -8.560932e+01
      vertex   -3.138919e+01 1.787846e+01 -9.129728e+01
      vertex   -3.000000e+01 1.800000e+01 -8.560932e+01
    endloop
  endfacet
  facet normal 8.715574e-02 -9.961947e-01 0.000000e+00
    outer loop
      vertex   -3.000000e+01 1.800000e+01 -8.560932e+01
      vertex   -3.138919e+01 1.787846e+01 -9.129728e+01
      vertex   -3.000000e+01 1.800000e+01 -9.129728e+01
    endloop
  endfacet
  facet normal -8.715574e-02 -9.961947e-01 -0.000000e+00
    outer loop
      vertex   -3.000000e+01 1.800000e+01 -8.560932e+01
      vertex   -3.000000e+01 1.800000e+01 -9.129728e+01
      vertex   -2.861081e+01 1.787846e+01 -8.560932e+01
    endloop
  endfacet
  facet normal -8.715574e-02 -9.961947e-01 -1.088756e-16
    outer loop
      vertex   -2.861081e+01 1.787846e+01 -8.560932e+01
      vertex   -3.000000e+01 1.800000e+01 -9.129728e+01
      vertex   -2.861081e+01 1.787846e+01 -9.129728e+01
    endloop
  endfacet
  facet normal -2.588190e-01 -9.659258e-01 -3.233185e-16
    outer loop
      vertex   -2.861081e+01 1.787846e+01 -8.560932e+01
      vertex   -2.861081e+01 1.787846e+01 -9.129728e+01
      vertex   -2.726384e+01 1.751754e+01 -8.560932e+01
    endloop
  endfacet
  facet normal -2.588190e-01 -9.659258e-01 2.800021e-16
    outer loop
      vertex   -2.726384e+01 1.751754e+01 -8.560932e+01
      vertex   -2.861081e+01 1.787846e+01 -9.129728e+01
      vertex   -2.726384e+01 1.751754e+01 -9.129728e+01
    endloop
  endfacet
  facet normal -4.226183e-01 -9.063078e-01 3.814532e-17
    outer loop
      vertex   -2.726384e+01 1.751754e+01 -8.560932e+01
      vertex   -2.726384e+01 1.751754e+01 -9.129728e+01
      vertex   -2.600000e+01 1.692820e+01 -8.560932e+01
    endloop
  endfacet
  facet normal -4.226183e-01 -9.063078e-01 -0.000000e+00
    outer loop
      vertex   -2.600000e+01 1.692820e+01 -8.560932e+01
      vertex   -2.726384e+01 1.751754e+01 -9.129728e+01
      vertex   -2.600000e+01 1.692820e+01 -9.129728e+01
    endloop
  endfacet
  facet normal -5.735764e-01 -8.191520e-01 -0.000000e+00
    outer loop
      vertex   -2.600000e+01 1.692820e+01 -8.560932e+01
      vertex   -2.600000e+01 1.692820e+01 -9.129728e+01
      vertex   -2.485770e+01 1.612836e+01 -8.560932e+01
    endloop
  endfacet
  facet normal -5.735764e-01 -8.191520e-01 -0.000000e+00
    outer loop
      vertex   -2.485770e+01 1.612836e+01 -8.560932e+01
      vertex   -2.600000e+01 1.692820e+01 -9.129728e+01
      vertex   -2.485770e+01 1.612836e+01 -9.129728e+01
    endloop
  endfacet
  facet normal -7.071068e-01 -7.071068e-01 -0.000000e+00
    outer loop
      vertex   -2.485770e+01 1.612836e+01 -8.560932e+01
      vertex   -2.485770e+01 1.612836e+01 -9.129728e+01
      vertex   -2.387164e+01 1.514230e+01 -8.560932e+01
    endloop
  endfacet
  facet normal -7.071068e-01 -7.071068e-01 -0.000000e+00
    outer loop
      vertex   -2.387164e+01 1.514230e+01 -8.560932e+01
      vertex   -2.485770e+01 1.612836e+01 -9.129728e+01
      vertex   -2.387164e+01 1.514230e+01 -9.129728e+01
    endloop
  endfacet
  facet normal -8.191520e-01 -5.735764e-01 -0.000000e+00
    outer loop
      vertex   -2.387164e+01 1.514230e+01 -8.560932e+01
      vertex   -2.387164e+01 1.514230e+01 -9.129728e+01
      vertex   -2.307180e+01 1.400000e+01 -8.560932e+01
    endloop
  endfacet
  facet normal -8.191520e-01 -5.735764e-01 1.791289e-16
    outer loop
      vertex   -2.307180e+01 1.400000e+01 -8.560932e+01
      vertex   -2.387164e+01 1.514230e+01 -9.129728e+01
      vertex   -2.307180e+01 1.400000e+01 -9.129728e+01
    endloop
  endfacet
  facet normal -9.063078e-01 -4.226183e-01 1.319844e-16
    outer loop
      vertex   -2.307180e+01 1.400000e+01 -8.560932e+01
      vertex   -2.307180e+01 1.400000e+01 -9.129728e+01
      vertex   -2.248246e+01 1.273616e+01 -8.560932e+01
    endloop
  endfacet
  facet normal -9.063078e-01 -4.226183e-01 2.639688e-16
    outer loop
      vertex   -2.248246e+01 1.273616e+01 -8.560932e+01
      vertex   -2.307180e+01 1.400000e+01 -9.129728e+01
      vertex   -2.248246e+01 1.273616e+01 -9.129728e+01
    endloop
  endfacet
  facet normal -9.659258e-01 -2.588190e-01 1.616593e-16
    outer loop
      vertex   -2.248246e+01 1.273616e+01 -8.560932e+01
      vertex   -2.248246e+01 1.273616e+01 -9.129728e+01
      vertex   -2.212154e+01 1.138919e+01 -8.560932e+01
    endloop
  endfacet
  facet normal -9.659258e-01 -2.588190e-01 -0.000000e+00
    outer loop
      vertex   -2.212154e+01 1.138919e+01 -8.560932e+01
      vertex   -2.248246e+01 1.273616e+01 -9.129728e+01
      vertex   -2.212154e+01 1.138919e+01 -9.129728e+01
    endloop
  endfacet
  facet normal 8.832200e-01 -3.804043e-04 -4.689588e-01
    outer loop
      vertex   -5.648217e+01 9.994764e+00 2.392975e+01
      vertex   -5.651554e+01 0.000000e+00 2.387500e+01
      vertex   -5.660271e+01 1.000000e+01 2.370272e+01
    endloop
  endfacet
  facet normal 9.238785e-01 1.460316e-03 -3.826830e-01
    outer loop
      vertex   -5.660271e+01 1.000000e+01 2.370272e+01
      vertex   -5.651554e+01 0.000000e+00 2.387500e+01
      vertex   -5.669037e+01 0.000000e+00 2.345293e+01
    endloop
  endfacet
  facet normal 9.584671e-01 -1.277929e-03 -2.852001e-01
    outer loop
      vertex   -5.660271e+01 1.000000e+01 2.370272e+01
      vertex   -5.669037e+01 0.000000e+00 2.345293e+01
      vertex   -5.672617e+01 1.000000e+01 2.328781e+01
    endloop
  endfacet
  facet normal 9.914439e-01 1.394125e-03 -1.305261e-01
    outer loop
      vertex   -5.672617e+01 1.000000e+01 2.328781e+01
      vertex   -5.669037e+01 0.000000e+00 2.345293e+01
      vertex   -5.675000e+01 0.000000e+00 2.300000e+01
    endloop
  endfacet
  facet normal 9.991501e-01 -1.195088e-03 -4.120216e-02
    outer loop
      vertex   -5.672617e+01 1.000000e+01 2.328781e+01
      vertex   -5.675000e+01 0.000000e+00 2.300000e+01
      vertex   -5.674401e+01 1.000000e+01 2.285529e+01
    endloop
  endfacet
  facet normal 9.914440e-01 1.294639e-03 1.305261e-01
    outer loop
      vertex   -5.674401e+01 1.000000e+01 2.285529e+01
      vertex   -5.675000e+01 0.000000e+00 2.300000e+01
      vertex   -5.669037e+01 0.000000e+00 2.254707e+01
    endloop
  endfacet
  facet normal 9.786949e-01 -1.078960e-03 2.053170e-01
    outer loop
      vertex   -5.674401e+01 1.000000e+01 2.285529e+01
      vertex   -5.669037e+01 0.000000e+00 2.254707e+01
      vertex   -5.665513e+01 1.000000e+01 2.243162e+01
    endloop
  endfacet
  facet normal 9.238789e-01 1.161875e-03 3.826832e-01
    outer loop
      vertex   -5.665513e+01 1.000000e+01 2.243162e+01
      vertex   -5.669037e+01 0.000000e+00 2.254707e+01
      vertex   -5.651554e+01 0.000000e+00 2.212500e+01
    endloop
  endfacet
  facet normal 8.983532e-01 -9.295666e-04 4.392728e-01
    outer loop
      vertex   -5.665513e+01 1.000000e+01 2.243162e+01
      vertex   -5.651554e+01 0.000000e+00 2.212500e+01
      vertex   -5.646497e+01 1.000000e+01 2.204273e+01
    endloop
  endfacet
  facet normal 7.933529e-01 9.958590e-04 6.087611e-01
    outer loop
      vertex   -5.646497e+01 1.000000e+01 2.204273e+01
      vertex   -5.651554e+01 0.000000e+00 2.212500e+01
      vertex   -5.623744e+01 0.000000e+00 2.176256e+01
    endloop
  endfacet
  facet normal 7.630411e-01 -7.469359e-04 6.463495e-01
    outer loop
      vertex   -5.646497e+01 1.000000e+01 2.204273e+01
      vertex   -5.623744e+01 0.000000e+00 2.176256e+01
      vertex   -5.618517e+01 1.000000e+01 2.171242e+01
    endloop
  endfacet
  facet normal 6.087612e-01 7.966224e-04 7.933531e-01
    outer loop
      vertex   -5.618517e+01 1.000000e+01 2.171242e+01
      vertex   -5.623744e+01 0.000000e+00 2.176256e+01
      vertex   -5.587500e+01 0.000000e+00 2.148446e+01
    endloop
  endfacet
  facet normal 5.810383e-01 -5.311028e-04 8.138761e-01
    outer loop
      vertex   -5.618517e+01 1.000000e+01 2.171242e+01
      vertex   -5.587500e+01 0.000000e+00 2.148446e+01
      vertex   -5.583285e+01 1.000000e+01 2.146089e+01
    endloop
  endfacet
  facet normal 3.826834e-01 5.642032e-04 9.238794e-01
    outer loop
      vertex   -5.583285e+01 1.000000e+01 2.146089e+01
      vertex   -5.587500e+01 0.000000e+00 2.148446e+01
      vertex   -5.545293e+01 0.000000e+00 2.130963e+01
    endloop
  endfacet
  facet normal 3.634815e-01 -2.821083e-04 9.316014e-01
    outer loop
      vertex   -5.583285e+01 1.000000e+01 2.146089e+01
      vertex   -5.545293e+01 0.000000e+00 2.130963e+01
      vertex   -5.542957e+01 1.000000e+01 2.130354e+01
    endloop
  endfacet
  facet normal 1.305262e-01 2.986455e-04 9.914448e-01
    outer loop
      vertex   -5.542957e+01 1.000000e+01 2.130354e+01
      vertex   -5.545293e+01 0.000000e+00 2.130963e+01
      vertex   -5.500000e+01 0.000000e+00 2.125000e+01
    endloop
  endfacet
  facet normal 1.236833e-01 0.000000e+00 9.923217e-01
    outer loop
      vertex   -5.542957e+01 1.000000e+01 2.130354e+01
      vertex   -5.500000e+01 0.000000e+00 2.125000e+01
      vertex   -5.500000e+01 1.000000e+01 2.125000e+01
    endloop
  endfacet
  facet normal -1.236833e-01 0.000000e+00 9.923217e-01
    outer loop
      vertex   -5.500000e+01 1.000000e+01 2.125000e+01
      vertex   -5.500000e+01 0.000000e+00 2.125000e+01
      vertex   -5.457043e+01 1.000000e+01 2.130354e+01
    endloop
  endfacet
  facet normal -1.305262e-01 2.986455e-04 9.914448e-01
    outer loop
      vertex   -5.457043e+01 1.000000e+01 2.130354e+01
      vertex   -5.500000e+01 0.000000e+00 2.125000e+01
      vertex   -5.454707e+01 0.000000e+00 2.130963e+01
    endloop
  endfacet
  facet normal -3.634815e-01 -2.821083e-04 9.316014e-01
    outer loop
      vertex   -5.457043e+01 1.000000e+01 2.130354e+01
      vertex   -5.454707e+01 0.000000e+00 2.130963e+01
      vertex   -5.416715e+01 1.000000e+01 2.146089e+01
    endloop
  endfacet
  facet normal -3.826834e-01 5.642032e-04 9.238794e-01
    outer loop
      vertex   -5.416715e+01 1.000000e+01 2.146089e+01
      vertex   -5.454707e+01 0.000000e+00 2.130963e+01
      vertex   -5.412500e+01 0.000000e+00 2.148446e+01
    endloop
  endfacet
  facet normal -5.810383e-01 -5.311028e-04 8.138761e-01
    outer loop
      vertex   -5.416715e+01 1.000000e+01 2.146089e+01
      vertex   -5.412500e+01 0.000000e+00 2.148446e+01
      vertex   -5.381483e+01 1.000000e+01 2.171242e+01
    endloop
  endfacet
  facet normal -6.087612e-01 7.966224e-04 7.933531e-01
    outer loop
      vertex   -5.381483e+01 1.000000e+01 2.171242e+01
      vertex   -5.412500e+01 0.000000e+00 2.148446e+01
      vertex   -5.376256e+01 0.000000e+00 2.176256e+01
    endloop
  endfacet
  facet normal -7.630411e-01 -7.469359e-04 6.463495e-01
    outer loop
      vertex   -5.381483e+01 1.000000e+01 2.171242e+01
      vertex   -5.376256e+01 0.000000e+00 2.176256e+01
      vertex   -5.353503e+01 1.000000e+01 2.204273e+01
    endloop
  endfacet
  facet normal -7.933529e-01 9.958590e-04 6.087611e-01
    outer loop
      vertex   -5.353503e+01 1.000000e+01 2.204273e+01
      vertex   -5.376256e+01 0.000000e+00 2.176256e+01
      vertex   -5.348445e+01 0.000000e+00 2.212500e+01
    endloop
  endfacet
  facet normal -8.983532e-01 -9.295666e-04 4.392728e-01
    outer loop
      vertex   -5.353503e+01 1.000000e+01 2.204273e+01
      vertex   -5.348445e+01 0.000000e+00 2.212500e+01
      vertex   -5.334487e+01 1.000000e+01 2.243162e+01
    endloop
  endfacet
  facet normal -9.238789e-01 1.161875e-03 3.826832e-01
    outer loop
      vertex   -5.334487e+01 1.000000e+01 2.243162e+01
      vertex   -5.348445e+01 0.000000e+00 2.212500e+01
      vertex   -5.330963e+01 0.000000e+00 2.254707e+01
    endloop
  endfacet
  facet normal -9.786949e-01 -1.078960e-03 2.053170e-01
    outer loop
      vertex   -5.334487e+01 1.000000e+01 2.243162e+01
      vertex   -5.330963e+01 0.000000e+00 2.254707e+01
      vertex   -5.325599e+01 1.000000e+01 2.285529e+01
    endloop
  endfacet
  facet normal -9.914440e-01 1.294639e-03 1.305261e-01
    outer loop
      vertex   -5.325599e+01 1.000000e+01 2.285529e+01
      vertex   -5.330963e+01 0.000000e+00 2.254707e+01
      vertex   -5.325000e+01 0.000000e+00 2.300000e+01
    endloop
  endfacet
  facet normal -9.991501e-01 -1.195088e-03 -4.120216e-02
    outer loop
      vertex   -5.325599e+01 1.000000e+01 2.285529e+01
      vertex   -5.325000e+01 0.000000e+00 2.300000e+01
      vertex   -5.327383e+01 1.000000e+01 2.328781e+01
    endloop
  endfacet
  facet normal -9.914439e-01 1.394125e-03 -1.305261e-01
    outer loop
      vertex   -5.327383e+01 1.000000e+01 2.328781e+01
      vertex   -5.325000e+01 0.000000e+00 2.300000e+01
      vertex   -5.330963e+01 0.000000e+00 2.345293e+01
    endloop
  endfacet
  facet normal -9.584671e-01 -1.277929e-03 -2.852001e-01
    outer loop
      vertex   -5.327383e+01 1.000000e+01 2.328781e+01
      vertex   -5.330963e+01 0.000000e+00 2.345293e+01
      vertex   -5.339729e+01 1.000000e+01 2.370272e+01
    endloop
  endfacet
  facet normal -9.238785e-01 1.460316e-03 -3.826830e-01
    outer loop
      vertex   -5.339729e+01 1.000000e+01 2.370272e+01
      vertex   -5.330963e+01 0.000000e+00 2.345293e+01
      vertex   -5.348445e+01 0.000000e+00 2.387500e+01
    endloop
  endfacet
  facet normal -8.832200e-01 -3.804043e-04 -4.689588e-01
    outer loop
      vertex   -5.339729e+01 1.000000e+01 2.370272e+01
      vertex   -5.348445e+01 0.000000e+00 2.387500e+01
      vertex   -5.351783e+01 9.994764e+00 2.392975e+01
    endloop
  endfacet
  facet normal -8.069748e-01 5.405078e-04 -5.905856e-01
    outer loop
      vertex   -5.351783e+01 9.994764e+00 2.392975e+01
      vertex   -5.348445e+01 0.000000e+00 2.387500e+01
      vertex   -5.366703e+01 9.981363e+00 2.413360e+01
    endloop
  endfacet
  facet normal -7.933527e-01 1.260572e-03 -6.087609e-01
    outer loop
      vertex   -5.366703e+01 9.981363e+00 2.413360e+01
      vertex   -5.348445e+01 0.000000e+00 2.387500e+01
      vertex   -5.376256e+01 0.000000e+00 2.423744e+01
    endloop
  endfacet
  facet normal -7.145434e-01 -4.386224e-04 -6.995909e-01
    outer loop
      vertex   -5.366703e+01 9.981363e+00 2.413360e+01
      vertex   -5.376256e+01 0.000000e+00 2.423744e+01
      vertex   -5.383879e+01 9.963079e+00 2.430905e+01
    endloop
  endfacet
  facet normal -6.087611e-01 1.044631e-03 -7.933529e-01
    outer loop
      vertex   -5.383879e+01 9.963079e+00 2.430905e+01
      vertex   -5.376256e+01 0.000000e+00 2.423744e+01
      vertex   -5.412500e+01 0.000000e+00 2.451554e+01
    endloop
  endfacet
  facet normal -6.072115e-01 9.755202e-04 -7.945396e-01
    outer loop
      vertex   -5.383879e+01 9.963079e+00 2.430905e+01
      vertex   -5.412500e+01 0.000000e+00 2.451554e+01
      vertex   -5.403854e+01 9.942001e+00 2.446168e+01
    endloop
  endfacet
  facet normal -4.881897e-01 -4.831915e-04 -8.727374e-01
    outer loop
      vertex   -5.403854e+01 9.942001e+00 2.446168e+01
      vertex   -5.412500e+01 0.000000e+00 2.451554e+01
      vertex   -5.426224e+01 9.921210e+00 2.458682e+01
    endloop
  endfacet
  facet normal -3.826831e-01 1.343711e-03 -9.238787e-01
    outer loop
      vertex   -5.426224e+01 9.921210e+00 2.458682e+01
      vertex   -5.412500e+01 0.000000e+00 2.451554e+01
      vertex   -5.454707e+01 0.000000e+00 2.469037e+01
    endloop
  endfacet
  facet normal -3.529586e-01 3.676166e-04 -9.356389e-01
    outer loop
      vertex   -5.426224e+01 9.921210e+00 2.458682e+01
      vertex   -5.454707e+01 0.000000e+00 2.469037e+01
      vertex   -5.450309e+01 9.904100e+00 2.467767e+01
    endloop
  endfacet
  facet normal -2.128602e-01 -3.076073e-04 -9.770826e-01
    outer loop
      vertex   -5.450309e+01 9.904100e+00 2.467767e+01
      vertex   -5.454707e+01 0.000000e+00 2.469037e+01
      vertex   -5.475231e+01 9.893023e+00 2.473197e+01
    endloop
  endfacet
  facet normal -1.305261e-01 1.460957e-03 -9.914438e-01
    outer loop
      vertex   -5.475231e+01 9.893023e+00 2.473197e+01
      vertex   -5.454707e+01 0.000000e+00 2.469037e+01
      vertex   -5.500000e+01 0.000000e+00 2.475000e+01
    endloop
  endfacet
  facet normal -7.260307e-02 1.224481e-15 -9.973609e-01
    outer loop
      vertex   -5.475231e+01 9.893023e+00 2.473197e+01
      vertex   -5.500000e+01 0.000000e+00 2.475000e+01
      vertex   -5.500000e+01 9.889091e+00 2.475000e+01
    endloop
  endfacet
  facet normal 7.260307e-02 1.641895e-15 -9.973609e-01
    outer loop
      vertex   -5.500000e+01 9.889091e+00 2.475000e+01
      vertex   -5.500000e+01 0.000000e+00 2.475000e+01
      vertex   -5.524768e+01 9.893023e+00 2.473197e+01
    endloop
  endfacet
  facet normal 1.305261e-01 1.460957e-03 -9.914438e-01
    outer loop
      vertex   -5.524768e+01 9.893023e+00 2.473197e+01
      vertex   -5.500000e+01 0.000000e+00 2.475000e+01
      vertex   -5.545293e+01 0.000000e+00 2.469037e+01
    endloop
  endfacet
  facet normal 2.128602e-01 -3.076073e-04 -9.770826e-01
    outer loop
      vertex   -5.524768e+01 9.893023e+00 2.473197e+01
      vertex   -5.545293e+01 0.000000e+00 2.469037e+01
      vertex   -5.549691e+01 9.904100e+00 2.467767e+01
    endloop
  endfacet
  facet normal 3.529586e-01 3.676166e-04 -9.356389e-01
    outer loop
      vertex   -5.549691e+01 9.904100e+00 2.467767e+01
      vertex   -5.545293e+01 0.000000e+00 2.469037e+01
      vertex   -5.573776e+01 9.921210e+00 2.458682e+01
    endloop
  endfacet
  facet normal 3.826831e-01 1.343711e-03 -9.238787e-01
    outer loop
      vertex   -5.573776e+01 9.921210e+00 2.458682e+01
      vertex   -5.545293e+01 0.000000e+00 2.469037e+01
      vertex   -5.587500e+01 0.000000e+00 2.451554e+01
    endloop
  endfacet
  facet normal 4.881897e-01 -4.831915e-04 -8.727374e-01
    outer loop
      vertex   -5.573776e+01 9.921210e+00 2.458682e+01
      vertex   -5.587500e+01 0.000000e+00 2.451554e+01
      vertex   -5.596146e+01 9.942001e+00 2.446168e+01
    endloop
  endfacet
  facet normal 6.072115e-01 9.755202e-04 -7.945396e-01
    outer loop
      vertex   -5.596146e+01 9.942001e+00 2.446168e+01
      vertex   -5.587500e+01 0.000000e+00 2.451554e+01
      vertex   -5.616121e+01 9.963079e+00 2.430905e+01
    endloop
  endfacet
  facet normal 6.087611e-01 1.044631e-03 -7.933529e-01
    outer loop
      vertex   -5.616121e+01 9.963079e+00 2.430905e+01
      vertex   -5.587500e+01 0.000000e+00 2.451554e+01
      vertex   -5.623744e+01 0.000000e+00 2.423744e+01
    endloop
  endfacet
  facet normal 7.145434e-01 -4.386224e-04 -6.995909e-01
    outer loop
      vertex   -5.616121e+01 9.963079e+00 2.430905e+01
      vertex   -5.623744e+01 0.000000e+00 2.423744e+01
      vertex   -5.633297e+01 9.981363e+00 2.413360e+01
    endloop
  endfacet
  facet normal 7.933527e-01 1.260572e-03 -6.087609e-01
    outer loop
      vertex   -5.633297e+01 9.981363e+00 2.413360e+01
      vertex   -5.623744e+01 0.000000e+00 2.423744e+01
      vertex   -5.651554e+01 0.000000e+00 2.387500e+01
    endloop
  endfacet
  facet normal 8.069748e-01 5.405078e-04 -5.905856e-01
    outer loop
      vertex   -5.633297e+01 9.981363e+00 2.413360e+01
      vertex   -5.651554e+01 0.000000e+00 2.387500e+01
      vertex   -5.648217e+01 9.994764e+00 2.392975e+01
    endloop
  endfacet
  facet normal 0.000000e+00 0.000000e+00 -1.000000e+00
    outer loop
      vertex   3.248465e+01 0.000000e+00 1.936433e+01
      vertex   -5.307249e+01 0.000000e+00 1.936433e+01
      vertex   3.248465e+01 5.000000e+00 1.936433e+01
    endloop
  endfacet
  facet normal -0.000000e+00 0.000000e+00 -1.000000e+00
    outer loop
      vertex   3.248465e+01 5.000000e+00 1.936433e+01
      vertex   -5.307249e+01 0.000000e+00 1.936433e+01
      vertex   -5.307249e+01 5.000000e+00 1.936433e+01
    endloop
  endfacet
  facet normal 1.000000e+00 0.000000e+00 0.000000e+00
    outer loop
      vertex   -5.307249e+01 5.000000e+00 1.936433e+01
      vertex   -5.307249e+01 0.000000e+00 1.936433e+01
      vertex   -5.307249e+01 5.000000e+00 -5.492137e+01
    endloop
  endfacet
  facet normal 1.000000e+00 0.000000e+00 0.000000e+00
    outer loop
      vertex   -5.307249e+01 5.000000e+00 -5.492137e+01
      vertex   -5.307249e+01 0.000000e+00 1.936433e+01
      vertex   -5.307249e+01 0.000000e+00 -6.060932e+01
    endloop
  endfacet
  facet normal 1.000000e+00 0.000000e+00 0.000000e+00
    outer loop
      vertex   -5.307249e+01 5.000000e+00 -5.492137e+01
      vertex   -5.307249e+01 0.000000e+00 -6.060932e+01
      vertex   -5.307249e+01 1.000000e+01 -6.060932e+01
    endloop
  endfacet
  facet normal 1.000000e+00 0.000000e+00 -0.000000e+00
    outer loop
      vertex   -5.307249e+01 1.000000e+01 -6.060932e+01
      vertex   -5.307249e+01 1.000000e+01 -5.492137e+01
      vertex   -5.307249e+01 5.000000e+00 -5.492137e+01
    endloop
  endfacet
  facet normal 1.000000e+00 -0.000000e+00 0.000000e+00
    outer loop
      vertex   -5.534550e+01 0.000000e+00 -6.060932e+01
      vertex   -5.534550e+01 0.000000e+00 -8.560932e+01
      vertex   -5.534550e+01 5.000000e+01 -6.060932e+01
    endloop
  endfacet
  facet normal 1.000000e+00 0.000000e+00 0.000000e+00
    outer loop
      vertex   -5.534550e+01 5.000000e+01 -6.060932e+01
      vertex   -5.534550e+01 0.000000e+00 -8.560932e+01
      vertex   -5.534550e+01 5.000000e+01 -8.560932e+01
    endloop
  endfacet
  facet normal -0.000000e+00 0.000000e+00 -1.000000e+00
    outer loop
      vertex   4.125311e+01 5.000000e+01 -9.129728e+01
      vertex   -2.861081e+01 1.787846e+01 -9.129728e+01
      vertex   -6.184096e+01 5.000000e+01 -9.129728e+01
    endloop
  endfacet
  facet normal 0.000000e+00 0.000000e+00 -1.000000e+00
    outer loop
      vertex   -6.184096e+01 5.000000e+01 -9.129728e+01
      vertex   -2.861081e+01 1.787846e+01 -9.129728e+01
      vertex   -3.000000e+01 1.800000e+01 -9.129728e+01
    endloop
  endfacet
  facet normal 0.000000e+00 0.000000e+00 -1.000000e+00
    outer loop
      vertex   -6.184096e+01 5.000000e+01 -9.129728e+01
      vertex   -3.000000e+01 1.800000e+01 -9.129728e+01
      vertex   -3.138919e+01 1.787846e+01 -9.129728e+01
    endloop
  endfacet
  facet normal 0.000000e+00 0.000000e+00 -1.000000e+00
    outer loop
      vertex   4.125311e+01 0.000000e+00 -9.129728e+01
      vertex   1.500000e+01 1.000000e+01 -9.129728e+01
      vertex   4.125311e+01 5.000000e+01 -9.129728e+01
    endloop
  endfacet
  facet normal 0.000000e+00 0.000000e+00 -1.000000e+00
    outer loop
      vertex   4.125311e+01 5.000000e+01 -9.129728e+01
      vertex   1.500000e+01 1.000000e+01 -9.129728e+01
      vertex   0.000000e+00 1.000000e+01 -9.129728e+01
    endloop
  endfacet
  facet normal 0.000000e+00 0.000000e+00 -1.000000e+00
    outer loop
      vertex   4.125311e+01 5.000000e+01 -9.129728e+01
      vertex   0.000000e+00 1.000000e+01 -9.129728e+01
      vertex   -2.600000e+01 1.692820e+01 -9.129728e+01
    endloop
  endfacet
  facet normal 0.000000e+00 0.000000e+00 -1.000000e+00
    outer loop
      vertex   -2.600000e+01 1.692820e+01 -9.129728e+01
      vertex   0.000000e+00 1.000000e+01 -9.129728e+01
      vertex   -2.485770e+01 1.612836e+01 -9.129728e+01
    endloop
  endfacet
  facet normal 0.000000e+00 0.000000e+00 -1.000000e+00
    outer loop
      vertex   -2.485770e+01 1.612836e+01 -9.129728e+01
      vertex   0.000000e+00 1.000000e+01 -9.129728e+01
      vertex   -2.387164e+01 1.514230e+01 -9.129728e+01
    endloop
  endfacet
  facet normal 0.000000e+00 0.000000e+00 -1.000000e+00
    outer loop
      vertex   -2.387164e+01 1.514230e+01 -9.129728e+01
      vertex   0.000000e+00 1.000000e+01 -9.129728e+01
      vertex   -2.307180e+01 1.400000e+01 -9.129728e+01
    endloop
  endfacet
  facet normal 0.000000e+00 0.000000e+00 -1.000000e+00
    outer loop
      vertex   -2.307180e+01 1.400000e+01 -9.129728e+01
      vertex   0.000000e+00 1.000000e+01 -9.129728e+01
      vertex   -2.248246e+01 1.273616e+01 -9.129728e+01
    endloop
  endfacet
  facet normal 0.000000e+00 0.000000e+00 -1.000000e+00
    outer loop
      vertex   -2.248246e+01 1.273616e+01 -9.129728e+01
      vertex   0.000000e+00 1.000000e+01 -9.129728e+01
      vertex   -2.212154e+01 1.138919e+01 -9.129728e+01
    endloop
  endfacet
  facet normal 0.000000e+00 0.000000e+00 -1.000000e+00
    outer loop
      vertex   -2.212154e+01 1.138919e+01 -9.129728e+01
      vertex   0.000000e+00 1.000000e+01 -9.129728e+01
      vertex   -2.200000e+01 1.000000e+01 -9.129728e+01
    endloop
  endfacet
  facet normal 0.000000e+00 -0.000000e+00 -1.000000e+00
    outer loop
      vertex   -2.200000e+01 1.000000e+01 -9.129728e+01
      vertex   0.000000e+00 1.000000e+01 -9.129728e+01
      vertex   -2.212154e+01 8.610815e+00 -9.129728e+01
    endloop
  endfacet
  facet normal 0.000000e+00 -0.000000e+00 -1.000000e+00
    outer loop
      vertex   -2.212154e+01 8.610815e+00 -9.129728e+01
      vertex   0.000000e+00 1.000000e+01 -9.129728e+01
      vertex   -2.248246e+01 7.263839e+00 -9.129728e+01
    endloop
  endfacet
  facet normal 0.000000e+00 -0.000000e+00 -1.000000e+00
    outer loop
      vertex   -2.248246e+01 7.263839e+00 -9.129728e+01
      vertex   0.000000e+00 1.000000e+01 -9.129728e+01
      vertex   -2.307180e+01 6.000000e+00 -9.129728e+01
    endloop
  endfacet
  facet normal 0.000000e+00 0.000000e+00 -1.000000e+00
    outer loop
      vertex   -2.307180e+01 6.000000e+00 -9.129728e+01
      vertex   0.000000e+00 1.000000e+01 -9.129728e+01
      vertex   0.000000e+00 0.000000e+00 -9.129728e+01
    endloop
  endfacet
  facet normal 0.000000e+00 -0.000000e+00 -1.000000e+00
    outer loop
      vertex   -2.307180e+01 6.000000e+00 -9.129728e+01
      vertex   0.000000e+00 0.000000e+00 -9.129728e+01
      vertex   -2.387164e+01 4.857699e+00 -9.129728e+01
    endloop
  endfacet
  facet normal 0.000000e+00 -0.000000e+00 -1.000000e+00
    outer loop
      vertex   -2.387164e+01 4.857699e+00 -9.129728e+01
      vertex   0.000000e+00 0.000000e+00 -9.129728e+01
      vertex   -2.485770e+01 3.871644e+00 -9.129728e+01
    endloop
  endfacet
  facet normal 0.000000e+00 -0.000000e+00 -1.000000e+00
    outer loop
      vertex   -2.485770e+01 3.871644e+00 -9.129728e+01
      vertex   0.000000e+00 0.000000e+00 -9.129728e+01
      vertex   -2.600000e+01 3.071797e+00 -9.129728e+01
    endloop
  endfacet
  facet normal 0.000000e+00 -0.000000e+00 -1.000000e+00
    outer loop
      vertex   -2.600000e+01 3.071797e+00 -9.129728e+01
      vertex   0.000000e+00 0.000000e+00 -9.129728e+01
      vertex   -2.726384e+01 2.482459e+00 -9.129728e+01
    endloop
  endfacet
  facet normal 0.000000e+00 -0.000000e+00 -1.000000e+00
    outer loop
      vertex   -2.726384e+01 2.482459e+00 -9.129728e+01
      vertex   0.000000e+00 0.000000e+00 -9.129728e+01
      vertex   -2.861081e+01 2.121538e+00 -9.129728e+01
    endloop
  endfacet
  facet normal 0.000000e+00 -0.000000e+00 -1.000000e+00
    outer loop
      vertex   -2.861081e+01 2.121538e+00 -9.129728e+01
      vertex   0.000000e+00 0.000000e+00 -9.129728e+01
      vertex   -3.000000e+01 2.000000e+00 -9.129728e+01
    endloop
  endfacet
  facet normal 0.000000e+00 -0.000000e+00 -1.000000e+00
    outer loop
      vertex   -3.000000e+01 2.000000e+00 -9.129728e+01
      vertex   0.000000e+00 0.000000e+00 -9.129728e+01
      vertex   -6.184096e+01 0.000000e+00 -9.129728e+01
    endloop
  endfacet
  facet normal -0.000000e+00 0.000000e+00 -1.000000e+00
    outer loop
      vertex   -3.000000e+01 2.000000e+00 -9.129728e+01
      vertex   -6.184096e+01 0.000000e+00 -9.129728e+01
      vertex   -3.138919e+01 2.121538e+00 -9.129728e+01
    endloop
  endfacet
  facet normal -0.000000e+00 0.000000e+00 -1.000000e+00
    outer loop
      vertex   -3.138919e+01 2.121538e+00 -9.129728e+01
      vertex   -6.184096e+01 0.000000e+00 -9.129728e+01
      vertex   -3.273616e+01 2.482459e+00 -9.129728e+01
    endloop
  endfacet
  facet normal -0.000000e+00 0.000000e+00 -1.000000e+00
    outer loop
      vertex   -3.273616e+01 2.482459e+00 -9.129728e+01
      vertex   -6.184096e+01 0.000000e+00 -9.129728e+01
      vertex   -3.400000e+01 3.071797e+00 -9.129728e+01
    endloop
  endfacet
  facet normal -0.000000e+00 0.000000e+00 -1.000000e+00
    outer loop
      vertex   -3.400000e+01 3.071797e+00 -9.129728e+01
      vertex   -6.184096e+01 0.000000e+00 -9.129728e+01
      vertex   -3.514230e+01 3.871644e+00 -9.129728e+01
    endloop
  endfacet
  facet normal -0.000000e+00 0.000000e+00 -1.000000e+00
    outer loop
      vertex   -3.514230e+01 3.871644e+00 -9.129728e+01
      vertex   -6.184096e+01 0.000000e+00 -9.129728e+01
      vertex   -3.612836e+01 4.857699e+00 -9.129728e+01
    endloop
  endfacet
  facet normal -0.000000e+00 0.000000e+00 -1.000000e+00
    outer loop
      vertex   -3.612836e+01 4.857699e+00 -9.129728e+01
      vertex   -6.184096e+01 0.000000e+00 -9.129728e+01
      vertex   -3.692820e+01 6.000000e+00 -9.129728e+01
    endloop
  endfacet
  facet normal -0.000000e+00 0.000000e+00 -1.000000e+00
    outer loop
      vertex   -3.692820e+01 6.000000e+00 -9.129728e+01
      vertex   -6.184096e+01 0.000000e+00 -9.129728e+01
      vertex   -3.751754e+01 7.263839e+00 -9.129728e+01
    endloop
  endfacet
  facet normal -0.000000e+00 0.000000e+00 -1.000000e+00
    outer loop
      vertex   -3.751754e+01 7.263839e+00 -9.129728e+01
      vertex   -6.184096e+01 0.000000e+00 -9.129728e+01
      vertex   -3.787846e+01 8.610815e+00 -9.129728e+01
    endloop
  endfacet
  facet normal -0.000000e+00 0.000000e+00 -1.000000e+00
    outer loop
      vertex   -3.787846e+01 8.610815e+00 -9.129728e+01
      vertex   -6.184096e+01 0.000000e+00 -9.129728e+01
      vertex   -3.800000e+01 1.000000e+01 -9.129728e+01
    endloop
  endfacet
  facet normal -0.000000e+00 0.000000e+00 -1.000000e+00
    outer loop
      vertex   -3.800000e+01 1.000000e+01 -9.129728e+01
      vertex   -6.184096e+01 0.000000e+00 -9.129728e+01
      vertex   -3.787846e+01 1.138919e+01 -9.129728e+01
    endloop
  endfacet
  facet normal -0.000000e+00 0.000000e+00 -1.000000e+00
    outer loop
      vertex   -3.787846e+01 1.138919e+01 -9.129728e+01
      vertex   -6.184096e+01 0.000000e+00 -9.129728e+01
      vertex   -3.751754e+01 1.273616e+01 -9.129728e+01
    endloop
  endfacet
  facet normal -0.000000e+00 0.000000e+00 -1.000000e+00
    outer loop
      vertex   -3.751754e+01 1.273616e+01 -9.129728e+01
      vertex   -6.184096e+01 0.000000e+00 -9.129728e+01
      vertex   -3.692820e+01 1.400000e+01 -9.129728e+01
    endloop
  endfacet
  facet normal -0.000000e+00 0.000000e+00 -1.000000e+00
    outer loop
      vertex   -3.692820e+01 1.400000e+01 -9.129728e+01
      vertex   -6.184096e+01 0.000000e+00 -9.129728e+01
      vertex   -3.612836e+01 1.514230e+01 -9.129728e+01
    endloop
  endfacet
  facet normal -0.000000e+00 0.000000e+00 -1.000000e+00
    outer loop
      vertex   -3.612836e+01 1.514230e+01 -9.129728e+01
      vertex   -6.184096e+01 0.000000e+00 -9.129728e+01
      vertex   -6.184096e+01 5.000000e+01 -9.129728e+01
    endloop
  endfacet
  facet normal 0.000000e+00 0.000000e+00 -1.000000e+00
    outer loop
      vertex   -3.612836e+01 1.514230e+01 -9.129728e+01
      vertex   -6.184096e+01 5.000000e+01 -9.129728e+01
      vertex   -3.514230e+01 1.612836e+01 -9.129728e+01
    endloop
  endfacet
  facet normal 0.000000e+00 0.000000e+00 -1.000000e+00
    outer loop
      vertex   -3.514230e+01 1.612836e+01 -9.129728e+01
      vertex   -6.184096e+01 5.000000e+01 -9.129728e+01
      vertex   -3.400000e+01 1.692820e+01 -9.129728e+01
    endloop
  endfacet
  facet normal 0.000000e+00 0.000000e+00 -1.000000e+00
    outer loop
      vertex   -3.400000e+01 1.692820e+01 -9.129728e+01
      vertex   -6.184096e+01 5.000000e+01 -9.129728e+01
      vertex   -3.273616e+01 1.751754e+01 -9.129728e+01
    endloop
  endfacet
  facet normal 0.000000e+00 0.000000e+00 -1.000000e+00
    outer loop
      vertex   -3.273616e+01 1.751754e+01 -9.129728e+01
      vertex   -6.184096e+01 5.000000e+01 -9.129728e+01
      vertex   -3.138919e+01 1.787846e+01 -9.129728e+01
    endloop
  endfacet
  facet normal 0.000000e+00 0.000000e+00 -1.000000e+00
    outer loop
      vertex   4.125311e+01 0.000000e+00 -9.129728e+01
      vertex   1.500000e+01 0.000000e+00 -9.129728e+01
      vertex   1.500000e+01 1.000000e+01 -9.129728e+01
    endloop
  endfacet
  facet normal 0.000000e+00 0.000000e+00 -1.000000e+00
    outer loop
      vertex   -2.600000e+01 1.692820e+01 -9.129728e+01
      vertex   -2.726384e+01 1.751754e+01 -9.129728e+01
      vertex   4.125311e+01 5.000000e+01 -9.129728e+01
    endloop
  endfacet
  facet normal 0.000000e+00 0.000000e+00 -1.000000e+00
    outer loop
      vertex   4.125311e+01 5.000000e+01 -9.129728e+01
      vertex   -2.726384e+01 1.751754e+01 -9.129728e+01
      vertex   -2.861081e+01 1.787846e+01 -9.129728e+01
    endloop
  endfacet
  facet normal -1.000000e+00 0.000000e+00 0.000000e+00
    outer loop
      vertex   1.500000e+01 0.000000e+00 -8.560932e+01
      vertex   1.500000e+01 1.000000e+01 -8.560932e+01
      vertex   1.500000e+01 0.000000e+00 -9.129728e+01
    endloop
  endfacet
  facet normal -1.000000e+00 0.000000e+00 0.000000e+00
    outer loop
      vertex   1.500000e+01 0.000000e+00 -9.129728e+01
      vertex   1.500000e+01 1.000000e+01 -8.560932e+01
      vertex   1.500000e+01 1.000000e+01 -9.129728e+01
    endloop
  endfacet
  facet normal 1.000000e+00 0.000000e+00 0.000000e+00
    outer loop
      vertex   0.000000e+00 1.000000e+01 -8.560932e+01
      vertex   0.000000e+00 0.000000e+00 -8.560932e+01
      vertex   0.000000e+00 1.000000e+01 -9.129728e+01
    endloop
  endfacet
  facet normal 1.000000e+00 0.000000e+00 0.000000e+00
    outer loop
      vertex   0.000000e+00 1.000000e+01 -9.129728e+01
      vertex   0.000000e+00 0.000000e+00 -8.560932e+01
      vertex   0.000000e+00 0.000000e+00 -9.129728e+01
    endloop
  endfacet
  facet normal -0.000000e+00 -1.000000e+00 -0.000000e+00
    outer loop
      vertex   1.500000e+01 1.000000e+01 -8.560932e+01
      vertex   0.000000e+00 1.000000e+01 -8.560932e+01
      vertex   1.500000e+01 1.000000e+01 -9.129728e+01
    endloop
  endfacet
  facet normal 0.000000e+00 -1.000000e+00 0.000000e+00
    outer loop
      vertex   1.500000e+01 1.000000e+01 -9.129728e+01
      vertex   0.000000e+00 1.000000e+01 -8.560932e+01
      vertex   0.000000e+00 1.000000e+01 -9.129728e+01
    endloop
  endfacet
  facet normal 5.075305e-17 1.000000e+00 -0.000000e+00
    outer loop
      vertex   2.470608e+01 2.500000e+01 -6.060932e+01
      vertex   -4.529392e+01 2.500000e+01 -6.060932e+01
      vertex   2.470608e+01 2.500000e+01 -5.492137e+01
    endloop
  endfacet
  facet normal 5.075305e-17 1.000000e+00 0.000000e+00
    outer loop
      vertex   2.470608e+01 2.500000e+01 -5.492137e+01
      vertex   -4.529392e+01 2.500000e+01 -6.060932e+01
      vertex   -4.529392e+01 2.500000e+01 -5.492137e+01
    endloop
  endfacet
  facet normal -1.000000e+00 0.000000e+00 0.000000e+00
    outer loop
      vertex   2.470608e+01 4.500000e+01 -6.060932e+01
      vertex   2.470608e+01 2.500000e+01 -6.060932e+01
      vertex   2.470608e+01 4.500000e+01 -5.492137e+01
    endloop
  endfacet
  facet normal -1.000000e+00 -0.000000e+00 0.000000e+00
    outer loop
      vertex   2.470608e+01 4.500000e+01 -5.492137e+01
      vertex   2.470608e+01 2.500000e+01 -6.060932e+01
      vertex   2.470608e+01 2.500000e+01 -5.492137e+01
    endloop
  endfacet
  facet normal 0.000000e+00 -1.000000e+00 0.000000e+00
    outer loop
      vertex   -4.529392e+01 4.500000e+01 -6.060932e+01
      vertex   2.470608e+01 4.500000e+01 -6.060932e+01
      vertex   -4.529392e+01 4.500000e+01 -5.492137e+01
    endloop
  endfacet
  facet normal 0.000000e+00 -1.000000e+00 0.000000e+00
    outer loop
      vertex   -4.529392e+01 4.500000e+01 -5.492137e+01
      vertex   2.470608e+01 4.500000e+01 -6.060932e+01
      vertex   2.470608e+01 4.500000e+01 -5.492137e+01
    endloop
  endfacet
  facet normal 1.000000e+00 0.000000e+00 0.000000e+00
    outer loop
      vertex   -4.529392e+01 2.500000e+01 -6.060932e+01
      vertex   -4.529392e+01 4.500000e+01 -6.060932e+01
      vertex   -4.529392e+01 2.500000e+01 -5.492137e+01
    endloop
  endfacet
  facet normal 1.000000e+00 -0.000000e+00 0.000000e+00
    outer loop
      vertex   -4.529392e+01 2.500000e+01 -5.492137e+01
      vertex   -4.529392e+01 4.500000e+01 -6.060932e+01
      vertex   -4.529392e+01 4.500000e+01 -5.492137e+01
    endloop
  endfacet
  facet normal 0.000000e+00 0.000000e+00 -1.000000e+00
    outer loop
      vertex   3.248465e+01 0.000000e+00 -6.060932e+01
      vertex   3.248465e+01 1.000000e+01 -6.060932e+01
      vertex   3.475766e+01 0.000000e+00 -6.060932e+01
    endloop
  endfacet
  facet normal 0.000000e+00 0.000000e+00 -1.000000e+00
    outer loop
      vertex   3.475766e+01 0.000000e+00 -6.060932e+01
      vertex   3.248465e+01 1.000000e+01 -6.060932e+01
      vertex   3.475766e+01 5.000000e+01 -6.060932e+01
    endloop
  endfacet
  facet normal 0.000000e+00 0.000000e+00 -1.000000e+00
    outer loop
      vertex   3.475766e+01 5.000000e+01 -6.060932e+01
      vertex   3.248465e+01 1.000000e+01 -6.060932e+01
      vertex   2.470608e+01 2.500000e+01 -6.060932e+01
    endloop
  endfacet
  facet normal 0.000000e+00 0.000000e+00 -1.000000e+00
    outer loop
      vertex   3.475766e+01 5.000000e+01 -6.060932e+01
      vertex   2.470608e+01 2.500000e+01 -6.060932e+01
      vertex   2.470608e+01 4.500000e+01 -6.060932e+01
    endloop
  endfacet
  facet normal 0.000000e+00 0.000000e+00 -1.000000e+00
    outer loop
      vertex   3.248465e+01 1.000000e+01 -6.060932e+01
      vertex   -5.307249e+01 1.000000e+01 -6.060932e+01
      vertex   2.470608e+01 2.500000e+01 -6.060932e+01
    endloop
  endfacet
  facet normal -0.000000e+00 0.000000e+00 -1.000000e+00
    outer loop
      vertex   2.470608e+01 2.500000e+01 -6.060932e+01
      vertex   -5.307249e+01 1.000000e+01 -6.060932e+01
      vertex   -4.529392e+01 2.500000e+01 -6.060932e+01
    endloop
  endfacet
  facet normal -0.000000e+00 0.000000e+00 -1.000000e+00
    outer loop
      vertex   -4.529392e+01 2.500000e+01 -6.060932e+01
      vertex   -5.307249e+01 1.000000e+01 -6.060932e+01
      vertex   -5.534550e+01 5.000000e+01 -6.060932e+01
    endloop
  endfacet
  facet normal 0.000000e+00 0.000000e+00 -1.000000e+00
    outer loop
      vertex   -4.529392e+01 2.500000e+01 -6.060932e+01
      vertex   -5.534550e+01 5.000000e+01 -6.060932e+01
      vertex   -4.529392e+01 4.500000e+01 -6.060932e+01
    endloop
  endfacet
  facet normal 0.000000e+00 0.000000e+00 -1.000000e+00
    outer loop
      vertex   -4.529392e+01 4.500000e+01 -6.060932e+01
      vertex   -5.534550e+01 5.000000e+01 -6.060932e+01
      vertex   3.475766e+01 5.000000e+01 -6.060932e+01
    endloop
  endfacet
  facet normal 0.000000e+00 0.000000e+00 -1.000000e+00
    outer loop
      vertex   -4.529392e+01 4.500000e+01 -6.060932e+01
      vertex   3.475766e+01 5.000000e+01 -6.060932e+01
      vertex   2.470608e+01 4.500000e+01 -6.060932e+01
    endloop
  endfacet
  facet normal 0.000000e+00 0.000000e+00 -1.000000e+00
    outer loop
      vertex   -5.307249e+01 0.000000e+00 -6.060932e+01
      vertex   -5.534550e+01 0.000000e+00 -6.060932e+01
      vertex   -5.307249e+01 1.000000e+01 -6.060932e+01
    endloop
  endfacet
  facet normal -0.000000e+00 0.000000e+00 -1.000000e+00
    outer loop
      vertex   -5.307249e+01 1.000000e+01 -6.060932e+01
      vertex   -5.534550e+01 0.000000e+00 -6.060932e+01
      vertex   -5.534550e+01 5.000000e+01 -6.060932e+01
    endloop
  endfacet
  facet normal -1.000000e+00 0.000000e+00 0.000000e+00
    outer loop
      vertex   3.475766e+01 0.000000e+00 -8.560932e+01
      vertex   3.475766e+01 0.000000e+00 -6.060932e+01
      vertex   3.475766e+01 5.000000e+01 -8.560932e+01
    endloop
  endfacet
  facet normal -1.000000e+00 0.000000e+00 0.000000e+00
    outer loop
      vertex   3.475766e+01 5.000000e+01 -8.560932e+01
      vertex   3.475766e+01 0.000000e+00 -6.060932e+01
      vertex   3.475766e+01 5.000000e+01 -6.060932e+01
    endloop
  endfacet
  facet normal 0.000000e+00 0.000000e+00 1.000000e+00
    outer loop
      vertex   -2.212154e+01 1.138919e+01 -8.560932e+01
      vertex   -2.200000e+01 1.000000e+01 -8.560932e+01
      vertex   0.000000e+00 1.000000e+01 -8.560932e+01
    endloop
  endfacet
  facet normal 0.000000e+00 0.000000e+00 1.000000e+00
    outer loop
      vertex   0.000000e+00 1.000000e+01 -8.560932e+01
      vertex   -2.200000e+01 1.000000e+01 -8.560932e+01
      vertex   -2.212154e+01 8.610815e+00 -8.560932e+01
    endloop
  endfacet
  facet normal 0.000000e+00 0.000000e+00 1.000000e+00
    outer loop
      vertex   0.000000e+00 1.000000e+01 -8.560932e+01
      vertex   -2.212154e+01 8.610815e+00 -8.560932e+01
      vertex   -2.248246e+01 7.263839e+00 -8.560932e+01
    endloop
  endfacet
  facet normal 0.000000e+00 0.000000e+00 1.000000e+00
    outer loop
      vertex   0.000000e+00 1.000000e+01 -8.560932e+01
      vertex   -2.248246e+01 7.263839e+00 -8.560932e+01
      vertex   0.000000e+00 0.000000e+00 -8.560932e+01
    endloop
  endfacet
  facet normal 0.000000e+00 0.000000e+00 1.000000e+00
    outer loop
      vertex   0.000000e+00 0.000000e+00 -8.560932e+01
      vertex   -2.248246e+01 7.263839e+00 -8.560932e+01
      vertex   -2.307180e+01 6.000000e+00 -8.560932e+01
    endloop
  endfacet
  facet normal 0.000000e+00 0.000000e+00 1.000000e+00
    outer loop
      vertex   0.000000e+00 0.000000e+00 -8.560932e+01
      vertex   -2.307180e+01 6.000000e+00 -8.560932e+01
      vertex   -2.387164e+01 4.857699e+00 -8.560932e+01
    endloop
  endfacet
  facet normal 0.000000e+00 0.000000e+00 1.000000e+00
    outer loop
      vertex   -2.387164e+01 4.857699e+00 -8.560932e+01
      vertex   -2.485770e+01 3.871644e+00 -8.560932e+01
      vertex   0.000000e+00 0.000000e+00 -8.560932e+01
    endloop
  endfacet
  facet normal 0.000000e+00 0.000000e+00 1.000000e+00
    outer loop
      vertex   0.000000e+00 0.000000e+00 -8.560932e+01
      vertex   -2.485770e+01 3.871644e+00 -8.560932e+01
      vertex   -2.600000e+01 3.071797e+00 -8.560932e+01
    endloop
  endfacet
  facet normal 0.000000e+00 0.000000e+00 1.000000e+00
    outer loop
      vertex   0.000000e+00 0.000000e+00 -8.560932e+01
      vertex   -2.600000e+01 3.071797e+00 -8.560932e+01
      vertex   -2.726384e+01 2.482459e+00 -8.560932e+01
    endloop
  endfacet
  facet normal 0.000000e+00 0.000000e+00 1.000000e+00
    outer loop
      vertex   -2.726384e+01 2.482459e+00 -8.560932e+01
      vertex   -2.861081e+01 2.121538e+00 -8.560932e+01
      vertex   0.000000e+00 0.000000e+00 -8.560932e+01
    endloop
  endfacet
  facet normal 0.000000e+00 0.000000e+00 1.000000e+00
    outer loop
      vertex   0.000000e+00 0.000000e+00 -8.560932e+01
      vertex   -2.861081e+01 2.121538e+00 -8.560932e+01
      vertex   -3.000000e+01 2.000000e+00 -8.560932e+01
    endloop
  endfacet
  facet normal 0.000000e+00 0.000000e+00 1.000000e+00
    outer loop
      vertex   0.000000e+00 0.000000e+00 -8.560932e+01
      vertex   -3.000000e+01 2.000000e+00 -8.560932e+01
      vertex   -5.534550e+01 0.000000e+00 -8.560932e+01
    endloop
  endfacet
  facet normal 0.000000e+00 0.000000e+00 1.000000e+00
    outer loop
      vertex   -5.534550e+01 0.000000e+00 -8.560932e+01
      vertex   -3.000000e+01 2.000000e+00 -8.560932e+01
      vertex   -3.138919e+01 2.121538e+00 -8.560932e+01
    endloop
  endfacet
  facet normal 0.000000e+00 0.000000e+00 1.000000e+00
    outer loop
      vertex   -5.534550e+01 0.000000e+00 -8.560932e+01
      vertex   -3.138919e+01 2.121538e+00 -8.560932e+01
      vertex   -3.273616e+01 2.482459e+00 -8.560932e+01
    endloop
  endfacet
  facet normal 0.000000e+00 0.000000e+00 1.000000e+00
    outer loop
      vertex   -3.273616e+01 2.482459e+00 -8.560932e+01
      vertex   -3.400000e+01 3.071797e+00 -8.560932e+01
      vertex   -5.534550e+01 0.000000e+00 -8.560932e+01
    endloop
  endfacet
  facet normal 0.000000e+00 0.000000e+00 1.000000e+00
    outer loop
      vertex   -5.534550e+01 0.000000e+00 -8.560932e+01
      vertex   -3.400000e+01 3.071797e+00 -8.560932e+01
      vertex   -3.514230e+01 3.871644e+00 -8.560932e+01
    endloop
  endfacet
  facet normal 0.000000e+00 0.000000e+00 1.000000e+00
    outer loop
      vertex   -5.534550e+01 0.000000e+00 -8.560932e+01
      vertex   -3.514230e+01 3.871644e+00 -8.560932e+01
      vertex   -3.612836e+01 4.857699e+00 -8.560932e+01
    endloop
  endfacet
  facet normal 0.000000e+00 0.000000e+00 1.000000e+00
    outer loop
      vertex   -3.612836e+01 4.857699e+00 -8.560932e+01
      vertex   -3.692820e+01 6.000000e+00 -8.560932e+01
      vertex   -5.534550e+01 0.000000e+00 -8.560932e+01
    endloop
  endfacet
  facet normal 0.000000e+00 0.000000e+00 1.000000e+00
    outer loop
      vertex   -5.534550e+01 0.000000e+00 -8.560932e+01
      vertex   -3.692820e+01 6.000000e+00 -8.560932e+01
      vertex   -3.751754e+01 7.263839e+00 -8.560932e+01
    endloop
  endfacet
  facet normal 0.000000e+00 0.000000e+00 1.000000e+00
    outer loop
      vertex   -5.534550e+01 0.000000e+00 -8.560932e+01
      vertex   -3.751754e+01 7.263839e+00 -8.560932e+01
      vertex   -3.787846e+01 8.610815e+00 -8.560932e+01
    endloop
  endfacet
  facet normal 0.000000e+00 0.000000e+00 1.000000e+00
    outer loop
      vertex   -3.787846e+01 8.610815e+00 -8.560932e+01
      vertex   -3.800000e+01 1.000000e+01 -8.560932e+01
      vertex   -5.534550e+01 0.000000e+00 -8.560932e+01
    endloop
  endfacet
  facet normal 0.000000e+00 0.000000e+00 1.000000e+00
    outer loop
      vertex   -5.534550e+01 0.000000e+00 -8.560932e+01
      vertex   -3.800000e+01 1.000000e+01 -8.560932e+01
      vertex   -3.787846e+01 1.138919e+01 -8.560932e+01
    endloop
  endfacet
  facet normal 0.000000e+00 0.000000e+00 1.000000e+00
    outer loop
      vertex   -5.534550e+01 0.000000e+00 -8.560932e+01
      vertex   -3.787846e+01 1.138919e+01 -8.560932e+01
      vertex   -3.751754e+01 1.273616e+01 -8.560932e+01
    endloop
  endfacet
  facet normal 0.000000e+00 -0.000000e+00 1.000000e+00
    outer loop
      vertex   -3.751754e+01 1.273616e+01 -8.560932e+01
      vertex   -3.692820e+01 1.400000e+01 -8.560932e+01
      vertex   -5.534550e+01 0.000000e+00 -8.560932e+01
    endloop
  endfacet
  facet normal 0.000000e+00 0.000000e+00 1.000000e+00
    outer loop
      vertex   -5.534550e+01 0.000000e+00 -8.560932e+01
      vertex   -3.692820e+01 1.400000e+01 -8.560932e+01
      vertex   -5.534550e+01 5.000000e+01 -8.560932e+01
    endloop
  endfacet
  facet normal 0.000000e+00 0.000000e+00 1.000000e+00
    outer loop
      vertex   -5.534550e+01 5.000000e+01 -8.560932e+01
      vertex   -3.692820e+01 1.400000e+01 -8.560932e+01
      vertex   -3.612836e+01 1.514230e+01 -8.560932e+01
    endloop
  endfacet
  facet normal 0.000000e+00 0.000000e+00 1.000000e+00
    outer loop
      vertex   -5.534550e+01 5.000000e+01 -8.560932e+01
      vertex   -3.612836e+01 1.514230e+01 -8.560932e+01
      vertex   -3.514230e+01 1.612836e+01 -8.560932e+01
    endloop
  endfacet
  facet normal 0.000000e+00 -0.000000e+00 1.000000e+00
    outer loop
      vertex   -3.514230e+01 1.612836e+01 -8.560932e+01
      vertex   -3.400000e+01 1.692820e+01 -8.560932e+01
      vertex   -5.534550e+01 5.000000e+01 -8.560932e+01
    endloop
  endfacet
  facet normal 0.000000e+00 0.000000e+00 1.000000e+00
    outer loop
      vertex   -5.534550e+01 5.000000e+01 -8.560932e+01
      vertex   -3.400000e+01 1.692820e+01 -8.560932e+01
      vertex   -3.273616e+01 1.751754e+01 -8.560932e+01
    endloop
  endfacet
  facet normal 0.000000e+00 0.000000e+00 1.000000e+00
    outer loop
      vertex   -5.534550e+01 5.000000e+01 -8.560932e+01
      vertex   -3.273616e+01 1.751754e+01 -8.560932e+01
      vertex   -3.138919e+01 1.787846e+01 -8.560932e+01
    endloop
  endfacet
  facet normal 0.000000e+00 -0.000000e+00 1.000000e+00
    outer loop
      vertex   -3.138919e+01 1.787846e+01 -8.560932e+01
      vertex   -3.000000e+01 1.800000e+01 -8.560932e+01
      vertex   -5.534550e+01 5.000000e+01 -8.560932e+01
    endloop
  endfacet
  facet normal 0.000000e+00 0.000000e+00 1.000000e+00
    outer loop
      vertex   -5.534550e+01 5.000000e+01 -8.560932e+01
      vertex   -3.000000e+01 1.800000e+01 -8.560932e+01
      vertex   -2.861081e+01 1.787846e+01 -8.560932e+01
    endloop
  endfacet
  facet normal -0.000000e+00 0.000000e+00 1.000000e+00
    outer loop
      vertex   -5.534550e+01 5.000000e+01 -8.560932e+01
      vertex   -2.861081e+01 1.787846e+01 -8.560932e+01
      vertex   3.475766e+01 5.000000e+01 -8.560932e+01
    endloop
  endfacet
  facet normal 0.000000e+00 0.000000e+00 1.000000e+00
    outer loop
      vertex   3.475766e+01 5.000000e+01 -8.560932e+01
      vertex   -2.861081e+01 1.787846e+01 -8.560932e+01
      vertex   -2.726384e+01 1.751754e+01 -8.560932e+01
    endloop
  endfacet
  facet normal 0.000000e+00 0.000000e+00 1.000000e+00
    outer loop
      vertex   3.475766e+01 5.000000e+01 -8.560932e+01
      vertex   -2.726384e+01 1.751754e+01 -8.560932e+01
      vertex   -2.600000e+01 1.692820e+01 -8.560932e+01
    endloop
  endfacet
  facet normal 0.000000e+00 0.000000e+00 1.000000e+00
    outer loop
      vertex   3.475766e+01 5.000000e+01 -8.560932e+01
      vertex   -2.600000e+01 1.692820e+01 -8.560932e+01
      vertex   0.000000e+00 1.000000e+01 -8.560932e+01
    endloop
  endfacet
  facet normal 0.000000e+00 0.000000e+00 1.000000e+00
    outer loop
      vertex   0.000000e+00 1.000000e+01 -8.560932e+01
      vertex   -2.600000e+01 1.692820e+01 -8.560932e+01
      vertex   -2.485770e+01 1.612836e+01 -8.560932e+01
    endloop
  endfacet
  facet normal 0.000000e+00 0.000000e+00 1.000000e+00
    outer loop
      vertex   0.000000e+00 1.000000e+01 -8.560932e+01
      vertex   -2.485770e+01 1.612836e+01 -8.560932e+01
      vertex   -2.387164e+01 1.514230e+01 -8.560932e+01
    endloop
  endfacet
  facet normal 0.000000e+00 0.000000e+00 1.000000e+00
    outer loop
      vertex   -2.387164e+01 1.514230e+01 -8.560932e+01
      vertex   -2.307180e+01 1.400000e+01 -8.560932e+01
      vertex   0.000000e+00 1.000000e+01 -8.560932e+01
    endloop
  endfacet
  facet normal 0.000000e+00 0.000000e+00 1.000000e+00
    outer loop
      vertex   0.000000e+00 1.000000e+01 -8.560932e+01
      vertex   -2.307180e+01 1.400000e+01 -8.560932e+01
      vertex   -2.248246e+01 1.273616e+01 -8.560932e+01
    endloop
  endfacet
  facet normal 0.000000e+00 0.000000e+00 1.000000e+00
    outer loop
      vertex   0.000000e+00 1.000000e+01 -8.560932e+01
      vertex   -2.248246e+01 1.273616e+01 -8.560932e+01
      vertex   -2.212154e+01 1.138919e+01 -8.560932e+01
    endloop
  endfacet
  facet normal 0.000000e+00 0.000000e+00 1.000000e+00
    outer loop
      vertex   1.500000e+01 0.000000e+00 -8.560932e+01
      vertex   3.475766e+01 0.000000e+00 -8.560932e+01
      vertex   1.500000e+01 1.000000e+01 -8.560932e+01
    endloop
  endfacet
  facet normal -0.000000e+00 0.000000e+00 1.000000e+00
    outer loop
      vertex   1.500000e+01 1.000000e+01 -8.560932e+01
      vertex   3.475766e+01 0.000000e+00 -8.560932e+01
      vertex   3.475766e+01 5.000000e+01 -8.560932e+01
    endloop
  endfacet
  facet normal 0.000000e+00 -0.000000e+00 1.000000e+00
    outer loop
      vertex   1.500000e+01 1.000000e+01 -8.560932e+01
      vertex   3.475766e+01 5.000000e+01 -8.560932e+01
      vertex   0.000000e+00 1.000000e+01 -8.560932e+01
    endloop
  endfacet
  facet normal -0.000000e+00 0.000000e+00 1.000000e+00
    outer loop
      vertex   -6.184096e+01 5.000000e+01 -5.492137e+01
      vertex   2.470608e+01 4.500000e+01 -5.492137e+01
      vertex   4.125311e+01 5.000000e+01 -5.492137e+01
    endloop
  endfacet
  facet normal 0.000000e+00 0.000000e+00 1.000000e+00
    outer loop
      vertex   4.125311e+01 5.000000e+01 -5.492137e+01
      vertex   2.470608e+01 4.500000e+01 -5.492137e+01
      vertex   2.470608e+01 2.500000e+01 -5.492137e+01
    endloop
  endfacet
  facet normal -2.863840e-16 1.895522e-16 1.000000e+00
    outer loop
      vertex   4.125311e+01 5.000000e+01 -5.492137e+01
      vertex   2.470608e+01 2.500000e+01 -5.492137e+01
      vertex   3.903096e+01 9.157348e+00 -5.492137e+01
    endloop
  endfacet
  facet normal 4.639633e-16 8.680143e-16 1.000000e+00
    outer loop
      vertex   3.903096e+01 9.157348e+00 -5.492137e+01
      vertex   2.470608e+01 2.500000e+01 -5.492137e+01
      vertex   3.816653e+01 9.619398e+00 -5.492137e+01
    endloop
  endfacet
  facet normal 1.907876e-16 6.289425e-16 1.000000e+00
    outer loop
      vertex   3.816653e+01 9.619398e+00 -5.492137e+01
      vertex   2.470608e+01 2.500000e+01 -5.492137e+01
      vertex   3.722856e+01 9.903926e+00 -5.492137e+01
    endloop
  endfacet
  facet normal -7.881836e-15 -6.067455e-15 1.000000e+00
    outer loop
      vertex   3.722856e+01 9.903926e+00 -5.492137e+01
      vertex   2.470608e+01 2.500000e+01 -5.492137e+01
      vertex   3.625311e+01 1.000000e+01 -5.492137e+01
    endloop
  endfacet
  facet normal 0.000000e+00 0.000000e+00 1.000000e+00
    outer loop
      vertex   3.625311e+01 1.000000e+01 -5.492137e+01
      vertex   2.470608e+01 2.500000e+01 -5.492137e+01
      vertex   3.248465e+01 1.000000e+01 -5.492137e+01
    endloop
  endfacet
  facet normal 0.000000e+00 0.000000e+00 1.000000e+00
    outer loop
      vertex   3.248465e+01 1.000000e+01 -5.492137e+01
      vertex   2.470608e+01 2.500000e+01 -5.492137e+01
      vertex   -4.529392e+01 2.500000e+01 -5.492137e+01
    endloop
  endfacet
  facet normal 0.000000e+00 0.000000e+00 1.000000e+00
    outer loop
      vertex   3.248465e+01 1.000000e+01 -5.492137e+01
      vertex   -4.529392e+01 2.500000e+01 -5.492137e+01
      vertex   -5.307249e+01 1.000000e+01 -5.492137e+01
    endloop
  endfacet
  facet normal 0.000000e+00 -0.000000e+00 1.000000e+00
    outer loop
      vertex   -5.307249e+01 1.000000e+01 -5.492137e+01
      vertex   -4.529392e+01 2.500000e+01 -5.492137e+01
      vertex   -5.684096e+01 1.000000e+01 -5.492137e+01
    endloop
  endfacet
  facet normal 0.000000e+00 -0.000000e+00 1.000000e+00
    outer loop
      vertex   -5.684096e+01 1.000000e+01 -5.492137e+01
      vertex   -4.529392e+01 2.500000e+01 -5.492137e+01
      vertex   -5.781641e+01 9.903926e+00 -5.492137e+01
    endloop
  endfacet
  facet normal 0.000000e+00 -0.000000e+00 1.000000e+00
    outer loop
      vertex   -5.781641e+01 9.903926e+00 -5.492137e+01
      vertex   -4.529392e+01 2.500000e+01 -5.492137e+01
      vertex   -5.875437e+01 9.619398e+00 -5.492137e+01
    endloop
  endfacet
  facet normal 0.000000e+00 -0.000000e+00 1.000000e+00
    outer loop
      vertex   -5.875437e+01 9.619398e+00 -5.492137e+01
      vertex   -4.529392e+01 2.500000e+01 -5.492137e+01
      vertex   -5.961881e+01 9.157348e+00 -5.492137e+01
    endloop
  endfacet
  facet normal 0.000000e+00 -0.000000e+00 1.000000e+00
    outer loop
      vertex   -5.961881e+01 9.157348e+00 -5.492137e+01
      vertex   -4.529392e+01 2.500000e+01 -5.492137e+01
      vertex   -6.184096e+01 5.000000e+01 -5.492137e+01
    endloop
  endfacet
  facet normal 0.000000e+00 0.000000e+00 1.000000e+00
    outer loop
      vertex   -5.961881e+01 9.157348e+00 -5.492137e+01
      vertex   -6.184096e+01 5.000000e+01 -5.492137e+01
      vertex   -6.037649e+01 8.535534e+00 -5.492137e+01
    endloop
  endfacet
  facet normal 0.000000e+00 0.000000e+00 1.000000e+00
    outer loop
      vertex   -6.037649e+01 8.535534e+00 -5.492137e+01
      vertex   -6.184096e+01 5.000000e+01 -5.492137e+01
      vertex   -6.099830e+01 7.777851e+00 -5.492137e+01
    endloop
  endfacet
  facet normal 0.000000e+00 0.000000e+00 1.000000e+00
    outer loop
      vertex   -6.099830e+01 7.777851e+00 -5.492137e+01
      vertex   -6.184096e+01 5.000000e+01 -5.492137e+01
      vertex   -6.146035e+01 6.913417e+00 -5.492137e+01
    endloop
  endfacet
  facet normal 0.000000e+00 0.000000e+00 1.000000e+00
    outer loop
      vertex   -6.146035e+01 6.913417e+00 -5.492137e+01
      vertex   -6.184096e+01 5.000000e+01 -5.492137e+01
      vertex   -6.174488e+01 5.975452e+00 -5.492137e+01
    endloop
  endfacet
  facet normal 0.000000e+00 0.000000e+00 1.000000e+00
    outer loop
      vertex   -6.174488e+01 5.975452e+00 -5.492137e+01
      vertex   -6.184096e+01 5.000000e+01 -5.492137e+01
      vertex   -6.184096e+01 5.000000e+00 -5.492137e+01
    endloop
  endfacet
  facet normal 1.366716e-16 1.665348e-16 1.000000e+00
    outer loop
      vertex   3.903096e+01 9.157348e+00 -5.492137e+01
      vertex   3.978865e+01 8.535534e+00 -5.492137e+01
      vertex   4.125311e+01 5.000000e+01 -5.492137e+01
    endloop
  endfacet
  facet normal 2.001897e-16 1.642914e-16 1.000000e+00
    outer loop
      vertex   4.125311e+01 5.000000e+01 -5.492137e+01
      vertex   3.978865e+01 8.535534e+00 -5.492137e+01
      vertex   4.041046e+01 7.777851e+00 -5.492137e+01
    endloop
  endfacet
  facet normal 3.035099e-16 1.622294e-16 1.000000e+00
    outer loop
      vertex   4.125311e+01 5.000000e+01 -5.492137e+01
      vertex   4.041046e+01 7.777851e+00 -5.492137e+01
      vertex   4.087251e+01 6.913417e+00 -5.492137e+01
    endloop
  endfacet
  facet normal 5.282541e-16 1.602441e-16 1.000000e+00
    outer loop
      vertex   4.087251e+01 6.913417e+00 -5.492137e+01
      vertex   4.115704e+01 5.975452e+00 -5.492137e+01
      vertex   4.125311e+01 5.000000e+01 -5.492137e+01
    endloop
  endfacet
  facet normal 1.603169e-15 1.578984e-16 1.000000e+00
    outer loop
      vertex   4.125311e+01 5.000000e+01 -5.492137e+01
      vertex   4.115704e+01 5.975452e+00 -5.492137e+01
      vertex   4.125311e+01 5.000000e+00 -5.492137e+01
    endloop
  endfacet
  facet normal 0.000000e+00 -0.000000e+00 1.000000e+00
    outer loop
      vertex   -4.529392e+01 2.500000e+01 -5.492137e+01
      vertex   -4.529392e+01 4.500000e+01 -5.492137e+01
      vertex   -6.184096e+01 5.000000e+01 -5.492137e+01
    endloop
  endfacet
  facet normal 0.000000e+00 0.000000e+00 1.000000e+00
    outer loop
      vertex   -6.184096e+01 5.000000e+01 -5.492137e+01
      vertex   -4.529392e+01 4.500000e+01 -5.492137e+01
      vertex   2.470608e+01 4.500000e+01 -5.492137e+01
    endloop
  endfacet
  facet normal 0.000000e+00 -1.000000e+00 0.000000e+00
    outer loop
      vertex   -5.307249e+01 1.000000e+01 -6.060932e+01
      vertex   3.248465e+01 1.000000e+01 -6.060932e+01
      vertex   -5.307249e+01 1.000000e+01 -5.492137e+01
    endloop
  endfacet
  facet normal 0.000000e+00 -1.000000e+00 0.000000e+00
    outer loop
      vertex   -5.307249e+01 1.000000e+01 -5.492137e+01
      vertex   3.248465e+01 1.000000e+01 -6.060932e+01
      vertex   3.248465e+01 1.000000e+01 -5.492137e+01
    endloop
  endfacet
  facet normal 0.000000e+00 1.000000e+00 -0.000000e+00
    outer loop
      vertex   3.625311e+01 1.000000e+01 2.322156e+01
      vertex   3.600217e+01 1.000000e+01 2.343463e+01
      vertex   3.625311e+01 1.000000e+01 2.370272e+01
    endloop
  endfacet
  facet normal 0.000000e+00 1.000000e+00 0.000000e+00
    outer loop
      vertex   3.625311e+01 1.000000e+01 2.370272e+01
      vertex   3.600217e+01 1.000000e+01 2.343463e+01
      vertex   3.571576e+01 1.000000e+01 2.359693e+01
    endloop
  endfacet
  facet normal 0.000000e+00 1.000000e+00 0.000000e+00
    outer loop
      vertex   3.625311e+01 1.000000e+01 2.370272e+01
      vertex   3.571576e+01 1.000000e+01 2.359693e+01
      vertex   3.540402e+01 1.000000e+01 2.370272e+01
    endloop
  endfacet
  facet normal 1.000000e+00 0.000000e+00 -0.000000e+00
    outer loop
      vertex   -4.500000e+01 1.000000e+01 -5.000000e+01
      vertex   -4.500000e+01 1.000000e+01 1.500000e+01
      vertex   -4.500000e+01 5.000000e+00 -5.000000e+01
    endloop
  endfacet
  facet normal 1.000000e+00 0.000000e+00 0.000000e+00
    outer loop
      vertex   -4.500000e+01 5.000000e+00 -5.000000e+01
      vertex   -4.500000e+01 1.000000e+01 1.500000e+01
      vertex   -4.500000e+01 5.000000e+00 1.500000e+01
    endloop
  endfacet
  facet normal 0.000000e+00 0.000000e+00 1.000000e+00
    outer loop
      vertex   2.000000e+01 1.000000e+01 -5.000000e+01
      vertex   -4.500000e+01 1.000000e+01 -5.000000e+01
      vertex   2.000000e+01 5.000000e+00 -5.000000e+01
    endloop
  endfacet
  facet normal 0.000000e+00 0.000000e+00 1.000000e+00
    outer loop
      vertex   2.000000e+01 5.000000e+00 -5.000000e+01
      vertex   -4.500000e+01 1.000000e+01 -5.000000e+01
      vertex   -4.500000e+01 5.000000e+00 -5.000000e+01
    endloop
  endfacet
  facet normal -1.000000e+00 -0.000000e+00 -0.000000e+00
    outer loop
      vertex   2.000000e+01 1.000000e+01 1.500000e+01
      vertex   2.000000e+01 1.000000e+01 -5.000000e+01
      vertex   2.000000e+01 5.000000e+00 1.500000e+01
    endloop
  endfacet
  facet normal -1.000000e+00 0.000000e+00 0.000000e+00
    outer loop
      vertex   2.000000e+01 5.000000e+00 1.500000e+01
      vertex   2.000000e+01 1.000000e+01 -5.000000e+01
      vertex   2.000000e+01 5.000000e+00 -5.000000e+01
    endloop
  endfacet
  facet normal 0.000000e+00 0.000000e+00 -1.000000e+00
    outer loop
      vertex   -4.500000e+01 1.000000e+01 1.500000e+01
      vertex   2.000000e+01 1.000000e+01 1.500000e+01
      vertex   -4.500000e+01 5.000000e+00 1.500000e+01
    endloop
  endfacet
  facet normal 0.000000e+00 0.000000e+00 -1.000000e+00
    outer loop
      vertex   -4.500000e+01 5.000000e+00 1.500000e+01
      vertex   2.000000e+01 1.000000e+01 1.500000e+01
      vertex   2.000000e+01 5.000000e+00 1.500000e+01
    endloop
  endfacet
  facet normal 0.000000e+00 0.000000e+00 -1.000000e+00
    outer loop
      vertex   -5.307249e+01 1.000000e+01 -5.492137e+01
      vertex   3.248465e+01 1.000000e+01 -5.492137e+01
      vertex   -5.307249e+01 5.000000e+00 -5.492137e+01
    endloop
  endfacet
  facet normal 0.000000e+00 0.000000e+00 -1.000000e+00
    outer loop
      vertex   -5.307249e+01 5.000000e+00 -5.492137e+01
      vertex   3.248465e+01 1.000000e+01 -5.492137e+01
      vertex   3.248465e+01 5.000000e+00 -5.492137e+01
    endloop
  endfacet
  facet normal 0.000000e+00 -1.000000e+00 0.000000e+00
    outer loop
      vertex   -5.307249e+01 5.000000e+00 -5.492137e+01
      vertex   -4.500000e+01 5.000000e+00 -5.000000e+01
      vertex   -5.307249e+01 5.000000e+00 1.936433e+01
    endloop
  endfacet
  facet normal 0.000000e+00 -1.000000e+00 0.000000e+00
    outer loop
      vertex   -5.307249e+01 5.000000e+00 1.936433e+01
      vertex   -4.500000e+01 5.000000e+00 -5.000000e+01
      vertex   -4.500000e+01 5.000000e+00 1.500000e+01
    endloop
  endfacet
  facet normal 0.000000e+00 -1.000000e+00 0.000000e+00
    outer loop
      vertex   -5.307249e+01 5.000000e+00 1.936433e+01
      vertex   -4.500000e+01 5.000000e+00 1.500000e+01
      vertex   2.000000e+01 5.000000e+00 1.500000e+01
    endloop
  endfacet
  facet normal 0.000000e+00 -1.000000e+00 -0.000000e+00
    outer loop
      vertex   -4.500000e+01 5.000000e+00 -5.000000e+01
      vertex   -5.307249e+01 5.000000e+00 -5.492137e+01
      vertex   2.000000e+01 5.000000e+00 -5.000000e+01
    endloop
  endfacet
  facet normal 0.000000e+00 -1.000000e+00 -0.000000e+00
    outer loop
      vertex   2.000000e+01 5.000000e+00 -5.000000e+01
      vertex   -5.307249e+01 5.000000e+00 -5.492137e+01
      vertex   3.248465e+01 5.000000e+00 -5.492137e+01
    endloop
  endfacet
  facet normal 0.000000e+00 -1.000000e+00 0.000000e+00
    outer loop
      vertex   2.000000e+01 5.000000e+00 -5.000000e+01
      vertex   3.248465e+01 5.000000e+00 -5.492137e+01
      vertex   3.248465e+01 5.000000e+00 1.936433e+01
    endloop
  endfacet
  facet normal 0.000000e+00 -1.000000e+00 0.000000e+00
    outer loop
      vertex   2.000000e+01 5.000000e+00 -5.000000e+01
      vertex   3.248465e+01 5.000000e+00 1.936433e+01
      vertex   2.000000e+01 5.000000e+00 1.500000e+01
    endloop
  endfacet
  facet normal 0.000000e+00 -1.000000e+00 0.000000e+00
    outer loop
      vertex   2.000000e+01 5.000000e+00 1.500000e+01
      vertex   3.248465e+01 5.000000e+00 1.936433e+01
      vertex   -5.307249e+01 5.000000e+00 1.936433e+01
    endloop
  endfacet
  facet normal -1.000000e+00 0.000000e+00 0.000000e+00
    outer loop
      vertex   3.248465e+01 1.000000e+01 -6.060932e+01
      vertex   3.248465e+01 0.000000e+00 -6.060932e+01
      vertex   3.248465e+01 5.000000e+00 -5.492137e+01
    endloop
  endfacet
  facet normal -1.000000e+00 -0.000000e+00 0.000000e+00
    outer loop
      vertex   3.248465e+01 5.000000e+00 -5.492137e+01
      vertex   3.248465e+01 0.000000e+00 -6.060932e+01
      vertex   3.248465e+01 0.000000e+00 1.936433e+01
    endloop
  endfacet
  facet normal -1.000000e+00 0.000000e+00 0.000000e+00
    outer loop
      vertex   3.248465e+01 5.000000e+00 -5.492137e+01
      vertex   3.248465e+01 0.000000e+00 1.936433e+01
      vertex   3.248465e+01 5.000000e+00 1.936433e+01
    endloop
  endfacet
  facet normal -1.000000e+00 0.000000e+00 0.000000e+00
    outer loop
      vertex   3.248465e+01 5.000000e+00 -5.492137e+01
      vertex   3.248465e+01 1.000000e+01 -5.492137e+01
      vertex   3.248465e+01 1.000000e+01 -6.060932e+01
    endloop
  endfacet
  facet normal 0.000000e+00 -1.000000e+00 0.000000e+00
    outer loop
      vertex   -5.330963e+01 0.000000e+00 2.254707e+01
      vertex   -5.307249e+01 0.000000e+00 1.936433e+01
      vertex   -5.325000e+01 0.000000e+00 2.300000e+01
    endloop
  endfacet
  facet normal 0.000000e+00 -1.000000e+00 0.000000e+00
    outer loop
      vertex   -5.325000e+01 0.000000e+00 2.300000e+01
      vertex   -5.307249e+01 0.000000e+00 1.936433e+01
      vertex   3.248465e+01 0.000000e+00 1.936433e+01
    endloop
  endfacet
  facet normal 0.000000e+00 -1.000000e+00 0.000000e+00
    outer loop
      vertex   -5.325000e+01 0.000000e+00 2.300000e+01
      vertex   3.248465e+01 0.000000e+00 1.936433e+01
      vertex   -5.330963e+01 0.000000e+00 2.345293e+01
    endloop
  endfacet
  facet normal 0.000000e+00 -1.000000e+00 0.000000e+00
    outer loop
      vertex   -5.330963e+01 0.000000e+00 2.345293e+01
      vertex   3.248465e+01 0.000000e+00 1.936433e+01
      vertex   3.330963e+01 0.000000e+00 2.245293e+01
    endloop
  endfacet
  facet normal 0.000000e+00 -1.000000e+00 0.000000e+00
    outer loop
      vertex   -5.330963e+01 0.000000e+00 2.345293e+01
      vertex   3.330963e+01 0.000000e+00 2.245293e+01
      vertex   3.348446e+01 0.000000e+00 2.287500e+01
    endloop
  endfacet
  facet normal 0.000000e+00 -1.000000e+00 -0.000000e+00
    outer loop
      vertex   -5.330963e+01 0.000000e+00 2.254707e+01
      vertex   -5.348445e+01 0.000000e+00 2.212500e+01
      vertex   -5.307249e+01 0.000000e+00 1.936433e+01
    endloop
  endfacet
  facet normal 0.000000e+00 -1.000000e+00 0.000000e+00
    outer loop
      vertex   -5.307249e+01 0.000000e+00 1.936433e+01
      vertex   -5.348445e+01 0.000000e+00 2.212500e+01
      vertex   -5.376256e+01 0.000000e+00 2.176256e+01
    endloop
  endfacet
  facet normal 0.000000e+00 -1.000000e+00 0.000000e+00
    outer loop
      vertex   -5.307249e+01 0.000000e+00 1.936433e+01
      vertex   -5.376256e+01 0.000000e+00 2.176256e+01
      vertex   -5.412500e+01 0.000000e+00 2.148446e+01
    endloop
  endfacet
  facet normal 0.000000e+00 -1.000000e+00 -0.000000e+00
    outer loop
      vertex   -5.412500e+01 0.000000e+00 2.148446e+01
      vertex   -5.454707e+01 0.000000e+00 2.130963e+01
      vertex   -5.307249e+01 0.000000e+00 1.936433e+01
    endloop
  endfacet
  facet normal 0.000000e+00 -1.000000e+00 0.000000e+00
    outer loop
      vertex   -5.307249e+01 0.000000e+00 1.936433e+01
      vertex   -5.454707e+01 0.000000e+00 2.130963e+01
      vertex   -5.500000e+01 0.000000e+00 2.125000e+01
    endloop
  endfacet
  facet normal 0.000000e+00 -1.000000e+00 0.000000e+00
    outer loop
      vertex   -5.307249e+01 0.000000e+00 1.936433e+01
      vertex   -5.500000e+01 0.000000e+00 2.125000e+01
      vertex   -5.545293e+01 0.000000e+00 2.130963e+01
    endloop
  endfacet
  facet normal -0.000000e+00 -1.000000e+00 -0.000000e+00
    outer loop
      vertex   -5.545293e+01 0.000000e+00 2.130963e+01
      vertex   -5.587500e+01 0.000000e+00 2.148446e+01
      vertex   -5.307249e+01 0.000000e+00 1.936433e+01
    endloop
  endfacet
  facet normal -0.000000e+00 -1.000000e+00 0.000000e+00
    outer loop
      vertex   -5.307249e+01 0.000000e+00 1.936433e+01
      vertex   -5.587500e+01 0.000000e+00 2.148446e+01
      vertex   -6.184096e+01 0.000000e+00 -6.085786e+01
    endloop
  endfacet
  facet normal 0.000000e+00 -1.000000e+00 0.000000e+00
    outer loop
      vertex   -5.307249e+01 0.000000e+00 1.936433e+01
      vertex   -6.184096e+01 0.000000e+00 -6.085786e+01
      vertex   -5.534550e+01 0.000000e+00 -6.060932e+01
    endloop
  endfacet
  facet normal 0.000000e+00 -1.000000e+00 -0.000000e+00
    outer loop
      vertex   -5.534550e+01 0.000000e+00 -6.060932e+01
      vertex   -6.184096e+01 0.000000e+00 -6.085786e+01
      vertex   -5.534550e+01 0.000000e+00 -8.560932e+01
    endloop
  endfacet
  facet normal -4.487223e-16 -1.000000e+00 -1.177569e-16
    outer loop
      vertex   -5.534550e+01 0.000000e+00 -8.560932e+01
      vertex   -6.184096e+01 0.000000e+00 -6.085786e+01
      vertex   -6.184096e+01 3.330669e-15 -8.914214e+01
    endloop
  endfacet
  facet normal -1.353326e-15 -1.000000e+00 1.545454e-15
    outer loop
      vertex   -5.534550e+01 0.000000e+00 -8.560932e+01
      vertex   -6.184096e+01 3.330669e-15 -8.914214e+01
      vertex   -6.184096e+01 0.000000e+00 -9.129728e+01
    endloop
  endfacet
  facet normal -0.000000e+00 -1.000000e+00 0.000000e+00
    outer loop
      vertex   -5.587500e+01 0.000000e+00 2.148446e+01
      vertex   -5.623744e+01 0.000000e+00 2.176256e+01
      vertex   -6.184096e+01 0.000000e+00 -6.085786e+01
    endloop
  endfacet
  facet normal 0.000000e+00 -1.000000e+00 0.000000e+00
    outer loop
      vertex   -6.184096e+01 0.000000e+00 -6.085786e+01
      vertex   -5.623744e+01 0.000000e+00 2.176256e+01
      vertex   -5.651554e+01 0.000000e+00 2.212500e+01
    endloop
  endfacet
  facet normal 0.000000e+00 -1.000000e+00 0.000000e+00
    outer loop
      vertex   -6.184096e+01 0.000000e+00 -6.085786e+01
      vertex   -5.651554e+01 0.000000e+00 2.212500e+01
      vertex   -6.184096e+01 0.000000e+00 2.870272e+01
    endloop
  endfacet
  facet normal 0.000000e+00 -1.000000e+00 0.000000e+00
    outer loop
      vertex   -6.184096e+01 0.000000e+00 2.870272e+01
      vertex   -5.651554e+01 0.000000e+00 2.212500e+01
      vertex   -5.669037e+01 0.000000e+00 2.254707e+01
    endloop
  endfacet
  facet normal 0.000000e+00 -1.000000e+00 0.000000e+00
    outer loop
      vertex   -6.184096e+01 0.000000e+00 2.870272e+01
      vertex   -5.669037e+01 0.000000e+00 2.254707e+01
      vertex   -5.675000e+01 0.000000e+00 2.300000e+01
    endloop
  endfacet
  facet normal 0.000000e+00 -1.000000e+00 0.000000e+00
    outer loop
      vertex   -5.675000e+01 0.000000e+00 2.300000e+01
      vertex   -5.669037e+01 0.000000e+00 2.345293e+01
      vertex   -6.184096e+01 0.000000e+00 2.870272e+01
    endloop
  endfacet
  facet normal 0.000000e+00 -1.000000e+00 0.000000e+00
    outer loop
      vertex   -6.184096e+01 0.000000e+00 2.870272e+01
      vertex   -5.669037e+01 0.000000e+00 2.345293e+01
      vertex   -5.651554e+01 0.000000e+00 2.387500e+01
    endloop
  endfacet
  facet normal 0.000000e+00 -1.000000e+00 0.000000e+00
    outer loop
      vertex   -6.184096e+01 0.000000e+00 2.870272e+01
      vertex   -5.651554e+01 0.000000e+00 2.387500e+01
      vertex   -5.623744e+01 0.000000e+00 2.423744e+01
    endloop
  endfacet
  facet normal 0.000000e+00 -1.000000e+00 0.000000e+00
    outer loop
      vertex   -5.623744e+01 0.000000e+00 2.423744e+01
      vertex   -5.587500e+01 0.000000e+00 2.451554e+01
      vertex   -6.184096e+01 0.000000e+00 2.870272e+01
    endloop
  endfacet
  facet normal 0.000000e+00 -1.000000e+00 0.000000e+00
    outer loop
      vertex   -6.184096e+01 0.000000e+00 2.870272e+01
      vertex   -5.587500e+01 0.000000e+00 2.451554e+01
      vertex   -5.545293e+01 0.000000e+00 2.469037e+01
    endloop
  endfacet
  facet normal 0.000000e+00 -1.000000e+00 0.000000e+00
    outer loop
      vertex   -6.184096e+01 0.000000e+00 2.870272e+01
      vertex   -5.545293e+01 0.000000e+00 2.469037e+01
      vertex   -5.500000e+01 0.000000e+00 2.475000e+01
    endloop
  endfacet
  facet normal 0.000000e+00 -1.000000e+00 0.000000e+00
    outer loop
      vertex   -5.500000e+01 0.000000e+00 2.475000e+01
      vertex   -5.454707e+01 0.000000e+00 2.469037e+01
      vertex   -6.184096e+01 0.000000e+00 2.870272e+01
    endloop
  endfacet
  facet normal 0.000000e+00 -1.000000e+00 0.000000e+00
    outer loop
      vertex   -6.184096e+01 0.000000e+00 2.870272e+01
      vertex   -5.454707e+01 0.000000e+00 2.469037e+01
      vertex   -5.412500e+01 0.000000e+00 2.451554e+01
    endloop
  endfacet
  facet normal 0.000000e+00 -1.000000e+00 0.000000e+00
    outer loop
      vertex   -6.184096e+01 0.000000e+00 2.870272e+01
      vertex   -5.412500e+01 0.000000e+00 2.451554e+01
      vertex   4.125311e+01 0.000000e+00 2.870272e+01
    endloop
  endfacet
  facet normal 0.000000e+00 -1.000000e+00 0.000000e+00
    outer loop
      vertex   4.125311e+01 0.000000e+00 2.870272e+01
      vertex   -5.412500e+01 0.000000e+00 2.451554e+01
      vertex   3.412500e+01 0.000000e+00 2.351554e+01
    endloop
  endfacet
  facet normal 0.000000e+00 -1.000000e+00 0.000000e+00
    outer loop
      vertex   4.125311e+01 0.000000e+00 2.870272e+01
      vertex   3.412500e+01 0.000000e+00 2.351554e+01
      vertex   3.454707e+01 0.000000e+00 2.369037e+01
    endloop
  endfacet
  facet normal 0.000000e+00 -1.000000e+00 0.000000e+00
    outer loop
      vertex   -5.412500e+01 0.000000e+00 2.451554e+01
      vertex   -5.376256e+01 0.000000e+00 2.423744e+01
      vertex   3.412500e+01 0.000000e+00 2.351554e+01
    endloop
  endfacet
  facet normal -0.000000e+00 -1.000000e+00 0.000000e+00
    outer loop
      vertex   3.412500e+01 0.000000e+00 2.351554e+01
      vertex   -5.376256e+01 0.000000e+00 2.423744e+01
      vertex   3.376257e+01 0.000000e+00 2.323744e+01
    endloop
  endfacet
  facet normal 0.000000e+00 -1.000000e+00 0.000000e+00
    outer loop
      vertex   3.376257e+01 0.000000e+00 2.323744e+01
      vertex   -5.376256e+01 0.000000e+00 2.423744e+01
      vertex   -5.348445e+01 0.000000e+00 2.387500e+01
    endloop
  endfacet
  facet normal -0.000000e+00 -1.000000e+00 0.000000e+00
    outer loop
      vertex   3.376257e+01 0.000000e+00 2.323744e+01
      vertex   -5.348445e+01 0.000000e+00 2.387500e+01
      vertex   3.348446e+01 0.000000e+00 2.287500e+01
    endloop
  endfacet
  facet normal 0.000000e+00 -1.000000e+00 0.000000e+00
    outer loop
      vertex   3.348446e+01 0.000000e+00 2.287500e+01
      vertex   -5.348445e+01 0.000000e+00 2.387500e+01
      vertex   -5.330963e+01 0.000000e+00 2.345293e+01
    endloop
  endfacet
  facet normal 0.000000e+00 -1.000000e+00 0.000000e+00
    outer loop
      vertex   3.669037e+01 0.000000e+00 2.245293e+01
      vertex   3.675000e+01 0.000000e+00 2.200000e+01
      vertex   4.125311e+01 0.000000e+00 2.870272e+01
    endloop
  endfacet
  facet normal 0.000000e+00 -1.000000e+00 0.000000e+00
    outer loop
      vertex   4.125311e+01 0.000000e+00 2.870272e+01
      vertex   3.675000e+01 0.000000e+00 2.200000e+01
      vertex   3.669037e+01 0.000000e+00 2.154707e+01
    endloop
  endfacet
  facet normal 0.000000e+00 -1.000000e+00 0.000000e+00
    outer loop
      vertex   4.125311e+01 0.000000e+00 2.870272e+01
      vertex   3.669037e+01 0.000000e+00 2.154707e+01
      vertex   3.651555e+01 0.000000e+00 2.112500e+01
    endloop
  endfacet
  facet normal 0.000000e+00 -1.000000e+00 0.000000e+00
    outer loop
      vertex   4.125311e+01 0.000000e+00 2.870272e+01
      vertex   3.651555e+01 0.000000e+00 2.112500e+01
      vertex   3.475766e+01 0.000000e+00 -6.060932e+01
    endloop
  endfacet
  facet normal 0.000000e+00 -1.000000e+00 0.000000e+00
    outer loop
      vertex   3.475766e+01 0.000000e+00 -6.060932e+01
      vertex   3.651555e+01 0.000000e+00 2.112500e+01
      vertex   3.623744e+01 0.000000e+00 2.076256e+01
    endloop
  endfacet
  facet normal 0.000000e+00 -1.000000e+00 0.000000e+00
    outer loop
      vertex   3.475766e+01 0.000000e+00 -6.060932e+01
      vertex   3.623744e+01 0.000000e+00 2.076256e+01
      vertex   3.587500e+01 0.000000e+00 2.048446e+01
    endloop
  endfacet
  facet normal 0.000000e+00 -1.000000e+00 0.000000e+00
    outer loop
      vertex   3.587500e+01 0.000000e+00 2.048446e+01
      vertex   3.545294e+01 0.000000e+00 2.030963e+01
      vertex   3.475766e+01 0.000000e+00 -6.060932e+01
    endloop
  endfacet
  facet normal 0.000000e+00 -1.000000e+00 0.000000e+00
    outer loop
      vertex   3.475766e+01 0.000000e+00 -6.060932e+01
      vertex   3.545294e+01 0.000000e+00 2.030963e+01
      vertex   3.248465e+01 0.000000e+00 1.936433e+01
    endloop
  endfacet
  facet normal 0.000000e+00 -1.000000e+00 0.000000e+00
    outer loop
      vertex   3.475766e+01 0.000000e+00 -6.060932e+01
      vertex   3.248465e+01 0.000000e+00 1.936433e+01
      vertex   3.248465e+01 0.000000e+00 -6.060932e+01
    endloop
  endfacet
  facet normal 0.000000e+00 -1.000000e+00 0.000000e+00
    outer loop
      vertex   3.545294e+01 0.000000e+00 2.030963e+01
      vertex   3.500000e+01 0.000000e+00 2.025000e+01
      vertex   3.248465e+01 0.000000e+00 1.936433e+01
    endloop
  endfacet
  facet normal 0.000000e+00 -1.000000e+00 0.000000e+00
    outer loop
      vertex   3.248465e+01 0.000000e+00 1.936433e+01
      vertex   3.500000e+01 0.000000e+00 2.025000e+01
      vertex   3.454707e+01 0.000000e+00 2.030963e+01
    endloop
  endfacet
  facet normal 0.000000e+00 -1.000000e+00 0.000000e+00
    outer loop
      vertex   3.248465e+01 0.000000e+00 1.936433e+01
      vertex   3.454707e+01 0.000000e+00 2.030963e+01
      vertex   3.412500e+01 0.000000e+00 2.048446e+01
    endloop
  endfacet
  facet normal -0.000000e+00 -1.000000e+00 0.000000e+00
    outer loop
      vertex   3.412500e+01 0.000000e+00 2.048446e+01
      vertex   3.376257e+01 0.000000e+00 2.076256e+01
      vertex   3.248465e+01 0.000000e+00 1.936433e+01
    endloop
  endfacet
  facet normal 0.000000e+00 -1.000000e+00 0.000000e+00
    outer loop
      vertex   3.248465e+01 0.000000e+00 1.936433e+01
      vertex   3.376257e+01 0.000000e+00 2.076256e+01
      vertex   3.348446e+01 0.000000e+00 2.112500e+01
    endloop
  endfacet
  facet normal 0.000000e+00 -1.000000e+00 0.000000e+00
    outer loop
      vertex   3.248465e+01 0.000000e+00 1.936433e+01
      vertex   3.348446e+01 0.000000e+00 2.112500e+01
      vertex   3.330963e+01 0.000000e+00 2.154707e+01
    endloop
  endfacet
  facet normal -0.000000e+00 -1.000000e+00 0.000000e+00
    outer loop
      vertex   3.330963e+01 0.000000e+00 2.154707e+01
      vertex   3.325000e+01 0.000000e+00 2.200000e+01
      vertex   3.248465e+01 0.000000e+00 1.936433e+01
    endloop
  endfacet
  facet normal 0.000000e+00 -1.000000e+00 0.000000e+00
    outer loop
      vertex   3.248465e+01 0.000000e+00 1.936433e+01
      vertex   3.325000e+01 0.000000e+00 2.200000e+01
      vertex   3.330963e+01 0.000000e+00 2.245293e+01
    endloop
  endfacet
  facet normal 0.000000e+00 -1.000000e+00 0.000000e+00
    outer loop
      vertex   3.454707e+01 0.000000e+00 2.369037e+01
      vertex   3.500000e+01 0.000000e+00 2.375000e+01
      vertex   4.125311e+01 0.000000e+00 2.870272e+01
    endloop
  endfacet
  facet normal 0.000000e+00 -1.000000e+00 0.000000e+00
    outer loop
      vertex   4.125311e+01 0.000000e+00 2.870272e+01
      vertex   3.500000e+01 0.000000e+00 2.375000e+01
      vertex   3.545294e+01 0.000000e+00 2.369037e+01
    endloop
  endfacet
  facet normal 0.000000e+00 -1.000000e+00 0.000000e+00
    outer loop
      vertex   4.125311e+01 0.000000e+00 2.870272e+01
      vertex   3.545294e+01 0.000000e+00 2.369037e+01
      vertex   3.587500e+01 0.000000e+00 2.351554e+01
    endloop
  endfacet
  facet normal 0.000000e+00 -1.000000e+00 0.000000e+00
    outer loop
      vertex   3.587500e+01 0.000000e+00 2.351554e+01
      vertex   3.623744e+01 0.000000e+00 2.323744e+01
      vertex   4.125311e+01 0.000000e+00 2.870272e+01
    endloop
  endfacet
  facet normal 0.000000e+00 -1.000000e+00 0.000000e+00
    outer loop
      vertex   4.125311e+01 0.000000e+00 2.870272e+01
      vertex   3.623744e+01 0.000000e+00 2.323744e+01
      vertex   3.651555e+01 0.000000e+00 2.287500e+01
    endloop
  endfacet
  facet normal 0.000000e+00 -1.000000e+00 0.000000e+00
    outer loop
      vertex   4.125311e+01 0.000000e+00 2.870272e+01
      vertex   3.651555e+01 0.000000e+00 2.287500e+01
      vertex   3.669037e+01 0.000000e+00 2.245293e+01
    endloop
  endfacet
  facet normal 0.000000e+00 -1.000000e+00 -1.177569e-16
    outer loop
      vertex   -1.018410e+02 0.000000e+00 -6.085786e+01
      vertex   -1.018410e+02 3.330669e-15 -8.914214e+01
      vertex   -6.184096e+01 0.000000e+00 -6.085786e+01
    endloop
  endfacet
  facet normal 0.000000e+00 -1.000000e+00 -1.177569e-16
    outer loop
      vertex   -6.184096e+01 0.000000e+00 -6.085786e+01
      vertex   -1.018410e+02 3.330669e-15 -8.914214e+01
      vertex   -6.184096e+01 3.330669e-15 -8.914214e+01
    endloop
  endfacet
  facet normal 0.000000e+00 -1.000000e+00 0.000000e+00
    outer loop
      vertex   -6.184096e+01 0.000000e+00 -9.129728e+01
      vertex   0.000000e+00 0.000000e+00 -9.129728e+01
      vertex   -5.534550e+01 0.000000e+00 -8.560932e+01
    endloop
  endfacet
  facet normal 0.000000e+00 -1.000000e+00 0.000000e+00
    outer loop
      vertex   -5.534550e+01 0.000000e+00 -8.560932e+01
      vertex   0.000000e+00 0.000000e+00 -9.129728e+01
      vertex   0.000000e+00 0.000000e+00 -8.560932e+01
    endloop
  endfacet
  facet normal 0.000000e+00 -1.000000e+00 0.000000e+00
    outer loop
      vertex   -5.534550e+01 0.000000e+00 -6.060932e+01
      vertex   -5.307249e+01 0.000000e+00 -6.060932e+01
      vertex   -5.307249e+01 0.000000e+00 1.936433e+01
    endloop
  endfacet
  facet normal 0.000000e+00 -1.000000e+00 -0.000000e+00
    outer loop
      vertex   4.125311e+01 0.000000e+00 2.870272e+01
      vertex   3.475766e+01 0.000000e+00 -6.060932e+01
      vertex   4.125311e+01 0.000000e+00 -9.129728e+01
    endloop
  endfacet
  facet normal 0.000000e+00 -1.000000e+00 0.000000e+00
    outer loop
      vertex   4.125311e+01 0.000000e+00 -9.129728e+01
      vertex   3.475766e+01 0.000000e+00 -6.060932e+01
      vertex   3.475766e+01 0.000000e+00 -8.560932e+01
    endloop
  endfacet
  facet normal 0.000000e+00 -1.000000e+00 0.000000e+00
    outer loop
      vertex   4.125311e+01 0.000000e+00 -9.129728e+01
      vertex   3.475766e+01 0.000000e+00 -8.560932e+01
      vertex   1.500000e+01 0.000000e+00 -9.129728e+01
    endloop
  endfacet
  facet normal 0.000000e+00 -1.000000e+00 0.000000e+00
    outer loop
      vertex   1.500000e+01 0.000000e+00 -9.129728e+01
      vertex   3.475766e+01 0.000000e+00 -8.560932e+01
      vertex   1.500000e+01 0.000000e+00 -8.560932e+01
    endloop
  endfacet
  facet normal 0.000000e+00 -2.726527e-01 9.621125e-01
    outer loop
      vertex   -1.018410e+02 0.000000e+00 -6.085786e+01
      vertex   -6.184096e+01 0.000000e+00 -6.085786e+01
      vertex   -1.018410e+02 1.837002e+00 -6.033728e+01
    endloop
  endfacet
  facet normal 0.000000e+00 -2.726527e-01 9.621125e-01
    outer loop
      vertex   -1.018410e+02 1.837002e+00 -6.033728e+01
      vertex   -6.184096e+01 0.000000e+00 -6.085786e+01
      vertex   -6.184096e+01 1.837002e+00 -6.033728e+01
    endloop
  endfacet
  facet normal 0.000000e+00 -1.482254e-01 9.889536e-01
    outer loop
      vertex   -1.018410e+02 1.837002e+00 -6.033728e+01
      vertex   -6.184096e+01 1.837002e+00 -6.033728e+01
      vertex   -1.018410e+02 3.725252e+00 -6.005426e+01
    endloop
  endfacet
  facet normal 0.000000e+00 -1.482254e-01 9.889536e-01
    outer loop
      vertex   -1.018410e+02 3.725252e+00 -6.005426e+01
      vertex   -6.184096e+01 1.837002e+00 -6.033728e+01
      vertex   -6.184096e+01 3.725252e+00 -6.005426e+01
    endloop
  endfacet
  facet normal 0.000000e+00 -2.139640e-02 9.997711e-01
    outer loop
      vertex   -1.018410e+02 3.725252e+00 -6.005426e+01
      vertex   -6.184096e+01 3.725252e+00 -6.005426e+01
      vertex   -1.018410e+02 5.634157e+00 -6.001341e+01
    endloop
  endfacet
  facet normal 0.000000e+00 -2.139640e-02 9.997711e-01
    outer loop
      vertex   -1.018410e+02 5.634157e+00 -6.001341e+01
      vertex   -6.184096e+01 3.725252e+00 -6.005426e+01
      vertex   -6.184096e+01 5.634157e+00 -6.001341e+01
    endloop
  endfacet
  facet normal -0.000000e+00 1.057792e-01 9.943896e-01
    outer loop
      vertex   -1.018410e+02 5.634157e+00 -6.001341e+01
      vertex   -6.184096e+01 5.634157e+00 -6.001341e+01
      vertex   -1.018410e+02 7.532787e+00 -6.021538e+01
    endloop
  endfacet
  facet normal -0.000000e+00 1.057792e-01 9.943896e-01
    outer loop
      vertex   -1.018410e+02 7.532787e+00 -6.021538e+01
      vertex   -6.184096e+01 5.634157e+00 -6.001341e+01
      vertex   -6.184096e+01 7.532787e+00 -6.021538e+01
    endloop
  endfacet
  facet normal -0.000000e+00 2.312410e-01 9.728965e-01
    outer loop
      vertex   -1.018410e+02 7.532787e+00 -6.021538e+01
      vertex   -6.184096e+01 7.532787e+00 -6.021538e+01
      vertex   -1.018410e+02 9.390379e+00 -6.065690e+01
    endloop
  endfacet
  facet normal -0.000000e+00 2.312410e-01 9.728965e-01
    outer loop
      vertex   -1.018410e+02 9.390379e+00 -6.065690e+01
      vertex   -6.184096e+01 7.532787e+00 -6.021538e+01
      vertex   -6.184096e+01 9.390379e+00 -6.065690e+01
    endloop
  endfacet
  facet normal -0.000000e+00 3.529560e-01 9.356399e-01
    outer loop
      vertex   -1.018410e+02 9.390379e+00 -6.065690e+01
      vertex   -6.184096e+01 9.390379e+00 -6.065690e+01
      vertex   -1.018410e+02 1.117684e+01 -6.133081e+01
    endloop
  endfacet
  facet normal -0.000000e+00 3.529560e-01 9.356399e-01
    outer loop
      vertex   -1.018410e+02 1.117684e+01 -6.133081e+01
      vertex   -6.184096e+01 9.390379e+00 -6.065690e+01
      vertex   -6.184096e+01 1.117684e+01 -6.133081e+01
    endloop
  endfacet
  facet normal -0.000000e+00 4.689523e-01 8.832235e-01
    outer loop
      vertex   -1.018410e+02 1.117684e+01 -6.133081e+01
      vertex   -6.184096e+01 1.117684e+01 -6.133081e+01
      vertex   -1.018410e+02 1.286321e+01 -6.222620e+01
    endloop
  endfacet
  facet normal -0.000000e+00 4.689523e-01 8.832235e-01
    outer loop
      vertex   -1.018410e+02 1.286321e+01 -6.222620e+01
      vertex   -6.184096e+01 1.117684e+01 -6.133081e+01
      vertex   -6.184096e+01 1.286321e+01 -6.222620e+01
    endloop
  endfacet
  facet normal -0.000000e+00 5.773503e-01 8.164966e-01
    outer loop
      vertex   -1.018410e+02 1.286321e+01 -6.222620e+01
      vertex   -6.184096e+01 1.286321e+01 -6.222620e+01
      vertex   -1.018410e+02 1.442218e+01 -6.332856e+01
    endloop
  endfacet
  facet normal -0.000000e+00 5.773503e-01 8.164966e-01
    outer loop
      vertex   -1.018410e+02 1.442218e+01 -6.332856e+01
      vertex   -6.184096e+01 1.286321e+01 -6.222620e+01
      vertex   -6.184096e+01 1.442218e+01 -6.332856e+01
    endloop
  endfacet
  facet normal -0.000000e+00 6.763937e-01 7.365403e-01
    outer loop
      vertex   -1.018410e+02 1.442218e+01 -6.332856e+01
      vertex   -6.184096e+01 1.442218e+01 -6.332856e+01
      vertex   -1.018410e+02 1.582849e+01 -6.462003e+01
    endloop
  endfacet
  facet normal -0.000000e+00 6.763937e-01 7.365403e-01
    outer loop
      vertex   -1.018410e+02 1.582849e+01 -6.462003e+01
      vertex   -6.184096e+01 1.442218e+01 -6.332856e+01
      vertex   -6.184096e+01 1.582849e+01 -6.462003e+01
    endloop
  endfacet
  facet normal -0.000000e+00 7.644777e-01 6.446501e-01
    outer loop
      vertex   -1.018410e+02 1.582849e+01 -6.462003e+01
      vertex   -6.184096e+01 1.582849e+01 -6.462003e+01
      vertex   -1.018410e+02 1.705935e+01 -6.607968e+01
    endloop
  endfacet
  facet normal -0.000000e+00 7.644777e-01 6.446501e-01
    outer loop
      vertex   -1.018410e+02 1.705935e+01 -6.607968e+01
      vertex   -6.184096e+01 1.582849e+01 -6.462003e+01
      vertex   -6.184096e+01 1.705935e+01 -6.607968e+01
    endloop
  endfacet
  facet normal -0.000000e+00 8.401753e-01 5.423149e-01
    outer loop
      vertex   -1.018410e+02 1.705935e+01 -6.607968e+01
      vertex   -6.184096e+01 1.705935e+01 -6.607968e+01
      vertex   -1.018410e+02 1.809481e+01 -6.768386e+01
    endloop
  endfacet
  facet normal -0.000000e+00 8.401753e-01 5.423149e-01
    outer loop
      vertex   -1.018410e+02 1.809481e+01 -6.768386e+01
      vertex   -6.184096e+01 1.705935e+01 -6.607968e+01
      vertex   -6.184096e+01 1.809481e+01 -6.768386e+01
    endloop
  endfacet
  facet normal -0.000000e+00 9.022598e-01 4.311928e-01
    outer loop
      vertex   -1.018410e+02 1.809481e+01 -6.768386e+01
      vertex   -6.184096e+01 1.809481e+01 -6.768386e+01
      vertex   -1.018410e+02 1.891811e+01 -6.940658e+01
    endloop
  endfacet
  facet normal -0.000000e+00 9.022598e-01 4.311928e-01
    outer loop
      vertex   -1.018410e+02 1.891811e+01 -6.940658e+01
      vertex   -6.184096e+01 1.809481e+01 -6.768386e+01
      vertex   -6.184096e+01 1.891811e+01 -6.940658e+01
    endloop
  endfacet
  facet normal -0.000000e+00 9.497253e-01 3.130843e-01
    outer loop
      vertex   -1.018410e+02 1.891811e+01 -6.940658e+01
      vertex   -6.184096e+01 1.891811e+01 -6.940658e+01
      vertex   -1.018410e+02 1.951589e+01 -7.121993e+01
    endloop
  endfacet
  facet normal -0.000000e+00 9.497253e-01 3.130843e-01
    outer loop
      vertex   -1.018410e+02 1.951589e+01 -7.121993e+01
      vertex   -6.184096e+01 1.891811e+01 -6.940658e+01
      vertex   -6.184096e+01 1.951589e+01 -7.121993e+01
    endloop
  endfacet
  facet normal -0.000000e+00 9.818029e-01 1.899030e-01
    outer loop
      vertex   -1.018410e+02 1.951589e+01 -7.121993e+01
      vertex   -6.184096e+01 1.951589e+01 -7.121993e+01
      vertex   -1.018410e+02 1.987848e+01 -7.309453e+01
    endloop
  endfacet
  facet normal -0.000000e+00 9.818029e-01 1.899030e-01
    outer loop
      vertex   -1.018410e+02 1.987848e+01 -7.309453e+01
      vertex   -6.184096e+01 1.951589e+01 -7.121993e+01
      vertex   -6.184096e+01 1.987848e+01 -7.309453e+01
    endloop
  endfacet
  facet normal -0.000000e+00 9.979726e-01 6.364473e-02
    outer loop
      vertex   -1.018410e+02 1.987848e+01 -7.309453e+01
      vertex   -6.184096e+01 1.987848e+01 -7.309453e+01
      vertex   -1.018410e+02 2.000000e+01 -7.500000e+01
    endloop
  endfacet
  facet normal -0.000000e+00 9.979726e-01 6.364473e-02
    outer loop
      vertex   -1.018410e+02 2.000000e+01 -7.500000e+01
      vertex   -6.184096e+01 1.987848e+01 -7.309453e+01
      vertex   -6.184096e+01 2.000000e+01 -7.500000e+01
    endloop
  endfacet
  facet normal 0.000000e+00 9.979726e-01 -6.364473e-02
    outer loop
      vertex   -1.018410e+02 2.000000e+01 -7.500000e+01
      vertex   -6.184096e+01 2.000000e+01 -7.500000e+01
      vertex   -1.018410e+02 1.987848e+01 -7.690547e+01
    endloop
  endfacet
  facet normal 0.000000e+00 9.979726e-01 -6.364473e-02
    outer loop
      vertex   -1.018410e+02 1.987848e+01 -7.690547e+01
      vertex   -6.184096e+01 2.000000e+01 -7.500000e+01
      vertex   -6.184096e+01 1.987848e+01 -7.690547e+01
    endloop
  endfacet
  facet normal 0.000000e+00 9.818029e-01 -1.899030e-01
    outer loop
      vertex   -1.018410e+02 1.987848e+01 -7.690547e+01
      vertex   -6.184096e+01 1.987848e+01 -7.690547e+01
      vertex   -1.018410e+02 1.951589e+01 -7.878007e+01
    endloop
  endfacet
  facet normal 0.000000e+00 9.818029e-01 -1.899030e-01
    outer loop
      vertex   -1.018410e+02 1.951589e+01 -7.878007e+01
      vertex   -6.184096e+01 1.987848e+01 -7.690547e+01
      vertex   -6.184096e+01 1.951589e+01 -7.878007e+01
    endloop
  endfacet
  facet normal 0.000000e+00 9.497253e-01 -3.130843e-01
    outer loop
      vertex   -1.018410e+02 1.951589e+01 -7.878007e+01
      vertex   -6.184096e+01 1.951589e+01 -7.878007e+01
      vertex   -1.018410e+02 1.891811e+01 -8.059342e+01
    endloop
  endfacet
  facet normal 0.000000e+00 9.497253e-01 -3.130843e-01
    outer loop
      vertex   -1.018410e+02 1.891811e+01 -8.059342e+01
      vertex   -6.184096e+01 1.951589e+01 -7.878007e+01
      vertex   -6.184096e+01 1.891811e+01 -8.059342e+01
    endloop
  endfacet
  facet normal 0.000000e+00 9.022598e-01 -4.311928e-01
    outer loop
      vertex   -1.018410e+02 1.891811e+01 -8.059342e+01
      vertex   -6.184096e+01 1.891811e+01 -8.059342e+01
      vertex   -1.018410e+02 1.809481e+01 -8.231614e+01
    endloop
  endfacet
  facet normal 0.000000e+00 9.022598e-01 -4.311928e-01
    outer loop
      vertex   -1.018410e+02 1.809481e+01 -8.231614e+01
      vertex   -6.184096e+01 1.891811e+01 -8.059342e+01
      vertex   -6.184096e+01 1.809481e+01 -8.231614e+01
    endloop
  endfacet
  facet normal 0.000000e+00 8.401753e-01 -5.423149e-01
    outer loop
      vertex   -1.018410e+02 1.809481e+01 -8.231614e+01
      vertex   -6.184096e+01 1.809481e+01 -8.231614e+01
      vertex   -1.018410e+02 1.705935e+01 -8.392032e+01
    endloop
  endfacet
  facet normal 0.000000e+00 8.401753e-01 -5.423149e-01
    outer loop
      vertex   -1.018410e+02 1.705935e+01 -8.392032e+01
      vertex   -6.184096e+01 1.809481e+01 -8.231614e+01
      vertex   -6.184096e+01 1.705935e+01 -8.392032e+01
    endloop
  endfacet
  facet normal 0.000000e+00 7.644777e-01 -6.446501e-01
    outer loop
      vertex   -1.018410e+02 1.705935e+01 -8.392032e+01
      vertex   -6.184096e+01 1.705935e+01 -8.392032e+01
      vertex   -1.018410e+02 1.582849e+01 -8.537997e+01
    endloop
  endfacet
  facet normal 0.000000e+00 7.644777e-01 -6.446501e-01
    outer loop
      vertex   -1.018410e+02 1.582849e+01 -8.537997e+01
      vertex   -6.184096e+01 1.705935e+01 -8.392032e+01
      vertex   -6.184096e+01 1.582849e+01 -8.537997e+01
    endloop
  endfacet
  facet normal 0.000000e+00 6.763937e-01 -7.365403e-01
    outer loop
      vertex   -1.018410e+02 1.582849e+01 -8.537997e+01
      vertex   -6.184096e+01 1.582849e+01 -8.537997e+01
      vertex   -1.018410e+02 1.442218e+01 -8.667144e+01
    endloop
  endfacet
  facet normal 0.000000e+00 6.763937e-01 -7.365403e-01
    outer loop
      vertex   -1.018410e+02 1.442218e+01 -8.667144e+01
      vertex   -6.184096e+01 1.582849e+01 -8.537997e+01
      vertex   -6.184096e+01 1.442218e+01 -8.667144e+01
    endloop
  endfacet
  facet normal 0.000000e+00 5.773503e-01 -8.164966e-01
    outer loop
      vertex   -1.018410e+02 1.442218e+01 -8.667144e+01
      vertex   -6.184096e+01 1.442218e+01 -8.667144e+01
      vertex   -1.018410e+02 1.286321e+01 -8.777380e+01
    endloop
  endfacet
  facet normal 0.000000e+00 5.773503e-01 -8.164966e-01
    outer loop
      vertex   -1.018410e+02 1.286321e+01 -8.777380e+01
      vertex   -6.184096e+01 1.442218e+01 -8.667144e+01
      vertex   -6.184096e+01 1.286321e+01 -8.777380e+01
    endloop
  endfacet
  facet normal 0.000000e+00 4.689523e-01 -8.832235e-01
    outer loop
      vertex   -1.018410e+02 1.286321e+01 -8.777380e+01
      vertex   -6.184096e+01 1.286321e+01 -8.777380e+01
      vertex   -1.018410e+02 1.117684e+01 -8.866919e+01
    endloop
  endfacet
  facet normal 0.000000e+00 4.689523e-01 -8.832235e-01
    outer loop
      vertex   -1.018410e+02 1.117684e+01 -8.866919e+01
      vertex   -6.184096e+01 1.286321e+01 -8.777380e+01
      vertex   -6.184096e+01 1.117684e+01 -8.866919e+01
    endloop
  endfacet
  facet normal 0.000000e+00 3.529560e-01 -9.356399e-01
    outer loop
      vertex   -1.018410e+02 1.117684e+01 -8.866919e+01
      vertex   -6.184096e+01 1.117684e+01 -8.866919e+01
      vertex   -1.018410e+02 9.390379e+00 -8.934310e+01
    endloop
  endfacet
  facet normal 0.000000e+00 3.529560e-01 -9.356399e-01
    outer loop
      vertex   -1.018410e+02 9.390379e+00 -8.934310e+01
      vertex   -6.184096e+01 1.117684e+01 -8.866919e+01
      vertex   -6.184096e+01 9.390379e+00 -8.934310e+01
    endloop
  endfacet
  facet normal 0.000000e+00 2.312410e-01 -9.728965e-01
    outer loop
      vertex   -1.018410e+02 9.390379e+00 -8.934310e+01
      vertex   -6.184096e+01 9.390379e+00 -8.934310e+01
      vertex   -1.018410e+02 7.532787e+00 -8.978462e+01
    endloop
  endfacet
  facet normal 0.000000e+00 2.312410e-01 -9.728965e-01
    outer loop
      vertex   -1.018410e+02 7.532787e+00 -8.978462e+01
      vertex   -6.184096e+01 9.390379e+00 -8.934310e+01
      vertex   -6.184096e+01 7.532787e+00 -8.978462e+01
    endloop
  endfacet
  facet normal 0.000000e+00 1.057792e-01 -9.943896e-01
    outer loop
      vertex   -1.018410e+02 7.532787e+00 -8.978462e+01
      vertex   -6.184096e+01 7.532787e+00 -8.978462e+01
      vertex   -1.018410e+02 5.634157e+00 -8.998659e+01
    endloop
  endfacet
  facet normal 0.000000e+00 1.057792e-01 -9.943896e-01
    outer loop
      vertex   -1.018410e+02 5.634157e+00 -8.998659e+01
      vertex   -6.184096e+01 7.532787e+00 -8.978462e+01
      vertex   -6.184096e+01 5.634157e+00 -8.998659e+01
    endloop
  endfacet
  facet normal 0.000000e+00 -2.139640e-02 -9.997711e-01
    outer loop
      vertex   -1.018410e+02 5.634157e+00 -8.998659e+01
      vertex   -6.184096e+01 5.634157e+00 -8.998659e+01
      vertex   -1.018410e+02 3.725252e+00 -8.994574e+01
    endloop
  endfacet
  facet normal 0.000000e+00 -2.139640e-02 -9.997711e-01
    outer loop
      vertex   -1.018410e+02 3.725252e+00 -8.994574e+01
      vertex   -6.184096e+01 5.634157e+00 -8.998659e+01
      vertex   -6.184096e+01 3.725252e+00 -8.994574e+01
    endloop
  endfacet
  facet normal 0.000000e+00 -1.482254e-01 -9.889536e-01
    outer loop
      vertex   -1.018410e+02 3.725252e+00 -8.994574e+01
      vertex   -6.184096e+01 3.725252e+00 -8.994574e+01
      vertex   -1.018410e+02 1.837002e+00 -8.966272e+01
    endloop
  endfacet
  facet normal 0.000000e+00 -1.482254e-01 -9.889536e-01
    outer loop
      vertex   -1.018410e+02 1.837002e+00 -8.966272e+01
      vertex   -6.184096e+01 3.725252e+00 -8.994574e+01
      vertex   -6.184096e+01 1.837002e+00 -8.966272e+01
    endloop
  endfacet
  facet normal 0.000000e+00 -2.726527e-01 -9.621125e-01
    outer loop
      vertex   -1.018410e+02 1.837002e+00 -8.966272e+01
      vertex   -6.184096e+01 1.837002e+00 -8.966272e+01
      vertex   -1.018410e+02 3.330669e-15 -8.914214e+01
    endloop
  endfacet
  facet normal 0.000000e+00 -2.726527e-01 -9.621125e-01
    outer loop
      vertex   -1.018410e+02 3.330669e-15 -8.914214e+01
      vertex   -6.184096e+01 1.837002e+00 -8.966272e+01
      vertex   -6.184096e+01 3.330669e-15 -8.914214e+01
    endloop
  endfacet
  facet normal -1.000000e+00 0.000000e+00 0.000000e+00
    outer loop
      vertex   -1.018410e+02 3.330669e-15 -8.914214e+01
      vertex   -1.018410e+02 0.000000e+00 -6.085786e+01
      vertex   -1.018410e+02 1.837002e+00 -8.966272e+01
    endloop
  endfacet
  facet normal -1.000000e+00 0.000000e+00 0.000000e+00
    outer loop
      vertex   -1.018410e+02 1.837002e+00 -8.966272e+01
      vertex   -1.018410e+02 0.000000e+00 -6.085786e+01
      vertex   -1.018410e+02 1.837002e+00 -6.033728e+01
    endloop
  endfacet
  facet normal -1.000000e+00 0.000000e+00 0.000000e+00
    outer loop
      vertex   -1.018410e+02 1.837002e+00 -8.966272e+01
      vertex   -1.018410e+02 1.837002e+00 -6.033728e+01
      vertex   -1.018410e+02 3.725252e+00 -8.994574e+01
    endloop
  endfacet
  facet normal -1.000000e+00 0.000000e+00 0.000000e+00
    outer loop
      vertex   -1.018410e+02 3.725252e+00 -8.994574e+01
      vertex   -1.018410e+02 1.837002e+00 -6.033728e+01
      vertex   -1.018410e+02 3.725252e+00 -6.005426e+01
    endloop
  endfacet
  facet normal -1.000000e+00 0.000000e+00 0.000000e+00
    outer loop
      vertex   -1.018410e+02 3.725252e+00 -8.994574e+01
      vertex   -1.018410e+02 3.725252e+00 -6.005426e+01
      vertex   -1.018410e+02 5.634157e+00 -8.998659e+01
    endloop
  endfacet
  facet normal -1.000000e+00 0.000000e+00 0.000000e+00
    outer loop
      vertex   -1.018410e+02 5.634157e+00 -8.998659e+01
      vertex   -1.018410e+02 3.725252e+00 -6.005426e+01
      vertex   -1.018410e+02 5.634157e+00 -6.001341e+01
    endloop
  endfacet
  facet normal -1.000000e+00 0.000000e+00 0.000000e+00
    outer loop
      vertex   -1.018410e+02 5.634157e+00 -8.998659e+01
      vertex   -1.018410e+02 5.634157e+00 -6.001341e+01
      vertex   -1.018410e+02 7.532787e+00 -8.978462e+01
    endloop
  endfacet
  facet normal -1.000000e+00 0.000000e+00 0.000000e+00
    outer loop
      vertex   -1.018410e+02 7.532787e+00 -8.978462e+01
      vertex   -1.018410e+02 5.634157e+00 -6.001341e+01
      vertex   -1.018410e+02 7.532787e+00 -6.021538e+01
    endloop
  endfacet
  facet normal -1.000000e+00 0.000000e+00 0.000000e+00
    outer loop
      vertex   -1.018410e+02 7.532787e+00 -8.978462e+01
      vertex   -1.018410e+02 7.532787e+00 -6.021538e+01
      vertex   -1.018410e+02 9.390379e+00 -8.934310e+01
    endloop
  endfacet
  facet normal -1.000000e+00 0.000000e+00 0.000000e+00
    outer loop
      vertex   -1.018410e+02 9.390379e+00 -8.934310e+01
      vertex   -1.018410e+02 7.532787e+00 -6.021538e+01
      vertex   -1.018410e+02 9.390379e+00 -6.065690e+01
    endloop
  endfacet
  facet normal -1.000000e+00 0.000000e+00 0.000000e+00
    outer loop
      vertex   -1.018410e+02 9.390379e+00 -8.934310e+01
      vertex   -1.018410e+02 9.390379e+00 -6.065690e+01
      vertex   -1.018410e+02 1.117684e+01 -8.866919e+01
    endloop
  endfacet
  facet normal -1.000000e+00 0.000000e+00 0.000000e+00
    outer loop
      vertex   -1.018410e+02 1.117684e+01 -8.866919e+01
      vertex   -1.018410e+02 9.390379e+00 -6.065690e+01
      vertex   -1.018410e+02 1.117684e+01 -6.133081e+01
    endloop
  endfacet
  facet normal -1.000000e+00 0.000000e+00 0.000000e+00
    outer loop
      vertex   -1.018410e+02 1.117684e+01 -8.866919e+01
      vertex   -1.018410e+02 1.117684e+01 -6.133081e+01
      vertex   -1.018410e+02 1.286321e+01 -8.777380e+01
    endloop
  endfacet
  facet normal -1.000000e+00 0.000000e+00 0.000000e+00
    outer loop
      vertex   -1.018410e+02 1.286321e+01 -8.777380e+01
      vertex   -1.018410e+02 1.117684e+01 -6.133081e+01
      vertex   -1.018410e+02 1.286321e+01 -6.222620e+01
    endloop
  endfacet
  facet normal -1.000000e+00 0.000000e+00 0.000000e+00
    outer loop
      vertex   -1.018410e+02 1.286321e+01 -8.777380e+01
      vertex   -1.018410e+02 1.286321e+01 -6.222620e+01
      vertex   -1.018410e+02 1.442218e+01 -8.667144e+01
    endloop
  endfacet
  facet normal -1.000000e+00 0.000000e+00 0.000000e+00
    outer loop
      vertex   -1.018410e+02 1.442218e+01 -8.667144e+01
      vertex   -1.018410e+02 1.286321e+01 -6.222620e+01
      vertex   -1.018410e+02 1.442218e+01 -6.332856e+01
    endloop
  endfacet
  facet normal -1.000000e+00 0.000000e+00 0.000000e+00
    outer loop
      vertex   -1.018410e+02 1.442218e+01 -8.667144e+01
      vertex   -1.018410e+02 1.442218e+01 -6.332856e+01
      vertex   -1.018410e+02 1.582849e+01 -8.537997e+01
    endloop
  endfacet
  facet normal -1.000000e+00 0.000000e+00 0.000000e+00
    outer loop
      vertex   -1.018410e+02 1.582849e+01 -8.537997e+01
      vertex   -1.018410e+02 1.442218e+01 -6.332856e+01
      vertex   -1.018410e+02 1.582849e+01 -6.462003e+01
    endloop
  endfacet
  facet normal -1.000000e+00 0.000000e+00 0.000000e+00
    outer loop
      vertex   -1.018410e+02 1.582849e+01 -8.537997e+01
      vertex   -1.018410e+02 1.582849e+01 -6.462003e+01
      vertex   -1.018410e+02 1.705935e+01 -8.392032e+01
    endloop
  endfacet
  facet normal -1.000000e+00 0.000000e+00 0.000000e+00
    outer loop
      vertex   -1.018410e+02 1.705935e+01 -8.392032e+01
      vertex   -1.018410e+02 1.582849e+01 -6.462003e+01
      vertex   -1.018410e+02 1.705935e+01 -6.607968e+01
    endloop
  endfacet
  facet normal -1.000000e+00 0.000000e+00 0.000000e+00
    outer loop
      vertex   -1.018410e+02 1.705935e+01 -8.392032e+01
      vertex   -1.018410e+02 1.705935e+01 -6.607968e+01
      vertex   -1.018410e+02 1.809481e+01 -8.231614e+01
    endloop
  endfacet
  facet normal -1.000000e+00 0.000000e+00 0.000000e+00
    outer loop
      vertex   -1.018410e+02 1.809481e+01 -8.231614e+01
      vertex   -1.018410e+02 1.705935e+01 -6.607968e+01
      vertex   -1.018410e+02 1.809481e+01 -6.768386e+01
    endloop
  endfacet
  facet normal -1.000000e+00 0.000000e+00 0.000000e+00
    outer loop
      vertex   -1.018410e+02 1.809481e+01 -8.231614e+01
      vertex   -1.018410e+02 1.809481e+01 -6.768386e+01
      vertex   -1.018410e+02 1.891811e+01 -8.059342e+01
    endloop
  endfacet
  facet normal -1.000000e+00 0.000000e+00 0.000000e+00
    outer loop
      vertex   -1.018410e+02 1.891811e+01 -8.059342e+01
      vertex   -1.018410e+02 1.809481e+01 -6.768386e+01
      vertex   -1.018410e+02 1.891811e+01 -6.940658e+01
    endloop
  endfacet
  facet normal -1.000000e+00 0.000000e+00 0.000000e+00
    outer loop
      vertex   -1.018410e+02 1.891811e+01 -8.059342e+01
      vertex   -1.018410e+02 1.891811e+01 -6.940658e+01
      vertex   -1.018410e+02 1.951589e+01 -7.878007e+01
    endloop
  endfacet
  facet normal -1.000000e+00 0.000000e+00 0.000000e+00
    outer loop
      vertex   -1.018410e+02 1.951589e+01 -7.878007e+01
      vertex   -1.018410e+02 1.891811e+01 -6.940658e+01
      vertex   -1.018410e+02 1.951589e+01 -7.121993e+01
    endloop
  endfacet
  facet normal -1.000000e+00 0.000000e+00 0.000000e+00
    outer loop
      vertex   -1.018410e+02 1.951589e+01 -7.878007e+01
      vertex   -1.018410e+02 1.951589e+01 -7.121993e+01
      vertex   -1.018410e+02 1.987848e+01 -7.690547e+01
    endloop
  endfacet
  facet normal -1.000000e+00 0.000000e+00 0.000000e+00
    outer loop
      vertex   -1.018410e+02 1.987848e+01 -7.690547e+01
      vertex   -1.018410e+02 1.951589e+01 -7.121993e+01
      vertex   -1.018410e+02 1.987848e+01 -7.309453e+01
    endloop
  endfacet
  facet normal -1.000000e+00 0.000000e+00 0.000000e+00
    outer loop
      vertex   -1.018410e+02 1.987848e+01 -7.690547e+01
      vertex   -1.018410e+02 1.987848e+01 -7.309453e+01
      vertex   -1.018410e+02 2.000000e+01 -7.500000e+01
    endloop
  endfacet
endsolid
