solid ASCII
  facet normal 9.822964e-04 9.999642e-01 -8.404083e-03
    outer loop
      vertex   3.875311e+01 5.000000e+00 4.570272e+01
      vertex   3.817657e+01 5.000000e+00 4.563534e+01
      vertex   3.845227e+01 5.000139e+00 4.568404e+01
    endloop
  endfacet
  facet normal -2.332331e-02 -9.905940e-01 1.348316e-01
    outer loop
      vertex   3.845227e+01 5.000139e+00 4.568404e+01
      vertex   3.817657e+01 5.000000e+00 4.563534e+01
      vertex   3.814802e+01 4.999644e+00 4.562778e+01
    endloop
  endfacet
  facet normal -4.531555e-02 9.911838e-01 1.245035e-01
    outer loop
      vertex   3.814802e+01 4.999644e+00 4.562778e+01
      vertex   3.817657e+01 5.000000e+00 4.563534e+01
      vertex   3.763111e+01 5.000000e+00 4.543681e+01
    endloop
  endfacet
  facet normal -6.001493e-02 9.845868e-01 1.642776e-01
    outer loop
      vertex   3.814802e+01 4.999644e+00 4.562778e+01
      vertex   3.763111e+01 5.000000e+00 4.543681e+01
      vertex   3.784929e+01 4.997150e+00 4.553359e+01
    endloop
  endfacet
  facet normal -3.661284e-01 -4.546437e-01 8.119416e-01
    outer loop
      vertex   3.784929e+01 4.997150e+00 4.553359e+01
      vertex   3.763111e+01 5.000000e+00 4.543681e+01
      vertex   3.756477e+01 4.990883e+00 4.540179e+01
    endloop
  endfacet
  facet normal -4.313177e-01 6.196037e-01 6.557867e-01
    outer loop
      vertex   3.756477e+01 4.990883e+00 4.540179e+01
      vertex   3.763111e+01 5.000000e+00 4.543681e+01
      vertex   3.714614e+01 5.000000e+00 4.511784e+01
    endloop
  endfacet
  facet normal -4.655124e-01 5.369549e-01 7.035465e-01
    outer loop
      vertex   3.756477e+01 4.990883e+00 4.540179e+01
      vertex   3.714614e+01 5.000000e+00 4.511784e+01
      vertex   3.730127e+01 4.978171e+00 4.523714e+01
    endloop
  endfacet
  facet normal -6.158529e-01 -1.265776e-01 7.776267e-01
    outer loop
      vertex   3.730127e+01 4.978171e+00 4.523714e+01
      vertex   3.714614e+01 5.000000e+00 4.511784e+01
      vertex   3.706481e+01 4.956713e+00 4.504638e+01
    endloop
  endfacet
  facet normal -7.082729e-01 2.276625e-01 6.682210e-01
    outer loop
      vertex   3.706481e+01 4.956713e+00 4.504638e+01
      vertex   3.714614e+01 5.000000e+00 4.511784e+01
      vertex   3.674780e+01 5.000000e+00 4.469562e+01
    endloop
  endfacet
  facet normal -7.211550e-01 1.669104e-01 6.723662e-01
    outer loop
      vertex   3.706481e+01 4.956713e+00 4.504638e+01
      vertex   3.674780e+01 5.000000e+00 4.469562e+01
      vertex   3.685839e+01 4.923704e+00 4.483317e+01
    endloop
  endfacet
  facet normal -7.913825e-01 -4.839340e-02 6.094029e-01
    outer loop
      vertex   3.685839e+01 4.923704e+00 4.483317e+01
      vertex   3.674780e+01 5.000000e+00 4.469562e+01
      vertex   3.667648e+01 4.875013e+00 4.459307e+01
    endloop
  endfacet
  facet normal -8.629886e-01 8.367137e-02 4.982467e-01
    outer loop
      vertex   3.667648e+01 4.875013e+00 4.459307e+01
      vertex   3.674780e+01 5.000000e+00 4.469562e+01
      vertex   3.645757e+01 5.000000e+00 4.419292e+01
    endloop
  endfacet
  facet normal -8.674528e-01 6.136273e-02 4.937208e-01
    outer loop
      vertex   3.667648e+01 4.875013e+00 4.459307e+01
      vertex   3.645757e+01 5.000000e+00 4.419292e+01
      vertex   3.652324e+01 4.808328e+00 4.433213e+01
    endloop
  endfacet
  facet normal -9.145657e-01 -1.997862e-02 4.039436e-01
    outer loop
      vertex   3.652324e+01 4.808328e+00 4.433213e+01
      vertex   3.645757e+01 5.000000e+00 4.419292e+01
      vertex   3.640383e+01 4.721505e+00 4.405747e+01
    endloop
  endfacet
  facet normal -9.570048e-01 4.532833e-02 2.865084e-01
    outer loop
      vertex   3.640383e+01 4.721505e+00 4.405747e+01
      vertex   3.645757e+01 5.000000e+00 4.419292e+01
      vertex   3.629109e+01 5.000000e+00 4.363685e+01
    endloop
  endfacet
  facet normal -9.610713e-01 2.636094e-02 2.750401e-01
    outer loop
      vertex   3.640383e+01 4.721505e+00 4.405747e+01
      vertex   3.629109e+01 5.000000e+00 4.363685e+01
      vertex   3.632059e+01 4.613627e+00 4.377696e+01
    endloop
  endfacet
  facet normal -9.837800e-01 -1.016892e-02 1.790907e-01
    outer loop
      vertex   3.632059e+01 4.613627e+00 4.377696e+01
      vertex   3.629109e+01 5.000000e+00 4.363685e+01
      vertex   3.627130e+01 4.487584e+00 4.349902e+01
    endloop
  endfacet
  facet normal -9.980460e-01 2.291746e-02 5.812956e-02
    outer loop
      vertex   3.627130e+01 4.487584e+00 4.349902e+01
      vertex   3.629109e+01 5.000000e+00 4.363685e+01
      vertex   3.625734e+01 5.000000e+00 4.305736e+01
    endloop
  endfacet
  facet normal -9.997478e-01 -9.824355e-03 2.019585e-02
    outer loop
      vertex   3.627130e+01 4.487584e+00 4.349902e+01
      vertex   3.625734e+01 5.000000e+00 4.305736e+01
      vertex   3.626366e+01 4.190993e+00 4.297639e+01
    endloop
  endfacet
  facet normal -9.847615e-01 9.694158e-03 -1.736400e-01
    outer loop
      vertex   3.626366e+01 4.190993e+00 4.297639e+01
      vertex   3.625734e+01 5.000000e+00 4.305736e+01
      vertex   3.635814e+01 5.000000e+00 4.248572e+01
    endloop
  endfacet
  facet normal -9.818345e-01 -4.117243e-04 -1.897388e-01
    outer loop
      vertex   3.626366e+01 4.190993e+00 4.297639e+01
      vertex   3.635814e+01 5.000000e+00 4.248572e+01
      vertex   3.635894e+01 3.825903e+00 4.248410e+01
    endloop
  endfacet
  facet normal -9.261552e-01 -1.150466e-04 -3.771425e-01
    outer loop
      vertex   3.635894e+01 3.825903e+00 4.248410e+01
      vertex   3.635814e+01 5.000000e+00 4.248572e+01
      vertex   3.653860e+01 3.406474e+00 4.204305e+01
    endloop
  endfacet
  facet normal -9.181993e-01 6.044468e-03 -3.960725e-01
    outer loop
      vertex   3.653860e+01 3.406474e+00 4.204305e+01
      vertex   3.635814e+01 5.000000e+00 4.248572e+01
      vertex   3.658805e+01 5.000000e+00 4.195272e+01
    endloop
  endfacet
  facet normal -8.441342e-01 -4.192187e-03 -5.361156e-01
    outer loop
      vertex   3.653860e+01 3.406474e+00 4.204305e+01
      vertex   3.658805e+01 5.000000e+00 4.195272e+01
      vertex   3.677534e+01 2.960704e+00 4.167377e+01
    endloop
  endfacet
  facet normal -8.020974e-01 8.016177e-03 -5.971394e-01
    outer loop
      vertex   3.677534e+01 2.960704e+00 4.167377e+01
      vertex   3.658805e+01 5.000000e+00 4.195272e+01
      vertex   3.693468e+01 5.000000e+00 4.148712e+01
    endloop
  endfacet
  facet normal -7.421675e-01 -3.353598e-03 -6.702060e-01
    outer loop
      vertex   3.677534e+01 2.960704e+00 4.167377e+01
      vertex   3.693468e+01 5.000000e+00 4.148712e+01
      vertex   3.704364e+01 2.510329e+00 4.137892e+01
    endloop
  endfacet
  facet normal -6.427790e-01 5.161070e-03 -7.660342e-01
    outer loop
      vertex   3.704364e+01 2.510329e+00 4.137892e+01
      vertex   3.693468e+01 5.000000e+00 4.148712e+01
      vertex   3.737934e+01 5.000000e+00 4.111401e+01
    endloop
  endfacet
  facet normal -6.230158e-01 7.752224e-04 -7.822088e-01
    outer loop
      vertex   3.704364e+01 2.510329e+00 4.137892e+01
      vertex   3.737934e+01 5.000000e+00 4.111401e+01
      vertex   3.735096e+01 2.029223e+00 4.113367e+01
    endloop
  endfacet
  facet normal -4.973476e-01 -9.901914e-04 -8.675508e-01
    outer loop
      vertex   3.735096e+01 2.029223e+00 4.113367e+01
      vertex   3.737934e+01 5.000000e+00 4.111401e+01
      vertex   3.768809e+01 1.524898e+00 4.094097e+01
    endloop
  endfacet
  facet normal -4.487944e-01 4.621755e-03 -8.936231e-01
    outer loop
      vertex   3.768809e+01 1.524898e+00 4.094097e+01
      vertex   3.737934e+01 5.000000e+00 4.111401e+01
      vertex   3.789806e+01 5.000000e+00 4.085349e+01
    endloop
  endfacet
  facet normal -3.576790e-01 -1.896100e-03 -9.338427e-01
    outer loop
      vertex   3.768809e+01 1.524898e+00 4.094097e+01
      vertex   3.789806e+01 5.000000e+00 4.085349e+01
      vertex   3.804293e+01 1.009544e+00 4.080611e+01
    endloop
  endfacet
  facet normal -2.306147e-01 3.182386e-03 -9.730399e-01
    outer loop
      vertex   3.804293e+01 1.009544e+00 4.080611e+01
      vertex   3.789806e+01 5.000000e+00 4.085349e+01
      vertex   3.846288e+01 5.000000e+00 4.071963e+01
    endloop
  endfacet
  facet normal -2.110921e-01 1.031965e-03 -9.774656e-01
    outer loop
      vertex   3.804293e+01 1.009544e+00 4.080611e+01
      vertex   3.846288e+01 5.000000e+00 4.071963e+01
      vertex   3.840237e+01 4.965518e-01 4.072794e+01
    endloop
  endfacet
  facet normal -7.292645e-02 -8.613044e-04 -9.973369e-01
    outer loop
      vertex   3.840237e+01 4.965518e-01 4.072794e+01
      vertex   3.846288e+01 5.000000e+00 4.071963e+01
      vertex   3.875311e+01 0.000000e+00 4.070272e+01
    endloop
  endfacet
  facet normal 0.000000e+00 3.380802e-03 -9.999943e-01
    outer loop
      vertex   3.875311e+01 0.000000e+00 4.070272e+01
      vertex   3.846288e+01 5.000000e+00 4.071963e+01
      vertex   3.904334e+01 5.000000e+00 4.071963e+01
    endloop
  endfacet
  facet normal 8.704393e-02 -1.684608e-03 -9.962030e-01
    outer loop
      vertex   3.875311e+01 0.000000e+00 4.070272e+01
      vertex   3.904334e+01 5.000000e+00 4.071963e+01
      vertex   3.916844e+01 5.882866e-01 4.073802e+01
    endloop
  endfacet
  facet normal 2.306152e-01 2.483012e-03 -9.730419e-01
    outer loop
      vertex   3.916844e+01 5.882866e-01 4.073802e+01
      vertex   3.904334e+01 5.000000e+00 4.071963e+01
      vertex   3.960816e+01 5.000000e+00 4.085349e+01
    endloop
  endfacet
  facet normal 2.506082e-01 3.606277e-04 -9.680885e-01
    outer loop
      vertex   3.916844e+01 5.882866e-01 4.073802e+01
      vertex   3.960816e+01 5.000000e+00 4.085349e+01
      vertex   3.959254e+01 1.195940e+00 4.084803e+01
    endloop
  endfacet
  facet normal 4.206928e-01 -4.253815e-04 -9.072030e-01
    outer loop
      vertex   3.959254e+01 1.195940e+00 4.084803e+01
      vertex   3.960816e+01 5.000000e+00 4.085349e+01
      vertex   4.000357e+01 1.799982e+00 4.103835e+01
    endloop
  endfacet
  facet normal 4.487959e-01 3.831480e-03 -8.936261e-01
    outer loop
      vertex   4.000357e+01 1.799982e+00 4.103835e+01
      vertex   3.960816e+01 5.000000e+00 4.085349e+01
      vertex   4.012688e+01 5.000000e+00 4.111401e+01
    endloop
  endfacet
  facet normal 5.815886e-01 -3.180530e-03 -8.134768e-01
    outer loop
      vertex   4.000357e+01 1.799982e+00 4.103835e+01
      vertex   4.012688e+01 5.000000e+00 4.111401e+01
      vertex   4.038070e+01 2.379405e+00 4.130571e+01
    endloop
  endfacet
  facet normal 6.427752e-01 6.216483e-03 -7.660296e-01
    outer loop
      vertex   4.038070e+01 2.379405e+00 4.130571e+01
      vertex   4.012688e+01 5.000000e+00 4.111401e+01
      vertex   4.057155e+01 5.000000e+00 4.148712e+01
    endloop
  endfacet
  facet normal 7.225340e-01 -4.763917e-03 -6.913190e-01
    outer loop
      vertex   4.038070e+01 2.379405e+00 4.130571e+01
      vertex   4.057155e+01 5.000000e+00 4.148712e+01
      vertex   4.070586e+01 2.916897e+00 4.164186e+01
    endloop
  endfacet
  facet normal 8.021015e-01 7.362263e-03 -5.971424e-01
    outer loop
      vertex   4.070586e+01 2.916897e+00 4.164186e+01
      vertex   4.057155e+01 5.000000e+00 4.148712e+01
      vertex   4.091818e+01 5.000000e+00 4.195272e+01
    endloop
  endfacet
  facet normal 8.450143e-01 -6.328923e-03 -5.347062e-01
    outer loop
      vertex   4.070586e+01 2.916897e+00 4.164186e+01
      vertex   4.091818e+01 5.000000e+00 4.195272e+01
      vertex   4.098504e+01 3.442483e+00 4.207683e+01
    endloop
  endfacet
  facet normal 9.138803e-01 6.888757e-03 -4.059252e-01
    outer loop
      vertex   4.098504e+01 3.442483e+00 4.207683e+01
      vertex   4.091818e+01 5.000000e+00 4.195272e+01
      vertex   4.109676e+01 3.693494e+00 4.233261e+01
    endloop
  endfacet
  facet normal 9.181670e-01 1.034353e-02 -3.960586e-01
    outer loop
      vertex   4.109676e+01 3.693494e+00 4.233261e+01
      vertex   4.091818e+01 5.000000e+00 4.195272e+01
      vertex   4.114809e+01 5.000000e+00 4.248572e+01
    endloop
  endfacet
  facet normal 9.574062e-01 -3.777114e-03 -2.887196e-01
    outer loop
      vertex   4.109676e+01 3.693494e+00 4.233261e+01
      vertex   4.114809e+01 5.000000e+00 4.248572e+01
      vertex   4.118126e+01 3.927941e+00 4.260974e+01
    endloop
  endfacet
  facet normal 9.825637e-01 8.917750e-03 -1.857124e-01
    outer loop
      vertex   4.118126e+01 3.927941e+00 4.260974e+01
      vertex   4.114809e+01 5.000000e+00 4.248572e+01
      vertex   4.123456e+01 4.141506e+00 4.290199e+01
    endloop
  endfacet
  facet normal 9.846971e-01 1.499195e-02 -1.736287e-01
    outer loop
      vertex   4.123456e+01 4.141506e+00 4.290199e+01
      vertex   4.114809e+01 5.000000e+00 4.248572e+01
      vertex   4.124888e+01 5.000000e+00 4.305736e+01
    endloop
  endfacet
  facet normal 9.983148e-01 -6.216660e-03 -5.769627e-02
    outer loop
      vertex   4.123456e+01 4.141506e+00 4.290199e+01
      vertex   4.124888e+01 5.000000e+00 4.305736e+01
      vertex   4.125311e+01 4.330127e+00 4.320272e+01
    endloop
  endfacet
  facet normal 9.981295e-01 1.891737e-02 5.813442e-02
    outer loop
      vertex   4.125311e+01 4.330127e+00 4.320272e+01
      vertex   4.124888e+01 5.000000e+00 4.305736e+01
      vertex   4.121513e+01 5.000000e+00 4.363685e+01
    endloop
  endfacet
  facet normal 9.957708e-01 -3.047875e-03 9.182170e-02
    outer loop
      vertex   4.125311e+01 4.330127e+00 4.320272e+01
      vertex   4.121513e+01 5.000000e+00 4.363685e+01
      vertex   4.121309e+01 4.555870e+00 4.364425e+01
    endloop
  endfacet
  facet normal 9.633502e-01 4.171784e-05 2.682470e-01
    outer loop
      vertex   4.121309e+01 4.555870e+00 4.364425e+01
      vertex   4.121513e+01 5.000000e+00 4.363685e+01
      vertex   4.108525e+01 4.737289e+00 4.410334e+01
    endloop
  endfacet
  facet normal 9.573816e-01 3.561995e-02 2.866212e-01
    outer loop
      vertex   4.108525e+01 4.737289e+00 4.410334e+01
      vertex   4.121513e+01 5.000000e+00 4.363685e+01
      vertex   4.104865e+01 5.000000e+00 4.419292e+01
    endloop
  endfacet
  facet normal 8.876135e-01 -3.301430e-02 4.594044e-01
    outer loop
      vertex   4.108525e+01 4.737289e+00 4.410334e+01
      vertex   4.104865e+01 5.000000e+00 4.419292e+01
      vertex   4.086221e+01 4.863423e+00 4.454333e+01
    endloop
  endfacet
  facet normal 8.616755e-01 1.001024e-01 4.974886e-01
    outer loop
      vertex   4.086221e+01 4.863423e+00 4.454333e+01
      vertex   4.104865e+01 5.000000e+00 4.419292e+01
      vertex   4.075842e+01 5.000000e+00 4.469562e+01
    endloop
  endfacet
  facet normal 7.726856e-01 -1.099316e-01 6.251976e-01
    outer loop
      vertex   4.086221e+01 4.863423e+00 4.454333e+01
      vertex   4.075842e+01 5.000000e+00 4.469562e+01
      vertex   4.055940e+01 4.940082e+00 4.493105e+01
    endloop
  endfacet
  facet normal 7.003569e-01 2.700112e-01 6.607527e-01
    outer loop
      vertex   4.055940e+01 4.940082e+00 4.493105e+01
      vertex   4.075842e+01 5.000000e+00 4.469562e+01
      vertex   4.036008e+01 5.000000e+00 4.511784e+01
    endloop
  endfacet
  facet normal 5.984756e-01 -3.108602e-01 7.383718e-01
    outer loop
      vertex   4.055940e+01 4.940082e+00 4.493105e+01
      vertex   4.036008e+01 5.000000e+00 4.511784e+01
      vertex   4.018419e+01 4.979518e+00 4.525178e+01
    endloop
  endfacet
  facet normal 4.407233e-01 5.972823e-01 6.700872e-01
    outer loop
      vertex   4.018419e+01 4.979518e+00 4.525178e+01
      vertex   4.036008e+01 5.000000e+00 4.511784e+01
      vertex   3.987511e+01 5.000000e+00 4.543681e+01
    endloop
  endfacet
  facet normal 2.831797e-01 -7.791098e-01 5.592827e-01
    outer loop
      vertex   4.018419e+01 4.979518e+00 4.525178e+01
      vertex   3.987511e+01 5.000000e+00 4.543681e+01
      vertex   3.973791e+01 4.995911e+00 4.550058e+01
    endloop
  endfacet
  facet normal 1.026190e-01 9.539273e-01 2.819434e-01
    outer loop
      vertex   3.973791e+01 4.995911e+00 4.550058e+01
      vertex   3.987511e+01 5.000000e+00 4.543681e+01
      vertex   3.932965e+01 5.000000e+00 4.563534e+01
    endloop
  endfacet
  facet normal 1.830687e-02 -9.961538e-01 8.568768e-02
    outer loop
      vertex   3.973791e+01 4.995911e+00 4.550058e+01
      vertex   3.932965e+01 5.000000e+00 4.563534e+01
      vertex   3.924861e+01 4.999981e+00 4.565243e+01
    endloop
  endfacet
  facet normal 2.862226e-04 9.999970e-01 2.448791e-03
    outer loop
      vertex   3.924861e+01 4.999981e+00 4.565243e+01
      vertex   3.932965e+01 5.000000e+00 4.563534e+01
      vertex   3.875311e+01 5.000000e+00 4.570272e+01
    endloop
  endfacet
  facet normal 0.000000e+00 1.000000e+00 0.000000e+00
    outer loop
      vertex   3.790793e+01 5.000000e+00 4.297626e+01
      vertex   3.625734e+01 5.000000e+00 4.305736e+01
      vertex   3.787811e+01 5.000000e+00 4.320272e+01
    endloop
  endfacet
  facet normal 0.000000e+00 1.000000e+00 0.000000e+00
    outer loop
      vertex   3.787811e+01 5.000000e+00 4.320272e+01
      vertex   3.625734e+01 5.000000e+00 4.305736e+01
      vertex   3.629109e+01 5.000000e+00 4.363685e+01
    endloop
  endfacet
  facet normal 0.000000e+00 1.000000e+00 -0.000000e+00
    outer loop
      vertex   3.787811e+01 5.000000e+00 4.320272e+01
      vertex   3.629109e+01 5.000000e+00 4.363685e+01
      vertex   3.790793e+01 5.000000e+00 4.342919e+01
    endloop
  endfacet
  facet normal 0.000000e+00 1.000000e+00 0.000000e+00
    outer loop
      vertex   3.790793e+01 5.000000e+00 4.342919e+01
      vertex   3.629109e+01 5.000000e+00 4.363685e+01
      vertex   3.645757e+01 5.000000e+00 4.419292e+01
    endloop
  endfacet
  facet normal 0.000000e+00 1.000000e+00 -0.000000e+00
    outer loop
      vertex   3.790793e+01 5.000000e+00 4.342919e+01
      vertex   3.645757e+01 5.000000e+00 4.419292e+01
      vertex   3.799534e+01 5.000000e+00 4.364022e+01
    endloop
  endfacet
  facet normal 0.000000e+00 1.000000e+00 0.000000e+00
    outer loop
      vertex   3.799534e+01 5.000000e+00 4.364022e+01
      vertex   3.645757e+01 5.000000e+00 4.419292e+01
      vertex   3.674780e+01 5.000000e+00 4.469562e+01
    endloop
  endfacet
  facet normal 0.000000e+00 1.000000e+00 -0.000000e+00
    outer loop
      vertex   3.799534e+01 5.000000e+00 4.364022e+01
      vertex   3.674780e+01 5.000000e+00 4.469562e+01
      vertex   3.813439e+01 5.000000e+00 4.382144e+01
    endloop
  endfacet
  facet normal 0.000000e+00 1.000000e+00 0.000000e+00
    outer loop
      vertex   3.813439e+01 5.000000e+00 4.382144e+01
      vertex   3.674780e+01 5.000000e+00 4.469562e+01
      vertex   3.714614e+01 5.000000e+00 4.511784e+01
    endloop
  endfacet
  facet normal 0.000000e+00 1.000000e+00 -0.000000e+00
    outer loop
      vertex   3.813439e+01 5.000000e+00 4.382144e+01
      vertex   3.714614e+01 5.000000e+00 4.511784e+01
      vertex   3.831561e+01 5.000000e+00 4.396050e+01
    endloop
  endfacet
  facet normal 0.000000e+00 1.000000e+00 0.000000e+00
    outer loop
      vertex   3.831561e+01 5.000000e+00 4.396050e+01
      vertex   3.714614e+01 5.000000e+00 4.511784e+01
      vertex   3.763111e+01 5.000000e+00 4.543681e+01
    endloop
  endfacet
  facet normal 0.000000e+00 1.000000e+00 -0.000000e+00
    outer loop
      vertex   3.831561e+01 5.000000e+00 4.396050e+01
      vertex   3.763111e+01 5.000000e+00 4.543681e+01
      vertex   3.852665e+01 5.000000e+00 4.404791e+01
    endloop
  endfacet
  facet normal 0.000000e+00 1.000000e+00 0.000000e+00
    outer loop
      vertex   3.852665e+01 5.000000e+00 4.404791e+01
      vertex   3.763111e+01 5.000000e+00 4.543681e+01
      vertex   3.817657e+01 5.000000e+00 4.563534e+01
    endloop
  endfacet
  facet normal 0.000000e+00 1.000000e+00 -0.000000e+00
    outer loop
      vertex   3.852665e+01 5.000000e+00 4.404791e+01
      vertex   3.817657e+01 5.000000e+00 4.563534e+01
      vertex   3.875311e+01 5.000000e+00 4.407772e+01
    endloop
  endfacet
  facet normal 0.000000e+00 1.000000e+00 -0.000000e+00
    outer loop
      vertex   3.875311e+01 5.000000e+00 4.407772e+01
      vertex   3.817657e+01 5.000000e+00 4.563534e+01
      vertex   3.875311e+01 5.000000e+00 4.570272e+01
    endloop
  endfacet
  facet normal 0.000000e+00 1.000000e+00 0.000000e+00
    outer loop
      vertex   3.875311e+01 5.000000e+00 4.407772e+01
      vertex   3.875311e+01 5.000000e+00 4.570272e+01
      vertex   3.932965e+01 5.000000e+00 4.563534e+01
    endloop
  endfacet
  facet normal 0.000000e+00 1.000000e+00 0.000000e+00
    outer loop
      vertex   3.625734e+01 5.000000e+00 4.305736e+01
      vertex   3.790793e+01 5.000000e+00 4.297626e+01
      vertex   3.635814e+01 5.000000e+00 4.248572e+01
    endloop
  endfacet
  facet normal 0.000000e+00 1.000000e+00 0.000000e+00
    outer loop
      vertex   3.635814e+01 5.000000e+00 4.248572e+01
      vertex   3.790793e+01 5.000000e+00 4.297626e+01
      vertex   3.799534e+01 5.000000e+00 4.276522e+01
    endloop
  endfacet
  facet normal -0.000000e+00 1.000000e+00 0.000000e+00
    outer loop
      vertex   3.635814e+01 5.000000e+00 4.248572e+01
      vertex   3.799534e+01 5.000000e+00 4.276522e+01
      vertex   3.658805e+01 5.000000e+00 4.195272e+01
    endloop
  endfacet
  facet normal -0.000000e+00 1.000000e+00 0.000000e+00
    outer loop
      vertex   3.658805e+01 5.000000e+00 4.195272e+01
      vertex   3.799534e+01 5.000000e+00 4.276522e+01
      vertex   3.693468e+01 5.000000e+00 4.148712e+01
    endloop
  endfacet
  facet normal 0.000000e+00 1.000000e+00 0.000000e+00
    outer loop
      vertex   3.693468e+01 5.000000e+00 4.148712e+01
      vertex   3.799534e+01 5.000000e+00 4.276522e+01
      vertex   3.813439e+01 5.000000e+00 4.258401e+01
    endloop
  endfacet
  facet normal -0.000000e+00 1.000000e+00 0.000000e+00
    outer loop
      vertex   3.693468e+01 5.000000e+00 4.148712e+01
      vertex   3.813439e+01 5.000000e+00 4.258401e+01
      vertex   3.737934e+01 5.000000e+00 4.111401e+01
    endloop
  endfacet
  facet normal 0.000000e+00 1.000000e+00 0.000000e+00
    outer loop
      vertex   3.737934e+01 5.000000e+00 4.111401e+01
      vertex   3.813439e+01 5.000000e+00 4.258401e+01
      vertex   3.831561e+01 5.000000e+00 4.244495e+01
    endloop
  endfacet
  facet normal -0.000000e+00 1.000000e+00 0.000000e+00
    outer loop
      vertex   3.737934e+01 5.000000e+00 4.111401e+01
      vertex   3.831561e+01 5.000000e+00 4.244495e+01
      vertex   3.789806e+01 5.000000e+00 4.085349e+01
    endloop
  endfacet
  facet normal 0.000000e+00 1.000000e+00 0.000000e+00
    outer loop
      vertex   3.789806e+01 5.000000e+00 4.085349e+01
      vertex   3.831561e+01 5.000000e+00 4.244495e+01
      vertex   3.852665e+01 5.000000e+00 4.235754e+01
    endloop
  endfacet
  facet normal -0.000000e+00 1.000000e+00 0.000000e+00
    outer loop
      vertex   3.789806e+01 5.000000e+00 4.085349e+01
      vertex   3.852665e+01 5.000000e+00 4.235754e+01
      vertex   3.846288e+01 5.000000e+00 4.071963e+01
    endloop
  endfacet
  facet normal 0.000000e+00 1.000000e+00 0.000000e+00
    outer loop
      vertex   3.846288e+01 5.000000e+00 4.071963e+01
      vertex   3.852665e+01 5.000000e+00 4.235754e+01
      vertex   3.875311e+01 5.000000e+00 4.232772e+01
    endloop
  endfacet
  facet normal 0.000000e+00 1.000000e+00 0.000000e+00
    outer loop
      vertex   3.846288e+01 5.000000e+00 4.071963e+01
      vertex   3.875311e+01 5.000000e+00 4.232772e+01
      vertex   3.904334e+01 5.000000e+00 4.071963e+01
    endloop
  endfacet
  facet normal 0.000000e+00 1.000000e+00 0.000000e+00
    outer loop
      vertex   3.904334e+01 5.000000e+00 4.071963e+01
      vertex   3.875311e+01 5.000000e+00 4.232772e+01
      vertex   3.897958e+01 5.000000e+00 4.235754e+01
    endloop
  endfacet
  facet normal 0.000000e+00 1.000000e+00 -0.000000e+00
    outer loop
      vertex   3.904334e+01 5.000000e+00 4.071963e+01
      vertex   3.897958e+01 5.000000e+00 4.235754e+01
      vertex   3.960816e+01 5.000000e+00 4.085349e+01
    endloop
  endfacet
  facet normal 0.000000e+00 1.000000e+00 0.000000e+00
    outer loop
      vertex   3.960816e+01 5.000000e+00 4.085349e+01
      vertex   3.897958e+01 5.000000e+00 4.235754e+01
      vertex   3.919061e+01 5.000000e+00 4.244495e+01
    endloop
  endfacet
  facet normal 0.000000e+00 1.000000e+00 -0.000000e+00
    outer loop
      vertex   3.960816e+01 5.000000e+00 4.085349e+01
      vertex   3.919061e+01 5.000000e+00 4.244495e+01
      vertex   4.012688e+01 5.000000e+00 4.111401e+01
    endloop
  endfacet
  facet normal 0.000000e+00 1.000000e+00 0.000000e+00
    outer loop
      vertex   4.012688e+01 5.000000e+00 4.111401e+01
      vertex   3.919061e+01 5.000000e+00 4.244495e+01
      vertex   3.937183e+01 5.000000e+00 4.258401e+01
    endloop
  endfacet
  facet normal 0.000000e+00 1.000000e+00 -0.000000e+00
    outer loop
      vertex   4.012688e+01 5.000000e+00 4.111401e+01
      vertex   3.937183e+01 5.000000e+00 4.258401e+01
      vertex   4.057155e+01 5.000000e+00 4.148712e+01
    endloop
  endfacet
  facet normal 0.000000e+00 1.000000e+00 0.000000e+00
    outer loop
      vertex   4.057155e+01 5.000000e+00 4.148712e+01
      vertex   3.937183e+01 5.000000e+00 4.258401e+01
      vertex   3.951088e+01 5.000000e+00 4.276522e+01
    endloop
  endfacet
  facet normal 0.000000e+00 1.000000e+00 -0.000000e+00
    outer loop
      vertex   4.057155e+01 5.000000e+00 4.148712e+01
      vertex   3.951088e+01 5.000000e+00 4.276522e+01
      vertex   4.091818e+01 5.000000e+00 4.195272e+01
    endloop
  endfacet
  facet normal 0.000000e+00 1.000000e+00 -0.000000e+00
    outer loop
      vertex   4.091818e+01 5.000000e+00 4.195272e+01
      vertex   3.951088e+01 5.000000e+00 4.276522e+01
      vertex   4.114809e+01 5.000000e+00 4.248572e+01
    endloop
  endfacet
  facet normal 0.000000e+00 1.000000e+00 0.000000e+00
    outer loop
      vertex   4.114809e+01 5.000000e+00 4.248572e+01
      vertex   3.951088e+01 5.000000e+00 4.276522e+01
      vertex   3.959830e+01 5.000000e+00 4.297626e+01
    endloop
  endfacet
  facet normal 0.000000e+00 1.000000e+00 -0.000000e+00
    outer loop
      vertex   4.114809e+01 5.000000e+00 4.248572e+01
      vertex   3.959830e+01 5.000000e+00 4.297626e+01
      vertex   4.124888e+01 5.000000e+00 4.305736e+01
    endloop
  endfacet
  facet normal 0.000000e+00 1.000000e+00 0.000000e+00
    outer loop
      vertex   4.124888e+01 5.000000e+00 4.305736e+01
      vertex   3.959830e+01 5.000000e+00 4.297626e+01
      vertex   3.962811e+01 5.000000e+00 4.320272e+01
    endloop
  endfacet
  facet normal 0.000000e+00 1.000000e+00 0.000000e+00
    outer loop
      vertex   4.124888e+01 5.000000e+00 4.305736e+01
      vertex   3.962811e+01 5.000000e+00 4.320272e+01
      vertex   4.121513e+01 5.000000e+00 4.363685e+01
    endloop
  endfacet
  facet normal 0.000000e+00 1.000000e+00 0.000000e+00
    outer loop
      vertex   4.121513e+01 5.000000e+00 4.363685e+01
      vertex   3.962811e+01 5.000000e+00 4.320272e+01
      vertex   3.959830e+01 5.000000e+00 4.342919e+01
    endloop
  endfacet
  facet normal 0.000000e+00 1.000000e+00 0.000000e+00
    outer loop
      vertex   4.121513e+01 5.000000e+00 4.363685e+01
      vertex   3.959830e+01 5.000000e+00 4.342919e+01
      vertex   4.104865e+01 5.000000e+00 4.419292e+01
    endloop
  endfacet
  facet normal 0.000000e+00 1.000000e+00 0.000000e+00
    outer loop
      vertex   4.104865e+01 5.000000e+00 4.419292e+01
      vertex   3.959830e+01 5.000000e+00 4.342919e+01
      vertex   3.951088e+01 5.000000e+00 4.364022e+01
    endloop
  endfacet
  facet normal 0.000000e+00 1.000000e+00 0.000000e+00
    outer loop
      vertex   4.104865e+01 5.000000e+00 4.419292e+01
      vertex   3.951088e+01 5.000000e+00 4.364022e+01
      vertex   4.075842e+01 5.000000e+00 4.469562e+01
    endloop
  endfacet
  facet normal 0.000000e+00 1.000000e+00 0.000000e+00
    outer loop
      vertex   4.075842e+01 5.000000e+00 4.469562e+01
      vertex   3.951088e+01 5.000000e+00 4.364022e+01
      vertex   3.937183e+01 5.000000e+00 4.382144e+01
    endloop
  endfacet
  facet normal 0.000000e+00 1.000000e+00 0.000000e+00
    outer loop
      vertex   4.075842e+01 5.000000e+00 4.469562e+01
      vertex   3.937183e+01 5.000000e+00 4.382144e+01
      vertex   4.036008e+01 5.000000e+00 4.511784e+01
    endloop
  endfacet
  facet normal 0.000000e+00 1.000000e+00 0.000000e+00
    outer loop
      vertex   4.036008e+01 5.000000e+00 4.511784e+01
      vertex   3.937183e+01 5.000000e+00 4.382144e+01
      vertex   3.919061e+01 5.000000e+00 4.396050e+01
    endloop
  endfacet
  facet normal 0.000000e+00 1.000000e+00 0.000000e+00
    outer loop
      vertex   4.036008e+01 5.000000e+00 4.511784e+01
      vertex   3.919061e+01 5.000000e+00 4.396050e+01
      vertex   3.987511e+01 5.000000e+00 4.543681e+01
    endloop
  endfacet
  facet normal 0.000000e+00 1.000000e+00 0.000000e+00
    outer loop
      vertex   3.987511e+01 5.000000e+00 4.543681e+01
      vertex   3.919061e+01 5.000000e+00 4.396050e+01
      vertex   3.897958e+01 5.000000e+00 4.404791e+01
    endloop
  endfacet
  facet normal 0.000000e+00 1.000000e+00 0.000000e+00
    outer loop
      vertex   3.987511e+01 5.000000e+00 4.543681e+01
      vertex   3.897958e+01 5.000000e+00 4.404791e+01
      vertex   3.932965e+01 5.000000e+00 4.563534e+01
    endloop
  endfacet
  facet normal 0.000000e+00 1.000000e+00 0.000000e+00
    outer loop
      vertex   3.932965e+01 5.000000e+00 4.563534e+01
      vertex   3.897958e+01 5.000000e+00 4.404791e+01
      vertex   3.875311e+01 5.000000e+00 4.407772e+01
    endloop
  endfacet
  facet normal 0.000000e+00 5.988843e-02 -9.982051e-01
    outer loop
      vertex   3.875311e+01 0.000000e+00 4.070272e+01
      vertex   3.916844e+01 5.882866e-01 4.073802e+01
      vertex   4.125311e+01 0.000000e+00 4.070272e+01
    endloop
  endfacet
  facet normal 4.205179e-03 7.472943e-02 -9.971950e-01
    outer loop
      vertex   4.125311e+01 0.000000e+00 4.070272e+01
      vertex   3.916844e+01 5.882866e-01 4.073802e+01
      vertex   4.125311e+01 7.452113e-01 4.075857e+01
    endloop
  endfacet
  facet normal -3.913478e-03 1.807902e-01 -9.835139e-01
    outer loop
      vertex   4.125311e+01 7.452113e-01 4.075857e+01
      vertex   3.916844e+01 5.882866e-01 4.073802e+01
      vertex   3.959254e+01 1.195940e+00 4.084803e+01
    endloop
  endfacet
  facet normal 7.875778e-03 2.225140e-01 -9.748977e-01
    outer loop
      vertex   4.125311e+01 7.452113e-01 4.075857e+01
      vertex   3.959254e+01 1.195940e+00 4.084803e+01
      vertex   4.125311e+01 1.473776e+00 4.092486e+01
    endloop
  endfacet
  facet normal -6.932890e-03 3.047991e-01 -9.523914e-01
    outer loop
      vertex   4.125311e+01 1.473776e+00 4.092486e+01
      vertex   3.959254e+01 1.195940e+00 4.084803e+01
      vertex   4.000357e+01 1.799982e+00 4.103835e+01
    endloop
  endfacet
  facet normal 1.082601e-02 3.653196e-01 -9.308192e-01
    outer loop
      vertex   4.125311e+01 1.473776e+00 4.092486e+01
      vertex   4.000357e+01 1.799982e+00 4.103835e+01
      vertex   4.125311e+01 2.169419e+00 4.119788e+01
    endloop
  endfacet
  facet normal -9.816353e-03 4.242097e-01 -9.055108e-01
    outer loop
      vertex   4.125311e+01 2.169419e+00 4.119788e+01
      vertex   4.000357e+01 1.799982e+00 4.103835e+01
      vertex   4.038070e+01 2.379405e+00 4.130571e+01
    endloop
  endfacet
  facet normal 1.330526e-02 4.999557e-01 -8.659487e-01
    outer loop
      vertex   4.125311e+01 2.169419e+00 4.119788e+01
      vertex   4.038070e+01 2.379405e+00 4.130571e+01
      vertex   4.125311e+01 2.816600e+00 4.157153e+01
    endloop
  endfacet
  facet normal -1.056614e-02 5.348004e-01 -8.449124e-01
    outer loop
      vertex   4.125311e+01 2.816600e+00 4.157153e+01
      vertex   4.038070e+01 2.379405e+00 4.130571e+01
      vertex   4.070586e+01 2.916897e+00 4.164186e+01
    endloop
  endfacet
  facet normal 1.379369e-02 6.234305e-01 -7.817571e-01
    outer loop
      vertex   4.125311e+01 2.816600e+00 4.157153e+01
      vertex   4.070586e+01 2.916897e+00 4.164186e+01
      vertex   4.125311e+01 3.400864e+00 4.203747e+01
    endloop
  endfacet
  facet normal -1.300043e-02 6.416044e-01 -7.669256e-01
    outer loop
      vertex   4.125311e+01 3.400864e+00 4.203747e+01
      vertex   4.070586e+01 2.916897e+00 4.164186e+01
      vertex   4.098504e+01 3.442483e+00 4.207683e+01
    endloop
  endfacet
  facet normal 7.464260e-03 7.120750e-01 -7.020638e-01
    outer loop
      vertex   4.125311e+01 3.400864e+00 4.203747e+01
      vertex   4.098504e+01 3.442483e+00 4.207683e+01
      vertex   4.109676e+01 3.693494e+00 4.233261e+01
    endloop
  endfacet
  facet normal 8.770807e-02 7.302269e-01 -6.775515e-01
    outer loop
      vertex   4.125311e+01 3.400864e+00 4.203747e+01
      vertex   4.109676e+01 3.693494e+00 4.233261e+01
      vertex   4.125311e+01 3.909157e+00 4.258528e+01
    endloop
  endfacet
  facet normal -1.846036e-02 7.660918e-01 -6.424660e-01
    outer loop
      vertex   4.125311e+01 3.909157e+00 4.258528e+01
      vertex   4.109676e+01 3.693494e+00 4.233261e+01
      vertex   4.118126e+01 3.927941e+00 4.260974e+01
    endloop
  endfacet
  facet normal 9.591093e-03 8.065277e-01 -5.911185e-01
    outer loop
      vertex   4.125311e+01 3.909157e+00 4.258528e+01
      vertex   4.118126e+01 3.927941e+00 4.260974e+01
      vertex   4.123456e+01 4.141506e+00 4.290199e+01
    endloop
  endfacet
  facet normal 5.900909e-01 6.670530e-01 -4.547890e-01
    outer loop
      vertex   4.123456e+01 4.141506e+00 4.290199e+01
      vertex   4.125311e+01 4.330127e+00 4.320272e+01
      vertex   4.125311e+01 3.909157e+00 4.258528e+01
    endloop
  endfacet
  facet normal 1.766322e-01 8.827712e-01 -4.353346e-01
    outer loop
      vertex   4.125311e+01 4.330127e+00 4.320272e+01
      vertex   4.121309e+01 4.555870e+00 4.364425e+01
      vertex   4.125311e+01 4.619398e+00 4.378931e+01
    endloop
  endfacet
  facet normal -7.104548e-02 9.207494e-01 -3.836315e-01
    outer loop
      vertex   4.125311e+01 4.619398e+00 4.378931e+01
      vertex   4.121309e+01 4.555870e+00 4.364425e+01
      vertex   4.108525e+01 4.737289e+00 4.410334e+01
    endloop
  endfacet
  facet normal 6.355776e-02 9.450156e-01 -3.207896e-01
    outer loop
      vertex   4.125311e+01 4.619398e+00 4.378931e+01
      vertex   4.108525e+01 4.737289e+00 4.410334e+01
      vertex   4.125311e+01 4.829629e+00 4.440863e+01
    endloop
  endfacet
  facet normal -1.433498e-02 9.592312e-01 -2.822587e-01
    outer loop
      vertex   4.125311e+01 4.829629e+00 4.440863e+01
      vertex   4.108525e+01 4.737289e+00 4.410334e+01
      vertex   4.086221e+01 4.863423e+00 4.454333e+01
    endloop
  endfacet
  facet normal 1.756266e-02 9.806340e-01 -1.950602e-01
    outer loop
      vertex   4.125311e+01 4.829629e+00 4.440863e+01
      vertex   4.086221e+01 4.863423e+00 4.454333e+01
      vertex   4.125311e+01 4.957224e+00 4.505009e+01
    endloop
  endfacet
  facet normal 7.981535e-03 9.821462e-01 -1.879497e-01
    outer loop
      vertex   4.125311e+01 4.957224e+00 4.505009e+01
      vertex   4.086221e+01 4.863423e+00 4.454333e+01
      vertex   4.055940e+01 4.940082e+00 4.493105e+01
    endloop
  endfacet
  facet normal -2.984218e-03 9.920918e-01 -1.254785e-01
    outer loop
      vertex   4.125311e+01 4.957224e+00 4.505009e+01
      vertex   4.055940e+01 4.940082e+00 4.493105e+01
      vertex   4.018419e+01 4.979518e+00 4.525178e+01
    endloop
  endfacet
  facet normal 8.470757e-03 9.978231e-01 -6.540078e-02
    outer loop
      vertex   4.125311e+01 4.957224e+00 4.505009e+01
      vertex   4.018419e+01 4.979518e+00 4.525178e+01
      vertex   4.125311e+01 5.000000e+00 4.570272e+01
    endloop
  endfacet
  facet normal 4.907509e-03 9.983633e-01 -5.697903e-02
    outer loop
      vertex   4.125311e+01 5.000000e+00 4.570272e+01
      vertex   4.018419e+01 4.979518e+00 4.525178e+01
      vertex   3.973791e+01 4.995911e+00 4.550058e+01
    endloop
  endfacet
  facet normal 6.133602e-04 9.996918e-01 -2.481907e-02
    outer loop
      vertex   4.125311e+01 5.000000e+00 4.570272e+01
      vertex   3.973791e+01 4.995911e+00 4.550058e+01
      vertex   3.924861e+01 4.999981e+00 4.565243e+01
    endloop
  endfacet
  facet normal 0.000000e+00 9.999999e-01 -3.712928e-04
    outer loop
      vertex   3.924861e+01 4.999981e+00 4.565243e+01
      vertex   3.875311e+01 5.000000e+00 4.570272e+01
      vertex   4.125311e+01 5.000000e+00 4.570272e+01
    endloop
  endfacet
  facet normal 0.000000e+00 9.999725e-01 7.416025e-03
    outer loop
      vertex   3.875311e+01 5.000000e+00 4.570272e+01
      vertex   3.845227e+01 5.000139e+00 4.568404e+01
      vertex   -3.409557e-01 5.000000e+00 4.570272e+01
    endloop
  endfacet
  facet normal -7.785108e-06 9.999617e-01 -8.751571e-03
    outer loop
      vertex   -3.409557e-01 5.000000e+00 4.570272e+01
      vertex   3.845227e+01 5.000139e+00 4.568404e+01
      vertex   3.814802e+01 4.999644e+00 4.562778e+01
    endloop
  endfacet
  facet normal -4.202402e-05 9.996532e-01 -2.633405e-02
    outer loop
      vertex   -3.409557e-01 5.000000e+00 4.570272e+01
      vertex   3.814802e+01 4.999644e+00 4.562778e+01
      vertex   3.784929e+01 4.997150e+00 4.553359e+01
    endloop
  endfacet
  facet normal -1.344951e-04 9.988854e-01 -4.720143e-02
    outer loop
      vertex   3.784929e+01 4.997150e+00 4.553359e+01
      vertex   3.756477e+01 4.990883e+00 4.540179e+01
      vertex   -3.409557e-01 5.000000e+00 4.570272e+01
    endloop
  endfacet
  facet normal -1.975113e-04 9.984794e-01 -5.512651e-02
    outer loop
      vertex   -3.409557e-01 5.000000e+00 4.570272e+01
      vertex   3.756477e+01 4.990883e+00 4.540179e+01
      vertex   -3.409557e-01 4.969611e+00 4.515230e+01
    endloop
  endfacet
  facet normal -5.344280e-05 9.970394e-01 -7.689274e-02
    outer loop
      vertex   -3.409557e-01 4.969611e+00 4.515230e+01
      vertex   3.756477e+01 4.990883e+00 4.540179e+01
      vertex   3.730127e+01 4.978171e+00 4.523714e+01
    endloop
  endfacet
  facet normal 6.149523e-05 9.918558e-01 -1.273657e-01
    outer loop
      vertex   -3.409557e-01 4.969611e+00 4.515230e+01
      vertex   3.730127e+01 4.978171e+00 4.523714e+01
      vertex   2.240410e+01 4.938442e+00 4.492055e+01
    endloop
  endfacet
  facet normal -2.820391e-04 9.937710e-01 -1.114408e-01
    outer loop
      vertex   2.240410e+01 4.938442e+00 4.492055e+01
      vertex   3.730127e+01 4.978171e+00 4.523714e+01
      vertex   3.706481e+01 4.956713e+00 4.504638e+01
    endloop
  endfacet
  facet normal 8.223345e-05 9.882143e-01 -1.530768e-01
    outer loop
      vertex   2.240410e+01 4.938442e+00 4.492055e+01
      vertex   3.706481e+01 4.956713e+00 4.504638e+01
      vertex   3.685839e+01 4.923704e+00 4.483317e+01
    endloop
  endfacet
  facet normal -2.012660e-04 9.800804e-01 -1.986010e-01
    outer loop
      vertex   3.685839e+01 4.923704e+00 4.483317e+01
      vertex   3.667648e+01 4.875013e+00 4.459307e+01
      vertex   2.240410e+01 4.938442e+00 4.492055e+01
    endloop
  endfacet
  facet normal -1.035039e-03 9.723694e-01 -2.334452e-01
    outer loop
      vertex   2.240410e+01 4.938442e+00 4.492055e+01
      vertex   3.667648e+01 4.875013e+00 4.459307e+01
      vertex   2.240410e+01 4.755283e+00 4.415764e+01
    endloop
  endfacet
  facet normal 0.000000e+00 9.723699e-01 -2.334454e-01
    outer loop
      vertex   2.240410e+01 4.938442e+00 4.492055e+01
      vertex   2.240410e+01 4.755283e+00 4.415764e+01
      vertex   6.055089e+00 4.755283e+00 4.415764e+01
    endloop
  endfacet
  facet normal 0.000000e+00 9.238795e-01 -3.826834e-01
    outer loop
      vertex   6.055089e+00 4.755283e+00 4.415764e+01
      vertex   2.240410e+01 4.755283e+00 4.415764e+01
      vertex   6.055089e+00 4.455033e+00 4.343277e+01
    endloop
  endfacet
  facet normal 9.188216e-04 9.238791e-01 -3.826833e-01
    outer loop
      vertex   6.055089e+00 4.755283e+00 4.415764e+01
      vertex   6.055089e+00 4.455033e+00 4.343277e+01
      vertex   -3.409557e-01 4.728708e+00 4.407813e+01
    endloop
  endfacet
  facet normal 0.000000e+00 9.206388e-01 -3.904155e-01
    outer loop
      vertex   -3.409557e-01 4.728708e+00 4.407813e+01
      vertex   6.055089e+00 4.455033e+00 4.343277e+01
      vertex   -1.029392e+01 4.455033e+00 4.343277e+01
    endloop
  endfacet
  facet normal 0.000000e+00 9.206388e-01 -3.904155e-01
    outer loop
      vertex   -3.409557e-01 4.728708e+00 4.407813e+01
      vertex   -1.029392e+01 4.455033e+00 4.343277e+01
      vertex   -2.034096e+01 4.728708e+00 4.407813e+01
    endloop
  endfacet
  facet normal 0.000000e+00 9.206388e-01 -3.904155e-01
    outer loop
      vertex   -2.034096e+01 4.728708e+00 4.407813e+01
      vertex   -1.029392e+01 4.455033e+00 4.343277e+01
      vertex   -2.664293e+01 4.455033e+00 4.343277e+01
    endloop
  endfacet
  facet normal -9.325366e-04 9.238791e-01 -3.826833e-01
    outer loop
      vertex   -2.034096e+01 4.728708e+00 4.407813e+01
      vertex   -2.664293e+01 4.455033e+00 4.343277e+01
      vertex   -2.664293e+01 4.755283e+00 4.415764e+01
    endloop
  endfacet
  facet normal 0.000000e+00 9.238795e-01 -3.826834e-01
    outer loop
      vertex   -2.664293e+01 4.755283e+00 4.415764e+01
      vertex   -2.664293e+01 4.455033e+00 4.343277e+01
      vertex   -4.299194e+01 4.455033e+00 4.343277e+01
    endloop
  endfacet
  facet normal 0.000000e+00 9.238795e-01 -3.826834e-01
    outer loop
      vertex   -2.664293e+01 4.755283e+00 4.415764e+01
      vertex   -4.299194e+01 4.455033e+00 4.343277e+01
      vertex   -4.299194e+01 4.755283e+00 4.415764e+01
    endloop
  endfacet
  facet normal 1.063940e-03 9.238790e-01 -3.826832e-01
    outer loop
      vertex   -4.299194e+01 4.755283e+00 4.415764e+01
      vertex   -4.299194e+01 4.455033e+00 4.343277e+01
      vertex   -5.690844e+01 4.613627e+00 4.377696e+01
    endloop
  endfacet
  facet normal 3.156750e-04 9.333885e-01 -3.588673e-01
    outer loop
      vertex   -4.299194e+01 4.755283e+00 4.415764e+01
      vertex   -5.690844e+01 4.613627e+00 4.377696e+01
      vertex   -5.699167e+01 4.721505e+00 4.405747e+01
    endloop
  endfacet
  facet normal -5.844848e-04 9.689459e-01 -2.472720e-01
    outer loop
      vertex   3.667648e+01 4.875013e+00 4.459307e+01
      vertex   3.652324e+01 4.808328e+00 4.433213e+01
      vertex   2.240410e+01 4.755283e+00 4.415764e+01
    endloop
  endfacet
  facet normal 1.434494e-04 9.534749e-01 -3.014723e-01
    outer loop
      vertex   2.240410e+01 4.755283e+00 4.415764e+01
      vertex   3.652324e+01 4.808328e+00 4.433213e+01
      vertex   3.640383e+01 4.721505e+00 4.405747e+01
    endloop
  endfacet
  facet normal -3.156750e-04 9.333885e-01 -3.588673e-01
    outer loop
      vertex   2.240410e+01 4.755283e+00 4.415764e+01
      vertex   3.640383e+01 4.721505e+00 4.405747e+01
      vertex   3.632059e+01 4.613627e+00 4.377696e+01
    endloop
  endfacet
  facet normal -1.063940e-03 9.238790e-01 -3.826832e-01
    outer loop
      vertex   2.240410e+01 4.755283e+00 4.415764e+01
      vertex   3.632059e+01 4.613627e+00 4.377696e+01
      vertex   2.240410e+01 4.455033e+00 4.343277e+01
    endloop
  endfacet
  facet normal -1.649762e-04 9.107414e-01 -4.129771e-01
    outer loop
      vertex   2.240410e+01 4.455033e+00 4.343277e+01
      vertex   3.632059e+01 4.613627e+00 4.377696e+01
      vertex   3.627130e+01 4.487584e+00 4.349902e+01
    endloop
  endfacet
  facet normal 3.163128e-04 8.697105e-01 -4.935621e-01
    outer loop
      vertex   2.240410e+01 4.455033e+00 4.343277e+01
      vertex   3.627130e+01 4.487584e+00 4.349902e+01
      vertex   3.626366e+01 4.190993e+00 4.297639e+01
    endloop
  endfacet
  facet normal -9.617540e-04 8.526398e-01 -5.224983e-01
    outer loop
      vertex   2.240410e+01 4.455033e+00 4.343277e+01
      vertex   3.626366e+01 4.190993e+00 4.297639e+01
      vertex   2.240410e+01 4.045085e+00 4.276380e+01
    endloop
  endfacet
  facet normal 6.790645e-04 8.032841e-01 -5.955956e-01
    outer loop
      vertex   2.240410e+01 4.045085e+00 4.276380e+01
      vertex   3.626366e+01 4.190993e+00 4.297639e+01
      vertex   3.635894e+01 3.825903e+00 4.248410e+01
    endloop
  endfacet
  facet normal -1.073781e-03 7.604055e-01 -6.494477e-01
    outer loop
      vertex   2.240410e+01 4.045085e+00 4.276380e+01
      vertex   3.635894e+01 3.825903e+00 4.248410e+01
      vertex   2.240410e+01 3.535534e+00 4.216719e+01
    endloop
  endfacet
  facet normal 5.663059e-04 7.247568e-01 -6.890046e-01
    outer loop
      vertex   2.240410e+01 3.535534e+00 4.216719e+01
      vertex   3.635894e+01 3.825903e+00 4.248410e+01
      vertex   3.653860e+01 3.406474e+00 4.204305e+01
    endloop
  endfacet
  facet normal -7.484259e-04 6.494479e-01 -7.604058e-01
    outer loop
      vertex   2.240410e+01 3.535534e+00 4.216719e+01
      vertex   3.653860e+01 3.406474e+00 4.204305e+01
      vertex   2.240410e+01 2.938926e+00 4.165764e+01
    endloop
  endfacet
  facet normal -1.025211e-04 6.379169e-01 -7.701052e-01
    outer loop
      vertex   2.240410e+01 2.938926e+00 4.165764e+01
      vertex   3.653860e+01 3.406474e+00 4.204305e+01
      vertex   3.677534e+01 2.960704e+00 4.167377e+01
    endloop
  endfacet
  facet normal 1.087035e-04 5.477816e-01 -8.366214e-01
    outer loop
      vertex   2.240410e+01 2.938926e+00 4.165764e+01
      vertex   3.677534e+01 2.960704e+00 4.167377e+01
      vertex   3.704364e+01 2.510329e+00 4.137892e+01
    endloop
  endfacet
  facet normal -9.364837e-04 5.224983e-01 -8.526398e-01
    outer loop
      vertex   2.240410e+01 2.938926e+00 4.165764e+01
      vertex   3.704364e+01 2.510329e+00 4.137892e+01
      vertex   2.240410e+01 2.269952e+00 4.124769e+01
    endloop
  endfacet
  facet normal 5.232293e-04 4.544226e-01 -8.907861e-01
    outer loop
      vertex   2.240410e+01 2.269952e+00 4.124769e+01
      vertex   3.704364e+01 2.510329e+00 4.137892e+01
      vertex   3.735096e+01 2.029223e+00 4.113367e+01
    endloop
  endfacet
  facet normal -8.846399e-04 3.826833e-01 -9.238792e-01
    outer loop
      vertex   2.240410e+01 2.269952e+00 4.124769e+01
      vertex   3.735096e+01 2.029223e+00 4.113367e+01
      vertex   2.240410e+01 1.545085e+00 4.094744e+01
    endloop
  endfacet
  facet normal 7.607214e-05 3.569618e-01 -9.341190e-01
    outer loop
      vertex   2.240410e+01 1.545085e+00 4.094744e+01
      vertex   3.735096e+01 2.029223e+00 4.113367e+01
      vertex   3.768809e+01 1.524898e+00 4.094097e+01
    endloop
  endfacet
  facet normal -7.517831e-05 2.531216e-01 -9.674345e-01
    outer loop
      vertex   2.240410e+01 1.545085e+00 4.094744e+01
      vertex   3.768809e+01 1.524898e+00 4.094097e+01
      vertex   3.804293e+01 1.009544e+00 4.080611e+01
    endloop
  endfacet
  facet normal -7.935803e-04 2.334453e-01 -9.723696e-01
    outer loop
      vertex   2.240410e+01 1.545085e+00 4.094744e+01
      vertex   3.804293e+01 1.009544e+00 4.080611e+01
      vertex   2.240410e+01 7.821723e-01 4.076428e+01
    endloop
  endfacet
  facet normal 4.492451e-04 1.509377e-01 -9.885432e-01
    outer loop
      vertex   2.240410e+01 7.821723e-01 4.076428e+01
      vertex   3.804293e+01 1.009544e+00 4.080611e+01
      vertex   3.840237e+01 4.965518e-01 4.072794e+01
    endloop
  endfacet
  facet normal 0.000000e+00 1.262146e-01 -9.920030e-01
    outer loop
      vertex   2.240410e+01 7.821723e-01 4.076428e+01
      vertex   3.840237e+01 4.965518e-01 4.072794e+01
      vertex   6.055089e+00 7.821723e-01 4.076428e+01
    endloop
  endfacet
  facet normal -2.453146e-04 9.882675e-02 -9.951046e-01
    outer loop
      vertex   6.055089e+00 7.821723e-01 4.076428e+01
      vertex   3.840237e+01 4.965518e-01 4.072794e+01
      vertex   -5.934096e+01 0.000000e+00 4.070272e+01
    endloop
  endfacet
  facet normal 0.000000e+00 7.845910e-02 -9.969173e-01
    outer loop
      vertex   6.055089e+00 7.821723e-01 4.076428e+01
      vertex   -5.934096e+01 0.000000e+00 4.070272e+01
      vertex   -1.029392e+01 7.821723e-01 4.076428e+01
    endloop
  endfacet
  facet normal 0.000000e+00 7.845910e-02 -9.969173e-01
    outer loop
      vertex   -1.029392e+01 7.821723e-01 4.076428e+01
      vertex   -5.934096e+01 0.000000e+00 4.070272e+01
      vertex   -2.664293e+01 7.821723e-01 4.076428e+01
    endloop
  endfacet
  facet normal 0.000000e+00 2.334454e-01 -9.723699e-01
    outer loop
      vertex   -1.029392e+01 7.821723e-01 4.076428e+01
      vertex   -2.664293e+01 7.821723e-01 4.076428e+01
      vertex   -1.029392e+01 1.545085e+00 4.094744e+01
    endloop
  endfacet
  facet normal 0.000000e+00 2.334454e-01 -9.723699e-01
    outer loop
      vertex   -1.029392e+01 1.545085e+00 4.094744e+01
      vertex   -2.664293e+01 7.821723e-01 4.076428e+01
      vertex   -2.664293e+01 1.545085e+00 4.094744e+01
    endloop
  endfacet
  facet normal 0.000000e+00 3.826834e-01 -9.238795e-01
    outer loop
      vertex   -1.029392e+01 1.545085e+00 4.094744e+01
      vertex   -2.664293e+01 1.545085e+00 4.094744e+01
      vertex   -1.029392e+01 2.269952e+00 4.124769e+01
    endloop
  endfacet
  facet normal 0.000000e+00 3.826834e-01 -9.238795e-01
    outer loop
      vertex   -1.029392e+01 2.269952e+00 4.124769e+01
      vertex   -2.664293e+01 1.545085e+00 4.094744e+01
      vertex   -2.664293e+01 2.269952e+00 4.124769e+01
    endloop
  endfacet
  facet normal 0.000000e+00 5.224986e-01 -8.526402e-01
    outer loop
      vertex   -1.029392e+01 2.269952e+00 4.124769e+01
      vertex   -2.664293e+01 2.269952e+00 4.124769e+01
      vertex   -1.029392e+01 2.938926e+00 4.165764e+01
    endloop
  endfacet
  facet normal 0.000000e+00 5.224986e-01 -8.526402e-01
    outer loop
      vertex   -1.029392e+01 2.938926e+00 4.165764e+01
      vertex   -2.664293e+01 2.269952e+00 4.124769e+01
      vertex   -2.664293e+01 2.938926e+00 4.165764e+01
    endloop
  endfacet
  facet normal 0.000000e+00 6.494480e-01 -7.604060e-01
    outer loop
      vertex   -1.029392e+01 2.938926e+00 4.165764e+01
      vertex   -2.664293e+01 2.938926e+00 4.165764e+01
      vertex   -1.029392e+01 3.535534e+00 4.216719e+01
    endloop
  endfacet
  facet normal 0.000000e+00 6.494480e-01 -7.604060e-01
    outer loop
      vertex   -1.029392e+01 3.535534e+00 4.216719e+01
      vertex   -2.664293e+01 2.938926e+00 4.165764e+01
      vertex   -2.664293e+01 3.535534e+00 4.216719e+01
    endloop
  endfacet
  facet normal 0.000000e+00 7.604060e-01 -6.494480e-01
    outer loop
      vertex   -1.029392e+01 3.535534e+00 4.216719e+01
      vertex   -2.664293e+01 3.535534e+00 4.216719e+01
      vertex   -1.029392e+01 4.045085e+00 4.276380e+01
    endloop
  endfacet
  facet normal 0.000000e+00 7.604060e-01 -6.494480e-01
    outer loop
      vertex   -1.029392e+01 4.045085e+00 4.276380e+01
      vertex   -2.664293e+01 3.535534e+00 4.216719e+01
      vertex   -2.664293e+01 4.045085e+00 4.276380e+01
    endloop
  endfacet
  facet normal 0.000000e+00 8.526402e-01 -5.224986e-01
    outer loop
      vertex   -1.029392e+01 4.045085e+00 4.276380e+01
      vertex   -2.664293e+01 4.045085e+00 4.276380e+01
      vertex   -1.029392e+01 4.455033e+00 4.343277e+01
    endloop
  endfacet
  facet normal 0.000000e+00 8.526402e-01 -5.224986e-01
    outer loop
      vertex   -1.029392e+01 4.455033e+00 4.343277e+01
      vertex   -2.664293e+01 4.045085e+00 4.276380e+01
      vertex   -2.664293e+01 4.455033e+00 4.343277e+01
    endloop
  endfacet
  facet normal 0.000000e+00 5.072126e-02 -9.987128e-01
    outer loop
      vertex   3.840237e+01 4.965518e-01 4.072794e+01
      vertex   3.875311e+01 0.000000e+00 4.070272e+01
      vertex   -5.934096e+01 0.000000e+00 4.070272e+01
    endloop
  endfacet
  facet normal 0.000000e+00 7.845910e-02 -9.969173e-01
    outer loop
      vertex   -2.664293e+01 7.821723e-01 4.076428e+01
      vertex   -5.934096e+01 0.000000e+00 4.070272e+01
      vertex   -4.299194e+01 7.821723e-01 4.076428e+01
    endloop
  endfacet
  facet normal 1.380516e-03 4.974855e-02 -9.987608e-01
    outer loop
      vertex   -4.299194e+01 7.821723e-01 4.076428e+01
      vertex   -5.934096e+01 0.000000e+00 4.070272e+01
      vertex   -5.899021e+01 4.965518e-01 4.072794e+01
    endloop
  endfacet
  facet normal -4.492451e-04 1.509377e-01 -9.885432e-01
    outer loop
      vertex   -4.299194e+01 7.821723e-01 4.076428e+01
      vertex   -5.899021e+01 4.965518e-01 4.072794e+01
      vertex   -5.863078e+01 1.009544e+00 4.080611e+01
    endloop
  endfacet
  facet normal 7.935803e-04 2.334453e-01 -9.723696e-01
    outer loop
      vertex   -4.299194e+01 7.821723e-01 4.076428e+01
      vertex   -5.863078e+01 1.009544e+00 4.080611e+01
      vertex   -4.299194e+01 1.545085e+00 4.094744e+01
    endloop
  endfacet
  facet normal 7.517831e-05 2.531216e-01 -9.674345e-01
    outer loop
      vertex   -4.299194e+01 1.545085e+00 4.094744e+01
      vertex   -5.863078e+01 1.009544e+00 4.080611e+01
      vertex   -5.827593e+01 1.524898e+00 4.094097e+01
    endloop
  endfacet
  facet normal -7.607214e-05 3.569618e-01 -9.341190e-01
    outer loop
      vertex   -4.299194e+01 1.545085e+00 4.094744e+01
      vertex   -5.827593e+01 1.524898e+00 4.094097e+01
      vertex   -5.793880e+01 2.029223e+00 4.113367e+01
    endloop
  endfacet
  facet normal 8.846399e-04 3.826833e-01 -9.238792e-01
    outer loop
      vertex   -4.299194e+01 1.545085e+00 4.094744e+01
      vertex   -5.793880e+01 2.029223e+00 4.113367e+01
      vertex   -4.299194e+01 2.269952e+00 4.124769e+01
    endloop
  endfacet
  facet normal -5.232293e-04 4.544226e-01 -8.907861e-01
    outer loop
      vertex   -4.299194e+01 2.269952e+00 4.124769e+01
      vertex   -5.793880e+01 2.029223e+00 4.113367e+01
      vertex   -5.763148e+01 2.510329e+00 4.137892e+01
    endloop
  endfacet
  facet normal 9.364837e-04 5.224983e-01 -8.526398e-01
    outer loop
      vertex   -4.299194e+01 2.269952e+00 4.124769e+01
      vertex   -5.763148e+01 2.510329e+00 4.137892e+01
      vertex   -4.299194e+01 2.938926e+00 4.165764e+01
    endloop
  endfacet
  facet normal -1.087035e-04 5.477816e-01 -8.366214e-01
    outer loop
      vertex   -4.299194e+01 2.938926e+00 4.165764e+01
      vertex   -5.763148e+01 2.510329e+00 4.137892e+01
      vertex   -5.736319e+01 2.960704e+00 4.167377e+01
    endloop
  endfacet
  facet normal 1.025211e-04 6.379169e-01 -7.701052e-01
    outer loop
      vertex   -4.299194e+01 2.938926e+00 4.165764e+01
      vertex   -5.736319e+01 2.960704e+00 4.167377e+01
      vertex   -5.712644e+01 3.406474e+00 4.204305e+01
    endloop
  endfacet
  facet normal 7.484259e-04 6.494479e-01 -7.604058e-01
    outer loop
      vertex   -4.299194e+01 2.938926e+00 4.165764e+01
      vertex   -5.712644e+01 3.406474e+00 4.204305e+01
      vertex   -4.299194e+01 3.535534e+00 4.216719e+01
    endloop
  endfacet
  facet normal -5.663059e-04 7.247568e-01 -6.890046e-01
    outer loop
      vertex   -4.299194e+01 3.535534e+00 4.216719e+01
      vertex   -5.712644e+01 3.406474e+00 4.204305e+01
      vertex   -5.694679e+01 3.825903e+00 4.248410e+01
    endloop
  endfacet
  facet normal 1.073781e-03 7.604055e-01 -6.494477e-01
    outer loop
      vertex   -4.299194e+01 3.535534e+00 4.216719e+01
      vertex   -5.694679e+01 3.825903e+00 4.248410e+01
      vertex   -4.299194e+01 4.045085e+00 4.276380e+01
    endloop
  endfacet
  facet normal -6.790645e-04 8.032841e-01 -5.955956e-01
    outer loop
      vertex   -4.299194e+01 4.045085e+00 4.276380e+01
      vertex   -5.694679e+01 3.825903e+00 4.248410e+01
      vertex   -5.685150e+01 4.190993e+00 4.297639e+01
    endloop
  endfacet
  facet normal 9.617540e-04 8.526398e-01 -5.224983e-01
    outer loop
      vertex   -4.299194e+01 4.045085e+00 4.276380e+01
      vertex   -5.685150e+01 4.190993e+00 4.297639e+01
      vertex   -4.299194e+01 4.455033e+00 4.343277e+01
    endloop
  endfacet
  facet normal -3.163128e-04 8.697105e-01 -4.935621e-01
    outer loop
      vertex   -4.299194e+01 4.455033e+00 4.343277e+01
      vertex   -5.685150e+01 4.190993e+00 4.297639e+01
      vertex   -5.685914e+01 4.487584e+00 4.349902e+01
    endloop
  endfacet
  facet normal 1.649762e-04 9.107414e-01 -4.129771e-01
    outer loop
      vertex   -4.299194e+01 4.455033e+00 4.343277e+01
      vertex   -5.685914e+01 4.487584e+00 4.349902e+01
      vertex   -5.690844e+01 4.613627e+00 4.377696e+01
    endloop
  endfacet
  facet normal -1.434494e-04 9.534749e-01 -3.014723e-01
    outer loop
      vertex   -5.699167e+01 4.721505e+00 4.405747e+01
      vertex   -5.711108e+01 4.808328e+00 4.433213e+01
      vertex   -4.299194e+01 4.755283e+00 4.415764e+01
    endloop
  endfacet
  facet normal 5.844848e-04 9.689459e-01 -2.472720e-01
    outer loop
      vertex   -4.299194e+01 4.755283e+00 4.415764e+01
      vertex   -5.711108e+01 4.808328e+00 4.433213e+01
      vertex   -5.726432e+01 4.875013e+00 4.459307e+01
    endloop
  endfacet
  facet normal 1.035039e-03 9.723694e-01 -2.334452e-01
    outer loop
      vertex   -4.299194e+01 4.755283e+00 4.415764e+01
      vertex   -5.726432e+01 4.875013e+00 4.459307e+01
      vertex   -4.299194e+01 4.938442e+00 4.492055e+01
    endloop
  endfacet
  facet normal 2.012660e-04 9.800804e-01 -1.986010e-01
    outer loop
      vertex   -4.299194e+01 4.938442e+00 4.492055e+01
      vertex   -5.726432e+01 4.875013e+00 4.459307e+01
      vertex   -5.744623e+01 4.923704e+00 4.483317e+01
    endloop
  endfacet
  facet normal -8.223345e-05 9.882143e-01 -1.530768e-01
    outer loop
      vertex   -4.299194e+01 4.938442e+00 4.492055e+01
      vertex   -5.744623e+01 4.923704e+00 4.483317e+01
      vertex   -5.765266e+01 4.956713e+00 4.504638e+01
    endloop
  endfacet
  facet normal 2.820391e-04 9.937710e-01 -1.114408e-01
    outer loop
      vertex   -5.765266e+01 4.956713e+00 4.504638e+01
      vertex   -5.788911e+01 4.978171e+00 4.523714e+01
      vertex   -4.299194e+01 4.938442e+00 4.492055e+01
    endloop
  endfacet
  facet normal 6.127206e-04 9.953733e-01 -9.608140e-02
    outer loop
      vertex   -4.299194e+01 4.938442e+00 4.492055e+01
      vertex   -5.788911e+01 4.978171e+00 4.523714e+01
      vertex   -2.034096e+01 5.000000e+00 4.570272e+01
    endloop
  endfacet
  facet normal 0.000000e+00 9.969173e-01 -7.845910e-02
    outer loop
      vertex   -4.299194e+01 4.938442e+00 4.492055e+01
      vertex   -2.034096e+01 5.000000e+00 4.570272e+01
      vertex   -2.664293e+01 4.938442e+00 4.492055e+01
    endloop
  endfacet
  facet normal -2.911179e-03 9.984751e-01 -5.512627e-02
    outer loop
      vertex   -2.664293e+01 4.938442e+00 4.492055e+01
      vertex   -2.034096e+01 5.000000e+00 4.570272e+01
      vertex   -2.034096e+01 4.969611e+00 4.515230e+01
    endloop
  endfacet
  facet normal 1.178580e-03 9.863414e-01 -1.647093e-01
    outer loop
      vertex   -2.664293e+01 4.938442e+00 4.492055e+01
      vertex   -2.034096e+01 4.969611e+00 4.515230e+01
      vertex   -2.034096e+01 4.878812e+00 4.460856e+01
    endloop
  endfacet
  facet normal 3.675984e-04 9.970777e-01 -7.639293e-02
    outer loop
      vertex   -5.788911e+01 4.978171e+00 4.523714e+01
      vertex   -5.815261e+01 4.990883e+00 4.540179e+01
      vertex   -2.034096e+01 5.000000e+00 4.570272e+01
    endloop
  endfacet
  facet normal 1.348241e-04 9.988854e-01 -4.720072e-02
    outer loop
      vertex   -2.034096e+01 5.000000e+00 4.570272e+01
      vertex   -5.815261e+01 4.990883e+00 4.540179e+01
      vertex   -5.843714e+01 4.997150e+00 4.553359e+01
    endloop
  endfacet
  facet normal 4.212634e-05 9.996532e-01 -2.633372e-02
    outer loop
      vertex   -2.034096e+01 5.000000e+00 4.570272e+01
      vertex   -5.843714e+01 4.997150e+00 4.553359e+01
      vertex   -5.873586e+01 4.999644e+00 4.562778e+01
    endloop
  endfacet
  facet normal 7.803982e-06 9.999617e-01 -8.751469e-03
    outer loop
      vertex   -5.873586e+01 4.999644e+00 4.562778e+01
      vertex   -5.904011e+01 5.000139e+00 4.568404e+01
      vertex   -2.034096e+01 5.000000e+00 4.570272e+01
    endloop
  endfacet
  facet normal 0.000000e+00 9.999725e-01 7.416025e-03
    outer loop
      vertex   -2.034096e+01 5.000000e+00 4.570272e+01
      vertex   -5.904011e+01 5.000139e+00 4.568404e+01
      vertex   -5.934096e+01 5.000000e+00 4.570272e+01
    endloop
  endfacet
  facet normal -2.356511e-03 9.723672e-01 -2.334447e-01
    outer loop
      vertex   -2.664293e+01 4.938442e+00 4.492055e+01
      vertex   -2.034096e+01 4.878812e+00 4.460856e+01
      vertex   -2.664293e+01 4.755283e+00 4.415764e+01
    endloop
  endfacet
  facet normal 6.219746e-04 9.622150e-01 -2.722901e-01
    outer loop
      vertex   -2.664293e+01 4.755283e+00 4.415764e+01
      vertex   -2.034096e+01 4.878812e+00 4.460856e+01
      vertex   -2.034096e+01 4.728708e+00 4.407813e+01
    endloop
  endfacet
  facet normal -6.128272e-04 9.622150e-01 -2.722901e-01
    outer loop
      vertex   -3.409557e-01 4.728708e+00 4.407813e+01
      vertex   -3.409557e-01 4.878812e+00 4.460856e+01
      vertex   6.055089e+00 4.755283e+00 4.415764e+01
    endloop
  endfacet
  facet normal 2.321854e-03 9.723673e-01 -2.334447e-01
    outer loop
      vertex   6.055089e+00 4.755283e+00 4.415764e+01
      vertex   -3.409557e-01 4.878812e+00 4.460856e+01
      vertex   6.055089e+00 4.938442e+00 4.492055e+01
    endloop
  endfacet
  facet normal 0.000000e+00 9.723699e-01 -2.334454e-01
    outer loop
      vertex   6.055089e+00 4.755283e+00 4.415764e+01
      vertex   6.055089e+00 4.938442e+00 4.492055e+01
      vertex   2.240410e+01 4.938442e+00 4.492055e+01
    endloop
  endfacet
  facet normal 0.000000e+00 9.910762e-01 -1.332964e-01
    outer loop
      vertex   2.240410e+01 4.938442e+00 4.492055e+01
      vertex   6.055089e+00 4.938442e+00 4.492055e+01
      vertex   -3.409557e-01 4.969611e+00 4.515230e+01
    endloop
  endfacet
  facet normal -1.161247e-03 9.863415e-01 -1.647093e-01
    outer loop
      vertex   -3.409557e-01 4.878812e+00 4.460856e+01
      vertex   -3.409557e-01 4.969611e+00 4.515230e+01
      vertex   6.055089e+00 4.938442e+00 4.492055e+01
    endloop
  endfacet
  facet normal 0.000000e+00 9.723699e-01 -2.334454e-01
    outer loop
      vertex   -2.664293e+01 4.938442e+00 4.492055e+01
      vertex   -2.664293e+01 4.755283e+00 4.415764e+01
      vertex   -4.299194e+01 4.755283e+00 4.415764e+01
    endloop
  endfacet
  facet normal 0.000000e+00 9.723699e-01 -2.334454e-01
    outer loop
      vertex   -4.299194e+01 4.938442e+00 4.492055e+01
      vertex   -2.664293e+01 4.938442e+00 4.492055e+01
      vertex   -4.299194e+01 4.755283e+00 4.415764e+01
    endloop
  endfacet
  facet normal 0.000000e+00 9.238795e-01 -3.826834e-01
    outer loop
      vertex   2.240410e+01 4.755283e+00 4.415764e+01
      vertex   2.240410e+01 4.455033e+00 4.343277e+01
      vertex   6.055089e+00 4.455033e+00 4.343277e+01
    endloop
  endfacet
  facet normal 0.000000e+00 8.526402e-01 -5.224986e-01
    outer loop
      vertex   6.055089e+00 4.455033e+00 4.343277e+01
      vertex   2.240410e+01 4.455033e+00 4.343277e+01
      vertex   6.055089e+00 4.045085e+00 4.276380e+01
    endloop
  endfacet
  facet normal 0.000000e+00 8.526402e-01 -5.224986e-01
    outer loop
      vertex   6.055089e+00 4.455033e+00 4.343277e+01
      vertex   6.055089e+00 4.045085e+00 4.276380e+01
      vertex   -1.029392e+01 4.045085e+00 4.276380e+01
    endloop
  endfacet
  facet normal 0.000000e+00 7.604060e-01 -6.494480e-01
    outer loop
      vertex   -1.029392e+01 4.045085e+00 4.276380e+01
      vertex   6.055089e+00 4.045085e+00 4.276380e+01
      vertex   -1.029392e+01 3.535534e+00 4.216719e+01
    endloop
  endfacet
  facet normal 0.000000e+00 8.526402e-01 -5.224986e-01
    outer loop
      vertex   -1.029392e+01 4.045085e+00 4.276380e+01
      vertex   -1.029392e+01 4.455033e+00 4.343277e+01
      vertex   6.055089e+00 4.455033e+00 4.343277e+01
    endloop
  endfacet
  facet normal 0.000000e+00 8.526402e-01 -5.224986e-01
    outer loop
      vertex   -4.299194e+01 4.045085e+00 4.276380e+01
      vertex   -4.299194e+01 4.455033e+00 4.343277e+01
      vertex   -2.664293e+01 4.455033e+00 4.343277e+01
    endloop
  endfacet
  facet normal 0.000000e+00 8.526402e-01 -5.224986e-01
    outer loop
      vertex   -4.299194e+01 4.045085e+00 4.276380e+01
      vertex   -2.664293e+01 4.455033e+00 4.343277e+01
      vertex   -2.664293e+01 4.045085e+00 4.276380e+01
    endloop
  endfacet
  facet normal 0.000000e+00 8.526402e-01 -5.224986e-01
    outer loop
      vertex   2.240410e+01 4.455033e+00 4.343277e+01
      vertex   2.240410e+01 4.045085e+00 4.276380e+01
      vertex   6.055089e+00 4.045085e+00 4.276380e+01
    endloop
  endfacet
  facet normal 0.000000e+00 7.604060e-01 -6.494480e-01
    outer loop
      vertex   6.055089e+00 4.045085e+00 4.276380e+01
      vertex   2.240410e+01 4.045085e+00 4.276380e+01
      vertex   6.055089e+00 3.535534e+00 4.216719e+01
    endloop
  endfacet
  facet normal 0.000000e+00 7.604060e-01 -6.494480e-01
    outer loop
      vertex   6.055089e+00 4.045085e+00 4.276380e+01
      vertex   6.055089e+00 3.535534e+00 4.216719e+01
      vertex   -1.029392e+01 3.535534e+00 4.216719e+01
    endloop
  endfacet
  facet normal 0.000000e+00 6.494480e-01 -7.604060e-01
    outer loop
      vertex   -1.029392e+01 3.535534e+00 4.216719e+01
      vertex   6.055089e+00 3.535534e+00 4.216719e+01
      vertex   -1.029392e+01 2.938926e+00 4.165764e+01
    endloop
  endfacet
  facet normal 0.000000e+00 7.604060e-01 -6.494480e-01
    outer loop
      vertex   -4.299194e+01 3.535534e+00 4.216719e+01
      vertex   -4.299194e+01 4.045085e+00 4.276380e+01
      vertex   -2.664293e+01 4.045085e+00 4.276380e+01
    endloop
  endfacet
  facet normal 0.000000e+00 7.604060e-01 -6.494480e-01
    outer loop
      vertex   -4.299194e+01 3.535534e+00 4.216719e+01
      vertex   -2.664293e+01 4.045085e+00 4.276380e+01
      vertex   -2.664293e+01 3.535534e+00 4.216719e+01
    endloop
  endfacet
  facet normal 0.000000e+00 7.604060e-01 -6.494480e-01
    outer loop
      vertex   2.240410e+01 4.045085e+00 4.276380e+01
      vertex   2.240410e+01 3.535534e+00 4.216719e+01
      vertex   6.055089e+00 3.535534e+00 4.216719e+01
    endloop
  endfacet
  facet normal 0.000000e+00 6.494480e-01 -7.604060e-01
    outer loop
      vertex   6.055089e+00 3.535534e+00 4.216719e+01
      vertex   2.240410e+01 3.535534e+00 4.216719e+01
      vertex   6.055089e+00 2.938926e+00 4.165764e+01
    endloop
  endfacet
  facet normal 0.000000e+00 6.494480e-01 -7.604060e-01
    outer loop
      vertex   6.055089e+00 3.535534e+00 4.216719e+01
      vertex   6.055089e+00 2.938926e+00 4.165764e+01
      vertex   -1.029392e+01 2.938926e+00 4.165764e+01
    endloop
  endfacet
  facet normal 0.000000e+00 5.224986e-01 -8.526402e-01
    outer loop
      vertex   -1.029392e+01 2.938926e+00 4.165764e+01
      vertex   6.055089e+00 2.938926e+00 4.165764e+01
      vertex   -1.029392e+01 2.269952e+00 4.124769e+01
    endloop
  endfacet
  facet normal 0.000000e+00 6.494480e-01 -7.604060e-01
    outer loop
      vertex   -4.299194e+01 2.938926e+00 4.165764e+01
      vertex   -4.299194e+01 3.535534e+00 4.216719e+01
      vertex   -2.664293e+01 3.535534e+00 4.216719e+01
    endloop
  endfacet
  facet normal 0.000000e+00 6.494480e-01 -7.604060e-01
    outer loop
      vertex   -4.299194e+01 2.938926e+00 4.165764e+01
      vertex   -2.664293e+01 3.535534e+00 4.216719e+01
      vertex   -2.664293e+01 2.938926e+00 4.165764e+01
    endloop
  endfacet
  facet normal 0.000000e+00 6.494480e-01 -7.604060e-01
    outer loop
      vertex   2.240410e+01 3.535534e+00 4.216719e+01
      vertex   2.240410e+01 2.938926e+00 4.165764e+01
      vertex   6.055089e+00 2.938926e+00 4.165764e+01
    endloop
  endfacet
  facet normal 0.000000e+00 5.224986e-01 -8.526402e-01
    outer loop
      vertex   6.055089e+00 2.938926e+00 4.165764e+01
      vertex   2.240410e+01 2.938926e+00 4.165764e+01
      vertex   6.055089e+00 2.269952e+00 4.124769e+01
    endloop
  endfacet
  facet normal 0.000000e+00 5.224986e-01 -8.526402e-01
    outer loop
      vertex   6.055089e+00 2.938926e+00 4.165764e+01
      vertex   6.055089e+00 2.269952e+00 4.124769e+01
      vertex   -1.029392e+01 2.269952e+00 4.124769e+01
    endloop
  endfacet
  facet normal 0.000000e+00 3.826834e-01 -9.238795e-01
    outer loop
      vertex   -1.029392e+01 2.269952e+00 4.124769e+01
      vertex   6.055089e+00 2.269952e+00 4.124769e+01
      vertex   -1.029392e+01 1.545085e+00 4.094744e+01
    endloop
  endfacet
  facet normal 0.000000e+00 5.224986e-01 -8.526402e-01
    outer loop
      vertex   -4.299194e+01 2.269952e+00 4.124769e+01
      vertex   -4.299194e+01 2.938926e+00 4.165764e+01
      vertex   -2.664293e+01 2.938926e+00 4.165764e+01
    endloop
  endfacet
  facet normal 0.000000e+00 5.224986e-01 -8.526402e-01
    outer loop
      vertex   -4.299194e+01 2.269952e+00 4.124769e+01
      vertex   -2.664293e+01 2.938926e+00 4.165764e+01
      vertex   -2.664293e+01 2.269952e+00 4.124769e+01
    endloop
  endfacet
  facet normal 0.000000e+00 5.224986e-01 -8.526402e-01
    outer loop
      vertex   2.240410e+01 2.938926e+00 4.165764e+01
      vertex   2.240410e+01 2.269952e+00 4.124769e+01
      vertex   6.055089e+00 2.269952e+00 4.124769e+01
    endloop
  endfacet
  facet normal 0.000000e+00 3.826834e-01 -9.238795e-01
    outer loop
      vertex   6.055089e+00 2.269952e+00 4.124769e+01
      vertex   2.240410e+01 2.269952e+00 4.124769e+01
      vertex   6.055089e+00 1.545085e+00 4.094744e+01
    endloop
  endfacet
  facet normal 0.000000e+00 3.826834e-01 -9.238795e-01
    outer loop
      vertex   6.055089e+00 2.269952e+00 4.124769e+01
      vertex   6.055089e+00 1.545085e+00 4.094744e+01
      vertex   -1.029392e+01 1.545085e+00 4.094744e+01
    endloop
  endfacet
  facet normal 0.000000e+00 2.334454e-01 -9.723699e-01
    outer loop
      vertex   -1.029392e+01 1.545085e+00 4.094744e+01
      vertex   6.055089e+00 1.545085e+00 4.094744e+01
      vertex   -1.029392e+01 7.821723e-01 4.076428e+01
    endloop
  endfacet
  facet normal 0.000000e+00 3.826834e-01 -9.238795e-01
    outer loop
      vertex   -4.299194e+01 1.545085e+00 4.094744e+01
      vertex   -4.299194e+01 2.269952e+00 4.124769e+01
      vertex   -2.664293e+01 2.269952e+00 4.124769e+01
    endloop
  endfacet
  facet normal 0.000000e+00 3.826834e-01 -9.238795e-01
    outer loop
      vertex   -4.299194e+01 1.545085e+00 4.094744e+01
      vertex   -2.664293e+01 2.269952e+00 4.124769e+01
      vertex   -2.664293e+01 1.545085e+00 4.094744e+01
    endloop
  endfacet
  facet normal 0.000000e+00 3.826834e-01 -9.238795e-01
    outer loop
      vertex   2.240410e+01 2.269952e+00 4.124769e+01
      vertex   2.240410e+01 1.545085e+00 4.094744e+01
      vertex   6.055089e+00 1.545085e+00 4.094744e+01
    endloop
  endfacet
  facet normal 0.000000e+00 2.334454e-01 -9.723699e-01
    outer loop
      vertex   6.055089e+00 1.545085e+00 4.094744e+01
      vertex   2.240410e+01 1.545085e+00 4.094744e+01
      vertex   6.055089e+00 7.821723e-01 4.076428e+01
    endloop
  endfacet
  facet normal 0.000000e+00 2.334454e-01 -9.723699e-01
    outer loop
      vertex   6.055089e+00 1.545085e+00 4.094744e+01
      vertex   6.055089e+00 7.821723e-01 4.076428e+01
      vertex   -1.029392e+01 7.821723e-01 4.076428e+01
    endloop
  endfacet
  facet normal 0.000000e+00 2.334454e-01 -9.723699e-01
    outer loop
      vertex   2.240410e+01 7.821723e-01 4.076428e+01
      vertex   6.055089e+00 7.821723e-01 4.076428e+01
      vertex   2.240410e+01 1.545085e+00 4.094744e+01
    endloop
  endfacet
  facet normal 0.000000e+00 2.334454e-01 -9.723699e-01
    outer loop
      vertex   -4.299194e+01 7.821723e-01 4.076428e+01
      vertex   -4.299194e+01 1.545085e+00 4.094744e+01
      vertex   -2.664293e+01 1.545085e+00 4.094744e+01
    endloop
  endfacet
  facet normal 0.000000e+00 2.334454e-01 -9.723699e-01
    outer loop
      vertex   -4.299194e+01 7.821723e-01 4.076428e+01
      vertex   -2.664293e+01 1.545085e+00 4.094744e+01
      vertex   -2.664293e+01 7.821723e-01 4.076428e+01
    endloop
  endfacet
  facet normal 0.000000e+00 -1.000000e+00 0.000000e+00
    outer loop
      vertex   -6.018614e+01 0.000000e+00 7.435216e+01
      vertex   -6.021596e+01 0.000000e+00 7.457863e+01
      vertex   -6.184096e+01 0.000000e+00 7.707863e+01
    endloop
  endfacet
  facet normal 0.000000e+00 -1.000000e+00 0.000000e+00
    outer loop
      vertex   -6.184096e+01 0.000000e+00 7.707863e+01
      vertex   -6.021596e+01 0.000000e+00 7.457863e+01
      vertex   -6.018614e+01 0.000000e+00 7.480509e+01
    endloop
  endfacet
  facet normal 0.000000e+00 -1.000000e+00 0.000000e+00
    outer loop
      vertex   -6.184096e+01 0.000000e+00 7.707863e+01
      vertex   -6.018614e+01 0.000000e+00 7.480509e+01
      vertex   -6.009873e+01 0.000000e+00 7.501613e+01
    endloop
  endfacet
  facet normal 0.000000e+00 -1.000000e+00 0.000000e+00
    outer loop
      vertex   -6.009873e+01 0.000000e+00 7.501613e+01
      vertex   -5.995967e+01 0.000000e+00 7.519734e+01
      vertex   -6.184096e+01 0.000000e+00 7.707863e+01
    endloop
  endfacet
  facet normal 0.000000e+00 -1.000000e+00 0.000000e+00
    outer loop
      vertex   -6.184096e+01 0.000000e+00 7.707863e+01
      vertex   -5.995967e+01 0.000000e+00 7.519734e+01
      vertex   -5.977846e+01 0.000000e+00 7.533640e+01
    endloop
  endfacet
  facet normal 0.000000e+00 -1.000000e+00 0.000000e+00
    outer loop
      vertex   -6.184096e+01 0.000000e+00 7.707863e+01
      vertex   -5.977846e+01 0.000000e+00 7.533640e+01
      vertex   -5.956742e+01 0.000000e+00 7.542381e+01
    endloop
  endfacet
  facet normal 0.000000e+00 -1.000000e+00 0.000000e+00
    outer loop
      vertex   -6.184096e+01 0.000000e+00 7.707863e+01
      vertex   -5.956742e+01 0.000000e+00 7.542381e+01
      vertex   -5.934096e+01 0.000000e+00 7.707863e+01
    endloop
  endfacet
  facet normal 0.000000e+00 -1.000000e+00 -0.000000e+00
    outer loop
      vertex   -5.934096e+01 0.000000e+00 7.707863e+01
      vertex   -5.956742e+01 0.000000e+00 7.542381e+01
      vertex   -5.934096e+01 0.000000e+00 7.545363e+01
    endloop
  endfacet
  facet normal 0.000000e+00 -1.000000e+00 0.000000e+00
    outer loop
      vertex   -5.934096e+01 0.000000e+00 7.707863e+01
      vertex   -5.934096e+01 0.000000e+00 7.545363e+01
      vertex   -5.911449e+01 0.000000e+00 7.542381e+01
    endloop
  endfacet
  facet normal 0.000000e+00 -1.000000e+00 0.000000e+00
    outer loop
      vertex   -5.911449e+01 0.000000e+00 7.542381e+01
      vertex   -5.890346e+01 0.000000e+00 7.533640e+01
      vertex   -5.934096e+01 0.000000e+00 7.707863e+01
    endloop
  endfacet
  facet normal 0.000000e+00 -1.000000e+00 0.000000e+00
    outer loop
      vertex   -5.934096e+01 0.000000e+00 7.707863e+01
      vertex   -5.890346e+01 0.000000e+00 7.533640e+01
      vertex   -5.872224e+01 0.000000e+00 7.519734e+01
    endloop
  endfacet
  facet normal 0.000000e+00 -1.000000e+00 0.000000e+00
    outer loop
      vertex   -5.934096e+01 0.000000e+00 7.707863e+01
      vertex   -5.872224e+01 0.000000e+00 7.519734e+01
      vertex   -5.858318e+01 0.000000e+00 7.501613e+01
    endloop
  endfacet
  facet normal 0.000000e+00 -1.000000e+00 0.000000e+00
    outer loop
      vertex   -5.934096e+01 0.000000e+00 7.707863e+01
      vertex   -5.858318e+01 0.000000e+00 7.501613e+01
      vertex   3.799534e+01 0.000000e+00 7.501613e+01
    endloop
  endfacet
  facet normal -0.000000e+00 -1.000000e+00 0.000000e+00
    outer loop
      vertex   3.799534e+01 0.000000e+00 7.501613e+01
      vertex   -5.858318e+01 0.000000e+00 7.501613e+01
      vertex   -5.849577e+01 0.000000e+00 7.480509e+01
    endloop
  endfacet
  facet normal 0.000000e+00 -1.000000e+00 0.000000e+00
    outer loop
      vertex   3.799534e+01 0.000000e+00 7.501613e+01
      vertex   -5.849577e+01 0.000000e+00 7.480509e+01
      vertex   3.790793e+01 0.000000e+00 7.480509e+01
    endloop
  endfacet
  facet normal -0.000000e+00 -1.000000e+00 0.000000e+00
    outer loop
      vertex   3.790793e+01 0.000000e+00 7.480509e+01
      vertex   -5.849577e+01 0.000000e+00 7.480509e+01
      vertex   3.787811e+01 0.000000e+00 7.457863e+01
    endloop
  endfacet
  facet normal 0.000000e+00 -1.000000e+00 0.000000e+00
    outer loop
      vertex   3.787811e+01 0.000000e+00 7.457863e+01
      vertex   -5.849577e+01 0.000000e+00 7.480509e+01
      vertex   -5.846596e+01 0.000000e+00 7.457863e+01
    endloop
  endfacet
  facet normal -0.000000e+00 -1.000000e+00 0.000000e+00
    outer loop
      vertex   3.787811e+01 0.000000e+00 7.457863e+01
      vertex   -5.846596e+01 0.000000e+00 7.457863e+01
      vertex   -5.849577e+01 0.000000e+00 7.435216e+01
    endloop
  endfacet
  facet normal 0.000000e+00 -1.000000e+00 -0.000000e+00
    outer loop
      vertex   3.787811e+01 0.000000e+00 7.457863e+01
      vertex   -5.849577e+01 0.000000e+00 7.435216e+01
      vertex   3.790793e+01 0.000000e+00 7.435216e+01
    endloop
  endfacet
  facet normal -0.000000e+00 -1.000000e+00 0.000000e+00
    outer loop
      vertex   3.790793e+01 0.000000e+00 7.435216e+01
      vertex   -5.849577e+01 0.000000e+00 7.435216e+01
      vertex   -5.858318e+01 0.000000e+00 7.414113e+01
    endloop
  endfacet
  facet normal 0.000000e+00 -1.000000e+00 -0.000000e+00
    outer loop
      vertex   3.790793e+01 0.000000e+00 7.435216e+01
      vertex   -5.858318e+01 0.000000e+00 7.414113e+01
      vertex   3.799534e+01 0.000000e+00 7.414113e+01
    endloop
  endfacet
  facet normal -0.000000e+00 -1.000000e+00 0.000000e+00
    outer loop
      vertex   3.799534e+01 0.000000e+00 7.414113e+01
      vertex   -5.858318e+01 0.000000e+00 7.414113e+01
      vertex   -5.872224e+01 0.000000e+00 7.395991e+01
    endloop
  endfacet
  facet normal 0.000000e+00 -1.000000e+00 -0.000000e+00
    outer loop
      vertex   3.799534e+01 0.000000e+00 7.414113e+01
      vertex   -5.872224e+01 0.000000e+00 7.395991e+01
      vertex   3.813439e+01 0.000000e+00 7.395991e+01
    endloop
  endfacet
  facet normal -0.000000e+00 -1.000000e+00 0.000000e+00
    outer loop
      vertex   3.813439e+01 0.000000e+00 7.395991e+01
      vertex   -5.872224e+01 0.000000e+00 7.395991e+01
      vertex   -5.890346e+01 0.000000e+00 7.382085e+01
    endloop
  endfacet
  facet normal 0.000000e+00 -1.000000e+00 -0.000000e+00
    outer loop
      vertex   3.813439e+01 0.000000e+00 7.395991e+01
      vertex   -5.890346e+01 0.000000e+00 7.382085e+01
      vertex   3.831561e+01 0.000000e+00 7.382085e+01
    endloop
  endfacet
  facet normal 0.000000e+00 -1.000000e+00 0.000000e+00
    outer loop
      vertex   3.831561e+01 0.000000e+00 7.382085e+01
      vertex   -5.890346e+01 0.000000e+00 7.382085e+01
      vertex   -5.911449e+01 0.000000e+00 7.373344e+01
    endloop
  endfacet
  facet normal 0.000000e+00 -1.000000e+00 -0.000000e+00
    outer loop
      vertex   3.831561e+01 0.000000e+00 7.382085e+01
      vertex   -5.911449e+01 0.000000e+00 7.373344e+01
      vertex   3.852665e+01 0.000000e+00 7.373344e+01
    endloop
  endfacet
  facet normal -0.000000e+00 -1.000000e+00 0.000000e+00
    outer loop
      vertex   3.852665e+01 0.000000e+00 7.373344e+01
      vertex   -5.911449e+01 0.000000e+00 7.373344e+01
      vertex   -5.911449e+01 0.000000e+00 4.404791e+01
    endloop
  endfacet
  facet normal 0.000000e+00 -1.000000e+00 -0.000000e+00
    outer loop
      vertex   3.852665e+01 0.000000e+00 7.373344e+01
      vertex   -5.911449e+01 0.000000e+00 4.404791e+01
      vertex   3.852665e+01 0.000000e+00 4.404791e+01
    endloop
  endfacet
  facet normal -0.000000e+00 -1.000000e+00 0.000000e+00
    outer loop
      vertex   3.852665e+01 0.000000e+00 4.404791e+01
      vertex   -5.911449e+01 0.000000e+00 4.404791e+01
      vertex   -5.890346e+01 0.000000e+00 4.396050e+01
    endloop
  endfacet
  facet normal 0.000000e+00 -1.000000e+00 0.000000e+00
    outer loop
      vertex   3.852665e+01 0.000000e+00 4.404791e+01
      vertex   -5.890346e+01 0.000000e+00 4.396050e+01
      vertex   3.831561e+01 0.000000e+00 4.396050e+01
    endloop
  endfacet
  facet normal -0.000000e+00 -1.000000e+00 0.000000e+00
    outer loop
      vertex   3.831561e+01 0.000000e+00 4.396050e+01
      vertex   -5.890346e+01 0.000000e+00 4.396050e+01
      vertex   3.813439e+01 0.000000e+00 4.382144e+01
    endloop
  endfacet
  facet normal 0.000000e+00 -1.000000e+00 0.000000e+00
    outer loop
      vertex   3.813439e+01 0.000000e+00 4.382144e+01
      vertex   -5.890346e+01 0.000000e+00 4.396050e+01
      vertex   -5.872224e+01 0.000000e+00 4.382144e+01
    endloop
  endfacet
  facet normal -0.000000e+00 -1.000000e+00 0.000000e+00
    outer loop
      vertex   3.813439e+01 0.000000e+00 4.382144e+01
      vertex   -5.872224e+01 0.000000e+00 4.382144e+01
      vertex   3.799534e+01 0.000000e+00 4.364022e+01
    endloop
  endfacet
  facet normal 0.000000e+00 -1.000000e+00 0.000000e+00
    outer loop
      vertex   3.799534e+01 0.000000e+00 4.364022e+01
      vertex   -5.872224e+01 0.000000e+00 4.382144e+01
      vertex   -5.858318e+01 0.000000e+00 4.364022e+01
    endloop
  endfacet
  facet normal -0.000000e+00 -1.000000e+00 0.000000e+00
    outer loop
      vertex   3.799534e+01 0.000000e+00 4.364022e+01
      vertex   -5.858318e+01 0.000000e+00 4.364022e+01
      vertex   3.790793e+01 0.000000e+00 4.342919e+01
    endloop
  endfacet
  facet normal 0.000000e+00 -1.000000e+00 0.000000e+00
    outer loop
      vertex   3.790793e+01 0.000000e+00 4.342919e+01
      vertex   -5.858318e+01 0.000000e+00 4.364022e+01
      vertex   -5.849577e+01 0.000000e+00 4.342919e+01
    endloop
  endfacet
  facet normal -0.000000e+00 -1.000000e+00 0.000000e+00
    outer loop
      vertex   3.790793e+01 0.000000e+00 4.342919e+01
      vertex   -5.849577e+01 0.000000e+00 4.342919e+01
      vertex   3.787811e+01 0.000000e+00 4.320272e+01
    endloop
  endfacet
  facet normal 0.000000e+00 -1.000000e+00 0.000000e+00
    outer loop
      vertex   3.787811e+01 0.000000e+00 4.320272e+01
      vertex   -5.849577e+01 0.000000e+00 4.342919e+01
      vertex   -5.846596e+01 0.000000e+00 4.320272e+01
    endloop
  endfacet
  facet normal -0.000000e+00 -1.000000e+00 0.000000e+00
    outer loop
      vertex   3.787811e+01 0.000000e+00 4.320272e+01
      vertex   -5.846596e+01 0.000000e+00 4.320272e+01
      vertex   -5.849577e+01 0.000000e+00 4.297626e+01
    endloop
  endfacet
  facet normal 0.000000e+00 -1.000000e+00 0.000000e+00
    outer loop
      vertex   -5.911449e+01 0.000000e+00 4.404791e+01
      vertex   -5.911449e+01 0.000000e+00 7.373344e+01
      vertex   -5.934096e+01 0.000000e+00 4.407772e+01
    endloop
  endfacet
  facet normal 0.000000e+00 -1.000000e+00 0.000000e+00
    outer loop
      vertex   -5.934096e+01 0.000000e+00 4.407772e+01
      vertex   -5.911449e+01 0.000000e+00 7.373344e+01
      vertex   -5.934096e+01 0.000000e+00 7.370363e+01
    endloop
  endfacet
  facet normal -0.000000e+00 -1.000000e+00 0.000000e+00
    outer loop
      vertex   -5.934096e+01 0.000000e+00 4.407772e+01
      vertex   -5.934096e+01 0.000000e+00 7.370363e+01
      vertex   -5.956742e+01 0.000000e+00 4.404791e+01
    endloop
  endfacet
  facet normal 0.000000e+00 -1.000000e+00 0.000000e+00
    outer loop
      vertex   -5.956742e+01 0.000000e+00 4.404791e+01
      vertex   -5.934096e+01 0.000000e+00 7.370363e+01
      vertex   -5.956742e+01 0.000000e+00 7.373344e+01
    endloop
  endfacet
  facet normal -0.000000e+00 -1.000000e+00 0.000000e+00
    outer loop
      vertex   -5.956742e+01 0.000000e+00 4.404791e+01
      vertex   -5.956742e+01 0.000000e+00 7.373344e+01
      vertex   -5.977846e+01 0.000000e+00 4.396050e+01
    endloop
  endfacet
  facet normal 0.000000e+00 -1.000000e+00 0.000000e+00
    outer loop
      vertex   -5.977846e+01 0.000000e+00 4.396050e+01
      vertex   -5.956742e+01 0.000000e+00 7.373344e+01
      vertex   -5.977846e+01 0.000000e+00 7.382085e+01
    endloop
  endfacet
  facet normal -0.000000e+00 -1.000000e+00 0.000000e+00
    outer loop
      vertex   -5.977846e+01 0.000000e+00 4.396050e+01
      vertex   -5.977846e+01 0.000000e+00 7.382085e+01
      vertex   -5.995967e+01 0.000000e+00 4.382144e+01
    endloop
  endfacet
  facet normal 0.000000e+00 -1.000000e+00 0.000000e+00
    outer loop
      vertex   -5.995967e+01 0.000000e+00 4.382144e+01
      vertex   -5.977846e+01 0.000000e+00 7.382085e+01
      vertex   -5.995967e+01 0.000000e+00 7.395991e+01
    endloop
  endfacet
  facet normal -0.000000e+00 -1.000000e+00 0.000000e+00
    outer loop
      vertex   -5.995967e+01 0.000000e+00 4.382144e+01
      vertex   -5.995967e+01 0.000000e+00 7.395991e+01
      vertex   -6.009873e+01 0.000000e+00 4.364022e+01
    endloop
  endfacet
  facet normal 0.000000e+00 -1.000000e+00 0.000000e+00
    outer loop
      vertex   -6.009873e+01 0.000000e+00 4.364022e+01
      vertex   -5.995967e+01 0.000000e+00 7.395991e+01
      vertex   -6.009873e+01 0.000000e+00 7.414113e+01
    endloop
  endfacet
  facet normal -0.000000e+00 -1.000000e+00 0.000000e+00
    outer loop
      vertex   -6.009873e+01 0.000000e+00 4.364022e+01
      vertex   -6.009873e+01 0.000000e+00 7.414113e+01
      vertex   -6.184096e+01 0.000000e+00 4.070272e+01
    endloop
  endfacet
  facet normal 0.000000e+00 -1.000000e+00 0.000000e+00
    outer loop
      vertex   -6.184096e+01 0.000000e+00 4.070272e+01
      vertex   -6.009873e+01 0.000000e+00 7.414113e+01
      vertex   -6.184096e+01 0.000000e+00 7.707863e+01
    endloop
  endfacet
  facet normal 0.000000e+00 -1.000000e+00 0.000000e+00
    outer loop
      vertex   -6.184096e+01 0.000000e+00 7.707863e+01
      vertex   -6.009873e+01 0.000000e+00 7.414113e+01
      vertex   -6.018614e+01 0.000000e+00 7.435216e+01
    endloop
  endfacet
  facet normal -0.000000e+00 -1.000000e+00 0.000000e+00
    outer loop
      vertex   -6.018614e+01 0.000000e+00 4.297626e+01
      vertex   -6.021596e+01 0.000000e+00 4.320272e+01
      vertex   -6.184096e+01 0.000000e+00 4.070272e+01
    endloop
  endfacet
  facet normal 0.000000e+00 -1.000000e+00 0.000000e+00
    outer loop
      vertex   -6.184096e+01 0.000000e+00 4.070272e+01
      vertex   -6.021596e+01 0.000000e+00 4.320272e+01
      vertex   -6.018614e+01 0.000000e+00 4.342919e+01
    endloop
  endfacet
  facet normal 0.000000e+00 -1.000000e+00 0.000000e+00
    outer loop
      vertex   -6.184096e+01 0.000000e+00 4.070272e+01
      vertex   -6.018614e+01 0.000000e+00 4.342919e+01
      vertex   -6.009873e+01 0.000000e+00 4.364022e+01
    endloop
  endfacet
  facet normal 0.000000e+00 -1.000000e+00 0.000000e+00
    outer loop
      vertex   -5.858318e+01 0.000000e+00 4.276522e+01
      vertex   3.799534e+01 0.000000e+00 4.276522e+01
      vertex   -5.849577e+01 0.000000e+00 4.297626e+01
    endloop
  endfacet
  facet normal 0.000000e+00 -1.000000e+00 0.000000e+00
    outer loop
      vertex   -5.849577e+01 0.000000e+00 4.297626e+01
      vertex   3.799534e+01 0.000000e+00 4.276522e+01
      vertex   3.790793e+01 0.000000e+00 4.297626e+01
    endloop
  endfacet
  facet normal 0.000000e+00 -1.000000e+00 0.000000e+00
    outer loop
      vertex   -5.849577e+01 0.000000e+00 4.297626e+01
      vertex   3.790793e+01 0.000000e+00 4.297626e+01
      vertex   3.787811e+01 0.000000e+00 4.320272e+01
    endloop
  endfacet
  facet normal -0.000000e+00 -1.000000e+00 0.000000e+00
    outer loop
      vertex   3.799534e+01 0.000000e+00 4.276522e+01
      vertex   -5.858318e+01 0.000000e+00 4.276522e+01
      vertex   -5.934096e+01 0.000000e+00 4.070272e+01
    endloop
  endfacet
  facet normal 0.000000e+00 -1.000000e+00 0.000000e+00
    outer loop
      vertex   -5.934096e+01 0.000000e+00 4.070272e+01
      vertex   -5.858318e+01 0.000000e+00 4.276522e+01
      vertex   -5.872224e+01 0.000000e+00 4.258401e+01
    endloop
  endfacet
  facet normal 0.000000e+00 -1.000000e+00 0.000000e+00
    outer loop
      vertex   -5.934096e+01 0.000000e+00 4.070272e+01
      vertex   -5.872224e+01 0.000000e+00 4.258401e+01
      vertex   -5.890346e+01 0.000000e+00 4.244495e+01
    endloop
  endfacet
  facet normal 0.000000e+00 -1.000000e+00 0.000000e+00
    outer loop
      vertex   -5.890346e+01 0.000000e+00 4.244495e+01
      vertex   -5.911449e+01 0.000000e+00 4.235754e+01
      vertex   -5.934096e+01 0.000000e+00 4.070272e+01
    endloop
  endfacet
  facet normal 0.000000e+00 -1.000000e+00 0.000000e+00
    outer loop
      vertex   -5.934096e+01 0.000000e+00 4.070272e+01
      vertex   -5.911449e+01 0.000000e+00 4.235754e+01
      vertex   -5.934096e+01 0.000000e+00 4.232772e+01
    endloop
  endfacet
  facet normal 0.000000e+00 -1.000000e+00 0.000000e+00
    outer loop
      vertex   -5.934096e+01 0.000000e+00 4.070272e+01
      vertex   -5.934096e+01 0.000000e+00 4.232772e+01
      vertex   -5.956742e+01 0.000000e+00 4.235754e+01
    endloop
  endfacet
  facet normal 0.000000e+00 -1.000000e+00 0.000000e+00
    outer loop
      vertex   -5.934096e+01 0.000000e+00 4.070272e+01
      vertex   -5.956742e+01 0.000000e+00 4.235754e+01
      vertex   -6.184096e+01 0.000000e+00 4.070272e+01
    endloop
  endfacet
  facet normal 0.000000e+00 -1.000000e+00 0.000000e+00
    outer loop
      vertex   -6.184096e+01 0.000000e+00 4.070272e+01
      vertex   -5.956742e+01 0.000000e+00 4.235754e+01
      vertex   -5.977846e+01 0.000000e+00 4.244495e+01
    endloop
  endfacet
  facet normal 0.000000e+00 -1.000000e+00 0.000000e+00
    outer loop
      vertex   -6.184096e+01 0.000000e+00 4.070272e+01
      vertex   -5.977846e+01 0.000000e+00 4.244495e+01
      vertex   -5.995967e+01 0.000000e+00 4.258401e+01
    endloop
  endfacet
  facet normal -0.000000e+00 -1.000000e+00 0.000000e+00
    outer loop
      vertex   -5.995967e+01 0.000000e+00 4.258401e+01
      vertex   -6.009873e+01 0.000000e+00 4.276522e+01
      vertex   -6.184096e+01 0.000000e+00 4.070272e+01
    endloop
  endfacet
  facet normal 0.000000e+00 -1.000000e+00 0.000000e+00
    outer loop
      vertex   -6.184096e+01 0.000000e+00 4.070272e+01
      vertex   -6.009873e+01 0.000000e+00 4.276522e+01
      vertex   -6.018614e+01 0.000000e+00 4.297626e+01
    endloop
  endfacet
  facet normal 0.000000e+00 -1.000000e+00 0.000000e+00
    outer loop
      vertex   -5.934096e+01 0.000000e+00 7.707863e+01
      vertex   3.799534e+01 0.000000e+00 7.501613e+01
      vertex   3.875311e+01 0.000000e+00 7.707863e+01
    endloop
  endfacet
  facet normal 0.000000e+00 -1.000000e+00 0.000000e+00
    outer loop
      vertex   3.875311e+01 0.000000e+00 7.707863e+01
      vertex   3.799534e+01 0.000000e+00 7.501613e+01
      vertex   3.813439e+01 0.000000e+00 7.519734e+01
    endloop
  endfacet
  facet normal 0.000000e+00 -1.000000e+00 0.000000e+00
    outer loop
      vertex   3.875311e+01 0.000000e+00 7.707863e+01
      vertex   3.813439e+01 0.000000e+00 7.519734e+01
      vertex   3.831561e+01 0.000000e+00 7.533640e+01
    endloop
  endfacet
  facet normal 0.000000e+00 -1.000000e+00 0.000000e+00
    outer loop
      vertex   3.831561e+01 0.000000e+00 7.533640e+01
      vertex   3.852665e+01 0.000000e+00 7.542381e+01
      vertex   3.875311e+01 0.000000e+00 7.707863e+01
    endloop
  endfacet
  facet normal 0.000000e+00 -1.000000e+00 -0.000000e+00
    outer loop
      vertex   3.875311e+01 0.000000e+00 7.707863e+01
      vertex   3.852665e+01 0.000000e+00 7.542381e+01
      vertex   3.875311e+01 0.000000e+00 7.545363e+01
    endloop
  endfacet
  facet normal 0.000000e+00 -1.000000e+00 0.000000e+00
    outer loop
      vertex   3.875311e+01 0.000000e+00 7.707863e+01
      vertex   3.875311e+01 0.000000e+00 7.545363e+01
      vertex   3.897958e+01 0.000000e+00 7.542381e+01
    endloop
  endfacet
  facet normal 0.000000e+00 -1.000000e+00 0.000000e+00
    outer loop
      vertex   3.875311e+01 0.000000e+00 7.707863e+01
      vertex   3.897958e+01 0.000000e+00 7.542381e+01
      vertex   4.125311e+01 0.000000e+00 7.707863e+01
    endloop
  endfacet
  facet normal 0.000000e+00 -1.000000e+00 0.000000e+00
    outer loop
      vertex   4.125311e+01 0.000000e+00 7.707863e+01
      vertex   3.897958e+01 0.000000e+00 7.542381e+01
      vertex   3.919061e+01 0.000000e+00 7.533640e+01
    endloop
  endfacet
  facet normal 0.000000e+00 -1.000000e+00 0.000000e+00
    outer loop
      vertex   4.125311e+01 0.000000e+00 7.707863e+01
      vertex   3.919061e+01 0.000000e+00 7.533640e+01
      vertex   3.937183e+01 0.000000e+00 7.519734e+01
    endloop
  endfacet
  facet normal 0.000000e+00 -1.000000e+00 0.000000e+00
    outer loop
      vertex   3.937183e+01 0.000000e+00 7.519734e+01
      vertex   3.951088e+01 0.000000e+00 7.501613e+01
      vertex   4.125311e+01 0.000000e+00 7.707863e+01
    endloop
  endfacet
  facet normal 0.000000e+00 -1.000000e+00 0.000000e+00
    outer loop
      vertex   4.125311e+01 0.000000e+00 7.707863e+01
      vertex   3.951088e+01 0.000000e+00 7.501613e+01
      vertex   3.959830e+01 0.000000e+00 7.480509e+01
    endloop
  endfacet
  facet normal 0.000000e+00 -1.000000e+00 0.000000e+00
    outer loop
      vertex   4.125311e+01 0.000000e+00 7.707863e+01
      vertex   3.959830e+01 0.000000e+00 7.480509e+01
      vertex   3.962811e+01 0.000000e+00 7.457863e+01
    endloop
  endfacet
  facet normal 0.000000e+00 -1.000000e+00 -0.000000e+00
    outer loop
      vertex   3.962811e+01 0.000000e+00 7.457863e+01
      vertex   3.959830e+01 0.000000e+00 7.435216e+01
      vertex   4.125311e+01 0.000000e+00 7.707863e+01
    endloop
  endfacet
  facet normal 0.000000e+00 -1.000000e+00 0.000000e+00
    outer loop
      vertex   4.125311e+01 0.000000e+00 7.707863e+01
      vertex   3.959830e+01 0.000000e+00 7.435216e+01
      vertex   3.951088e+01 0.000000e+00 7.414113e+01
    endloop
  endfacet
  facet normal 0.000000e+00 -1.000000e+00 0.000000e+00
    outer loop
      vertex   4.125311e+01 0.000000e+00 7.707863e+01
      vertex   3.951088e+01 0.000000e+00 7.414113e+01
      vertex   3.951088e+01 0.000000e+00 4.364022e+01
    endloop
  endfacet
  facet normal 0.000000e+00 -1.000000e+00 0.000000e+00
    outer loop
      vertex   3.951088e+01 0.000000e+00 4.364022e+01
      vertex   3.951088e+01 0.000000e+00 7.414113e+01
      vertex   3.937183e+01 0.000000e+00 4.382144e+01
    endloop
  endfacet
  facet normal 0.000000e+00 -1.000000e+00 0.000000e+00
    outer loop
      vertex   3.937183e+01 0.000000e+00 4.382144e+01
      vertex   3.951088e+01 0.000000e+00 7.414113e+01
      vertex   3.937183e+01 0.000000e+00 7.395991e+01
    endloop
  endfacet
  facet normal 0.000000e+00 -1.000000e+00 0.000000e+00
    outer loop
      vertex   3.937183e+01 0.000000e+00 4.382144e+01
      vertex   3.937183e+01 0.000000e+00 7.395991e+01
      vertex   3.919061e+01 0.000000e+00 4.396050e+01
    endloop
  endfacet
  facet normal 0.000000e+00 -1.000000e+00 0.000000e+00
    outer loop
      vertex   3.919061e+01 0.000000e+00 4.396050e+01
      vertex   3.937183e+01 0.000000e+00 7.395991e+01
      vertex   3.919061e+01 0.000000e+00 7.382085e+01
    endloop
  endfacet
  facet normal 0.000000e+00 -1.000000e+00 0.000000e+00
    outer loop
      vertex   3.919061e+01 0.000000e+00 4.396050e+01
      vertex   3.919061e+01 0.000000e+00 7.382085e+01
      vertex   3.897958e+01 0.000000e+00 4.404791e+01
    endloop
  endfacet
  facet normal 0.000000e+00 -1.000000e+00 0.000000e+00
    outer loop
      vertex   3.897958e+01 0.000000e+00 4.404791e+01
      vertex   3.919061e+01 0.000000e+00 7.382085e+01
      vertex   3.897958e+01 0.000000e+00 7.373344e+01
    endloop
  endfacet
  facet normal 0.000000e+00 -1.000000e+00 0.000000e+00
    outer loop
      vertex   3.897958e+01 0.000000e+00 4.404791e+01
      vertex   3.897958e+01 0.000000e+00 7.373344e+01
      vertex   3.875311e+01 0.000000e+00 4.407772e+01
    endloop
  endfacet
  facet normal 0.000000e+00 -1.000000e+00 0.000000e+00
    outer loop
      vertex   3.875311e+01 0.000000e+00 4.407772e+01
      vertex   3.897958e+01 0.000000e+00 7.373344e+01
      vertex   3.875311e+01 0.000000e+00 7.370363e+01
    endloop
  endfacet
  facet normal -0.000000e+00 -1.000000e+00 0.000000e+00
    outer loop
      vertex   3.875311e+01 0.000000e+00 4.407772e+01
      vertex   3.875311e+01 0.000000e+00 7.370363e+01
      vertex   3.852665e+01 0.000000e+00 4.404791e+01
    endloop
  endfacet
  facet normal 0.000000e+00 -1.000000e+00 0.000000e+00
    outer loop
      vertex   3.852665e+01 0.000000e+00 4.404791e+01
      vertex   3.875311e+01 0.000000e+00 7.370363e+01
      vertex   3.852665e+01 0.000000e+00 7.373344e+01
    endloop
  endfacet
  facet normal 0.000000e+00 -1.000000e+00 -0.000000e+00
    outer loop
      vertex   4.125311e+01 0.000000e+00 7.707863e+01
      vertex   3.951088e+01 0.000000e+00 4.364022e+01
      vertex   4.125311e+01 0.000000e+00 4.070272e+01
    endloop
  endfacet
  facet normal 0.000000e+00 -1.000000e+00 0.000000e+00
    outer loop
      vertex   4.125311e+01 0.000000e+00 4.070272e+01
      vertex   3.951088e+01 0.000000e+00 4.364022e+01
      vertex   3.959830e+01 0.000000e+00 4.342919e+01
    endloop
  endfacet
  facet normal 0.000000e+00 -1.000000e+00 0.000000e+00
    outer loop
      vertex   4.125311e+01 0.000000e+00 4.070272e+01
      vertex   3.959830e+01 0.000000e+00 4.342919e+01
      vertex   3.962811e+01 0.000000e+00 4.320272e+01
    endloop
  endfacet
  facet normal 0.000000e+00 -1.000000e+00 -0.000000e+00
    outer loop
      vertex   3.962811e+01 0.000000e+00 4.320272e+01
      vertex   3.959830e+01 0.000000e+00 4.297626e+01
      vertex   4.125311e+01 0.000000e+00 4.070272e+01
    endloop
  endfacet
  facet normal 0.000000e+00 -1.000000e+00 0.000000e+00
    outer loop
      vertex   4.125311e+01 0.000000e+00 4.070272e+01
      vertex   3.959830e+01 0.000000e+00 4.297626e+01
      vertex   3.951088e+01 0.000000e+00 4.276522e+01
    endloop
  endfacet
  facet normal 0.000000e+00 -1.000000e+00 0.000000e+00
    outer loop
      vertex   4.125311e+01 0.000000e+00 4.070272e+01
      vertex   3.951088e+01 0.000000e+00 4.276522e+01
      vertex   3.937183e+01 0.000000e+00 4.258401e+01
    endloop
  endfacet
  facet normal 0.000000e+00 -1.000000e+00 -0.000000e+00
    outer loop
      vertex   3.937183e+01 0.000000e+00 4.258401e+01
      vertex   3.919061e+01 0.000000e+00 4.244495e+01
      vertex   4.125311e+01 0.000000e+00 4.070272e+01
    endloop
  endfacet
  facet normal 0.000000e+00 -1.000000e+00 0.000000e+00
    outer loop
      vertex   4.125311e+01 0.000000e+00 4.070272e+01
      vertex   3.919061e+01 0.000000e+00 4.244495e+01
      vertex   3.897958e+01 0.000000e+00 4.235754e+01
    endloop
  endfacet
  facet normal 0.000000e+00 -1.000000e+00 0.000000e+00
    outer loop
      vertex   4.125311e+01 0.000000e+00 4.070272e+01
      vertex   3.897958e+01 0.000000e+00 4.235754e+01
      vertex   3.875311e+01 0.000000e+00 4.070272e+01
    endloop
  endfacet
  facet normal 0.000000e+00 -1.000000e+00 0.000000e+00
    outer loop
      vertex   3.875311e+01 0.000000e+00 4.070272e+01
      vertex   3.897958e+01 0.000000e+00 4.235754e+01
      vertex   3.875311e+01 0.000000e+00 4.232772e+01
    endloop
  endfacet
  facet normal 0.000000e+00 -1.000000e+00 0.000000e+00
    outer loop
      vertex   3.875311e+01 0.000000e+00 4.070272e+01
      vertex   3.875311e+01 0.000000e+00 4.232772e+01
      vertex   3.852665e+01 0.000000e+00 4.235754e+01
    endloop
  endfacet
  facet normal -0.000000e+00 -1.000000e+00 -0.000000e+00
    outer loop
      vertex   3.852665e+01 0.000000e+00 4.235754e+01
      vertex   3.831561e+01 0.000000e+00 4.244495e+01
      vertex   3.875311e+01 0.000000e+00 4.070272e+01
    endloop
  endfacet
  facet normal 0.000000e+00 -1.000000e+00 0.000000e+00
    outer loop
      vertex   3.875311e+01 0.000000e+00 4.070272e+01
      vertex   3.831561e+01 0.000000e+00 4.244495e+01
      vertex   3.813439e+01 0.000000e+00 4.258401e+01
    endloop
  endfacet
  facet normal 0.000000e+00 -1.000000e+00 0.000000e+00
    outer loop
      vertex   3.875311e+01 0.000000e+00 4.070272e+01
      vertex   3.813439e+01 0.000000e+00 4.258401e+01
      vertex   3.799534e+01 0.000000e+00 4.276522e+01
    endloop
  endfacet
  facet normal 0.000000e+00 -1.000000e+00 0.000000e+00
    outer loop
      vertex   -5.934096e+01 0.000000e+00 4.070272e+01
      vertex   3.875311e+01 0.000000e+00 4.070272e+01
      vertex   3.799534e+01 0.000000e+00 4.276522e+01
    endloop
  endfacet
  facet normal 2.862226e-04 9.999970e-01 -2.448791e-03
    outer loop
      vertex   3.875311e+01 5.000000e+00 7.207863e+01
      vertex   3.932965e+01 5.000000e+00 7.214601e+01
      vertex   3.924861e+01 4.999981e+00 7.212892e+01
    endloop
  endfacet
  facet normal 1.830687e-02 -9.961538e-01 -8.568768e-02
    outer loop
      vertex   3.924861e+01 4.999981e+00 7.212892e+01
      vertex   3.932965e+01 5.000000e+00 7.214601e+01
      vertex   3.973791e+01 4.995911e+00 7.228077e+01
    endloop
  endfacet
  facet normal 1.026190e-01 9.539273e-01 -2.819434e-01
    outer loop
      vertex   3.973791e+01 4.995911e+00 7.228077e+01
      vertex   3.932965e+01 5.000000e+00 7.214601e+01
      vertex   3.987511e+01 5.000000e+00 7.234454e+01
    endloop
  endfacet
  facet normal 2.831797e-01 -7.791098e-01 -5.592827e-01
    outer loop
      vertex   3.973791e+01 4.995911e+00 7.228077e+01
      vertex   3.987511e+01 5.000000e+00 7.234454e+01
      vertex   4.018419e+01 4.979518e+00 7.252957e+01
    endloop
  endfacet
  facet normal 4.407233e-01 5.972823e-01 -6.700872e-01
    outer loop
      vertex   4.018419e+01 4.979518e+00 7.252957e+01
      vertex   3.987511e+01 5.000000e+00 7.234454e+01
      vertex   4.036008e+01 5.000000e+00 7.266352e+01
    endloop
  endfacet
  facet normal 5.984756e-01 -3.108602e-01 -7.383718e-01
    outer loop
      vertex   4.018419e+01 4.979518e+00 7.252957e+01
      vertex   4.036008e+01 5.000000e+00 7.266352e+01
      vertex   4.055940e+01 4.940082e+00 7.285030e+01
    endloop
  endfacet
  facet normal 7.003569e-01 2.700112e-01 -6.607527e-01
    outer loop
      vertex   4.055940e+01 4.940082e+00 7.285030e+01
      vertex   4.036008e+01 5.000000e+00 7.266352e+01
      vertex   4.075842e+01 5.000000e+00 7.308573e+01
    endloop
  endfacet
  facet normal 7.726856e-01 -1.099316e-01 -6.251976e-01
    outer loop
      vertex   4.055940e+01 4.940082e+00 7.285030e+01
      vertex   4.075842e+01 5.000000e+00 7.308573e+01
      vertex   4.086221e+01 4.863423e+00 7.323802e+01
    endloop
  endfacet
  facet normal 8.616755e-01 1.001024e-01 -4.974886e-01
    outer loop
      vertex   4.086221e+01 4.863423e+00 7.323802e+01
      vertex   4.075842e+01 5.000000e+00 7.308573e+01
      vertex   4.104865e+01 5.000000e+00 7.358843e+01
    endloop
  endfacet
  facet normal 8.876135e-01 -3.301430e-02 -4.594044e-01
    outer loop
      vertex   4.086221e+01 4.863423e+00 7.323802e+01
      vertex   4.104865e+01 5.000000e+00 7.358843e+01
      vertex   4.108525e+01 4.737289e+00 7.367801e+01
    endloop
  endfacet
  facet normal 9.573816e-01 3.561995e-02 -2.866212e-01
    outer loop
      vertex   4.108525e+01 4.737289e+00 7.367801e+01
      vertex   4.104865e+01 5.000000e+00 7.358843e+01
      vertex   4.121513e+01 5.000000e+00 7.414451e+01
    endloop
  endfacet
  facet normal 9.633502e-01 4.171784e-05 -2.682470e-01
    outer loop
      vertex   4.108525e+01 4.737289e+00 7.367801e+01
      vertex   4.121513e+01 5.000000e+00 7.414451e+01
      vertex   4.121309e+01 4.555870e+00 7.413710e+01
    endloop
  endfacet
  facet normal 9.957708e-01 -3.047875e-03 -9.182170e-02
    outer loop
      vertex   4.121309e+01 4.555870e+00 7.413710e+01
      vertex   4.121513e+01 5.000000e+00 7.414451e+01
      vertex   4.125311e+01 4.330127e+00 7.457863e+01
    endloop
  endfacet
  facet normal 9.981295e-01 1.891737e-02 -5.813442e-02
    outer loop
      vertex   4.125311e+01 4.330127e+00 7.457863e+01
      vertex   4.121513e+01 5.000000e+00 7.414451e+01
      vertex   4.124888e+01 5.000000e+00 7.472399e+01
    endloop
  endfacet
  facet normal 9.983148e-01 -6.216660e-03 5.769627e-02
    outer loop
      vertex   4.125311e+01 4.330127e+00 7.457863e+01
      vertex   4.124888e+01 5.000000e+00 7.472399e+01
      vertex   4.123456e+01 4.141506e+00 7.487936e+01
    endloop
  endfacet
  facet normal 9.846971e-01 1.499195e-02 1.736287e-01
    outer loop
      vertex   4.123456e+01 4.141506e+00 7.487936e+01
      vertex   4.124888e+01 5.000000e+00 7.472399e+01
      vertex   4.114809e+01 5.000000e+00 7.529563e+01
    endloop
  endfacet
  facet normal 9.825637e-01 8.917750e-03 1.857124e-01
    outer loop
      vertex   4.123456e+01 4.141506e+00 7.487936e+01
      vertex   4.114809e+01 5.000000e+00 7.529563e+01
      vertex   4.118126e+01 3.927941e+00 7.517161e+01
    endloop
  endfacet
  facet normal 9.574062e-01 -3.777114e-03 2.887196e-01
    outer loop
      vertex   4.118126e+01 3.927941e+00 7.517161e+01
      vertex   4.114809e+01 5.000000e+00 7.529563e+01
      vertex   4.109676e+01 3.693494e+00 7.544874e+01
    endloop
  endfacet
  facet normal 9.181670e-01 1.034353e-02 3.960586e-01
    outer loop
      vertex   4.109676e+01 3.693494e+00 7.544874e+01
      vertex   4.114809e+01 5.000000e+00 7.529563e+01
      vertex   4.091818e+01 5.000000e+00 7.582863e+01
    endloop
  endfacet
  facet normal 9.138803e-01 6.888757e-03 4.059252e-01
    outer loop
      vertex   4.109676e+01 3.693494e+00 7.544874e+01
      vertex   4.091818e+01 5.000000e+00 7.582863e+01
      vertex   4.098504e+01 3.442483e+00 7.570452e+01
    endloop
  endfacet
  facet normal 8.450143e-01 -6.328923e-03 5.347062e-01
    outer loop
      vertex   4.098504e+01 3.442483e+00 7.570452e+01
      vertex   4.091818e+01 5.000000e+00 7.582863e+01
      vertex   4.070586e+01 2.916897e+00 7.613949e+01
    endloop
  endfacet
  facet normal 8.021015e-01 7.362263e-03 5.971424e-01
    outer loop
      vertex   4.070586e+01 2.916897e+00 7.613949e+01
      vertex   4.091818e+01 5.000000e+00 7.582863e+01
      vertex   4.057155e+01 5.000000e+00 7.629423e+01
    endloop
  endfacet
  facet normal 7.225340e-01 -4.763917e-03 6.913190e-01
    outer loop
      vertex   4.070586e+01 2.916897e+00 7.613949e+01
      vertex   4.057155e+01 5.000000e+00 7.629423e+01
      vertex   4.038070e+01 2.379405e+00 7.647564e+01
    endloop
  endfacet
  facet normal 6.427752e-01 6.216483e-03 7.660296e-01
    outer loop
      vertex   4.038070e+01 2.379405e+00 7.647564e+01
      vertex   4.057155e+01 5.000000e+00 7.629423e+01
      vertex   4.012688e+01 5.000000e+00 7.666735e+01
    endloop
  endfacet
  facet normal 5.815886e-01 -3.180530e-03 8.134768e-01
    outer loop
      vertex   4.038070e+01 2.379405e+00 7.647564e+01
      vertex   4.012688e+01 5.000000e+00 7.666735e+01
      vertex   4.000357e+01 1.799982e+00 7.674300e+01
    endloop
  endfacet
  facet normal 4.487959e-01 3.831480e-03 8.936261e-01
    outer loop
      vertex   4.000357e+01 1.799982e+00 7.674300e+01
      vertex   4.012688e+01 5.000000e+00 7.666735e+01
      vertex   3.960816e+01 5.000000e+00 7.692786e+01
    endloop
  endfacet
  facet normal 4.206928e-01 -4.253815e-04 9.072030e-01
    outer loop
      vertex   4.000357e+01 1.799982e+00 7.674300e+01
      vertex   3.960816e+01 5.000000e+00 7.692786e+01
      vertex   3.959254e+01 1.195940e+00 7.693332e+01
    endloop
  endfacet
  facet normal 2.306158e-01 4.498589e-04 9.730448e-01
    outer loop
      vertex   3.959254e+01 1.195940e+00 7.693332e+01
      vertex   3.960816e+01 5.000000e+00 7.692786e+01
      vertex   3.904334e+01 5.000000e+00 7.706172e+01
    endloop
  endfacet
  facet normal 2.471053e-01 2.967519e-03 9.689841e-01
    outer loop
      vertex   3.959254e+01 1.195940e+00 7.693332e+01
      vertex   3.904334e+01 5.000000e+00 7.706172e+01
      vertex   3.916844e+01 5.882866e-01 7.704333e+01
    endloop
  endfacet
  facet normal 8.704393e-02 -1.684608e-03 9.962030e-01
    outer loop
      vertex   3.916844e+01 5.882866e-01 7.704333e+01
      vertex   3.904334e+01 5.000000e+00 7.706172e+01
      vertex   3.875311e+01 0.000000e+00 7.707863e+01
    endloop
  endfacet
  facet normal 0.000000e+00 3.380802e-03 9.999943e-01
    outer loop
      vertex   3.875311e+01 0.000000e+00 7.707863e+01
      vertex   3.904334e+01 5.000000e+00 7.706172e+01
      vertex   3.846288e+01 5.000000e+00 7.706172e+01
    endloop
  endfacet
  facet normal -7.292645e-02 -8.613044e-04 9.973369e-01
    outer loop
      vertex   3.875311e+01 0.000000e+00 7.707863e+01
      vertex   3.846288e+01 5.000000e+00 7.706172e+01
      vertex   3.840237e+01 4.965518e-01 7.705341e+01
    endloop
  endfacet
  facet normal -2.110921e-01 1.031965e-03 9.774656e-01
    outer loop
      vertex   3.840237e+01 4.965518e-01 7.705341e+01
      vertex   3.846288e+01 5.000000e+00 7.706172e+01
      vertex   3.804293e+01 1.009544e+00 7.697524e+01
    endloop
  endfacet
  facet normal -2.306147e-01 3.182386e-03 9.730399e-01
    outer loop
      vertex   3.804293e+01 1.009544e+00 7.697524e+01
      vertex   3.846288e+01 5.000000e+00 7.706172e+01
      vertex   3.789806e+01 5.000000e+00 7.692786e+01
    endloop
  endfacet
  facet normal -3.576790e-01 -1.896100e-03 9.338427e-01
    outer loop
      vertex   3.804293e+01 1.009544e+00 7.697524e+01
      vertex   3.789806e+01 5.000000e+00 7.692786e+01
      vertex   3.768809e+01 1.524898e+00 7.684038e+01
    endloop
  endfacet
  facet normal -4.487944e-01 4.621755e-03 8.936231e-01
    outer loop
      vertex   3.768809e+01 1.524898e+00 7.684038e+01
      vertex   3.789806e+01 5.000000e+00 7.692786e+01
      vertex   3.737934e+01 5.000000e+00 7.666735e+01
    endloop
  endfacet
  facet normal -4.973476e-01 -9.901914e-04 8.675508e-01
    outer loop
      vertex   3.768809e+01 1.524898e+00 7.684038e+01
      vertex   3.737934e+01 5.000000e+00 7.666735e+01
      vertex   3.735096e+01 2.029223e+00 7.664768e+01
    endloop
  endfacet
  facet normal -6.230158e-01 7.752224e-04 7.822088e-01
    outer loop
      vertex   3.735096e+01 2.029223e+00 7.664768e+01
      vertex   3.737934e+01 5.000000e+00 7.666735e+01
      vertex   3.704364e+01 2.510329e+00 7.640244e+01
    endloop
  endfacet
  facet normal -6.427790e-01 5.161070e-03 7.660342e-01
    outer loop
      vertex   3.704364e+01 2.510329e+00 7.640244e+01
      vertex   3.737934e+01 5.000000e+00 7.666735e+01
      vertex   3.693468e+01 5.000000e+00 7.629423e+01
    endloop
  endfacet
  facet normal -7.421675e-01 -3.353598e-03 6.702060e-01
    outer loop
      vertex   3.704364e+01 2.510329e+00 7.640244e+01
      vertex   3.693468e+01 5.000000e+00 7.629423e+01
      vertex   3.677534e+01 2.960704e+00 7.610759e+01
    endloop
  endfacet
  facet normal -8.020974e-01 8.016177e-03 5.971394e-01
    outer loop
      vertex   3.677534e+01 2.960704e+00 7.610759e+01
      vertex   3.693468e+01 5.000000e+00 7.629423e+01
      vertex   3.658805e+01 5.000000e+00 7.582863e+01
    endloop
  endfacet
  facet normal -8.441342e-01 -4.192187e-03 5.361156e-01
    outer loop
      vertex   3.677534e+01 2.960704e+00 7.610759e+01
      vertex   3.658805e+01 5.000000e+00 7.582863e+01
      vertex   3.653860e+01 3.406474e+00 7.573830e+01
    endloop
  endfacet
  facet normal -9.181993e-01 6.044468e-03 3.960725e-01
    outer loop
      vertex   3.653860e+01 3.406474e+00 7.573830e+01
      vertex   3.658805e+01 5.000000e+00 7.582863e+01
      vertex   3.635814e+01 5.000000e+00 7.529563e+01
    endloop
  endfacet
  facet normal -9.261552e-01 -1.150466e-04 3.771425e-01
    outer loop
      vertex   3.653860e+01 3.406474e+00 7.573830e+01
      vertex   3.635814e+01 5.000000e+00 7.529563e+01
      vertex   3.635894e+01 3.825903e+00 7.529725e+01
    endloop
  endfacet
  facet normal -9.818345e-01 -4.117243e-04 1.897388e-01
    outer loop
      vertex   3.635894e+01 3.825903e+00 7.529725e+01
      vertex   3.635814e+01 5.000000e+00 7.529563e+01
      vertex   3.626366e+01 4.190993e+00 7.480496e+01
    endloop
  endfacet
  facet normal -9.847615e-01 9.694158e-03 1.736400e-01
    outer loop
      vertex   3.626366e+01 4.190993e+00 7.480496e+01
      vertex   3.635814e+01 5.000000e+00 7.529563e+01
      vertex   3.625734e+01 5.000000e+00 7.472399e+01
    endloop
  endfacet
  facet normal -9.997478e-01 -9.824355e-03 -2.019585e-02
    outer loop
      vertex   3.626366e+01 4.190993e+00 7.480496e+01
      vertex   3.625734e+01 5.000000e+00 7.472399e+01
      vertex   3.627130e+01 4.487584e+00 7.428233e+01
    endloop
  endfacet
  facet normal -9.980460e-01 2.291746e-02 -5.812956e-02
    outer loop
      vertex   3.627130e+01 4.487584e+00 7.428233e+01
      vertex   3.625734e+01 5.000000e+00 7.472399e+01
      vertex   3.629109e+01 5.000000e+00 7.414451e+01
    endloop
  endfacet
  facet normal -9.837800e-01 -1.016892e-02 -1.790907e-01
    outer loop
      vertex   3.627130e+01 4.487584e+00 7.428233e+01
      vertex   3.629109e+01 5.000000e+00 7.414451e+01
      vertex   3.632059e+01 4.613627e+00 7.400439e+01
    endloop
  endfacet
  facet normal -9.610713e-01 2.636094e-02 -2.750401e-01
    outer loop
      vertex   3.632059e+01 4.613627e+00 7.400439e+01
      vertex   3.629109e+01 5.000000e+00 7.414451e+01
      vertex   3.640383e+01 4.721505e+00 7.372388e+01
    endloop
  endfacet
  facet normal -9.570048e-01 4.532833e-02 -2.865084e-01
    outer loop
      vertex   3.640383e+01 4.721505e+00 7.372388e+01
      vertex   3.629109e+01 5.000000e+00 7.414451e+01
      vertex   3.645757e+01 5.000000e+00 7.358843e+01
    endloop
  endfacet
  facet normal -9.145657e-01 -1.997862e-02 -4.039436e-01
    outer loop
      vertex   3.640383e+01 4.721505e+00 7.372388e+01
      vertex   3.645757e+01 5.000000e+00 7.358843e+01
      vertex   3.652324e+01 4.808328e+00 7.344923e+01
    endloop
  endfacet
  facet normal -8.641219e-01 6.626607e-02 -4.989010e-01
    outer loop
      vertex   3.652324e+01 4.808328e+00 7.344923e+01
      vertex   3.645757e+01 5.000000e+00 7.358843e+01
      vertex   3.674780e+01 5.000000e+00 7.308573e+01
    endloop
  endfacet
  facet normal -8.688848e-01 9.767301e-02 -4.852825e-01
    outer loop
      vertex   3.652324e+01 4.808328e+00 7.344923e+01
      vertex   3.674780e+01 5.000000e+00 7.308573e+01
      vertex   3.667648e+01 4.875013e+00 7.318828e+01
    endloop
  endfacet
  facet normal -7.913825e-01 -4.839340e-02 -6.094029e-01
    outer loop
      vertex   3.667648e+01 4.875013e+00 7.318828e+01
      vertex   3.674780e+01 5.000000e+00 7.308573e+01
      vertex   3.685839e+01 4.923704e+00 7.294818e+01
    endloop
  endfacet
  facet normal -7.155029e-01 1.799271e-01 -6.750421e-01
    outer loop
      vertex   3.685839e+01 4.923704e+00 7.294818e+01
      vertex   3.674780e+01 5.000000e+00 7.308573e+01
      vertex   3.714614e+01 5.000000e+00 7.266352e+01
    endloop
  endfacet
  facet normal -7.124952e-01 2.685756e-01 -6.482420e-01
    outer loop
      vertex   3.685839e+01 4.923704e+00 7.294818e+01
      vertex   3.714614e+01 5.000000e+00 7.266352e+01
      vertex   3.706481e+01 4.956713e+00 7.273497e+01
    endloop
  endfacet
  facet normal -6.158529e-01 -1.265776e-01 -7.776267e-01
    outer loop
      vertex   3.706481e+01 4.956713e+00 7.273497e+01
      vertex   3.714614e+01 5.000000e+00 7.266352e+01
      vertex   3.730127e+01 4.978171e+00 7.254421e+01
    endloop
  endfacet
  facet normal -4.583854e-01 5.515032e-01 -6.969412e-01
    outer loop
      vertex   3.730127e+01 4.978171e+00 7.254421e+01
      vertex   3.714614e+01 5.000000e+00 7.266352e+01
      vertex   3.763111e+01 5.000000e+00 7.234454e+01
    endloop
  endfacet
  facet normal -4.167550e-01 6.691084e-01 -6.153122e-01
    outer loop
      vertex   3.730127e+01 4.978171e+00 7.254421e+01
      vertex   3.763111e+01 5.000000e+00 7.234454e+01
      vertex   3.756477e+01 4.990883e+00 7.237957e+01
    endloop
  endfacet
  facet normal -3.661284e-01 -4.546437e-01 -8.119416e-01
    outer loop
      vertex   3.756477e+01 4.990883e+00 7.237957e+01
      vertex   3.763111e+01 5.000000e+00 7.234454e+01
      vertex   3.784929e+01 4.997150e+00 7.224776e+01
    endloop
  endfacet
  facet normal -5.880519e-02 9.851083e-01 -1.615659e-01
    outer loop
      vertex   3.784929e+01 4.997150e+00 7.224776e+01
      vertex   3.763111e+01 5.000000e+00 7.234454e+01
      vertex   3.817657e+01 5.000000e+00 7.214601e+01
    endloop
  endfacet
  facet normal -3.391599e-02 9.961210e-01 -8.119564e-02
    outer loop
      vertex   3.784929e+01 4.997150e+00 7.224776e+01
      vertex   3.817657e+01 5.000000e+00 7.214601e+01
      vertex   3.814802e+01 4.999644e+00 7.215357e+01
    endloop
  endfacet
  facet normal -2.332331e-02 -9.905940e-01 -1.348316e-01
    outer loop
      vertex   3.814802e+01 4.999644e+00 7.215357e+01
      vertex   3.817657e+01 5.000000e+00 7.214601e+01
      vertex   3.845227e+01 5.000139e+00 7.209731e+01
    endloop
  endfacet
  facet normal 9.822964e-04 9.999642e-01 8.404083e-03
    outer loop
      vertex   3.845227e+01 5.000139e+00 7.209731e+01
      vertex   3.817657e+01 5.000000e+00 7.214601e+01
      vertex   3.875311e+01 5.000000e+00 7.207863e+01
    endloop
  endfacet
  facet normal 0.000000e+00 1.000000e+00 0.000000e+00
    outer loop
      vertex   3.790793e+01 5.000000e+00 7.435216e+01
      vertex   3.629109e+01 5.000000e+00 7.414451e+01
      vertex   3.787811e+01 5.000000e+00 7.457863e+01
    endloop
  endfacet
  facet normal 0.000000e+00 1.000000e+00 0.000000e+00
    outer loop
      vertex   3.787811e+01 5.000000e+00 7.457863e+01
      vertex   3.629109e+01 5.000000e+00 7.414451e+01
      vertex   3.625734e+01 5.000000e+00 7.472399e+01
    endloop
  endfacet
  facet normal 0.000000e+00 1.000000e+00 -0.000000e+00
    outer loop
      vertex   3.787811e+01 5.000000e+00 7.457863e+01
      vertex   3.625734e+01 5.000000e+00 7.472399e+01
      vertex   3.790793e+01 5.000000e+00 7.480509e+01
    endloop
  endfacet
  facet normal 0.000000e+00 1.000000e+00 0.000000e+00
    outer loop
      vertex   3.790793e+01 5.000000e+00 7.480509e+01
      vertex   3.625734e+01 5.000000e+00 7.472399e+01
      vertex   3.635814e+01 5.000000e+00 7.529563e+01
    endloop
  endfacet
  facet normal 0.000000e+00 1.000000e+00 -0.000000e+00
    outer loop
      vertex   3.790793e+01 5.000000e+00 7.480509e+01
      vertex   3.635814e+01 5.000000e+00 7.529563e+01
      vertex   3.799534e+01 5.000000e+00 7.501613e+01
    endloop
  endfacet
  facet normal 0.000000e+00 1.000000e+00 0.000000e+00
    outer loop
      vertex   3.799534e+01 5.000000e+00 7.501613e+01
      vertex   3.635814e+01 5.000000e+00 7.529563e+01
      vertex   3.658805e+01 5.000000e+00 7.582863e+01
    endloop
  endfacet
  facet normal 0.000000e+00 1.000000e+00 0.000000e+00
    outer loop
      vertex   3.799534e+01 5.000000e+00 7.501613e+01
      vertex   3.658805e+01 5.000000e+00 7.582863e+01
      vertex   3.693468e+01 5.000000e+00 7.629423e+01
    endloop
  endfacet
  facet normal -0.000000e+00 1.000000e+00 0.000000e+00
    outer loop
      vertex   3.629109e+01 5.000000e+00 7.414451e+01
      vertex   3.790793e+01 5.000000e+00 7.435216e+01
      vertex   3.645757e+01 5.000000e+00 7.358843e+01
    endloop
  endfacet
  facet normal 0.000000e+00 1.000000e+00 0.000000e+00
    outer loop
      vertex   3.645757e+01 5.000000e+00 7.358843e+01
      vertex   3.790793e+01 5.000000e+00 7.435216e+01
      vertex   3.799534e+01 5.000000e+00 7.414113e+01
    endloop
  endfacet
  facet normal -0.000000e+00 1.000000e+00 0.000000e+00
    outer loop
      vertex   3.645757e+01 5.000000e+00 7.358843e+01
      vertex   3.799534e+01 5.000000e+00 7.414113e+01
      vertex   3.674780e+01 5.000000e+00 7.308573e+01
    endloop
  endfacet
  facet normal 0.000000e+00 1.000000e+00 0.000000e+00
    outer loop
      vertex   3.674780e+01 5.000000e+00 7.308573e+01
      vertex   3.799534e+01 5.000000e+00 7.414113e+01
      vertex   3.813439e+01 5.000000e+00 7.395991e+01
    endloop
  endfacet
  facet normal -0.000000e+00 1.000000e+00 0.000000e+00
    outer loop
      vertex   3.674780e+01 5.000000e+00 7.308573e+01
      vertex   3.813439e+01 5.000000e+00 7.395991e+01
      vertex   3.714614e+01 5.000000e+00 7.266352e+01
    endloop
  endfacet
  facet normal 0.000000e+00 1.000000e+00 0.000000e+00
    outer loop
      vertex   3.714614e+01 5.000000e+00 7.266352e+01
      vertex   3.813439e+01 5.000000e+00 7.395991e+01
      vertex   3.831561e+01 5.000000e+00 7.382085e+01
    endloop
  endfacet
  facet normal -0.000000e+00 1.000000e+00 0.000000e+00
    outer loop
      vertex   3.714614e+01 5.000000e+00 7.266352e+01
      vertex   3.831561e+01 5.000000e+00 7.382085e+01
      vertex   3.763111e+01 5.000000e+00 7.234454e+01
    endloop
  endfacet
  facet normal 0.000000e+00 1.000000e+00 0.000000e+00
    outer loop
      vertex   3.763111e+01 5.000000e+00 7.234454e+01
      vertex   3.831561e+01 5.000000e+00 7.382085e+01
      vertex   3.852665e+01 5.000000e+00 7.373344e+01
    endloop
  endfacet
  facet normal -0.000000e+00 1.000000e+00 0.000000e+00
    outer loop
      vertex   3.763111e+01 5.000000e+00 7.234454e+01
      vertex   3.852665e+01 5.000000e+00 7.373344e+01
      vertex   3.817657e+01 5.000000e+00 7.214601e+01
    endloop
  endfacet
  facet normal 0.000000e+00 1.000000e+00 0.000000e+00
    outer loop
      vertex   3.817657e+01 5.000000e+00 7.214601e+01
      vertex   3.852665e+01 5.000000e+00 7.373344e+01
      vertex   3.875311e+01 5.000000e+00 7.370363e+01
    endloop
  endfacet
  facet normal -0.000000e+00 1.000000e+00 0.000000e+00
    outer loop
      vertex   3.817657e+01 5.000000e+00 7.214601e+01
      vertex   3.875311e+01 5.000000e+00 7.370363e+01
      vertex   3.875311e+01 5.000000e+00 7.207863e+01
    endloop
  endfacet
  facet normal 0.000000e+00 1.000000e+00 0.000000e+00
    outer loop
      vertex   3.875311e+01 5.000000e+00 7.207863e+01
      vertex   3.875311e+01 5.000000e+00 7.370363e+01
      vertex   3.932965e+01 5.000000e+00 7.214601e+01
    endloop
  endfacet
  facet normal 0.000000e+00 1.000000e+00 0.000000e+00
    outer loop
      vertex   3.932965e+01 5.000000e+00 7.214601e+01
      vertex   3.875311e+01 5.000000e+00 7.370363e+01
      vertex   3.897958e+01 5.000000e+00 7.373344e+01
    endloop
  endfacet
  facet normal 0.000000e+00 1.000000e+00 -0.000000e+00
    outer loop
      vertex   3.932965e+01 5.000000e+00 7.214601e+01
      vertex   3.897958e+01 5.000000e+00 7.373344e+01
      vertex   3.987511e+01 5.000000e+00 7.234454e+01
    endloop
  endfacet
  facet normal 0.000000e+00 1.000000e+00 0.000000e+00
    outer loop
      vertex   3.987511e+01 5.000000e+00 7.234454e+01
      vertex   3.897958e+01 5.000000e+00 7.373344e+01
      vertex   3.919061e+01 5.000000e+00 7.382085e+01
    endloop
  endfacet
  facet normal 0.000000e+00 1.000000e+00 -0.000000e+00
    outer loop
      vertex   3.987511e+01 5.000000e+00 7.234454e+01
      vertex   3.919061e+01 5.000000e+00 7.382085e+01
      vertex   4.036008e+01 5.000000e+00 7.266352e+01
    endloop
  endfacet
  facet normal 0.000000e+00 1.000000e+00 0.000000e+00
    outer loop
      vertex   4.036008e+01 5.000000e+00 7.266352e+01
      vertex   3.919061e+01 5.000000e+00 7.382085e+01
      vertex   3.937183e+01 5.000000e+00 7.395991e+01
    endloop
  endfacet
  facet normal 0.000000e+00 1.000000e+00 -0.000000e+00
    outer loop
      vertex   4.036008e+01 5.000000e+00 7.266352e+01
      vertex   3.937183e+01 5.000000e+00 7.395991e+01
      vertex   4.075842e+01 5.000000e+00 7.308573e+01
    endloop
  endfacet
  facet normal 0.000000e+00 1.000000e+00 0.000000e+00
    outer loop
      vertex   4.075842e+01 5.000000e+00 7.308573e+01
      vertex   3.937183e+01 5.000000e+00 7.395991e+01
      vertex   3.951088e+01 5.000000e+00 7.414113e+01
    endloop
  endfacet
  facet normal 0.000000e+00 1.000000e+00 -0.000000e+00
    outer loop
      vertex   4.075842e+01 5.000000e+00 7.308573e+01
      vertex   3.951088e+01 5.000000e+00 7.414113e+01
      vertex   4.104865e+01 5.000000e+00 7.358843e+01
    endloop
  endfacet
  facet normal 0.000000e+00 1.000000e+00 0.000000e+00
    outer loop
      vertex   4.104865e+01 5.000000e+00 7.358843e+01
      vertex   3.951088e+01 5.000000e+00 7.414113e+01
      vertex   3.959830e+01 5.000000e+00 7.435216e+01
    endloop
  endfacet
  facet normal 0.000000e+00 1.000000e+00 -0.000000e+00
    outer loop
      vertex   4.104865e+01 5.000000e+00 7.358843e+01
      vertex   3.959830e+01 5.000000e+00 7.435216e+01
      vertex   4.121513e+01 5.000000e+00 7.414451e+01
    endloop
  endfacet
  facet normal 0.000000e+00 1.000000e+00 0.000000e+00
    outer loop
      vertex   4.121513e+01 5.000000e+00 7.414451e+01
      vertex   3.959830e+01 5.000000e+00 7.435216e+01
      vertex   3.962811e+01 5.000000e+00 7.457863e+01
    endloop
  endfacet
  facet normal 0.000000e+00 1.000000e+00 -0.000000e+00
    outer loop
      vertex   4.121513e+01 5.000000e+00 7.414451e+01
      vertex   3.962811e+01 5.000000e+00 7.457863e+01
      vertex   4.124888e+01 5.000000e+00 7.472399e+01
    endloop
  endfacet
  facet normal 0.000000e+00 1.000000e+00 0.000000e+00
    outer loop
      vertex   4.124888e+01 5.000000e+00 7.472399e+01
      vertex   3.962811e+01 5.000000e+00 7.457863e+01
      vertex   3.959830e+01 5.000000e+00 7.480509e+01
    endloop
  endfacet
  facet normal 0.000000e+00 1.000000e+00 0.000000e+00
    outer loop
      vertex   4.124888e+01 5.000000e+00 7.472399e+01
      vertex   3.959830e+01 5.000000e+00 7.480509e+01
      vertex   4.114809e+01 5.000000e+00 7.529563e+01
    endloop
  endfacet
  facet normal 0.000000e+00 1.000000e+00 0.000000e+00
    outer loop
      vertex   4.114809e+01 5.000000e+00 7.529563e+01
      vertex   3.959830e+01 5.000000e+00 7.480509e+01
      vertex   3.951088e+01 5.000000e+00 7.501613e+01
    endloop
  endfacet
  facet normal 0.000000e+00 1.000000e+00 0.000000e+00
    outer loop
      vertex   4.114809e+01 5.000000e+00 7.529563e+01
      vertex   3.951088e+01 5.000000e+00 7.501613e+01
      vertex   4.091818e+01 5.000000e+00 7.582863e+01
    endloop
  endfacet
  facet normal 0.000000e+00 1.000000e+00 0.000000e+00
    outer loop
      vertex   4.091818e+01 5.000000e+00 7.582863e+01
      vertex   3.951088e+01 5.000000e+00 7.501613e+01
      vertex   4.057155e+01 5.000000e+00 7.629423e+01
    endloop
  endfacet
  facet normal 0.000000e+00 1.000000e+00 0.000000e+00
    outer loop
      vertex   4.057155e+01 5.000000e+00 7.629423e+01
      vertex   3.951088e+01 5.000000e+00 7.501613e+01
      vertex   3.937183e+01 5.000000e+00 7.519734e+01
    endloop
  endfacet
  facet normal 0.000000e+00 1.000000e+00 0.000000e+00
    outer loop
      vertex   4.057155e+01 5.000000e+00 7.629423e+01
      vertex   3.937183e+01 5.000000e+00 7.519734e+01
      vertex   4.012688e+01 5.000000e+00 7.666735e+01
    endloop
  endfacet
  facet normal 0.000000e+00 1.000000e+00 0.000000e+00
    outer loop
      vertex   4.012688e+01 5.000000e+00 7.666735e+01
      vertex   3.937183e+01 5.000000e+00 7.519734e+01
      vertex   3.919061e+01 5.000000e+00 7.533640e+01
    endloop
  endfacet
  facet normal 0.000000e+00 1.000000e+00 0.000000e+00
    outer loop
      vertex   4.012688e+01 5.000000e+00 7.666735e+01
      vertex   3.919061e+01 5.000000e+00 7.533640e+01
      vertex   3.960816e+01 5.000000e+00 7.692786e+01
    endloop
  endfacet
  facet normal 0.000000e+00 1.000000e+00 0.000000e+00
    outer loop
      vertex   3.960816e+01 5.000000e+00 7.692786e+01
      vertex   3.919061e+01 5.000000e+00 7.533640e+01
      vertex   3.897958e+01 5.000000e+00 7.542381e+01
    endloop
  endfacet
  facet normal 0.000000e+00 1.000000e+00 0.000000e+00
    outer loop
      vertex   3.960816e+01 5.000000e+00 7.692786e+01
      vertex   3.897958e+01 5.000000e+00 7.542381e+01
      vertex   3.904334e+01 5.000000e+00 7.706172e+01
    endloop
  endfacet
  facet normal 0.000000e+00 1.000000e+00 0.000000e+00
    outer loop
      vertex   3.904334e+01 5.000000e+00 7.706172e+01
      vertex   3.897958e+01 5.000000e+00 7.542381e+01
      vertex   3.875311e+01 5.000000e+00 7.545363e+01
    endloop
  endfacet
  facet normal 0.000000e+00 1.000000e+00 0.000000e+00
    outer loop
      vertex   3.904334e+01 5.000000e+00 7.706172e+01
      vertex   3.875311e+01 5.000000e+00 7.545363e+01
      vertex   3.846288e+01 5.000000e+00 7.706172e+01
    endloop
  endfacet
  facet normal 0.000000e+00 1.000000e+00 0.000000e+00
    outer loop
      vertex   3.846288e+01 5.000000e+00 7.706172e+01
      vertex   3.875311e+01 5.000000e+00 7.545363e+01
      vertex   3.852665e+01 5.000000e+00 7.542381e+01
    endloop
  endfacet
  facet normal 0.000000e+00 1.000000e+00 0.000000e+00
    outer loop
      vertex   3.846288e+01 5.000000e+00 7.706172e+01
      vertex   3.852665e+01 5.000000e+00 7.542381e+01
      vertex   3.789806e+01 5.000000e+00 7.692786e+01
    endloop
  endfacet
  facet normal 0.000000e+00 1.000000e+00 0.000000e+00
    outer loop
      vertex   3.789806e+01 5.000000e+00 7.692786e+01
      vertex   3.852665e+01 5.000000e+00 7.542381e+01
      vertex   3.831561e+01 5.000000e+00 7.533640e+01
    endloop
  endfacet
  facet normal 0.000000e+00 1.000000e+00 0.000000e+00
    outer loop
      vertex   3.789806e+01 5.000000e+00 7.692786e+01
      vertex   3.831561e+01 5.000000e+00 7.533640e+01
      vertex   3.737934e+01 5.000000e+00 7.666735e+01
    endloop
  endfacet
  facet normal 0.000000e+00 1.000000e+00 0.000000e+00
    outer loop
      vertex   3.737934e+01 5.000000e+00 7.666735e+01
      vertex   3.831561e+01 5.000000e+00 7.533640e+01
      vertex   3.813439e+01 5.000000e+00 7.519734e+01
    endloop
  endfacet
  facet normal 0.000000e+00 1.000000e+00 0.000000e+00
    outer loop
      vertex   3.737934e+01 5.000000e+00 7.666735e+01
      vertex   3.813439e+01 5.000000e+00 7.519734e+01
      vertex   3.693468e+01 5.000000e+00 7.629423e+01
    endloop
  endfacet
  facet normal 0.000000e+00 1.000000e+00 0.000000e+00
    outer loop
      vertex   3.693468e+01 5.000000e+00 7.629423e+01
      vertex   3.813439e+01 5.000000e+00 7.519734e+01
      vertex   3.799534e+01 5.000000e+00 7.501613e+01
    endloop
  endfacet
  facet normal -1.380516e-03 4.974855e-02 9.987608e-01
    outer loop
      vertex   3.840237e+01 4.965518e-01 7.705341e+01
      vertex   2.240410e+01 7.821723e-01 7.701707e+01
      vertex   3.875311e+01 0.000000e+00 7.707863e+01
    endloop
  endfacet
  facet normal 0.000000e+00 7.845910e-02 9.969173e-01
    outer loop
      vertex   3.875311e+01 0.000000e+00 7.707863e+01
      vertex   2.240410e+01 7.821723e-01 7.701707e+01
      vertex   6.055089e+00 7.821723e-01 7.701707e+01
    endloop
  endfacet
  facet normal 0.000000e+00 7.845910e-02 9.969173e-01
    outer loop
      vertex   3.875311e+01 0.000000e+00 7.707863e+01
      vertex   6.055089e+00 7.821723e-01 7.701707e+01
      vertex   -1.029392e+01 7.821723e-01 7.701707e+01
    endloop
  endfacet
  facet normal -0.000000e+00 2.334454e-01 9.723699e-01
    outer loop
      vertex   -1.029392e+01 7.821723e-01 7.701707e+01
      vertex   6.055089e+00 7.821723e-01 7.701707e+01
      vertex   -1.029392e+01 1.545085e+00 7.683391e+01
    endloop
  endfacet
  facet normal 0.000000e+00 2.334454e-01 9.723699e-01
    outer loop
      vertex   -1.029392e+01 7.821723e-01 7.701707e+01
      vertex   -1.029392e+01 1.545085e+00 7.683391e+01
      vertex   -2.664293e+01 1.545085e+00 7.683391e+01
    endloop
  endfacet
  facet normal -0.000000e+00 3.826834e-01 9.238795e-01
    outer loop
      vertex   -2.664293e+01 1.545085e+00 7.683391e+01
      vertex   -1.029392e+01 1.545085e+00 7.683391e+01
      vertex   -2.664293e+01 2.269952e+00 7.653366e+01
    endloop
  endfacet
  facet normal 0.000000e+00 3.826834e-01 9.238795e-01
    outer loop
      vertex   -2.664293e+01 1.545085e+00 7.683391e+01
      vertex   -2.664293e+01 2.269952e+00 7.653366e+01
      vertex   -4.299194e+01 2.269952e+00 7.653366e+01
    endloop
  endfacet
  facet normal -0.000000e+00 5.224986e-01 8.526402e-01
    outer loop
      vertex   -4.299194e+01 2.269952e+00 7.653366e+01
      vertex   -2.664293e+01 2.269952e+00 7.653366e+01
      vertex   -4.299194e+01 2.938926e+00 7.612371e+01
    endloop
  endfacet
  facet normal 9.364837e-04 5.224983e-01 8.526398e-01
    outer loop
      vertex   -4.299194e+01 2.269952e+00 7.653366e+01
      vertex   -4.299194e+01 2.938926e+00 7.612371e+01
      vertex   -5.763148e+01 2.510329e+00 7.640244e+01
    endloop
  endfacet
  facet normal -1.087035e-04 5.477816e-01 8.366214e-01
    outer loop
      vertex   -5.763148e+01 2.510329e+00 7.640244e+01
      vertex   -4.299194e+01 2.938926e+00 7.612371e+01
      vertex   -5.736319e+01 2.960704e+00 7.610759e+01
    endloop
  endfacet
  facet normal 1.025211e-04 6.379169e-01 7.701052e-01
    outer loop
      vertex   -5.736319e+01 2.960704e+00 7.610759e+01
      vertex   -4.299194e+01 2.938926e+00 7.612371e+01
      vertex   -5.712644e+01 3.406474e+00 7.573830e+01
    endloop
  endfacet
  facet normal 7.484259e-04 6.494479e-01 7.604058e-01
    outer loop
      vertex   -5.712644e+01 3.406474e+00 7.573830e+01
      vertex   -4.299194e+01 2.938926e+00 7.612371e+01
      vertex   -4.299194e+01 3.535534e+00 7.561416e+01
    endloop
  endfacet
  facet normal -5.663059e-04 7.247568e-01 6.890046e-01
    outer loop
      vertex   -5.712644e+01 3.406474e+00 7.573830e+01
      vertex   -4.299194e+01 3.535534e+00 7.561416e+01
      vertex   -5.694679e+01 3.825903e+00 7.529725e+01
    endloop
  endfacet
  facet normal 1.073781e-03 7.604055e-01 6.494477e-01
    outer loop
      vertex   -5.694679e+01 3.825903e+00 7.529725e+01
      vertex   -4.299194e+01 3.535534e+00 7.561416e+01
      vertex   -4.299194e+01 4.045085e+00 7.501755e+01
    endloop
  endfacet
  facet normal -6.790645e-04 8.032841e-01 5.955956e-01
    outer loop
      vertex   -5.694679e+01 3.825903e+00 7.529725e+01
      vertex   -4.299194e+01 4.045085e+00 7.501755e+01
      vertex   -5.685150e+01 4.190993e+00 7.480496e+01
    endloop
  endfacet
  facet normal 9.617540e-04 8.526398e-01 5.224983e-01
    outer loop
      vertex   -5.685150e+01 4.190993e+00 7.480496e+01
      vertex   -4.299194e+01 4.045085e+00 7.501755e+01
      vertex   -4.299194e+01 4.455033e+00 7.434858e+01
    endloop
  endfacet
  facet normal -3.163128e-04 8.697105e-01 4.935621e-01
    outer loop
      vertex   -5.685150e+01 4.190993e+00 7.480496e+01
      vertex   -4.299194e+01 4.455033e+00 7.434858e+01
      vertex   -5.685914e+01 4.487584e+00 7.428233e+01
    endloop
  endfacet
  facet normal 1.649762e-04 9.107414e-01 4.129771e-01
    outer loop
      vertex   -5.685914e+01 4.487584e+00 7.428233e+01
      vertex   -4.299194e+01 4.455033e+00 7.434858e+01
      vertex   -5.690844e+01 4.613627e+00 7.400439e+01
    endloop
  endfacet
  facet normal 1.063940e-03 9.238790e-01 3.826832e-01
    outer loop
      vertex   -5.690844e+01 4.613627e+00 7.400439e+01
      vertex   -4.299194e+01 4.455033e+00 7.434858e+01
      vertex   -4.299194e+01 4.755283e+00 7.362371e+01
    endloop
  endfacet
  facet normal 3.156750e-04 9.333885e-01 3.588673e-01
    outer loop
      vertex   -5.690844e+01 4.613627e+00 7.400439e+01
      vertex   -4.299194e+01 4.755283e+00 7.362371e+01
      vertex   -5.699167e+01 4.721505e+00 7.372388e+01
    endloop
  endfacet
  facet normal -1.434494e-04 9.534749e-01 3.014723e-01
    outer loop
      vertex   -5.699167e+01 4.721505e+00 7.372388e+01
      vertex   -4.299194e+01 4.755283e+00 7.362371e+01
      vertex   -5.711108e+01 4.808328e+00 7.344923e+01
    endloop
  endfacet
  facet normal 5.844848e-04 9.689459e-01 2.472720e-01
    outer loop
      vertex   -5.711108e+01 4.808328e+00 7.344923e+01
      vertex   -4.299194e+01 4.755283e+00 7.362371e+01
      vertex   -5.726432e+01 4.875013e+00 7.318828e+01
    endloop
  endfacet
  facet normal 1.035039e-03 9.723694e-01 2.334452e-01
    outer loop
      vertex   -5.726432e+01 4.875013e+00 7.318828e+01
      vertex   -4.299194e+01 4.755283e+00 7.362371e+01
      vertex   -4.299194e+01 4.938442e+00 7.286080e+01
    endloop
  endfacet
  facet normal 2.012660e-04 9.800804e-01 1.986010e-01
    outer loop
      vertex   -5.726432e+01 4.875013e+00 7.318828e+01
      vertex   -4.299194e+01 4.938442e+00 7.286080e+01
      vertex   -5.744623e+01 4.923704e+00 7.294818e+01
    endloop
  endfacet
  facet normal -8.223345e-05 9.882143e-01 1.530768e-01
    outer loop
      vertex   -5.744623e+01 4.923704e+00 7.294818e+01
      vertex   -4.299194e+01 4.938442e+00 7.286080e+01
      vertex   -5.765266e+01 4.956713e+00 7.273497e+01
    endloop
  endfacet
  facet normal 2.820391e-04 9.937710e-01 1.114408e-01
    outer loop
      vertex   -5.765266e+01 4.956713e+00 7.273497e+01
      vertex   -4.299194e+01 4.938442e+00 7.286080e+01
      vertex   -5.788911e+01 4.978171e+00 7.254421e+01
    endloop
  endfacet
  facet normal 0.000000e+00 9.922174e-01 1.245173e-01
    outer loop
      vertex   -5.788911e+01 4.978171e+00 7.254421e+01
      vertex   -4.299194e+01 4.938442e+00 7.286080e+01
      vertex   -2.664293e+01 4.938442e+00 7.286080e+01
    endloop
  endfacet
  facet normal 0.000000e+00 9.922174e-01 1.245173e-01
    outer loop
      vertex   -5.788911e+01 4.978171e+00 7.254421e+01
      vertex   -2.664293e+01 4.938442e+00 7.286080e+01
      vertex   -1.029392e+01 4.938442e+00 7.286080e+01
    endloop
  endfacet
  facet normal 0.000000e+00 9.723699e-01 2.334454e-01
    outer loop
      vertex   -1.029392e+01 4.938442e+00 7.286080e+01
      vertex   -2.664293e+01 4.938442e+00 7.286080e+01
      vertex   -1.029392e+01 4.755283e+00 7.362371e+01
    endloop
  endfacet
  facet normal 0.000000e+00 9.723699e-01 2.334454e-01
    outer loop
      vertex   -1.029392e+01 4.938442e+00 7.286080e+01
      vertex   -1.029392e+01 4.755283e+00 7.362371e+01
      vertex   6.055089e+00 4.755283e+00 7.362371e+01
    endloop
  endfacet
  facet normal 0.000000e+00 9.238795e-01 3.826834e-01
    outer loop
      vertex   6.055089e+00 4.755283e+00 7.362371e+01
      vertex   -1.029392e+01 4.755283e+00 7.362371e+01
      vertex   6.055089e+00 4.455033e+00 7.434858e+01
    endloop
  endfacet
  facet normal 0.000000e+00 9.238795e-01 3.826834e-01
    outer loop
      vertex   6.055089e+00 4.755283e+00 7.362371e+01
      vertex   6.055089e+00 4.455033e+00 7.434858e+01
      vertex   2.240410e+01 4.455033e+00 7.434858e+01
    endloop
  endfacet
  facet normal 0.000000e+00 8.526402e-01 5.224986e-01
    outer loop
      vertex   2.240410e+01 4.455033e+00 7.434858e+01
      vertex   6.055089e+00 4.455033e+00 7.434858e+01
      vertex   2.240410e+01 4.045085e+00 7.501755e+01
    endloop
  endfacet
  facet normal -9.617540e-04 8.526398e-01 5.224983e-01
    outer loop
      vertex   2.240410e+01 4.455033e+00 7.434858e+01
      vertex   2.240410e+01 4.045085e+00 7.501755e+01
      vertex   3.626366e+01 4.190993e+00 7.480496e+01
    endloop
  endfacet
  facet normal 6.790645e-04 8.032841e-01 5.955956e-01
    outer loop
      vertex   3.626366e+01 4.190993e+00 7.480496e+01
      vertex   2.240410e+01 4.045085e+00 7.501755e+01
      vertex   3.635894e+01 3.825903e+00 7.529725e+01
    endloop
  endfacet
  facet normal -1.073781e-03 7.604055e-01 6.494477e-01
    outer loop
      vertex   3.635894e+01 3.825903e+00 7.529725e+01
      vertex   2.240410e+01 4.045085e+00 7.501755e+01
      vertex   2.240410e+01 3.535534e+00 7.561416e+01
    endloop
  endfacet
  facet normal 5.663059e-04 7.247568e-01 6.890046e-01
    outer loop
      vertex   3.635894e+01 3.825903e+00 7.529725e+01
      vertex   2.240410e+01 3.535534e+00 7.561416e+01
      vertex   3.653860e+01 3.406474e+00 7.573830e+01
    endloop
  endfacet
  facet normal -7.484259e-04 6.494479e-01 7.604058e-01
    outer loop
      vertex   3.653860e+01 3.406474e+00 7.573830e+01
      vertex   2.240410e+01 3.535534e+00 7.561416e+01
      vertex   2.240410e+01 2.938926e+00 7.612371e+01
    endloop
  endfacet
  facet normal -1.025211e-04 6.379169e-01 7.701052e-01
    outer loop
      vertex   3.653860e+01 3.406474e+00 7.573830e+01
      vertex   2.240410e+01 2.938926e+00 7.612371e+01
      vertex   3.677534e+01 2.960704e+00 7.610759e+01
    endloop
  endfacet
  facet normal 1.087035e-04 5.477816e-01 8.366214e-01
    outer loop
      vertex   3.677534e+01 2.960704e+00 7.610759e+01
      vertex   2.240410e+01 2.938926e+00 7.612371e+01
      vertex   3.704364e+01 2.510329e+00 7.640244e+01
    endloop
  endfacet
  facet normal -9.364837e-04 5.224983e-01 8.526398e-01
    outer loop
      vertex   3.704364e+01 2.510329e+00 7.640244e+01
      vertex   2.240410e+01 2.938926e+00 7.612371e+01
      vertex   2.240410e+01 2.269952e+00 7.653366e+01
    endloop
  endfacet
  facet normal 5.232293e-04 4.544226e-01 8.907861e-01
    outer loop
      vertex   3.704364e+01 2.510329e+00 7.640244e+01
      vertex   2.240410e+01 2.269952e+00 7.653366e+01
      vertex   3.735096e+01 2.029223e+00 7.664768e+01
    endloop
  endfacet
  facet normal -8.846399e-04 3.826833e-01 9.238792e-01
    outer loop
      vertex   3.735096e+01 2.029223e+00 7.664768e+01
      vertex   2.240410e+01 2.269952e+00 7.653366e+01
      vertex   2.240410e+01 1.545085e+00 7.683391e+01
    endloop
  endfacet
  facet normal 7.607214e-05 3.569618e-01 9.341190e-01
    outer loop
      vertex   3.735096e+01 2.029223e+00 7.664768e+01
      vertex   2.240410e+01 1.545085e+00 7.683391e+01
      vertex   3.768809e+01 1.524898e+00 7.684038e+01
    endloop
  endfacet
  facet normal -7.517831e-05 2.531216e-01 9.674345e-01
    outer loop
      vertex   3.768809e+01 1.524898e+00 7.684038e+01
      vertex   2.240410e+01 1.545085e+00 7.683391e+01
      vertex   3.804293e+01 1.009544e+00 7.697524e+01
    endloop
  endfacet
  facet normal -7.935803e-04 2.334453e-01 9.723696e-01
    outer loop
      vertex   3.804293e+01 1.009544e+00 7.697524e+01
      vertex   2.240410e+01 1.545085e+00 7.683391e+01
      vertex   2.240410e+01 7.821723e-01 7.701707e+01
    endloop
  endfacet
  facet normal 4.492451e-04 1.509377e-01 9.885432e-01
    outer loop
      vertex   3.804293e+01 1.009544e+00 7.697524e+01
      vertex   2.240410e+01 7.821723e-01 7.701707e+01
      vertex   3.840237e+01 4.965518e-01 7.705341e+01
    endloop
  endfacet
  facet normal 3.163128e-04 8.697105e-01 4.935621e-01
    outer loop
      vertex   3.626366e+01 4.190993e+00 7.480496e+01
      vertex   3.627130e+01 4.487584e+00 7.428233e+01
      vertex   2.240410e+01 4.455033e+00 7.434858e+01
    endloop
  endfacet
  facet normal -1.649762e-04 9.107414e-01 4.129771e-01
    outer loop
      vertex   2.240410e+01 4.455033e+00 7.434858e+01
      vertex   3.627130e+01 4.487584e+00 7.428233e+01
      vertex   3.632059e+01 4.613627e+00 7.400439e+01
    endloop
  endfacet
  facet normal -1.063940e-03 9.238790e-01 3.826832e-01
    outer loop
      vertex   2.240410e+01 4.455033e+00 7.434858e+01
      vertex   3.632059e+01 4.613627e+00 7.400439e+01
      vertex   2.240410e+01 4.755283e+00 7.362371e+01
    endloop
  endfacet
  facet normal -3.156750e-04 9.333885e-01 3.588673e-01
    outer loop
      vertex   2.240410e+01 4.755283e+00 7.362371e+01
      vertex   3.632059e+01 4.613627e+00 7.400439e+01
      vertex   3.640383e+01 4.721505e+00 7.372388e+01
    endloop
  endfacet
  facet normal 1.434494e-04 9.534749e-01 3.014723e-01
    outer loop
      vertex   2.240410e+01 4.755283e+00 7.362371e+01
      vertex   3.640383e+01 4.721505e+00 7.372388e+01
      vertex   3.652324e+01 4.808328e+00 7.344923e+01
    endloop
  endfacet
  facet normal -5.844848e-04 9.689459e-01 2.472720e-01
    outer loop
      vertex   3.652324e+01 4.808328e+00 7.344923e+01
      vertex   3.667648e+01 4.875013e+00 7.318828e+01
      vertex   2.240410e+01 4.755283e+00 7.362371e+01
    endloop
  endfacet
  facet normal -1.035039e-03 9.723694e-01 2.334452e-01
    outer loop
      vertex   2.240410e+01 4.755283e+00 7.362371e+01
      vertex   3.667648e+01 4.875013e+00 7.318828e+01
      vertex   2.240410e+01 4.938442e+00 7.286080e+01
    endloop
  endfacet
  facet normal 0.000000e+00 9.723699e-01 2.334454e-01
    outer loop
      vertex   2.240410e+01 4.755283e+00 7.362371e+01
      vertex   2.240410e+01 4.938442e+00 7.286080e+01
      vertex   6.055089e+00 4.938442e+00 7.286080e+01
    endloop
  endfacet
  facet normal -0.000000e+00 9.896213e-01 1.436997e-01
    outer loop
      vertex   6.055089e+00 4.938442e+00 7.286080e+01
      vertex   2.240410e+01 4.938442e+00 7.286080e+01
      vertex   3.706481e+01 4.956713e+00 7.273497e+01
    endloop
  endfacet
  facet normal -4.356837e-05 9.910924e-01 1.331761e-01
    outer loop
      vertex   6.055089e+00 4.938442e+00 7.286080e+01
      vertex   3.706481e+01 4.956713e+00 7.273497e+01
      vertex   -5.788911e+01 4.978171e+00 7.254421e+01
    endloop
  endfacet
  facet normal 1.668840e-17 9.937323e-01 1.117860e-01
    outer loop
      vertex   -5.788911e+01 4.978171e+00 7.254421e+01
      vertex   3.706481e+01 4.956713e+00 7.273497e+01
      vertex   3.730127e+01 4.978171e+00 7.254421e+01
    endloop
  endfacet
  facet normal 1.149191e-17 9.970328e-01 7.697776e-02
    outer loop
      vertex   -5.788911e+01 4.978171e+00 7.254421e+01
      vertex   3.730127e+01 4.978171e+00 7.254421e+01
      vertex   3.756477e+01 4.990883e+00 7.237957e+01
    endloop
  endfacet
  facet normal -2.012660e-04 9.800804e-01 1.986010e-01
    outer loop
      vertex   3.667648e+01 4.875013e+00 7.318828e+01
      vertex   3.685839e+01 4.923704e+00 7.294818e+01
      vertex   2.240410e+01 4.938442e+00 7.286080e+01
    endloop
  endfacet
  facet normal 8.223345e-05 9.882143e-01 1.530768e-01
    outer loop
      vertex   2.240410e+01 4.938442e+00 7.286080e+01
      vertex   3.685839e+01 4.923704e+00 7.294818e+01
      vertex   3.706481e+01 4.956713e+00 7.273497e+01
    endloop
  endfacet
  facet normal 2.066007e-17 9.970328e-01 7.697776e-02
    outer loop
      vertex   -5.788911e+01 4.978171e+00 7.254421e+01
      vertex   3.756477e+01 4.990883e+00 7.237957e+01
      vertex   -5.815261e+01 4.990883e+00 7.237957e+01
    endloop
  endfacet
  facet normal 1.631956e-17 9.988717e-01 4.749110e-02
    outer loop
      vertex   -5.815261e+01 4.990883e+00 7.237957e+01
      vertex   3.756477e+01 4.990883e+00 7.237957e+01
      vertex   3.784929e+01 4.997150e+00 7.224776e+01
    endloop
  endfacet
  facet normal -9.215768e-18 9.988717e-01 4.749110e-02
    outer loop
      vertex   -5.815261e+01 4.990883e+00 7.237957e+01
      vertex   3.784929e+01 4.997150e+00 7.224776e+01
      vertex   -5.843714e+01 4.997150e+00 7.224776e+01
    endloop
  endfacet
  facet normal -9.221105e-18 9.996497e-01 2.646724e-02
    outer loop
      vertex   -5.843714e+01 4.997150e+00 7.224776e+01
      vertex   3.784929e+01 4.997150e+00 7.224776e+01
      vertex   3.814802e+01 4.999644e+00 7.215357e+01
    endloop
  endfacet
  facet normal 3.883909e-18 9.996497e-01 2.646724e-02
    outer loop
      vertex   -5.843714e+01 4.997150e+00 7.224776e+01
      vertex   3.814802e+01 4.999644e+00 7.215357e+01
      vertex   -5.873586e+01 4.999644e+00 7.215357e+01
    endloop
  endfacet
  facet normal 1.289848e-18 9.999613e-01 8.793666e-03
    outer loop
      vertex   -5.873586e+01 4.999644e+00 7.215357e+01
      vertex   3.814802e+01 4.999644e+00 7.215357e+01
      vertex   3.845227e+01 5.000139e+00 7.209731e+01
    endloop
  endfacet
  facet normal -1.281611e-18 9.999613e-01 8.793666e-03
    outer loop
      vertex   -5.873586e+01 4.999644e+00 7.215357e+01
      vertex   3.845227e+01 5.000139e+00 7.209731e+01
      vertex   -5.904011e+01 5.000139e+00 7.209731e+01
    endloop
  endfacet
  facet normal 1.080988e-18 9.999725e-01 -7.416025e-03
    outer loop
      vertex   -5.904011e+01 5.000139e+00 7.209731e+01
      vertex   3.845227e+01 5.000139e+00 7.209731e+01
      vertex   3.875311e+01 5.000000e+00 7.207863e+01
    endloop
  endfacet
  facet normal 0.000000e+00 9.999725e-01 -7.416025e-03
    outer loop
      vertex   -5.904011e+01 5.000139e+00 7.209731e+01
      vertex   3.875311e+01 5.000000e+00 7.207863e+01
      vertex   -5.934096e+01 5.000000e+00 7.207863e+01
    endloop
  endfacet
  facet normal -5.232293e-04 4.544226e-01 8.907861e-01
    outer loop
      vertex   -5.763148e+01 2.510329e+00 7.640244e+01
      vertex   -5.793880e+01 2.029223e+00 7.664768e+01
      vertex   -4.299194e+01 2.269952e+00 7.653366e+01
    endloop
  endfacet
  facet normal 8.846399e-04 3.826833e-01 9.238792e-01
    outer loop
      vertex   -4.299194e+01 2.269952e+00 7.653366e+01
      vertex   -5.793880e+01 2.029223e+00 7.664768e+01
      vertex   -4.299194e+01 1.545085e+00 7.683391e+01
    endloop
  endfacet
  facet normal 0.000000e+00 3.826834e-01 9.238795e-01
    outer loop
      vertex   -4.299194e+01 2.269952e+00 7.653366e+01
      vertex   -4.299194e+01 1.545085e+00 7.683391e+01
      vertex   -2.664293e+01 1.545085e+00 7.683391e+01
    endloop
  endfacet
  facet normal 0.000000e+00 2.334454e-01 9.723699e-01
    outer loop
      vertex   -2.664293e+01 1.545085e+00 7.683391e+01
      vertex   -4.299194e+01 1.545085e+00 7.683391e+01
      vertex   -2.664293e+01 7.821723e-01 7.701707e+01
    endloop
  endfacet
  facet normal 0.000000e+00 2.334454e-01 9.723699e-01
    outer loop
      vertex   -2.664293e+01 1.545085e+00 7.683391e+01
      vertex   -2.664293e+01 7.821723e-01 7.701707e+01
      vertex   -1.029392e+01 7.821723e-01 7.701707e+01
    endloop
  endfacet
  facet normal 0.000000e+00 7.845910e-02 9.969173e-01
    outer loop
      vertex   -1.029392e+01 7.821723e-01 7.701707e+01
      vertex   -2.664293e+01 7.821723e-01 7.701707e+01
      vertex   3.875311e+01 0.000000e+00 7.707863e+01
    endloop
  endfacet
  facet normal -7.607214e-05 3.569618e-01 9.341190e-01
    outer loop
      vertex   -5.793880e+01 2.029223e+00 7.664768e+01
      vertex   -5.827593e+01 1.524898e+00 7.684038e+01
      vertex   -4.299194e+01 1.545085e+00 7.683391e+01
    endloop
  endfacet
  facet normal 7.517831e-05 2.531216e-01 9.674345e-01
    outer loop
      vertex   -4.299194e+01 1.545085e+00 7.683391e+01
      vertex   -5.827593e+01 1.524898e+00 7.684038e+01
      vertex   -5.863078e+01 1.009544e+00 7.697524e+01
    endloop
  endfacet
  facet normal 7.935803e-04 2.334453e-01 9.723696e-01
    outer loop
      vertex   -4.299194e+01 1.545085e+00 7.683391e+01
      vertex   -5.863078e+01 1.009544e+00 7.697524e+01
      vertex   -4.299194e+01 7.821723e-01 7.701707e+01
    endloop
  endfacet
  facet normal -4.492451e-04 1.509377e-01 9.885432e-01
    outer loop
      vertex   -4.299194e+01 7.821723e-01 7.701707e+01
      vertex   -5.863078e+01 1.009544e+00 7.697524e+01
      vertex   -5.899021e+01 4.965518e-01 7.705341e+01
    endloop
  endfacet
  facet normal -0.000000e+00 1.262146e-01 9.920030e-01
    outer loop
      vertex   -4.299194e+01 7.821723e-01 7.701707e+01
      vertex   -5.899021e+01 4.965518e-01 7.705341e+01
      vertex   -2.664293e+01 7.821723e-01 7.701707e+01
    endloop
  endfacet
  facet normal 2.453146e-04 9.882675e-02 9.951046e-01
    outer loop
      vertex   -2.664293e+01 7.821723e-01 7.701707e+01
      vertex   -5.899021e+01 4.965518e-01 7.705341e+01
      vertex   3.875311e+01 0.000000e+00 7.707863e+01
    endloop
  endfacet
  facet normal 0.000000e+00 5.072126e-02 9.987128e-01
    outer loop
      vertex   -5.899021e+01 4.965518e-01 7.705341e+01
      vertex   -5.934096e+01 0.000000e+00 7.707863e+01
      vertex   3.875311e+01 0.000000e+00 7.707863e+01
    endloop
  endfacet
  facet normal -0.000000e+00 2.334454e-01 9.723699e-01
    outer loop
      vertex   6.055089e+00 7.821723e-01 7.701707e+01
      vertex   2.240410e+01 7.821723e-01 7.701707e+01
      vertex   6.055089e+00 1.545085e+00 7.683391e+01
    endloop
  endfacet
  facet normal -0.000000e+00 2.334454e-01 9.723699e-01
    outer loop
      vertex   6.055089e+00 1.545085e+00 7.683391e+01
      vertex   2.240410e+01 7.821723e-01 7.701707e+01
      vertex   2.240410e+01 1.545085e+00 7.683391e+01
    endloop
  endfacet
  facet normal -0.000000e+00 3.826834e-01 9.238795e-01
    outer loop
      vertex   6.055089e+00 1.545085e+00 7.683391e+01
      vertex   2.240410e+01 1.545085e+00 7.683391e+01
      vertex   6.055089e+00 2.269952e+00 7.653366e+01
    endloop
  endfacet
  facet normal -0.000000e+00 3.826834e-01 9.238795e-01
    outer loop
      vertex   6.055089e+00 2.269952e+00 7.653366e+01
      vertex   2.240410e+01 1.545085e+00 7.683391e+01
      vertex   2.240410e+01 2.269952e+00 7.653366e+01
    endloop
  endfacet
  facet normal -0.000000e+00 5.224986e-01 8.526402e-01
    outer loop
      vertex   6.055089e+00 2.269952e+00 7.653366e+01
      vertex   2.240410e+01 2.269952e+00 7.653366e+01
      vertex   6.055089e+00 2.938926e+00 7.612371e+01
    endloop
  endfacet
  facet normal -0.000000e+00 5.224986e-01 8.526402e-01
    outer loop
      vertex   6.055089e+00 2.938926e+00 7.612371e+01
      vertex   2.240410e+01 2.269952e+00 7.653366e+01
      vertex   2.240410e+01 2.938926e+00 7.612371e+01
    endloop
  endfacet
  facet normal -0.000000e+00 6.494480e-01 7.604060e-01
    outer loop
      vertex   6.055089e+00 2.938926e+00 7.612371e+01
      vertex   2.240410e+01 2.938926e+00 7.612371e+01
      vertex   6.055089e+00 3.535534e+00 7.561416e+01
    endloop
  endfacet
  facet normal -0.000000e+00 6.494480e-01 7.604060e-01
    outer loop
      vertex   6.055089e+00 3.535534e+00 7.561416e+01
      vertex   2.240410e+01 2.938926e+00 7.612371e+01
      vertex   2.240410e+01 3.535534e+00 7.561416e+01
    endloop
  endfacet
  facet normal -0.000000e+00 7.604060e-01 6.494480e-01
    outer loop
      vertex   6.055089e+00 3.535534e+00 7.561416e+01
      vertex   2.240410e+01 3.535534e+00 7.561416e+01
      vertex   6.055089e+00 4.045085e+00 7.501755e+01
    endloop
  endfacet
  facet normal -0.000000e+00 7.604060e-01 6.494480e-01
    outer loop
      vertex   6.055089e+00 4.045085e+00 7.501755e+01
      vertex   2.240410e+01 3.535534e+00 7.561416e+01
      vertex   2.240410e+01 4.045085e+00 7.501755e+01
    endloop
  endfacet
  facet normal -0.000000e+00 8.526402e-01 5.224986e-01
    outer loop
      vertex   6.055089e+00 4.045085e+00 7.501755e+01
      vertex   2.240410e+01 4.045085e+00 7.501755e+01
      vertex   6.055089e+00 4.455033e+00 7.434858e+01
    endloop
  endfacet
  facet normal 0.000000e+00 2.334454e-01 9.723699e-01
    outer loop
      vertex   -4.299194e+01 1.545085e+00 7.683391e+01
      vertex   -4.299194e+01 7.821723e-01 7.701707e+01
      vertex   -2.664293e+01 7.821723e-01 7.701707e+01
    endloop
  endfacet
  facet normal 0.000000e+00 2.334454e-01 9.723699e-01
    outer loop
      vertex   6.055089e+00 7.821723e-01 7.701707e+01
      vertex   6.055089e+00 1.545085e+00 7.683391e+01
      vertex   -1.029392e+01 1.545085e+00 7.683391e+01
    endloop
  endfacet
  facet normal -0.000000e+00 3.826834e-01 9.238795e-01
    outer loop
      vertex   -1.029392e+01 1.545085e+00 7.683391e+01
      vertex   6.055089e+00 1.545085e+00 7.683391e+01
      vertex   -1.029392e+01 2.269952e+00 7.653366e+01
    endloop
  endfacet
  facet normal 0.000000e+00 3.826834e-01 9.238795e-01
    outer loop
      vertex   -1.029392e+01 1.545085e+00 7.683391e+01
      vertex   -1.029392e+01 2.269952e+00 7.653366e+01
      vertex   -2.664293e+01 2.269952e+00 7.653366e+01
    endloop
  endfacet
  facet normal -0.000000e+00 5.224986e-01 8.526402e-01
    outer loop
      vertex   -2.664293e+01 2.269952e+00 7.653366e+01
      vertex   -1.029392e+01 2.269952e+00 7.653366e+01
      vertex   -2.664293e+01 2.938926e+00 7.612371e+01
    endloop
  endfacet
  facet normal 0.000000e+00 5.224986e-01 8.526402e-01
    outer loop
      vertex   -2.664293e+01 2.269952e+00 7.653366e+01
      vertex   -2.664293e+01 2.938926e+00 7.612371e+01
      vertex   -4.299194e+01 2.938926e+00 7.612371e+01
    endloop
  endfacet
  facet normal -0.000000e+00 6.494480e-01 7.604060e-01
    outer loop
      vertex   -4.299194e+01 2.938926e+00 7.612371e+01
      vertex   -2.664293e+01 2.938926e+00 7.612371e+01
      vertex   -4.299194e+01 3.535534e+00 7.561416e+01
    endloop
  endfacet
  facet normal -0.000000e+00 3.826834e-01 9.238795e-01
    outer loop
      vertex   -1.029392e+01 2.269952e+00 7.653366e+01
      vertex   6.055089e+00 1.545085e+00 7.683391e+01
      vertex   6.055089e+00 2.269952e+00 7.653366e+01
    endloop
  endfacet
  facet normal -0.000000e+00 5.224986e-01 8.526402e-01
    outer loop
      vertex   -1.029392e+01 2.269952e+00 7.653366e+01
      vertex   6.055089e+00 2.269952e+00 7.653366e+01
      vertex   -1.029392e+01 2.938926e+00 7.612371e+01
    endloop
  endfacet
  facet normal -0.000000e+00 5.224986e-01 8.526402e-01
    outer loop
      vertex   -1.029392e+01 2.938926e+00 7.612371e+01
      vertex   6.055089e+00 2.269952e+00 7.653366e+01
      vertex   6.055089e+00 2.938926e+00 7.612371e+01
    endloop
  endfacet
  facet normal -0.000000e+00 6.494480e-01 7.604060e-01
    outer loop
      vertex   -1.029392e+01 2.938926e+00 7.612371e+01
      vertex   6.055089e+00 2.938926e+00 7.612371e+01
      vertex   -1.029392e+01 3.535534e+00 7.561416e+01
    endloop
  endfacet
  facet normal -0.000000e+00 6.494480e-01 7.604060e-01
    outer loop
      vertex   -1.029392e+01 3.535534e+00 7.561416e+01
      vertex   6.055089e+00 2.938926e+00 7.612371e+01
      vertex   6.055089e+00 3.535534e+00 7.561416e+01
    endloop
  endfacet
  facet normal -0.000000e+00 7.604060e-01 6.494480e-01
    outer loop
      vertex   -1.029392e+01 3.535534e+00 7.561416e+01
      vertex   6.055089e+00 3.535534e+00 7.561416e+01
      vertex   -1.029392e+01 4.045085e+00 7.501755e+01
    endloop
  endfacet
  facet normal -0.000000e+00 7.604060e-01 6.494480e-01
    outer loop
      vertex   -1.029392e+01 4.045085e+00 7.501755e+01
      vertex   6.055089e+00 3.535534e+00 7.561416e+01
      vertex   6.055089e+00 4.045085e+00 7.501755e+01
    endloop
  endfacet
  facet normal -0.000000e+00 8.526402e-01 5.224986e-01
    outer loop
      vertex   -1.029392e+01 4.045085e+00 7.501755e+01
      vertex   6.055089e+00 4.045085e+00 7.501755e+01
      vertex   -1.029392e+01 4.455033e+00 7.434858e+01
    endloop
  endfacet
  facet normal -0.000000e+00 8.526402e-01 5.224986e-01
    outer loop
      vertex   -1.029392e+01 4.455033e+00 7.434858e+01
      vertex   6.055089e+00 4.045085e+00 7.501755e+01
      vertex   6.055089e+00 4.455033e+00 7.434858e+01
    endloop
  endfacet
  facet normal -0.000000e+00 9.238795e-01 3.826834e-01
    outer loop
      vertex   -1.029392e+01 4.455033e+00 7.434858e+01
      vertex   6.055089e+00 4.455033e+00 7.434858e+01
      vertex   -1.029392e+01 4.755283e+00 7.362371e+01
    endloop
  endfacet
  facet normal 0.000000e+00 5.224986e-01 8.526402e-01
    outer loop
      vertex   -1.029392e+01 2.269952e+00 7.653366e+01
      vertex   -1.029392e+01 2.938926e+00 7.612371e+01
      vertex   -2.664293e+01 2.938926e+00 7.612371e+01
    endloop
  endfacet
  facet normal -0.000000e+00 6.494480e-01 7.604060e-01
    outer loop
      vertex   -2.664293e+01 2.938926e+00 7.612371e+01
      vertex   -1.029392e+01 2.938926e+00 7.612371e+01
      vertex   -2.664293e+01 3.535534e+00 7.561416e+01
    endloop
  endfacet
  facet normal 0.000000e+00 6.494480e-01 7.604060e-01
    outer loop
      vertex   -2.664293e+01 2.938926e+00 7.612371e+01
      vertex   -2.664293e+01 3.535534e+00 7.561416e+01
      vertex   -4.299194e+01 3.535534e+00 7.561416e+01
    endloop
  endfacet
  facet normal -0.000000e+00 7.604060e-01 6.494480e-01
    outer loop
      vertex   -4.299194e+01 3.535534e+00 7.561416e+01
      vertex   -2.664293e+01 3.535534e+00 7.561416e+01
      vertex   -4.299194e+01 4.045085e+00 7.501755e+01
    endloop
  endfacet
  facet normal -0.000000e+00 6.494480e-01 7.604060e-01
    outer loop
      vertex   -2.664293e+01 3.535534e+00 7.561416e+01
      vertex   -1.029392e+01 2.938926e+00 7.612371e+01
      vertex   -1.029392e+01 3.535534e+00 7.561416e+01
    endloop
  endfacet
  facet normal -0.000000e+00 7.604060e-01 6.494480e-01
    outer loop
      vertex   -2.664293e+01 3.535534e+00 7.561416e+01
      vertex   -1.029392e+01 3.535534e+00 7.561416e+01
      vertex   -2.664293e+01 4.045085e+00 7.501755e+01
    endloop
  endfacet
  facet normal -0.000000e+00 7.604060e-01 6.494480e-01
    outer loop
      vertex   -2.664293e+01 4.045085e+00 7.501755e+01
      vertex   -1.029392e+01 3.535534e+00 7.561416e+01
      vertex   -1.029392e+01 4.045085e+00 7.501755e+01
    endloop
  endfacet
  facet normal -0.000000e+00 8.526402e-01 5.224986e-01
    outer loop
      vertex   -2.664293e+01 4.045085e+00 7.501755e+01
      vertex   -1.029392e+01 4.045085e+00 7.501755e+01
      vertex   -2.664293e+01 4.455033e+00 7.434858e+01
    endloop
  endfacet
  facet normal -0.000000e+00 8.526402e-01 5.224986e-01
    outer loop
      vertex   -2.664293e+01 4.455033e+00 7.434858e+01
      vertex   -1.029392e+01 4.045085e+00 7.501755e+01
      vertex   -1.029392e+01 4.455033e+00 7.434858e+01
    endloop
  endfacet
  facet normal -0.000000e+00 9.238795e-01 3.826834e-01
    outer loop
      vertex   -2.664293e+01 4.455033e+00 7.434858e+01
      vertex   -1.029392e+01 4.455033e+00 7.434858e+01
      vertex   -2.664293e+01 4.755283e+00 7.362371e+01
    endloop
  endfacet
  facet normal -0.000000e+00 9.238795e-01 3.826834e-01
    outer loop
      vertex   -2.664293e+01 4.755283e+00 7.362371e+01
      vertex   -1.029392e+01 4.455033e+00 7.434858e+01
      vertex   -1.029392e+01 4.755283e+00 7.362371e+01
    endloop
  endfacet
  facet normal -0.000000e+00 9.723699e-01 2.334454e-01
    outer loop
      vertex   -2.664293e+01 4.755283e+00 7.362371e+01
      vertex   -1.029392e+01 4.755283e+00 7.362371e+01
      vertex   -2.664293e+01 4.938442e+00 7.286080e+01
    endloop
  endfacet
  facet normal 0.000000e+00 8.526402e-01 5.224986e-01
    outer loop
      vertex   -4.299194e+01 4.455033e+00 7.434858e+01
      vertex   -4.299194e+01 4.045085e+00 7.501755e+01
      vertex   -2.664293e+01 4.045085e+00 7.501755e+01
    endloop
  endfacet
  facet normal 0.000000e+00 7.604060e-01 6.494480e-01
    outer loop
      vertex   -2.664293e+01 4.045085e+00 7.501755e+01
      vertex   -4.299194e+01 4.045085e+00 7.501755e+01
      vertex   -2.664293e+01 3.535534e+00 7.561416e+01
    endloop
  endfacet
  facet normal -0.000000e+00 8.526402e-01 5.224986e-01
    outer loop
      vertex   -4.299194e+01 4.455033e+00 7.434858e+01
      vertex   -2.664293e+01 4.045085e+00 7.501755e+01
      vertex   -2.664293e+01 4.455033e+00 7.434858e+01
    endloop
  endfacet
  facet normal 0.000000e+00 9.238795e-01 3.826834e-01
    outer loop
      vertex   -4.299194e+01 4.755283e+00 7.362371e+01
      vertex   -4.299194e+01 4.455033e+00 7.434858e+01
      vertex   -2.664293e+01 4.455033e+00 7.434858e+01
    endloop
  endfacet
  facet normal -0.000000e+00 9.238795e-01 3.826834e-01
    outer loop
      vertex   -4.299194e+01 4.755283e+00 7.362371e+01
      vertex   -2.664293e+01 4.455033e+00 7.434858e+01
      vertex   -2.664293e+01 4.755283e+00 7.362371e+01
    endloop
  endfacet
  facet normal 0.000000e+00 9.238795e-01 3.826834e-01
    outer loop
      vertex   2.240410e+01 4.455033e+00 7.434858e+01
      vertex   2.240410e+01 4.755283e+00 7.362371e+01
      vertex   6.055089e+00 4.755283e+00 7.362371e+01
    endloop
  endfacet
  facet normal -0.000000e+00 9.723699e-01 2.334454e-01
    outer loop
      vertex   6.055089e+00 4.755283e+00 7.362371e+01
      vertex   2.240410e+01 4.755283e+00 7.362371e+01
      vertex   6.055089e+00 4.938442e+00 7.286080e+01
    endloop
  endfacet
  facet normal 0.000000e+00 9.723699e-01 2.334454e-01
    outer loop
      vertex   6.055089e+00 4.755283e+00 7.362371e+01
      vertex   6.055089e+00 4.938442e+00 7.286080e+01
      vertex   -1.029392e+01 4.938442e+00 7.286080e+01
    endloop
  endfacet
  facet normal -0.000000e+00 9.922174e-01 1.245173e-01
    outer loop
      vertex   -1.029392e+01 4.938442e+00 7.286080e+01
      vertex   6.055089e+00 4.938442e+00 7.286080e+01
      vertex   -5.788911e+01 4.978171e+00 7.254421e+01
    endloop
  endfacet
  facet normal 0.000000e+00 9.723699e-01 2.334454e-01
    outer loop
      vertex   -4.299194e+01 4.938442e+00 7.286080e+01
      vertex   -4.299194e+01 4.755283e+00 7.362371e+01
      vertex   -2.664293e+01 4.755283e+00 7.362371e+01
    endloop
  endfacet
  facet normal -0.000000e+00 9.723699e-01 2.334454e-01
    outer loop
      vertex   -4.299194e+01 4.938442e+00 7.286080e+01
      vertex   -2.664293e+01 4.755283e+00 7.362371e+01
      vertex   -2.664293e+01 4.938442e+00 7.286080e+01
    endloop
  endfacet
  facet normal -0.000000e+00 9.999999e-01 3.712928e-04
    outer loop
      vertex   3.875311e+01 5.000000e+00 7.207863e+01
      vertex   3.924861e+01 4.999981e+00 7.212892e+01
      vertex   4.125311e+01 5.000000e+00 7.207863e+01
    endloop
  endfacet
  facet normal 6.133602e-04 9.996918e-01 2.481907e-02
    outer loop
      vertex   4.125311e+01 5.000000e+00 7.207863e+01
      vertex   3.924861e+01 4.999981e+00 7.212892e+01
      vertex   3.973791e+01 4.995911e+00 7.228077e+01
    endloop
  endfacet
  facet normal 4.907509e-03 9.983633e-01 5.697903e-02
    outer loop
      vertex   4.125311e+01 5.000000e+00 7.207863e+01
      vertex   3.973791e+01 4.995911e+00 7.228077e+01
      vertex   4.018419e+01 4.979518e+00 7.252957e+01
    endloop
  endfacet
  facet normal 8.470757e-03 9.978231e-01 6.540078e-02
    outer loop
      vertex   4.125311e+01 5.000000e+00 7.207863e+01
      vertex   4.018419e+01 4.979518e+00 7.252957e+01
      vertex   4.125311e+01 4.957224e+00 7.273126e+01
    endloop
  endfacet
  facet normal -2.984218e-03 9.920918e-01 1.254785e-01
    outer loop
      vertex   4.125311e+01 4.957224e+00 7.273126e+01
      vertex   4.018419e+01 4.979518e+00 7.252957e+01
      vertex   4.055940e+01 4.940082e+00 7.285030e+01
    endloop
  endfacet
  facet normal 7.981535e-03 9.821462e-01 1.879497e-01
    outer loop
      vertex   4.125311e+01 4.957224e+00 7.273126e+01
      vertex   4.055940e+01 4.940082e+00 7.285030e+01
      vertex   4.086221e+01 4.863423e+00 7.323802e+01
    endloop
  endfacet
  facet normal 1.756266e-02 9.806340e-01 1.950602e-01
    outer loop
      vertex   4.125311e+01 4.957224e+00 7.273126e+01
      vertex   4.086221e+01 4.863423e+00 7.323802e+01
      vertex   4.125311e+01 4.829629e+00 7.337272e+01
    endloop
  endfacet
  facet normal -1.433498e-02 9.592312e-01 2.822587e-01
    outer loop
      vertex   4.125311e+01 4.829629e+00 7.337272e+01
      vertex   4.086221e+01 4.863423e+00 7.323802e+01
      vertex   4.108525e+01 4.737289e+00 7.367801e+01
    endloop
  endfacet
  facet normal 6.355776e-02 9.450156e-01 3.207896e-01
    outer loop
      vertex   4.125311e+01 4.829629e+00 7.337272e+01
      vertex   4.108525e+01 4.737289e+00 7.367801e+01
      vertex   4.125311e+01 4.619398e+00 7.399204e+01
    endloop
  endfacet
  facet normal -7.104548e-02 9.207494e-01 3.836315e-01
    outer loop
      vertex   4.125311e+01 4.619398e+00 7.399204e+01
      vertex   4.108525e+01 4.737289e+00 7.367801e+01
      vertex   4.121309e+01 4.555870e+00 7.413710e+01
    endloop
  endfacet
  facet normal 1.766322e-01 8.827712e-01 4.353346e-01
    outer loop
      vertex   4.125311e+01 4.619398e+00 7.399204e+01
      vertex   4.121309e+01 4.555870e+00 7.413710e+01
      vertex   4.125311e+01 4.330127e+00 7.457863e+01
    endloop
  endfacet
  facet normal 5.900909e-01 6.670530e-01 4.547890e-01
    outer loop
      vertex   4.125311e+01 4.330127e+00 7.457863e+01
      vertex   4.123456e+01 4.141506e+00 7.487936e+01
      vertex   4.125311e+01 3.909157e+00 7.519608e+01
    endloop
  endfacet
  facet normal 9.591093e-03 8.065277e-01 5.911185e-01
    outer loop
      vertex   4.125311e+01 3.909157e+00 7.519608e+01
      vertex   4.123456e+01 4.141506e+00 7.487936e+01
      vertex   4.118126e+01 3.927941e+00 7.517161e+01
    endloop
  endfacet
  facet normal -1.846036e-02 7.660918e-01 6.424660e-01
    outer loop
      vertex   4.125311e+01 3.909157e+00 7.519608e+01
      vertex   4.118126e+01 3.927941e+00 7.517161e+01
      vertex   4.109676e+01 3.693494e+00 7.544874e+01
    endloop
  endfacet
  facet normal 8.770807e-02 7.302269e-01 6.775515e-01
    outer loop
      vertex   4.125311e+01 3.909157e+00 7.519608e+01
      vertex   4.109676e+01 3.693494e+00 7.544874e+01
      vertex   4.125311e+01 3.400864e+00 7.574389e+01
    endloop
  endfacet
  facet normal 7.464260e-03 7.120750e-01 7.020638e-01
    outer loop
      vertex   4.125311e+01 3.400864e+00 7.574389e+01
      vertex   4.109676e+01 3.693494e+00 7.544874e+01
      vertex   4.098504e+01 3.442483e+00 7.570452e+01
    endloop
  endfacet
  facet normal -1.300043e-02 6.416044e-01 7.669256e-01
    outer loop
      vertex   4.125311e+01 3.400864e+00 7.574389e+01
      vertex   4.098504e+01 3.442483e+00 7.570452e+01
      vertex   4.070586e+01 2.916897e+00 7.613949e+01
    endloop
  endfacet
  facet normal 1.379369e-02 6.234305e-01 7.817571e-01
    outer loop
      vertex   4.125311e+01 3.400864e+00 7.574389e+01
      vertex   4.070586e+01 2.916897e+00 7.613949e+01
      vertex   4.125311e+01 2.816600e+00 7.620982e+01
    endloop
  endfacet
  facet normal -1.056614e-02 5.348004e-01 8.449124e-01
    outer loop
      vertex   4.125311e+01 2.816600e+00 7.620982e+01
      vertex   4.070586e+01 2.916897e+00 7.613949e+01
      vertex   4.038070e+01 2.379405e+00 7.647564e+01
    endloop
  endfacet
  facet normal 1.330526e-02 4.999557e-01 8.659487e-01
    outer loop
      vertex   4.125311e+01 2.816600e+00 7.620982e+01
      vertex   4.038070e+01 2.379405e+00 7.647564e+01
      vertex   4.125311e+01 2.169419e+00 7.658347e+01
    endloop
  endfacet
  facet normal -9.816353e-03 4.242097e-01 9.055108e-01
    outer loop
      vertex   4.125311e+01 2.169419e+00 7.658347e+01
      vertex   4.038070e+01 2.379405e+00 7.647564e+01
      vertex   4.000357e+01 1.799982e+00 7.674300e+01
    endloop
  endfacet
  facet normal 1.082601e-02 3.653196e-01 9.308192e-01
    outer loop
      vertex   4.125311e+01 2.169419e+00 7.658347e+01
      vertex   4.000357e+01 1.799982e+00 7.674300e+01
      vertex   4.125311e+01 1.473776e+00 7.685649e+01
    endloop
  endfacet
  facet normal -6.932890e-03 3.047991e-01 9.523914e-01
    outer loop
      vertex   4.125311e+01 1.473776e+00 7.685649e+01
      vertex   4.000357e+01 1.799982e+00 7.674300e+01
      vertex   3.959254e+01 1.195940e+00 7.693332e+01
    endloop
  endfacet
  facet normal 7.875778e-03 2.225140e-01 9.748977e-01
    outer loop
      vertex   4.125311e+01 1.473776e+00 7.685649e+01
      vertex   3.959254e+01 1.195940e+00 7.693332e+01
      vertex   4.125311e+01 7.452113e-01 7.702278e+01
    endloop
  endfacet
  facet normal -3.913478e-03 1.807902e-01 9.835139e-01
    outer loop
      vertex   4.125311e+01 7.452113e-01 7.702278e+01
      vertex   3.959254e+01 1.195940e+00 7.693332e+01
      vertex   3.916844e+01 5.882866e-01 7.704333e+01
    endloop
  endfacet
  facet normal 4.205179e-03 7.472943e-02 9.971950e-01
    outer loop
      vertex   4.125311e+01 7.452113e-01 7.702278e+01
      vertex   3.916844e+01 5.882866e-01 7.704333e+01
      vertex   4.125311e+01 0.000000e+00 7.707863e+01
    endloop
  endfacet
  facet normal 0.000000e+00 5.988843e-02 9.982051e-01
    outer loop
      vertex   4.125311e+01 0.000000e+00 7.707863e+01
      vertex   3.916844e+01 5.882866e-01 7.704333e+01
      vertex   3.875311e+01 0.000000e+00 7.707863e+01
    endloop
  endfacet
  facet normal -2.862226e-04 9.999970e-01 2.448791e-03
    outer loop
      vertex   -5.934096e+01 5.000000e+00 4.570272e+01
      vertex   -5.991750e+01 5.000000e+00 4.563534e+01
      vertex   -5.983645e+01 4.999981e+00 4.565243e+01
    endloop
  endfacet
  facet normal -1.830687e-02 -9.961538e-01 8.568768e-02
    outer loop
      vertex   -5.983645e+01 4.999981e+00 4.565243e+01
      vertex   -5.991750e+01 5.000000e+00 4.563534e+01
      vertex   -6.032576e+01 4.995911e+00 4.550058e+01
    endloop
  endfacet
  facet normal -1.026190e-01 9.539273e-01 2.819434e-01
    outer loop
      vertex   -6.032576e+01 4.995911e+00 4.550058e+01
      vertex   -5.991750e+01 5.000000e+00 4.563534e+01
      vertex   -6.046295e+01 5.000000e+00 4.543681e+01
    endloop
  endfacet
  facet normal -2.831797e-01 -7.791098e-01 5.592827e-01
    outer loop
      vertex   -6.032576e+01 4.995911e+00 4.550058e+01
      vertex   -6.046295e+01 5.000000e+00 4.543681e+01
      vertex   -6.077203e+01 4.979518e+00 4.525178e+01
    endloop
  endfacet
  facet normal -4.407233e-01 5.972823e-01 6.700872e-01
    outer loop
      vertex   -6.077203e+01 4.979518e+00 4.525178e+01
      vertex   -6.046295e+01 5.000000e+00 4.543681e+01
      vertex   -6.094792e+01 5.000000e+00 4.511784e+01
    endloop
  endfacet
  facet normal -5.984756e-01 -3.108602e-01 7.383718e-01
    outer loop
      vertex   -6.077203e+01 4.979518e+00 4.525178e+01
      vertex   -6.094792e+01 5.000000e+00 4.511784e+01
      vertex   -6.114725e+01 4.940082e+00 4.493105e+01
    endloop
  endfacet
  facet normal -7.003569e-01 2.700112e-01 6.607527e-01
    outer loop
      vertex   -6.114725e+01 4.940082e+00 4.493105e+01
      vertex   -6.094792e+01 5.000000e+00 4.511784e+01
      vertex   -6.134626e+01 5.000000e+00 4.469562e+01
    endloop
  endfacet
  facet normal -7.726856e-01 -1.099316e-01 6.251976e-01
    outer loop
      vertex   -6.114725e+01 4.940082e+00 4.493105e+01
      vertex   -6.134626e+01 5.000000e+00 4.469562e+01
      vertex   -6.145006e+01 4.863423e+00 4.454333e+01
    endloop
  endfacet
  facet normal -8.616755e-01 1.001024e-01 4.974886e-01
    outer loop
      vertex   -6.145006e+01 4.863423e+00 4.454333e+01
      vertex   -6.134626e+01 5.000000e+00 4.469562e+01
      vertex   -6.163650e+01 5.000000e+00 4.419292e+01
    endloop
  endfacet
  facet normal -8.876135e-01 -3.301430e-02 4.594044e-01
    outer loop
      vertex   -6.145006e+01 4.863423e+00 4.454333e+01
      vertex   -6.163650e+01 5.000000e+00 4.419292e+01
      vertex   -6.167309e+01 4.737289e+00 4.410334e+01
    endloop
  endfacet
  facet normal -9.573816e-01 3.561995e-02 2.866212e-01
    outer loop
      vertex   -6.167309e+01 4.737289e+00 4.410334e+01
      vertex   -6.163650e+01 5.000000e+00 4.419292e+01
      vertex   -6.180298e+01 5.000000e+00 4.363685e+01
    endloop
  endfacet
  facet normal -9.633502e-01 4.171784e-05 2.682470e-01
    outer loop
      vertex   -6.167309e+01 4.737289e+00 4.410334e+01
      vertex   -6.180298e+01 5.000000e+00 4.363685e+01
      vertex   -6.180093e+01 4.555870e+00 4.364425e+01
    endloop
  endfacet
  facet normal -9.957708e-01 -3.047875e-03 9.182170e-02
    outer loop
      vertex   -6.180093e+01 4.555870e+00 4.364425e+01
      vertex   -6.180298e+01 5.000000e+00 4.363685e+01
      vertex   -6.184096e+01 4.330127e+00 4.320272e+01
    endloop
  endfacet
  facet normal -9.981295e-01 1.891737e-02 5.813442e-02
    outer loop
      vertex   -6.184096e+01 4.330127e+00 4.320272e+01
      vertex   -6.180298e+01 5.000000e+00 4.363685e+01
      vertex   -6.183673e+01 5.000000e+00 4.305736e+01
    endloop
  endfacet
  facet normal -9.983148e-01 -6.216660e-03 -5.769627e-02
    outer loop
      vertex   -6.184096e+01 4.330127e+00 4.320272e+01
      vertex   -6.183673e+01 5.000000e+00 4.305736e+01
      vertex   -6.182240e+01 4.141506e+00 4.290199e+01
    endloop
  endfacet
  facet normal -9.846971e-01 1.499195e-02 -1.736287e-01
    outer loop
      vertex   -6.182240e+01 4.141506e+00 4.290199e+01
      vertex   -6.183673e+01 5.000000e+00 4.305736e+01
      vertex   -6.173593e+01 5.000000e+00 4.248572e+01
    endloop
  endfacet
  facet normal -9.825637e-01 8.917750e-03 -1.857124e-01
    outer loop
      vertex   -6.182240e+01 4.141506e+00 4.290199e+01
      vertex   -6.173593e+01 5.000000e+00 4.248572e+01
      vertex   -6.176910e+01 3.927941e+00 4.260974e+01
    endloop
  endfacet
  facet normal -9.574062e-01 -3.777114e-03 -2.887196e-01
    outer loop
      vertex   -6.176910e+01 3.927941e+00 4.260974e+01
      vertex   -6.173593e+01 5.000000e+00 4.248572e+01
      vertex   -6.168460e+01 3.693494e+00 4.233261e+01
    endloop
  endfacet
  facet normal -9.181670e-01 1.034353e-02 -3.960586e-01
    outer loop
      vertex   -6.168460e+01 3.693494e+00 4.233261e+01
      vertex   -6.173593e+01 5.000000e+00 4.248572e+01
      vertex   -6.150602e+01 5.000000e+00 4.195272e+01
    endloop
  endfacet
  facet normal -9.138803e-01 6.888757e-03 -4.059252e-01
    outer loop
      vertex   -6.168460e+01 3.693494e+00 4.233261e+01
      vertex   -6.150602e+01 5.000000e+00 4.195272e+01
      vertex   -6.157288e+01 3.442483e+00 4.207683e+01
    endloop
  endfacet
  facet normal -8.450143e-01 -6.328923e-03 -5.347062e-01
    outer loop
      vertex   -6.157288e+01 3.442483e+00 4.207683e+01
      vertex   -6.150602e+01 5.000000e+00 4.195272e+01
      vertex   -6.129371e+01 2.916897e+00 4.164186e+01
    endloop
  endfacet
  facet normal -8.021015e-01 7.362263e-03 -5.971424e-01
    outer loop
      vertex   -6.129371e+01 2.916897e+00 4.164186e+01
      vertex   -6.150602e+01 5.000000e+00 4.195272e+01
      vertex   -6.115939e+01 5.000000e+00 4.148712e+01
    endloop
  endfacet
  facet normal -7.225340e-01 -4.763917e-03 -6.913190e-01
    outer loop
      vertex   -6.129371e+01 2.916897e+00 4.164186e+01
      vertex   -6.115939e+01 5.000000e+00 4.148712e+01
      vertex   -6.096854e+01 2.379405e+00 4.130571e+01
    endloop
  endfacet
  facet normal -6.427752e-01 6.216483e-03 -7.660296e-01
    outer loop
      vertex   -6.096854e+01 2.379405e+00 4.130571e+01
      vertex   -6.115939e+01 5.000000e+00 4.148712e+01
      vertex   -6.071473e+01 5.000000e+00 4.111401e+01
    endloop
  endfacet
  facet normal -5.815886e-01 -3.180530e-03 -8.134768e-01
    outer loop
      vertex   -6.096854e+01 2.379405e+00 4.130571e+01
      vertex   -6.071473e+01 5.000000e+00 4.111401e+01
      vertex   -6.059141e+01 1.799982e+00 4.103835e+01
    endloop
  endfacet
  facet normal -4.487959e-01 3.831480e-03 -8.936261e-01
    outer loop
      vertex   -6.059141e+01 1.799982e+00 4.103835e+01
      vertex   -6.071473e+01 5.000000e+00 4.111401e+01
      vertex   -6.019601e+01 5.000000e+00 4.085349e+01
    endloop
  endfacet
  facet normal -4.206928e-01 -4.253815e-04 -9.072030e-01
    outer loop
      vertex   -6.059141e+01 1.799982e+00 4.103835e+01
      vertex   -6.019601e+01 5.000000e+00 4.085349e+01
      vertex   -6.018038e+01 1.195940e+00 4.084803e+01
    endloop
  endfacet
  facet normal -2.306158e-01 4.498589e-04 -9.730448e-01
    outer loop
      vertex   -6.018038e+01 1.195940e+00 4.084803e+01
      vertex   -6.019601e+01 5.000000e+00 4.085349e+01
      vertex   -5.963119e+01 5.000000e+00 4.071963e+01
    endloop
  endfacet
  facet normal -2.471053e-01 2.967519e-03 -9.689841e-01
    outer loop
      vertex   -6.018038e+01 1.195940e+00 4.084803e+01
      vertex   -5.963119e+01 5.000000e+00 4.071963e+01
      vertex   -5.975629e+01 5.882866e-01 4.073802e+01
    endloop
  endfacet
  facet normal -8.704393e-02 -1.684608e-03 -9.962030e-01
    outer loop
      vertex   -5.975629e+01 5.882866e-01 4.073802e+01
      vertex   -5.963119e+01 5.000000e+00 4.071963e+01
      vertex   -5.934096e+01 0.000000e+00 4.070272e+01
    endloop
  endfacet
  facet normal 0.000000e+00 3.380802e-03 -9.999943e-01
    outer loop
      vertex   -5.934096e+01 0.000000e+00 4.070272e+01
      vertex   -5.963119e+01 5.000000e+00 4.071963e+01
      vertex   -5.905072e+01 5.000000e+00 4.071963e+01
    endloop
  endfacet
  facet normal 7.292645e-02 -8.613044e-04 -9.973369e-01
    outer loop
      vertex   -5.934096e+01 0.000000e+00 4.070272e+01
      vertex   -5.905072e+01 5.000000e+00 4.071963e+01
      vertex   -5.899021e+01 4.965518e-01 4.072794e+01
    endloop
  endfacet
  facet normal 2.110921e-01 1.031965e-03 -9.774656e-01
    outer loop
      vertex   -5.899021e+01 4.965518e-01 4.072794e+01
      vertex   -5.905072e+01 5.000000e+00 4.071963e+01
      vertex   -5.863078e+01 1.009544e+00 4.080611e+01
    endloop
  endfacet
  facet normal 2.306147e-01 3.182386e-03 -9.730399e-01
    outer loop
      vertex   -5.863078e+01 1.009544e+00 4.080611e+01
      vertex   -5.905072e+01 5.000000e+00 4.071963e+01
      vertex   -5.848591e+01 5.000000e+00 4.085349e+01
    endloop
  endfacet
  facet normal 3.576790e-01 -1.896100e-03 -9.338427e-01
    outer loop
      vertex   -5.863078e+01 1.009544e+00 4.080611e+01
      vertex   -5.848591e+01 5.000000e+00 4.085349e+01
      vertex   -5.827593e+01 1.524898e+00 4.094097e+01
    endloop
  endfacet
  facet normal 4.487944e-01 4.621755e-03 -8.936231e-01
    outer loop
      vertex   -5.827593e+01 1.524898e+00 4.094097e+01
      vertex   -5.848591e+01 5.000000e+00 4.085349e+01
      vertex   -5.796718e+01 5.000000e+00 4.111401e+01
    endloop
  endfacet
  facet normal 4.973476e-01 -9.901914e-04 -8.675508e-01
    outer loop
      vertex   -5.827593e+01 1.524898e+00 4.094097e+01
      vertex   -5.796718e+01 5.000000e+00 4.111401e+01
      vertex   -5.793880e+01 2.029223e+00 4.113367e+01
    endloop
  endfacet
  facet normal 6.230158e-01 7.752224e-04 -7.822088e-01
    outer loop
      vertex   -5.793880e+01 2.029223e+00 4.113367e+01
      vertex   -5.796718e+01 5.000000e+00 4.111401e+01
      vertex   -5.763148e+01 2.510329e+00 4.137892e+01
    endloop
  endfacet
  facet normal 6.427790e-01 5.161070e-03 -7.660342e-01
    outer loop
      vertex   -5.763148e+01 2.510329e+00 4.137892e+01
      vertex   -5.796718e+01 5.000000e+00 4.111401e+01
      vertex   -5.752252e+01 5.000000e+00 4.148712e+01
    endloop
  endfacet
  facet normal 7.421675e-01 -3.353598e-03 -6.702060e-01
    outer loop
      vertex   -5.763148e+01 2.510329e+00 4.137892e+01
      vertex   -5.752252e+01 5.000000e+00 4.148712e+01
      vertex   -5.736319e+01 2.960704e+00 4.167377e+01
    endloop
  endfacet
  facet normal 8.020974e-01 8.016177e-03 -5.971394e-01
    outer loop
      vertex   -5.736319e+01 2.960704e+00 4.167377e+01
      vertex   -5.752252e+01 5.000000e+00 4.148712e+01
      vertex   -5.717589e+01 5.000000e+00 4.195272e+01
    endloop
  endfacet
  facet normal 8.441342e-01 -4.192187e-03 -5.361156e-01
    outer loop
      vertex   -5.736319e+01 2.960704e+00 4.167377e+01
      vertex   -5.717589e+01 5.000000e+00 4.195272e+01
      vertex   -5.712644e+01 3.406474e+00 4.204305e+01
    endloop
  endfacet
  facet normal 9.181993e-01 6.044468e-03 -3.960725e-01
    outer loop
      vertex   -5.712644e+01 3.406474e+00 4.204305e+01
      vertex   -5.717589e+01 5.000000e+00 4.195272e+01
      vertex   -5.694598e+01 5.000000e+00 4.248572e+01
    endloop
  endfacet
  facet normal 9.261552e-01 -1.150466e-04 -3.771425e-01
    outer loop
      vertex   -5.712644e+01 3.406474e+00 4.204305e+01
      vertex   -5.694598e+01 5.000000e+00 4.248572e+01
      vertex   -5.694679e+01 3.825903e+00 4.248410e+01
    endloop
  endfacet
  facet normal 9.818345e-01 -4.117243e-04 -1.897388e-01
    outer loop
      vertex   -5.694679e+01 3.825903e+00 4.248410e+01
      vertex   -5.694598e+01 5.000000e+00 4.248572e+01
      vertex   -5.685150e+01 4.190993e+00 4.297639e+01
    endloop
  endfacet
  facet normal 9.847615e-01 9.694158e-03 -1.736400e-01
    outer loop
      vertex   -5.685150e+01 4.190993e+00 4.297639e+01
      vertex   -5.694598e+01 5.000000e+00 4.248572e+01
      vertex   -5.684519e+01 5.000000e+00 4.305736e+01
    endloop
  endfacet
  facet normal 9.997478e-01 -9.824355e-03 2.019585e-02
    outer loop
      vertex   -5.685150e+01 4.190993e+00 4.297639e+01
      vertex   -5.684519e+01 5.000000e+00 4.305736e+01
      vertex   -5.685914e+01 4.487584e+00 4.349902e+01
    endloop
  endfacet
  facet normal 9.980460e-01 2.291746e-02 5.812956e-02
    outer loop
      vertex   -5.685914e+01 4.487584e+00 4.349902e+01
      vertex   -5.684519e+01 5.000000e+00 4.305736e+01
      vertex   -5.687894e+01 5.000000e+00 4.363685e+01
    endloop
  endfacet
  facet normal 9.837800e-01 -1.016892e-02 1.790907e-01
    outer loop
      vertex   -5.685914e+01 4.487584e+00 4.349902e+01
      vertex   -5.687894e+01 5.000000e+00 4.363685e+01
      vertex   -5.690844e+01 4.613627e+00 4.377696e+01
    endloop
  endfacet
  facet normal 9.610713e-01 2.636094e-02 2.750401e-01
    outer loop
      vertex   -5.690844e+01 4.613627e+00 4.377696e+01
      vertex   -5.687894e+01 5.000000e+00 4.363685e+01
      vertex   -5.699167e+01 4.721505e+00 4.405747e+01
    endloop
  endfacet
  facet normal 9.570048e-01 4.532833e-02 2.865084e-01
    outer loop
      vertex   -5.699167e+01 4.721505e+00 4.405747e+01
      vertex   -5.687894e+01 5.000000e+00 4.363685e+01
      vertex   -5.704542e+01 5.000000e+00 4.419292e+01
    endloop
  endfacet
  facet normal 9.145657e-01 -1.997862e-02 4.039436e-01
    outer loop
      vertex   -5.699167e+01 4.721505e+00 4.405747e+01
      vertex   -5.704542e+01 5.000000e+00 4.419292e+01
      vertex   -5.711108e+01 4.808328e+00 4.433213e+01
    endloop
  endfacet
  facet normal 8.641219e-01 6.626607e-02 4.989010e-01
    outer loop
      vertex   -5.711108e+01 4.808328e+00 4.433213e+01
      vertex   -5.704542e+01 5.000000e+00 4.419292e+01
      vertex   -5.733565e+01 5.000000e+00 4.469562e+01
    endloop
  endfacet
  facet normal 8.688848e-01 9.767301e-02 4.852825e-01
    outer loop
      vertex   -5.711108e+01 4.808328e+00 4.433213e+01
      vertex   -5.733565e+01 5.000000e+00 4.469562e+01
      vertex   -5.726432e+01 4.875013e+00 4.459307e+01
    endloop
  endfacet
  facet normal 7.913825e-01 -4.839340e-02 6.094029e-01
    outer loop
      vertex   -5.726432e+01 4.875013e+00 4.459307e+01
      vertex   -5.733565e+01 5.000000e+00 4.469562e+01
      vertex   -5.744623e+01 4.923704e+00 4.483317e+01
    endloop
  endfacet
  facet normal 7.155029e-01 1.799271e-01 6.750421e-01
    outer loop
      vertex   -5.744623e+01 4.923704e+00 4.483317e+01
      vertex   -5.733565e+01 5.000000e+00 4.469562e+01
      vertex   -5.773399e+01 5.000000e+00 4.511784e+01
    endloop
  endfacet
  facet normal 7.124952e-01 2.685756e-01 6.482420e-01
    outer loop
      vertex   -5.744623e+01 4.923704e+00 4.483317e+01
      vertex   -5.773399e+01 5.000000e+00 4.511784e+01
      vertex   -5.765266e+01 4.956713e+00 4.504638e+01
    endloop
  endfacet
  facet normal 6.158529e-01 -1.265776e-01 7.776267e-01
    outer loop
      vertex   -5.765266e+01 4.956713e+00 4.504638e+01
      vertex   -5.773399e+01 5.000000e+00 4.511784e+01
      vertex   -5.788911e+01 4.978171e+00 4.523714e+01
    endloop
  endfacet
  facet normal 4.583854e-01 5.515032e-01 6.969412e-01
    outer loop
      vertex   -5.788911e+01 4.978171e+00 4.523714e+01
      vertex   -5.773399e+01 5.000000e+00 4.511784e+01
      vertex   -5.821896e+01 5.000000e+00 4.543681e+01
    endloop
  endfacet
  facet normal 4.167550e-01 6.691084e-01 6.153122e-01
    outer loop
      vertex   -5.788911e+01 4.978171e+00 4.523714e+01
      vertex   -5.821896e+01 5.000000e+00 4.543681e+01
      vertex   -5.815261e+01 4.990883e+00 4.540179e+01
    endloop
  endfacet
  facet normal 3.661284e-01 -4.546437e-01 8.119416e-01
    outer loop
      vertex   -5.815261e+01 4.990883e+00 4.540179e+01
      vertex   -5.821896e+01 5.000000e+00 4.543681e+01
      vertex   -5.843714e+01 4.997150e+00 4.553359e+01
    endloop
  endfacet
  facet normal 5.880519e-02 9.851083e-01 1.615659e-01
    outer loop
      vertex   -5.843714e+01 4.997150e+00 4.553359e+01
      vertex   -5.821896e+01 5.000000e+00 4.543681e+01
      vertex   -5.876442e+01 5.000000e+00 4.563534e+01
    endloop
  endfacet
  facet normal 3.391599e-02 9.961210e-01 8.119564e-02
    outer loop
      vertex   -5.843714e+01 4.997150e+00 4.553359e+01
      vertex   -5.876442e+01 5.000000e+00 4.563534e+01
      vertex   -5.873586e+01 4.999644e+00 4.562778e+01
    endloop
  endfacet
  facet normal 2.332331e-02 -9.905940e-01 1.348316e-01
    outer loop
      vertex   -5.873586e+01 4.999644e+00 4.562778e+01
      vertex   -5.876442e+01 5.000000e+00 4.563534e+01
      vertex   -5.904011e+01 5.000139e+00 4.568404e+01
    endloop
  endfacet
  facet normal -9.822964e-04 9.999642e-01 -8.404083e-03
    outer loop
      vertex   -5.904011e+01 5.000139e+00 4.568404e+01
      vertex   -5.876442e+01 5.000000e+00 4.563534e+01
      vertex   -5.934096e+01 5.000000e+00 4.570272e+01
    endloop
  endfacet
  facet normal 0.000000e+00 1.000000e+00 0.000000e+00
    outer loop
      vertex   -6.018614e+01 5.000000e+00 4.297626e+01
      vertex   -6.183673e+01 5.000000e+00 4.305736e+01
      vertex   -6.021596e+01 5.000000e+00 4.320272e+01
    endloop
  endfacet
  facet normal 0.000000e+00 1.000000e+00 0.000000e+00
    outer loop
      vertex   -6.021596e+01 5.000000e+00 4.320272e+01
      vertex   -6.183673e+01 5.000000e+00 4.305736e+01
      vertex   -6.180298e+01 5.000000e+00 4.363685e+01
    endloop
  endfacet
  facet normal 0.000000e+00 1.000000e+00 -0.000000e+00
    outer loop
      vertex   -6.021596e+01 5.000000e+00 4.320272e+01
      vertex   -6.180298e+01 5.000000e+00 4.363685e+01
      vertex   -6.018614e+01 5.000000e+00 4.342919e+01
    endloop
  endfacet
  facet normal 0.000000e+00 1.000000e+00 0.000000e+00
    outer loop
      vertex   -6.018614e+01 5.000000e+00 4.342919e+01
      vertex   -6.180298e+01 5.000000e+00 4.363685e+01
      vertex   -6.163650e+01 5.000000e+00 4.419292e+01
    endloop
  endfacet
  facet normal 0.000000e+00 1.000000e+00 -0.000000e+00
    outer loop
      vertex   -6.018614e+01 5.000000e+00 4.342919e+01
      vertex   -6.163650e+01 5.000000e+00 4.419292e+01
      vertex   -6.009873e+01 5.000000e+00 4.364022e+01
    endloop
  endfacet
  facet normal 0.000000e+00 1.000000e+00 0.000000e+00
    outer loop
      vertex   -6.009873e+01 5.000000e+00 4.364022e+01
      vertex   -6.163650e+01 5.000000e+00 4.419292e+01
      vertex   -6.134626e+01 5.000000e+00 4.469562e+01
    endloop
  endfacet
  facet normal 0.000000e+00 1.000000e+00 -0.000000e+00
    outer loop
      vertex   -6.009873e+01 5.000000e+00 4.364022e+01
      vertex   -6.134626e+01 5.000000e+00 4.469562e+01
      vertex   -5.995967e+01 5.000000e+00 4.382144e+01
    endloop
  endfacet
  facet normal 0.000000e+00 1.000000e+00 0.000000e+00
    outer loop
      vertex   -5.995967e+01 5.000000e+00 4.382144e+01
      vertex   -6.134626e+01 5.000000e+00 4.469562e+01
      vertex   -6.094792e+01 5.000000e+00 4.511784e+01
    endloop
  endfacet
  facet normal 0.000000e+00 1.000000e+00 -0.000000e+00
    outer loop
      vertex   -5.995967e+01 5.000000e+00 4.382144e+01
      vertex   -6.094792e+01 5.000000e+00 4.511784e+01
      vertex   -5.977846e+01 5.000000e+00 4.396050e+01
    endloop
  endfacet
  facet normal 0.000000e+00 1.000000e+00 0.000000e+00
    outer loop
      vertex   -5.977846e+01 5.000000e+00 4.396050e+01
      vertex   -6.094792e+01 5.000000e+00 4.511784e+01
      vertex   -6.046295e+01 5.000000e+00 4.543681e+01
    endloop
  endfacet
  facet normal 0.000000e+00 1.000000e+00 -0.000000e+00
    outer loop
      vertex   -5.977846e+01 5.000000e+00 4.396050e+01
      vertex   -6.046295e+01 5.000000e+00 4.543681e+01
      vertex   -5.956742e+01 5.000000e+00 4.404791e+01
    endloop
  endfacet
  facet normal 0.000000e+00 1.000000e+00 0.000000e+00
    outer loop
      vertex   -5.956742e+01 5.000000e+00 4.404791e+01
      vertex   -6.046295e+01 5.000000e+00 4.543681e+01
      vertex   -5.991750e+01 5.000000e+00 4.563534e+01
    endloop
  endfacet
  facet normal 0.000000e+00 1.000000e+00 -0.000000e+00
    outer loop
      vertex   -5.956742e+01 5.000000e+00 4.404791e+01
      vertex   -5.991750e+01 5.000000e+00 4.563534e+01
      vertex   -5.934096e+01 5.000000e+00 4.407772e+01
    endloop
  endfacet
  facet normal 0.000000e+00 1.000000e+00 -0.000000e+00
    outer loop
      vertex   -5.934096e+01 5.000000e+00 4.407772e+01
      vertex   -5.991750e+01 5.000000e+00 4.563534e+01
      vertex   -5.934096e+01 5.000000e+00 4.570272e+01
    endloop
  endfacet
  facet normal 0.000000e+00 1.000000e+00 0.000000e+00
    outer loop
      vertex   -5.934096e+01 5.000000e+00 4.407772e+01
      vertex   -5.934096e+01 5.000000e+00 4.570272e+01
      vertex   -5.876442e+01 5.000000e+00 4.563534e+01
    endloop
  endfacet
  facet normal 0.000000e+00 1.000000e+00 0.000000e+00
    outer loop
      vertex   -6.183673e+01 5.000000e+00 4.305736e+01
      vertex   -6.018614e+01 5.000000e+00 4.297626e+01
      vertex   -6.173593e+01 5.000000e+00 4.248572e+01
    endloop
  endfacet
  facet normal 0.000000e+00 1.000000e+00 0.000000e+00
    outer loop
      vertex   -6.173593e+01 5.000000e+00 4.248572e+01
      vertex   -6.018614e+01 5.000000e+00 4.297626e+01
      vertex   -6.009873e+01 5.000000e+00 4.276522e+01
    endloop
  endfacet
  facet normal -0.000000e+00 1.000000e+00 0.000000e+00
    outer loop
      vertex   -6.173593e+01 5.000000e+00 4.248572e+01
      vertex   -6.009873e+01 5.000000e+00 4.276522e+01
      vertex   -6.150602e+01 5.000000e+00 4.195272e+01
    endloop
  endfacet
  facet normal -0.000000e+00 1.000000e+00 0.000000e+00
    outer loop
      vertex   -6.150602e+01 5.000000e+00 4.195272e+01
      vertex   -6.009873e+01 5.000000e+00 4.276522e+01
      vertex   -6.115939e+01 5.000000e+00 4.148712e+01
    endloop
  endfacet
  facet normal 0.000000e+00 1.000000e+00 0.000000e+00
    outer loop
      vertex   -6.115939e+01 5.000000e+00 4.148712e+01
      vertex   -6.009873e+01 5.000000e+00 4.276522e+01
      vertex   -5.995967e+01 5.000000e+00 4.258401e+01
    endloop
  endfacet
  facet normal -0.000000e+00 1.000000e+00 0.000000e+00
    outer loop
      vertex   -6.115939e+01 5.000000e+00 4.148712e+01
      vertex   -5.995967e+01 5.000000e+00 4.258401e+01
      vertex   -6.071473e+01 5.000000e+00 4.111401e+01
    endloop
  endfacet
  facet normal 0.000000e+00 1.000000e+00 0.000000e+00
    outer loop
      vertex   -6.071473e+01 5.000000e+00 4.111401e+01
      vertex   -5.995967e+01 5.000000e+00 4.258401e+01
      vertex   -5.977846e+01 5.000000e+00 4.244495e+01
    endloop
  endfacet
  facet normal -0.000000e+00 1.000000e+00 0.000000e+00
    outer loop
      vertex   -6.071473e+01 5.000000e+00 4.111401e+01
      vertex   -5.977846e+01 5.000000e+00 4.244495e+01
      vertex   -6.019601e+01 5.000000e+00 4.085349e+01
    endloop
  endfacet
  facet normal 0.000000e+00 1.000000e+00 0.000000e+00
    outer loop
      vertex   -6.019601e+01 5.000000e+00 4.085349e+01
      vertex   -5.977846e+01 5.000000e+00 4.244495e+01
      vertex   -5.956742e+01 5.000000e+00 4.235754e+01
    endloop
  endfacet
  facet normal -0.000000e+00 1.000000e+00 0.000000e+00
    outer loop
      vertex   -6.019601e+01 5.000000e+00 4.085349e+01
      vertex   -5.956742e+01 5.000000e+00 4.235754e+01
      vertex   -5.963119e+01 5.000000e+00 4.071963e+01
    endloop
  endfacet
  facet normal 0.000000e+00 1.000000e+00 0.000000e+00
    outer loop
      vertex   -5.963119e+01 5.000000e+00 4.071963e+01
      vertex   -5.956742e+01 5.000000e+00 4.235754e+01
      vertex   -5.934096e+01 5.000000e+00 4.232772e+01
    endloop
  endfacet
  facet normal 0.000000e+00 1.000000e+00 0.000000e+00
    outer loop
      vertex   -5.963119e+01 5.000000e+00 4.071963e+01
      vertex   -5.934096e+01 5.000000e+00 4.232772e+01
      vertex   -5.905072e+01 5.000000e+00 4.071963e+01
    endloop
  endfacet
  facet normal 0.000000e+00 1.000000e+00 0.000000e+00
    outer loop
      vertex   -5.905072e+01 5.000000e+00 4.071963e+01
      vertex   -5.934096e+01 5.000000e+00 4.232772e+01
      vertex   -5.911449e+01 5.000000e+00 4.235754e+01
    endloop
  endfacet
  facet normal 0.000000e+00 1.000000e+00 -0.000000e+00
    outer loop
      vertex   -5.905072e+01 5.000000e+00 4.071963e+01
      vertex   -5.911449e+01 5.000000e+00 4.235754e+01
      vertex   -5.848591e+01 5.000000e+00 4.085349e+01
    endloop
  endfacet
  facet normal 0.000000e+00 1.000000e+00 0.000000e+00
    outer loop
      vertex   -5.848591e+01 5.000000e+00 4.085349e+01
      vertex   -5.911449e+01 5.000000e+00 4.235754e+01
      vertex   -5.890346e+01 5.000000e+00 4.244495e+01
    endloop
  endfacet
  facet normal 0.000000e+00 1.000000e+00 -0.000000e+00
    outer loop
      vertex   -5.848591e+01 5.000000e+00 4.085349e+01
      vertex   -5.890346e+01 5.000000e+00 4.244495e+01
      vertex   -5.796718e+01 5.000000e+00 4.111401e+01
    endloop
  endfacet
  facet normal 0.000000e+00 1.000000e+00 0.000000e+00
    outer loop
      vertex   -5.796718e+01 5.000000e+00 4.111401e+01
      vertex   -5.890346e+01 5.000000e+00 4.244495e+01
      vertex   -5.872224e+01 5.000000e+00 4.258401e+01
    endloop
  endfacet
  facet normal 0.000000e+00 1.000000e+00 -0.000000e+00
    outer loop
      vertex   -5.796718e+01 5.000000e+00 4.111401e+01
      vertex   -5.872224e+01 5.000000e+00 4.258401e+01
      vertex   -5.752252e+01 5.000000e+00 4.148712e+01
    endloop
  endfacet
  facet normal 0.000000e+00 1.000000e+00 0.000000e+00
    outer loop
      vertex   -5.752252e+01 5.000000e+00 4.148712e+01
      vertex   -5.872224e+01 5.000000e+00 4.258401e+01
      vertex   -5.858318e+01 5.000000e+00 4.276522e+01
    endloop
  endfacet
  facet normal 0.000000e+00 1.000000e+00 -0.000000e+00
    outer loop
      vertex   -5.752252e+01 5.000000e+00 4.148712e+01
      vertex   -5.858318e+01 5.000000e+00 4.276522e+01
      vertex   -5.717589e+01 5.000000e+00 4.195272e+01
    endloop
  endfacet
  facet normal 0.000000e+00 1.000000e+00 -0.000000e+00
    outer loop
      vertex   -5.717589e+01 5.000000e+00 4.195272e+01
      vertex   -5.858318e+01 5.000000e+00 4.276522e+01
      vertex   -5.694598e+01 5.000000e+00 4.248572e+01
    endloop
  endfacet
  facet normal 0.000000e+00 1.000000e+00 0.000000e+00
    outer loop
      vertex   -5.694598e+01 5.000000e+00 4.248572e+01
      vertex   -5.858318e+01 5.000000e+00 4.276522e+01
      vertex   -5.849577e+01 5.000000e+00 4.297626e+01
    endloop
  endfacet
  facet normal 0.000000e+00 1.000000e+00 -0.000000e+00
    outer loop
      vertex   -5.694598e+01 5.000000e+00 4.248572e+01
      vertex   -5.849577e+01 5.000000e+00 4.297626e+01
      vertex   -5.684519e+01 5.000000e+00 4.305736e+01
    endloop
  endfacet
  facet normal 0.000000e+00 1.000000e+00 0.000000e+00
    outer loop
      vertex   -5.684519e+01 5.000000e+00 4.305736e+01
      vertex   -5.849577e+01 5.000000e+00 4.297626e+01
      vertex   -5.846596e+01 5.000000e+00 4.320272e+01
    endloop
  endfacet
  facet normal 0.000000e+00 1.000000e+00 0.000000e+00
    outer loop
      vertex   -5.684519e+01 5.000000e+00 4.305736e+01
      vertex   -5.846596e+01 5.000000e+00 4.320272e+01
      vertex   -5.687894e+01 5.000000e+00 4.363685e+01
    endloop
  endfacet
  facet normal 0.000000e+00 1.000000e+00 0.000000e+00
    outer loop
      vertex   -5.687894e+01 5.000000e+00 4.363685e+01
      vertex   -5.846596e+01 5.000000e+00 4.320272e+01
      vertex   -5.849577e+01 5.000000e+00 4.342919e+01
    endloop
  endfacet
  facet normal 0.000000e+00 1.000000e+00 0.000000e+00
    outer loop
      vertex   -5.687894e+01 5.000000e+00 4.363685e+01
      vertex   -5.849577e+01 5.000000e+00 4.342919e+01
      vertex   -5.704542e+01 5.000000e+00 4.419292e+01
    endloop
  endfacet
  facet normal 0.000000e+00 1.000000e+00 0.000000e+00
    outer loop
      vertex   -5.704542e+01 5.000000e+00 4.419292e+01
      vertex   -5.849577e+01 5.000000e+00 4.342919e+01
      vertex   -5.858318e+01 5.000000e+00 4.364022e+01
    endloop
  endfacet
  facet normal 0.000000e+00 1.000000e+00 0.000000e+00
    outer loop
      vertex   -5.704542e+01 5.000000e+00 4.419292e+01
      vertex   -5.858318e+01 5.000000e+00 4.364022e+01
      vertex   -5.733565e+01 5.000000e+00 4.469562e+01
    endloop
  endfacet
  facet normal 0.000000e+00 1.000000e+00 0.000000e+00
    outer loop
      vertex   -5.733565e+01 5.000000e+00 4.469562e+01
      vertex   -5.858318e+01 5.000000e+00 4.364022e+01
      vertex   -5.872224e+01 5.000000e+00 4.382144e+01
    endloop
  endfacet
  facet normal 0.000000e+00 1.000000e+00 0.000000e+00
    outer loop
      vertex   -5.733565e+01 5.000000e+00 4.469562e+01
      vertex   -5.872224e+01 5.000000e+00 4.382144e+01
      vertex   -5.773399e+01 5.000000e+00 4.511784e+01
    endloop
  endfacet
  facet normal 0.000000e+00 1.000000e+00 0.000000e+00
    outer loop
      vertex   -5.773399e+01 5.000000e+00 4.511784e+01
      vertex   -5.872224e+01 5.000000e+00 4.382144e+01
      vertex   -5.890346e+01 5.000000e+00 4.396050e+01
    endloop
  endfacet
  facet normal 0.000000e+00 1.000000e+00 0.000000e+00
    outer loop
      vertex   -5.773399e+01 5.000000e+00 4.511784e+01
      vertex   -5.890346e+01 5.000000e+00 4.396050e+01
      vertex   -5.821896e+01 5.000000e+00 4.543681e+01
    endloop
  endfacet
  facet normal 0.000000e+00 1.000000e+00 0.000000e+00
    outer loop
      vertex   -5.821896e+01 5.000000e+00 4.543681e+01
      vertex   -5.890346e+01 5.000000e+00 4.396050e+01
      vertex   -5.911449e+01 5.000000e+00 4.404791e+01
    endloop
  endfacet
  facet normal 0.000000e+00 1.000000e+00 0.000000e+00
    outer loop
      vertex   -5.821896e+01 5.000000e+00 4.543681e+01
      vertex   -5.911449e+01 5.000000e+00 4.404791e+01
      vertex   -5.876442e+01 5.000000e+00 4.563534e+01
    endloop
  endfacet
  facet normal 0.000000e+00 1.000000e+00 0.000000e+00
    outer loop
      vertex   -5.876442e+01 5.000000e+00 4.563534e+01
      vertex   -5.911449e+01 5.000000e+00 4.404791e+01
      vertex   -5.934096e+01 5.000000e+00 4.407772e+01
    endloop
  endfacet
  facet normal 0.000000e+00 9.999999e-01 -3.712928e-04
    outer loop
      vertex   -5.934096e+01 5.000000e+00 4.570272e+01
      vertex   -5.983645e+01 4.999981e+00 4.565243e+01
      vertex   -6.184096e+01 5.000000e+00 4.570272e+01
    endloop
  endfacet
  facet normal -6.133602e-04 9.996918e-01 -2.481907e-02
    outer loop
      vertex   -6.184096e+01 5.000000e+00 4.570272e+01
      vertex   -5.983645e+01 4.999981e+00 4.565243e+01
      vertex   -6.032576e+01 4.995911e+00 4.550058e+01
    endloop
  endfacet
  facet normal -4.907509e-03 9.983633e-01 -5.697903e-02
    outer loop
      vertex   -6.184096e+01 5.000000e+00 4.570272e+01
      vertex   -6.032576e+01 4.995911e+00 4.550058e+01
      vertex   -6.077203e+01 4.979518e+00 4.525178e+01
    endloop
  endfacet
  facet normal -8.470757e-03 9.978231e-01 -6.540078e-02
    outer loop
      vertex   -6.184096e+01 5.000000e+00 4.570272e+01
      vertex   -6.077203e+01 4.979518e+00 4.525178e+01
      vertex   -6.184096e+01 4.957224e+00 4.505009e+01
    endloop
  endfacet
  facet normal 2.984218e-03 9.920918e-01 -1.254785e-01
    outer loop
      vertex   -6.184096e+01 4.957224e+00 4.505009e+01
      vertex   -6.077203e+01 4.979518e+00 4.525178e+01
      vertex   -6.114725e+01 4.940082e+00 4.493105e+01
    endloop
  endfacet
  facet normal -7.981535e-03 9.821462e-01 -1.879497e-01
    outer loop
      vertex   -6.184096e+01 4.957224e+00 4.505009e+01
      vertex   -6.114725e+01 4.940082e+00 4.493105e+01
      vertex   -6.145006e+01 4.863423e+00 4.454333e+01
    endloop
  endfacet
  facet normal -1.756266e-02 9.806340e-01 -1.950602e-01
    outer loop
      vertex   -6.184096e+01 4.957224e+00 4.505009e+01
      vertex   -6.145006e+01 4.863423e+00 4.454333e+01
      vertex   -6.184096e+01 4.829629e+00 4.440863e+01
    endloop
  endfacet
  facet normal 1.433498e-02 9.592312e-01 -2.822587e-01
    outer loop
      vertex   -6.184096e+01 4.829629e+00 4.440863e+01
      vertex   -6.145006e+01 4.863423e+00 4.454333e+01
      vertex   -6.167309e+01 4.737289e+00 4.410334e+01
    endloop
  endfacet
  facet normal -6.355776e-02 9.450156e-01 -3.207896e-01
    outer loop
      vertex   -6.184096e+01 4.829629e+00 4.440863e+01
      vertex   -6.167309e+01 4.737289e+00 4.410334e+01
      vertex   -6.184096e+01 4.619398e+00 4.378931e+01
    endloop
  endfacet
  facet normal 7.104548e-02 9.207494e-01 -3.836315e-01
    outer loop
      vertex   -6.184096e+01 4.619398e+00 4.378931e+01
      vertex   -6.167309e+01 4.737289e+00 4.410334e+01
      vertex   -6.180093e+01 4.555870e+00 4.364425e+01
    endloop
  endfacet
  facet normal -1.766322e-01 8.827712e-01 -4.353346e-01
    outer loop
      vertex   -6.184096e+01 4.619398e+00 4.378931e+01
      vertex   -6.180093e+01 4.555870e+00 4.364425e+01
      vertex   -6.184096e+01 4.330127e+00 4.320272e+01
    endloop
  endfacet
  facet normal -5.900909e-01 6.670530e-01 -4.547890e-01
    outer loop
      vertex   -6.184096e+01 4.330127e+00 4.320272e+01
      vertex   -6.182240e+01 4.141506e+00 4.290199e+01
      vertex   -6.184096e+01 3.909157e+00 4.258528e+01
    endloop
  endfacet
  facet normal -9.591093e-03 8.065277e-01 -5.911185e-01
    outer loop
      vertex   -6.184096e+01 3.909157e+00 4.258528e+01
      vertex   -6.182240e+01 4.141506e+00 4.290199e+01
      vertex   -6.176910e+01 3.927941e+00 4.260974e+01
    endloop
  endfacet
  facet normal 1.846036e-02 7.660918e-01 -6.424660e-01
    outer loop
      vertex   -6.184096e+01 3.909157e+00 4.258528e+01
      vertex   -6.176910e+01 3.927941e+00 4.260974e+01
      vertex   -6.168460e+01 3.693494e+00 4.233261e+01
    endloop
  endfacet
  facet normal -8.770807e-02 7.302269e-01 -6.775515e-01
    outer loop
      vertex   -6.184096e+01 3.909157e+00 4.258528e+01
      vertex   -6.168460e+01 3.693494e+00 4.233261e+01
      vertex   -6.184096e+01 3.400864e+00 4.203747e+01
    endloop
  endfacet
  facet normal -7.464260e-03 7.120750e-01 -7.020638e-01
    outer loop
      vertex   -6.184096e+01 3.400864e+00 4.203747e+01
      vertex   -6.168460e+01 3.693494e+00 4.233261e+01
      vertex   -6.157288e+01 3.442483e+00 4.207683e+01
    endloop
  endfacet
  facet normal 1.300043e-02 6.416044e-01 -7.669256e-01
    outer loop
      vertex   -6.184096e+01 3.400864e+00 4.203747e+01
      vertex   -6.157288e+01 3.442483e+00 4.207683e+01
      vertex   -6.129371e+01 2.916897e+00 4.164186e+01
    endloop
  endfacet
  facet normal -1.379369e-02 6.234305e-01 -7.817571e-01
    outer loop
      vertex   -6.184096e+01 3.400864e+00 4.203747e+01
      vertex   -6.129371e+01 2.916897e+00 4.164186e+01
      vertex   -6.184096e+01 2.816600e+00 4.157153e+01
    endloop
  endfacet
  facet normal 1.056614e-02 5.348004e-01 -8.449124e-01
    outer loop
      vertex   -6.184096e+01 2.816600e+00 4.157153e+01
      vertex   -6.129371e+01 2.916897e+00 4.164186e+01
      vertex   -6.096854e+01 2.379405e+00 4.130571e+01
    endloop
  endfacet
  facet normal -1.330526e-02 4.999557e-01 -8.659487e-01
    outer loop
      vertex   -6.184096e+01 2.816600e+00 4.157153e+01
      vertex   -6.096854e+01 2.379405e+00 4.130571e+01
      vertex   -6.184096e+01 2.169419e+00 4.119788e+01
    endloop
  endfacet
  facet normal 9.816353e-03 4.242097e-01 -9.055108e-01
    outer loop
      vertex   -6.184096e+01 2.169419e+00 4.119788e+01
      vertex   -6.096854e+01 2.379405e+00 4.130571e+01
      vertex   -6.059141e+01 1.799982e+00 4.103835e+01
    endloop
  endfacet
  facet normal -1.082601e-02 3.653196e-01 -9.308192e-01
    outer loop
      vertex   -6.184096e+01 2.169419e+00 4.119788e+01
      vertex   -6.059141e+01 1.799982e+00 4.103835e+01
      vertex   -6.184096e+01 1.473776e+00 4.092486e+01
    endloop
  endfacet
  facet normal 6.932890e-03 3.047991e-01 -9.523914e-01
    outer loop
      vertex   -6.184096e+01 1.473776e+00 4.092486e+01
      vertex   -6.059141e+01 1.799982e+00 4.103835e+01
      vertex   -6.018038e+01 1.195940e+00 4.084803e+01
    endloop
  endfacet
  facet normal -7.875778e-03 2.225140e-01 -9.748977e-01
    outer loop
      vertex   -6.184096e+01 1.473776e+00 4.092486e+01
      vertex   -6.018038e+01 1.195940e+00 4.084803e+01
      vertex   -6.184096e+01 7.452113e-01 4.075857e+01
    endloop
  endfacet
  facet normal 3.913478e-03 1.807902e-01 -9.835139e-01
    outer loop
      vertex   -6.184096e+01 7.452113e-01 4.075857e+01
      vertex   -6.018038e+01 1.195940e+00 4.084803e+01
      vertex   -5.975629e+01 5.882866e-01 4.073802e+01
    endloop
  endfacet
  facet normal -4.205179e-03 7.472943e-02 -9.971950e-01
    outer loop
      vertex   -6.184096e+01 7.452113e-01 4.075857e+01
      vertex   -5.975629e+01 5.882866e-01 4.073802e+01
      vertex   -6.184096e+01 0.000000e+00 4.070272e+01
    endloop
  endfacet
  facet normal 0.000000e+00 5.988843e-02 -9.982051e-01
    outer loop
      vertex   -6.184096e+01 0.000000e+00 4.070272e+01
      vertex   -5.975629e+01 5.882866e-01 4.073802e+01
      vertex   -5.934096e+01 0.000000e+00 4.070272e+01
    endloop
  endfacet
  facet normal -9.822964e-04 9.999642e-01 8.404083e-03
    outer loop
      vertex   -5.934096e+01 5.000000e+00 7.207863e+01
      vertex   -5.876442e+01 5.000000e+00 7.214601e+01
      vertex   -5.904011e+01 5.000139e+00 7.209731e+01
    endloop
  endfacet
  facet normal 2.332331e-02 -9.905940e-01 -1.348316e-01
    outer loop
      vertex   -5.904011e+01 5.000139e+00 7.209731e+01
      vertex   -5.876442e+01 5.000000e+00 7.214601e+01
      vertex   -5.873586e+01 4.999644e+00 7.215357e+01
    endloop
  endfacet
  facet normal 4.531555e-02 9.911838e-01 -1.245035e-01
    outer loop
      vertex   -5.873586e+01 4.999644e+00 7.215357e+01
      vertex   -5.876442e+01 5.000000e+00 7.214601e+01
      vertex   -5.821896e+01 5.000000e+00 7.234454e+01
    endloop
  endfacet
  facet normal 6.001493e-02 9.845868e-01 -1.642776e-01
    outer loop
      vertex   -5.873586e+01 4.999644e+00 7.215357e+01
      vertex   -5.821896e+01 5.000000e+00 7.234454e+01
      vertex   -5.843714e+01 4.997150e+00 7.224776e+01
    endloop
  endfacet
  facet normal 3.661284e-01 -4.546437e-01 -8.119416e-01
    outer loop
      vertex   -5.843714e+01 4.997150e+00 7.224776e+01
      vertex   -5.821896e+01 5.000000e+00 7.234454e+01
      vertex   -5.815261e+01 4.990883e+00 7.237957e+01
    endloop
  endfacet
  facet normal 4.313177e-01 6.196037e-01 -6.557867e-01
    outer loop
      vertex   -5.815261e+01 4.990883e+00 7.237957e+01
      vertex   -5.821896e+01 5.000000e+00 7.234454e+01
      vertex   -5.773399e+01 5.000000e+00 7.266352e+01
    endloop
  endfacet
  facet normal 4.655124e-01 5.369549e-01 -7.035465e-01
    outer loop
      vertex   -5.815261e+01 4.990883e+00 7.237957e+01
      vertex   -5.773399e+01 5.000000e+00 7.266352e+01
      vertex   -5.788911e+01 4.978171e+00 7.254421e+01
    endloop
  endfacet
  facet normal 6.158529e-01 -1.265776e-01 -7.776267e-01
    outer loop
      vertex   -5.788911e+01 4.978171e+00 7.254421e+01
      vertex   -5.773399e+01 5.000000e+00 7.266352e+01
      vertex   -5.765266e+01 4.956713e+00 7.273497e+01
    endloop
  endfacet
  facet normal 7.082729e-01 2.276625e-01 -6.682210e-01
    outer loop
      vertex   -5.765266e+01 4.956713e+00 7.273497e+01
      vertex   -5.773399e+01 5.000000e+00 7.266352e+01
      vertex   -5.733565e+01 5.000000e+00 7.308573e+01
    endloop
  endfacet
  facet normal 7.211550e-01 1.669104e-01 -6.723662e-01
    outer loop
      vertex   -5.765266e+01 4.956713e+00 7.273497e+01
      vertex   -5.733565e+01 5.000000e+00 7.308573e+01
      vertex   -5.744623e+01 4.923704e+00 7.294818e+01
    endloop
  endfacet
  facet normal 7.913825e-01 -4.839340e-02 -6.094029e-01
    outer loop
      vertex   -5.744623e+01 4.923704e+00 7.294818e+01
      vertex   -5.733565e+01 5.000000e+00 7.308573e+01
      vertex   -5.726432e+01 4.875013e+00 7.318828e+01
    endloop
  endfacet
  facet normal 8.629886e-01 8.367137e-02 -4.982467e-01
    outer loop
      vertex   -5.726432e+01 4.875013e+00 7.318828e+01
      vertex   -5.733565e+01 5.000000e+00 7.308573e+01
      vertex   -5.704542e+01 5.000000e+00 7.358843e+01
    endloop
  endfacet
  facet normal 8.674528e-01 6.136273e-02 -4.937208e-01
    outer loop
      vertex   -5.726432e+01 4.875013e+00 7.318828e+01
      vertex   -5.704542e+01 5.000000e+00 7.358843e+01
      vertex   -5.711108e+01 4.808328e+00 7.344923e+01
    endloop
  endfacet
  facet normal 9.145657e-01 -1.997862e-02 -4.039436e-01
    outer loop
      vertex   -5.711108e+01 4.808328e+00 7.344923e+01
      vertex   -5.704542e+01 5.000000e+00 7.358843e+01
      vertex   -5.699167e+01 4.721505e+00 7.372388e+01
    endloop
  endfacet
  facet normal 9.570048e-01 4.532833e-02 -2.865084e-01
    outer loop
      vertex   -5.699167e+01 4.721505e+00 7.372388e+01
      vertex   -5.704542e+01 5.000000e+00 7.358843e+01
      vertex   -5.687894e+01 5.000000e+00 7.414451e+01
    endloop
  endfacet
  facet normal 9.610713e-01 2.636094e-02 -2.750401e-01
    outer loop
      vertex   -5.699167e+01 4.721505e+00 7.372388e+01
      vertex   -5.687894e+01 5.000000e+00 7.414451e+01
      vertex   -5.690844e+01 4.613627e+00 7.400439e+01
    endloop
  endfacet
  facet normal 9.837800e-01 -1.016892e-02 -1.790907e-01
    outer loop
      vertex   -5.690844e+01 4.613627e+00 7.400439e+01
      vertex   -5.687894e+01 5.000000e+00 7.414451e+01
      vertex   -5.685914e+01 4.487584e+00 7.428233e+01
    endloop
  endfacet
  facet normal 9.980460e-01 2.291746e-02 -5.812956e-02
    outer loop
      vertex   -5.685914e+01 4.487584e+00 7.428233e+01
      vertex   -5.687894e+01 5.000000e+00 7.414451e+01
      vertex   -5.684519e+01 5.000000e+00 7.472399e+01
    endloop
  endfacet
  facet normal 9.997478e-01 -9.824355e-03 -2.019585e-02
    outer loop
      vertex   -5.685914e+01 4.487584e+00 7.428233e+01
      vertex   -5.684519e+01 5.000000e+00 7.472399e+01
      vertex   -5.685150e+01 4.190993e+00 7.480496e+01
    endloop
  endfacet
  facet normal 9.847615e-01 9.694158e-03 1.736400e-01
    outer loop
      vertex   -5.685150e+01 4.190993e+00 7.480496e+01
      vertex   -5.684519e+01 5.000000e+00 7.472399e+01
      vertex   -5.694598e+01 5.000000e+00 7.529563e+01
    endloop
  endfacet
  facet normal 9.818345e-01 -4.117243e-04 1.897388e-01
    outer loop
      vertex   -5.685150e+01 4.190993e+00 7.480496e+01
      vertex   -5.694598e+01 5.000000e+00 7.529563e+01
      vertex   -5.694679e+01 3.825903e+00 7.529725e+01
    endloop
  endfacet
  facet normal 9.261552e-01 -1.150466e-04 3.771425e-01
    outer loop
      vertex   -5.694679e+01 3.825903e+00 7.529725e+01
      vertex   -5.694598e+01 5.000000e+00 7.529563e+01
      vertex   -5.712644e+01 3.406474e+00 7.573830e+01
    endloop
  endfacet
  facet normal 9.181993e-01 6.044468e-03 3.960725e-01
    outer loop
      vertex   -5.712644e+01 3.406474e+00 7.573830e+01
      vertex   -5.694598e+01 5.000000e+00 7.529563e+01
      vertex   -5.717589e+01 5.000000e+00 7.582863e+01
    endloop
  endfacet
  facet normal 8.441342e-01 -4.192187e-03 5.361156e-01
    outer loop
      vertex   -5.712644e+01 3.406474e+00 7.573830e+01
      vertex   -5.717589e+01 5.000000e+00 7.582863e+01
      vertex   -5.736319e+01 2.960704e+00 7.610759e+01
    endloop
  endfacet
  facet normal 8.020974e-01 8.016177e-03 5.971394e-01
    outer loop
      vertex   -5.736319e+01 2.960704e+00 7.610759e+01
      vertex   -5.717589e+01 5.000000e+00 7.582863e+01
      vertex   -5.752252e+01 5.000000e+00 7.629423e+01
    endloop
  endfacet
  facet normal 7.421675e-01 -3.353598e-03 6.702060e-01
    outer loop
      vertex   -5.736319e+01 2.960704e+00 7.610759e+01
      vertex   -5.752252e+01 5.000000e+00 7.629423e+01
      vertex   -5.763148e+01 2.510329e+00 7.640244e+01
    endloop
  endfacet
  facet normal 6.427790e-01 5.161070e-03 7.660342e-01
    outer loop
      vertex   -5.763148e+01 2.510329e+00 7.640244e+01
      vertex   -5.752252e+01 5.000000e+00 7.629423e+01
      vertex   -5.796718e+01 5.000000e+00 7.666735e+01
    endloop
  endfacet
  facet normal 6.230158e-01 7.752224e-04 7.822088e-01
    outer loop
      vertex   -5.763148e+01 2.510329e+00 7.640244e+01
      vertex   -5.796718e+01 5.000000e+00 7.666735e+01
      vertex   -5.793880e+01 2.029223e+00 7.664768e+01
    endloop
  endfacet
  facet normal 4.973476e-01 -9.901914e-04 8.675508e-01
    outer loop
      vertex   -5.793880e+01 2.029223e+00 7.664768e+01
      vertex   -5.796718e+01 5.000000e+00 7.666735e+01
      vertex   -5.827593e+01 1.524898e+00 7.684038e+01
    endloop
  endfacet
  facet normal 4.487944e-01 4.621755e-03 8.936231e-01
    outer loop
      vertex   -5.827593e+01 1.524898e+00 7.684038e+01
      vertex   -5.796718e+01 5.000000e+00 7.666735e+01
      vertex   -5.848591e+01 5.000000e+00 7.692786e+01
    endloop
  endfacet
  facet normal 3.576790e-01 -1.896100e-03 9.338427e-01
    outer loop
      vertex   -5.827593e+01 1.524898e+00 7.684038e+01
      vertex   -5.848591e+01 5.000000e+00 7.692786e+01
      vertex   -5.863078e+01 1.009544e+00 7.697524e+01
    endloop
  endfacet
  facet normal 2.306147e-01 3.182386e-03 9.730399e-01
    outer loop
      vertex   -5.863078e+01 1.009544e+00 7.697524e+01
      vertex   -5.848591e+01 5.000000e+00 7.692786e+01
      vertex   -5.905072e+01 5.000000e+00 7.706172e+01
    endloop
  endfacet
  facet normal 2.110921e-01 1.031965e-03 9.774656e-01
    outer loop
      vertex   -5.863078e+01 1.009544e+00 7.697524e+01
      vertex   -5.905072e+01 5.000000e+00 7.706172e+01
      vertex   -5.899021e+01 4.965518e-01 7.705341e+01
    endloop
  endfacet
  facet normal 7.292645e-02 -8.613044e-04 9.973369e-01
    outer loop
      vertex   -5.899021e+01 4.965518e-01 7.705341e+01
      vertex   -5.905072e+01 5.000000e+00 7.706172e+01
      vertex   -5.934096e+01 0.000000e+00 7.707863e+01
    endloop
  endfacet
  facet normal 0.000000e+00 3.380802e-03 9.999943e-01
    outer loop
      vertex   -5.934096e+01 0.000000e+00 7.707863e+01
      vertex   -5.905072e+01 5.000000e+00 7.706172e+01
      vertex   -5.963119e+01 5.000000e+00 7.706172e+01
    endloop
  endfacet
  facet normal -8.704393e-02 -1.684608e-03 9.962030e-01
    outer loop
      vertex   -5.934096e+01 0.000000e+00 7.707863e+01
      vertex   -5.963119e+01 5.000000e+00 7.706172e+01
      vertex   -5.975629e+01 5.882866e-01 7.704333e+01
    endloop
  endfacet
  facet normal -2.306152e-01 2.483012e-03 9.730419e-01
    outer loop
      vertex   -5.975629e+01 5.882866e-01 7.704333e+01
      vertex   -5.963119e+01 5.000000e+00 7.706172e+01
      vertex   -6.019601e+01 5.000000e+00 7.692786e+01
    endloop
  endfacet
  facet normal -2.506082e-01 3.606277e-04 9.680885e-01
    outer loop
      vertex   -5.975629e+01 5.882866e-01 7.704333e+01
      vertex   -6.019601e+01 5.000000e+00 7.692786e+01
      vertex   -6.018038e+01 1.195940e+00 7.693332e+01
    endloop
  endfacet
  facet normal -4.206928e-01 -4.253815e-04 9.072030e-01
    outer loop
      vertex   -6.018038e+01 1.195940e+00 7.693332e+01
      vertex   -6.019601e+01 5.000000e+00 7.692786e+01
      vertex   -6.059141e+01 1.799982e+00 7.674300e+01
    endloop
  endfacet
  facet normal -4.487959e-01 3.831480e-03 8.936261e-01
    outer loop
      vertex   -6.059141e+01 1.799982e+00 7.674300e+01
      vertex   -6.019601e+01 5.000000e+00 7.692786e+01
      vertex   -6.071473e+01 5.000000e+00 7.666735e+01
    endloop
  endfacet
  facet normal -5.815886e-01 -3.180530e-03 8.134768e-01
    outer loop
      vertex   -6.059141e+01 1.799982e+00 7.674300e+01
      vertex   -6.071473e+01 5.000000e+00 7.666735e+01
      vertex   -6.096854e+01 2.379405e+00 7.647564e+01
    endloop
  endfacet
  facet normal -6.427752e-01 6.216483e-03 7.660296e-01
    outer loop
      vertex   -6.096854e+01 2.379405e+00 7.647564e+01
      vertex   -6.071473e+01 5.000000e+00 7.666735e+01
      vertex   -6.115939e+01 5.000000e+00 7.629423e+01
    endloop
  endfacet
  facet normal -7.225340e-01 -4.763917e-03 6.913190e-01
    outer loop
      vertex   -6.096854e+01 2.379405e+00 7.647564e+01
      vertex   -6.115939e+01 5.000000e+00 7.629423e+01
      vertex   -6.129371e+01 2.916897e+00 7.613949e+01
    endloop
  endfacet
  facet normal -8.021015e-01 7.362263e-03 5.971424e-01
    outer loop
      vertex   -6.129371e+01 2.916897e+00 7.613949e+01
      vertex   -6.115939e+01 5.000000e+00 7.629423e+01
      vertex   -6.150602e+01 5.000000e+00 7.582863e+01
    endloop
  endfacet
  facet normal -8.450143e-01 -6.328923e-03 5.347062e-01
    outer loop
      vertex   -6.129371e+01 2.916897e+00 7.613949e+01
      vertex   -6.150602e+01 5.000000e+00 7.582863e+01
      vertex   -6.157288e+01 3.442483e+00 7.570452e+01
    endloop
  endfacet
  facet normal -9.138803e-01 6.888757e-03 4.059252e-01
    outer loop
      vertex   -6.157288e+01 3.442483e+00 7.570452e+01
      vertex   -6.150602e+01 5.000000e+00 7.582863e+01
      vertex   -6.168460e+01 3.693494e+00 7.544874e+01
    endloop
  endfacet
  facet normal -9.181670e-01 1.034353e-02 3.960586e-01
    outer loop
      vertex   -6.168460e+01 3.693494e+00 7.544874e+01
      vertex   -6.150602e+01 5.000000e+00 7.582863e+01
      vertex   -6.173593e+01 5.000000e+00 7.529563e+01
    endloop
  endfacet
  facet normal -9.574062e-01 -3.777114e-03 2.887196e-01
    outer loop
      vertex   -6.168460e+01 3.693494e+00 7.544874e+01
      vertex   -6.173593e+01 5.000000e+00 7.529563e+01
      vertex   -6.176910e+01 3.927941e+00 7.517161e+01
    endloop
  endfacet
  facet normal -9.825637e-01 8.917750e-03 1.857124e-01
    outer loop
      vertex   -6.176910e+01 3.927941e+00 7.517161e+01
      vertex   -6.173593e+01 5.000000e+00 7.529563e+01
      vertex   -6.182240e+01 4.141506e+00 7.487936e+01
    endloop
  endfacet
  facet normal -9.846971e-01 1.499195e-02 1.736287e-01
    outer loop
      vertex   -6.182240e+01 4.141506e+00 7.487936e+01
      vertex   -6.173593e+01 5.000000e+00 7.529563e+01
      vertex   -6.183673e+01 5.000000e+00 7.472399e+01
    endloop
  endfacet
  facet normal -9.983148e-01 -6.216660e-03 5.769627e-02
    outer loop
      vertex   -6.182240e+01 4.141506e+00 7.487936e+01
      vertex   -6.183673e+01 5.000000e+00 7.472399e+01
      vertex   -6.184096e+01 4.330127e+00 7.457863e+01
    endloop
  endfacet
  facet normal -9.981295e-01 1.891737e-02 -5.813442e-02
    outer loop
      vertex   -6.184096e+01 4.330127e+00 7.457863e+01
      vertex   -6.183673e+01 5.000000e+00 7.472399e+01
      vertex   -6.180298e+01 5.000000e+00 7.414451e+01
    endloop
  endfacet
  facet normal -9.957708e-01 -3.047875e-03 -9.182170e-02
    outer loop
      vertex   -6.184096e+01 4.330127e+00 7.457863e+01
      vertex   -6.180298e+01 5.000000e+00 7.414451e+01
      vertex   -6.180093e+01 4.555870e+00 7.413710e+01
    endloop
  endfacet
  facet normal -9.633502e-01 4.171784e-05 -2.682470e-01
    outer loop
      vertex   -6.180093e+01 4.555870e+00 7.413710e+01
      vertex   -6.180298e+01 5.000000e+00 7.414451e+01
      vertex   -6.167309e+01 4.737289e+00 7.367801e+01
    endloop
  endfacet
  facet normal -9.573816e-01 3.561995e-02 -2.866212e-01
    outer loop
      vertex   -6.167309e+01 4.737289e+00 7.367801e+01
      vertex   -6.180298e+01 5.000000e+00 7.414451e+01
      vertex   -6.163650e+01 5.000000e+00 7.358843e+01
    endloop
  endfacet
  facet normal -8.876135e-01 -3.301430e-02 -4.594044e-01
    outer loop
      vertex   -6.167309e+01 4.737289e+00 7.367801e+01
      vertex   -6.163650e+01 5.000000e+00 7.358843e+01
      vertex   -6.145006e+01 4.863423e+00 7.323802e+01
    endloop
  endfacet
  facet normal -8.616755e-01 1.001024e-01 -4.974886e-01
    outer loop
      vertex   -6.145006e+01 4.863423e+00 7.323802e+01
      vertex   -6.163650e+01 5.000000e+00 7.358843e+01
      vertex   -6.134626e+01 5.000000e+00 7.308573e+01
    endloop
  endfacet
  facet normal -7.726856e-01 -1.099316e-01 -6.251976e-01
    outer loop
      vertex   -6.145006e+01 4.863423e+00 7.323802e+01
      vertex   -6.134626e+01 5.000000e+00 7.308573e+01
      vertex   -6.114725e+01 4.940082e+00 7.285030e+01
    endloop
  endfacet
  facet normal -7.003569e-01 2.700112e-01 -6.607527e-01
    outer loop
      vertex   -6.114725e+01 4.940082e+00 7.285030e+01
      vertex   -6.134626e+01 5.000000e+00 7.308573e+01
      vertex   -6.094792e+01 5.000000e+00 7.266352e+01
    endloop
  endfacet
  facet normal -5.984756e-01 -3.108602e-01 -7.383718e-01
    outer loop
      vertex   -6.114725e+01 4.940082e+00 7.285030e+01
      vertex   -6.094792e+01 5.000000e+00 7.266352e+01
      vertex   -6.077203e+01 4.979518e+00 7.252957e+01
    endloop
  endfacet
  facet normal -4.407233e-01 5.972823e-01 -6.700872e-01
    outer loop
      vertex   -6.077203e+01 4.979518e+00 7.252957e+01
      vertex   -6.094792e+01 5.000000e+00 7.266352e+01
      vertex   -6.046295e+01 5.000000e+00 7.234454e+01
    endloop
  endfacet
  facet normal -2.831797e-01 -7.791098e-01 -5.592827e-01
    outer loop
      vertex   -6.077203e+01 4.979518e+00 7.252957e+01
      vertex   -6.046295e+01 5.000000e+00 7.234454e+01
      vertex   -6.032576e+01 4.995911e+00 7.228077e+01
    endloop
  endfacet
  facet normal -1.026190e-01 9.539273e-01 -2.819434e-01
    outer loop
      vertex   -6.032576e+01 4.995911e+00 7.228077e+01
      vertex   -6.046295e+01 5.000000e+00 7.234454e+01
      vertex   -5.991750e+01 5.000000e+00 7.214601e+01
    endloop
  endfacet
  facet normal -1.830687e-02 -9.961538e-01 -8.568768e-02
    outer loop
      vertex   -6.032576e+01 4.995911e+00 7.228077e+01
      vertex   -5.991750e+01 5.000000e+00 7.214601e+01
      vertex   -5.983645e+01 4.999981e+00 7.212892e+01
    endloop
  endfacet
  facet normal -2.862226e-04 9.999970e-01 -2.448791e-03
    outer loop
      vertex   -5.983645e+01 4.999981e+00 7.212892e+01
      vertex   -5.991750e+01 5.000000e+00 7.214601e+01
      vertex   -5.934096e+01 5.000000e+00 7.207863e+01
    endloop
  endfacet
  facet normal 0.000000e+00 1.000000e+00 0.000000e+00
    outer loop
      vertex   -6.018614e+01 5.000000e+00 7.435216e+01
      vertex   -6.180298e+01 5.000000e+00 7.414451e+01
      vertex   -6.021596e+01 5.000000e+00 7.457863e+01
    endloop
  endfacet
  facet normal 0.000000e+00 1.000000e+00 0.000000e+00
    outer loop
      vertex   -6.021596e+01 5.000000e+00 7.457863e+01
      vertex   -6.180298e+01 5.000000e+00 7.414451e+01
      vertex   -6.183673e+01 5.000000e+00 7.472399e+01
    endloop
  endfacet
  facet normal 0.000000e+00 1.000000e+00 -0.000000e+00
    outer loop
      vertex   -6.021596e+01 5.000000e+00 7.457863e+01
      vertex   -6.183673e+01 5.000000e+00 7.472399e+01
      vertex   -6.018614e+01 5.000000e+00 7.480509e+01
    endloop
  endfacet
  facet normal 0.000000e+00 1.000000e+00 0.000000e+00
    outer loop
      vertex   -6.018614e+01 5.000000e+00 7.480509e+01
      vertex   -6.183673e+01 5.000000e+00 7.472399e+01
      vertex   -6.173593e+01 5.000000e+00 7.529563e+01
    endloop
  endfacet
  facet normal 0.000000e+00 1.000000e+00 -0.000000e+00
    outer loop
      vertex   -6.018614e+01 5.000000e+00 7.480509e+01
      vertex   -6.173593e+01 5.000000e+00 7.529563e+01
      vertex   -6.009873e+01 5.000000e+00 7.501613e+01
    endloop
  endfacet
  facet normal 0.000000e+00 1.000000e+00 0.000000e+00
    outer loop
      vertex   -6.009873e+01 5.000000e+00 7.501613e+01
      vertex   -6.173593e+01 5.000000e+00 7.529563e+01
      vertex   -6.150602e+01 5.000000e+00 7.582863e+01
    endloop
  endfacet
  facet normal 0.000000e+00 1.000000e+00 0.000000e+00
    outer loop
      vertex   -6.009873e+01 5.000000e+00 7.501613e+01
      vertex   -6.150602e+01 5.000000e+00 7.582863e+01
      vertex   -6.115939e+01 5.000000e+00 7.629423e+01
    endloop
  endfacet
  facet normal -0.000000e+00 1.000000e+00 0.000000e+00
    outer loop
      vertex   -6.180298e+01 5.000000e+00 7.414451e+01
      vertex   -6.018614e+01 5.000000e+00 7.435216e+01
      vertex   -6.163650e+01 5.000000e+00 7.358843e+01
    endloop
  endfacet
  facet normal 0.000000e+00 1.000000e+00 0.000000e+00
    outer loop
      vertex   -6.163650e+01 5.000000e+00 7.358843e+01
      vertex   -6.018614e+01 5.000000e+00 7.435216e+01
      vertex   -6.009873e+01 5.000000e+00 7.414113e+01
    endloop
  endfacet
  facet normal -0.000000e+00 1.000000e+00 0.000000e+00
    outer loop
      vertex   -6.163650e+01 5.000000e+00 7.358843e+01
      vertex   -6.009873e+01 5.000000e+00 7.414113e+01
      vertex   -6.134626e+01 5.000000e+00 7.308573e+01
    endloop
  endfacet
  facet normal 0.000000e+00 1.000000e+00 0.000000e+00
    outer loop
      vertex   -6.134626e+01 5.000000e+00 7.308573e+01
      vertex   -6.009873e+01 5.000000e+00 7.414113e+01
      vertex   -5.995967e+01 5.000000e+00 7.395991e+01
    endloop
  endfacet
  facet normal -0.000000e+00 1.000000e+00 0.000000e+00
    outer loop
      vertex   -6.134626e+01 5.000000e+00 7.308573e+01
      vertex   -5.995967e+01 5.000000e+00 7.395991e+01
      vertex   -6.094792e+01 5.000000e+00 7.266352e+01
    endloop
  endfacet
  facet normal 0.000000e+00 1.000000e+00 0.000000e+00
    outer loop
      vertex   -6.094792e+01 5.000000e+00 7.266352e+01
      vertex   -5.995967e+01 5.000000e+00 7.395991e+01
      vertex   -5.977846e+01 5.000000e+00 7.382085e+01
    endloop
  endfacet
  facet normal -0.000000e+00 1.000000e+00 0.000000e+00
    outer loop
      vertex   -6.094792e+01 5.000000e+00 7.266352e+01
      vertex   -5.977846e+01 5.000000e+00 7.382085e+01
      vertex   -6.046295e+01 5.000000e+00 7.234454e+01
    endloop
  endfacet
  facet normal 0.000000e+00 1.000000e+00 0.000000e+00
    outer loop
      vertex   -6.046295e+01 5.000000e+00 7.234454e+01
      vertex   -5.977846e+01 5.000000e+00 7.382085e+01
      vertex   -5.956742e+01 5.000000e+00 7.373344e+01
    endloop
  endfacet
  facet normal -0.000000e+00 1.000000e+00 0.000000e+00
    outer loop
      vertex   -6.046295e+01 5.000000e+00 7.234454e+01
      vertex   -5.956742e+01 5.000000e+00 7.373344e+01
      vertex   -5.991750e+01 5.000000e+00 7.214601e+01
    endloop
  endfacet
  facet normal 0.000000e+00 1.000000e+00 0.000000e+00
    outer loop
      vertex   -5.991750e+01 5.000000e+00 7.214601e+01
      vertex   -5.956742e+01 5.000000e+00 7.373344e+01
      vertex   -5.934096e+01 5.000000e+00 7.370363e+01
    endloop
  endfacet
  facet normal -0.000000e+00 1.000000e+00 0.000000e+00
    outer loop
      vertex   -5.991750e+01 5.000000e+00 7.214601e+01
      vertex   -5.934096e+01 5.000000e+00 7.370363e+01
      vertex   -5.934096e+01 5.000000e+00 7.207863e+01
    endloop
  endfacet
  facet normal 0.000000e+00 1.000000e+00 0.000000e+00
    outer loop
      vertex   -5.934096e+01 5.000000e+00 7.207863e+01
      vertex   -5.934096e+01 5.000000e+00 7.370363e+01
      vertex   -5.876442e+01 5.000000e+00 7.214601e+01
    endloop
  endfacet
  facet normal 0.000000e+00 1.000000e+00 0.000000e+00
    outer loop
      vertex   -5.876442e+01 5.000000e+00 7.214601e+01
      vertex   -5.934096e+01 5.000000e+00 7.370363e+01
      vertex   -5.911449e+01 5.000000e+00 7.373344e+01
    endloop
  endfacet
  facet normal 0.000000e+00 1.000000e+00 -0.000000e+00
    outer loop
      vertex   -5.876442e+01 5.000000e+00 7.214601e+01
      vertex   -5.911449e+01 5.000000e+00 7.373344e+01
      vertex   -5.821896e+01 5.000000e+00 7.234454e+01
    endloop
  endfacet
  facet normal 0.000000e+00 1.000000e+00 0.000000e+00
    outer loop
      vertex   -5.821896e+01 5.000000e+00 7.234454e+01
      vertex   -5.911449e+01 5.000000e+00 7.373344e+01
      vertex   -5.890346e+01 5.000000e+00 7.382085e+01
    endloop
  endfacet
  facet normal 0.000000e+00 1.000000e+00 -0.000000e+00
    outer loop
      vertex   -5.821896e+01 5.000000e+00 7.234454e+01
      vertex   -5.890346e+01 5.000000e+00 7.382085e+01
      vertex   -5.773399e+01 5.000000e+00 7.266352e+01
    endloop
  endfacet
  facet normal 0.000000e+00 1.000000e+00 0.000000e+00
    outer loop
      vertex   -5.773399e+01 5.000000e+00 7.266352e+01
      vertex   -5.890346e+01 5.000000e+00 7.382085e+01
      vertex   -5.872224e+01 5.000000e+00 7.395991e+01
    endloop
  endfacet
  facet normal 0.000000e+00 1.000000e+00 -0.000000e+00
    outer loop
      vertex   -5.773399e+01 5.000000e+00 7.266352e+01
      vertex   -5.872224e+01 5.000000e+00 7.395991e+01
      vertex   -5.733565e+01 5.000000e+00 7.308573e+01
    endloop
  endfacet
  facet normal 0.000000e+00 1.000000e+00 0.000000e+00
    outer loop
      vertex   -5.733565e+01 5.000000e+00 7.308573e+01
      vertex   -5.872224e+01 5.000000e+00 7.395991e+01
      vertex   -5.858318e+01 5.000000e+00 7.414113e+01
    endloop
  endfacet
  facet normal 0.000000e+00 1.000000e+00 -0.000000e+00
    outer loop
      vertex   -5.733565e+01 5.000000e+00 7.308573e+01
      vertex   -5.858318e+01 5.000000e+00 7.414113e+01
      vertex   -5.704542e+01 5.000000e+00 7.358843e+01
    endloop
  endfacet
  facet normal 0.000000e+00 1.000000e+00 0.000000e+00
    outer loop
      vertex   -5.704542e+01 5.000000e+00 7.358843e+01
      vertex   -5.858318e+01 5.000000e+00 7.414113e+01
      vertex   -5.849577e+01 5.000000e+00 7.435216e+01
    endloop
  endfacet
  facet normal 0.000000e+00 1.000000e+00 -0.000000e+00
    outer loop
      vertex   -5.704542e+01 5.000000e+00 7.358843e+01
      vertex   -5.849577e+01 5.000000e+00 7.435216e+01
      vertex   -5.687894e+01 5.000000e+00 7.414451e+01
    endloop
  endfacet
  facet normal 0.000000e+00 1.000000e+00 0.000000e+00
    outer loop
      vertex   -5.687894e+01 5.000000e+00 7.414451e+01
      vertex   -5.849577e+01 5.000000e+00 7.435216e+01
      vertex   -5.846596e+01 5.000000e+00 7.457863e+01
    endloop
  endfacet
  facet normal 0.000000e+00 1.000000e+00 -0.000000e+00
    outer loop
      vertex   -5.687894e+01 5.000000e+00 7.414451e+01
      vertex   -5.846596e+01 5.000000e+00 7.457863e+01
      vertex   -5.684519e+01 5.000000e+00 7.472399e+01
    endloop
  endfacet
  facet normal 0.000000e+00 1.000000e+00 0.000000e+00
    outer loop
      vertex   -5.684519e+01 5.000000e+00 7.472399e+01
      vertex   -5.846596e+01 5.000000e+00 7.457863e+01
      vertex   -5.849577e+01 5.000000e+00 7.480509e+01
    endloop
  endfacet
  facet normal 0.000000e+00 1.000000e+00 0.000000e+00
    outer loop
      vertex   -5.684519e+01 5.000000e+00 7.472399e+01
      vertex   -5.849577e+01 5.000000e+00 7.480509e+01
      vertex   -5.694598e+01 5.000000e+00 7.529563e+01
    endloop
  endfacet
  facet normal 0.000000e+00 1.000000e+00 0.000000e+00
    outer loop
      vertex   -5.694598e+01 5.000000e+00 7.529563e+01
      vertex   -5.849577e+01 5.000000e+00 7.480509e+01
      vertex   -5.858318e+01 5.000000e+00 7.501613e+01
    endloop
  endfacet
  facet normal 0.000000e+00 1.000000e+00 0.000000e+00
    outer loop
      vertex   -5.694598e+01 5.000000e+00 7.529563e+01
      vertex   -5.858318e+01 5.000000e+00 7.501613e+01
      vertex   -5.717589e+01 5.000000e+00 7.582863e+01
    endloop
  endfacet
  facet normal 0.000000e+00 1.000000e+00 0.000000e+00
    outer loop
      vertex   -5.717589e+01 5.000000e+00 7.582863e+01
      vertex   -5.858318e+01 5.000000e+00 7.501613e+01
      vertex   -5.752252e+01 5.000000e+00 7.629423e+01
    endloop
  endfacet
  facet normal 0.000000e+00 1.000000e+00 0.000000e+00
    outer loop
      vertex   -5.752252e+01 5.000000e+00 7.629423e+01
      vertex   -5.858318e+01 5.000000e+00 7.501613e+01
      vertex   -5.872224e+01 5.000000e+00 7.519734e+01
    endloop
  endfacet
  facet normal 0.000000e+00 1.000000e+00 0.000000e+00
    outer loop
      vertex   -5.752252e+01 5.000000e+00 7.629423e+01
      vertex   -5.872224e+01 5.000000e+00 7.519734e+01
      vertex   -5.796718e+01 5.000000e+00 7.666735e+01
    endloop
  endfacet
  facet normal 0.000000e+00 1.000000e+00 0.000000e+00
    outer loop
      vertex   -5.796718e+01 5.000000e+00 7.666735e+01
      vertex   -5.872224e+01 5.000000e+00 7.519734e+01
      vertex   -5.890346e+01 5.000000e+00 7.533640e+01
    endloop
  endfacet
  facet normal 0.000000e+00 1.000000e+00 0.000000e+00
    outer loop
      vertex   -5.796718e+01 5.000000e+00 7.666735e+01
      vertex   -5.890346e+01 5.000000e+00 7.533640e+01
      vertex   -5.848591e+01 5.000000e+00 7.692786e+01
    endloop
  endfacet
  facet normal 0.000000e+00 1.000000e+00 0.000000e+00
    outer loop
      vertex   -5.848591e+01 5.000000e+00 7.692786e+01
      vertex   -5.890346e+01 5.000000e+00 7.533640e+01
      vertex   -5.911449e+01 5.000000e+00 7.542381e+01
    endloop
  endfacet
  facet normal 0.000000e+00 1.000000e+00 0.000000e+00
    outer loop
      vertex   -5.848591e+01 5.000000e+00 7.692786e+01
      vertex   -5.911449e+01 5.000000e+00 7.542381e+01
      vertex   -5.905072e+01 5.000000e+00 7.706172e+01
    endloop
  endfacet
  facet normal 0.000000e+00 1.000000e+00 0.000000e+00
    outer loop
      vertex   -5.905072e+01 5.000000e+00 7.706172e+01
      vertex   -5.911449e+01 5.000000e+00 7.542381e+01
      vertex   -5.934096e+01 5.000000e+00 7.545363e+01
    endloop
  endfacet
  facet normal 0.000000e+00 1.000000e+00 0.000000e+00
    outer loop
      vertex   -5.905072e+01 5.000000e+00 7.706172e+01
      vertex   -5.934096e+01 5.000000e+00 7.545363e+01
      vertex   -5.963119e+01 5.000000e+00 7.706172e+01
    endloop
  endfacet
  facet normal 0.000000e+00 1.000000e+00 0.000000e+00
    outer loop
      vertex   -5.963119e+01 5.000000e+00 7.706172e+01
      vertex   -5.934096e+01 5.000000e+00 7.545363e+01
      vertex   -5.956742e+01 5.000000e+00 7.542381e+01
    endloop
  endfacet
  facet normal 0.000000e+00 1.000000e+00 0.000000e+00
    outer loop
      vertex   -5.963119e+01 5.000000e+00 7.706172e+01
      vertex   -5.956742e+01 5.000000e+00 7.542381e+01
      vertex   -6.019601e+01 5.000000e+00 7.692786e+01
    endloop
  endfacet
  facet normal 0.000000e+00 1.000000e+00 0.000000e+00
    outer loop
      vertex   -6.019601e+01 5.000000e+00 7.692786e+01
      vertex   -5.956742e+01 5.000000e+00 7.542381e+01
      vertex   -5.977846e+01 5.000000e+00 7.533640e+01
    endloop
  endfacet
  facet normal 0.000000e+00 1.000000e+00 0.000000e+00
    outer loop
      vertex   -6.019601e+01 5.000000e+00 7.692786e+01
      vertex   -5.977846e+01 5.000000e+00 7.533640e+01
      vertex   -6.071473e+01 5.000000e+00 7.666735e+01
    endloop
  endfacet
  facet normal 0.000000e+00 1.000000e+00 0.000000e+00
    outer loop
      vertex   -6.071473e+01 5.000000e+00 7.666735e+01
      vertex   -5.977846e+01 5.000000e+00 7.533640e+01
      vertex   -5.995967e+01 5.000000e+00 7.519734e+01
    endloop
  endfacet
  facet normal 0.000000e+00 1.000000e+00 0.000000e+00
    outer loop
      vertex   -6.071473e+01 5.000000e+00 7.666735e+01
      vertex   -5.995967e+01 5.000000e+00 7.519734e+01
      vertex   -6.115939e+01 5.000000e+00 7.629423e+01
    endloop
  endfacet
  facet normal 0.000000e+00 1.000000e+00 0.000000e+00
    outer loop
      vertex   -6.115939e+01 5.000000e+00 7.629423e+01
      vertex   -5.995967e+01 5.000000e+00 7.519734e+01
      vertex   -6.009873e+01 5.000000e+00 7.501613e+01
    endloop
  endfacet
  facet normal 0.000000e+00 5.988843e-02 9.982051e-01
    outer loop
      vertex   -5.934096e+01 0.000000e+00 7.707863e+01
      vertex   -5.975629e+01 5.882866e-01 7.704333e+01
      vertex   -6.184096e+01 0.000000e+00 7.707863e+01
    endloop
  endfacet
  facet normal -4.205179e-03 7.472943e-02 9.971950e-01
    outer loop
      vertex   -6.184096e+01 0.000000e+00 7.707863e+01
      vertex   -5.975629e+01 5.882866e-01 7.704333e+01
      vertex   -6.184096e+01 7.452113e-01 7.702278e+01
    endloop
  endfacet
  facet normal 3.913478e-03 1.807902e-01 9.835139e-01
    outer loop
      vertex   -6.184096e+01 7.452113e-01 7.702278e+01
      vertex   -5.975629e+01 5.882866e-01 7.704333e+01
      vertex   -6.018038e+01 1.195940e+00 7.693332e+01
    endloop
  endfacet
  facet normal -7.875778e-03 2.225140e-01 9.748977e-01
    outer loop
      vertex   -6.184096e+01 7.452113e-01 7.702278e+01
      vertex   -6.018038e+01 1.195940e+00 7.693332e+01
      vertex   -6.184096e+01 1.473776e+00 7.685649e+01
    endloop
  endfacet
  facet normal 6.932890e-03 3.047991e-01 9.523914e-01
    outer loop
      vertex   -6.184096e+01 1.473776e+00 7.685649e+01
      vertex   -6.018038e+01 1.195940e+00 7.693332e+01
      vertex   -6.059141e+01 1.799982e+00 7.674300e+01
    endloop
  endfacet
  facet normal -1.082601e-02 3.653196e-01 9.308192e-01
    outer loop
      vertex   -6.184096e+01 1.473776e+00 7.685649e+01
      vertex   -6.059141e+01 1.799982e+00 7.674300e+01
      vertex   -6.184096e+01 2.169419e+00 7.658347e+01
    endloop
  endfacet
  facet normal 9.816353e-03 4.242097e-01 9.055108e-01
    outer loop
      vertex   -6.184096e+01 2.169419e+00 7.658347e+01
      vertex   -6.059141e+01 1.799982e+00 7.674300e+01
      vertex   -6.096854e+01 2.379405e+00 7.647564e+01
    endloop
  endfacet
  facet normal -1.330526e-02 4.999557e-01 8.659487e-01
    outer loop
      vertex   -6.184096e+01 2.169419e+00 7.658347e+01
      vertex   -6.096854e+01 2.379405e+00 7.647564e+01
      vertex   -6.184096e+01 2.816600e+00 7.620982e+01
    endloop
  endfacet
  facet normal 1.056614e-02 5.348004e-01 8.449124e-01
    outer loop
      vertex   -6.184096e+01 2.816600e+00 7.620982e+01
      vertex   -6.096854e+01 2.379405e+00 7.647564e+01
      vertex   -6.129371e+01 2.916897e+00 7.613949e+01
    endloop
  endfacet
  facet normal -1.379369e-02 6.234305e-01 7.817571e-01
    outer loop
      vertex   -6.184096e+01 2.816600e+00 7.620982e+01
      vertex   -6.129371e+01 2.916897e+00 7.613949e+01
      vertex   -6.184096e+01 3.400864e+00 7.574389e+01
    endloop
  endfacet
  facet normal 1.300043e-02 6.416044e-01 7.669256e-01
    outer loop
      vertex   -6.184096e+01 3.400864e+00 7.574389e+01
      vertex   -6.129371e+01 2.916897e+00 7.613949e+01
      vertex   -6.157288e+01 3.442483e+00 7.570452e+01
    endloop
  endfacet
  facet normal -7.464260e-03 7.120750e-01 7.020638e-01
    outer loop
      vertex   -6.184096e+01 3.400864e+00 7.574389e+01
      vertex   -6.157288e+01 3.442483e+00 7.570452e+01
      vertex   -6.168460e+01 3.693494e+00 7.544874e+01
    endloop
  endfacet
  facet normal -8.770807e-02 7.302269e-01 6.775515e-01
    outer loop
      vertex   -6.184096e+01 3.400864e+00 7.574389e+01
      vertex   -6.168460e+01 3.693494e+00 7.544874e+01
      vertex   -6.184096e+01 3.909157e+00 7.519608e+01
    endloop
  endfacet
  facet normal 1.846036e-02 7.660918e-01 6.424660e-01
    outer loop
      vertex   -6.184096e+01 3.909157e+00 7.519608e+01
      vertex   -6.168460e+01 3.693494e+00 7.544874e+01
      vertex   -6.176910e+01 3.927941e+00 7.517161e+01
    endloop
  endfacet
  facet normal -9.591093e-03 8.065277e-01 5.911185e-01
    outer loop
      vertex   -6.184096e+01 3.909157e+00 7.519608e+01
      vertex   -6.176910e+01 3.927941e+00 7.517161e+01
      vertex   -6.182240e+01 4.141506e+00 7.487936e+01
    endloop
  endfacet
  facet normal -5.900909e-01 6.670530e-01 4.547890e-01
    outer loop
      vertex   -6.182240e+01 4.141506e+00 7.487936e+01
      vertex   -6.184096e+01 4.330127e+00 7.457863e+01
      vertex   -6.184096e+01 3.909157e+00 7.519608e+01
    endloop
  endfacet
  facet normal -1.766322e-01 8.827712e-01 4.353346e-01
    outer loop
      vertex   -6.184096e+01 4.330127e+00 7.457863e+01
      vertex   -6.180093e+01 4.555870e+00 7.413710e+01
      vertex   -6.184096e+01 4.619398e+00 7.399204e+01
    endloop
  endfacet
  facet normal 7.104548e-02 9.207494e-01 3.836315e-01
    outer loop
      vertex   -6.184096e+01 4.619398e+00 7.399204e+01
      vertex   -6.180093e+01 4.555870e+00 7.413710e+01
      vertex   -6.167309e+01 4.737289e+00 7.367801e+01
    endloop
  endfacet
  facet normal -6.355776e-02 9.450156e-01 3.207896e-01
    outer loop
      vertex   -6.184096e+01 4.619398e+00 7.399204e+01
      vertex   -6.167309e+01 4.737289e+00 7.367801e+01
      vertex   -6.184096e+01 4.829629e+00 7.337272e+01
    endloop
  endfacet
  facet normal 1.433498e-02 9.592312e-01 2.822587e-01
    outer loop
      vertex   -6.184096e+01 4.829629e+00 7.337272e+01
      vertex   -6.167309e+01 4.737289e+00 7.367801e+01
      vertex   -6.145006e+01 4.863423e+00 7.323802e+01
    endloop
  endfacet
  facet normal -1.756266e-02 9.806340e-01 1.950602e-01
    outer loop
      vertex   -6.184096e+01 4.829629e+00 7.337272e+01
      vertex   -6.145006e+01 4.863423e+00 7.323802e+01
      vertex   -6.184096e+01 4.957224e+00 7.273126e+01
    endloop
  endfacet
  facet normal -7.981535e-03 9.821462e-01 1.879497e-01
    outer loop
      vertex   -6.184096e+01 4.957224e+00 7.273126e+01
      vertex   -6.145006e+01 4.863423e+00 7.323802e+01
      vertex   -6.114725e+01 4.940082e+00 7.285030e+01
    endloop
  endfacet
  facet normal 2.984218e-03 9.920918e-01 1.254785e-01
    outer loop
      vertex   -6.184096e+01 4.957224e+00 7.273126e+01
      vertex   -6.114725e+01 4.940082e+00 7.285030e+01
      vertex   -6.077203e+01 4.979518e+00 7.252957e+01
    endloop
  endfacet
  facet normal -8.470757e-03 9.978231e-01 6.540078e-02
    outer loop
      vertex   -6.184096e+01 4.957224e+00 7.273126e+01
      vertex   -6.077203e+01 4.979518e+00 7.252957e+01
      vertex   -6.184096e+01 5.000000e+00 7.207863e+01
    endloop
  endfacet
  facet normal -4.907509e-03 9.983633e-01 5.697903e-02
    outer loop
      vertex   -6.184096e+01 5.000000e+00 7.207863e+01
      vertex   -6.077203e+01 4.979518e+00 7.252957e+01
      vertex   -6.032576e+01 4.995911e+00 7.228077e+01
    endloop
  endfacet
  facet normal -6.133602e-04 9.996918e-01 2.481907e-02
    outer loop
      vertex   -6.184096e+01 5.000000e+00 7.207863e+01
      vertex   -6.032576e+01 4.995911e+00 7.228077e+01
      vertex   -5.983645e+01 4.999981e+00 7.212892e+01
    endloop
  endfacet
  facet normal 0.000000e+00 9.999999e-01 3.712928e-04
    outer loop
      vertex   -5.983645e+01 4.999981e+00 7.212892e+01
      vertex   -5.934096e+01 5.000000e+00 7.207863e+01
      vertex   -6.184096e+01 5.000000e+00 7.207863e+01
    endloop
  endfacet
  facet normal 9.914449e-01 0.000000e+00 -1.305262e-01
    outer loop
      vertex   -6.018614e+01 5.000000e+00 4.342919e+01
      vertex   -6.018614e+01 0.000000e+00 4.342919e+01
      vertex   -6.021596e+01 5.000000e+00 4.320272e+01
    endloop
  endfacet
  facet normal 9.914449e-01 0.000000e+00 -1.305262e-01
    outer loop
      vertex   -6.021596e+01 5.000000e+00 4.320272e+01
      vertex   -6.018614e+01 0.000000e+00 4.342919e+01
      vertex   -6.021596e+01 0.000000e+00 4.320272e+01
    endloop
  endfacet
  facet normal 9.914449e-01 0.000000e+00 1.305262e-01
    outer loop
      vertex   -6.021596e+01 5.000000e+00 4.320272e+01
      vertex   -6.021596e+01 0.000000e+00 4.320272e+01
      vertex   -6.018614e+01 5.000000e+00 4.297626e+01
    endloop
  endfacet
  facet normal 9.914449e-01 0.000000e+00 1.305262e-01
    outer loop
      vertex   -6.018614e+01 5.000000e+00 4.297626e+01
      vertex   -6.021596e+01 0.000000e+00 4.320272e+01
      vertex   -6.018614e+01 0.000000e+00 4.297626e+01
    endloop
  endfacet
  facet normal 9.238795e-01 0.000000e+00 3.826834e-01
    outer loop
      vertex   -6.018614e+01 5.000000e+00 4.297626e+01
      vertex   -6.018614e+01 0.000000e+00 4.297626e+01
      vertex   -6.009873e+01 5.000000e+00 4.276522e+01
    endloop
  endfacet
  facet normal 9.238795e-01 0.000000e+00 3.826834e-01
    outer loop
      vertex   -6.009873e+01 5.000000e+00 4.276522e+01
      vertex   -6.018614e+01 0.000000e+00 4.297626e+01
      vertex   -6.009873e+01 0.000000e+00 4.276522e+01
    endloop
  endfacet
  facet normal 7.933533e-01 0.000000e+00 6.087614e-01
    outer loop
      vertex   -6.009873e+01 5.000000e+00 4.276522e+01
      vertex   -6.009873e+01 0.000000e+00 4.276522e+01
      vertex   -5.995967e+01 5.000000e+00 4.258401e+01
    endloop
  endfacet
  facet normal 7.933533e-01 0.000000e+00 6.087614e-01
    outer loop
      vertex   -5.995967e+01 5.000000e+00 4.258401e+01
      vertex   -6.009873e+01 0.000000e+00 4.276522e+01
      vertex   -5.995967e+01 0.000000e+00 4.258401e+01
    endloop
  endfacet
  facet normal 6.087614e-01 0.000000e+00 7.933533e-01
    outer loop
      vertex   -5.995967e+01 5.000000e+00 4.258401e+01
      vertex   -5.995967e+01 0.000000e+00 4.258401e+01
      vertex   -5.977846e+01 5.000000e+00 4.244495e+01
    endloop
  endfacet
  facet normal 6.087614e-01 0.000000e+00 7.933533e-01
    outer loop
      vertex   -5.977846e+01 5.000000e+00 4.244495e+01
      vertex   -5.995967e+01 0.000000e+00 4.258401e+01
      vertex   -5.977846e+01 0.000000e+00 4.244495e+01
    endloop
  endfacet
  facet normal 3.826834e-01 0.000000e+00 9.238795e-01
    outer loop
      vertex   -5.977846e+01 5.000000e+00 4.244495e+01
      vertex   -5.977846e+01 0.000000e+00 4.244495e+01
      vertex   -5.956742e+01 5.000000e+00 4.235754e+01
    endloop
  endfacet
  facet normal 3.826834e-01 0.000000e+00 9.238795e-01
    outer loop
      vertex   -5.956742e+01 5.000000e+00 4.235754e+01
      vertex   -5.977846e+01 0.000000e+00 4.244495e+01
      vertex   -5.956742e+01 0.000000e+00 4.235754e+01
    endloop
  endfacet
  facet normal 1.305262e-01 0.000000e+00 9.914449e-01
    outer loop
      vertex   -5.956742e+01 5.000000e+00 4.235754e+01
      vertex   -5.956742e+01 0.000000e+00 4.235754e+01
      vertex   -5.934096e+01 5.000000e+00 4.232772e+01
    endloop
  endfacet
  facet normal 1.305262e-01 0.000000e+00 9.914449e-01
    outer loop
      vertex   -5.934096e+01 5.000000e+00 4.232772e+01
      vertex   -5.956742e+01 0.000000e+00 4.235754e+01
      vertex   -5.934096e+01 0.000000e+00 4.232772e+01
    endloop
  endfacet
  facet normal -1.305262e-01 0.000000e+00 9.914449e-01
    outer loop
      vertex   -5.934096e+01 5.000000e+00 4.232772e+01
      vertex   -5.934096e+01 0.000000e+00 4.232772e+01
      vertex   -5.911449e+01 5.000000e+00 4.235754e+01
    endloop
  endfacet
  facet normal -1.305262e-01 0.000000e+00 9.914449e-01
    outer loop
      vertex   -5.911449e+01 5.000000e+00 4.235754e+01
      vertex   -5.934096e+01 0.000000e+00 4.232772e+01
      vertex   -5.911449e+01 0.000000e+00 4.235754e+01
    endloop
  endfacet
  facet normal -3.826834e-01 0.000000e+00 9.238795e-01
    outer loop
      vertex   -5.911449e+01 5.000000e+00 4.235754e+01
      vertex   -5.911449e+01 0.000000e+00 4.235754e+01
      vertex   -5.890346e+01 5.000000e+00 4.244495e+01
    endloop
  endfacet
  facet normal -3.826834e-01 0.000000e+00 9.238795e-01
    outer loop
      vertex   -5.890346e+01 5.000000e+00 4.244495e+01
      vertex   -5.911449e+01 0.000000e+00 4.235754e+01
      vertex   -5.890346e+01 0.000000e+00 4.244495e+01
    endloop
  endfacet
  facet normal -6.087614e-01 0.000000e+00 7.933533e-01
    outer loop
      vertex   -5.890346e+01 5.000000e+00 4.244495e+01
      vertex   -5.890346e+01 0.000000e+00 4.244495e+01
      vertex   -5.872224e+01 5.000000e+00 4.258401e+01
    endloop
  endfacet
  facet normal -6.087614e-01 0.000000e+00 7.933533e-01
    outer loop
      vertex   -5.872224e+01 5.000000e+00 4.258401e+01
      vertex   -5.890346e+01 0.000000e+00 4.244495e+01
      vertex   -5.872224e+01 0.000000e+00 4.258401e+01
    endloop
  endfacet
  facet normal -7.933533e-01 0.000000e+00 6.087614e-01
    outer loop
      vertex   -5.872224e+01 5.000000e+00 4.258401e+01
      vertex   -5.872224e+01 0.000000e+00 4.258401e+01
      vertex   -5.858318e+01 5.000000e+00 4.276522e+01
    endloop
  endfacet
  facet normal -7.933533e-01 0.000000e+00 6.087614e-01
    outer loop
      vertex   -5.858318e+01 5.000000e+00 4.276522e+01
      vertex   -5.872224e+01 0.000000e+00 4.258401e+01
      vertex   -5.858318e+01 0.000000e+00 4.276522e+01
    endloop
  endfacet
  facet normal -9.238795e-01 0.000000e+00 3.826834e-01
    outer loop
      vertex   -5.858318e+01 5.000000e+00 4.276522e+01
      vertex   -5.858318e+01 0.000000e+00 4.276522e+01
      vertex   -5.849577e+01 5.000000e+00 4.297626e+01
    endloop
  endfacet
  facet normal -9.238795e-01 0.000000e+00 3.826834e-01
    outer loop
      vertex   -5.849577e+01 5.000000e+00 4.297626e+01
      vertex   -5.858318e+01 0.000000e+00 4.276522e+01
      vertex   -5.849577e+01 0.000000e+00 4.297626e+01
    endloop
  endfacet
  facet normal -9.914449e-01 0.000000e+00 1.305262e-01
    outer loop
      vertex   -5.849577e+01 5.000000e+00 4.297626e+01
      vertex   -5.849577e+01 0.000000e+00 4.297626e+01
      vertex   -5.846596e+01 5.000000e+00 4.320272e+01
    endloop
  endfacet
  facet normal -9.914449e-01 0.000000e+00 1.305262e-01
    outer loop
      vertex   -5.846596e+01 5.000000e+00 4.320272e+01
      vertex   -5.849577e+01 0.000000e+00 4.297626e+01
      vertex   -5.846596e+01 0.000000e+00 4.320272e+01
    endloop
  endfacet
  facet normal -9.914449e-01 -0.000000e+00 -1.305262e-01
    outer loop
      vertex   -5.846596e+01 5.000000e+00 4.320272e+01
      vertex   -5.846596e+01 0.000000e+00 4.320272e+01
      vertex   -5.849577e+01 5.000000e+00 4.342919e+01
    endloop
  endfacet
  facet normal -9.914449e-01 -0.000000e+00 -1.305262e-01
    outer loop
      vertex   -5.849577e+01 5.000000e+00 4.342919e+01
      vertex   -5.846596e+01 0.000000e+00 4.320272e+01
      vertex   -5.849577e+01 0.000000e+00 4.342919e+01
    endloop
  endfacet
  facet normal -9.238795e-01 -0.000000e+00 -3.826834e-01
    outer loop
      vertex   -5.849577e+01 5.000000e+00 4.342919e+01
      vertex   -5.849577e+01 0.000000e+00 4.342919e+01
      vertex   -5.858318e+01 5.000000e+00 4.364022e+01
    endloop
  endfacet
  facet normal -9.238795e-01 -0.000000e+00 -3.826834e-01
    outer loop
      vertex   -5.858318e+01 5.000000e+00 4.364022e+01
      vertex   -5.849577e+01 0.000000e+00 4.342919e+01
      vertex   -5.858318e+01 0.000000e+00 4.364022e+01
    endloop
  endfacet
  facet normal -7.933533e-01 -0.000000e+00 -6.087614e-01
    outer loop
      vertex   -5.858318e+01 5.000000e+00 4.364022e+01
      vertex   -5.858318e+01 0.000000e+00 4.364022e+01
      vertex   -5.872224e+01 5.000000e+00 4.382144e+01
    endloop
  endfacet
  facet normal -7.933533e-01 -0.000000e+00 -6.087614e-01
    outer loop
      vertex   -5.872224e+01 5.000000e+00 4.382144e+01
      vertex   -5.858318e+01 0.000000e+00 4.364022e+01
      vertex   -5.872224e+01 0.000000e+00 4.382144e+01
    endloop
  endfacet
  facet normal -6.087614e-01 -0.000000e+00 -7.933533e-01
    outer loop
      vertex   -5.872224e+01 5.000000e+00 4.382144e+01
      vertex   -5.872224e+01 0.000000e+00 4.382144e+01
      vertex   -5.890346e+01 5.000000e+00 4.396050e+01
    endloop
  endfacet
  facet normal -6.087614e-01 -0.000000e+00 -7.933533e-01
    outer loop
      vertex   -5.890346e+01 5.000000e+00 4.396050e+01
      vertex   -5.872224e+01 0.000000e+00 4.382144e+01
      vertex   -5.890346e+01 0.000000e+00 4.396050e+01
    endloop
  endfacet
  facet normal -3.826834e-01 -0.000000e+00 -9.238795e-01
    outer loop
      vertex   -5.890346e+01 5.000000e+00 4.396050e+01
      vertex   -5.890346e+01 0.000000e+00 4.396050e+01
      vertex   -5.911449e+01 5.000000e+00 4.404791e+01
    endloop
  endfacet
  facet normal -3.826834e-01 -0.000000e+00 -9.238795e-01
    outer loop
      vertex   -5.911449e+01 5.000000e+00 4.404791e+01
      vertex   -5.890346e+01 0.000000e+00 4.396050e+01
      vertex   -5.911449e+01 0.000000e+00 4.404791e+01
    endloop
  endfacet
  facet normal -1.305262e-01 -0.000000e+00 -9.914449e-01
    outer loop
      vertex   -5.911449e+01 5.000000e+00 4.404791e+01
      vertex   -5.911449e+01 0.000000e+00 4.404791e+01
      vertex   -5.934096e+01 5.000000e+00 4.407772e+01
    endloop
  endfacet
  facet normal -1.305262e-01 -0.000000e+00 -9.914449e-01
    outer loop
      vertex   -5.934096e+01 5.000000e+00 4.407772e+01
      vertex   -5.911449e+01 0.000000e+00 4.404791e+01
      vertex   -5.934096e+01 0.000000e+00 4.407772e+01
    endloop
  endfacet
  facet normal 1.305262e-01 0.000000e+00 -9.914449e-01
    outer loop
      vertex   -5.934096e+01 5.000000e+00 4.407772e+01
      vertex   -5.934096e+01 0.000000e+00 4.407772e+01
      vertex   -5.956742e+01 5.000000e+00 4.404791e+01
    endloop
  endfacet
  facet normal 1.305262e-01 0.000000e+00 -9.914449e-01
    outer loop
      vertex   -5.956742e+01 5.000000e+00 4.404791e+01
      vertex   -5.934096e+01 0.000000e+00 4.407772e+01
      vertex   -5.956742e+01 0.000000e+00 4.404791e+01
    endloop
  endfacet
  facet normal 3.826834e-01 0.000000e+00 -9.238795e-01
    outer loop
      vertex   -5.956742e+01 5.000000e+00 4.404791e+01
      vertex   -5.956742e+01 0.000000e+00 4.404791e+01
      vertex   -5.977846e+01 5.000000e+00 4.396050e+01
    endloop
  endfacet
  facet normal 3.826834e-01 0.000000e+00 -9.238795e-01
    outer loop
      vertex   -5.977846e+01 5.000000e+00 4.396050e+01
      vertex   -5.956742e+01 0.000000e+00 4.404791e+01
      vertex   -5.977846e+01 0.000000e+00 4.396050e+01
    endloop
  endfacet
  facet normal 6.087614e-01 0.000000e+00 -7.933533e-01
    outer loop
      vertex   -5.977846e+01 5.000000e+00 4.396050e+01
      vertex   -5.977846e+01 0.000000e+00 4.396050e+01
      vertex   -5.995967e+01 5.000000e+00 4.382144e+01
    endloop
  endfacet
  facet normal 6.087614e-01 0.000000e+00 -7.933533e-01
    outer loop
      vertex   -5.995967e+01 5.000000e+00 4.382144e+01
      vertex   -5.977846e+01 0.000000e+00 4.396050e+01
      vertex   -5.995967e+01 0.000000e+00 4.382144e+01
    endloop
  endfacet
  facet normal 7.933533e-01 0.000000e+00 -6.087614e-01
    outer loop
      vertex   -5.995967e+01 5.000000e+00 4.382144e+01
      vertex   -5.995967e+01 0.000000e+00 4.382144e+01
      vertex   -6.009873e+01 5.000000e+00 4.364022e+01
    endloop
  endfacet
  facet normal 7.933533e-01 0.000000e+00 -6.087614e-01
    outer loop
      vertex   -6.009873e+01 5.000000e+00 4.364022e+01
      vertex   -5.995967e+01 0.000000e+00 4.382144e+01
      vertex   -6.009873e+01 0.000000e+00 4.364022e+01
    endloop
  endfacet
  facet normal 9.238795e-01 0.000000e+00 -3.826834e-01
    outer loop
      vertex   -6.009873e+01 5.000000e+00 4.364022e+01
      vertex   -6.009873e+01 0.000000e+00 4.364022e+01
      vertex   -6.018614e+01 5.000000e+00 4.342919e+01
    endloop
  endfacet
  facet normal 9.238795e-01 0.000000e+00 -3.826834e-01
    outer loop
      vertex   -6.018614e+01 5.000000e+00 4.342919e+01
      vertex   -6.009873e+01 0.000000e+00 4.364022e+01
      vertex   -6.018614e+01 0.000000e+00 4.342919e+01
    endloop
  endfacet
  facet normal 9.914449e-01 0.000000e+00 -1.305262e-01
    outer loop
      vertex   3.790793e+01 5.000000e+00 4.342919e+01
      vertex   3.790793e+01 0.000000e+00 4.342919e+01
      vertex   3.787811e+01 5.000000e+00 4.320272e+01
    endloop
  endfacet
  facet normal 9.914449e-01 0.000000e+00 -1.305262e-01
    outer loop
      vertex   3.787811e+01 5.000000e+00 4.320272e+01
      vertex   3.790793e+01 0.000000e+00 4.342919e+01
      vertex   3.787811e+01 0.000000e+00 4.320272e+01
    endloop
  endfacet
  facet normal 9.914449e-01 0.000000e+00 1.305262e-01
    outer loop
      vertex   3.787811e+01 5.000000e+00 4.320272e+01
      vertex   3.787811e+01 0.000000e+00 4.320272e+01
      vertex   3.790793e+01 5.000000e+00 4.297626e+01
    endloop
  endfacet
  facet normal 9.914449e-01 0.000000e+00 1.305262e-01
    outer loop
      vertex   3.790793e+01 5.000000e+00 4.297626e+01
      vertex   3.787811e+01 0.000000e+00 4.320272e+01
      vertex   3.790793e+01 0.000000e+00 4.297626e+01
    endloop
  endfacet
  facet normal 9.238795e-01 0.000000e+00 3.826834e-01
    outer loop
      vertex   3.790793e+01 5.000000e+00 4.297626e+01
      vertex   3.790793e+01 0.000000e+00 4.297626e+01
      vertex   3.799534e+01 5.000000e+00 4.276522e+01
    endloop
  endfacet
  facet normal 9.238795e-01 -5.438259e-16 3.826834e-01
    outer loop
      vertex   3.799534e+01 5.000000e+00 4.276522e+01
      vertex   3.790793e+01 0.000000e+00 4.297626e+01
      vertex   3.799534e+01 0.000000e+00 4.276522e+01
    endloop
  endfacet
  facet normal 7.933533e-01 -8.651020e-16 6.087614e-01
    outer loop
      vertex   3.799534e+01 5.000000e+00 4.276522e+01
      vertex   3.799534e+01 0.000000e+00 4.276522e+01
      vertex   3.813439e+01 5.000000e+00 4.258401e+01
    endloop
  endfacet
  facet normal 7.933533e-01 0.000000e+00 6.087614e-01
    outer loop
      vertex   3.813439e+01 5.000000e+00 4.258401e+01
      vertex   3.799534e+01 0.000000e+00 4.276522e+01
      vertex   3.813439e+01 0.000000e+00 4.258401e+01
    endloop
  endfacet
  facet normal 6.087614e-01 0.000000e+00 7.933533e-01
    outer loop
      vertex   3.813439e+01 5.000000e+00 4.258401e+01
      vertex   3.813439e+01 0.000000e+00 4.258401e+01
      vertex   3.831561e+01 5.000000e+00 4.244495e+01
    endloop
  endfacet
  facet normal 6.087614e-01 0.000000e+00 7.933533e-01
    outer loop
      vertex   3.831561e+01 5.000000e+00 4.244495e+01
      vertex   3.813439e+01 0.000000e+00 4.258401e+01
      vertex   3.831561e+01 0.000000e+00 4.244495e+01
    endloop
  endfacet
  facet normal 3.826834e-01 0.000000e+00 9.238795e-01
    outer loop
      vertex   3.831561e+01 5.000000e+00 4.244495e+01
      vertex   3.831561e+01 0.000000e+00 4.244495e+01
      vertex   3.852665e+01 5.000000e+00 4.235754e+01
    endloop
  endfacet
  facet normal 3.826834e-01 0.000000e+00 9.238795e-01
    outer loop
      vertex   3.852665e+01 5.000000e+00 4.235754e+01
      vertex   3.831561e+01 0.000000e+00 4.244495e+01
      vertex   3.852665e+01 0.000000e+00 4.235754e+01
    endloop
  endfacet
  facet normal 1.305262e-01 0.000000e+00 9.914449e-01
    outer loop
      vertex   3.852665e+01 5.000000e+00 4.235754e+01
      vertex   3.852665e+01 0.000000e+00 4.235754e+01
      vertex   3.875311e+01 5.000000e+00 4.232772e+01
    endloop
  endfacet
  facet normal 1.305262e-01 0.000000e+00 9.914449e-01
    outer loop
      vertex   3.875311e+01 5.000000e+00 4.232772e+01
      vertex   3.852665e+01 0.000000e+00 4.235754e+01
      vertex   3.875311e+01 0.000000e+00 4.232772e+01
    endloop
  endfacet
  facet normal -1.305262e-01 0.000000e+00 9.914449e-01
    outer loop
      vertex   3.875311e+01 5.000000e+00 4.232772e+01
      vertex   3.875311e+01 0.000000e+00 4.232772e+01
      vertex   3.897958e+01 5.000000e+00 4.235754e+01
    endloop
  endfacet
  facet normal -1.305262e-01 0.000000e+00 9.914449e-01
    outer loop
      vertex   3.897958e+01 5.000000e+00 4.235754e+01
      vertex   3.875311e+01 0.000000e+00 4.232772e+01
      vertex   3.897958e+01 0.000000e+00 4.235754e+01
    endloop
  endfacet
  facet normal -3.826834e-01 0.000000e+00 9.238795e-01
    outer loop
      vertex   3.897958e+01 5.000000e+00 4.235754e+01
      vertex   3.897958e+01 0.000000e+00 4.235754e+01
      vertex   3.919061e+01 5.000000e+00 4.244495e+01
    endloop
  endfacet
  facet normal -3.826834e-01 0.000000e+00 9.238795e-01
    outer loop
      vertex   3.919061e+01 5.000000e+00 4.244495e+01
      vertex   3.897958e+01 0.000000e+00 4.235754e+01
      vertex   3.919061e+01 0.000000e+00 4.244495e+01
    endloop
  endfacet
  facet normal -6.087614e-01 0.000000e+00 7.933533e-01
    outer loop
      vertex   3.919061e+01 5.000000e+00 4.244495e+01
      vertex   3.919061e+01 0.000000e+00 4.244495e+01
      vertex   3.937183e+01 5.000000e+00 4.258401e+01
    endloop
  endfacet
  facet normal -6.087614e-01 0.000000e+00 7.933533e-01
    outer loop
      vertex   3.937183e+01 5.000000e+00 4.258401e+01
      vertex   3.919061e+01 0.000000e+00 4.244495e+01
      vertex   3.937183e+01 0.000000e+00 4.258401e+01
    endloop
  endfacet
  facet normal -7.933533e-01 0.000000e+00 6.087614e-01
    outer loop
      vertex   3.937183e+01 5.000000e+00 4.258401e+01
      vertex   3.937183e+01 0.000000e+00 4.258401e+01
      vertex   3.951088e+01 5.000000e+00 4.276522e+01
    endloop
  endfacet
  facet normal -7.933533e-01 8.651020e-16 6.087614e-01
    outer loop
      vertex   3.951088e+01 5.000000e+00 4.276522e+01
      vertex   3.937183e+01 0.000000e+00 4.258401e+01
      vertex   3.951088e+01 0.000000e+00 4.276522e+01
    endloop
  endfacet
  facet normal -9.238795e-01 5.438259e-16 3.826834e-01
    outer loop
      vertex   3.951088e+01 5.000000e+00 4.276522e+01
      vertex   3.951088e+01 0.000000e+00 4.276522e+01
      vertex   3.959830e+01 5.000000e+00 4.297626e+01
    endloop
  endfacet
  facet normal -9.238795e-01 0.000000e+00 3.826834e-01
    outer loop
      vertex   3.959830e+01 5.000000e+00 4.297626e+01
      vertex   3.951088e+01 0.000000e+00 4.276522e+01
      vertex   3.959830e+01 0.000000e+00 4.297626e+01
    endloop
  endfacet
  facet normal -9.914449e-01 0.000000e+00 1.305262e-01
    outer loop
      vertex   3.959830e+01 5.000000e+00 4.297626e+01
      vertex   3.959830e+01 0.000000e+00 4.297626e+01
      vertex   3.962811e+01 5.000000e+00 4.320272e+01
    endloop
  endfacet
  facet normal -9.914449e-01 0.000000e+00 1.305262e-01
    outer loop
      vertex   3.962811e+01 5.000000e+00 4.320272e+01
      vertex   3.959830e+01 0.000000e+00 4.297626e+01
      vertex   3.962811e+01 0.000000e+00 4.320272e+01
    endloop
  endfacet
  facet normal -9.914449e-01 -0.000000e+00 -1.305262e-01
    outer loop
      vertex   3.962811e+01 5.000000e+00 4.320272e+01
      vertex   3.962811e+01 0.000000e+00 4.320272e+01
      vertex   3.959830e+01 5.000000e+00 4.342919e+01
    endloop
  endfacet
  facet normal -9.914449e-01 -0.000000e+00 -1.305262e-01
    outer loop
      vertex   3.959830e+01 5.000000e+00 4.342919e+01
      vertex   3.962811e+01 0.000000e+00 4.320272e+01
      vertex   3.959830e+01 0.000000e+00 4.342919e+01
    endloop
  endfacet
  facet normal -9.238795e-01 -0.000000e+00 -3.826834e-01
    outer loop
      vertex   3.959830e+01 5.000000e+00 4.342919e+01
      vertex   3.959830e+01 0.000000e+00 4.342919e+01
      vertex   3.951088e+01 5.000000e+00 4.364022e+01
    endloop
  endfacet
  facet normal -9.238795e-01 -5.438259e-16 -3.826834e-01
    outer loop
      vertex   3.951088e+01 5.000000e+00 4.364022e+01
      vertex   3.959830e+01 0.000000e+00 4.342919e+01
      vertex   3.951088e+01 0.000000e+00 4.364022e+01
    endloop
  endfacet
  facet normal -7.933533e-01 -8.651020e-16 -6.087614e-01
    outer loop
      vertex   3.951088e+01 5.000000e+00 4.364022e+01
      vertex   3.951088e+01 0.000000e+00 4.364022e+01
      vertex   3.937183e+01 5.000000e+00 4.382144e+01
    endloop
  endfacet
  facet normal -7.933533e-01 -0.000000e+00 -6.087614e-01
    outer loop
      vertex   3.937183e+01 5.000000e+00 4.382144e+01
      vertex   3.951088e+01 0.000000e+00 4.364022e+01
      vertex   3.937183e+01 0.000000e+00 4.382144e+01
    endloop
  endfacet
  facet normal -6.087614e-01 -0.000000e+00 -7.933533e-01
    outer loop
      vertex   3.937183e+01 5.000000e+00 4.382144e+01
      vertex   3.937183e+01 0.000000e+00 4.382144e+01
      vertex   3.919061e+01 5.000000e+00 4.396050e+01
    endloop
  endfacet
  facet normal -6.087614e-01 -0.000000e+00 -7.933533e-01
    outer loop
      vertex   3.919061e+01 5.000000e+00 4.396050e+01
      vertex   3.937183e+01 0.000000e+00 4.382144e+01
      vertex   3.919061e+01 0.000000e+00 4.396050e+01
    endloop
  endfacet
  facet normal -3.826834e-01 -0.000000e+00 -9.238795e-01
    outer loop
      vertex   3.919061e+01 5.000000e+00 4.396050e+01
      vertex   3.919061e+01 0.000000e+00 4.396050e+01
      vertex   3.897958e+01 5.000000e+00 4.404791e+01
    endloop
  endfacet
  facet normal -3.826834e-01 -0.000000e+00 -9.238795e-01
    outer loop
      vertex   3.897958e+01 5.000000e+00 4.404791e+01
      vertex   3.919061e+01 0.000000e+00 4.396050e+01
      vertex   3.897958e+01 0.000000e+00 4.404791e+01
    endloop
  endfacet
  facet normal -1.305262e-01 -0.000000e+00 -9.914449e-01
    outer loop
      vertex   3.897958e+01 5.000000e+00 4.404791e+01
      vertex   3.897958e+01 0.000000e+00 4.404791e+01
      vertex   3.875311e+01 5.000000e+00 4.407772e+01
    endloop
  endfacet
  facet normal -1.305262e-01 -0.000000e+00 -9.914449e-01
    outer loop
      vertex   3.875311e+01 5.000000e+00 4.407772e+01
      vertex   3.897958e+01 0.000000e+00 4.404791e+01
      vertex   3.875311e+01 0.000000e+00 4.407772e+01
    endloop
  endfacet
  facet normal 1.305262e-01 0.000000e+00 -9.914449e-01
    outer loop
      vertex   3.875311e+01 5.000000e+00 4.407772e+01
      vertex   3.875311e+01 0.000000e+00 4.407772e+01
      vertex   3.852665e+01 5.000000e+00 4.404791e+01
    endloop
  endfacet
  facet normal 1.305262e-01 0.000000e+00 -9.914449e-01
    outer loop
      vertex   3.852665e+01 5.000000e+00 4.404791e+01
      vertex   3.875311e+01 0.000000e+00 4.407772e+01
      vertex   3.852665e+01 0.000000e+00 4.404791e+01
    endloop
  endfacet
  facet normal 3.826834e-01 0.000000e+00 -9.238795e-01
    outer loop
      vertex   3.852665e+01 5.000000e+00 4.404791e+01
      vertex   3.852665e+01 0.000000e+00 4.404791e+01
      vertex   3.831561e+01 5.000000e+00 4.396050e+01
    endloop
  endfacet
  facet normal 3.826834e-01 0.000000e+00 -9.238795e-01
    outer loop
      vertex   3.831561e+01 5.000000e+00 4.396050e+01
      vertex   3.852665e+01 0.000000e+00 4.404791e+01
      vertex   3.831561e+01 0.000000e+00 4.396050e+01
    endloop
  endfacet
  facet normal 6.087614e-01 0.000000e+00 -7.933533e-01
    outer loop
      vertex   3.831561e+01 5.000000e+00 4.396050e+01
      vertex   3.831561e+01 0.000000e+00 4.396050e+01
      vertex   3.813439e+01 5.000000e+00 4.382144e+01
    endloop
  endfacet
  facet normal 6.087614e-01 0.000000e+00 -7.933533e-01
    outer loop
      vertex   3.813439e+01 5.000000e+00 4.382144e+01
      vertex   3.831561e+01 0.000000e+00 4.396050e+01
      vertex   3.813439e+01 0.000000e+00 4.382144e+01
    endloop
  endfacet
  facet normal 7.933533e-01 0.000000e+00 -6.087614e-01
    outer loop
      vertex   3.813439e+01 5.000000e+00 4.382144e+01
      vertex   3.813439e+01 0.000000e+00 4.382144e+01
      vertex   3.799534e+01 5.000000e+00 4.364022e+01
    endloop
  endfacet
  facet normal 7.933533e-01 8.651020e-16 -6.087614e-01
    outer loop
      vertex   3.799534e+01 5.000000e+00 4.364022e+01
      vertex   3.813439e+01 0.000000e+00 4.382144e+01
      vertex   3.799534e+01 0.000000e+00 4.364022e+01
    endloop
  endfacet
  facet normal 9.238795e-01 5.438259e-16 -3.826834e-01
    outer loop
      vertex   3.799534e+01 5.000000e+00 4.364022e+01
      vertex   3.799534e+01 0.000000e+00 4.364022e+01
      vertex   3.790793e+01 5.000000e+00 4.342919e+01
    endloop
  endfacet
  facet normal 9.238795e-01 0.000000e+00 -3.826834e-01
    outer loop
      vertex   3.790793e+01 5.000000e+00 4.342919e+01
      vertex   3.799534e+01 0.000000e+00 4.364022e+01
      vertex   3.790793e+01 0.000000e+00 4.342919e+01
    endloop
  endfacet
  facet normal 9.914449e-01 0.000000e+00 -1.305262e-01
    outer loop
      vertex   -6.018614e+01 5.000000e+00 7.480509e+01
      vertex   -6.018614e+01 0.000000e+00 7.480509e+01
      vertex   -6.021596e+01 5.000000e+00 7.457863e+01
    endloop
  endfacet
  facet normal 9.914449e-01 0.000000e+00 -1.305262e-01
    outer loop
      vertex   -6.021596e+01 5.000000e+00 7.457863e+01
      vertex   -6.018614e+01 0.000000e+00 7.480509e+01
      vertex   -6.021596e+01 0.000000e+00 7.457863e+01
    endloop
  endfacet
  facet normal 9.914449e-01 0.000000e+00 1.305262e-01
    outer loop
      vertex   -6.021596e+01 5.000000e+00 7.457863e+01
      vertex   -6.021596e+01 0.000000e+00 7.457863e+01
      vertex   -6.018614e+01 5.000000e+00 7.435216e+01
    endloop
  endfacet
  facet normal 9.914449e-01 0.000000e+00 1.305262e-01
    outer loop
      vertex   -6.018614e+01 5.000000e+00 7.435216e+01
      vertex   -6.021596e+01 0.000000e+00 7.457863e+01
      vertex   -6.018614e+01 0.000000e+00 7.435216e+01
    endloop
  endfacet
  facet normal 9.238795e-01 0.000000e+00 3.826834e-01
    outer loop
      vertex   -6.018614e+01 5.000000e+00 7.435216e+01
      vertex   -6.018614e+01 0.000000e+00 7.435216e+01
      vertex   -6.009873e+01 5.000000e+00 7.414113e+01
    endloop
  endfacet
  facet normal 9.238795e-01 0.000000e+00 3.826834e-01
    outer loop
      vertex   -6.009873e+01 5.000000e+00 7.414113e+01
      vertex   -6.018614e+01 0.000000e+00 7.435216e+01
      vertex   -6.009873e+01 0.000000e+00 7.414113e+01
    endloop
  endfacet
  facet normal 7.933533e-01 0.000000e+00 6.087614e-01
    outer loop
      vertex   -6.009873e+01 5.000000e+00 7.414113e+01
      vertex   -6.009873e+01 0.000000e+00 7.414113e+01
      vertex   -5.995967e+01 5.000000e+00 7.395991e+01
    endloop
  endfacet
  facet normal 7.933533e-01 0.000000e+00 6.087614e-01
    outer loop
      vertex   -5.995967e+01 5.000000e+00 7.395991e+01
      vertex   -6.009873e+01 0.000000e+00 7.414113e+01
      vertex   -5.995967e+01 0.000000e+00 7.395991e+01
    endloop
  endfacet
  facet normal 6.087614e-01 0.000000e+00 7.933533e-01
    outer loop
      vertex   -5.995967e+01 5.000000e+00 7.395991e+01
      vertex   -5.995967e+01 0.000000e+00 7.395991e+01
      vertex   -5.977846e+01 5.000000e+00 7.382085e+01
    endloop
  endfacet
  facet normal 6.087614e-01 0.000000e+00 7.933533e-01
    outer loop
      vertex   -5.977846e+01 5.000000e+00 7.382085e+01
      vertex   -5.995967e+01 0.000000e+00 7.395991e+01
      vertex   -5.977846e+01 0.000000e+00 7.382085e+01
    endloop
  endfacet
  facet normal 3.826834e-01 0.000000e+00 9.238795e-01
    outer loop
      vertex   -5.977846e+01 5.000000e+00 7.382085e+01
      vertex   -5.977846e+01 0.000000e+00 7.382085e+01
      vertex   -5.956742e+01 5.000000e+00 7.373344e+01
    endloop
  endfacet
  facet normal 3.826834e-01 0.000000e+00 9.238795e-01
    outer loop
      vertex   -5.956742e+01 5.000000e+00 7.373344e+01
      vertex   -5.977846e+01 0.000000e+00 7.382085e+01
      vertex   -5.956742e+01 0.000000e+00 7.373344e+01
    endloop
  endfacet
  facet normal 1.305262e-01 0.000000e+00 9.914449e-01
    outer loop
      vertex   -5.956742e+01 5.000000e+00 7.373344e+01
      vertex   -5.956742e+01 0.000000e+00 7.373344e+01
      vertex   -5.934096e+01 5.000000e+00 7.370363e+01
    endloop
  endfacet
  facet normal 1.305262e-01 0.000000e+00 9.914449e-01
    outer loop
      vertex   -5.934096e+01 5.000000e+00 7.370363e+01
      vertex   -5.956742e+01 0.000000e+00 7.373344e+01
      vertex   -5.934096e+01 0.000000e+00 7.370363e+01
    endloop
  endfacet
  facet normal -1.305262e-01 0.000000e+00 9.914449e-01
    outer loop
      vertex   -5.934096e+01 5.000000e+00 7.370363e+01
      vertex   -5.934096e+01 0.000000e+00 7.370363e+01
      vertex   -5.911449e+01 5.000000e+00 7.373344e+01
    endloop
  endfacet
  facet normal -1.305262e-01 0.000000e+00 9.914449e-01
    outer loop
      vertex   -5.911449e+01 5.000000e+00 7.373344e+01
      vertex   -5.934096e+01 0.000000e+00 7.370363e+01
      vertex   -5.911449e+01 0.000000e+00 7.373344e+01
    endloop
  endfacet
  facet normal -3.826834e-01 0.000000e+00 9.238795e-01
    outer loop
      vertex   -5.911449e+01 5.000000e+00 7.373344e+01
      vertex   -5.911449e+01 0.000000e+00 7.373344e+01
      vertex   -5.890346e+01 5.000000e+00 7.382085e+01
    endloop
  endfacet
  facet normal -3.826834e-01 0.000000e+00 9.238795e-01
    outer loop
      vertex   -5.890346e+01 5.000000e+00 7.382085e+01
      vertex   -5.911449e+01 0.000000e+00 7.373344e+01
      vertex   -5.890346e+01 0.000000e+00 7.382085e+01
    endloop
  endfacet
  facet normal -6.087614e-01 0.000000e+00 7.933533e-01
    outer loop
      vertex   -5.890346e+01 5.000000e+00 7.382085e+01
      vertex   -5.890346e+01 0.000000e+00 7.382085e+01
      vertex   -5.872224e+01 5.000000e+00 7.395991e+01
    endloop
  endfacet
  facet normal -6.087614e-01 0.000000e+00 7.933533e-01
    outer loop
      vertex   -5.872224e+01 5.000000e+00 7.395991e+01
      vertex   -5.890346e+01 0.000000e+00 7.382085e+01
      vertex   -5.872224e+01 0.000000e+00 7.395991e+01
    endloop
  endfacet
  facet normal -7.933533e-01 0.000000e+00 6.087614e-01
    outer loop
      vertex   -5.872224e+01 5.000000e+00 7.395991e+01
      vertex   -5.872224e+01 0.000000e+00 7.395991e+01
      vertex   -5.858318e+01 5.000000e+00 7.414113e+01
    endloop
  endfacet
  facet normal -7.933533e-01 0.000000e+00 6.087614e-01
    outer loop
      vertex   -5.858318e+01 5.000000e+00 7.414113e+01
      vertex   -5.872224e+01 0.000000e+00 7.395991e+01
      vertex   -5.858318e+01 0.000000e+00 7.414113e+01
    endloop
  endfacet
  facet normal -9.238795e-01 0.000000e+00 3.826834e-01
    outer loop
      vertex   -5.858318e+01 5.000000e+00 7.414113e+01
      vertex   -5.858318e+01 0.000000e+00 7.414113e+01
      vertex   -5.849577e+01 5.000000e+00 7.435216e+01
    endloop
  endfacet
  facet normal -9.238795e-01 0.000000e+00 3.826834e-01
    outer loop
      vertex   -5.849577e+01 5.000000e+00 7.435216e+01
      vertex   -5.858318e+01 0.000000e+00 7.414113e+01
      vertex   -5.849577e+01 0.000000e+00 7.435216e+01
    endloop
  endfacet
  facet normal -9.914449e-01 0.000000e+00 1.305262e-01
    outer loop
      vertex   -5.849577e+01 5.000000e+00 7.435216e+01
      vertex   -5.849577e+01 0.000000e+00 7.435216e+01
      vertex   -5.846596e+01 5.000000e+00 7.457863e+01
    endloop
  endfacet
  facet normal -9.914449e-01 0.000000e+00 1.305262e-01
    outer loop
      vertex   -5.846596e+01 5.000000e+00 7.457863e+01
      vertex   -5.849577e+01 0.000000e+00 7.435216e+01
      vertex   -5.846596e+01 0.000000e+00 7.457863e+01
    endloop
  endfacet
  facet normal -9.914449e-01 -0.000000e+00 -1.305262e-01
    outer loop
      vertex   -5.846596e+01 5.000000e+00 7.457863e+01
      vertex   -5.846596e+01 0.000000e+00 7.457863e+01
      vertex   -5.849577e+01 5.000000e+00 7.480509e+01
    endloop
  endfacet
  facet normal -9.914449e-01 -0.000000e+00 -1.305262e-01
    outer loop
      vertex   -5.849577e+01 5.000000e+00 7.480509e+01
      vertex   -5.846596e+01 0.000000e+00 7.457863e+01
      vertex   -5.849577e+01 0.000000e+00 7.480509e+01
    endloop
  endfacet
  facet normal -9.238795e-01 -0.000000e+00 -3.826834e-01
    outer loop
      vertex   -5.849577e+01 5.000000e+00 7.480509e+01
      vertex   -5.849577e+01 0.000000e+00 7.480509e+01
      vertex   -5.858318e+01 5.000000e+00 7.501613e+01
    endloop
  endfacet
  facet normal -9.238795e-01 -0.000000e+00 -3.826834e-01
    outer loop
      vertex   -5.858318e+01 5.000000e+00 7.501613e+01
      vertex   -5.849577e+01 0.000000e+00 7.480509e+01
      vertex   -5.858318e+01 0.000000e+00 7.501613e+01
    endloop
  endfacet
  facet normal -7.933533e-01 -0.000000e+00 -6.087614e-01
    outer loop
      vertex   -5.858318e+01 5.000000e+00 7.501613e+01
      vertex   -5.858318e+01 0.000000e+00 7.501613e+01
      vertex   -5.872224e+01 5.000000e+00 7.519734e+01
    endloop
  endfacet
  facet normal -7.933533e-01 -0.000000e+00 -6.087614e-01
    outer loop
      vertex   -5.872224e+01 5.000000e+00 7.519734e+01
      vertex   -5.858318e+01 0.000000e+00 7.501613e+01
      vertex   -5.872224e+01 0.000000e+00 7.519734e+01
    endloop
  endfacet
  facet normal -6.087614e-01 -0.000000e+00 -7.933533e-01
    outer loop
      vertex   -5.872224e+01 5.000000e+00 7.519734e+01
      vertex   -5.872224e+01 0.000000e+00 7.519734e+01
      vertex   -5.890346e+01 5.000000e+00 7.533640e+01
    endloop
  endfacet
  facet normal -6.087614e-01 -0.000000e+00 -7.933533e-01
    outer loop
      vertex   -5.890346e+01 5.000000e+00 7.533640e+01
      vertex   -5.872224e+01 0.000000e+00 7.519734e+01
      vertex   -5.890346e+01 0.000000e+00 7.533640e+01
    endloop
  endfacet
  facet normal -3.826834e-01 -0.000000e+00 -9.238795e-01
    outer loop
      vertex   -5.890346e+01 5.000000e+00 7.533640e+01
      vertex   -5.890346e+01 0.000000e+00 7.533640e+01
      vertex   -5.911449e+01 5.000000e+00 7.542381e+01
    endloop
  endfacet
  facet normal -3.826834e-01 -0.000000e+00 -9.238795e-01
    outer loop
      vertex   -5.911449e+01 5.000000e+00 7.542381e+01
      vertex   -5.890346e+01 0.000000e+00 7.533640e+01
      vertex   -5.911449e+01 0.000000e+00 7.542381e+01
    endloop
  endfacet
  facet normal -1.305262e-01 -0.000000e+00 -9.914449e-01
    outer loop
      vertex   -5.911449e+01 5.000000e+00 7.542381e+01
      vertex   -5.911449e+01 0.000000e+00 7.542381e+01
      vertex   -5.934096e+01 5.000000e+00 7.545363e+01
    endloop
  endfacet
  facet normal -1.305262e-01 -0.000000e+00 -9.914449e-01
    outer loop
      vertex   -5.934096e+01 5.000000e+00 7.545363e+01
      vertex   -5.911449e+01 0.000000e+00 7.542381e+01
      vertex   -5.934096e+01 0.000000e+00 7.545363e+01
    endloop
  endfacet
  facet normal 1.305262e-01 0.000000e+00 -9.914449e-01
    outer loop
      vertex   -5.934096e+01 5.000000e+00 7.545363e+01
      vertex   -5.934096e+01 0.000000e+00 7.545363e+01
      vertex   -5.956742e+01 5.000000e+00 7.542381e+01
    endloop
  endfacet
  facet normal 1.305262e-01 0.000000e+00 -9.914449e-01
    outer loop
      vertex   -5.956742e+01 5.000000e+00 7.542381e+01
      vertex   -5.934096e+01 0.000000e+00 7.545363e+01
      vertex   -5.956742e+01 0.000000e+00 7.542381e+01
    endloop
  endfacet
  facet normal 3.826834e-01 0.000000e+00 -9.238795e-01
    outer loop
      vertex   -5.956742e+01 5.000000e+00 7.542381e+01
      vertex   -5.956742e+01 0.000000e+00 7.542381e+01
      vertex   -5.977846e+01 5.000000e+00 7.533640e+01
    endloop
  endfacet
  facet normal 3.826834e-01 0.000000e+00 -9.238795e-01
    outer loop
      vertex   -5.977846e+01 5.000000e+00 7.533640e+01
      vertex   -5.956742e+01 0.000000e+00 7.542381e+01
      vertex   -5.977846e+01 0.000000e+00 7.533640e+01
    endloop
  endfacet
  facet normal 6.087614e-01 0.000000e+00 -7.933533e-01
    outer loop
      vertex   -5.977846e+01 5.000000e+00 7.533640e+01
      vertex   -5.977846e+01 0.000000e+00 7.533640e+01
      vertex   -5.995967e+01 5.000000e+00 7.519734e+01
    endloop
  endfacet
  facet normal 6.087614e-01 0.000000e+00 -7.933533e-01
    outer loop
      vertex   -5.995967e+01 5.000000e+00 7.519734e+01
      vertex   -5.977846e+01 0.000000e+00 7.533640e+01
      vertex   -5.995967e+01 0.000000e+00 7.519734e+01
    endloop
  endfacet
  facet normal 7.933533e-01 0.000000e+00 -6.087614e-01
    outer loop
      vertex   -5.995967e+01 5.000000e+00 7.519734e+01
      vertex   -5.995967e+01 0.000000e+00 7.519734e+01
      vertex   -6.009873e+01 5.000000e+00 7.501613e+01
    endloop
  endfacet
  facet normal 7.933533e-01 0.000000e+00 -6.087614e-01
    outer loop
      vertex   -6.009873e+01 5.000000e+00 7.501613e+01
      vertex   -5.995967e+01 0.000000e+00 7.519734e+01
      vertex   -6.009873e+01 0.000000e+00 7.501613e+01
    endloop
  endfacet
  facet normal 9.238795e-01 0.000000e+00 -3.826834e-01
    outer loop
      vertex   -6.009873e+01 5.000000e+00 7.501613e+01
      vertex   -6.009873e+01 0.000000e+00 7.501613e+01
      vertex   -6.018614e+01 5.000000e+00 7.480509e+01
    endloop
  endfacet
  facet normal 9.238795e-01 0.000000e+00 -3.826834e-01
    outer loop
      vertex   -6.018614e+01 5.000000e+00 7.480509e+01
      vertex   -6.009873e+01 0.000000e+00 7.501613e+01
      vertex   -6.018614e+01 0.000000e+00 7.480509e+01
    endloop
  endfacet
  facet normal 9.914449e-01 0.000000e+00 -1.305262e-01
    outer loop
      vertex   3.790793e+01 5.000000e+00 7.480509e+01
      vertex   3.790793e+01 0.000000e+00 7.480509e+01
      vertex   3.787811e+01 5.000000e+00 7.457863e+01
    endloop
  endfacet
  facet normal 9.914449e-01 0.000000e+00 -1.305262e-01
    outer loop
      vertex   3.787811e+01 5.000000e+00 7.457863e+01
      vertex   3.790793e+01 0.000000e+00 7.480509e+01
      vertex   3.787811e+01 0.000000e+00 7.457863e+01
    endloop
  endfacet
  facet normal 9.914449e-01 0.000000e+00 1.305262e-01
    outer loop
      vertex   3.787811e+01 5.000000e+00 7.457863e+01
      vertex   3.787811e+01 0.000000e+00 7.457863e+01
      vertex   3.790793e+01 5.000000e+00 7.435216e+01
    endloop
  endfacet
  facet normal 9.914449e-01 0.000000e+00 1.305262e-01
    outer loop
      vertex   3.790793e+01 5.000000e+00 7.435216e+01
      vertex   3.787811e+01 0.000000e+00 7.457863e+01
      vertex   3.790793e+01 0.000000e+00 7.435216e+01
    endloop
  endfacet
  facet normal 9.238795e-01 0.000000e+00 3.826834e-01
    outer loop
      vertex   3.790793e+01 5.000000e+00 7.435216e+01
      vertex   3.790793e+01 0.000000e+00 7.435216e+01
      vertex   3.799534e+01 5.000000e+00 7.414113e+01
    endloop
  endfacet
  facet normal 9.238795e-01 0.000000e+00 3.826834e-01
    outer loop
      vertex   3.799534e+01 5.000000e+00 7.414113e+01
      vertex   3.790793e+01 0.000000e+00 7.435216e+01
      vertex   3.799534e+01 0.000000e+00 7.414113e+01
    endloop
  endfacet
  facet normal 7.933533e-01 0.000000e+00 6.087614e-01
    outer loop
      vertex   3.799534e+01 5.000000e+00 7.414113e+01
      vertex   3.799534e+01 0.000000e+00 7.414113e+01
      vertex   3.813439e+01 5.000000e+00 7.395991e+01
    endloop
  endfacet
  facet normal 7.933533e-01 0.000000e+00 6.087614e-01
    outer loop
      vertex   3.813439e+01 5.000000e+00 7.395991e+01
      vertex   3.799534e+01 0.000000e+00 7.414113e+01
      vertex   3.813439e+01 0.000000e+00 7.395991e+01
    endloop
  endfacet
  facet normal 6.087614e-01 0.000000e+00 7.933533e-01
    outer loop
      vertex   3.813439e+01 5.000000e+00 7.395991e+01
      vertex   3.813439e+01 0.000000e+00 7.395991e+01
      vertex   3.831561e+01 5.000000e+00 7.382085e+01
    endloop
  endfacet
  facet normal 6.087614e-01 0.000000e+00 7.933533e-01
    outer loop
      vertex   3.831561e+01 5.000000e+00 7.382085e+01
      vertex   3.813439e+01 0.000000e+00 7.395991e+01
      vertex   3.831561e+01 0.000000e+00 7.382085e+01
    endloop
  endfacet
  facet normal 3.826834e-01 0.000000e+00 9.238795e-01
    outer loop
      vertex   3.831561e+01 5.000000e+00 7.382085e+01
      vertex   3.831561e+01 0.000000e+00 7.382085e+01
      vertex   3.852665e+01 5.000000e+00 7.373344e+01
    endloop
  endfacet
  facet normal 3.826834e-01 0.000000e+00 9.238795e-01
    outer loop
      vertex   3.852665e+01 5.000000e+00 7.373344e+01
      vertex   3.831561e+01 0.000000e+00 7.382085e+01
      vertex   3.852665e+01 0.000000e+00 7.373344e+01
    endloop
  endfacet
  facet normal 1.305262e-01 0.000000e+00 9.914449e-01
    outer loop
      vertex   3.852665e+01 5.000000e+00 7.373344e+01
      vertex   3.852665e+01 0.000000e+00 7.373344e+01
      vertex   3.875311e+01 5.000000e+00 7.370363e+01
    endloop
  endfacet
  facet normal 1.305262e-01 0.000000e+00 9.914449e-01
    outer loop
      vertex   3.875311e+01 5.000000e+00 7.370363e+01
      vertex   3.852665e+01 0.000000e+00 7.373344e+01
      vertex   3.875311e+01 0.000000e+00 7.370363e+01
    endloop
  endfacet
  facet normal -1.305262e-01 0.000000e+00 9.914449e-01
    outer loop
      vertex   3.875311e+01 5.000000e+00 7.370363e+01
      vertex   3.875311e+01 0.000000e+00 7.370363e+01
      vertex   3.897958e+01 5.000000e+00 7.373344e+01
    endloop
  endfacet
  facet normal -1.305262e-01 0.000000e+00 9.914449e-01
    outer loop
      vertex   3.897958e+01 5.000000e+00 7.373344e+01
      vertex   3.875311e+01 0.000000e+00 7.370363e+01
      vertex   3.897958e+01 0.000000e+00 7.373344e+01
    endloop
  endfacet
  facet normal -3.826834e-01 0.000000e+00 9.238795e-01
    outer loop
      vertex   3.897958e+01 5.000000e+00 7.373344e+01
      vertex   3.897958e+01 0.000000e+00 7.373344e+01
      vertex   3.919061e+01 5.000000e+00 7.382085e+01
    endloop
  endfacet
  facet normal -3.826834e-01 0.000000e+00 9.238795e-01
    outer loop
      vertex   3.919061e+01 5.000000e+00 7.382085e+01
      vertex   3.897958e+01 0.000000e+00 7.373344e+01
      vertex   3.919061e+01 0.000000e+00 7.382085e+01
    endloop
  endfacet
  facet normal -6.087614e-01 0.000000e+00 7.933533e-01
    outer loop
      vertex   3.919061e+01 5.000000e+00 7.382085e+01
      vertex   3.919061e+01 0.000000e+00 7.382085e+01
      vertex   3.937183e+01 5.000000e+00 7.395991e+01
    endloop
  endfacet
  facet normal -6.087614e-01 0.000000e+00 7.933533e-01
    outer loop
      vertex   3.937183e+01 5.000000e+00 7.395991e+01
      vertex   3.919061e+01 0.000000e+00 7.382085e+01
      vertex   3.937183e+01 0.000000e+00 7.395991e+01
    endloop
  endfacet
  facet normal -7.933533e-01 0.000000e+00 6.087614e-01
    outer loop
      vertex   3.937183e+01 5.000000e+00 7.395991e+01
      vertex   3.937183e+01 0.000000e+00 7.395991e+01
      vertex   3.951088e+01 5.000000e+00 7.414113e+01
    endloop
  endfacet
  facet normal -7.933533e-01 0.000000e+00 6.087614e-01
    outer loop
      vertex   3.951088e+01 5.000000e+00 7.414113e+01
      vertex   3.937183e+01 0.000000e+00 7.395991e+01
      vertex   3.951088e+01 0.000000e+00 7.414113e+01
    endloop
  endfacet
  facet normal -9.238795e-01 0.000000e+00 3.826834e-01
    outer loop
      vertex   3.951088e+01 5.000000e+00 7.414113e+01
      vertex   3.951088e+01 0.000000e+00 7.414113e+01
      vertex   3.959830e+01 5.000000e+00 7.435216e+01
    endloop
  endfacet
  facet normal -9.238795e-01 0.000000e+00 3.826834e-01
    outer loop
      vertex   3.959830e+01 5.000000e+00 7.435216e+01
      vertex   3.951088e+01 0.000000e+00 7.414113e+01
      vertex   3.959830e+01 0.000000e+00 7.435216e+01
    endloop
  endfacet
  facet normal -9.914449e-01 0.000000e+00 1.305262e-01
    outer loop
      vertex   3.959830e+01 5.000000e+00 7.435216e+01
      vertex   3.959830e+01 0.000000e+00 7.435216e+01
      vertex   3.962811e+01 5.000000e+00 7.457863e+01
    endloop
  endfacet
  facet normal -9.914449e-01 0.000000e+00 1.305262e-01
    outer loop
      vertex   3.962811e+01 5.000000e+00 7.457863e+01
      vertex   3.959830e+01 0.000000e+00 7.435216e+01
      vertex   3.962811e+01 0.000000e+00 7.457863e+01
    endloop
  endfacet
  facet normal -9.914449e-01 -0.000000e+00 -1.305262e-01
    outer loop
      vertex   3.962811e+01 5.000000e+00 7.457863e+01
      vertex   3.962811e+01 0.000000e+00 7.457863e+01
      vertex   3.959830e+01 5.000000e+00 7.480509e+01
    endloop
  endfacet
  facet normal -9.914449e-01 -0.000000e+00 -1.305262e-01
    outer loop
      vertex   3.959830e+01 5.000000e+00 7.480509e+01
      vertex   3.962811e+01 0.000000e+00 7.457863e+01
      vertex   3.959830e+01 0.000000e+00 7.480509e+01
    endloop
  endfacet
  facet normal -9.238795e-01 -0.000000e+00 -3.826834e-01
    outer loop
      vertex   3.959830e+01 5.000000e+00 7.480509e+01
      vertex   3.959830e+01 0.000000e+00 7.480509e+01
      vertex   3.951088e+01 5.000000e+00 7.501613e+01
    endloop
  endfacet
  facet normal -9.238795e-01 -0.000000e+00 -3.826834e-01
    outer loop
      vertex   3.951088e+01 5.000000e+00 7.501613e+01
      vertex   3.959830e+01 0.000000e+00 7.480509e+01
      vertex   3.951088e+01 0.000000e+00 7.501613e+01
    endloop
  endfacet
  facet normal -7.933533e-01 -0.000000e+00 -6.087614e-01
    outer loop
      vertex   3.951088e+01 5.000000e+00 7.501613e+01
      vertex   3.951088e+01 0.000000e+00 7.501613e+01
      vertex   3.937183e+01 5.000000e+00 7.519734e+01
    endloop
  endfacet
  facet normal -7.933533e-01 -0.000000e+00 -6.087614e-01
    outer loop
      vertex   3.937183e+01 5.000000e+00 7.519734e+01
      vertex   3.951088e+01 0.000000e+00 7.501613e+01
      vertex   3.937183e+01 0.000000e+00 7.519734e+01
    endloop
  endfacet
  facet normal -6.087614e-01 -0.000000e+00 -7.933533e-01
    outer loop
      vertex   3.937183e+01 5.000000e+00 7.519734e+01
      vertex   3.937183e+01 0.000000e+00 7.519734e+01
      vertex   3.919061e+01 5.000000e+00 7.533640e+01
    endloop
  endfacet
  facet normal -6.087614e-01 -0.000000e+00 -7.933533e-01
    outer loop
      vertex   3.919061e+01 5.000000e+00 7.533640e+01
      vertex   3.937183e+01 0.000000e+00 7.519734e+01
      vertex   3.919061e+01 0.000000e+00 7.533640e+01
    endloop
  endfacet
  facet normal -3.826834e-01 -0.000000e+00 -9.238795e-01
    outer loop
      vertex   3.919061e+01 5.000000e+00 7.533640e+01
      vertex   3.919061e+01 0.000000e+00 7.533640e+01
      vertex   3.897958e+01 5.000000e+00 7.542381e+01
    endloop
  endfacet
  facet normal -3.826834e-01 -0.000000e+00 -9.238795e-01
    outer loop
      vertex   3.897958e+01 5.000000e+00 7.542381e+01
      vertex   3.919061e+01 0.000000e+00 7.533640e+01
      vertex   3.897958e+01 0.000000e+00 7.542381e+01
    endloop
  endfacet
  facet normal -1.305262e-01 -0.000000e+00 -9.914449e-01
    outer loop
      vertex   3.897958e+01 5.000000e+00 7.542381e+01
      vertex   3.897958e+01 0.000000e+00 7.542381e+01
      vertex   3.875311e+01 5.000000e+00 7.545363e+01
    endloop
  endfacet
  facet normal -1.305262e-01 -0.000000e+00 -9.914449e-01
    outer loop
      vertex   3.875311e+01 5.000000e+00 7.545363e+01
      vertex   3.897958e+01 0.000000e+00 7.542381e+01
      vertex   3.875311e+01 0.000000e+00 7.545363e+01
    endloop
  endfacet
  facet normal 1.305262e-01 0.000000e+00 -9.914449e-01
    outer loop
      vertex   3.875311e+01 5.000000e+00 7.545363e+01
      vertex   3.875311e+01 0.000000e+00 7.545363e+01
      vertex   3.852665e+01 5.000000e+00 7.542381e+01
    endloop
  endfacet
  facet normal 1.305262e-01 0.000000e+00 -9.914449e-01
    outer loop
      vertex   3.852665e+01 5.000000e+00 7.542381e+01
      vertex   3.875311e+01 0.000000e+00 7.545363e+01
      vertex   3.852665e+01 0.000000e+00 7.542381e+01
    endloop
  endfacet
  facet normal 3.826834e-01 0.000000e+00 -9.238795e-01
    outer loop
      vertex   3.852665e+01 5.000000e+00 7.542381e+01
      vertex   3.852665e+01 0.000000e+00 7.542381e+01
      vertex   3.831561e+01 5.000000e+00 7.533640e+01
    endloop
  endfacet
  facet normal 3.826834e-01 0.000000e+00 -9.238795e-01
    outer loop
      vertex   3.831561e+01 5.000000e+00 7.533640e+01
      vertex   3.852665e+01 0.000000e+00 7.542381e+01
      vertex   3.831561e+01 0.000000e+00 7.533640e+01
    endloop
  endfacet
  facet normal 6.087614e-01 0.000000e+00 -7.933533e-01
    outer loop
      vertex   3.831561e+01 5.000000e+00 7.533640e+01
      vertex   3.831561e+01 0.000000e+00 7.533640e+01
      vertex   3.813439e+01 5.000000e+00 7.519734e+01
    endloop
  endfacet
  facet normal 6.087614e-01 0.000000e+00 -7.933533e-01
    outer loop
      vertex   3.813439e+01 5.000000e+00 7.519734e+01
      vertex   3.831561e+01 0.000000e+00 7.533640e+01
      vertex   3.813439e+01 0.000000e+00 7.519734e+01
    endloop
  endfacet
  facet normal 7.933533e-01 0.000000e+00 -6.087614e-01
    outer loop
      vertex   3.813439e+01 5.000000e+00 7.519734e+01
      vertex   3.813439e+01 0.000000e+00 7.519734e+01
      vertex   3.799534e+01 5.000000e+00 7.501613e+01
    endloop
  endfacet
  facet normal 7.933533e-01 0.000000e+00 -6.087614e-01
    outer loop
      vertex   3.799534e+01 5.000000e+00 7.501613e+01
      vertex   3.813439e+01 0.000000e+00 7.519734e+01
      vertex   3.799534e+01 0.000000e+00 7.501613e+01
    endloop
  endfacet
  facet normal 9.238795e-01 0.000000e+00 -3.826834e-01
    outer loop
      vertex   3.799534e+01 5.000000e+00 7.501613e+01
      vertex   3.799534e+01 0.000000e+00 7.501613e+01
      vertex   3.790793e+01 5.000000e+00 7.480509e+01
    endloop
  endfacet
  facet normal 9.238795e-01 0.000000e+00 -3.826834e-01
    outer loop
      vertex   3.790793e+01 5.000000e+00 7.480509e+01
      vertex   3.799534e+01 0.000000e+00 7.501613e+01
      vertex   3.790793e+01 0.000000e+00 7.480509e+01
    endloop
  endfacet
  facet normal 0.000000e+00 1.000000e+00 0.000000e+00
    outer loop
      vertex   -3.409557e-01 5.000000e+00 5.500000e+01
      vertex   -3.409557e-01 5.000000e+00 4.900000e+01
      vertex   -2.034096e+01 5.000000e+00 5.500000e+01
    endloop
  endfacet
  facet normal 0.000000e+00 1.000000e+00 0.000000e+00
    outer loop
      vertex   -2.034096e+01 5.000000e+00 5.500000e+01
      vertex   -3.409557e-01 5.000000e+00 4.900000e+01
      vertex   -2.034096e+01 5.000000e+00 4.900000e+01
    endloop
  endfacet
  facet normal 0.000000e+00 1.000000e+00 0.000000e+00
    outer loop
      vertex   -2.034096e+01 5.000000e+00 5.500000e+01
      vertex   -2.034096e+01 5.000000e+00 4.900000e+01
      vertex   -5.934096e+01 5.000000e+00 4.570272e+01
    endloop
  endfacet
  facet normal 0.000000e+00 1.000000e+00 0.000000e+00
    outer loop
      vertex   -5.934096e+01 5.000000e+00 4.570272e+01
      vertex   -2.034096e+01 5.000000e+00 4.900000e+01
      vertex   -2.034096e+01 5.000000e+00 4.570272e+01
    endloop
  endfacet
  facet normal 3.921752e-16 1.000000e+00 1.754510e-15
    outer loop
      vertex   -3.409557e-01 5.000000e+00 6.006226e+01
      vertex   4.125311e+01 5.000000e+00 4.570272e+01
      vertex   -3.409557e-01 5.000000e+00 5.500000e+01
    endloop
  endfacet
  facet normal 0.000000e+00 1.000000e+00 0.000000e+00
    outer loop
      vertex   -3.409557e-01 5.000000e+00 5.500000e+01
      vertex   4.125311e+01 5.000000e+00 4.570272e+01
      vertex   3.875311e+01 5.000000e+00 4.570272e+01
    endloop
  endfacet
  facet normal 0.000000e+00 1.000000e+00 0.000000e+00
    outer loop
      vertex   -3.409557e-01 5.000000e+00 5.500000e+01
      vertex   3.875311e+01 5.000000e+00 4.570272e+01
      vertex   -3.409557e-01 5.000000e+00 4.900000e+01
    endloop
  endfacet
  facet normal 0.000000e+00 1.000000e+00 0.000000e+00
    outer loop
      vertex   -3.409557e-01 5.000000e+00 4.900000e+01
      vertex   3.875311e+01 5.000000e+00 4.570272e+01
      vertex   -3.409557e-01 5.000000e+00 4.570272e+01
    endloop
  endfacet
  facet normal 0.000000e+00 1.000000e+00 -7.391404e-16
    outer loop
      vertex   -2.034096e+01 5.000000e+00 6.006226e+01
      vertex   -5.934096e+01 5.000000e+00 7.207863e+01
      vertex   -3.409557e-01 5.000000e+00 6.006226e+01
    endloop
  endfacet
  facet normal 0.000000e+00 1.000000e+00 -7.391404e-16
    outer loop
      vertex   -3.409557e-01 5.000000e+00 6.006226e+01
      vertex   -5.934096e+01 5.000000e+00 7.207863e+01
      vertex   3.875311e+01 5.000000e+00 7.207863e+01
    endloop
  endfacet
  facet normal 0.000000e+00 1.000000e+00 -7.391404e-16
    outer loop
      vertex   -3.409557e-01 5.000000e+00 6.006226e+01
      vertex   3.875311e+01 5.000000e+00 7.207863e+01
      vertex   4.125311e+01 5.000000e+00 7.207863e+01
    endloop
  endfacet
  facet normal -3.930641e-16 1.000000e+00 1.754510e-15
    outer loop
      vertex   -2.034096e+01 5.000000e+00 5.500000e+01
      vertex   -6.184096e+01 5.000000e+00 4.570272e+01
      vertex   -2.034096e+01 5.000000e+00 6.006226e+01
    endloop
  endfacet
  facet normal 2.140189e-16 1.000000e+00 0.000000e+00
    outer loop
      vertex   -2.034096e+01 5.000000e+00 6.006226e+01
      vertex   -6.184096e+01 5.000000e+00 4.570272e+01
      vertex   -6.184096e+01 5.000000e+00 7.207863e+01
    endloop
  endfacet
  facet normal 0.000000e+00 1.000000e+00 -7.391404e-16
    outer loop
      vertex   -2.034096e+01 5.000000e+00 6.006226e+01
      vertex   -6.184096e+01 5.000000e+00 7.207863e+01
      vertex   -5.934096e+01 5.000000e+00 7.207863e+01
    endloop
  endfacet
  facet normal -2.135349e-16 1.000000e+00 0.000000e+00
    outer loop
      vertex   4.125311e+01 5.000000e+00 7.207863e+01
      vertex   4.125311e+01 5.000000e+00 4.570272e+01
      vertex   -3.409557e-01 5.000000e+00 6.006226e+01
    endloop
  endfacet
  facet normal 0.000000e+00 1.000000e+00 -0.000000e+00
    outer loop
      vertex   -5.934096e+01 5.000000e+00 4.570272e+01
      vertex   -6.184096e+01 5.000000e+00 4.570272e+01
      vertex   -2.034096e+01 5.000000e+00 5.500000e+01
    endloop
  endfacet
  facet normal 1.000000e+00 0.000000e+00 -0.000000e+00
    outer loop
      vertex   4.125311e+01 4.619398e+00 4.378931e+01
      vertex   4.125311e+01 5.000000e+00 4.570272e+01
      vertex   4.125311e+01 4.330127e+00 4.320272e+01
    endloop
  endfacet
  facet normal 1.000000e+00 0.000000e+00 0.000000e+00
    outer loop
      vertex   4.125311e+01 4.330127e+00 4.320272e+01
      vertex   4.125311e+01 5.000000e+00 4.570272e+01
      vertex   4.125311e+01 5.000000e+00 7.207863e+01
    endloop
  endfacet
  facet normal 1.000000e+00 0.000000e+00 -0.000000e+00
    outer loop
      vertex   4.125311e+01 4.330127e+00 4.320272e+01
      vertex   4.125311e+01 5.000000e+00 7.207863e+01
      vertex   4.125311e+01 3.909157e+00 4.258528e+01
    endloop
  endfacet
  facet normal 1.000000e+00 0.000000e+00 0.000000e+00
    outer loop
      vertex   4.125311e+01 3.909157e+00 4.258528e+01
      vertex   4.125311e+01 5.000000e+00 7.207863e+01
      vertex   4.125311e+01 4.330127e+00 7.457863e+01
    endloop
  endfacet
  facet normal 1.000000e+00 0.000000e+00 0.000000e+00
    outer loop
      vertex   4.125311e+01 3.909157e+00 4.258528e+01
      vertex   4.125311e+01 4.330127e+00 7.457863e+01
      vertex   4.125311e+01 3.909157e+00 7.519608e+01
    endloop
  endfacet
  facet normal 1.000000e+00 0.000000e+00 0.000000e+00
    outer loop
      vertex   4.125311e+01 4.619398e+00 4.378931e+01
      vertex   4.125311e+01 4.829629e+00 4.440863e+01
      vertex   4.125311e+01 5.000000e+00 4.570272e+01
    endloop
  endfacet
  facet normal 1.000000e+00 0.000000e+00 0.000000e+00
    outer loop
      vertex   4.125311e+01 5.000000e+00 4.570272e+01
      vertex   4.125311e+01 4.829629e+00 4.440863e+01
      vertex   4.125311e+01 4.957224e+00 4.505009e+01
    endloop
  endfacet
  facet normal 1.000000e+00 0.000000e+00 0.000000e+00
    outer loop
      vertex   4.125311e+01 4.957224e+00 7.273126e+01
      vertex   4.125311e+01 4.829629e+00 7.337272e+01
      vertex   4.125311e+01 5.000000e+00 7.207863e+01
    endloop
  endfacet
  facet normal 1.000000e+00 0.000000e+00 0.000000e+00
    outer loop
      vertex   4.125311e+01 5.000000e+00 7.207863e+01
      vertex   4.125311e+01 4.829629e+00 7.337272e+01
      vertex   4.125311e+01 4.619398e+00 7.399204e+01
    endloop
  endfacet
  facet normal 1.000000e+00 0.000000e+00 0.000000e+00
    outer loop
      vertex   4.125311e+01 5.000000e+00 7.207863e+01
      vertex   4.125311e+01 4.619398e+00 7.399204e+01
      vertex   4.125311e+01 4.330127e+00 7.457863e+01
    endloop
  endfacet
  facet normal 1.000000e+00 0.000000e+00 -0.000000e+00
    outer loop
      vertex   4.125311e+01 3.909157e+00 4.258528e+01
      vertex   4.125311e+01 3.909157e+00 7.519608e+01
      vertex   4.125311e+01 3.400864e+00 4.203747e+01
    endloop
  endfacet
  facet normal 1.000000e+00 0.000000e+00 0.000000e+00
    outer loop
      vertex   4.125311e+01 3.400864e+00 4.203747e+01
      vertex   4.125311e+01 3.909157e+00 7.519608e+01
      vertex   4.125311e+01 3.400864e+00 7.574389e+01
    endloop
  endfacet
  facet normal 1.000000e+00 0.000000e+00 -0.000000e+00
    outer loop
      vertex   4.125311e+01 3.400864e+00 4.203747e+01
      vertex   4.125311e+01 3.400864e+00 7.574389e+01
      vertex   4.125311e+01 2.816600e+00 4.157153e+01
    endloop
  endfacet
  facet normal 1.000000e+00 0.000000e+00 0.000000e+00
    outer loop
      vertex   4.125311e+01 2.816600e+00 4.157153e+01
      vertex   4.125311e+01 3.400864e+00 7.574389e+01
      vertex   4.125311e+01 2.816600e+00 7.620982e+01
    endloop
  endfacet
  facet normal 1.000000e+00 0.000000e+00 -0.000000e+00
    outer loop
      vertex   4.125311e+01 2.816600e+00 4.157153e+01
      vertex   4.125311e+01 2.816600e+00 7.620982e+01
      vertex   4.125311e+01 2.169419e+00 4.119788e+01
    endloop
  endfacet
  facet normal 1.000000e+00 0.000000e+00 0.000000e+00
    outer loop
      vertex   4.125311e+01 2.169419e+00 4.119788e+01
      vertex   4.125311e+01 2.816600e+00 7.620982e+01
      vertex   4.125311e+01 2.169419e+00 7.658347e+01
    endloop
  endfacet
  facet normal 1.000000e+00 0.000000e+00 -0.000000e+00
    outer loop
      vertex   4.125311e+01 2.169419e+00 4.119788e+01
      vertex   4.125311e+01 2.169419e+00 7.658347e+01
      vertex   4.125311e+01 1.473776e+00 4.092486e+01
    endloop
  endfacet
  facet normal 1.000000e+00 0.000000e+00 0.000000e+00
    outer loop
      vertex   4.125311e+01 1.473776e+00 4.092486e+01
      vertex   4.125311e+01 2.169419e+00 7.658347e+01
      vertex   4.125311e+01 1.473776e+00 7.685649e+01
    endloop
  endfacet
  facet normal 1.000000e+00 0.000000e+00 -0.000000e+00
    outer loop
      vertex   4.125311e+01 1.473776e+00 4.092486e+01
      vertex   4.125311e+01 1.473776e+00 7.685649e+01
      vertex   4.125311e+01 7.452113e-01 4.075857e+01
    endloop
  endfacet
  facet normal 1.000000e+00 0.000000e+00 0.000000e+00
    outer loop
      vertex   4.125311e+01 7.452113e-01 4.075857e+01
      vertex   4.125311e+01 1.473776e+00 7.685649e+01
      vertex   4.125311e+01 7.452113e-01 7.702278e+01
    endloop
  endfacet
  facet normal 1.000000e+00 0.000000e+00 -0.000000e+00
    outer loop
      vertex   4.125311e+01 7.452113e-01 4.075857e+01
      vertex   4.125311e+01 7.452113e-01 7.702278e+01
      vertex   4.125311e+01 0.000000e+00 4.070272e+01
    endloop
  endfacet
  facet normal 1.000000e+00 0.000000e+00 0.000000e+00
    outer loop
      vertex   4.125311e+01 0.000000e+00 4.070272e+01
      vertex   4.125311e+01 7.452113e-01 7.702278e+01
      vertex   4.125311e+01 0.000000e+00 7.707863e+01
    endloop
  endfacet
  facet normal 1.000000e+00 0.000000e+00 0.000000e+00
    outer loop
      vertex   -3.409557e-01 1.401137e+01 5.947570e+01
      vertex   -3.409557e-01 1.085652e+01 5.664255e+01
      vertex   -3.409557e-01 1.484833e+01 5.884083e+01
    endloop
  endfacet
  facet normal 1.000000e+00 0.000000e+00 0.000000e+00
    outer loop
      vertex   -3.409557e-01 1.484833e+01 5.884083e+01
      vertex   -3.409557e-01 1.085652e+01 5.664255e+01
      vertex   -3.409557e-01 1.158729e+01 5.627854e+01
    endloop
  endfacet
  facet normal 1.000000e+00 0.000000e+00 0.000000e+00
    outer loop
      vertex   -3.409557e-01 1.484833e+01 5.884083e+01
      vertex   -3.409557e-01 1.158729e+01 5.627854e+01
      vertex   -3.409557e-01 1.224907e+01 5.580046e+01
    endloop
  endfacet
  facet normal 1.000000e+00 0.000000e+00 -0.000000e+00
    outer loop
      vertex   -3.409557e-01 1.085652e+01 5.664255e+01
      vertex   -3.409557e-01 1.401137e+01 5.947570e+01
      vertex   -3.409557e-01 1.007626e+01 5.688279e+01
    endloop
  endfacet
  facet normal 1.000000e+00 0.000000e+00 0.000000e+00
    outer loop
      vertex   -3.409557e-01 1.007626e+01 5.688279e+01
      vertex   -3.409557e-01 1.401137e+01 5.947570e+01
      vertex   -3.409557e-01 1.310613e+01 6.000872e+01
    endloop
  endfacet
  facet normal 1.000000e+00 0.000000e+00 0.000000e+00
    outer loop
      vertex   -3.409557e-01 1.007626e+01 5.688279e+01
      vertex   -3.409557e-01 1.310613e+01 6.000872e+01
      vertex   -3.409557e-01 1.214495e+01 6.043263e+01
    endloop
  endfacet
  facet normal 1.000000e+00 0.000000e+00 -0.000000e+00
    outer loop
      vertex   -3.409557e-01 1.007626e+01 5.688279e+01
      vertex   -3.409557e-01 1.214495e+01 6.043263e+01
      vertex   -3.409557e-01 9.267305e+00 5.699285e+01
    endloop
  endfacet
  facet normal 1.000000e+00 0.000000e+00 0.000000e+00
    outer loop
      vertex   -3.409557e-01 9.267305e+00 5.699285e+01
      vertex   -3.409557e-01 1.214495e+01 6.043263e+01
      vertex   -3.409557e-01 1.114092e+01 6.074165e+01
    endloop
  endfacet
  facet normal 1.000000e+00 0.000000e+00 0.000000e+00
    outer loop
      vertex   -3.409557e-01 9.267305e+00 5.699285e+01
      vertex   -3.409557e-01 1.114092e+01 6.074165e+01
      vertex   -3.409557e-01 1.010772e+01 6.093157e+01
    endloop
  endfacet
  facet normal 1.000000e+00 0.000000e+00 0.000000e+00
    outer loop
      vertex   -3.409557e-01 1.010772e+01 6.093157e+01
      vertex   -3.409557e-01 9.059435e+00 6.099980e+01
      vertex   -3.409557e-01 9.267305e+00 5.699285e+01
    endloop
  endfacet
  facet normal 1.000000e+00 0.000000e+00 0.000000e+00
    outer loop
      vertex   -3.409557e-01 9.267305e+00 5.699285e+01
      vertex   -3.409557e-01 9.059435e+00 6.099980e+01
      vertex   -3.409557e-01 8.010336e+00 6.094542e+01
    endloop
  endfacet
  facet normal 1.000000e+00 0.000000e+00 0.000000e+00
    outer loop
      vertex   -3.409557e-01 9.267305e+00 5.699285e+01
      vertex   -3.409557e-01 8.010336e+00 6.094542e+01
      vertex   -3.409557e-01 8.451222e+00 5.696979e+01
    endloop
  endfacet
  facet normal 1.000000e+00 0.000000e+00 0.000000e+00
    outer loop
      vertex   -3.409557e-01 8.451222e+00 5.696979e+01
      vertex   -3.409557e-01 8.010336e+00 6.094542e+01
      vertex   -3.409557e-01 6.974719e+00 6.076916e+01
    endloop
  endfacet
  facet normal 1.000000e+00 0.000000e+00 0.000000e+00
    outer loop
      vertex   -3.409557e-01 8.451222e+00 5.696979e+01
      vertex   -3.409557e-01 6.974719e+00 6.076916e+01
      vertex   -3.409557e-01 5.966696e+00 6.047343e+01
    endloop
  endfacet
  facet normal 1.000000e+00 0.000000e+00 0.000000e+00
    outer loop
      vertex   -3.409557e-01 5.966696e+00 6.047343e+01
      vertex   -3.409557e-01 5.000000e+00 6.006226e+01
      vertex   -3.409557e-01 8.451222e+00 5.696979e+01
    endloop
  endfacet
  facet normal 1.000000e+00 0.000000e+00 0.000000e+00
    outer loop
      vertex   -3.409557e-01 8.451222e+00 5.696979e+01
      vertex   -3.409557e-01 5.000000e+00 6.006226e+01
      vertex   -3.409557e-01 7.649770e+00 5.681424e+01
    endloop
  endfacet
  facet normal 1.000000e+00 0.000000e+00 0.000000e+00
    outer loop
      vertex   -3.409557e-01 7.649770e+00 5.681424e+01
      vertex   -3.409557e-01 5.000000e+00 6.006226e+01
      vertex   -3.409557e-01 6.884316e+00 5.653033e+01
    endloop
  endfacet
  facet normal 1.000000e+00 0.000000e+00 0.000000e+00
    outer loop
      vertex   -3.409557e-01 6.884316e+00 5.653033e+01
      vertex   -3.409557e-01 5.000000e+00 6.006226e+01
      vertex   -3.409557e-01 6.175269e+00 5.612564e+01
    endloop
  endfacet
  facet normal 1.000000e+00 0.000000e+00 0.000000e+00
    outer loop
      vertex   -3.409557e-01 6.175269e+00 5.612564e+01
      vertex   -3.409557e-01 5.000000e+00 6.006226e+01
      vertex   -3.409557e-01 5.541532e+00 5.561095e+01
    endloop
  endfacet
  facet normal 1.000000e+00 0.000000e+00 0.000000e+00
    outer loop
      vertex   -3.409557e-01 5.541532e+00 5.561095e+01
      vertex   -3.409557e-01 5.000000e+00 6.006226e+01
      vertex   -3.409557e-01 5.000000e+00 5.500000e+01
    endloop
  endfacet
  facet normal 1.000000e+00 0.000000e+00 0.000000e+00
    outer loop
      vertex   -3.409557e-01 1.280046e+01 4.875092e+01
      vertex   -3.409557e-01 1.222361e+01 4.817791e+01
      vertex   -3.409557e-01 1.584083e+01 4.615167e+01
    endloop
  endfacet
  facet normal 1.000000e+00 0.000000e+00 0.000000e+00
    outer loop
      vertex   -3.409557e-01 1.584083e+01 4.615167e+01
      vertex   -3.409557e-01 1.222361e+01 4.817791e+01
      vertex   -3.409557e-01 1.156152e+01 4.770598e+01
    endloop
  endfacet
  facet normal 1.000000e+00 0.000000e+00 0.000000e+00
    outer loop
      vertex   -3.409557e-01 1.584083e+01 4.615167e+01
      vertex   -3.409557e-01 1.156152e+01 4.770598e+01
      vertex   -3.409557e-01 1.506863e+01 4.535381e+01
    endloop
  endfacet
  facet normal 1.000000e+00 0.000000e+00 0.000000e+00
    outer loop
      vertex   -3.409557e-01 1.506863e+01 4.535381e+01
      vertex   -3.409557e-01 1.156152e+01 4.770598e+01
      vertex   -3.409557e-01 1.083168e+01 4.734759e+01
    endloop
  endfacet
  facet normal 1.000000e+00 0.000000e+00 0.000000e+00
    outer loop
      vertex   -3.409557e-01 1.506863e+01 4.535381e+01
      vertex   -3.409557e-01 1.083168e+01 4.734759e+01
      vertex   -3.409557e-01 1.420405e+01 4.465712e+01
    endloop
  endfacet
  facet normal 1.000000e+00 0.000000e+00 0.000000e+00
    outer loop
      vertex   -3.409557e-01 1.420405e+01 4.465712e+01
      vertex   -3.409557e-01 1.083168e+01 4.734759e+01
      vertex   -3.409557e-01 1.005341e+01 4.711223e+01
    endloop
  endfacet
  facet normal 1.000000e+00 0.000000e+00 0.000000e+00
    outer loop
      vertex   -3.409557e-01 1.420405e+01 4.465712e+01
      vertex   -3.409557e-01 1.005341e+01 4.711223e+01
      vertex   -3.409557e-01 1.326027e+01 4.407219e+01
    endloop
  endfacet
  facet normal 1.000000e+00 0.000000e+00 0.000000e+00
    outer loop
      vertex   -3.409557e-01 1.326027e+01 4.407219e+01
      vertex   -3.409557e-01 1.005341e+01 4.711223e+01
      vertex   -3.409557e-01 1.225164e+01 4.360793e+01
    endloop
  endfacet
  facet normal 1.000000e+00 0.000000e+00 0.000000e+00
    outer loop
      vertex   -3.409557e-01 1.225164e+01 4.360793e+01
      vertex   -3.409557e-01 1.005341e+01 4.711223e+01
      vertex   -3.409557e-01 9.247289e+00 4.700612e+01
    endloop
  endfacet
  facet normal 1.000000e+00 0.000000e+00 0.000000e+00
    outer loop
      vertex   -3.409557e-01 1.225164e+01 4.360793e+01
      vertex   -3.409557e-01 9.247289e+00 4.700612e+01
      vertex   -3.409557e-01 1.119353e+01 4.327140e+01
    endloop
  endfacet
  facet normal 1.000000e+00 0.000000e+00 0.000000e+00
    outer loop
      vertex   -3.409557e-01 1.119353e+01 4.327140e+01
      vertex   -3.409557e-01 9.247289e+00 4.700612e+01
      vertex   -3.409557e-01 1.010202e+01 4.306772e+01
    endloop
  endfacet
  facet normal 1.000000e+00 0.000000e+00 0.000000e+00
    outer loop
      vertex   -3.409557e-01 1.010202e+01 4.306772e+01
      vertex   -3.409557e-01 9.247289e+00 4.700612e+01
      vertex   -3.409557e-01 8.993742e+00 4.300000e+01
    endloop
  endfacet
  facet normal 1.000000e+00 0.000000e+00 -0.000000e+00
    outer loop
      vertex   -3.409557e-01 8.993742e+00 4.300000e+01
      vertex   -3.409557e-01 9.247289e+00 4.700612e+01
      vertex   -3.409557e-01 7.885559e+00 4.306926e+01
    endloop
  endfacet
  facet normal 1.000000e+00 0.000000e+00 -0.000000e+00
    outer loop
      vertex   -3.409557e-01 7.885559e+00 4.306926e+01
      vertex   -3.409557e-01 9.247289e+00 4.700612e+01
      vertex   -3.409557e-01 4.969611e+00 4.515230e+01
    endloop
  endfacet
  facet normal 1.000000e+00 0.000000e+00 0.000000e+00
    outer loop
      vertex   -3.409557e-01 7.885559e+00 4.306926e+01
      vertex   -3.409557e-01 4.969611e+00 4.515230e+01
      vertex   -3.409557e-01 6.794338e+00 4.327446e+01
    endloop
  endfacet
  facet normal 1.000000e+00 0.000000e+00 0.000000e+00
    outer loop
      vertex   -3.409557e-01 6.794338e+00 4.327446e+01
      vertex   -3.409557e-01 4.969611e+00 4.515230e+01
      vertex   -3.409557e-01 4.878812e+00 4.460856e+01
    endloop
  endfacet
  facet normal 1.000000e+00 0.000000e+00 0.000000e+00
    outer loop
      vertex   -3.409557e-01 6.794338e+00 4.327446e+01
      vertex   -3.409557e-01 4.878812e+00 4.460856e+01
      vertex   -3.409557e-01 5.736688e+00 4.361246e+01
    endloop
  endfacet
  facet normal 1.000000e+00 0.000000e+00 0.000000e+00
    outer loop
      vertex   -3.409557e-01 5.736688e+00 4.361246e+01
      vertex   -3.409557e-01 4.878812e+00 4.460856e+01
      vertex   -3.409557e-01 4.728708e+00 4.407813e+01
    endloop
  endfacet
  facet normal 1.000000e+00 0.000000e+00 0.000000e+00
    outer loop
      vertex   -3.409557e-01 9.247289e+00 4.700612e+01
      vertex   -3.409557e-01 8.434624e+00 4.703207e+01
      vertex   -3.409557e-01 4.969611e+00 4.515230e+01
    endloop
  endfacet
  facet normal 1.000000e+00 0.000000e+00 0.000000e+00
    outer loop
      vertex   -3.409557e-01 4.969611e+00 4.515230e+01
      vertex   -3.409557e-01 8.434624e+00 4.703207e+01
      vertex   -3.409557e-01 5.000000e+00 4.570272e+01
    endloop
  endfacet
  facet normal 1.000000e+00 0.000000e+00 0.000000e+00
    outer loop
      vertex   -3.409557e-01 5.000000e+00 4.570272e+01
      vertex   -3.409557e-01 8.434624e+00 4.703207e+01
      vertex   -3.409557e-01 7.636910e+00 4.718939e+01
    endloop
  endfacet
  facet normal 1.000000e+00 0.000000e+00 0.000000e+00
    outer loop
      vertex   -3.409557e-01 5.000000e+00 4.570272e+01
      vertex   -3.409557e-01 7.636910e+00 4.718939e+01
      vertex   -3.409557e-01 6.875241e+00 4.747392e+01
    endloop
  endfacet
  facet normal 1.000000e+00 0.000000e+00 0.000000e+00
    outer loop
      vertex   -3.409557e-01 6.875241e+00 4.747392e+01
      vertex   -3.409557e-01 6.169759e+00 4.787814e+01
      vertex   -3.409557e-01 5.000000e+00 4.570272e+01
    endloop
  endfacet
  facet normal 1.000000e+00 0.000000e+00 0.000000e+00
    outer loop
      vertex   -3.409557e-01 5.000000e+00 4.570272e+01
      vertex   -3.409557e-01 6.169759e+00 4.787814e+01
      vertex   -3.409557e-01 5.539120e+00 4.839136e+01
    endloop
  endfacet
  facet normal 1.000000e+00 0.000000e+00 0.000000e+00
    outer loop
      vertex   -3.409557e-01 5.000000e+00 4.570272e+01
      vertex   -3.409557e-01 5.539120e+00 4.839136e+01
      vertex   -3.409557e-01 5.000000e+00 4.900000e+01
    endloop
  endfacet
  facet normal 0.000000e+00 -7.047408e-01 7.094648e-01
    outer loop
      vertex   -3.409557e-01 1.280046e+01 4.875092e+01
      vertex   -2.034096e+01 1.280046e+01 4.875092e+01
      vertex   -1.034096e+01 1.222361e+01 4.817791e+01
    endloop
  endfacet
  facet normal -2.503742e-16 -7.047408e-01 7.094648e-01
    outer loop
      vertex   -1.034096e+01 1.222361e+01 4.817791e+01
      vertex   -2.034096e+01 1.280046e+01 4.875092e+01
      vertex   -2.034096e+01 1.222361e+01 4.817791e+01
    endloop
  endfacet
  facet normal -2.062118e-16 -5.804346e-01 8.143069e-01
    outer loop
      vertex   -1.034096e+01 1.222361e+01 4.817791e+01
      vertex   -2.034096e+01 1.222361e+01 4.817791e+01
      vertex   -1.034096e+01 1.156152e+01 4.770598e+01
    endloop
  endfacet
  facet normal 0.000000e+00 -5.804346e-01 8.143069e-01
    outer loop
      vertex   -1.034096e+01 1.156152e+01 4.770598e+01
      vertex   -2.034096e+01 1.222361e+01 4.817791e+01
      vertex   -2.034096e+01 1.156152e+01 4.770598e+01
    endloop
  endfacet
  facet normal 0.000000e+00 -4.407793e-01 8.976155e-01
    outer loop
      vertex   -1.034096e+01 1.156152e+01 4.770598e+01
      vertex   -2.034096e+01 1.156152e+01 4.770598e+01
      vertex   -1.034096e+01 1.083168e+01 4.734759e+01
    endloop
  endfacet
  facet normal 0.000000e+00 -4.407793e-01 8.976155e-01
    outer loop
      vertex   -1.034096e+01 1.083168e+01 4.734759e+01
      vertex   -2.034096e+01 1.156152e+01 4.770598e+01
      vertex   -2.034096e+01 1.083168e+01 4.734759e+01
    endloop
  endfacet
  facet normal 0.000000e+00 -2.894681e-01 9.571876e-01
    outer loop
      vertex   -1.034096e+01 1.083168e+01 4.734759e+01
      vertex   -2.034096e+01 1.083168e+01 4.734759e+01
      vertex   -1.034096e+01 1.005341e+01 4.711223e+01
    endloop
  endfacet
  facet normal -5.141987e-17 -2.894681e-01 9.571876e-01
    outer loop
      vertex   -1.034096e+01 1.005341e+01 4.711223e+01
      vertex   -2.034096e+01 1.083168e+01 4.734759e+01
      vertex   -2.034096e+01 1.005341e+01 4.711223e+01
    endloop
  endfacet
  facet normal -2.318186e-17 -1.305023e-01 9.914480e-01
    outer loop
      vertex   -1.034096e+01 1.005341e+01 4.711223e+01
      vertex   -2.034096e+01 1.005341e+01 4.711223e+01
      vertex   -1.034096e+01 9.247289e+00 4.700612e+01
    endloop
  endfacet
  facet normal 0.000000e+00 -1.305023e-01 9.914480e-01
    outer loop
      vertex   -1.034096e+01 9.247289e+00 4.700612e+01
      vertex   -2.034096e+01 1.005341e+01 4.711223e+01
      vertex   -2.034096e+01 9.247289e+00 4.700612e+01
    endloop
  endfacet
  facet normal 0.000000e+00 3.191454e-02 9.994906e-01
    outer loop
      vertex   -1.034096e+01 9.247289e+00 4.700612e+01
      vertex   -2.034096e+01 9.247289e+00 4.700612e+01
      vertex   -1.034096e+01 8.434624e+00 4.703207e+01
    endloop
  endfacet
  facet normal 0.000000e+00 3.191454e-02 9.994906e-01
    outer loop
      vertex   -1.034096e+01 8.434624e+00 4.703207e+01
      vertex   -2.034096e+01 9.247289e+00 4.700612e+01
      vertex   -2.034096e+01 8.434624e+00 4.703207e+01
    endloop
  endfacet
  facet normal 0.000000e+00 1.934874e-01 9.811028e-01
    outer loop
      vertex   -1.034096e+01 8.434624e+00 4.703207e+01
      vertex   -2.034096e+01 8.434624e+00 4.703207e+01
      vertex   -1.034096e+01 7.636910e+00 4.718939e+01
    endloop
  endfacet
  facet normal -1.718514e-17 1.934874e-01 9.811028e-01
    outer loop
      vertex   -1.034096e+01 7.636910e+00 4.718939e+01
      vertex   -2.034096e+01 8.434624e+00 4.703207e+01
      vertex   -2.034096e+01 7.636910e+00 4.718939e+01
    endloop
  endfacet
  facet normal -3.108125e-17 3.499438e-01 9.367707e-01
    outer loop
      vertex   -1.034096e+01 7.636910e+00 4.718939e+01
      vertex   -2.034096e+01 7.636910e+00 4.718939e+01
      vertex   -1.034096e+01 6.875241e+00 4.747392e+01
    endloop
  endfacet
  facet normal 0.000000e+00 3.499438e-01 9.367707e-01
    outer loop
      vertex   -1.034096e+01 6.875241e+00 4.747392e+01
      vertex   -2.034096e+01 7.636910e+00 4.718939e+01
      vertex   -2.034096e+01 6.875241e+00 4.747392e+01
    endloop
  endfacet
  facet normal 0.000000e+00 4.971462e-01 8.676668e-01
    outer loop
      vertex   -1.034096e+01 6.875241e+00 4.747392e+01
      vertex   -2.034096e+01 6.875241e+00 4.747392e+01
      vertex   -1.034096e+01 6.169759e+00 4.787814e+01
    endloop
  endfacet
  facet normal -8.831091e-17 4.971462e-01 8.676668e-01
    outer loop
      vertex   -1.034096e+01 6.169759e+00 4.787814e+01
      vertex   -2.034096e+01 6.875241e+00 4.747392e+01
      vertex   -2.034096e+01 6.169759e+00 4.787814e+01
    endloop
  endfacet
  facet normal -1.121240e-16 6.312022e-01 7.756184e-01
    outer loop
      vertex   -1.034096e+01 6.169759e+00 4.787814e+01
      vertex   -2.034096e+01 6.169759e+00 4.787814e+01
      vertex   -1.034096e+01 5.539120e+00 4.839136e+01
    endloop
  endfacet
  facet normal -5.606201e-17 6.312022e-01 7.756184e-01
    outer loop
      vertex   -1.034096e+01 5.539120e+00 4.839136e+01
      vertex   -2.034096e+01 6.169759e+00 4.787814e+01
      vertex   -2.034096e+01 5.539120e+00 4.839136e+01
    endloop
  endfacet
  facet normal -6.648607e-17 7.485667e-01 6.630595e-01
    outer loop
      vertex   -1.034096e+01 5.539120e+00 4.839136e+01
      vertex   -2.034096e+01 5.539120e+00 4.839136e+01
      vertex   -2.034096e+01 5.000000e+00 4.900000e+01
    endloop
  endfacet
  facet normal -0.000000e+00 7.485667e-01 6.630595e-01
    outer loop
      vertex   -2.034096e+01 5.000000e+00 4.900000e+01
      vertex   -3.409557e-01 5.000000e+00 4.900000e+01
      vertex   -1.034096e+01 5.539120e+00 4.839136e+01
    endloop
  endfacet
  facet normal -0.000000e+00 7.485667e-01 6.630595e-01
    outer loop
      vertex   -1.034096e+01 5.539120e+00 4.839136e+01
      vertex   -3.409557e-01 5.000000e+00 4.900000e+01
      vertex   -3.409557e-01 5.539120e+00 4.839136e+01
    endloop
  endfacet
  facet normal -0.000000e+00 6.312022e-01 7.756184e-01
    outer loop
      vertex   -1.034096e+01 5.539120e+00 4.839136e+01
      vertex   -3.409557e-01 5.539120e+00 4.839136e+01
      vertex   -1.034096e+01 6.169759e+00 4.787814e+01
    endloop
  endfacet
  facet normal -0.000000e+00 6.312022e-01 7.756184e-01
    outer loop
      vertex   -1.034096e+01 6.169759e+00 4.787814e+01
      vertex   -3.409557e-01 5.539120e+00 4.839136e+01
      vertex   -3.409557e-01 6.169759e+00 4.787814e+01
    endloop
  endfacet
  facet normal -0.000000e+00 4.971462e-01 8.676668e-01
    outer loop
      vertex   -1.034096e+01 6.169759e+00 4.787814e+01
      vertex   -3.409557e-01 6.169759e+00 4.787814e+01
      vertex   -1.034096e+01 6.875241e+00 4.747392e+01
    endloop
  endfacet
  facet normal -0.000000e+00 4.971462e-01 8.676668e-01
    outer loop
      vertex   -1.034096e+01 6.875241e+00 4.747392e+01
      vertex   -3.409557e-01 6.169759e+00 4.787814e+01
      vertex   -3.409557e-01 6.875241e+00 4.747392e+01
    endloop
  endfacet
  facet normal -0.000000e+00 3.499438e-01 9.367707e-01
    outer loop
      vertex   -1.034096e+01 6.875241e+00 4.747392e+01
      vertex   -3.409557e-01 6.875241e+00 4.747392e+01
      vertex   -1.034096e+01 7.636910e+00 4.718939e+01
    endloop
  endfacet
  facet normal 1.243250e-16 3.499438e-01 9.367707e-01
    outer loop
      vertex   -1.034096e+01 7.636910e+00 4.718939e+01
      vertex   -3.409557e-01 6.875241e+00 4.747392e+01
      vertex   -3.409557e-01 7.636910e+00 4.718939e+01
    endloop
  endfacet
  facet normal 6.874054e-17 1.934874e-01 9.811028e-01
    outer loop
      vertex   -1.034096e+01 7.636910e+00 4.718939e+01
      vertex   -3.409557e-01 7.636910e+00 4.718939e+01
      vertex   -1.034096e+01 8.434624e+00 4.703207e+01
    endloop
  endfacet
  facet normal 3.437027e-17 1.934874e-01 9.811028e-01
    outer loop
      vertex   -1.034096e+01 8.434624e+00 4.703207e+01
      vertex   -3.409557e-01 7.636910e+00 4.718939e+01
      vertex   -3.409557e-01 8.434624e+00 4.703207e+01
    endloop
  endfacet
  facet normal 5.669161e-18 3.191454e-02 9.994906e-01
    outer loop
      vertex   -1.034096e+01 8.434624e+00 4.703207e+01
      vertex   -3.409557e-01 8.434624e+00 4.703207e+01
      vertex   -1.034096e+01 9.247289e+00 4.700612e+01
    endloop
  endfacet
  facet normal -0.000000e+00 3.191454e-02 9.994906e-01
    outer loop
      vertex   -1.034096e+01 9.247289e+00 4.700612e+01
      vertex   -3.409557e-01 8.434624e+00 4.703207e+01
      vertex   -3.409557e-01 9.247289e+00 4.700612e+01
    endloop
  endfacet
  facet normal 0.000000e+00 -1.305023e-01 9.914480e-01
    outer loop
      vertex   -1.034096e+01 9.247289e+00 4.700612e+01
      vertex   -3.409557e-01 9.247289e+00 4.700612e+01
      vertex   -1.034096e+01 1.005341e+01 4.711223e+01
    endloop
  endfacet
  facet normal 0.000000e+00 -1.305023e-01 9.914480e-01
    outer loop
      vertex   -1.034096e+01 1.005341e+01 4.711223e+01
      vertex   -3.409557e-01 9.247289e+00 4.700612e+01
      vertex   -3.409557e-01 1.005341e+01 4.711223e+01
    endloop
  endfacet
  facet normal 0.000000e+00 -2.894681e-01 9.571876e-01
    outer loop
      vertex   -1.034096e+01 1.005341e+01 4.711223e+01
      vertex   -3.409557e-01 1.005341e+01 4.711223e+01
      vertex   -1.034096e+01 1.083168e+01 4.734759e+01
    endloop
  endfacet
  facet normal -1.028397e-16 -2.894681e-01 9.571876e-01
    outer loop
      vertex   -1.034096e+01 1.083168e+01 4.734759e+01
      vertex   -3.409557e-01 1.005341e+01 4.711223e+01
      vertex   -3.409557e-01 1.083168e+01 4.734759e+01
    endloop
  endfacet
  facet normal -1.565963e-16 -4.407793e-01 8.976155e-01
    outer loop
      vertex   -1.034096e+01 1.083168e+01 4.734759e+01
      vertex   -3.409557e-01 1.083168e+01 4.734759e+01
      vertex   -1.034096e+01 1.156152e+01 4.770598e+01
    endloop
  endfacet
  facet normal 0.000000e+00 -4.407793e-01 8.976155e-01
    outer loop
      vertex   -1.034096e+01 1.156152e+01 4.770598e+01
      vertex   -3.409557e-01 1.083168e+01 4.734759e+01
      vertex   -3.409557e-01 1.156152e+01 4.770598e+01
    endloop
  endfacet
  facet normal 0.000000e+00 -5.804346e-01 8.143069e-01
    outer loop
      vertex   -1.034096e+01 1.156152e+01 4.770598e+01
      vertex   -3.409557e-01 1.156152e+01 4.770598e+01
      vertex   -1.034096e+01 1.222361e+01 4.817791e+01
    endloop
  endfacet
  facet normal 0.000000e+00 -5.804346e-01 8.143069e-01
    outer loop
      vertex   -1.034096e+01 1.222361e+01 4.817791e+01
      vertex   -3.409557e-01 1.156152e+01 4.770598e+01
      vertex   -3.409557e-01 1.222361e+01 4.817791e+01
    endloop
  endfacet
  facet normal 0.000000e+00 -7.047408e-01 7.094648e-01
    outer loop
      vertex   -1.034096e+01 1.222361e+01 4.817791e+01
      vertex   -3.409557e-01 1.222361e+01 4.817791e+01
      vertex   -3.409557e-01 1.280046e+01 4.875092e+01
    endloop
  endfacet
  facet normal 0.000000e+00 6.043470e-01 7.967212e-01
    outer loop
      vertex   -3.409557e-01 1.484833e+01 5.884083e+01
      vertex   -2.034096e+01 1.484833e+01 5.884083e+01
      vertex   -3.409557e-01 1.401137e+01 5.947570e+01
    endloop
  endfacet
  facet normal 0.000000e+00 6.043470e-01 7.967212e-01
    outer loop
      vertex   -3.409557e-01 1.401137e+01 5.947570e+01
      vertex   -2.034096e+01 1.484833e+01 5.884083e+01
      vertex   -2.034096e+01 1.401137e+01 5.947570e+01
    endloop
  endfacet
  facet normal 0.000000e+00 5.073928e-01 8.617149e-01
    outer loop
      vertex   -3.409557e-01 1.401137e+01 5.947570e+01
      vertex   -2.034096e+01 1.401137e+01 5.947570e+01
      vertex   -3.409557e-01 1.310613e+01 6.000872e+01
    endloop
  endfacet
  facet normal 0.000000e+00 5.073928e-01 8.617149e-01
    outer loop
      vertex   -3.409557e-01 1.310613e+01 6.000872e+01
      vertex   -2.034096e+01 1.401137e+01 5.947570e+01
      vertex   -2.034096e+01 1.310613e+01 6.000872e+01
    endloop
  endfacet
  facet normal 0.000000e+00 4.035258e-01 9.149683e-01
    outer loop
      vertex   -3.409557e-01 1.310613e+01 6.000872e+01
      vertex   -2.034096e+01 1.310613e+01 6.000872e+01
      vertex   -3.409557e-01 1.214495e+01 6.043263e+01
    endloop
  endfacet
  facet normal 0.000000e+00 4.035258e-01 9.149683e-01
    outer loop
      vertex   -3.409557e-01 1.214495e+01 6.043263e+01
      vertex   -2.034096e+01 1.310613e+01 6.000872e+01
      vertex   -2.034096e+01 1.214495e+01 6.043263e+01
    endloop
  endfacet
  facet normal 0.000000e+00 2.941610e-01 9.557559e-01
    outer loop
      vertex   -3.409557e-01 1.214495e+01 6.043263e+01
      vertex   -2.034096e+01 1.214495e+01 6.043263e+01
      vertex   -3.409557e-01 1.114092e+01 6.074165e+01
    endloop
  endfacet
  facet normal 0.000000e+00 2.941610e-01 9.557559e-01
    outer loop
      vertex   -3.409557e-01 1.114092e+01 6.074165e+01
      vertex   -2.034096e+01 1.214495e+01 6.043263e+01
      vertex   -2.034096e+01 1.114092e+01 6.074165e+01
    endloop
  endfacet
  facet normal 0.000000e+00 1.807885e-01 9.835220e-01
    outer loop
      vertex   -3.409557e-01 1.114092e+01 6.074165e+01
      vertex   -2.034096e+01 1.114092e+01 6.074165e+01
      vertex   -3.409557e-01 1.010772e+01 6.093157e+01
    endloop
  endfacet
  facet normal 0.000000e+00 1.807885e-01 9.835220e-01
    outer loop
      vertex   -3.409557e-01 1.010772e+01 6.093157e+01
      vertex   -2.034096e+01 1.114092e+01 6.074165e+01
      vertex   -2.034096e+01 1.010772e+01 6.093157e+01
    endloop
  endfacet
  facet normal 0.000000e+00 6.495283e-02 9.978883e-01
    outer loop
      vertex   -3.409557e-01 1.010772e+01 6.093157e+01
      vertex   -2.034096e+01 1.010772e+01 6.093157e+01
      vertex   -3.409557e-01 9.059435e+00 6.099980e+01
    endloop
  endfacet
  facet normal 0.000000e+00 6.495283e-02 9.978883e-01
    outer loop
      vertex   -3.409557e-01 9.059435e+00 6.099980e+01
      vertex   -2.034096e+01 1.010772e+01 6.093157e+01
      vertex   -2.034096e+01 9.059435e+00 6.099980e+01
    endloop
  endfacet
  facet normal 0.000000e+00 -5.176775e-02 9.986592e-01
    outer loop
      vertex   -3.409557e-01 9.059435e+00 6.099980e+01
      vertex   -2.034096e+01 9.059435e+00 6.099980e+01
      vertex   -3.409557e-01 8.010336e+00 6.094542e+01
    endloop
  endfacet
  facet normal 0.000000e+00 -5.176775e-02 9.986592e-01
    outer loop
      vertex   -3.409557e-01 8.010336e+00 6.094542e+01
      vertex   -2.034096e+01 9.059435e+00 6.099980e+01
      vertex   -2.034096e+01 8.010336e+00 6.094542e+01
    endloop
  endfacet
  facet normal 0.000000e+00 -1.677830e-01 9.858239e-01
    outer loop
      vertex   -3.409557e-01 8.010336e+00 6.094542e+01
      vertex   -2.034096e+01 8.010336e+00 6.094542e+01
      vertex   -3.409557e-01 6.974719e+00 6.076916e+01
    endloop
  endfacet
  facet normal 0.000000e+00 -1.677830e-01 9.858239e-01
    outer loop
      vertex   -3.409557e-01 6.974719e+00 6.076916e+01
      vertex   -2.034096e+01 8.010336e+00 6.094542e+01
      vertex   -2.034096e+01 6.974719e+00 6.076916e+01
    endloop
  endfacet
  facet normal 0.000000e+00 -2.815124e-01 9.595576e-01
    outer loop
      vertex   -3.409557e-01 6.974719e+00 6.076916e+01
      vertex   -2.034096e+01 6.974719e+00 6.076916e+01
      vertex   -3.409557e-01 5.966696e+00 6.047343e+01
    endloop
  endfacet
  facet normal 0.000000e+00 -2.815124e-01 9.595576e-01
    outer loop
      vertex   -3.409557e-01 5.966696e+00 6.047343e+01
      vertex   -2.034096e+01 6.974719e+00 6.076916e+01
      vertex   -2.034096e+01 5.966696e+00 6.047343e+01
    endloop
  endfacet
  facet normal 0.000000e+00 -3.914063e-01 9.202180e-01
    outer loop
      vertex   -3.409557e-01 5.966696e+00 6.047343e+01
      vertex   -2.034096e+01 5.966696e+00 6.047343e+01
      vertex   -3.409557e-01 5.000000e+00 6.006226e+01
    endloop
  endfacet
  facet normal 0.000000e+00 -3.914063e-01 9.202180e-01
    outer loop
      vertex   -3.409557e-01 5.000000e+00 6.006226e+01
      vertex   -2.034096e+01 5.966696e+00 6.047343e+01
      vertex   -2.034096e+01 5.000000e+00 6.006226e+01
    endloop
  endfacet
  facet normal 0.000000e+00 7.600926e-01 -6.498148e-01
    outer loop
      vertex   -2.034096e+01 1.224907e+01 5.580046e+01
      vertex   -2.034096e+01 1.484833e+01 5.884083e+01
      vertex   -3.409557e-01 1.224907e+01 5.580046e+01
    endloop
  endfacet
  facet normal 0.000000e+00 7.600926e-01 -6.498148e-01
    outer loop
      vertex   -3.409557e-01 1.224907e+01 5.580046e+01
      vertex   -2.034096e+01 1.484833e+01 5.884083e+01
      vertex   -3.409557e-01 1.484833e+01 5.884083e+01
    endloop
  endfacet
  facet normal 0.000000e+00 7.483451e-01 -6.633096e-01
    outer loop
      vertex   -3.409557e-01 5.000000e+00 5.500000e+01
      vertex   -2.034096e+01 5.000000e+00 5.500000e+01
      vertex   -1.034096e+01 5.541532e+00 5.561095e+01
    endloop
  endfacet
  facet normal 0.000000e+00 7.483451e-01 -6.633096e-01
    outer loop
      vertex   -1.034096e+01 5.541532e+00 5.561095e+01
      vertex   -2.034096e+01 5.000000e+00 5.500000e+01
      vertex   -2.034096e+01 5.541532e+00 5.561095e+01
    endloop
  endfacet
  facet normal 0.000000e+00 6.304246e-01 -7.762505e-01
    outer loop
      vertex   -1.034096e+01 5.541532e+00 5.561095e+01
      vertex   -2.034096e+01 5.541532e+00 5.561095e+01
      vertex   -1.034096e+01 6.175269e+00 5.612564e+01
    endloop
  endfacet
  facet normal -1.119859e-16 6.304246e-01 -7.762505e-01
    outer loop
      vertex   -1.034096e+01 6.175269e+00 5.612564e+01
      vertex   -2.034096e+01 5.541532e+00 5.561095e+01
      vertex   -2.034096e+01 6.175269e+00 5.612564e+01
    endloop
  endfacet
  facet normal -8.805336e-17 4.956963e-01 -8.684959e-01
    outer loop
      vertex   -1.034096e+01 6.175269e+00 5.612564e+01
      vertex   -2.034096e+01 6.175269e+00 5.612564e+01
      vertex   -1.034096e+01 6.884316e+00 5.653033e+01
    endloop
  endfacet
  facet normal 4.402668e-17 4.956963e-01 -8.684959e-01
    outer loop
      vertex   -1.034096e+01 6.884316e+00 5.653033e+01
      vertex   -2.034096e+01 6.175269e+00 5.612564e+01
      vertex   -2.034096e+01 6.884316e+00 5.653033e+01
    endloop
  endfacet
  facet normal 3.088662e-17 3.477524e-01 -9.375864e-01
    outer loop
      vertex   -1.034096e+01 6.884316e+00 5.653033e+01
      vertex   -2.034096e+01 6.884316e+00 5.653033e+01
      vertex   -1.034096e+01 7.649770e+00 5.681424e+01
    endloop
  endfacet
  facet normal 0.000000e+00 3.477524e-01 -9.375864e-01
    outer loop
      vertex   -1.034096e+01 7.649770e+00 5.681424e+01
      vertex   -2.034096e+01 6.884316e+00 5.653033e+01
      vertex   -2.034096e+01 7.649770e+00 5.681424e+01
    endloop
  endfacet
  facet normal 0.000000e+00 1.905370e-01 -9.816800e-01
    outer loop
      vertex   -1.034096e+01 7.649770e+00 5.681424e+01
      vertex   -2.034096e+01 7.649770e+00 5.681424e+01
      vertex   -1.034096e+01 8.451222e+00 5.696979e+01
    endloop
  endfacet
  facet normal 0.000000e+00 1.905370e-01 -9.816800e-01
    outer loop
      vertex   -1.034096e+01 8.451222e+00 5.696979e+01
      vertex   -2.034096e+01 7.649770e+00 5.681424e+01
      vertex   -2.034096e+01 8.451222e+00 5.696979e+01
    endloop
  endfacet
  facet normal 0.000000e+00 2.824180e-02 -9.996011e-01
    outer loop
      vertex   -1.034096e+01 8.451222e+00 5.696979e+01
      vertex   -2.034096e+01 8.451222e+00 5.696979e+01
      vertex   -1.034096e+01 9.267305e+00 5.699285e+01
    endloop
  endfacet
  facet normal 5.016751e-18 2.824180e-02 -9.996011e-01
    outer loop
      vertex   -1.034096e+01 9.267305e+00 5.699285e+01
      vertex   -2.034096e+01 8.451222e+00 5.696979e+01
      vertex   -2.034096e+01 9.267305e+00 5.699285e+01
    endloop
  endfacet
  facet normal -2.394643e-17 -1.348064e-01 -9.908720e-01
    outer loop
      vertex   -1.034096e+01 9.267305e+00 5.699285e+01
      vertex   -2.034096e+01 9.267305e+00 5.699285e+01
      vertex   -1.034096e+01 1.007626e+01 5.688279e+01
    endloop
  endfacet
  facet normal -0.000000e+00 -1.348064e-01 -9.908720e-01
    outer loop
      vertex   -1.034096e+01 1.007626e+01 5.688279e+01
      vertex   -2.034096e+01 9.267305e+00 5.699285e+01
      vertex   -2.034096e+01 1.007626e+01 5.688279e+01
    endloop
  endfacet
  facet normal -0.000000e+00 -2.942605e-01 -9.557252e-01
    outer loop
      vertex   -1.034096e+01 1.007626e+01 5.688279e+01
      vertex   -2.034096e+01 1.007626e+01 5.688279e+01
      vertex   -1.034096e+01 1.085652e+01 5.664255e+01
    endloop
  endfacet
  facet normal -1.045423e-16 -2.942605e-01 -9.557252e-01
    outer loop
      vertex   -1.034096e+01 1.085652e+01 5.664255e+01
      vertex   -2.034096e+01 1.007626e+01 5.688279e+01
      vertex   -2.034096e+01 1.085652e+01 5.664255e+01
    endloop
  endfacet
  facet normal -1.584046e-16 -4.458694e-01 -8.950980e-01
    outer loop
      vertex   -1.034096e+01 1.085652e+01 5.664255e+01
      vertex   -2.034096e+01 1.085652e+01 5.664255e+01
      vertex   -1.034096e+01 1.158729e+01 5.627854e+01
    endloop
  endfacet
  facet normal -1.584046e-16 -4.458694e-01 -8.950980e-01
    outer loop
      vertex   -1.034096e+01 1.158729e+01 5.627854e+01
      vertex   -2.034096e+01 1.085652e+01 5.664255e+01
      vertex   -2.034096e+01 1.158729e+01 5.627854e+01
    endloop
  endfacet
  facet normal -2.080437e-16 -5.855910e-01 -8.106067e-01
    outer loop
      vertex   -1.034096e+01 1.158729e+01 5.627854e+01
      vertex   -2.034096e+01 1.158729e+01 5.627854e+01
      vertex   -2.034096e+01 1.224907e+01 5.580046e+01
    endloop
  endfacet
  facet normal 0.000000e+00 -5.855910e-01 -8.106067e-01
    outer loop
      vertex   -2.034096e+01 1.224907e+01 5.580046e+01
      vertex   -3.409557e-01 1.224907e+01 5.580046e+01
      vertex   -1.034096e+01 1.158729e+01 5.627854e+01
    endloop
  endfacet
  facet normal 0.000000e+00 -5.855910e-01 -8.106067e-01
    outer loop
      vertex   -1.034096e+01 1.158729e+01 5.627854e+01
      vertex   -3.409557e-01 1.224907e+01 5.580046e+01
      vertex   -3.409557e-01 1.158729e+01 5.627854e+01
    endloop
  endfacet
  facet normal 0.000000e+00 -4.458694e-01 -8.950980e-01
    outer loop
      vertex   -1.034096e+01 1.158729e+01 5.627854e+01
      vertex   -3.409557e-01 1.158729e+01 5.627854e+01
      vertex   -1.034096e+01 1.085652e+01 5.664255e+01
    endloop
  endfacet
  facet normal 0.000000e+00 -4.458694e-01 -8.950980e-01
    outer loop
      vertex   -1.034096e+01 1.085652e+01 5.664255e+01
      vertex   -3.409557e-01 1.158729e+01 5.627854e+01
      vertex   -3.409557e-01 1.085652e+01 5.664255e+01
    endloop
  endfacet
  facet normal 0.000000e+00 -2.942605e-01 -9.557252e-01
    outer loop
      vertex   -1.034096e+01 1.085652e+01 5.664255e+01
      vertex   -3.409557e-01 1.085652e+01 5.664255e+01
      vertex   -1.034096e+01 1.007626e+01 5.688279e+01
    endloop
  endfacet
  facet normal 0.000000e+00 -2.942605e-01 -9.557252e-01
    outer loop
      vertex   -1.034096e+01 1.007626e+01 5.688279e+01
      vertex   -3.409557e-01 1.085652e+01 5.664255e+01
      vertex   -3.409557e-01 1.007626e+01 5.688279e+01
    endloop
  endfacet
  facet normal 0.000000e+00 -1.348064e-01 -9.908720e-01
    outer loop
      vertex   -1.034096e+01 1.007626e+01 5.688279e+01
      vertex   -3.409557e-01 1.007626e+01 5.688279e+01
      vertex   -1.034096e+01 9.267305e+00 5.699285e+01
    endloop
  endfacet
  facet normal -2.394643e-17 -1.348064e-01 -9.908720e-01
    outer loop
      vertex   -1.034096e+01 9.267305e+00 5.699285e+01
      vertex   -3.409557e-01 1.007626e+01 5.688279e+01
      vertex   -3.409557e-01 9.267305e+00 5.699285e+01
    endloop
  endfacet
  facet normal 5.016751e-18 2.824180e-02 -9.996011e-01
    outer loop
      vertex   -1.034096e+01 9.267305e+00 5.699285e+01
      vertex   -3.409557e-01 9.267305e+00 5.699285e+01
      vertex   -1.034096e+01 8.451222e+00 5.696979e+01
    endloop
  endfacet
  facet normal 5.016751e-18 2.824180e-02 -9.996011e-01
    outer loop
      vertex   -1.034096e+01 8.451222e+00 5.696979e+01
      vertex   -3.409557e-01 9.267305e+00 5.699285e+01
      vertex   -3.409557e-01 8.451222e+00 5.696979e+01
    endloop
  endfacet
  facet normal 3.384618e-17 1.905370e-01 -9.816800e-01
    outer loop
      vertex   -1.034096e+01 8.451222e+00 5.696979e+01
      vertex   -3.409557e-01 8.451222e+00 5.696979e+01
      vertex   -1.034096e+01 7.649770e+00 5.681424e+01
    endloop
  endfacet
  facet normal 1.692309e-17 1.905370e-01 -9.816800e-01
    outer loop
      vertex   -1.034096e+01 7.649770e+00 5.681424e+01
      vertex   -3.409557e-01 8.451222e+00 5.696979e+01
      vertex   -3.409557e-01 7.649770e+00 5.681424e+01
    endloop
  endfacet
  facet normal 3.088662e-17 3.477524e-01 -9.375864e-01
    outer loop
      vertex   -1.034096e+01 7.649770e+00 5.681424e+01
      vertex   -3.409557e-01 7.649770e+00 5.681424e+01
      vertex   -1.034096e+01 6.884316e+00 5.653033e+01
    endloop
  endfacet
  facet normal -3.088662e-17 3.477524e-01 -9.375864e-01
    outer loop
      vertex   -1.034096e+01 6.884316e+00 5.653033e+01
      vertex   -3.409557e-01 7.649770e+00 5.681424e+01
      vertex   -3.409557e-01 6.884316e+00 5.653033e+01
    endloop
  endfacet
  facet normal -4.402668e-17 4.956963e-01 -8.684959e-01
    outer loop
      vertex   -1.034096e+01 6.884316e+00 5.653033e+01
      vertex   -3.409557e-01 6.884316e+00 5.653033e+01
      vertex   -1.034096e+01 6.175269e+00 5.612564e+01
    endloop
  endfacet
  facet normal 8.805336e-17 4.956963e-01 -8.684959e-01
    outer loop
      vertex   -1.034096e+01 6.175269e+00 5.612564e+01
      vertex   -3.409557e-01 6.884316e+00 5.653033e+01
      vertex   -3.409557e-01 6.175269e+00 5.612564e+01
    endloop
  endfacet
  facet normal 1.119859e-16 6.304246e-01 -7.762505e-01
    outer loop
      vertex   -1.034096e+01 6.175269e+00 5.612564e+01
      vertex   -3.409557e-01 6.175269e+00 5.612564e+01
      vertex   -1.034096e+01 5.541532e+00 5.561095e+01
    endloop
  endfacet
  facet normal 0.000000e+00 6.304246e-01 -7.762505e-01
    outer loop
      vertex   -1.034096e+01 5.541532e+00 5.561095e+01
      vertex   -3.409557e-01 6.175269e+00 5.612564e+01
      vertex   -3.409557e-01 5.541532e+00 5.561095e+01
    endloop
  endfacet
  facet normal 0.000000e+00 7.483451e-01 -6.633096e-01
    outer loop
      vertex   -1.034096e+01 5.541532e+00 5.561095e+01
      vertex   -3.409557e-01 5.541532e+00 5.561095e+01
      vertex   -3.409557e-01 5.000000e+00 5.500000e+01
    endloop
  endfacet
  facet normal -0.000000e+00 6.498148e-01 7.600926e-01
    outer loop
      vertex   -2.034096e+01 1.584083e+01 4.615167e+01
      vertex   -2.034096e+01 1.280046e+01 4.875092e+01
      vertex   -3.409557e-01 1.584083e+01 4.615167e+01
    endloop
  endfacet
  facet normal 0.000000e+00 6.498148e-01 7.600926e-01
    outer loop
      vertex   -3.409557e-01 1.584083e+01 4.615167e+01
      vertex   -2.034096e+01 1.280046e+01 4.875092e+01
      vertex   -3.409557e-01 1.280046e+01 4.875092e+01
    endloop
  endfacet
  facet normal -0.000000e+00 -4.193879e-01 -9.078071e-01
    outer loop
      vertex   -3.409557e-01 4.728708e+00 4.407813e+01
      vertex   -2.034096e+01 4.728708e+00 4.407813e+01
      vertex   -3.409557e-01 5.736688e+00 4.361246e+01
    endloop
  endfacet
  facet normal 7.449825e-17 -4.193879e-01 -9.078071e-01
    outer loop
      vertex   -3.409557e-01 5.736688e+00 4.361246e+01
      vertex   -2.034096e+01 4.728708e+00 4.407813e+01
      vertex   -2.034096e+01 5.736688e+00 4.361246e+01
    endloop
  endfacet
  facet normal 5.407438e-17 -3.044117e-01 -9.525406e-01
    outer loop
      vertex   -3.409557e-01 5.736688e+00 4.361246e+01
      vertex   -2.034096e+01 5.736688e+00 4.361246e+01
      vertex   -3.409557e-01 6.794338e+00 4.327446e+01
    endloop
  endfacet
  facet normal -2.978546e-16 -3.044117e-01 -9.525406e-01
    outer loop
      vertex   -3.409557e-01 6.794338e+00 4.327446e+01
      vertex   -2.034096e+01 5.736688e+00 4.361246e+01
      vertex   -2.034096e+01 6.794338e+00 4.327446e+01
    endloop
  endfacet
  facet normal -3.245315e-16 -1.848022e-01 -9.827757e-01
    outer loop
      vertex   -3.409557e-01 6.794338e+00 4.327446e+01
      vertex   -2.034096e+01 6.794338e+00 4.327446e+01
      vertex   -3.409557e-01 7.885559e+00 4.306926e+01
    endloop
  endfacet
  facet normal 2.462061e-17 -1.848022e-01 -9.827757e-01
    outer loop
      vertex   -3.409557e-01 7.885559e+00 4.306926e+01
      vertex   -2.034096e+01 6.794338e+00 4.327446e+01
      vertex   -2.034096e+01 7.885559e+00 4.306926e+01
    endloop
  endfacet
  facet normal 8.310681e-18 -6.237997e-02 -9.980525e-01
    outer loop
      vertex   -3.409557e-01 7.885559e+00 4.306926e+01
      vertex   -2.034096e+01 7.885559e+00 4.306926e+01
      vertex   -3.409557e-01 8.993742e+00 4.300000e+01
    endloop
  endfacet
  facet normal 1.108091e-17 -6.237997e-02 -9.980525e-01
    outer loop
      vertex   -3.409557e-01 8.993742e+00 4.300000e+01
      vertex   -2.034096e+01 7.885559e+00 4.306926e+01
      vertex   -2.034096e+01 8.993742e+00 4.300000e+01
    endloop
  endfacet
  facet normal -1.083431e-17 6.099177e-02 -9.981383e-01
    outer loop
      vertex   -3.409557e-01 8.993742e+00 4.300000e+01
      vertex   -2.034096e+01 8.993742e+00 4.300000e+01
      vertex   -3.409557e-01 1.010202e+01 4.306772e+01
    endloop
  endfacet
  facet normal -5.417157e-18 6.099177e-02 -9.981383e-01
    outer loop
      vertex   -3.409557e-01 1.010202e+01 4.306772e+01
      vertex   -2.034096e+01 8.993742e+00 4.300000e+01
      vertex   -2.034096e+01 1.010202e+01 4.306772e+01
    endloop
  endfacet
  facet normal -1.629232e-17 1.834352e-01 -9.830318e-01
    outer loop
      vertex   -3.409557e-01 1.010202e+01 4.306772e+01
      vertex   -2.034096e+01 1.010202e+01 4.306772e+01
      vertex   -3.409557e-01 1.119353e+01 4.327140e+01
    endloop
  endfacet
  facet normal -1.629232e-17 1.834352e-01 -9.830318e-01
    outer loop
      vertex   -3.409557e-01 1.119353e+01 4.327140e+01
      vertex   -2.034096e+01 1.010202e+01 4.306772e+01
      vertex   -2.034096e+01 1.119353e+01 4.327140e+01
    endloop
  endfacet
  facet normal -2.691950e-17 3.030866e-01 -9.529630e-01
    outer loop
      vertex   -3.409557e-01 1.119353e+01 4.327140e+01
      vertex   -2.034096e+01 1.119353e+01 4.327140e+01
      vertex   -3.409557e-01 1.225164e+01 4.360793e+01
    endloop
  endfacet
  facet normal -2.691950e-17 3.030866e-01 -9.529630e-01
    outer loop
      vertex   -3.409557e-01 1.225164e+01 4.360793e+01
      vertex   -2.034096e+01 1.119353e+01 4.327140e+01
      vertex   -2.034096e+01 1.225164e+01 4.360793e+01
    endloop
  endfacet
  facet normal -3.713695e-17 4.181248e-01 -9.083896e-01
    outer loop
      vertex   -3.409557e-01 1.225164e+01 4.360793e+01
      vertex   -2.034096e+01 1.225164e+01 4.360793e+01
      vertex   -3.409557e-01 1.326027e+01 4.407219e+01
    endloop
  endfacet
  facet normal -3.713695e-17 4.181248e-01 -9.083896e-01
    outer loop
      vertex   -3.409557e-01 1.326027e+01 4.407219e+01
      vertex   -2.034096e+01 1.225164e+01 4.360793e+01
      vertex   -2.034096e+01 1.326027e+01 4.407219e+01
    endloop
  endfacet
  facet normal -4.678915e-17 5.267990e-01 -8.499899e-01
    outer loop
      vertex   -3.409557e-01 1.326027e+01 4.407219e+01
      vertex   -2.034096e+01 1.326027e+01 4.407219e+01
      vertex   -3.409557e-01 1.420405e+01 4.465712e+01
    endloop
  endfacet
  facet normal 0.000000e+00 5.267990e-01 -8.499899e-01
    outer loop
      vertex   -3.409557e-01 1.420405e+01 4.465712e+01
      vertex   -2.034096e+01 1.326027e+01 4.407219e+01
      vertex   -2.034096e+01 1.420405e+01 4.465712e+01
    endloop
  endfacet
  facet normal 0.000000e+00 6.274549e-01 -7.786529e-01
    outer loop
      vertex   -3.409557e-01 1.420405e+01 4.465712e+01
      vertex   -2.034096e+01 1.420405e+01 4.465712e+01
      vertex   -3.409557e-01 1.506863e+01 4.535381e+01
    endloop
  endfacet
  facet normal -1.114584e-16 6.274549e-01 -7.786529e-01
    outer loop
      vertex   -3.409557e-01 1.506863e+01 4.535381e+01
      vertex   -2.034096e+01 1.420405e+01 4.465712e+01
      vertex   -2.034096e+01 1.506863e+01 4.535381e+01
    endloop
  endfacet
  facet normal -1.276420e-16 7.185607e-01 -6.954643e-01
    outer loop
      vertex   -3.409557e-01 1.506863e+01 4.535381e+01
      vertex   -2.034096e+01 1.506863e+01 4.535381e+01
      vertex   -3.409557e-01 1.584083e+01 4.615167e+01
    endloop
  endfacet
  facet normal 0.000000e+00 7.185607e-01 -6.954643e-01
    outer loop
      vertex   -3.409557e-01 1.584083e+01 4.615167e+01
      vertex   -2.034096e+01 1.506863e+01 4.535381e+01
      vertex   -2.034096e+01 1.584083e+01 4.615167e+01
    endloop
  endfacet
  facet normal -1.000000e+00 0.000000e+00 -0.000000e+00
    outer loop
      vertex   -2.034096e+01 5.966696e+00 6.047343e+01
      vertex   -2.034096e+01 8.451222e+00 5.696979e+01
      vertex   -2.034096e+01 5.000000e+00 6.006226e+01
    endloop
  endfacet
  facet normal -1.000000e+00 0.000000e+00 0.000000e+00
    outer loop
      vertex   -2.034096e+01 5.000000e+00 6.006226e+01
      vertex   -2.034096e+01 8.451222e+00 5.696979e+01
      vertex   -2.034096e+01 7.649770e+00 5.681424e+01
    endloop
  endfacet
  facet normal -1.000000e+00 0.000000e+00 0.000000e+00
    outer loop
      vertex   -2.034096e+01 5.000000e+00 6.006226e+01
      vertex   -2.034096e+01 7.649770e+00 5.681424e+01
      vertex   -2.034096e+01 6.884316e+00 5.653033e+01
    endloop
  endfacet
  facet normal -1.000000e+00 0.000000e+00 0.000000e+00
    outer loop
      vertex   -2.034096e+01 5.966696e+00 6.047343e+01
      vertex   -2.034096e+01 6.974719e+00 6.076916e+01
      vertex   -2.034096e+01 8.451222e+00 5.696979e+01
    endloop
  endfacet
  facet normal -1.000000e+00 0.000000e+00 0.000000e+00
    outer loop
      vertex   -2.034096e+01 8.451222e+00 5.696979e+01
      vertex   -2.034096e+01 6.974719e+00 6.076916e+01
      vertex   -2.034096e+01 8.010336e+00 6.094542e+01
    endloop
  endfacet
  facet normal -1.000000e+00 0.000000e+00 0.000000e+00
    outer loop
      vertex   -2.034096e+01 8.451222e+00 5.696979e+01
      vertex   -2.034096e+01 8.010336e+00 6.094542e+01
      vertex   -2.034096e+01 9.267305e+00 5.699285e+01
    endloop
  endfacet
  facet normal -1.000000e+00 0.000000e+00 0.000000e+00
    outer loop
      vertex   -2.034096e+01 9.267305e+00 5.699285e+01
      vertex   -2.034096e+01 8.010336e+00 6.094542e+01
      vertex   -2.034096e+01 9.059435e+00 6.099980e+01
    endloop
  endfacet
  facet normal -1.000000e+00 0.000000e+00 0.000000e+00
    outer loop
      vertex   -2.034096e+01 9.267305e+00 5.699285e+01
      vertex   -2.034096e+01 9.059435e+00 6.099980e+01
      vertex   -2.034096e+01 1.010772e+01 6.093157e+01
    endloop
  endfacet
  facet normal -1.000000e+00 0.000000e+00 -0.000000e+00
    outer loop
      vertex   -2.034096e+01 1.010772e+01 6.093157e+01
      vertex   -2.034096e+01 1.114092e+01 6.074165e+01
      vertex   -2.034096e+01 9.267305e+00 5.699285e+01
    endloop
  endfacet
  facet normal -1.000000e+00 0.000000e+00 0.000000e+00
    outer loop
      vertex   -2.034096e+01 9.267305e+00 5.699285e+01
      vertex   -2.034096e+01 1.114092e+01 6.074165e+01
      vertex   -2.034096e+01 1.214495e+01 6.043263e+01
    endloop
  endfacet
  facet normal -1.000000e+00 0.000000e+00 0.000000e+00
    outer loop
      vertex   -2.034096e+01 9.267305e+00 5.699285e+01
      vertex   -2.034096e+01 1.214495e+01 6.043263e+01
      vertex   -2.034096e+01 1.007626e+01 5.688279e+01
    endloop
  endfacet
  facet normal -1.000000e+00 0.000000e+00 0.000000e+00
    outer loop
      vertex   -2.034096e+01 1.007626e+01 5.688279e+01
      vertex   -2.034096e+01 1.214495e+01 6.043263e+01
      vertex   -2.034096e+01 1.310613e+01 6.000872e+01
    endloop
  endfacet
  facet normal -1.000000e+00 0.000000e+00 0.000000e+00
    outer loop
      vertex   -2.034096e+01 1.007626e+01 5.688279e+01
      vertex   -2.034096e+01 1.310613e+01 6.000872e+01
      vertex   -2.034096e+01 1.401137e+01 5.947570e+01
    endloop
  endfacet
  facet normal -1.000000e+00 0.000000e+00 0.000000e+00
    outer loop
      vertex   -2.034096e+01 1.007626e+01 5.688279e+01
      vertex   -2.034096e+01 1.401137e+01 5.947570e+01
      vertex   -2.034096e+01 1.085652e+01 5.664255e+01
    endloop
  endfacet
  facet normal -1.000000e+00 0.000000e+00 0.000000e+00
    outer loop
      vertex   -2.034096e+01 1.085652e+01 5.664255e+01
      vertex   -2.034096e+01 1.401137e+01 5.947570e+01
      vertex   -2.034096e+01 1.484833e+01 5.884083e+01
    endloop
  endfacet
  facet normal -1.000000e+00 0.000000e+00 0.000000e+00
    outer loop
      vertex   -2.034096e+01 1.085652e+01 5.664255e+01
      vertex   -2.034096e+01 1.484833e+01 5.884083e+01
      vertex   -2.034096e+01 1.158729e+01 5.627854e+01
    endloop
  endfacet
  facet normal -1.000000e+00 0.000000e+00 0.000000e+00
    outer loop
      vertex   -2.034096e+01 1.158729e+01 5.627854e+01
      vertex   -2.034096e+01 1.484833e+01 5.884083e+01
      vertex   -2.034096e+01 1.224907e+01 5.580046e+01
    endloop
  endfacet
  facet normal -1.000000e+00 -0.000000e+00 0.000000e+00
    outer loop
      vertex   -2.034096e+01 6.884316e+00 5.653033e+01
      vertex   -2.034096e+01 6.175269e+00 5.612564e+01
      vertex   -2.034096e+01 5.000000e+00 6.006226e+01
    endloop
  endfacet
  facet normal -1.000000e+00 0.000000e+00 0.000000e+00
    outer loop
      vertex   -2.034096e+01 5.000000e+00 6.006226e+01
      vertex   -2.034096e+01 6.175269e+00 5.612564e+01
      vertex   -2.034096e+01 5.541532e+00 5.561095e+01
    endloop
  endfacet
  facet normal -1.000000e+00 0.000000e+00 0.000000e+00
    outer loop
      vertex   -2.034096e+01 5.000000e+00 6.006226e+01
      vertex   -2.034096e+01 5.541532e+00 5.561095e+01
      vertex   -2.034096e+01 5.000000e+00 5.500000e+01
    endloop
  endfacet
  facet normal -1.000000e+00 0.000000e+00 -0.000000e+00
    outer loop
      vertex   -2.034096e+01 1.280046e+01 4.875092e+01
      vertex   -2.034096e+01 1.584083e+01 4.615167e+01
      vertex   -2.034096e+01 1.222361e+01 4.817791e+01
    endloop
  endfacet
  facet normal -1.000000e+00 0.000000e+00 -0.000000e+00
    outer loop
      vertex   -2.034096e+01 1.222361e+01 4.817791e+01
      vertex   -2.034096e+01 1.584083e+01 4.615167e+01
      vertex   -2.034096e+01 1.156152e+01 4.770598e+01
    endloop
  endfacet
  facet normal -1.000000e+00 0.000000e+00 0.000000e+00
    outer loop
      vertex   -2.034096e+01 1.156152e+01 4.770598e+01
      vertex   -2.034096e+01 1.584083e+01 4.615167e+01
      vertex   -2.034096e+01 1.506863e+01 4.535381e+01
    endloop
  endfacet
  facet normal -1.000000e+00 0.000000e+00 -0.000000e+00
    outer loop
      vertex   -2.034096e+01 1.156152e+01 4.770598e+01
      vertex   -2.034096e+01 1.506863e+01 4.535381e+01
      vertex   -2.034096e+01 1.083168e+01 4.734759e+01
    endloop
  endfacet
  facet normal -1.000000e+00 0.000000e+00 0.000000e+00
    outer loop
      vertex   -2.034096e+01 1.083168e+01 4.734759e+01
      vertex   -2.034096e+01 1.506863e+01 4.535381e+01
      vertex   -2.034096e+01 1.420405e+01 4.465712e+01
    endloop
  endfacet
  facet normal -1.000000e+00 0.000000e+00 -0.000000e+00
    outer loop
      vertex   -2.034096e+01 1.083168e+01 4.734759e+01
      vertex   -2.034096e+01 1.420405e+01 4.465712e+01
      vertex   -2.034096e+01 1.005341e+01 4.711223e+01
    endloop
  endfacet
  facet normal -1.000000e+00 0.000000e+00 0.000000e+00
    outer loop
      vertex   -2.034096e+01 1.005341e+01 4.711223e+01
      vertex   -2.034096e+01 1.420405e+01 4.465712e+01
      vertex   -2.034096e+01 1.326027e+01 4.407219e+01
    endloop
  endfacet
  facet normal -1.000000e+00 0.000000e+00 0.000000e+00
    outer loop
      vertex   -2.034096e+01 1.005341e+01 4.711223e+01
      vertex   -2.034096e+01 1.326027e+01 4.407219e+01
      vertex   -2.034096e+01 1.225164e+01 4.360793e+01
    endloop
  endfacet
  facet normal -1.000000e+00 0.000000e+00 -0.000000e+00
    outer loop
      vertex   -2.034096e+01 1.005341e+01 4.711223e+01
      vertex   -2.034096e+01 1.225164e+01 4.360793e+01
      vertex   -2.034096e+01 9.247289e+00 4.700612e+01
    endloop
  endfacet
  facet normal -1.000000e+00 0.000000e+00 0.000000e+00
    outer loop
      vertex   -2.034096e+01 9.247289e+00 4.700612e+01
      vertex   -2.034096e+01 1.225164e+01 4.360793e+01
      vertex   -2.034096e+01 1.119353e+01 4.327140e+01
    endloop
  endfacet
  facet normal -1.000000e+00 0.000000e+00 0.000000e+00
    outer loop
      vertex   -2.034096e+01 9.247289e+00 4.700612e+01
      vertex   -2.034096e+01 1.119353e+01 4.327140e+01
      vertex   -2.034096e+01 1.010202e+01 4.306772e+01
    endloop
  endfacet
  facet normal -1.000000e+00 -0.000000e+00 0.000000e+00
    outer loop
      vertex   -2.034096e+01 1.010202e+01 4.306772e+01
      vertex   -2.034096e+01 8.993742e+00 4.300000e+01
      vertex   -2.034096e+01 9.247289e+00 4.700612e+01
    endloop
  endfacet
  facet normal -1.000000e+00 0.000000e+00 0.000000e+00
    outer loop
      vertex   -2.034096e+01 9.247289e+00 4.700612e+01
      vertex   -2.034096e+01 8.993742e+00 4.300000e+01
      vertex   -2.034096e+01 7.885559e+00 4.306926e+01
    endloop
  endfacet
  facet normal -1.000000e+00 0.000000e+00 0.000000e+00
    outer loop
      vertex   -2.034096e+01 9.247289e+00 4.700612e+01
      vertex   -2.034096e+01 7.885559e+00 4.306926e+01
      vertex   -2.034096e+01 4.969611e+00 4.515230e+01
    endloop
  endfacet
  facet normal -1.000000e+00 0.000000e+00 0.000000e+00
    outer loop
      vertex   -2.034096e+01 4.969611e+00 4.515230e+01
      vertex   -2.034096e+01 7.885559e+00 4.306926e+01
      vertex   -2.034096e+01 6.794338e+00 4.327446e+01
    endloop
  endfacet
  facet normal -1.000000e+00 0.000000e+00 -0.000000e+00
    outer loop
      vertex   -2.034096e+01 4.969611e+00 4.515230e+01
      vertex   -2.034096e+01 6.794338e+00 4.327446e+01
      vertex   -2.034096e+01 4.878812e+00 4.460856e+01
    endloop
  endfacet
  facet normal -1.000000e+00 0.000000e+00 0.000000e+00
    outer loop
      vertex   -2.034096e+01 4.878812e+00 4.460856e+01
      vertex   -2.034096e+01 6.794338e+00 4.327446e+01
      vertex   -2.034096e+01 5.736688e+00 4.361246e+01
    endloop
  endfacet
  facet normal -1.000000e+00 0.000000e+00 -0.000000e+00
    outer loop
      vertex   -2.034096e+01 4.878812e+00 4.460856e+01
      vertex   -2.034096e+01 5.736688e+00 4.361246e+01
      vertex   -2.034096e+01 4.728708e+00 4.407813e+01
    endloop
  endfacet
  facet normal -1.000000e+00 -0.000000e+00 0.000000e+00
    outer loop
      vertex   -2.034096e+01 9.247289e+00 4.700612e+01
      vertex   -2.034096e+01 4.969611e+00 4.515230e+01
      vertex   -2.034096e+01 8.434624e+00 4.703207e+01
    endloop
  endfacet
  facet normal -1.000000e+00 0.000000e+00 0.000000e+00
    outer loop
      vertex   -2.034096e+01 8.434624e+00 4.703207e+01
      vertex   -2.034096e+01 4.969611e+00 4.515230e+01
      vertex   -2.034096e+01 5.000000e+00 4.570272e+01
    endloop
  endfacet
  facet normal -1.000000e+00 -0.000000e+00 0.000000e+00
    outer loop
      vertex   -2.034096e+01 8.434624e+00 4.703207e+01
      vertex   -2.034096e+01 5.000000e+00 4.570272e+01
      vertex   -2.034096e+01 7.636910e+00 4.718939e+01
    endloop
  endfacet
  facet normal -1.000000e+00 -0.000000e+00 0.000000e+00
    outer loop
      vertex   -2.034096e+01 7.636910e+00 4.718939e+01
      vertex   -2.034096e+01 5.000000e+00 4.570272e+01
      vertex   -2.034096e+01 6.875241e+00 4.747392e+01
    endloop
  endfacet
  facet normal -1.000000e+00 -0.000000e+00 0.000000e+00
    outer loop
      vertex   -2.034096e+01 6.875241e+00 4.747392e+01
      vertex   -2.034096e+01 5.000000e+00 4.570272e+01
      vertex   -2.034096e+01 6.169759e+00 4.787814e+01
    endloop
  endfacet
  facet normal -1.000000e+00 -0.000000e+00 0.000000e+00
    outer loop
      vertex   -2.034096e+01 6.169759e+00 4.787814e+01
      vertex   -2.034096e+01 5.000000e+00 4.570272e+01
      vertex   -2.034096e+01 5.539120e+00 4.839136e+01
    endloop
  endfacet
  facet normal -1.000000e+00 -0.000000e+00 0.000000e+00
    outer loop
      vertex   -2.034096e+01 5.539120e+00 4.839136e+01
      vertex   -2.034096e+01 5.000000e+00 4.570272e+01
      vertex   -2.034096e+01 5.000000e+00 4.900000e+01
    endloop
  endfacet
  facet normal -1.000000e+00 -1.687872e-14 2.298520e-30
    outer loop
      vertex   -6.184096e+01 3.909157e+00 4.258528e+01
      vertex   -6.184096e+01 3.909157e+00 7.519608e+01
      vertex   -6.184096e+01 4.330127e+00 4.320272e+01
    endloop
  endfacet
  facet normal -1.000000e+00 9.320572e-15 3.447312e-16
    outer loop
      vertex   -6.184096e+01 4.330127e+00 4.320272e+01
      vertex   -6.184096e+01 3.909157e+00 7.519608e+01
      vertex   -6.184096e+01 5.000000e+00 4.570272e+01
    endloop
  endfacet
  facet normal -1.000000e+00 4.116891e-14 -8.189006e-15
    outer loop
      vertex   -6.184096e+01 4.330127e+00 4.320272e+01
      vertex   -6.184096e+01 5.000000e+00 4.570272e+01
      vertex   -6.184096e+01 4.619398e+00 4.378931e+01
    endloop
  endfacet
  facet normal -1.000000e+00 0.000000e+00 0.000000e+00
    outer loop
      vertex   -6.184096e+01 4.619398e+00 4.378931e+01
      vertex   -6.184096e+01 5.000000e+00 4.570272e+01
      vertex   -6.184096e+01 4.829629e+00 4.440863e+01
    endloop
  endfacet
  facet normal -1.000000e+00 0.000000e+00 0.000000e+00
    outer loop
      vertex   -6.184096e+01 4.829629e+00 4.440863e+01
      vertex   -6.184096e+01 5.000000e+00 4.570272e+01
      vertex   -6.184096e+01 4.957224e+00 4.505009e+01
    endloop
  endfacet
  facet normal -1.000000e+00 -0.000000e+00 0.000000e+00
    outer loop
      vertex   -6.184096e+01 3.909157e+00 7.519608e+01
      vertex   -6.184096e+01 3.909157e+00 4.258528e+01
      vertex   -6.184096e+01 3.400864e+00 7.574389e+01
    endloop
  endfacet
  facet normal -1.000000e+00 0.000000e+00 -0.000000e+00
    outer loop
      vertex   -6.184096e+01 3.400864e+00 7.574389e+01
      vertex   -6.184096e+01 3.909157e+00 4.258528e+01
      vertex   -6.184096e+01 3.400864e+00 4.203747e+01
    endloop
  endfacet
  facet normal -1.000000e+00 -0.000000e+00 0.000000e+00
    outer loop
      vertex   -6.184096e+01 3.400864e+00 7.574389e+01
      vertex   -6.184096e+01 3.400864e+00 4.203747e+01
      vertex   -6.184096e+01 2.816600e+00 7.620982e+01
    endloop
  endfacet
  facet normal -1.000000e+00 0.000000e+00 -0.000000e+00
    outer loop
      vertex   -6.184096e+01 2.816600e+00 7.620982e+01
      vertex   -6.184096e+01 3.400864e+00 4.203747e+01
      vertex   -6.184096e+01 2.816600e+00 4.157153e+01
    endloop
  endfacet
  facet normal -1.000000e+00 -0.000000e+00 0.000000e+00
    outer loop
      vertex   -6.184096e+01 2.816600e+00 7.620982e+01
      vertex   -6.184096e+01 2.816600e+00 4.157153e+01
      vertex   -6.184096e+01 2.169419e+00 7.658347e+01
    endloop
  endfacet
  facet normal -1.000000e+00 0.000000e+00 -0.000000e+00
    outer loop
      vertex   -6.184096e+01 2.169419e+00 7.658347e+01
      vertex   -6.184096e+01 2.816600e+00 4.157153e+01
      vertex   -6.184096e+01 2.169419e+00 4.119788e+01
    endloop
  endfacet
  facet normal -1.000000e+00 -0.000000e+00 0.000000e+00
    outer loop
      vertex   -6.184096e+01 2.169419e+00 7.658347e+01
      vertex   -6.184096e+01 2.169419e+00 4.119788e+01
      vertex   -6.184096e+01 1.473776e+00 7.685649e+01
    endloop
  endfacet
  facet normal -1.000000e+00 0.000000e+00 -0.000000e+00
    outer loop
      vertex   -6.184096e+01 1.473776e+00 7.685649e+01
      vertex   -6.184096e+01 2.169419e+00 4.119788e+01
      vertex   -6.184096e+01 1.473776e+00 4.092486e+01
    endloop
  endfacet
  facet normal -1.000000e+00 -0.000000e+00 0.000000e+00
    outer loop
      vertex   -6.184096e+01 1.473776e+00 7.685649e+01
      vertex   -6.184096e+01 1.473776e+00 4.092486e+01
      vertex   -6.184096e+01 7.452113e-01 7.702278e+01
    endloop
  endfacet
  facet normal -1.000000e+00 0.000000e+00 -0.000000e+00
    outer loop
      vertex   -6.184096e+01 7.452113e-01 7.702278e+01
      vertex   -6.184096e+01 1.473776e+00 4.092486e+01
      vertex   -6.184096e+01 7.452113e-01 4.075857e+01
    endloop
  endfacet
  facet normal -1.000000e+00 -0.000000e+00 0.000000e+00
    outer loop
      vertex   -6.184096e+01 7.452113e-01 7.702278e+01
      vertex   -6.184096e+01 7.452113e-01 4.075857e+01
      vertex   -6.184096e+01 0.000000e+00 7.707863e+01
    endloop
  endfacet
  facet normal -1.000000e+00 0.000000e+00 0.000000e+00
    outer loop
      vertex   -6.184096e+01 0.000000e+00 7.707863e+01
      vertex   -6.184096e+01 7.452113e-01 4.075857e+01
      vertex   -6.184096e+01 0.000000e+00 4.070272e+01
    endloop
  endfacet
  facet normal -1.000000e+00 -1.784689e-14 -6.600859e-16
    outer loop
      vertex   -6.184096e+01 3.909157e+00 7.519608e+01
      vertex   -6.184096e+01 4.330127e+00 7.457863e+01
      vertex   -6.184096e+01 5.000000e+00 4.570272e+01
    endloop
  endfacet
  facet normal -1.000000e+00 1.060713e-14 0.000000e+00
    outer loop
      vertex   -6.184096e+01 5.000000e+00 4.570272e+01
      vertex   -6.184096e+01 4.330127e+00 7.457863e+01
      vertex   -6.184096e+01 5.000000e+00 7.207863e+01
    endloop
  endfacet
  facet normal -1.000000e+00 4.116891e-14 8.189006e-15
    outer loop
      vertex   -6.184096e+01 5.000000e+00 7.207863e+01
      vertex   -6.184096e+01 4.330127e+00 7.457863e+01
      vertex   -6.184096e+01 4.619398e+00 7.399204e+01
    endloop
  endfacet
  facet normal -1.000000e+00 0.000000e+00 0.000000e+00
    outer loop
      vertex   -6.184096e+01 5.000000e+00 7.207863e+01
      vertex   -6.184096e+01 4.619398e+00 7.399204e+01
      vertex   -6.184096e+01 4.829629e+00 7.337272e+01
    endloop
  endfacet
  facet normal -1.000000e+00 0.000000e+00 0.000000e+00
    outer loop
      vertex   -6.184096e+01 4.829629e+00 7.337272e+01
      vertex   -6.184096e+01 4.957224e+00 7.273126e+01
      vertex   -6.184096e+01 5.000000e+00 7.207863e+01
    endloop
  endfacet
endsolid
